source_csv,source_csv_row,family,group_id,part,decision_label,relation,candidate_source
pairs_arith_v2.csv,27,arithmetic,gsm8k_test_0003,cal,remove,C0_exact,gsm8k_copy
pairs_arith_v2.csv,28,arithmetic,gsm8k_test_0003,cal,remove,C1_transformed,lmsys_rephrase
pairs_arith_v2.csv,29,arithmetic,gsm8k_test_0003,cal,remove,C2_answer_bearing,gsm8k_solution_frag
pairs_arith_v2.csv,30,arithmetic,gsm8k_test_0003,cal,retain,H2_same_template,gsmplus_numerical_substitution
pairs_arith_v2.csv,31,arithmetic,gsm8k_test_0003,cal,remove,C1_transformed,gsmplus_problem_understanding
pairs_arith_v2.csv,32,arithmetic,gsm8k_test_0003,cal,retain,H2_same_template,gsmplus_critical_thinking
pairs_arith_v2.csv,33,arithmetic,gsm8k_test_0003,cal,retain,H1_same_topic,svamp
pairs_arith_v2.csv,34,arithmetic,gsm8k_test_0003,cal,retain,H3_predating,asdiv
pairs_arith_v2.csv,35,arithmetic,gsm8k_test_0003,cal,retain,R_random,truthfulqa
pairs_arith_v2.csv,36,arithmetic,gsm8k_test_0004,cal,remove,C0_exact,gsm8k_copy
pairs_arith_v2.csv,37,arithmetic,gsm8k_test_0004,cal,remove,C1_transformed,lmsys_rephrase
pairs_arith_v2.csv,38,arithmetic,gsm8k_test_0004,cal,remove,C2_answer_bearing,gsm8k_solution_frag
pairs_arith_v2.csv,39,arithmetic,gsm8k_test_0004,cal,retain,H2_same_template,gsmplus_numerical_substitution
pairs_arith_v2.csv,40,arithmetic,gsm8k_test_0004,cal,remove,C1_transformed,gsmplus_problem_understanding
pairs_arith_v2.csv,41,arithmetic,gsm8k_test_0004,cal,retain,H2_same_template,gsmplus_critical_thinking
pairs_arith_v2.csv,42,arithmetic,gsm8k_test_0004,cal,retain,H1_same_topic,svamp
pairs_arith_v2.csv,43,arithmetic,gsm8k_test_0004,cal,retain,H3_predating,asdiv
pairs_arith_v2.csv,44,arithmetic,gsm8k_test_0004,cal,retain,R_random,truthfulqa
pairs_arith_v2.csv,81,arithmetic,gsm8k_test_0009,cal,remove,C0_exact,gsm8k_copy
pairs_arith_v2.csv,82,arithmetic,gsm8k_test_0009,cal,remove,C1_transformed,lmsys_rephrase
pairs_arith_v2.csv,83,arithmetic,gsm8k_test_0009,cal,remove,C2_answer_bearing,gsm8k_solution_frag
pairs_arith_v2.csv,84,arithmetic,gsm8k_test_0009,cal,retain,H2_same_template,gsmplus_numerical_substitution
pairs_arith_v2.csv,85,arithmetic,gsm8k_test_0009,cal,remove,C1_transformed,gsmplus_problem_understanding
pairs_arith_v2.csv,86,arithmetic,gsm8k_test_0009,cal,retain,H2_same_template,gsmplus_critical_thinking
pairs_arith_v2.csv,87,arithmetic,gsm8k_test_0009,cal,retain,H1_same_topic,svamp
pairs_arith_v2.csv,88,arithmetic,gsm8k_test_0009,cal,retain,H3_predating,asdiv
pairs_arith_v2.csv,89,arithmetic,gsm8k_test_0009,cal,retain,R_random,truthfulqa
pairs_arith_v2.csv,90,arithmetic,gsm8k_test_0010,cal,remove,C0_exact,gsm8k_copy
pairs_arith_v2.csv,91,arithmetic,gsm8k_test_0010,cal,remove,C1_transformed,lmsys_rephrase
pairs_arith_v2.csv,92,arithmetic,gsm8k_test_0010,cal,remove,C2_answer_bearing,gsm8k_solution_frag
pairs_arith_v2.csv,93,arithmetic,gsm8k_test_0010,cal,retain,H2_same_template,gsmplus_numerical_substitution
pairs_arith_v2.csv,94,arithmetic,gsm8k_test_0010,cal,remove,C1_transformed,gsmplus_problem_understanding
pairs_arith_v2.csv,95,arithmetic,gsm8k_test_0010,cal,retain,H2_same_template,gsmplus_critical_thinking
pairs_arith_v2.csv,96,arithmetic,gsm8k_test_0010,cal,retain,H1_same_topic,svamp
pairs_arith_v2.csv,97,arithmetic,gsm8k_test_0010,cal,retain,H3_predating,asdiv
pairs_arith_v2.csv,98,arithmetic,gsm8k_test_0010,cal,retain,R_random,truthfulqa
pairs_arith_v2.csv,108,arithmetic,gsm8k_test_0012,cal,remove,C0_exact,gsm8k_copy
pairs_arith_v2.csv,109,arithmetic,gsm8k_test_0012,cal,remove,C1_transformed,lmsys_rephrase
pairs_arith_v2.csv,110,arithmetic,gsm8k_test_0012,cal,remove,C2_answer_bearing,gsm8k_solution_frag
pairs_arith_v2.csv,111,arithmetic,gsm8k_test_0012,cal,retain,H2_same_template,gsmplus_numerical_substitution
pairs_arith_v2.csv,112,arithmetic,gsm8k_test_0012,cal,remove,C1_transformed,gsmplus_problem_understanding
pairs_arith_v2.csv,113,arithmetic,gsm8k_test_0012,cal,retain,H2_same_template,gsmplus_critical_thinking
pairs_arith_v2.csv,114,arithmetic,gsm8k_test_0012,cal,retain,H1_same_topic,svamp
pairs_arith_v2.csv,115,arithmetic,gsm8k_test_0012,cal,retain,H3_predating,asdiv
pairs_arith_v2.csv,116,arithmetic,gsm8k_test_0012,cal,retain,R_random,truthfulqa
pairs_arith_v2.csv,125,arithmetic,gsm8k_test_0014,cal,remove,C0_exact,gsm8k_copy
pairs_arith_v2.csv,126,arithmetic,gsm8k_test_0014,cal,remove,C1_transformed,lmsys_rephrase
pairs_arith_v2.csv,127,arithmetic,gsm8k_test_0014,cal,remove,C2_answer_bearing,gsm8k_solution_frag
pairs_arith_v2.csv,128,arithmetic,gsm8k_test_0014,cal,retain,H2_same_template,gsmplus_numerical_substitution
pairs_arith_v2.csv,129,arithmetic,gsm8k_test_0014,cal,remove,C1_transformed,gsmplus_problem_understanding
pairs_arith_v2.csv,130,arithmetic,gsm8k_test_0014,cal,retain,H2_same_template,gsmplus_critical_thinking
pairs_arith_v2.csv,131,arithmetic,gsm8k_test_0014,cal,retain,H1_same_topic,svamp
pairs_arith_v2.csv,132,arithmetic,gsm8k_test_0014,cal,retain,H3_predating,asdiv
pairs_arith_v2.csv,133,arithmetic,gsm8k_test_0014,cal,retain,R_random,truthfulqa
pairs_arith_v2.csv,143,arithmetic,gsm8k_test_0016,cal,remove,C0_exact,gsm8k_copy
pairs_arith_v2.csv,144,arithmetic,gsm8k_test_0016,cal,remove,C1_transformed,lmsys_rephrase
pairs_arith_v2.csv,145,arithmetic,gsm8k_test_0016,cal,remove,C2_answer_bearing,gsm8k_solution_frag
pairs_arith_v2.csv,146,arithmetic,gsm8k_test_0016,cal,retain,H2_same_template,gsmplus_numerical_substitution
pairs_arith_v2.csv,147,arithmetic,gsm8k_test_0016,cal,remove,C1_transformed,gsmplus_problem_understanding
pairs_arith_v2.csv,148,arithmetic,gsm8k_test_0016,cal,retain,H2_same_template,gsmplus_critical_thinking
pairs_arith_v2.csv,149,arithmetic,gsm8k_test_0016,cal,retain,H1_same_topic,svamp
pairs_arith_v2.csv,150,arithmetic,gsm8k_test_0016,cal,retain,H3_predating,asdiv
pairs_arith_v2.csv,151,arithmetic,gsm8k_test_0016,cal,retain,R_random,truthfulqa
pairs_arith_v2.csv,170,arithmetic,gsm8k_test_0019,cal,remove,C0_exact,gsm8k_copy
pairs_arith_v2.csv,171,arithmetic,gsm8k_test_0019,cal,remove,C1_transformed,lmsys_rephrase
pairs_arith_v2.csv,172,arithmetic,gsm8k_test_0019,cal,remove,C2_answer_bearing,gsm8k_solution_frag
pairs_arith_v2.csv,173,arithmetic,gsm8k_test_0019,cal,retain,H2_same_template,gsmplus_numerical_substitution
pairs_arith_v2.csv,174,arithmetic,gsm8k_test_0019,cal,remove,C1_transformed,gsmplus_problem_understanding
pairs_arith_v2.csv,175,arithmetic,gsm8k_test_0019,cal,retain,H2_same_template,gsmplus_critical_thinking
pairs_arith_v2.csv,176,arithmetic,gsm8k_test_0019,cal,retain,H1_same_topic,svamp
pairs_arith_v2.csv,177,arithmetic,gsm8k_test_0019,cal,retain,H3_predating,asdiv
pairs_arith_v2.csv,178,arithmetic,gsm8k_test_0019,cal,retain,R_random,truthfulqa
pairs_arith_v2.csv,188,arithmetic,gsm8k_test_0021,cal,remove,C0_exact,gsm8k_copy
pairs_arith_v2.csv,189,arithmetic,gsm8k_test_0021,cal,remove,C1_transformed,lmsys_rephrase
pairs_arith_v2.csv,190,arithmetic,gsm8k_test_0021,cal,remove,C2_answer_bearing,gsm8k_solution_frag
pairs_arith_v2.csv,191,arithmetic,gsm8k_test_0021,cal,retain,H2_same_template,gsmplus_numerical_substitution
pairs_arith_v2.csv,192,arithmetic,gsm8k_test_0021,cal,remove,C1_transformed,gsmplus_problem_understanding
pairs_arith_v2.csv,193,arithmetic,gsm8k_test_0021,cal,retain,H2_same_template,gsmplus_critical_thinking
pairs_arith_v2.csv,194,arithmetic,gsm8k_test_0021,cal,retain,H1_same_topic,svamp
pairs_arith_v2.csv,195,arithmetic,gsm8k_test_0021,cal,retain,H3_predating,asdiv
pairs_arith_v2.csv,196,arithmetic,gsm8k_test_0021,cal,retain,R_random,truthfulqa
pairs_arith_v2.csv,197,arithmetic,gsm8k_test_0022,cal,remove,C0_exact,gsm8k_copy
pairs_arith_v2.csv,198,arithmetic,gsm8k_test_0022,cal,remove,C1_transformed,lmsys_rephrase
pairs_arith_v2.csv,199,arithmetic,gsm8k_test_0022,cal,remove,C2_answer_bearing,gsm8k_solution_frag
pairs_arith_v2.csv,200,arithmetic,gsm8k_test_0022,cal,retain,H2_same_template,gsmplus_numerical_substitution
pairs_arith_v2.csv,201,arithmetic,gsm8k_test_0022,cal,remove,C1_transformed,gsmplus_problem_understanding
pairs_arith_v2.csv,202,arithmetic,gsm8k_test_0022,cal,retain,H2_same_template,gsmplus_critical_thinking
pairs_arith_v2.csv,203,arithmetic,gsm8k_test_0022,cal,retain,H1_same_topic,svamp
pairs_arith_v2.csv,204,arithmetic,gsm8k_test_0022,cal,retain,H3_predating,asdiv
pairs_arith_v2.csv,205,arithmetic,gsm8k_test_0022,cal,retain,R_random,truthfulqa
pairs_arith_v2.csv,206,arithmetic,gsm8k_test_0023,cal,remove,C0_exact,gsm8k_copy
pairs_arith_v2.csv,207,arithmetic,gsm8k_test_0023,cal,remove,C1_transformed,lmsys_rephrase
pairs_arith_v2.csv,208,arithmetic,gsm8k_test_0023,cal,remove,C2_answer_bearing,gsm8k_solution_frag
pairs_arith_v2.csv,209,arithmetic,gsm8k_test_0023,cal,retain,H2_same_template,gsmplus_numerical_substitution
pairs_arith_v2.csv,210,arithmetic,gsm8k_test_0023,cal,remove,C1_transformed,gsmplus_problem_understanding
pairs_arith_v2.csv,211,arithmetic,gsm8k_test_0023,cal,retain,H2_same_template,gsmplus_critical_thinking
pairs_arith_v2.csv,212,arithmetic,gsm8k_test_0023,cal,retain,H1_same_topic,svamp
pairs_arith_v2.csv,213,arithmetic,gsm8k_test_0023,cal,retain,H3_predating,asdiv
pairs_arith_v2.csv,214,arithmetic,gsm8k_test_0023,cal,retain,R_random,truthfulqa
pairs_arith_v2.csv,269,arithmetic,gsm8k_test_0030,cal,remove,C0_exact,gsm8k_copy
pairs_arith_v2.csv,270,arithmetic,gsm8k_test_0030,cal,remove,C1_transformed,lmsys_rephrase
pairs_arith_v2.csv,271,arithmetic,gsm8k_test_0030,cal,remove,C2_answer_bearing,gsm8k_solution_frag
pairs_arith_v2.csv,272,arithmetic,gsm8k_test_0030,cal,retain,H2_same_template,gsmplus_numerical_substitution
pairs_arith_v2.csv,273,arithmetic,gsm8k_test_0030,cal,remove,C1_transformed,gsmplus_problem_understanding
pairs_arith_v2.csv,274,arithmetic,gsm8k_test_0030,cal,retain,H2_same_template,gsmplus_critical_thinking
pairs_arith_v2.csv,275,arithmetic,gsm8k_test_0030,cal,retain,H1_same_topic,svamp
pairs_arith_v2.csv,276,arithmetic,gsm8k_test_0030,cal,retain,H3_predating,asdiv
pairs_arith_v2.csv,277,arithmetic,gsm8k_test_0030,cal,retain,R_random,truthfulqa
pairs_arith_v2.csv,296,arithmetic,gsm8k_test_0033,cal,remove,C0_exact,gsm8k_copy
pairs_arith_v2.csv,297,arithmetic,gsm8k_test_0033,cal,remove,C1_transformed,lmsys_rephrase
pairs_arith_v2.csv,298,arithmetic,gsm8k_test_0033,cal,remove,C2_answer_bearing,gsm8k_solution_frag
pairs_arith_v2.csv,299,arithmetic,gsm8k_test_0033,cal,retain,H2_same_template,gsmplus_numerical_substitution
pairs_arith_v2.csv,300,arithmetic,gsm8k_test_0033,cal,remove,C1_transformed,gsmplus_problem_understanding
pairs_arith_v2.csv,301,arithmetic,gsm8k_test_0033,cal,retain,H2_same_template,gsmplus_critical_thinking
pairs_arith_v2.csv,302,arithmetic,gsm8k_test_0033,cal,retain,H1_same_topic,svamp
pairs_arith_v2.csv,303,arithmetic,gsm8k_test_0033,cal,retain,H3_predating,asdiv
pairs_arith_v2.csv,304,arithmetic,gsm8k_test_0033,cal,retain,R_random,truthfulqa
pairs_arith_v2.csv,305,arithmetic,gsm8k_test_0034,cal,remove,C0_exact,gsm8k_copy
pairs_arith_v2.csv,306,arithmetic,gsm8k_test_0034,cal,remove,C1_transformed,lmsys_rephrase
pairs_arith_v2.csv,307,arithmetic,gsm8k_test_0034,cal,remove,C2_answer_bearing,gsm8k_solution_frag
pairs_arith_v2.csv,308,arithmetic,gsm8k_test_0034,cal,retain,H2_same_template,gsmplus_numerical_substitution
pairs_arith_v2.csv,309,arithmetic,gsm8k_test_0034,cal,remove,C1_transformed,gsmplus_problem_understanding
pairs_arith_v2.csv,310,arithmetic,gsm8k_test_0034,cal,retain,H2_same_template,gsmplus_critical_thinking
pairs_arith_v2.csv,311,arithmetic,gsm8k_test_0034,cal,retain,H1_same_topic,svamp
pairs_arith_v2.csv,312,arithmetic,gsm8k_test_0034,cal,retain,H3_predating,asdiv
pairs_arith_v2.csv,313,arithmetic,gsm8k_test_0034,cal,retain,R_random,truthfulqa
pairs_arith_v2.csv,404,arithmetic,gsm8k_test_0045,cal,remove,C0_exact,gsm8k_copy
pairs_arith_v2.csv,405,arithmetic,gsm8k_test_0045,cal,remove,C1_transformed,lmsys_rephrase
pairs_arith_v2.csv,406,arithmetic,gsm8k_test_0045,cal,remove,C2_answer_bearing,gsm8k_solution_frag
pairs_arith_v2.csv,407,arithmetic,gsm8k_test_0045,cal,retain,H2_same_template,gsmplus_numerical_substitution
pairs_arith_v2.csv,408,arithmetic,gsm8k_test_0045,cal,remove,C1_transformed,gsmplus_problem_understanding
pairs_arith_v2.csv,409,arithmetic,gsm8k_test_0045,cal,retain,H2_same_template,gsmplus_critical_thinking
pairs_arith_v2.csv,410,arithmetic,gsm8k_test_0045,cal,retain,H1_same_topic,svamp
pairs_arith_v2.csv,411,arithmetic,gsm8k_test_0045,cal,retain,H3_predating,asdiv
pairs_arith_v2.csv,412,arithmetic,gsm8k_test_0045,cal,retain,R_random,truthfulqa
pairs_arith_v2.csv,413,arithmetic,gsm8k_test_0046,cal,remove,C0_exact,gsm8k_copy
pairs_arith_v2.csv,414,arithmetic,gsm8k_test_0046,cal,remove,C1_transformed,lmsys_rephrase
pairs_arith_v2.csv,415,arithmetic,gsm8k_test_0046,cal,remove,C2_answer_bearing,gsm8k_solution_frag
pairs_arith_v2.csv,416,arithmetic,gsm8k_test_0046,cal,retain,H2_same_template,gsmplus_numerical_substitution
pairs_arith_v2.csv,417,arithmetic,gsm8k_test_0046,cal,remove,C1_transformed,gsmplus_problem_understanding
pairs_arith_v2.csv,418,arithmetic,gsm8k_test_0046,cal,retain,H2_same_template,gsmplus_critical_thinking
pairs_arith_v2.csv,419,arithmetic,gsm8k_test_0046,cal,retain,H1_same_topic,svamp
pairs_arith_v2.csv,420,arithmetic,gsm8k_test_0046,cal,retain,H3_predating,asdiv
pairs_arith_v2.csv,421,arithmetic,gsm8k_test_0046,cal,retain,R_random,truthfulqa
pairs_arith_v2.csv,440,arithmetic,gsm8k_test_0049,cal,remove,C0_exact,gsm8k_copy
pairs_arith_v2.csv,441,arithmetic,gsm8k_test_0049,cal,remove,C1_transformed,lmsys_rephrase
pairs_arith_v2.csv,442,arithmetic,gsm8k_test_0049,cal,remove,C2_answer_bearing,gsm8k_solution_frag
pairs_arith_v2.csv,443,arithmetic,gsm8k_test_0049,cal,retain,H2_same_template,gsmplus_numerical_substitution
pairs_arith_v2.csv,444,arithmetic,gsm8k_test_0049,cal,remove,C1_transformed,gsmplus_problem_understanding
pairs_arith_v2.csv,445,arithmetic,gsm8k_test_0049,cal,retain,H2_same_template,gsmplus_critical_thinking
pairs_arith_v2.csv,446,arithmetic,gsm8k_test_0049,cal,retain,H1_same_topic,svamp
pairs_arith_v2.csv,447,arithmetic,gsm8k_test_0049,cal,retain,H3_predating,asdiv
pairs_arith_v2.csv,448,arithmetic,gsm8k_test_0049,cal,retain,R_random,truthfulqa
pairs_arith_v2.csv,466,arithmetic,gsm8k_test_0052,cal,remove,C0_exact,gsm8k_copy
pairs_arith_v2.csv,467,arithmetic,gsm8k_test_0052,cal,remove,C1_transformed,lmsys_rephrase
pairs_arith_v2.csv,468,arithmetic,gsm8k_test_0052,cal,remove,C2_answer_bearing,gsm8k_solution_frag
pairs_arith_v2.csv,469,arithmetic,gsm8k_test_0052,cal,retain,H2_same_template,gsmplus_numerical_substitution
pairs_arith_v2.csv,470,arithmetic,gsm8k_test_0052,cal,remove,C1_transformed,gsmplus_problem_understanding
pairs_arith_v2.csv,471,arithmetic,gsm8k_test_0052,cal,retain,H2_same_template,gsmplus_critical_thinking
pairs_arith_v2.csv,472,arithmetic,gsm8k_test_0052,cal,retain,H1_same_topic,svamp
pairs_arith_v2.csv,473,arithmetic,gsm8k_test_0052,cal,retain,H3_predating,asdiv
pairs_arith_v2.csv,474,arithmetic,gsm8k_test_0052,cal,retain,R_random,truthfulqa
pairs_arith_v2.csv,484,arithmetic,gsm8k_test_0054,cal,remove,C0_exact,gsm8k_copy
pairs_arith_v2.csv,485,arithmetic,gsm8k_test_0054,cal,remove,C1_transformed,lmsys_rephrase
pairs_arith_v2.csv,486,arithmetic,gsm8k_test_0054,cal,remove,C2_answer_bearing,gsm8k_solution_frag
pairs_arith_v2.csv,487,arithmetic,gsm8k_test_0054,cal,retain,H2_same_template,gsmplus_numerical_substitution
pairs_arith_v2.csv,488,arithmetic,gsm8k_test_0054,cal,remove,C1_transformed,gsmplus_problem_understanding
pairs_arith_v2.csv,489,arithmetic,gsm8k_test_0054,cal,retain,H2_same_template,gsmplus_critical_thinking
pairs_arith_v2.csv,490,arithmetic,gsm8k_test_0054,cal,retain,H1_same_topic,svamp
pairs_arith_v2.csv,491,arithmetic,gsm8k_test_0054,cal,retain,H3_predating,asdiv
pairs_arith_v2.csv,492,arithmetic,gsm8k_test_0054,cal,retain,R_random,truthfulqa
pairs_arith_v2.csv,493,arithmetic,gsm8k_test_0055,cal,remove,C0_exact,gsm8k_copy
pairs_arith_v2.csv,494,arithmetic,gsm8k_test_0055,cal,remove,C1_transformed,lmsys_rephrase
pairs_arith_v2.csv,495,arithmetic,gsm8k_test_0055,cal,remove,C2_answer_bearing,gsm8k_solution_frag
pairs_arith_v2.csv,496,arithmetic,gsm8k_test_0055,cal,retain,H2_same_template,gsmplus_numerical_substitution
pairs_arith_v2.csv,497,arithmetic,gsm8k_test_0055,cal,remove,C1_transformed,gsmplus_problem_understanding
pairs_arith_v2.csv,498,arithmetic,gsm8k_test_0055,cal,retain,H2_same_template,gsmplus_critical_thinking
pairs_arith_v2.csv,499,arithmetic,gsm8k_test_0055,cal,retain,H1_same_topic,svamp
pairs_arith_v2.csv,500,arithmetic,gsm8k_test_0055,cal,retain,H3_predating,asdiv
pairs_arith_v2.csv,501,arithmetic,gsm8k_test_0055,cal,retain,R_random,truthfulqa
pairs_arith_v2.csv,537,arithmetic,gsm8k_test_0060,cal,remove,C0_exact,gsm8k_copy
pairs_arith_v2.csv,538,arithmetic,gsm8k_test_0060,cal,remove,C1_transformed,lmsys_rephrase
pairs_arith_v2.csv,539,arithmetic,gsm8k_test_0060,cal,remove,C2_answer_bearing,gsm8k_solution_frag
pairs_arith_v2.csv,540,arithmetic,gsm8k_test_0060,cal,retain,H2_same_template,gsmplus_numerical_substitution
pairs_arith_v2.csv,541,arithmetic,gsm8k_test_0060,cal,remove,C1_transformed,gsmplus_problem_understanding
pairs_arith_v2.csv,542,arithmetic,gsm8k_test_0060,cal,retain,H2_same_template,gsmplus_critical_thinking
pairs_arith_v2.csv,543,arithmetic,gsm8k_test_0060,cal,retain,H1_same_topic,svamp
pairs_arith_v2.csv,544,arithmetic,gsm8k_test_0060,cal,retain,H3_predating,asdiv
pairs_arith_v2.csv,545,arithmetic,gsm8k_test_0060,cal,retain,R_random,truthfulqa
pairs_arith_v2.csv,618,arithmetic,gsm8k_test_0069,cal,remove,C0_exact,gsm8k_copy
pairs_arith_v2.csv,619,arithmetic,gsm8k_test_0069,cal,remove,C1_transformed,lmsys_rephrase
pairs_arith_v2.csv,620,arithmetic,gsm8k_test_0069,cal,remove,C2_answer_bearing,gsm8k_solution_frag
pairs_arith_v2.csv,621,arithmetic,gsm8k_test_0069,cal,retain,H2_same_template,gsmplus_numerical_substitution
pairs_arith_v2.csv,622,arithmetic,gsm8k_test_0069,cal,remove,C1_transformed,gsmplus_problem_understanding
pairs_arith_v2.csv,623,arithmetic,gsm8k_test_0069,cal,retain,H2_same_template,gsmplus_critical_thinking
pairs_arith_v2.csv,624,arithmetic,gsm8k_test_0069,cal,retain,H1_same_topic,svamp
pairs_arith_v2.csv,625,arithmetic,gsm8k_test_0069,cal,retain,H3_predating,asdiv
pairs_arith_v2.csv,626,arithmetic,gsm8k_test_0069,cal,retain,R_random,truthfulqa
pairs_arith_v2.csv,627,arithmetic,gsm8k_test_0070,cal,remove,C0_exact,gsm8k_copy
pairs_arith_v2.csv,628,arithmetic,gsm8k_test_0070,cal,remove,C1_transformed,lmsys_rephrase
pairs_arith_v2.csv,629,arithmetic,gsm8k_test_0070,cal,remove,C2_answer_bearing,gsm8k_solution_frag
pairs_arith_v2.csv,630,arithmetic,gsm8k_test_0070,cal,retain,H2_same_template,gsmplus_numerical_substitution
pairs_arith_v2.csv,631,arithmetic,gsm8k_test_0070,cal,remove,C1_transformed,gsmplus_problem_understanding
pairs_arith_v2.csv,632,arithmetic,gsm8k_test_0070,cal,retain,H2_same_template,gsmplus_critical_thinking
pairs_arith_v2.csv,633,arithmetic,gsm8k_test_0070,cal,retain,H1_same_topic,svamp
pairs_arith_v2.csv,634,arithmetic,gsm8k_test_0070,cal,retain,H3_predating,asdiv
pairs_arith_v2.csv,635,arithmetic,gsm8k_test_0070,cal,retain,R_random,truthfulqa
pairs_arith_v2.csv,681,arithmetic,gsm8k_test_0076,cal,remove,C0_exact,gsm8k_copy
pairs_arith_v2.csv,682,arithmetic,gsm8k_test_0076,cal,remove,C1_transformed,lmsys_rephrase
pairs_arith_v2.csv,683,arithmetic,gsm8k_test_0076,cal,remove,C2_answer_bearing,gsm8k_solution_frag
pairs_arith_v2.csv,684,arithmetic,gsm8k_test_0076,cal,retain,H2_same_template,gsmplus_numerical_substitution
pairs_arith_v2.csv,685,arithmetic,gsm8k_test_0076,cal,remove,C1_transformed,gsmplus_problem_understanding
pairs_arith_v2.csv,686,arithmetic,gsm8k_test_0076,cal,retain,H2_same_template,gsmplus_critical_thinking
pairs_arith_v2.csv,687,arithmetic,gsm8k_test_0076,cal,retain,H1_same_topic,svamp
pairs_arith_v2.csv,688,arithmetic,gsm8k_test_0076,cal,retain,H3_predating,asdiv
pairs_arith_v2.csv,689,arithmetic,gsm8k_test_0076,cal,retain,R_random,truthfulqa
pairs_arith_v2.csv,744,arithmetic,gsm8k_test_0083,cal,remove,C0_exact,gsm8k_copy
pairs_arith_v2.csv,745,arithmetic,gsm8k_test_0083,cal,remove,C1_transformed,lmsys_rephrase
pairs_arith_v2.csv,746,arithmetic,gsm8k_test_0083,cal,remove,C2_answer_bearing,gsm8k_solution_frag
pairs_arith_v2.csv,747,arithmetic,gsm8k_test_0083,cal,retain,H2_same_template,gsmplus_numerical_substitution
pairs_arith_v2.csv,748,arithmetic,gsm8k_test_0083,cal,remove,C1_transformed,gsmplus_problem_understanding
pairs_arith_v2.csv,749,arithmetic,gsm8k_test_0083,cal,retain,H2_same_template,gsmplus_critical_thinking
pairs_arith_v2.csv,750,arithmetic,gsm8k_test_0083,cal,retain,H1_same_topic,svamp
pairs_arith_v2.csv,751,arithmetic,gsm8k_test_0083,cal,retain,H3_predating,asdiv
pairs_arith_v2.csv,752,arithmetic,gsm8k_test_0083,cal,retain,R_random,truthfulqa
pairs_arith_v2.csv,843,arithmetic,gsm8k_test_0094,cal,remove,C0_exact,gsm8k_copy
pairs_arith_v2.csv,844,arithmetic,gsm8k_test_0094,cal,remove,C1_transformed,lmsys_rephrase
pairs_arith_v2.csv,845,arithmetic,gsm8k_test_0094,cal,remove,C2_answer_bearing,gsm8k_solution_frag
pairs_arith_v2.csv,846,arithmetic,gsm8k_test_0094,cal,retain,H2_same_template,gsmplus_numerical_substitution
pairs_arith_v2.csv,847,arithmetic,gsm8k_test_0094,cal,remove,C1_transformed,gsmplus_problem_understanding
pairs_arith_v2.csv,848,arithmetic,gsm8k_test_0094,cal,retain,H2_same_template,gsmplus_critical_thinking
pairs_arith_v2.csv,849,arithmetic,gsm8k_test_0094,cal,retain,H1_same_topic,svamp
pairs_arith_v2.csv,850,arithmetic,gsm8k_test_0094,cal,retain,H3_predating,asdiv
pairs_arith_v2.csv,851,arithmetic,gsm8k_test_0094,cal,retain,R_random,truthfulqa
pairs_arith_v2.csv,861,arithmetic,gsm8k_test_0096,cal,remove,C0_exact,gsm8k_copy
pairs_arith_v2.csv,862,arithmetic,gsm8k_test_0096,cal,remove,C1_transformed,lmsys_rephrase
pairs_arith_v2.csv,863,arithmetic,gsm8k_test_0096,cal,remove,C2_answer_bearing,gsm8k_solution_frag
pairs_arith_v2.csv,864,arithmetic,gsm8k_test_0096,cal,retain,H2_same_template,gsmplus_numerical_substitution
pairs_arith_v2.csv,865,arithmetic,gsm8k_test_0096,cal,remove,C1_transformed,gsmplus_problem_understanding
pairs_arith_v2.csv,866,arithmetic,gsm8k_test_0096,cal,retain,H2_same_template,gsmplus_critical_thinking
pairs_arith_v2.csv,867,arithmetic,gsm8k_test_0096,cal,retain,H1_same_topic,svamp
pairs_arith_v2.csv,868,arithmetic,gsm8k_test_0096,cal,retain,H3_predating,asdiv
pairs_arith_v2.csv,869,arithmetic,gsm8k_test_0096,cal,retain,R_random,truthfulqa
pairs_arith_v2.csv,914,arithmetic,gsm8k_test_0102,cal,remove,C0_exact,gsm8k_copy
pairs_arith_v2.csv,915,arithmetic,gsm8k_test_0102,cal,remove,C1_transformed,lmsys_rephrase
pairs_arith_v2.csv,916,arithmetic,gsm8k_test_0102,cal,remove,C2_answer_bearing,gsm8k_solution_frag
pairs_arith_v2.csv,917,arithmetic,gsm8k_test_0102,cal,retain,H2_same_template,gsmplus_numerical_substitution
pairs_arith_v2.csv,918,arithmetic,gsm8k_test_0102,cal,remove,C1_transformed,gsmplus_problem_understanding
pairs_arith_v2.csv,919,arithmetic,gsm8k_test_0102,cal,retain,H2_same_template,gsmplus_critical_thinking
pairs_arith_v2.csv,920,arithmetic,gsm8k_test_0102,cal,retain,H1_same_topic,svamp
pairs_arith_v2.csv,921,arithmetic,gsm8k_test_0102,cal,retain,H3_predating,asdiv
pairs_arith_v2.csv,922,arithmetic,gsm8k_test_0102,cal,retain,R_random,truthfulqa
pairs_arith_v2.csv,923,arithmetic,gsm8k_test_0103,cal,remove,C0_exact,gsm8k_copy
pairs_arith_v2.csv,924,arithmetic,gsm8k_test_0103,cal,remove,C1_transformed,lmsys_rephrase
pairs_arith_v2.csv,925,arithmetic,gsm8k_test_0103,cal,remove,C2_answer_bearing,gsm8k_solution_frag
pairs_arith_v2.csv,926,arithmetic,gsm8k_test_0103,cal,retain,H2_same_template,gsmplus_numerical_substitution
pairs_arith_v2.csv,927,arithmetic,gsm8k_test_0103,cal,remove,C1_transformed,gsmplus_problem_understanding
pairs_arith_v2.csv,928,arithmetic,gsm8k_test_0103,cal,retain,H2_same_template,gsmplus_critical_thinking
pairs_arith_v2.csv,929,arithmetic,gsm8k_test_0103,cal,retain,H1_same_topic,svamp
pairs_arith_v2.csv,930,arithmetic,gsm8k_test_0103,cal,retain,H3_predating,asdiv
pairs_arith_v2.csv,931,arithmetic,gsm8k_test_0103,cal,retain,R_random,truthfulqa
pairs_arith_v2.csv,932,arithmetic,gsm8k_test_0104,cal,remove,C0_exact,gsm8k_copy
pairs_arith_v2.csv,933,arithmetic,gsm8k_test_0104,cal,remove,C1_transformed,lmsys_rephrase
pairs_arith_v2.csv,934,arithmetic,gsm8k_test_0104,cal,remove,C2_answer_bearing,gsm8k_solution_frag
pairs_arith_v2.csv,935,arithmetic,gsm8k_test_0104,cal,retain,H2_same_template,gsmplus_numerical_substitution
pairs_arith_v2.csv,936,arithmetic,gsm8k_test_0104,cal,remove,C1_transformed,gsmplus_problem_understanding
pairs_arith_v2.csv,937,arithmetic,gsm8k_test_0104,cal,retain,H2_same_template,gsmplus_critical_thinking
pairs_arith_v2.csv,938,arithmetic,gsm8k_test_0104,cal,retain,H1_same_topic,svamp
pairs_arith_v2.csv,939,arithmetic,gsm8k_test_0104,cal,retain,H3_predating,asdiv
pairs_arith_v2.csv,940,arithmetic,gsm8k_test_0104,cal,retain,R_random,truthfulqa
pairs_arith_v2.csv,941,arithmetic,gsm8k_test_0105,cal,remove,C0_exact,gsm8k_copy
pairs_arith_v2.csv,942,arithmetic,gsm8k_test_0105,cal,remove,C1_transformed,lmsys_rephrase
pairs_arith_v2.csv,943,arithmetic,gsm8k_test_0105,cal,remove,C2_answer_bearing,gsm8k_solution_frag
pairs_arith_v2.csv,944,arithmetic,gsm8k_test_0105,cal,retain,H2_same_template,gsmplus_numerical_substitution
pairs_arith_v2.csv,945,arithmetic,gsm8k_test_0105,cal,remove,C1_transformed,gsmplus_problem_understanding
pairs_arith_v2.csv,946,arithmetic,gsm8k_test_0105,cal,retain,H2_same_template,gsmplus_critical_thinking
pairs_arith_v2.csv,947,arithmetic,gsm8k_test_0105,cal,retain,H1_same_topic,svamp
pairs_arith_v2.csv,948,arithmetic,gsm8k_test_0105,cal,retain,H3_predating,asdiv
pairs_arith_v2.csv,949,arithmetic,gsm8k_test_0105,cal,retain,R_random,truthfulqa
pairs_arith_v2.csv,968,arithmetic,gsm8k_test_0108,cal,remove,C0_exact,gsm8k_copy
pairs_arith_v2.csv,969,arithmetic,gsm8k_test_0108,cal,remove,C1_transformed,lmsys_rephrase
pairs_arith_v2.csv,970,arithmetic,gsm8k_test_0108,cal,remove,C2_answer_bearing,gsm8k_solution_frag
pairs_arith_v2.csv,971,arithmetic,gsm8k_test_0108,cal,retain,H2_same_template,gsmplus_numerical_substitution
pairs_arith_v2.csv,972,arithmetic,gsm8k_test_0108,cal,remove,C1_transformed,gsmplus_problem_understanding
pairs_arith_v2.csv,973,arithmetic,gsm8k_test_0108,cal,retain,H2_same_template,gsmplus_critical_thinking
pairs_arith_v2.csv,974,arithmetic,gsm8k_test_0108,cal,retain,H1_same_topic,svamp
pairs_arith_v2.csv,975,arithmetic,gsm8k_test_0108,cal,retain,H3_predating,asdiv
pairs_arith_v2.csv,976,arithmetic,gsm8k_test_0108,cal,retain,R_random,truthfulqa
pairs_arith_v2.csv,995,arithmetic,gsm8k_test_0111,cal,remove,C0_exact,gsm8k_copy
pairs_arith_v2.csv,996,arithmetic,gsm8k_test_0111,cal,remove,C1_transformed,lmsys_rephrase
pairs_arith_v2.csv,997,arithmetic,gsm8k_test_0111,cal,remove,C2_answer_bearing,gsm8k_solution_frag
pairs_arith_v2.csv,998,arithmetic,gsm8k_test_0111,cal,retain,H2_same_template,gsmplus_numerical_substitution
pairs_arith_v2.csv,999,arithmetic,gsm8k_test_0111,cal,remove,C1_transformed,gsmplus_problem_understanding
pairs_arith_v2.csv,1000,arithmetic,gsm8k_test_0111,cal,retain,H2_same_template,gsmplus_critical_thinking
pairs_arith_v2.csv,1001,arithmetic,gsm8k_test_0111,cal,retain,H1_same_topic,svamp
pairs_arith_v2.csv,1002,arithmetic,gsm8k_test_0111,cal,retain,H3_predating,asdiv
pairs_arith_v2.csv,1003,arithmetic,gsm8k_test_0111,cal,retain,R_random,truthfulqa
pairs_arith_v2.csv,1004,arithmetic,gsm8k_test_0112,cal,remove,C0_exact,gsm8k_copy
pairs_arith_v2.csv,1005,arithmetic,gsm8k_test_0112,cal,remove,C1_transformed,lmsys_rephrase
pairs_arith_v2.csv,1006,arithmetic,gsm8k_test_0112,cal,remove,C2_answer_bearing,gsm8k_solution_frag
pairs_arith_v2.csv,1007,arithmetic,gsm8k_test_0112,cal,retain,H2_same_template,gsmplus_numerical_substitution
pairs_arith_v2.csv,1008,arithmetic,gsm8k_test_0112,cal,remove,C1_transformed,gsmplus_problem_understanding
pairs_arith_v2.csv,1009,arithmetic,gsm8k_test_0112,cal,retain,H2_same_template,gsmplus_critical_thinking
pairs_arith_v2.csv,1010,arithmetic,gsm8k_test_0112,cal,retain,H1_same_topic,svamp
pairs_arith_v2.csv,1011,arithmetic,gsm8k_test_0112,cal,retain,H3_predating,asdiv
pairs_arith_v2.csv,1012,arithmetic,gsm8k_test_0112,cal,retain,R_random,truthfulqa
pairs_arith_v2.csv,1094,arithmetic,gsm8k_test_0122,cal,remove,C0_exact,gsm8k_copy
pairs_arith_v2.csv,1095,arithmetic,gsm8k_test_0122,cal,remove,C1_transformed,lmsys_rephrase
pairs_arith_v2.csv,1096,arithmetic,gsm8k_test_0122,cal,remove,C2_answer_bearing,gsm8k_solution_frag
pairs_arith_v2.csv,1097,arithmetic,gsm8k_test_0122,cal,retain,H2_same_template,gsmplus_numerical_substitution
pairs_arith_v2.csv,1098,arithmetic,gsm8k_test_0122,cal,remove,C1_transformed,gsmplus_problem_understanding
pairs_arith_v2.csv,1099,arithmetic,gsm8k_test_0122,cal,retain,H2_same_template,gsmplus_critical_thinking
pairs_arith_v2.csv,1100,arithmetic,gsm8k_test_0122,cal,retain,H1_same_topic,svamp
pairs_arith_v2.csv,1101,arithmetic,gsm8k_test_0122,cal,retain,H3_predating,asdiv
pairs_arith_v2.csv,1102,arithmetic,gsm8k_test_0122,cal,retain,R_random,truthfulqa
pairs_arith_v2.csv,1112,arithmetic,gsm8k_test_0124,cal,remove,C0_exact,gsm8k_copy
pairs_arith_v2.csv,1113,arithmetic,gsm8k_test_0124,cal,remove,C1_transformed,lmsys_rephrase
pairs_arith_v2.csv,1114,arithmetic,gsm8k_test_0124,cal,remove,C2_answer_bearing,gsm8k_solution_frag
pairs_arith_v2.csv,1115,arithmetic,gsm8k_test_0124,cal,remove,C1_transformed,gsmplus_problem_understanding
pairs_arith_v2.csv,1116,arithmetic,gsm8k_test_0124,cal,retain,H2_same_template,gsmplus_critical_thinking
pairs_arith_v2.csv,1117,arithmetic,gsm8k_test_0124,cal,retain,H1_same_topic,svamp
pairs_arith_v2.csv,1118,arithmetic,gsm8k_test_0124,cal,retain,H3_predating,asdiv
pairs_arith_v2.csv,1119,arithmetic,gsm8k_test_0124,cal,retain,R_random,truthfulqa
pairs_arith_v2.csv,1217,arithmetic,gsm8k_test_0136,cal,remove,C0_exact,gsm8k_copy
pairs_arith_v2.csv,1218,arithmetic,gsm8k_test_0136,cal,remove,C1_transformed,lmsys_rephrase
pairs_arith_v2.csv,1219,arithmetic,gsm8k_test_0136,cal,remove,C2_answer_bearing,gsm8k_solution_frag
pairs_arith_v2.csv,1220,arithmetic,gsm8k_test_0136,cal,remove,C1_transformed,gsmplus_problem_understanding
pairs_arith_v2.csv,1221,arithmetic,gsm8k_test_0136,cal,retain,H2_same_template,gsmplus_critical_thinking
pairs_arith_v2.csv,1222,arithmetic,gsm8k_test_0136,cal,retain,H1_same_topic,svamp
pairs_arith_v2.csv,1223,arithmetic,gsm8k_test_0136,cal,retain,H3_predating,asdiv
pairs_arith_v2.csv,1224,arithmetic,gsm8k_test_0136,cal,retain,R_random,truthfulqa
pairs_arith_v2.csv,1234,arithmetic,gsm8k_test_0138,cal,remove,C0_exact,gsm8k_copy
pairs_arith_v2.csv,1235,arithmetic,gsm8k_test_0138,cal,remove,C1_transformed,lmsys_rephrase
pairs_arith_v2.csv,1236,arithmetic,gsm8k_test_0138,cal,remove,C2_answer_bearing,gsm8k_solution_frag
pairs_arith_v2.csv,1237,arithmetic,gsm8k_test_0138,cal,retain,H2_same_template,gsmplus_numerical_substitution
pairs_arith_v2.csv,1238,arithmetic,gsm8k_test_0138,cal,remove,C1_transformed,gsmplus_problem_understanding
pairs_arith_v2.csv,1239,arithmetic,gsm8k_test_0138,cal,retain,H2_same_template,gsmplus_critical_thinking
pairs_arith_v2.csv,1240,arithmetic,gsm8k_test_0138,cal,retain,H1_same_topic,svamp
pairs_arith_v2.csv,1241,arithmetic,gsm8k_test_0138,cal,retain,H3_predating,asdiv
pairs_arith_v2.csv,1242,arithmetic,gsm8k_test_0138,cal,retain,R_random,truthfulqa
pairs_arith_v2.csv,1252,arithmetic,gsm8k_test_0140,cal,remove,C0_exact,gsm8k_copy
pairs_arith_v2.csv,1253,arithmetic,gsm8k_test_0140,cal,remove,C1_transformed,lmsys_rephrase
pairs_arith_v2.csv,1254,arithmetic,gsm8k_test_0140,cal,remove,C2_answer_bearing,gsm8k_solution_frag
pairs_arith_v2.csv,1255,arithmetic,gsm8k_test_0140,cal,remove,C1_transformed,gsmplus_problem_understanding
pairs_arith_v2.csv,1256,arithmetic,gsm8k_test_0140,cal,retain,H2_same_template,gsmplus_critical_thinking
pairs_arith_v2.csv,1257,arithmetic,gsm8k_test_0140,cal,retain,H1_same_topic,svamp
pairs_arith_v2.csv,1258,arithmetic,gsm8k_test_0140,cal,retain,H3_predating,asdiv
pairs_arith_v2.csv,1259,arithmetic,gsm8k_test_0140,cal,retain,R_random,truthfulqa
pairs_arith_v2.csv,1260,arithmetic,gsm8k_test_0141,cal,remove,C0_exact,gsm8k_copy
pairs_arith_v2.csv,1261,arithmetic,gsm8k_test_0141,cal,remove,C1_transformed,lmsys_rephrase
pairs_arith_v2.csv,1262,arithmetic,gsm8k_test_0141,cal,remove,C2_answer_bearing,gsm8k_solution_frag
pairs_arith_v2.csv,1263,arithmetic,gsm8k_test_0141,cal,retain,H2_same_template,gsmplus_numerical_substitution
pairs_arith_v2.csv,1264,arithmetic,gsm8k_test_0141,cal,remove,C1_transformed,gsmplus_problem_understanding
pairs_arith_v2.csv,1265,arithmetic,gsm8k_test_0141,cal,retain,H2_same_template,gsmplus_critical_thinking
pairs_arith_v2.csv,1266,arithmetic,gsm8k_test_0141,cal,retain,H1_same_topic,svamp
pairs_arith_v2.csv,1267,arithmetic,gsm8k_test_0141,cal,retain,H3_predating,asdiv
pairs_arith_v2.csv,1268,arithmetic,gsm8k_test_0141,cal,retain,R_random,truthfulqa
pairs_arith_v2.csv,1323,arithmetic,gsm8k_test_0148,cal,remove,C0_exact,gsm8k_copy
pairs_arith_v2.csv,1324,arithmetic,gsm8k_test_0148,cal,remove,C1_transformed,lmsys_rephrase
pairs_arith_v2.csv,1325,arithmetic,gsm8k_test_0148,cal,remove,C2_answer_bearing,gsm8k_solution_frag
pairs_arith_v2.csv,1326,arithmetic,gsm8k_test_0148,cal,remove,C1_transformed,gsmplus_problem_understanding
pairs_arith_v2.csv,1327,arithmetic,gsm8k_test_0148,cal,retain,H2_same_template,gsmplus_critical_thinking
pairs_arith_v2.csv,1328,arithmetic,gsm8k_test_0148,cal,retain,H1_same_topic,svamp
pairs_arith_v2.csv,1329,arithmetic,gsm8k_test_0148,cal,retain,H3_predating,asdiv
pairs_arith_v2.csv,1330,arithmetic,gsm8k_test_0148,cal,retain,R_random,truthfulqa
pairs_arith_v2.csv,1349,arithmetic,gsm8k_test_0151,cal,remove,C0_exact,gsm8k_copy
pairs_arith_v2.csv,1350,arithmetic,gsm8k_test_0151,cal,remove,C1_transformed,lmsys_rephrase
pairs_arith_v2.csv,1351,arithmetic,gsm8k_test_0151,cal,remove,C2_answer_bearing,gsm8k_solution_frag
pairs_arith_v2.csv,1352,arithmetic,gsm8k_test_0151,cal,retain,H2_same_template,gsmplus_numerical_substitution
pairs_arith_v2.csv,1353,arithmetic,gsm8k_test_0151,cal,remove,C1_transformed,gsmplus_problem_understanding
pairs_arith_v2.csv,1354,arithmetic,gsm8k_test_0151,cal,retain,H2_same_template,gsmplus_critical_thinking
pairs_arith_v2.csv,1355,arithmetic,gsm8k_test_0151,cal,retain,H1_same_topic,svamp
pairs_arith_v2.csv,1356,arithmetic,gsm8k_test_0151,cal,retain,H3_predating,asdiv
pairs_arith_v2.csv,1357,arithmetic,gsm8k_test_0151,cal,retain,R_random,truthfulqa
pairs_arith_v2.csv,1376,arithmetic,gsm8k_test_0154,cal,remove,C0_exact,gsm8k_copy
pairs_arith_v2.csv,1377,arithmetic,gsm8k_test_0154,cal,remove,C1_transformed,lmsys_rephrase
pairs_arith_v2.csv,1378,arithmetic,gsm8k_test_0154,cal,remove,C2_answer_bearing,gsm8k_solution_frag
pairs_arith_v2.csv,1379,arithmetic,gsm8k_test_0154,cal,retain,H2_same_template,gsmplus_numerical_substitution
pairs_arith_v2.csv,1380,arithmetic,gsm8k_test_0154,cal,remove,C1_transformed,gsmplus_problem_understanding
pairs_arith_v2.csv,1381,arithmetic,gsm8k_test_0154,cal,retain,H2_same_template,gsmplus_critical_thinking
pairs_arith_v2.csv,1382,arithmetic,gsm8k_test_0154,cal,retain,H1_same_topic,svamp
pairs_arith_v2.csv,1383,arithmetic,gsm8k_test_0154,cal,retain,H3_predating,asdiv
pairs_arith_v2.csv,1384,arithmetic,gsm8k_test_0154,cal,retain,R_random,truthfulqa
pairs_arith_v2.csv,1412,arithmetic,gsm8k_test_0158,cal,remove,C0_exact,gsm8k_copy
pairs_arith_v2.csv,1413,arithmetic,gsm8k_test_0158,cal,remove,C1_transformed,lmsys_rephrase
pairs_arith_v2.csv,1414,arithmetic,gsm8k_test_0158,cal,remove,C2_answer_bearing,gsm8k_solution_frag
pairs_arith_v2.csv,1415,arithmetic,gsm8k_test_0158,cal,retain,H2_same_template,gsmplus_numerical_substitution
pairs_arith_v2.csv,1416,arithmetic,gsm8k_test_0158,cal,remove,C1_transformed,gsmplus_problem_understanding
pairs_arith_v2.csv,1417,arithmetic,gsm8k_test_0158,cal,retain,H2_same_template,gsmplus_critical_thinking
pairs_arith_v2.csv,1418,arithmetic,gsm8k_test_0158,cal,retain,H1_same_topic,svamp
pairs_arith_v2.csv,1419,arithmetic,gsm8k_test_0158,cal,retain,H3_predating,asdiv
pairs_arith_v2.csv,1420,arithmetic,gsm8k_test_0158,cal,retain,R_random,truthfulqa
pairs_arith_v2.csv,1438,arithmetic,gsm8k_test_0161,cal,remove,C0_exact,gsm8k_copy
pairs_arith_v2.csv,1439,arithmetic,gsm8k_test_0161,cal,remove,C1_transformed,lmsys_rephrase
pairs_arith_v2.csv,1440,arithmetic,gsm8k_test_0161,cal,remove,C2_answer_bearing,gsm8k_solution_frag
pairs_arith_v2.csv,1441,arithmetic,gsm8k_test_0161,cal,retain,H2_same_template,gsmplus_numerical_substitution
pairs_arith_v2.csv,1442,arithmetic,gsm8k_test_0161,cal,remove,C1_transformed,gsmplus_problem_understanding
pairs_arith_v2.csv,1443,arithmetic,gsm8k_test_0161,cal,retain,H2_same_template,gsmplus_critical_thinking
pairs_arith_v2.csv,1444,arithmetic,gsm8k_test_0161,cal,retain,H1_same_topic,svamp
pairs_arith_v2.csv,1445,arithmetic,gsm8k_test_0161,cal,retain,H3_predating,asdiv
pairs_arith_v2.csv,1446,arithmetic,gsm8k_test_0161,cal,retain,R_random,truthfulqa
pairs_arith_v2.csv,1447,arithmetic,gsm8k_test_0162,cal,remove,C0_exact,gsm8k_copy
pairs_arith_v2.csv,1448,arithmetic,gsm8k_test_0162,cal,remove,C1_transformed,lmsys_rephrase
pairs_arith_v2.csv,1449,arithmetic,gsm8k_test_0162,cal,remove,C2_answer_bearing,gsm8k_solution_frag
pairs_arith_v2.csv,1450,arithmetic,gsm8k_test_0162,cal,retain,H2_same_template,gsmplus_numerical_substitution
pairs_arith_v2.csv,1451,arithmetic,gsm8k_test_0162,cal,remove,C1_transformed,gsmplus_problem_understanding
pairs_arith_v2.csv,1452,arithmetic,gsm8k_test_0162,cal,retain,H2_same_template,gsmplus_critical_thinking
pairs_arith_v2.csv,1453,arithmetic,gsm8k_test_0162,cal,retain,H1_same_topic,svamp
pairs_arith_v2.csv,1454,arithmetic,gsm8k_test_0162,cal,retain,H3_predating,asdiv
pairs_arith_v2.csv,1455,arithmetic,gsm8k_test_0162,cal,retain,R_random,truthfulqa
pairs_arith_v2.csv,1465,arithmetic,gsm8k_test_0164,cal,remove,C0_exact,gsm8k_copy
pairs_arith_v2.csv,1466,arithmetic,gsm8k_test_0164,cal,remove,C1_transformed,lmsys_rephrase
pairs_arith_v2.csv,1467,arithmetic,gsm8k_test_0164,cal,remove,C2_answer_bearing,gsm8k_solution_frag
pairs_arith_v2.csv,1468,arithmetic,gsm8k_test_0164,cal,retain,H2_same_template,gsmplus_numerical_substitution
pairs_arith_v2.csv,1469,arithmetic,gsm8k_test_0164,cal,remove,C1_transformed,gsmplus_problem_understanding
pairs_arith_v2.csv,1470,arithmetic,gsm8k_test_0164,cal,retain,H2_same_template,gsmplus_critical_thinking
pairs_arith_v2.csv,1471,arithmetic,gsm8k_test_0164,cal,retain,H1_same_topic,svamp
pairs_arith_v2.csv,1472,arithmetic,gsm8k_test_0164,cal,retain,H3_predating,asdiv
pairs_arith_v2.csv,1473,arithmetic,gsm8k_test_0164,cal,retain,R_random,truthfulqa
pairs_arith_v2.csv,1491,arithmetic,gsm8k_test_0167,cal,remove,C0_exact,gsm8k_copy
pairs_arith_v2.csv,1492,arithmetic,gsm8k_test_0167,cal,remove,C1_transformed,lmsys_rephrase
pairs_arith_v2.csv,1493,arithmetic,gsm8k_test_0167,cal,remove,C2_answer_bearing,gsm8k_solution_frag
pairs_arith_v2.csv,1494,arithmetic,gsm8k_test_0167,cal,retain,H2_same_template,gsmplus_numerical_substitution
pairs_arith_v2.csv,1495,arithmetic,gsm8k_test_0167,cal,remove,C1_transformed,gsmplus_problem_understanding
pairs_arith_v2.csv,1496,arithmetic,gsm8k_test_0167,cal,retain,H2_same_template,gsmplus_critical_thinking
pairs_arith_v2.csv,1497,arithmetic,gsm8k_test_0167,cal,retain,H1_same_topic,svamp
pairs_arith_v2.csv,1498,arithmetic,gsm8k_test_0167,cal,retain,H3_predating,asdiv
pairs_arith_v2.csv,1499,arithmetic,gsm8k_test_0167,cal,retain,R_random,truthfulqa
pairs_arith_v2.csv,1581,arithmetic,gsm8k_test_0177,cal,remove,C0_exact,gsm8k_copy
pairs_arith_v2.csv,1582,arithmetic,gsm8k_test_0177,cal,remove,C1_transformed,lmsys_rephrase
pairs_arith_v2.csv,1583,arithmetic,gsm8k_test_0177,cal,remove,C2_answer_bearing,gsm8k_solution_frag
pairs_arith_v2.csv,1584,arithmetic,gsm8k_test_0177,cal,retain,H2_same_template,gsmplus_numerical_substitution
pairs_arith_v2.csv,1585,arithmetic,gsm8k_test_0177,cal,remove,C1_transformed,gsmplus_problem_understanding
pairs_arith_v2.csv,1586,arithmetic,gsm8k_test_0177,cal,retain,H2_same_template,gsmplus_critical_thinking
pairs_arith_v2.csv,1587,arithmetic,gsm8k_test_0177,cal,retain,H1_same_topic,svamp
pairs_arith_v2.csv,1588,arithmetic,gsm8k_test_0177,cal,retain,H3_predating,asdiv
pairs_arith_v2.csv,1589,arithmetic,gsm8k_test_0177,cal,retain,R_random,truthfulqa
pairs_arith_v2.csv,1617,arithmetic,gsm8k_test_0181,cal,remove,C0_exact,gsm8k_copy
pairs_arith_v2.csv,1618,arithmetic,gsm8k_test_0181,cal,remove,C1_transformed,lmsys_rephrase
pairs_arith_v2.csv,1619,arithmetic,gsm8k_test_0181,cal,remove,C2_answer_bearing,gsm8k_solution_frag
pairs_arith_v2.csv,1620,arithmetic,gsm8k_test_0181,cal,retain,H2_same_template,gsmplus_numerical_substitution
pairs_arith_v2.csv,1621,arithmetic,gsm8k_test_0181,cal,remove,C1_transformed,gsmplus_problem_understanding
pairs_arith_v2.csv,1622,arithmetic,gsm8k_test_0181,cal,retain,H2_same_template,gsmplus_critical_thinking
pairs_arith_v2.csv,1623,arithmetic,gsm8k_test_0181,cal,retain,H1_same_topic,svamp
pairs_arith_v2.csv,1624,arithmetic,gsm8k_test_0181,cal,retain,H3_predating,asdiv
pairs_arith_v2.csv,1625,arithmetic,gsm8k_test_0181,cal,retain,R_random,truthfulqa
pairs_arith_v2.csv,1626,arithmetic,gsm8k_test_0182,cal,remove,C0_exact,gsm8k_copy
pairs_arith_v2.csv,1627,arithmetic,gsm8k_test_0182,cal,remove,C1_transformed,lmsys_rephrase
pairs_arith_v2.csv,1628,arithmetic,gsm8k_test_0182,cal,remove,C2_answer_bearing,gsm8k_solution_frag
pairs_arith_v2.csv,1629,arithmetic,gsm8k_test_0182,cal,retain,H2_same_template,gsmplus_numerical_substitution
pairs_arith_v2.csv,1630,arithmetic,gsm8k_test_0182,cal,remove,C1_transformed,gsmplus_problem_understanding
pairs_arith_v2.csv,1631,arithmetic,gsm8k_test_0182,cal,retain,H2_same_template,gsmplus_critical_thinking
pairs_arith_v2.csv,1632,arithmetic,gsm8k_test_0182,cal,retain,H1_same_topic,svamp
pairs_arith_v2.csv,1633,arithmetic,gsm8k_test_0182,cal,retain,H3_predating,asdiv
pairs_arith_v2.csv,1634,arithmetic,gsm8k_test_0182,cal,retain,R_random,truthfulqa
pairs_arith_v2.csv,1635,arithmetic,gsm8k_test_0183,cal,remove,C0_exact,gsm8k_copy
pairs_arith_v2.csv,1636,arithmetic,gsm8k_test_0183,cal,remove,C1_transformed,lmsys_rephrase
pairs_arith_v2.csv,1637,arithmetic,gsm8k_test_0183,cal,remove,C2_answer_bearing,gsm8k_solution_frag
pairs_arith_v2.csv,1638,arithmetic,gsm8k_test_0183,cal,retain,H2_same_template,gsmplus_numerical_substitution
pairs_arith_v2.csv,1639,arithmetic,gsm8k_test_0183,cal,remove,C1_transformed,gsmplus_problem_understanding
pairs_arith_v2.csv,1640,arithmetic,gsm8k_test_0183,cal,retain,H2_same_template,gsmplus_critical_thinking
pairs_arith_v2.csv,1641,arithmetic,gsm8k_test_0183,cal,retain,H1_same_topic,svamp
pairs_arith_v2.csv,1642,arithmetic,gsm8k_test_0183,cal,retain,H3_predating,asdiv
pairs_arith_v2.csv,1643,arithmetic,gsm8k_test_0183,cal,retain,R_random,truthfulqa
pairs_arith_v2.csv,1715,arithmetic,gsm8k_test_0192,cal,remove,C0_exact,gsm8k_copy
pairs_arith_v2.csv,1716,arithmetic,gsm8k_test_0192,cal,remove,C1_transformed,lmsys_rephrase
pairs_arith_v2.csv,1717,arithmetic,gsm8k_test_0192,cal,remove,C2_answer_bearing,gsm8k_solution_frag
pairs_arith_v2.csv,1718,arithmetic,gsm8k_test_0192,cal,retain,H2_same_template,gsmplus_numerical_substitution
pairs_arith_v2.csv,1719,arithmetic,gsm8k_test_0192,cal,remove,C1_transformed,gsmplus_problem_understanding
pairs_arith_v2.csv,1720,arithmetic,gsm8k_test_0192,cal,retain,H2_same_template,gsmplus_critical_thinking
pairs_arith_v2.csv,1721,arithmetic,gsm8k_test_0192,cal,retain,H1_same_topic,svamp
pairs_arith_v2.csv,1722,arithmetic,gsm8k_test_0192,cal,retain,H3_predating,asdiv
pairs_arith_v2.csv,1723,arithmetic,gsm8k_test_0192,cal,retain,R_random,truthfulqa
pairs_arith_v2.csv,1724,arithmetic,gsm8k_test_0193,cal,remove,C0_exact,gsm8k_copy
pairs_arith_v2.csv,1725,arithmetic,gsm8k_test_0193,cal,remove,C1_transformed,lmsys_rephrase
pairs_arith_v2.csv,1726,arithmetic,gsm8k_test_0193,cal,remove,C2_answer_bearing,gsm8k_solution_frag
pairs_arith_v2.csv,1727,arithmetic,gsm8k_test_0193,cal,retain,H2_same_template,gsmplus_numerical_substitution
pairs_arith_v2.csv,1728,arithmetic,gsm8k_test_0193,cal,remove,C1_transformed,gsmplus_problem_understanding
pairs_arith_v2.csv,1729,arithmetic,gsm8k_test_0193,cal,retain,H2_same_template,gsmplus_critical_thinking
pairs_arith_v2.csv,1730,arithmetic,gsm8k_test_0193,cal,retain,H1_same_topic,svamp
pairs_arith_v2.csv,1731,arithmetic,gsm8k_test_0193,cal,retain,H3_predating,asdiv
pairs_arith_v2.csv,1732,arithmetic,gsm8k_test_0193,cal,retain,R_random,truthfulqa
pairs_arith_v2.csv,1759,arithmetic,gsm8k_test_0197,cal,remove,C0_exact,gsm8k_copy
pairs_arith_v2.csv,1760,arithmetic,gsm8k_test_0197,cal,remove,C1_transformed,lmsys_rephrase
pairs_arith_v2.csv,1761,arithmetic,gsm8k_test_0197,cal,remove,C2_answer_bearing,gsm8k_solution_frag
pairs_arith_v2.csv,1762,arithmetic,gsm8k_test_0197,cal,retain,H2_same_template,gsmplus_numerical_substitution
pairs_arith_v2.csv,1763,arithmetic,gsm8k_test_0197,cal,remove,C1_transformed,gsmplus_problem_understanding
pairs_arith_v2.csv,1764,arithmetic,gsm8k_test_0197,cal,retain,H2_same_template,gsmplus_critical_thinking
pairs_arith_v2.csv,1765,arithmetic,gsm8k_test_0197,cal,retain,H1_same_topic,svamp
pairs_arith_v2.csv,1766,arithmetic,gsm8k_test_0197,cal,retain,H3_predating,asdiv
pairs_arith_v2.csv,1767,arithmetic,gsm8k_test_0197,cal,retain,R_random,truthfulqa
pairs_arith_v2.csv,1786,arithmetic,gsm8k_test_0200,cal,remove,C0_exact,gsm8k_copy
pairs_arith_v2.csv,1787,arithmetic,gsm8k_test_0200,cal,remove,C1_transformed,lmsys_rephrase
pairs_arith_v2.csv,1788,arithmetic,gsm8k_test_0200,cal,remove,C2_answer_bearing,gsm8k_solution_frag
pairs_arith_v2.csv,1789,arithmetic,gsm8k_test_0200,cal,retain,H2_same_template,gsmplus_numerical_substitution
pairs_arith_v2.csv,1790,arithmetic,gsm8k_test_0200,cal,remove,C1_transformed,gsmplus_problem_understanding
pairs_arith_v2.csv,1791,arithmetic,gsm8k_test_0200,cal,retain,H2_same_template,gsmplus_critical_thinking
pairs_arith_v2.csv,1792,arithmetic,gsm8k_test_0200,cal,retain,H1_same_topic,svamp
pairs_arith_v2.csv,1793,arithmetic,gsm8k_test_0200,cal,retain,H3_predating,asdiv
pairs_arith_v2.csv,1794,arithmetic,gsm8k_test_0200,cal,retain,R_random,truthfulqa
pairs_arith_v2.csv,1804,arithmetic,gsm8k_test_0202,cal,remove,C0_exact,gsm8k_copy
pairs_arith_v2.csv,1805,arithmetic,gsm8k_test_0202,cal,remove,C1_transformed,lmsys_rephrase
pairs_arith_v2.csv,1806,arithmetic,gsm8k_test_0202,cal,remove,C2_answer_bearing,gsm8k_solution_frag
pairs_arith_v2.csv,1807,arithmetic,gsm8k_test_0202,cal,retain,H2_same_template,gsmplus_numerical_substitution
pairs_arith_v2.csv,1808,arithmetic,gsm8k_test_0202,cal,remove,C1_transformed,gsmplus_problem_understanding
pairs_arith_v2.csv,1809,arithmetic,gsm8k_test_0202,cal,retain,H2_same_template,gsmplus_critical_thinking
pairs_arith_v2.csv,1810,arithmetic,gsm8k_test_0202,cal,retain,H1_same_topic,svamp
pairs_arith_v2.csv,1811,arithmetic,gsm8k_test_0202,cal,retain,H3_predating,asdiv
pairs_arith_v2.csv,1812,arithmetic,gsm8k_test_0202,cal,retain,R_random,truthfulqa
pairs_arith_v2.csv,1858,arithmetic,gsm8k_test_0208,cal,remove,C0_exact,gsm8k_copy
pairs_arith_v2.csv,1859,arithmetic,gsm8k_test_0208,cal,remove,C1_transformed,lmsys_rephrase
pairs_arith_v2.csv,1860,arithmetic,gsm8k_test_0208,cal,remove,C2_answer_bearing,gsm8k_solution_frag
pairs_arith_v2.csv,1861,arithmetic,gsm8k_test_0208,cal,retain,H2_same_template,gsmplus_numerical_substitution
pairs_arith_v2.csv,1862,arithmetic,gsm8k_test_0208,cal,remove,C1_transformed,gsmplus_problem_understanding
pairs_arith_v2.csv,1863,arithmetic,gsm8k_test_0208,cal,retain,H2_same_template,gsmplus_critical_thinking
pairs_arith_v2.csv,1864,arithmetic,gsm8k_test_0208,cal,retain,H1_same_topic,svamp
pairs_arith_v2.csv,1865,arithmetic,gsm8k_test_0208,cal,retain,H3_predating,asdiv
pairs_arith_v2.csv,1866,arithmetic,gsm8k_test_0208,cal,retain,R_random,truthfulqa
pairs_arith_v2.csv,1920,arithmetic,gsm8k_test_0215,cal,remove,C0_exact,gsm8k_copy
pairs_arith_v2.csv,1921,arithmetic,gsm8k_test_0215,cal,remove,C1_transformed,lmsys_rephrase
pairs_arith_v2.csv,1922,arithmetic,gsm8k_test_0215,cal,remove,C2_answer_bearing,gsm8k_solution_frag
pairs_arith_v2.csv,1923,arithmetic,gsm8k_test_0215,cal,retain,H2_same_template,gsmplus_numerical_substitution
pairs_arith_v2.csv,1924,arithmetic,gsm8k_test_0215,cal,remove,C1_transformed,gsmplus_problem_understanding
pairs_arith_v2.csv,1925,arithmetic,gsm8k_test_0215,cal,retain,H2_same_template,gsmplus_critical_thinking
pairs_arith_v2.csv,1926,arithmetic,gsm8k_test_0215,cal,retain,H1_same_topic,svamp
pairs_arith_v2.csv,1927,arithmetic,gsm8k_test_0215,cal,retain,H3_predating,asdiv
pairs_arith_v2.csv,1928,arithmetic,gsm8k_test_0215,cal,retain,R_random,truthfulqa
pairs_arith_v2.csv,1956,arithmetic,gsm8k_test_0219,cal,remove,C0_exact,gsm8k_copy
pairs_arith_v2.csv,1957,arithmetic,gsm8k_test_0219,cal,remove,C1_transformed,lmsys_rephrase
pairs_arith_v2.csv,1958,arithmetic,gsm8k_test_0219,cal,remove,C2_answer_bearing,gsm8k_solution_frag
pairs_arith_v2.csv,1959,arithmetic,gsm8k_test_0219,cal,retain,H2_same_template,gsmplus_numerical_substitution
pairs_arith_v2.csv,1960,arithmetic,gsm8k_test_0219,cal,remove,C1_transformed,gsmplus_problem_understanding
pairs_arith_v2.csv,1961,arithmetic,gsm8k_test_0219,cal,retain,H2_same_template,gsmplus_critical_thinking
pairs_arith_v2.csv,1962,arithmetic,gsm8k_test_0219,cal,retain,H1_same_topic,svamp
pairs_arith_v2.csv,1963,arithmetic,gsm8k_test_0219,cal,retain,H3_predating,asdiv
pairs_arith_v2.csv,1964,arithmetic,gsm8k_test_0219,cal,retain,R_random,truthfulqa
pairs_arith_v2.csv,2018,arithmetic,gsm8k_test_0226,cal,remove,C0_exact,gsm8k_copy
pairs_arith_v2.csv,2019,arithmetic,gsm8k_test_0226,cal,remove,C1_transformed,lmsys_rephrase
pairs_arith_v2.csv,2020,arithmetic,gsm8k_test_0226,cal,remove,C2_answer_bearing,gsm8k_solution_frag
pairs_arith_v2.csv,2021,arithmetic,gsm8k_test_0226,cal,retain,H2_same_template,gsmplus_numerical_substitution
pairs_arith_v2.csv,2022,arithmetic,gsm8k_test_0226,cal,remove,C1_transformed,gsmplus_problem_understanding
pairs_arith_v2.csv,2023,arithmetic,gsm8k_test_0226,cal,retain,H2_same_template,gsmplus_critical_thinking
pairs_arith_v2.csv,2024,arithmetic,gsm8k_test_0226,cal,retain,H1_same_topic,svamp
pairs_arith_v2.csv,2025,arithmetic,gsm8k_test_0226,cal,retain,H3_predating,asdiv
pairs_arith_v2.csv,2026,arithmetic,gsm8k_test_0226,cal,retain,R_random,truthfulqa
pairs_arith_v2.csv,2071,arithmetic,gsm8k_test_0232,cal,remove,C0_exact,gsm8k_copy
pairs_arith_v2.csv,2072,arithmetic,gsm8k_test_0232,cal,remove,C1_transformed,lmsys_rephrase
pairs_arith_v2.csv,2073,arithmetic,gsm8k_test_0232,cal,remove,C2_answer_bearing,gsm8k_solution_frag
pairs_arith_v2.csv,2074,arithmetic,gsm8k_test_0232,cal,retain,H2_same_template,gsmplus_numerical_substitution
pairs_arith_v2.csv,2075,arithmetic,gsm8k_test_0232,cal,remove,C1_transformed,gsmplus_problem_understanding
pairs_arith_v2.csv,2076,arithmetic,gsm8k_test_0232,cal,retain,H2_same_template,gsmplus_critical_thinking
pairs_arith_v2.csv,2077,arithmetic,gsm8k_test_0232,cal,retain,H1_same_topic,svamp
pairs_arith_v2.csv,2078,arithmetic,gsm8k_test_0232,cal,retain,H3_predating,asdiv
pairs_arith_v2.csv,2079,arithmetic,gsm8k_test_0232,cal,retain,R_random,truthfulqa
pairs_arith_v2.csv,2080,arithmetic,gsm8k_test_0233,cal,remove,C0_exact,gsm8k_copy
pairs_arith_v2.csv,2081,arithmetic,gsm8k_test_0233,cal,remove,C1_transformed,lmsys_rephrase
pairs_arith_v2.csv,2082,arithmetic,gsm8k_test_0233,cal,remove,C2_answer_bearing,gsm8k_solution_frag
pairs_arith_v2.csv,2083,arithmetic,gsm8k_test_0233,cal,retain,H2_same_template,gsmplus_numerical_substitution
pairs_arith_v2.csv,2084,arithmetic,gsm8k_test_0233,cal,remove,C1_transformed,gsmplus_problem_understanding
pairs_arith_v2.csv,2085,arithmetic,gsm8k_test_0233,cal,retain,H2_same_template,gsmplus_critical_thinking
pairs_arith_v2.csv,2086,arithmetic,gsm8k_test_0233,cal,retain,H1_same_topic,svamp
pairs_arith_v2.csv,2087,arithmetic,gsm8k_test_0233,cal,retain,H3_predating,asdiv
pairs_arith_v2.csv,2088,arithmetic,gsm8k_test_0233,cal,retain,R_random,truthfulqa
pairs_arith_v2.csv,2089,arithmetic,gsm8k_test_0234,cal,remove,C0_exact,gsm8k_copy
pairs_arith_v2.csv,2090,arithmetic,gsm8k_test_0234,cal,remove,C1_transformed,lmsys_rephrase
pairs_arith_v2.csv,2091,arithmetic,gsm8k_test_0234,cal,remove,C2_answer_bearing,gsm8k_solution_frag
pairs_arith_v2.csv,2092,arithmetic,gsm8k_test_0234,cal,remove,C1_transformed,gsmplus_problem_understanding
pairs_arith_v2.csv,2093,arithmetic,gsm8k_test_0234,cal,retain,H2_same_template,gsmplus_critical_thinking
pairs_arith_v2.csv,2094,arithmetic,gsm8k_test_0234,cal,retain,H1_same_topic,svamp
pairs_arith_v2.csv,2095,arithmetic,gsm8k_test_0234,cal,retain,H3_predating,asdiv
pairs_arith_v2.csv,2096,arithmetic,gsm8k_test_0234,cal,retain,R_random,truthfulqa
pairs_arith_v2.csv,2097,arithmetic,gsm8k_test_0235,cal,remove,C0_exact,gsm8k_copy
pairs_arith_v2.csv,2098,arithmetic,gsm8k_test_0235,cal,remove,C1_transformed,lmsys_rephrase
pairs_arith_v2.csv,2099,arithmetic,gsm8k_test_0235,cal,remove,C2_answer_bearing,gsm8k_solution_frag
pairs_arith_v2.csv,2100,arithmetic,gsm8k_test_0235,cal,retain,H2_same_template,gsmplus_numerical_substitution
pairs_arith_v2.csv,2101,arithmetic,gsm8k_test_0235,cal,remove,C1_transformed,gsmplus_problem_understanding
pairs_arith_v2.csv,2102,arithmetic,gsm8k_test_0235,cal,retain,H2_same_template,gsmplus_critical_thinking
pairs_arith_v2.csv,2103,arithmetic,gsm8k_test_0235,cal,retain,H1_same_topic,svamp
pairs_arith_v2.csv,2104,arithmetic,gsm8k_test_0235,cal,retain,H3_predating,asdiv
pairs_arith_v2.csv,2105,arithmetic,gsm8k_test_0235,cal,retain,R_random,truthfulqa
pairs_arith_v2.csv,2123,arithmetic,gsm8k_test_0238,cal,remove,C0_exact,gsm8k_copy
pairs_arith_v2.csv,2124,arithmetic,gsm8k_test_0238,cal,remove,C1_transformed,lmsys_rephrase
pairs_arith_v2.csv,2125,arithmetic,gsm8k_test_0238,cal,remove,C2_answer_bearing,gsm8k_solution_frag
pairs_arith_v2.csv,2126,arithmetic,gsm8k_test_0238,cal,retain,H2_same_template,gsmplus_numerical_substitution
pairs_arith_v2.csv,2127,arithmetic,gsm8k_test_0238,cal,remove,C1_transformed,gsmplus_problem_understanding
pairs_arith_v2.csv,2128,arithmetic,gsm8k_test_0238,cal,retain,H2_same_template,gsmplus_critical_thinking
pairs_arith_v2.csv,2129,arithmetic,gsm8k_test_0238,cal,retain,H1_same_topic,svamp
pairs_arith_v2.csv,2130,arithmetic,gsm8k_test_0238,cal,retain,H3_predating,asdiv
pairs_arith_v2.csv,2131,arithmetic,gsm8k_test_0238,cal,retain,R_random,truthfulqa
pairs_arith_v2.csv,2141,arithmetic,gsm8k_test_0240,cal,remove,C0_exact,gsm8k_copy
pairs_arith_v2.csv,2142,arithmetic,gsm8k_test_0240,cal,remove,C1_transformed,lmsys_rephrase
pairs_arith_v2.csv,2143,arithmetic,gsm8k_test_0240,cal,remove,C2_answer_bearing,gsm8k_solution_frag
pairs_arith_v2.csv,2144,arithmetic,gsm8k_test_0240,cal,retain,H2_same_template,gsmplus_numerical_substitution
pairs_arith_v2.csv,2145,arithmetic,gsm8k_test_0240,cal,remove,C1_transformed,gsmplus_problem_understanding
pairs_arith_v2.csv,2146,arithmetic,gsm8k_test_0240,cal,retain,H2_same_template,gsmplus_critical_thinking
pairs_arith_v2.csv,2147,arithmetic,gsm8k_test_0240,cal,retain,H1_same_topic,svamp
pairs_arith_v2.csv,2148,arithmetic,gsm8k_test_0240,cal,retain,H3_predating,asdiv
pairs_arith_v2.csv,2149,arithmetic,gsm8k_test_0240,cal,retain,R_random,truthfulqa
pairs_arith_v2.csv,2204,arithmetic,gsm8k_test_0247,cal,remove,C0_exact,gsm8k_copy
pairs_arith_v2.csv,2205,arithmetic,gsm8k_test_0247,cal,remove,C1_transformed,lmsys_rephrase
pairs_arith_v2.csv,2206,arithmetic,gsm8k_test_0247,cal,remove,C2_answer_bearing,gsm8k_solution_frag
pairs_arith_v2.csv,2207,arithmetic,gsm8k_test_0247,cal,retain,H2_same_template,gsmplus_numerical_substitution
pairs_arith_v2.csv,2208,arithmetic,gsm8k_test_0247,cal,remove,C1_transformed,gsmplus_problem_understanding
pairs_arith_v2.csv,2209,arithmetic,gsm8k_test_0247,cal,retain,H2_same_template,gsmplus_critical_thinking
pairs_arith_v2.csv,2210,arithmetic,gsm8k_test_0247,cal,retain,H1_same_topic,svamp
pairs_arith_v2.csv,2211,arithmetic,gsm8k_test_0247,cal,retain,H3_predating,asdiv
pairs_arith_v2.csv,2212,arithmetic,gsm8k_test_0247,cal,retain,R_random,truthfulqa
pairs_arith_v2.csv,2222,arithmetic,gsm8k_test_0249,cal,remove,C0_exact,gsm8k_copy
pairs_arith_v2.csv,2223,arithmetic,gsm8k_test_0249,cal,remove,C1_transformed,lmsys_rephrase
pairs_arith_v2.csv,2224,arithmetic,gsm8k_test_0249,cal,remove,C2_answer_bearing,gsm8k_solution_frag
pairs_arith_v2.csv,2225,arithmetic,gsm8k_test_0249,cal,retain,H2_same_template,gsmplus_numerical_substitution
pairs_arith_v2.csv,2226,arithmetic,gsm8k_test_0249,cal,remove,C1_transformed,gsmplus_problem_understanding
pairs_arith_v2.csv,2227,arithmetic,gsm8k_test_0249,cal,retain,H2_same_template,gsmplus_critical_thinking
pairs_arith_v2.csv,2228,arithmetic,gsm8k_test_0249,cal,retain,H1_same_topic,svamp
pairs_arith_v2.csv,2229,arithmetic,gsm8k_test_0249,cal,retain,H3_predating,asdiv
pairs_arith_v2.csv,2230,arithmetic,gsm8k_test_0249,cal,retain,R_random,truthfulqa
pairs_arith_v2.csv,2231,arithmetic,gsm8k_test_0250,cal,remove,C0_exact,gsm8k_copy
pairs_arith_v2.csv,2232,arithmetic,gsm8k_test_0250,cal,remove,C1_transformed,lmsys_rephrase
pairs_arith_v2.csv,2233,arithmetic,gsm8k_test_0250,cal,remove,C2_answer_bearing,gsm8k_solution_frag
pairs_arith_v2.csv,2234,arithmetic,gsm8k_test_0250,cal,retain,H2_same_template,gsmplus_numerical_substitution
pairs_arith_v2.csv,2235,arithmetic,gsm8k_test_0250,cal,remove,C1_transformed,gsmplus_problem_understanding
pairs_arith_v2.csv,2236,arithmetic,gsm8k_test_0250,cal,retain,H2_same_template,gsmplus_critical_thinking
pairs_arith_v2.csv,2237,arithmetic,gsm8k_test_0250,cal,retain,H1_same_topic,svamp
pairs_arith_v2.csv,2238,arithmetic,gsm8k_test_0250,cal,retain,H3_predating,asdiv
pairs_arith_v2.csv,2239,arithmetic,gsm8k_test_0250,cal,retain,R_random,truthfulqa
pairs_arith_v2.csv,2258,arithmetic,gsm8k_test_0253,cal,remove,C0_exact,gsm8k_copy
pairs_arith_v2.csv,2259,arithmetic,gsm8k_test_0253,cal,remove,C1_transformed,lmsys_rephrase
pairs_arith_v2.csv,2260,arithmetic,gsm8k_test_0253,cal,remove,C2_answer_bearing,gsm8k_solution_frag
pairs_arith_v2.csv,2261,arithmetic,gsm8k_test_0253,cal,retain,H2_same_template,gsmplus_numerical_substitution
pairs_arith_v2.csv,2262,arithmetic,gsm8k_test_0253,cal,remove,C1_transformed,gsmplus_problem_understanding
pairs_arith_v2.csv,2263,arithmetic,gsm8k_test_0253,cal,retain,H2_same_template,gsmplus_critical_thinking
pairs_arith_v2.csv,2264,arithmetic,gsm8k_test_0253,cal,retain,H1_same_topic,svamp
pairs_arith_v2.csv,2265,arithmetic,gsm8k_test_0253,cal,retain,H3_predating,asdiv
pairs_arith_v2.csv,2266,arithmetic,gsm8k_test_0253,cal,retain,R_random,truthfulqa
pairs_arith_v2.csv,2276,arithmetic,gsm8k_test_0255,cal,remove,C0_exact,gsm8k_copy
pairs_arith_v2.csv,2277,arithmetic,gsm8k_test_0255,cal,remove,C1_transformed,lmsys_rephrase
pairs_arith_v2.csv,2278,arithmetic,gsm8k_test_0255,cal,remove,C2_answer_bearing,gsm8k_solution_frag
pairs_arith_v2.csv,2279,arithmetic,gsm8k_test_0255,cal,retain,H2_same_template,gsmplus_numerical_substitution
pairs_arith_v2.csv,2280,arithmetic,gsm8k_test_0255,cal,remove,C1_transformed,gsmplus_problem_understanding
pairs_arith_v2.csv,2281,arithmetic,gsm8k_test_0255,cal,retain,H2_same_template,gsmplus_critical_thinking
pairs_arith_v2.csv,2282,arithmetic,gsm8k_test_0255,cal,retain,H1_same_topic,svamp
pairs_arith_v2.csv,2283,arithmetic,gsm8k_test_0255,cal,retain,H3_predating,asdiv
pairs_arith_v2.csv,2284,arithmetic,gsm8k_test_0255,cal,retain,R_random,truthfulqa
pairs_arith_v2.csv,2285,arithmetic,gsm8k_test_0256,cal,remove,C0_exact,gsm8k_copy
pairs_arith_v2.csv,2286,arithmetic,gsm8k_test_0256,cal,remove,C1_transformed,lmsys_rephrase
pairs_arith_v2.csv,2287,arithmetic,gsm8k_test_0256,cal,remove,C2_answer_bearing,gsm8k_solution_frag
pairs_arith_v2.csv,2288,arithmetic,gsm8k_test_0256,cal,retain,H2_same_template,gsmplus_numerical_substitution
pairs_arith_v2.csv,2289,arithmetic,gsm8k_test_0256,cal,remove,C1_transformed,gsmplus_problem_understanding
pairs_arith_v2.csv,2290,arithmetic,gsm8k_test_0256,cal,retain,H2_same_template,gsmplus_critical_thinking
pairs_arith_v2.csv,2291,arithmetic,gsm8k_test_0256,cal,retain,H1_same_topic,svamp
pairs_arith_v2.csv,2292,arithmetic,gsm8k_test_0256,cal,retain,H3_predating,asdiv
pairs_arith_v2.csv,2293,arithmetic,gsm8k_test_0256,cal,retain,R_random,truthfulqa
pairs_arith_v2.csv,2321,arithmetic,gsm8k_test_0260,cal,remove,C0_exact,gsm8k_copy
pairs_arith_v2.csv,2322,arithmetic,gsm8k_test_0260,cal,remove,C1_transformed,lmsys_rephrase
pairs_arith_v2.csv,2323,arithmetic,gsm8k_test_0260,cal,remove,C2_answer_bearing,gsm8k_solution_frag
pairs_arith_v2.csv,2324,arithmetic,gsm8k_test_0260,cal,retain,H2_same_template,gsmplus_numerical_substitution
pairs_arith_v2.csv,2325,arithmetic,gsm8k_test_0260,cal,remove,C1_transformed,gsmplus_problem_understanding
pairs_arith_v2.csv,2326,arithmetic,gsm8k_test_0260,cal,retain,H2_same_template,gsmplus_critical_thinking
pairs_arith_v2.csv,2327,arithmetic,gsm8k_test_0260,cal,retain,H1_same_topic,svamp
pairs_arith_v2.csv,2328,arithmetic,gsm8k_test_0260,cal,retain,H3_predating,asdiv
pairs_arith_v2.csv,2329,arithmetic,gsm8k_test_0260,cal,retain,R_random,truthfulqa
pairs_arith_v2.csv,2348,arithmetic,gsm8k_test_0263,cal,remove,C0_exact,gsm8k_copy
pairs_arith_v2.csv,2349,arithmetic,gsm8k_test_0263,cal,remove,C1_transformed,lmsys_rephrase
pairs_arith_v2.csv,2350,arithmetic,gsm8k_test_0263,cal,remove,C2_answer_bearing,gsm8k_solution_frag
pairs_arith_v2.csv,2351,arithmetic,gsm8k_test_0263,cal,retain,H2_same_template,gsmplus_numerical_substitution
pairs_arith_v2.csv,2352,arithmetic,gsm8k_test_0263,cal,remove,C1_transformed,gsmplus_problem_understanding
pairs_arith_v2.csv,2353,arithmetic,gsm8k_test_0263,cal,retain,H2_same_template,gsmplus_critical_thinking
pairs_arith_v2.csv,2354,arithmetic,gsm8k_test_0263,cal,retain,H1_same_topic,svamp
pairs_arith_v2.csv,2355,arithmetic,gsm8k_test_0263,cal,retain,H3_predating,asdiv
pairs_arith_v2.csv,2356,arithmetic,gsm8k_test_0263,cal,retain,R_random,truthfulqa
pairs_arith_v2.csv,2438,arithmetic,gsm8k_test_0273,cal,remove,C0_exact,gsm8k_copy
pairs_arith_v2.csv,2439,arithmetic,gsm8k_test_0273,cal,remove,C1_transformed,lmsys_rephrase
pairs_arith_v2.csv,2440,arithmetic,gsm8k_test_0273,cal,remove,C2_answer_bearing,gsm8k_solution_frag
pairs_arith_v2.csv,2441,arithmetic,gsm8k_test_0273,cal,retain,H2_same_template,gsmplus_numerical_substitution
pairs_arith_v2.csv,2442,arithmetic,gsm8k_test_0273,cal,remove,C1_transformed,gsmplus_problem_understanding
pairs_arith_v2.csv,2443,arithmetic,gsm8k_test_0273,cal,retain,H2_same_template,gsmplus_critical_thinking
pairs_arith_v2.csv,2444,arithmetic,gsm8k_test_0273,cal,retain,H1_same_topic,svamp
pairs_arith_v2.csv,2445,arithmetic,gsm8k_test_0273,cal,retain,H3_predating,asdiv
pairs_arith_v2.csv,2446,arithmetic,gsm8k_test_0273,cal,retain,R_random,truthfulqa
pairs_arith_v2.csv,2465,arithmetic,gsm8k_test_0276,cal,remove,C0_exact,gsm8k_copy
pairs_arith_v2.csv,2466,arithmetic,gsm8k_test_0276,cal,remove,C1_transformed,lmsys_rephrase
pairs_arith_v2.csv,2467,arithmetic,gsm8k_test_0276,cal,remove,C2_answer_bearing,gsm8k_solution_frag
pairs_arith_v2.csv,2468,arithmetic,gsm8k_test_0276,cal,retain,H2_same_template,gsmplus_numerical_substitution
pairs_arith_v2.csv,2469,arithmetic,gsm8k_test_0276,cal,remove,C1_transformed,gsmplus_problem_understanding
pairs_arith_v2.csv,2470,arithmetic,gsm8k_test_0276,cal,retain,H2_same_template,gsmplus_critical_thinking
pairs_arith_v2.csv,2471,arithmetic,gsm8k_test_0276,cal,retain,H1_same_topic,svamp
pairs_arith_v2.csv,2472,arithmetic,gsm8k_test_0276,cal,retain,H3_predating,asdiv
pairs_arith_v2.csv,2473,arithmetic,gsm8k_test_0276,cal,retain,R_random,truthfulqa
pairs_arith_v2.csv,2483,arithmetic,gsm8k_test_0278,cal,remove,C0_exact,gsm8k_copy
pairs_arith_v2.csv,2484,arithmetic,gsm8k_test_0278,cal,remove,C1_transformed,lmsys_rephrase
pairs_arith_v2.csv,2485,arithmetic,gsm8k_test_0278,cal,remove,C2_answer_bearing,gsm8k_solution_frag
pairs_arith_v2.csv,2486,arithmetic,gsm8k_test_0278,cal,retain,H2_same_template,gsmplus_numerical_substitution
pairs_arith_v2.csv,2487,arithmetic,gsm8k_test_0278,cal,remove,C1_transformed,gsmplus_problem_understanding
pairs_arith_v2.csv,2488,arithmetic,gsm8k_test_0278,cal,retain,H2_same_template,gsmplus_critical_thinking
pairs_arith_v2.csv,2489,arithmetic,gsm8k_test_0278,cal,retain,H1_same_topic,svamp
pairs_arith_v2.csv,2490,arithmetic,gsm8k_test_0278,cal,retain,H3_predating,asdiv
pairs_arith_v2.csv,2491,arithmetic,gsm8k_test_0278,cal,retain,R_random,truthfulqa
pairs_arith_v2.csv,2492,arithmetic,gsm8k_test_0279,cal,remove,C0_exact,gsm8k_copy
pairs_arith_v2.csv,2493,arithmetic,gsm8k_test_0279,cal,remove,C1_transformed,lmsys_rephrase
pairs_arith_v2.csv,2494,arithmetic,gsm8k_test_0279,cal,remove,C2_answer_bearing,gsm8k_solution_frag
pairs_arith_v2.csv,2495,arithmetic,gsm8k_test_0279,cal,retain,H2_same_template,gsmplus_numerical_substitution
pairs_arith_v2.csv,2496,arithmetic,gsm8k_test_0279,cal,remove,C1_transformed,gsmplus_problem_understanding
pairs_arith_v2.csv,2497,arithmetic,gsm8k_test_0279,cal,retain,H2_same_template,gsmplus_critical_thinking
pairs_arith_v2.csv,2498,arithmetic,gsm8k_test_0279,cal,retain,H1_same_topic,svamp
pairs_arith_v2.csv,2499,arithmetic,gsm8k_test_0279,cal,retain,H3_predating,asdiv
pairs_arith_v2.csv,2500,arithmetic,gsm8k_test_0279,cal,retain,R_random,truthfulqa
pairs_arith_v2.csv,2590,arithmetic,gsm8k_test_0290,cal,remove,C0_exact,gsm8k_copy
pairs_arith_v2.csv,2591,arithmetic,gsm8k_test_0290,cal,remove,C1_transformed,lmsys_rephrase
pairs_arith_v2.csv,2592,arithmetic,gsm8k_test_0290,cal,remove,C2_answer_bearing,gsm8k_solution_frag
pairs_arith_v2.csv,2593,arithmetic,gsm8k_test_0290,cal,retain,H2_same_template,gsmplus_numerical_substitution
pairs_arith_v2.csv,2594,arithmetic,gsm8k_test_0290,cal,remove,C1_transformed,gsmplus_problem_understanding
pairs_arith_v2.csv,2595,arithmetic,gsm8k_test_0290,cal,retain,H2_same_template,gsmplus_critical_thinking
pairs_arith_v2.csv,2596,arithmetic,gsm8k_test_0290,cal,retain,H1_same_topic,svamp
pairs_arith_v2.csv,2597,arithmetic,gsm8k_test_0290,cal,retain,H3_predating,asdiv
pairs_arith_v2.csv,2598,arithmetic,gsm8k_test_0290,cal,retain,R_random,truthfulqa
pairs_arith_v2.csv,2635,arithmetic,gsm8k_test_0295,cal,remove,C0_exact,gsm8k_copy
pairs_arith_v2.csv,2636,arithmetic,gsm8k_test_0295,cal,remove,C1_transformed,lmsys_rephrase
pairs_arith_v2.csv,2637,arithmetic,gsm8k_test_0295,cal,remove,C2_answer_bearing,gsm8k_solution_frag
pairs_arith_v2.csv,2638,arithmetic,gsm8k_test_0295,cal,retain,H2_same_template,gsmplus_numerical_substitution
pairs_arith_v2.csv,2639,arithmetic,gsm8k_test_0295,cal,remove,C1_transformed,gsmplus_problem_understanding
pairs_arith_v2.csv,2640,arithmetic,gsm8k_test_0295,cal,retain,H2_same_template,gsmplus_critical_thinking
pairs_arith_v2.csv,2641,arithmetic,gsm8k_test_0295,cal,retain,H1_same_topic,svamp
pairs_arith_v2.csv,2642,arithmetic,gsm8k_test_0295,cal,retain,H3_predating,asdiv
pairs_arith_v2.csv,2643,arithmetic,gsm8k_test_0295,cal,retain,R_random,truthfulqa
pairs_arith_v2.csv,2644,arithmetic,gsm8k_test_0296,cal,remove,C0_exact,gsm8k_copy
pairs_arith_v2.csv,2645,arithmetic,gsm8k_test_0296,cal,remove,C1_transformed,lmsys_rephrase
pairs_arith_v2.csv,2646,arithmetic,gsm8k_test_0296,cal,remove,C2_answer_bearing,gsm8k_solution_frag
pairs_arith_v2.csv,2647,arithmetic,gsm8k_test_0296,cal,retain,H2_same_template,gsmplus_numerical_substitution
pairs_arith_v2.csv,2648,arithmetic,gsm8k_test_0296,cal,remove,C1_transformed,gsmplus_problem_understanding
pairs_arith_v2.csv,2649,arithmetic,gsm8k_test_0296,cal,retain,H2_same_template,gsmplus_critical_thinking
pairs_arith_v2.csv,2650,arithmetic,gsm8k_test_0296,cal,retain,H1_same_topic,svamp
pairs_arith_v2.csv,2651,arithmetic,gsm8k_test_0296,cal,retain,H3_predating,asdiv
pairs_arith_v2.csv,2652,arithmetic,gsm8k_test_0296,cal,retain,R_random,truthfulqa
pairs_arith_v2.csv,2662,arithmetic,gsm8k_test_0298,cal,remove,C0_exact,gsm8k_copy
pairs_arith_v2.csv,2663,arithmetic,gsm8k_test_0298,cal,remove,C1_transformed,lmsys_rephrase
pairs_arith_v2.csv,2664,arithmetic,gsm8k_test_0298,cal,remove,C2_answer_bearing,gsm8k_solution_frag
pairs_arith_v2.csv,2665,arithmetic,gsm8k_test_0298,cal,retain,H2_same_template,gsmplus_numerical_substitution
pairs_arith_v2.csv,2666,arithmetic,gsm8k_test_0298,cal,remove,C1_transformed,gsmplus_problem_understanding
pairs_arith_v2.csv,2667,arithmetic,gsm8k_test_0298,cal,retain,H2_same_template,gsmplus_critical_thinking
pairs_arith_v2.csv,2668,arithmetic,gsm8k_test_0298,cal,retain,H1_same_topic,svamp
pairs_arith_v2.csv,2669,arithmetic,gsm8k_test_0298,cal,retain,H3_predating,asdiv
pairs_arith_v2.csv,2670,arithmetic,gsm8k_test_0298,cal,retain,R_random,truthfulqa
pairs_arith_v2.csv,2671,arithmetic,gsm8k_test_0299,cal,remove,C0_exact,gsm8k_copy
pairs_arith_v2.csv,2672,arithmetic,gsm8k_test_0299,cal,remove,C1_transformed,lmsys_rephrase
pairs_arith_v2.csv,2673,arithmetic,gsm8k_test_0299,cal,remove,C2_answer_bearing,gsm8k_solution_frag
pairs_arith_v2.csv,2674,arithmetic,gsm8k_test_0299,cal,retain,H2_same_template,gsmplus_numerical_substitution
pairs_arith_v2.csv,2675,arithmetic,gsm8k_test_0299,cal,remove,C1_transformed,gsmplus_problem_understanding
pairs_arith_v2.csv,2676,arithmetic,gsm8k_test_0299,cal,retain,H2_same_template,gsmplus_critical_thinking
pairs_arith_v2.csv,2677,arithmetic,gsm8k_test_0299,cal,retain,H1_same_topic,svamp
pairs_arith_v2.csv,2678,arithmetic,gsm8k_test_0299,cal,retain,H3_predating,asdiv
pairs_arith_v2.csv,2679,arithmetic,gsm8k_test_0299,cal,retain,R_random,truthfulqa
pairs_arith_v2.csv,2698,arithmetic,gsm8k_test_0302,cal,remove,C0_exact,gsm8k_copy
pairs_arith_v2.csv,2699,arithmetic,gsm8k_test_0302,cal,remove,C1_transformed,lmsys_rephrase
pairs_arith_v2.csv,2700,arithmetic,gsm8k_test_0302,cal,remove,C2_answer_bearing,gsm8k_solution_frag
pairs_arith_v2.csv,2701,arithmetic,gsm8k_test_0302,cal,retain,H2_same_template,gsmplus_numerical_substitution
pairs_arith_v2.csv,2702,arithmetic,gsm8k_test_0302,cal,remove,C1_transformed,gsmplus_problem_understanding
pairs_arith_v2.csv,2703,arithmetic,gsm8k_test_0302,cal,retain,H2_same_template,gsmplus_critical_thinking
pairs_arith_v2.csv,2704,arithmetic,gsm8k_test_0302,cal,retain,H1_same_topic,svamp
pairs_arith_v2.csv,2705,arithmetic,gsm8k_test_0302,cal,retain,H3_predating,asdiv
pairs_arith_v2.csv,2706,arithmetic,gsm8k_test_0302,cal,retain,R_random,truthfulqa
pairs_arith_v2.csv,2752,arithmetic,gsm8k_test_0308,cal,remove,C0_exact,gsm8k_copy
pairs_arith_v2.csv,2753,arithmetic,gsm8k_test_0308,cal,remove,C1_transformed,lmsys_rephrase
pairs_arith_v2.csv,2754,arithmetic,gsm8k_test_0308,cal,remove,C2_answer_bearing,gsm8k_solution_frag
pairs_arith_v2.csv,2755,arithmetic,gsm8k_test_0308,cal,retain,H2_same_template,gsmplus_numerical_substitution
pairs_arith_v2.csv,2756,arithmetic,gsm8k_test_0308,cal,remove,C1_transformed,gsmplus_problem_understanding
pairs_arith_v2.csv,2757,arithmetic,gsm8k_test_0308,cal,retain,H2_same_template,gsmplus_critical_thinking
pairs_arith_v2.csv,2758,arithmetic,gsm8k_test_0308,cal,retain,H1_same_topic,svamp
pairs_arith_v2.csv,2759,arithmetic,gsm8k_test_0308,cal,retain,H3_predating,asdiv
pairs_arith_v2.csv,2760,arithmetic,gsm8k_test_0308,cal,retain,R_random,truthfulqa
pairs_arith_v2.csv,2806,arithmetic,gsm8k_test_0314,cal,remove,C0_exact,gsm8k_copy
pairs_arith_v2.csv,2807,arithmetic,gsm8k_test_0314,cal,remove,C1_transformed,lmsys_rephrase
pairs_arith_v2.csv,2808,arithmetic,gsm8k_test_0314,cal,remove,C2_answer_bearing,gsm8k_solution_frag
pairs_arith_v2.csv,2809,arithmetic,gsm8k_test_0314,cal,retain,H2_same_template,gsmplus_numerical_substitution
pairs_arith_v2.csv,2810,arithmetic,gsm8k_test_0314,cal,remove,C1_transformed,gsmplus_problem_understanding
pairs_arith_v2.csv,2811,arithmetic,gsm8k_test_0314,cal,retain,H2_same_template,gsmplus_critical_thinking
pairs_arith_v2.csv,2812,arithmetic,gsm8k_test_0314,cal,retain,H1_same_topic,svamp
pairs_arith_v2.csv,2813,arithmetic,gsm8k_test_0314,cal,retain,H3_predating,asdiv
pairs_arith_v2.csv,2814,arithmetic,gsm8k_test_0314,cal,retain,R_random,truthfulqa
pairs_arith_v2.csv,2815,arithmetic,gsm8k_test_0315,cal,remove,C0_exact,gsm8k_copy
pairs_arith_v2.csv,2816,arithmetic,gsm8k_test_0315,cal,remove,C1_transformed,lmsys_rephrase
pairs_arith_v2.csv,2817,arithmetic,gsm8k_test_0315,cal,remove,C2_answer_bearing,gsm8k_solution_frag
pairs_arith_v2.csv,2818,arithmetic,gsm8k_test_0315,cal,retain,H2_same_template,gsmplus_numerical_substitution
pairs_arith_v2.csv,2819,arithmetic,gsm8k_test_0315,cal,remove,C1_transformed,gsmplus_problem_understanding
pairs_arith_v2.csv,2820,arithmetic,gsm8k_test_0315,cal,retain,H2_same_template,gsmplus_critical_thinking
pairs_arith_v2.csv,2821,arithmetic,gsm8k_test_0315,cal,retain,H1_same_topic,svamp
pairs_arith_v2.csv,2822,arithmetic,gsm8k_test_0315,cal,retain,H3_predating,asdiv
pairs_arith_v2.csv,2823,arithmetic,gsm8k_test_0315,cal,retain,R_random,truthfulqa
pairs_arith_v2.csv,2842,arithmetic,gsm8k_test_0318,cal,remove,C0_exact,gsm8k_copy
pairs_arith_v2.csv,2843,arithmetic,gsm8k_test_0318,cal,remove,C1_transformed,lmsys_rephrase
pairs_arith_v2.csv,2844,arithmetic,gsm8k_test_0318,cal,remove,C2_answer_bearing,gsm8k_solution_frag
pairs_arith_v2.csv,2845,arithmetic,gsm8k_test_0318,cal,retain,H2_same_template,gsmplus_numerical_substitution
pairs_arith_v2.csv,2846,arithmetic,gsm8k_test_0318,cal,remove,C1_transformed,gsmplus_problem_understanding
pairs_arith_v2.csv,2847,arithmetic,gsm8k_test_0318,cal,retain,H2_same_template,gsmplus_critical_thinking
pairs_arith_v2.csv,2848,arithmetic,gsm8k_test_0318,cal,retain,H1_same_topic,svamp
pairs_arith_v2.csv,2849,arithmetic,gsm8k_test_0318,cal,retain,H3_predating,asdiv
pairs_arith_v2.csv,2850,arithmetic,gsm8k_test_0318,cal,retain,R_random,truthfulqa
pairs_arith_v2.csv,2896,arithmetic,gsm8k_test_0324,cal,remove,C0_exact,gsm8k_copy
pairs_arith_v2.csv,2897,arithmetic,gsm8k_test_0324,cal,remove,C1_transformed,lmsys_rephrase
pairs_arith_v2.csv,2898,arithmetic,gsm8k_test_0324,cal,remove,C2_answer_bearing,gsm8k_solution_frag
pairs_arith_v2.csv,2899,arithmetic,gsm8k_test_0324,cal,retain,H2_same_template,gsmplus_numerical_substitution
pairs_arith_v2.csv,2900,arithmetic,gsm8k_test_0324,cal,remove,C1_transformed,gsmplus_problem_understanding
pairs_arith_v2.csv,2901,arithmetic,gsm8k_test_0324,cal,retain,H2_same_template,gsmplus_critical_thinking
pairs_arith_v2.csv,2902,arithmetic,gsm8k_test_0324,cal,retain,H1_same_topic,svamp
pairs_arith_v2.csv,2903,arithmetic,gsm8k_test_0324,cal,retain,H3_predating,asdiv
pairs_arith_v2.csv,2904,arithmetic,gsm8k_test_0324,cal,retain,R_random,truthfulqa
pairs_arith_v2.csv,2923,arithmetic,gsm8k_test_0327,cal,remove,C0_exact,gsm8k_copy
pairs_arith_v2.csv,2924,arithmetic,gsm8k_test_0327,cal,remove,C1_transformed,lmsys_rephrase
pairs_arith_v2.csv,2925,arithmetic,gsm8k_test_0327,cal,remove,C2_answer_bearing,gsm8k_solution_frag
pairs_arith_v2.csv,2926,arithmetic,gsm8k_test_0327,cal,retain,H2_same_template,gsmplus_numerical_substitution
pairs_arith_v2.csv,2927,arithmetic,gsm8k_test_0327,cal,remove,C1_transformed,gsmplus_problem_understanding
pairs_arith_v2.csv,2928,arithmetic,gsm8k_test_0327,cal,retain,H2_same_template,gsmplus_critical_thinking
pairs_arith_v2.csv,2929,arithmetic,gsm8k_test_0327,cal,retain,H1_same_topic,svamp
pairs_arith_v2.csv,2930,arithmetic,gsm8k_test_0327,cal,retain,H3_predating,asdiv
pairs_arith_v2.csv,2931,arithmetic,gsm8k_test_0327,cal,retain,R_random,truthfulqa
pairs_arith_v2.csv,2941,arithmetic,gsm8k_test_0329,cal,remove,C0_exact,gsm8k_copy
pairs_arith_v2.csv,2942,arithmetic,gsm8k_test_0329,cal,remove,C1_transformed,lmsys_rephrase
pairs_arith_v2.csv,2943,arithmetic,gsm8k_test_0329,cal,remove,C2_answer_bearing,gsm8k_solution_frag
pairs_arith_v2.csv,2944,arithmetic,gsm8k_test_0329,cal,retain,H2_same_template,gsmplus_numerical_substitution
pairs_arith_v2.csv,2945,arithmetic,gsm8k_test_0329,cal,remove,C1_transformed,gsmplus_problem_understanding
pairs_arith_v2.csv,2946,arithmetic,gsm8k_test_0329,cal,retain,H2_same_template,gsmplus_critical_thinking
pairs_arith_v2.csv,2947,arithmetic,gsm8k_test_0329,cal,retain,H1_same_topic,svamp
pairs_arith_v2.csv,2948,arithmetic,gsm8k_test_0329,cal,retain,H3_predating,asdiv
pairs_arith_v2.csv,2949,arithmetic,gsm8k_test_0329,cal,retain,R_random,truthfulqa
pairs_arith_v2.csv,2959,arithmetic,gsm8k_test_0331,cal,remove,C0_exact,gsm8k_copy
pairs_arith_v2.csv,2960,arithmetic,gsm8k_test_0331,cal,remove,C1_transformed,lmsys_rephrase
pairs_arith_v2.csv,2961,arithmetic,gsm8k_test_0331,cal,remove,C2_answer_bearing,gsm8k_solution_frag
pairs_arith_v2.csv,2962,arithmetic,gsm8k_test_0331,cal,retain,H2_same_template,gsmplus_numerical_substitution
pairs_arith_v2.csv,2963,arithmetic,gsm8k_test_0331,cal,remove,C1_transformed,gsmplus_problem_understanding
pairs_arith_v2.csv,2964,arithmetic,gsm8k_test_0331,cal,retain,H2_same_template,gsmplus_critical_thinking
pairs_arith_v2.csv,2965,arithmetic,gsm8k_test_0331,cal,retain,H1_same_topic,svamp
pairs_arith_v2.csv,2966,arithmetic,gsm8k_test_0331,cal,retain,H3_predating,asdiv
pairs_arith_v2.csv,2967,arithmetic,gsm8k_test_0331,cal,retain,R_random,truthfulqa
pairs_arith_v2.csv,2968,arithmetic,gsm8k_test_0332,cal,remove,C0_exact,gsm8k_copy
pairs_arith_v2.csv,2969,arithmetic,gsm8k_test_0332,cal,remove,C1_transformed,lmsys_rephrase
pairs_arith_v2.csv,2970,arithmetic,gsm8k_test_0332,cal,remove,C2_answer_bearing,gsm8k_solution_frag
pairs_arith_v2.csv,2971,arithmetic,gsm8k_test_0332,cal,retain,H2_same_template,gsmplus_numerical_substitution
pairs_arith_v2.csv,2972,arithmetic,gsm8k_test_0332,cal,remove,C1_transformed,gsmplus_problem_understanding
pairs_arith_v2.csv,2973,arithmetic,gsm8k_test_0332,cal,retain,H2_same_template,gsmplus_critical_thinking
pairs_arith_v2.csv,2974,arithmetic,gsm8k_test_0332,cal,retain,H1_same_topic,svamp
pairs_arith_v2.csv,2975,arithmetic,gsm8k_test_0332,cal,retain,H3_predating,asdiv
pairs_arith_v2.csv,2976,arithmetic,gsm8k_test_0332,cal,retain,R_random,truthfulqa
pairs_arith_v2.csv,2995,arithmetic,gsm8k_test_0335,cal,remove,C0_exact,gsm8k_copy
pairs_arith_v2.csv,2996,arithmetic,gsm8k_test_0335,cal,remove,C1_transformed,lmsys_rephrase
pairs_arith_v2.csv,2997,arithmetic,gsm8k_test_0335,cal,remove,C2_answer_bearing,gsm8k_solution_frag
pairs_arith_v2.csv,2998,arithmetic,gsm8k_test_0335,cal,retain,H2_same_template,gsmplus_numerical_substitution
pairs_arith_v2.csv,2999,arithmetic,gsm8k_test_0335,cal,remove,C1_transformed,gsmplus_problem_understanding
pairs_arith_v2.csv,3000,arithmetic,gsm8k_test_0335,cal,retain,H2_same_template,gsmplus_critical_thinking
pairs_arith_v2.csv,3001,arithmetic,gsm8k_test_0335,cal,retain,H1_same_topic,svamp
pairs_arith_v2.csv,3002,arithmetic,gsm8k_test_0335,cal,retain,H3_predating,asdiv
pairs_arith_v2.csv,3003,arithmetic,gsm8k_test_0335,cal,retain,R_random,truthfulqa
pairs_arith_v2.csv,3013,arithmetic,gsm8k_test_0337,cal,remove,C0_exact,gsm8k_copy
pairs_arith_v2.csv,3014,arithmetic,gsm8k_test_0337,cal,remove,C1_transformed,lmsys_rephrase
pairs_arith_v2.csv,3015,arithmetic,gsm8k_test_0337,cal,remove,C2_answer_bearing,gsm8k_solution_frag
pairs_arith_v2.csv,3016,arithmetic,gsm8k_test_0337,cal,retain,H2_same_template,gsmplus_numerical_substitution
pairs_arith_v2.csv,3017,arithmetic,gsm8k_test_0337,cal,remove,C1_transformed,gsmplus_problem_understanding
pairs_arith_v2.csv,3018,arithmetic,gsm8k_test_0337,cal,retain,H2_same_template,gsmplus_critical_thinking
pairs_arith_v2.csv,3019,arithmetic,gsm8k_test_0337,cal,retain,H1_same_topic,svamp
pairs_arith_v2.csv,3020,arithmetic,gsm8k_test_0337,cal,retain,H3_predating,asdiv
pairs_arith_v2.csv,3021,arithmetic,gsm8k_test_0337,cal,retain,R_random,truthfulqa
pairs_arith_v2.csv,3022,arithmetic,gsm8k_test_0338,cal,remove,C0_exact,gsm8k_copy
pairs_arith_v2.csv,3023,arithmetic,gsm8k_test_0338,cal,remove,C1_transformed,lmsys_rephrase
pairs_arith_v2.csv,3024,arithmetic,gsm8k_test_0338,cal,remove,C2_answer_bearing,gsm8k_solution_frag
pairs_arith_v2.csv,3025,arithmetic,gsm8k_test_0338,cal,retain,H2_same_template,gsmplus_numerical_substitution
pairs_arith_v2.csv,3026,arithmetic,gsm8k_test_0338,cal,remove,C1_transformed,gsmplus_problem_understanding
pairs_arith_v2.csv,3027,arithmetic,gsm8k_test_0338,cal,retain,H2_same_template,gsmplus_critical_thinking
pairs_arith_v2.csv,3028,arithmetic,gsm8k_test_0338,cal,retain,H1_same_topic,svamp
pairs_arith_v2.csv,3029,arithmetic,gsm8k_test_0338,cal,retain,H3_predating,asdiv
pairs_arith_v2.csv,3030,arithmetic,gsm8k_test_0338,cal,retain,R_random,truthfulqa
pairs_arith_v2.csv,3040,arithmetic,gsm8k_test_0340,cal,remove,C0_exact,gsm8k_copy
pairs_arith_v2.csv,3041,arithmetic,gsm8k_test_0340,cal,remove,C1_transformed,lmsys_rephrase
pairs_arith_v2.csv,3042,arithmetic,gsm8k_test_0340,cal,remove,C2_answer_bearing,gsm8k_solution_frag
pairs_arith_v2.csv,3043,arithmetic,gsm8k_test_0340,cal,retain,H2_same_template,gsmplus_numerical_substitution
pairs_arith_v2.csv,3044,arithmetic,gsm8k_test_0340,cal,remove,C1_transformed,gsmplus_problem_understanding
pairs_arith_v2.csv,3045,arithmetic,gsm8k_test_0340,cal,retain,H2_same_template,gsmplus_critical_thinking
pairs_arith_v2.csv,3046,arithmetic,gsm8k_test_0340,cal,retain,H1_same_topic,svamp
pairs_arith_v2.csv,3047,arithmetic,gsm8k_test_0340,cal,retain,H3_predating,asdiv
pairs_arith_v2.csv,3048,arithmetic,gsm8k_test_0340,cal,retain,R_random,truthfulqa
pairs_arith_v2.csv,3049,arithmetic,gsm8k_test_0341,cal,remove,C0_exact,gsm8k_copy
pairs_arith_v2.csv,3050,arithmetic,gsm8k_test_0341,cal,remove,C1_transformed,lmsys_rephrase
pairs_arith_v2.csv,3051,arithmetic,gsm8k_test_0341,cal,remove,C2_answer_bearing,gsm8k_solution_frag
pairs_arith_v2.csv,3052,arithmetic,gsm8k_test_0341,cal,retain,H2_same_template,gsmplus_numerical_substitution
pairs_arith_v2.csv,3053,arithmetic,gsm8k_test_0341,cal,remove,C1_transformed,gsmplus_problem_understanding
pairs_arith_v2.csv,3054,arithmetic,gsm8k_test_0341,cal,retain,H2_same_template,gsmplus_critical_thinking
pairs_arith_v2.csv,3055,arithmetic,gsm8k_test_0341,cal,retain,H1_same_topic,svamp
pairs_arith_v2.csv,3056,arithmetic,gsm8k_test_0341,cal,retain,H3_predating,asdiv
pairs_arith_v2.csv,3057,arithmetic,gsm8k_test_0341,cal,retain,R_random,truthfulqa
pairs_arith_v2.csv,3058,arithmetic,gsm8k_test_0342,cal,remove,C0_exact,gsm8k_copy
pairs_arith_v2.csv,3059,arithmetic,gsm8k_test_0342,cal,remove,C1_transformed,lmsys_rephrase
pairs_arith_v2.csv,3060,arithmetic,gsm8k_test_0342,cal,remove,C2_answer_bearing,gsm8k_solution_frag
pairs_arith_v2.csv,3061,arithmetic,gsm8k_test_0342,cal,retain,H2_same_template,gsmplus_numerical_substitution
pairs_arith_v2.csv,3062,arithmetic,gsm8k_test_0342,cal,remove,C1_transformed,gsmplus_problem_understanding
pairs_arith_v2.csv,3063,arithmetic,gsm8k_test_0342,cal,retain,H2_same_template,gsmplus_critical_thinking
pairs_arith_v2.csv,3064,arithmetic,gsm8k_test_0342,cal,retain,H1_same_topic,svamp
pairs_arith_v2.csv,3065,arithmetic,gsm8k_test_0342,cal,retain,H3_predating,asdiv
pairs_arith_v2.csv,3066,arithmetic,gsm8k_test_0342,cal,retain,R_random,truthfulqa
pairs_arith_v2.csv,3085,arithmetic,gsm8k_test_0345,cal,remove,C0_exact,gsm8k_copy
pairs_arith_v2.csv,3086,arithmetic,gsm8k_test_0345,cal,remove,C1_transformed,lmsys_rephrase
pairs_arith_v2.csv,3087,arithmetic,gsm8k_test_0345,cal,remove,C2_answer_bearing,gsm8k_solution_frag
pairs_arith_v2.csv,3088,arithmetic,gsm8k_test_0345,cal,retain,H2_same_template,gsmplus_numerical_substitution
pairs_arith_v2.csv,3089,arithmetic,gsm8k_test_0345,cal,remove,C1_transformed,gsmplus_problem_understanding
pairs_arith_v2.csv,3090,arithmetic,gsm8k_test_0345,cal,retain,H2_same_template,gsmplus_critical_thinking
pairs_arith_v2.csv,3091,arithmetic,gsm8k_test_0345,cal,retain,H1_same_topic,svamp
pairs_arith_v2.csv,3092,arithmetic,gsm8k_test_0345,cal,retain,H3_predating,asdiv
pairs_arith_v2.csv,3093,arithmetic,gsm8k_test_0345,cal,retain,R_random,truthfulqa
pairs_arith_v2.csv,3094,arithmetic,gsm8k_test_0346,cal,remove,C0_exact,gsm8k_copy
pairs_arith_v2.csv,3095,arithmetic,gsm8k_test_0346,cal,remove,C1_transformed,lmsys_rephrase
pairs_arith_v2.csv,3096,arithmetic,gsm8k_test_0346,cal,remove,C2_answer_bearing,gsm8k_solution_frag
pairs_arith_v2.csv,3097,arithmetic,gsm8k_test_0346,cal,retain,H2_same_template,gsmplus_numerical_substitution
pairs_arith_v2.csv,3098,arithmetic,gsm8k_test_0346,cal,remove,C1_transformed,gsmplus_problem_understanding
pairs_arith_v2.csv,3099,arithmetic,gsm8k_test_0346,cal,retain,H2_same_template,gsmplus_critical_thinking
pairs_arith_v2.csv,3100,arithmetic,gsm8k_test_0346,cal,retain,H1_same_topic,svamp
pairs_arith_v2.csv,3101,arithmetic,gsm8k_test_0346,cal,retain,H3_predating,asdiv
pairs_arith_v2.csv,3102,arithmetic,gsm8k_test_0346,cal,retain,R_random,truthfulqa
pairs_arith_v2.csv,3112,arithmetic,gsm8k_test_0348,cal,remove,C0_exact,gsm8k_copy
pairs_arith_v2.csv,3113,arithmetic,gsm8k_test_0348,cal,remove,C1_transformed,lmsys_rephrase
pairs_arith_v2.csv,3114,arithmetic,gsm8k_test_0348,cal,remove,C2_answer_bearing,gsm8k_solution_frag
pairs_arith_v2.csv,3115,arithmetic,gsm8k_test_0348,cal,retain,H2_same_template,gsmplus_numerical_substitution
pairs_arith_v2.csv,3116,arithmetic,gsm8k_test_0348,cal,remove,C1_transformed,gsmplus_problem_understanding
pairs_arith_v2.csv,3117,arithmetic,gsm8k_test_0348,cal,retain,H2_same_template,gsmplus_critical_thinking
pairs_arith_v2.csv,3118,arithmetic,gsm8k_test_0348,cal,retain,H1_same_topic,svamp
pairs_arith_v2.csv,3119,arithmetic,gsm8k_test_0348,cal,retain,H3_predating,asdiv
pairs_arith_v2.csv,3120,arithmetic,gsm8k_test_0348,cal,retain,R_random,truthfulqa
pairs_arith_v2.csv,3229,arithmetic,gsm8k_test_0361,cal,remove,C0_exact,gsm8k_copy
pairs_arith_v2.csv,3230,arithmetic,gsm8k_test_0361,cal,remove,C1_transformed,lmsys_rephrase
pairs_arith_v2.csv,3231,arithmetic,gsm8k_test_0361,cal,remove,C2_answer_bearing,gsm8k_solution_frag
pairs_arith_v2.csv,3232,arithmetic,gsm8k_test_0361,cal,remove,C1_transformed,gsmplus_problem_understanding
pairs_arith_v2.csv,3233,arithmetic,gsm8k_test_0361,cal,retain,H2_same_template,gsmplus_critical_thinking
pairs_arith_v2.csv,3234,arithmetic,gsm8k_test_0361,cal,retain,H1_same_topic,svamp
pairs_arith_v2.csv,3235,arithmetic,gsm8k_test_0361,cal,retain,H3_predating,asdiv
pairs_arith_v2.csv,3236,arithmetic,gsm8k_test_0361,cal,retain,R_random,truthfulqa
pairs_arith_v2.csv,3237,arithmetic,gsm8k_test_0362,cal,remove,C0_exact,gsm8k_copy
pairs_arith_v2.csv,3238,arithmetic,gsm8k_test_0362,cal,remove,C1_transformed,lmsys_rephrase
pairs_arith_v2.csv,3239,arithmetic,gsm8k_test_0362,cal,remove,C2_answer_bearing,gsm8k_solution_frag
pairs_arith_v2.csv,3240,arithmetic,gsm8k_test_0362,cal,retain,H2_same_template,gsmplus_numerical_substitution
pairs_arith_v2.csv,3241,arithmetic,gsm8k_test_0362,cal,remove,C1_transformed,gsmplus_problem_understanding
pairs_arith_v2.csv,3242,arithmetic,gsm8k_test_0362,cal,retain,H2_same_template,gsmplus_critical_thinking
pairs_arith_v2.csv,3243,arithmetic,gsm8k_test_0362,cal,retain,H1_same_topic,svamp
pairs_arith_v2.csv,3244,arithmetic,gsm8k_test_0362,cal,retain,H3_predating,asdiv
pairs_arith_v2.csv,3245,arithmetic,gsm8k_test_0362,cal,retain,R_random,truthfulqa
pairs_arith_v2.csv,3246,arithmetic,gsm8k_test_0363,cal,remove,C0_exact,gsm8k_copy
pairs_arith_v2.csv,3247,arithmetic,gsm8k_test_0363,cal,remove,C1_transformed,lmsys_rephrase
pairs_arith_v2.csv,3248,arithmetic,gsm8k_test_0363,cal,remove,C2_answer_bearing,gsm8k_solution_frag
pairs_arith_v2.csv,3249,arithmetic,gsm8k_test_0363,cal,retain,H2_same_template,gsmplus_numerical_substitution
pairs_arith_v2.csv,3250,arithmetic,gsm8k_test_0363,cal,remove,C1_transformed,gsmplus_problem_understanding
pairs_arith_v2.csv,3251,arithmetic,gsm8k_test_0363,cal,retain,H2_same_template,gsmplus_critical_thinking
pairs_arith_v2.csv,3252,arithmetic,gsm8k_test_0363,cal,retain,H1_same_topic,svamp
pairs_arith_v2.csv,3253,arithmetic,gsm8k_test_0363,cal,retain,H3_predating,asdiv
pairs_arith_v2.csv,3254,arithmetic,gsm8k_test_0363,cal,retain,R_random,truthfulqa
pairs_arith_v2.csv,3282,arithmetic,gsm8k_test_0367,cal,remove,C0_exact,gsm8k_copy
pairs_arith_v2.csv,3283,arithmetic,gsm8k_test_0367,cal,remove,C1_transformed,lmsys_rephrase
pairs_arith_v2.csv,3284,arithmetic,gsm8k_test_0367,cal,remove,C2_answer_bearing,gsm8k_solution_frag
pairs_arith_v2.csv,3285,arithmetic,gsm8k_test_0367,cal,retain,H2_same_template,gsmplus_numerical_substitution
pairs_arith_v2.csv,3286,arithmetic,gsm8k_test_0367,cal,remove,C1_transformed,gsmplus_problem_understanding
pairs_arith_v2.csv,3287,arithmetic,gsm8k_test_0367,cal,retain,H2_same_template,gsmplus_critical_thinking
pairs_arith_v2.csv,3288,arithmetic,gsm8k_test_0367,cal,retain,H1_same_topic,svamp
pairs_arith_v2.csv,3289,arithmetic,gsm8k_test_0367,cal,retain,H3_predating,asdiv
pairs_arith_v2.csv,3290,arithmetic,gsm8k_test_0367,cal,retain,R_random,truthfulqa
pairs_arith_v2.csv,3300,arithmetic,gsm8k_test_0369,cal,remove,C0_exact,gsm8k_copy
pairs_arith_v2.csv,3301,arithmetic,gsm8k_test_0369,cal,remove,C1_transformed,lmsys_rephrase
pairs_arith_v2.csv,3302,arithmetic,gsm8k_test_0369,cal,remove,C2_answer_bearing,gsm8k_solution_frag
pairs_arith_v2.csv,3303,arithmetic,gsm8k_test_0369,cal,retain,H2_same_template,gsmplus_numerical_substitution
pairs_arith_v2.csv,3304,arithmetic,gsm8k_test_0369,cal,remove,C1_transformed,gsmplus_problem_understanding
pairs_arith_v2.csv,3305,arithmetic,gsm8k_test_0369,cal,retain,H2_same_template,gsmplus_critical_thinking
pairs_arith_v2.csv,3306,arithmetic,gsm8k_test_0369,cal,retain,H1_same_topic,svamp
pairs_arith_v2.csv,3307,arithmetic,gsm8k_test_0369,cal,retain,H3_predating,asdiv
pairs_arith_v2.csv,3308,arithmetic,gsm8k_test_0369,cal,retain,R_random,truthfulqa
pairs_arith_v2.csv,3318,arithmetic,gsm8k_test_0371,cal,remove,C0_exact,gsm8k_copy
pairs_arith_v2.csv,3319,arithmetic,gsm8k_test_0371,cal,remove,C1_transformed,lmsys_rephrase
pairs_arith_v2.csv,3320,arithmetic,gsm8k_test_0371,cal,remove,C2_answer_bearing,gsm8k_solution_frag
pairs_arith_v2.csv,3321,arithmetic,gsm8k_test_0371,cal,retain,H2_same_template,gsmplus_numerical_substitution
pairs_arith_v2.csv,3322,arithmetic,gsm8k_test_0371,cal,remove,C1_transformed,gsmplus_problem_understanding
pairs_arith_v2.csv,3323,arithmetic,gsm8k_test_0371,cal,retain,H2_same_template,gsmplus_critical_thinking
pairs_arith_v2.csv,3324,arithmetic,gsm8k_test_0371,cal,retain,H1_same_topic,svamp
pairs_arith_v2.csv,3325,arithmetic,gsm8k_test_0371,cal,retain,H3_predating,asdiv
pairs_arith_v2.csv,3326,arithmetic,gsm8k_test_0371,cal,retain,R_random,truthfulqa
pairs_arith_v2.csv,3345,arithmetic,gsm8k_test_0374,cal,remove,C0_exact,gsm8k_copy
pairs_arith_v2.csv,3346,arithmetic,gsm8k_test_0374,cal,remove,C1_transformed,lmsys_rephrase
pairs_arith_v2.csv,3347,arithmetic,gsm8k_test_0374,cal,remove,C2_answer_bearing,gsm8k_solution_frag
pairs_arith_v2.csv,3348,arithmetic,gsm8k_test_0374,cal,retain,H2_same_template,gsmplus_numerical_substitution
pairs_arith_v2.csv,3349,arithmetic,gsm8k_test_0374,cal,remove,C1_transformed,gsmplus_problem_understanding
pairs_arith_v2.csv,3350,arithmetic,gsm8k_test_0374,cal,retain,H2_same_template,gsmplus_critical_thinking
pairs_arith_v2.csv,3351,arithmetic,gsm8k_test_0374,cal,retain,H1_same_topic,svamp
pairs_arith_v2.csv,3352,arithmetic,gsm8k_test_0374,cal,retain,H3_predating,asdiv
pairs_arith_v2.csv,3353,arithmetic,gsm8k_test_0374,cal,retain,R_random,truthfulqa
pairs_arith_v2.csv,3354,arithmetic,gsm8k_test_0375,cal,remove,C0_exact,gsm8k_copy
pairs_arith_v2.csv,3355,arithmetic,gsm8k_test_0375,cal,remove,C1_transformed,lmsys_rephrase
pairs_arith_v2.csv,3356,arithmetic,gsm8k_test_0375,cal,remove,C2_answer_bearing,gsm8k_solution_frag
pairs_arith_v2.csv,3357,arithmetic,gsm8k_test_0375,cal,retain,H2_same_template,gsmplus_numerical_substitution
pairs_arith_v2.csv,3358,arithmetic,gsm8k_test_0375,cal,remove,C1_transformed,gsmplus_problem_understanding
pairs_arith_v2.csv,3359,arithmetic,gsm8k_test_0375,cal,retain,H2_same_template,gsmplus_critical_thinking
pairs_arith_v2.csv,3360,arithmetic,gsm8k_test_0375,cal,retain,H1_same_topic,svamp
pairs_arith_v2.csv,3361,arithmetic,gsm8k_test_0375,cal,retain,H3_predating,asdiv
pairs_arith_v2.csv,3362,arithmetic,gsm8k_test_0375,cal,retain,R_random,truthfulqa
pairs_arith_v2.csv,3363,arithmetic,gsm8k_test_0376,cal,remove,C0_exact,gsm8k_copy
pairs_arith_v2.csv,3364,arithmetic,gsm8k_test_0376,cal,remove,C1_transformed,lmsys_rephrase
pairs_arith_v2.csv,3365,arithmetic,gsm8k_test_0376,cal,remove,C2_answer_bearing,gsm8k_solution_frag
pairs_arith_v2.csv,3366,arithmetic,gsm8k_test_0376,cal,retain,H2_same_template,gsmplus_numerical_substitution
pairs_arith_v2.csv,3367,arithmetic,gsm8k_test_0376,cal,remove,C1_transformed,gsmplus_problem_understanding
pairs_arith_v2.csv,3368,arithmetic,gsm8k_test_0376,cal,retain,H2_same_template,gsmplus_critical_thinking
pairs_arith_v2.csv,3369,arithmetic,gsm8k_test_0376,cal,retain,H1_same_topic,svamp
pairs_arith_v2.csv,3370,arithmetic,gsm8k_test_0376,cal,retain,H3_predating,asdiv
pairs_arith_v2.csv,3371,arithmetic,gsm8k_test_0376,cal,retain,R_random,truthfulqa
pairs_arith_v2.csv,3372,arithmetic,gsm8k_test_0377,cal,remove,C0_exact,gsm8k_copy
pairs_arith_v2.csv,3373,arithmetic,gsm8k_test_0377,cal,remove,C1_transformed,lmsys_rephrase
pairs_arith_v2.csv,3374,arithmetic,gsm8k_test_0377,cal,remove,C2_answer_bearing,gsm8k_solution_frag
pairs_arith_v2.csv,3375,arithmetic,gsm8k_test_0377,cal,retain,H2_same_template,gsmplus_numerical_substitution
pairs_arith_v2.csv,3376,arithmetic,gsm8k_test_0377,cal,remove,C1_transformed,gsmplus_problem_understanding
pairs_arith_v2.csv,3377,arithmetic,gsm8k_test_0377,cal,retain,H2_same_template,gsmplus_critical_thinking
pairs_arith_v2.csv,3378,arithmetic,gsm8k_test_0377,cal,retain,H1_same_topic,svamp
pairs_arith_v2.csv,3379,arithmetic,gsm8k_test_0377,cal,retain,H3_predating,asdiv
pairs_arith_v2.csv,3380,arithmetic,gsm8k_test_0377,cal,retain,R_random,truthfulqa
pairs_arith_v2.csv,3398,arithmetic,gsm8k_test_0380,cal,remove,C0_exact,gsm8k_copy
pairs_arith_v2.csv,3399,arithmetic,gsm8k_test_0380,cal,remove,C1_transformed,lmsys_rephrase
pairs_arith_v2.csv,3400,arithmetic,gsm8k_test_0380,cal,remove,C2_answer_bearing,gsm8k_solution_frag
pairs_arith_v2.csv,3401,arithmetic,gsm8k_test_0380,cal,retain,H2_same_template,gsmplus_numerical_substitution
pairs_arith_v2.csv,3402,arithmetic,gsm8k_test_0380,cal,remove,C1_transformed,gsmplus_problem_understanding
pairs_arith_v2.csv,3403,arithmetic,gsm8k_test_0380,cal,retain,H2_same_template,gsmplus_critical_thinking
pairs_arith_v2.csv,3404,arithmetic,gsm8k_test_0380,cal,retain,H1_same_topic,svamp
pairs_arith_v2.csv,3405,arithmetic,gsm8k_test_0380,cal,retain,H3_predating,asdiv
pairs_arith_v2.csv,3406,arithmetic,gsm8k_test_0380,cal,retain,R_random,truthfulqa
pairs_arith_v2.csv,3407,arithmetic,gsm8k_test_0381,cal,remove,C0_exact,gsm8k_copy
pairs_arith_v2.csv,3408,arithmetic,gsm8k_test_0381,cal,remove,C1_transformed,lmsys_rephrase
pairs_arith_v2.csv,3409,arithmetic,gsm8k_test_0381,cal,remove,C2_answer_bearing,gsm8k_solution_frag
pairs_arith_v2.csv,3410,arithmetic,gsm8k_test_0381,cal,retain,H2_same_template,gsmplus_numerical_substitution
pairs_arith_v2.csv,3411,arithmetic,gsm8k_test_0381,cal,remove,C1_transformed,gsmplus_problem_understanding
pairs_arith_v2.csv,3412,arithmetic,gsm8k_test_0381,cal,retain,H2_same_template,gsmplus_critical_thinking
pairs_arith_v2.csv,3413,arithmetic,gsm8k_test_0381,cal,retain,H1_same_topic,svamp
pairs_arith_v2.csv,3414,arithmetic,gsm8k_test_0381,cal,retain,H3_predating,asdiv
pairs_arith_v2.csv,3415,arithmetic,gsm8k_test_0381,cal,retain,R_random,truthfulqa
pairs_arith_v2.csv,3461,arithmetic,gsm8k_test_0387,cal,remove,C0_exact,gsm8k_copy
pairs_arith_v2.csv,3462,arithmetic,gsm8k_test_0387,cal,remove,C1_transformed,lmsys_rephrase
pairs_arith_v2.csv,3463,arithmetic,gsm8k_test_0387,cal,remove,C2_answer_bearing,gsm8k_solution_frag
pairs_arith_v2.csv,3464,arithmetic,gsm8k_test_0387,cal,retain,H2_same_template,gsmplus_numerical_substitution
pairs_arith_v2.csv,3465,arithmetic,gsm8k_test_0387,cal,remove,C1_transformed,gsmplus_problem_understanding
pairs_arith_v2.csv,3466,arithmetic,gsm8k_test_0387,cal,retain,H2_same_template,gsmplus_critical_thinking
pairs_arith_v2.csv,3467,arithmetic,gsm8k_test_0387,cal,retain,H1_same_topic,svamp
pairs_arith_v2.csv,3468,arithmetic,gsm8k_test_0387,cal,retain,H3_predating,asdiv
pairs_arith_v2.csv,3469,arithmetic,gsm8k_test_0387,cal,retain,R_random,truthfulqa
pairs_arith_v2.csv,3470,arithmetic,gsm8k_test_0388,cal,remove,C0_exact,gsm8k_copy
pairs_arith_v2.csv,3471,arithmetic,gsm8k_test_0388,cal,remove,C1_transformed,lmsys_rephrase
pairs_arith_v2.csv,3472,arithmetic,gsm8k_test_0388,cal,remove,C2_answer_bearing,gsm8k_solution_frag
pairs_arith_v2.csv,3473,arithmetic,gsm8k_test_0388,cal,retain,H2_same_template,gsmplus_numerical_substitution
pairs_arith_v2.csv,3474,arithmetic,gsm8k_test_0388,cal,remove,C1_transformed,gsmplus_problem_understanding
pairs_arith_v2.csv,3475,arithmetic,gsm8k_test_0388,cal,retain,H2_same_template,gsmplus_critical_thinking
pairs_arith_v2.csv,3476,arithmetic,gsm8k_test_0388,cal,retain,H1_same_topic,svamp
pairs_arith_v2.csv,3477,arithmetic,gsm8k_test_0388,cal,retain,H3_predating,asdiv
pairs_arith_v2.csv,3478,arithmetic,gsm8k_test_0388,cal,retain,R_random,truthfulqa
pairs_arith_v2.csv,3479,arithmetic,gsm8k_test_0389,cal,remove,C0_exact,gsm8k_copy
pairs_arith_v2.csv,3480,arithmetic,gsm8k_test_0389,cal,remove,C1_transformed,lmsys_rephrase
pairs_arith_v2.csv,3481,arithmetic,gsm8k_test_0389,cal,remove,C2_answer_bearing,gsm8k_solution_frag
pairs_arith_v2.csv,3482,arithmetic,gsm8k_test_0389,cal,retain,H2_same_template,gsmplus_numerical_substitution
pairs_arith_v2.csv,3483,arithmetic,gsm8k_test_0389,cal,remove,C1_transformed,gsmplus_problem_understanding
pairs_arith_v2.csv,3484,arithmetic,gsm8k_test_0389,cal,retain,H2_same_template,gsmplus_critical_thinking
pairs_arith_v2.csv,3485,arithmetic,gsm8k_test_0389,cal,retain,H1_same_topic,svamp
pairs_arith_v2.csv,3486,arithmetic,gsm8k_test_0389,cal,retain,H3_predating,asdiv
pairs_arith_v2.csv,3487,arithmetic,gsm8k_test_0389,cal,retain,R_random,truthfulqa
pairs_arith_v2.csv,3515,arithmetic,gsm8k_test_0393,cal,remove,C0_exact,gsm8k_copy
pairs_arith_v2.csv,3516,arithmetic,gsm8k_test_0393,cal,remove,C1_transformed,lmsys_rephrase
pairs_arith_v2.csv,3517,arithmetic,gsm8k_test_0393,cal,remove,C2_answer_bearing,gsm8k_solution_frag
pairs_arith_v2.csv,3518,arithmetic,gsm8k_test_0393,cal,retain,H2_same_template,gsmplus_numerical_substitution
pairs_arith_v2.csv,3519,arithmetic,gsm8k_test_0393,cal,remove,C1_transformed,gsmplus_problem_understanding
pairs_arith_v2.csv,3520,arithmetic,gsm8k_test_0393,cal,retain,H2_same_template,gsmplus_critical_thinking
pairs_arith_v2.csv,3521,arithmetic,gsm8k_test_0393,cal,retain,H1_same_topic,svamp
pairs_arith_v2.csv,3522,arithmetic,gsm8k_test_0393,cal,retain,H3_predating,asdiv
pairs_arith_v2.csv,3523,arithmetic,gsm8k_test_0393,cal,retain,R_random,truthfulqa
pairs_arith_v2.csv,3524,arithmetic,gsm8k_test_0394,cal,remove,C0_exact,gsm8k_copy
pairs_arith_v2.csv,3525,arithmetic,gsm8k_test_0394,cal,remove,C1_transformed,lmsys_rephrase
pairs_arith_v2.csv,3526,arithmetic,gsm8k_test_0394,cal,remove,C2_answer_bearing,gsm8k_solution_frag
pairs_arith_v2.csv,3527,arithmetic,gsm8k_test_0394,cal,retain,H2_same_template,gsmplus_numerical_substitution
pairs_arith_v2.csv,3528,arithmetic,gsm8k_test_0394,cal,remove,C1_transformed,gsmplus_problem_understanding
pairs_arith_v2.csv,3529,arithmetic,gsm8k_test_0394,cal,retain,H2_same_template,gsmplus_critical_thinking
pairs_arith_v2.csv,3530,arithmetic,gsm8k_test_0394,cal,retain,H1_same_topic,svamp
pairs_arith_v2.csv,3531,arithmetic,gsm8k_test_0394,cal,retain,H3_predating,asdiv
pairs_arith_v2.csv,3532,arithmetic,gsm8k_test_0394,cal,retain,R_random,truthfulqa
pairs_arith_v2.csv,3533,arithmetic,gsm8k_test_0395,cal,remove,C0_exact,gsm8k_copy
pairs_arith_v2.csv,3534,arithmetic,gsm8k_test_0395,cal,remove,C1_transformed,lmsys_rephrase
pairs_arith_v2.csv,3535,arithmetic,gsm8k_test_0395,cal,remove,C2_answer_bearing,gsm8k_solution_frag
pairs_arith_v2.csv,3536,arithmetic,gsm8k_test_0395,cal,retain,H2_same_template,gsmplus_numerical_substitution
pairs_arith_v2.csv,3537,arithmetic,gsm8k_test_0395,cal,remove,C1_transformed,gsmplus_problem_understanding
pairs_arith_v2.csv,3538,arithmetic,gsm8k_test_0395,cal,retain,H2_same_template,gsmplus_critical_thinking
pairs_arith_v2.csv,3539,arithmetic,gsm8k_test_0395,cal,retain,H1_same_topic,svamp
pairs_arith_v2.csv,3540,arithmetic,gsm8k_test_0395,cal,retain,H3_predating,asdiv
pairs_arith_v2.csv,3541,arithmetic,gsm8k_test_0395,cal,retain,R_random,truthfulqa
pairs_arith_v2.csv,3551,arithmetic,gsm8k_test_0397,cal,remove,C0_exact,gsm8k_copy
pairs_arith_v2.csv,3552,arithmetic,gsm8k_test_0397,cal,remove,C1_transformed,lmsys_rephrase
pairs_arith_v2.csv,3553,arithmetic,gsm8k_test_0397,cal,remove,C2_answer_bearing,gsm8k_solution_frag
pairs_arith_v2.csv,3554,arithmetic,gsm8k_test_0397,cal,retain,H2_same_template,gsmplus_numerical_substitution
pairs_arith_v2.csv,3555,arithmetic,gsm8k_test_0397,cal,remove,C1_transformed,gsmplus_problem_understanding
pairs_arith_v2.csv,3556,arithmetic,gsm8k_test_0397,cal,retain,H2_same_template,gsmplus_critical_thinking
pairs_arith_v2.csv,3557,arithmetic,gsm8k_test_0397,cal,retain,H1_same_topic,svamp
pairs_arith_v2.csv,3558,arithmetic,gsm8k_test_0397,cal,retain,H3_predating,asdiv
pairs_arith_v2.csv,3559,arithmetic,gsm8k_test_0397,cal,retain,R_random,truthfulqa
pairs_arith_v2.csv,3578,arithmetic,gsm8k_test_0400,cal,remove,C0_exact,gsm8k_copy
pairs_arith_v2.csv,3579,arithmetic,gsm8k_test_0400,cal,remove,C1_transformed,lmsys_rephrase
pairs_arith_v2.csv,3580,arithmetic,gsm8k_test_0400,cal,remove,C2_answer_bearing,gsm8k_solution_frag
pairs_arith_v2.csv,3581,arithmetic,gsm8k_test_0400,cal,retain,H2_same_template,gsmplus_numerical_substitution
pairs_arith_v2.csv,3582,arithmetic,gsm8k_test_0400,cal,remove,C1_transformed,gsmplus_problem_understanding
pairs_arith_v2.csv,3583,arithmetic,gsm8k_test_0400,cal,retain,H2_same_template,gsmplus_critical_thinking
pairs_arith_v2.csv,3584,arithmetic,gsm8k_test_0400,cal,retain,H1_same_topic,svamp
pairs_arith_v2.csv,3585,arithmetic,gsm8k_test_0400,cal,retain,H3_predating,asdiv
pairs_arith_v2.csv,3586,arithmetic,gsm8k_test_0400,cal,retain,R_random,truthfulqa
pairs_arith_v2.csv,3613,arithmetic,gsm8k_test_0404,cal,remove,C0_exact,gsm8k_copy
pairs_arith_v2.csv,3614,arithmetic,gsm8k_test_0404,cal,remove,C1_transformed,lmsys_rephrase
pairs_arith_v2.csv,3615,arithmetic,gsm8k_test_0404,cal,remove,C2_answer_bearing,gsm8k_solution_frag
pairs_arith_v2.csv,3616,arithmetic,gsm8k_test_0404,cal,retain,H2_same_template,gsmplus_numerical_substitution
pairs_arith_v2.csv,3617,arithmetic,gsm8k_test_0404,cal,remove,C1_transformed,gsmplus_problem_understanding
pairs_arith_v2.csv,3618,arithmetic,gsm8k_test_0404,cal,retain,H2_same_template,gsmplus_critical_thinking
pairs_arith_v2.csv,3619,arithmetic,gsm8k_test_0404,cal,retain,H1_same_topic,svamp
pairs_arith_v2.csv,3620,arithmetic,gsm8k_test_0404,cal,retain,H3_predating,asdiv
pairs_arith_v2.csv,3621,arithmetic,gsm8k_test_0404,cal,retain,R_random,truthfulqa
pairs_arith_v2.csv,3685,arithmetic,gsm8k_test_0412,cal,remove,C0_exact,gsm8k_copy
pairs_arith_v2.csv,3686,arithmetic,gsm8k_test_0412,cal,remove,C1_transformed,lmsys_rephrase
pairs_arith_v2.csv,3687,arithmetic,gsm8k_test_0412,cal,remove,C2_answer_bearing,gsm8k_solution_frag
pairs_arith_v2.csv,3688,arithmetic,gsm8k_test_0412,cal,retain,H2_same_template,gsmplus_numerical_substitution
pairs_arith_v2.csv,3689,arithmetic,gsm8k_test_0412,cal,remove,C1_transformed,gsmplus_problem_understanding
pairs_arith_v2.csv,3690,arithmetic,gsm8k_test_0412,cal,retain,H2_same_template,gsmplus_critical_thinking
pairs_arith_v2.csv,3691,arithmetic,gsm8k_test_0412,cal,retain,H1_same_topic,svamp
pairs_arith_v2.csv,3692,arithmetic,gsm8k_test_0412,cal,retain,H3_predating,asdiv
pairs_arith_v2.csv,3693,arithmetic,gsm8k_test_0412,cal,retain,R_random,truthfulqa
pairs_arith_v2.csv,3703,arithmetic,gsm8k_test_0414,cal,remove,C0_exact,gsm8k_copy
pairs_arith_v2.csv,3704,arithmetic,gsm8k_test_0414,cal,remove,C1_transformed,lmsys_rephrase
pairs_arith_v2.csv,3705,arithmetic,gsm8k_test_0414,cal,remove,C2_answer_bearing,gsm8k_solution_frag
pairs_arith_v2.csv,3706,arithmetic,gsm8k_test_0414,cal,retain,H2_same_template,gsmplus_numerical_substitution
pairs_arith_v2.csv,3707,arithmetic,gsm8k_test_0414,cal,remove,C1_transformed,gsmplus_problem_understanding
pairs_arith_v2.csv,3708,arithmetic,gsm8k_test_0414,cal,retain,H2_same_template,gsmplus_critical_thinking
pairs_arith_v2.csv,3709,arithmetic,gsm8k_test_0414,cal,retain,H1_same_topic,svamp
pairs_arith_v2.csv,3710,arithmetic,gsm8k_test_0414,cal,retain,H3_predating,asdiv
pairs_arith_v2.csv,3711,arithmetic,gsm8k_test_0414,cal,retain,R_random,truthfulqa
pairs_arith_v2.csv,3739,arithmetic,gsm8k_test_0418,cal,remove,C0_exact,gsm8k_copy
pairs_arith_v2.csv,3740,arithmetic,gsm8k_test_0418,cal,remove,C1_transformed,lmsys_rephrase
pairs_arith_v2.csv,3741,arithmetic,gsm8k_test_0418,cal,remove,C2_answer_bearing,gsm8k_solution_frag
pairs_arith_v2.csv,3742,arithmetic,gsm8k_test_0418,cal,retain,H2_same_template,gsmplus_numerical_substitution
pairs_arith_v2.csv,3743,arithmetic,gsm8k_test_0418,cal,remove,C1_transformed,gsmplus_problem_understanding
pairs_arith_v2.csv,3744,arithmetic,gsm8k_test_0418,cal,retain,H2_same_template,gsmplus_critical_thinking
pairs_arith_v2.csv,3745,arithmetic,gsm8k_test_0418,cal,retain,H1_same_topic,svamp
pairs_arith_v2.csv,3746,arithmetic,gsm8k_test_0418,cal,retain,H3_predating,asdiv
pairs_arith_v2.csv,3747,arithmetic,gsm8k_test_0418,cal,retain,R_random,truthfulqa
pairs_arith_v2.csv,3748,arithmetic,gsm8k_test_0419,cal,remove,C0_exact,gsm8k_copy
pairs_arith_v2.csv,3749,arithmetic,gsm8k_test_0419,cal,remove,C1_transformed,lmsys_rephrase
pairs_arith_v2.csv,3750,arithmetic,gsm8k_test_0419,cal,remove,C2_answer_bearing,gsm8k_solution_frag
pairs_arith_v2.csv,3751,arithmetic,gsm8k_test_0419,cal,retain,H2_same_template,gsmplus_numerical_substitution
pairs_arith_v2.csv,3752,arithmetic,gsm8k_test_0419,cal,remove,C1_transformed,gsmplus_problem_understanding
pairs_arith_v2.csv,3753,arithmetic,gsm8k_test_0419,cal,retain,H2_same_template,gsmplus_critical_thinking
pairs_arith_v2.csv,3754,arithmetic,gsm8k_test_0419,cal,retain,H1_same_topic,svamp
pairs_arith_v2.csv,3755,arithmetic,gsm8k_test_0419,cal,retain,H3_predating,asdiv
pairs_arith_v2.csv,3756,arithmetic,gsm8k_test_0419,cal,retain,R_random,truthfulqa
pairs_arith_v2.csv,3757,arithmetic,gsm8k_test_0420,cal,remove,C0_exact,gsm8k_copy
pairs_arith_v2.csv,3758,arithmetic,gsm8k_test_0420,cal,remove,C1_transformed,lmsys_rephrase
pairs_arith_v2.csv,3759,arithmetic,gsm8k_test_0420,cal,remove,C2_answer_bearing,gsm8k_solution_frag
pairs_arith_v2.csv,3760,arithmetic,gsm8k_test_0420,cal,retain,H2_same_template,gsmplus_numerical_substitution
pairs_arith_v2.csv,3761,arithmetic,gsm8k_test_0420,cal,remove,C1_transformed,gsmplus_problem_understanding
pairs_arith_v2.csv,3762,arithmetic,gsm8k_test_0420,cal,retain,H2_same_template,gsmplus_critical_thinking
pairs_arith_v2.csv,3763,arithmetic,gsm8k_test_0420,cal,retain,H1_same_topic,svamp
pairs_arith_v2.csv,3764,arithmetic,gsm8k_test_0420,cal,retain,H3_predating,asdiv
pairs_arith_v2.csv,3765,arithmetic,gsm8k_test_0420,cal,retain,R_random,truthfulqa
pairs_arith_v2.csv,3802,arithmetic,gsm8k_test_0425,cal,remove,C0_exact,gsm8k_copy
pairs_arith_v2.csv,3803,arithmetic,gsm8k_test_0425,cal,remove,C1_transformed,lmsys_rephrase
pairs_arith_v2.csv,3804,arithmetic,gsm8k_test_0425,cal,remove,C2_answer_bearing,gsm8k_solution_frag
pairs_arith_v2.csv,3805,arithmetic,gsm8k_test_0425,cal,retain,H2_same_template,gsmplus_numerical_substitution
pairs_arith_v2.csv,3806,arithmetic,gsm8k_test_0425,cal,remove,C1_transformed,gsmplus_problem_understanding
pairs_arith_v2.csv,3807,arithmetic,gsm8k_test_0425,cal,retain,H2_same_template,gsmplus_critical_thinking
pairs_arith_v2.csv,3808,arithmetic,gsm8k_test_0425,cal,retain,H1_same_topic,svamp
pairs_arith_v2.csv,3809,arithmetic,gsm8k_test_0425,cal,retain,H3_predating,asdiv
pairs_arith_v2.csv,3810,arithmetic,gsm8k_test_0425,cal,retain,R_random,truthfulqa
pairs_arith_v2.csv,3811,arithmetic,gsm8k_test_0426,cal,remove,C0_exact,gsm8k_copy
pairs_arith_v2.csv,3812,arithmetic,gsm8k_test_0426,cal,remove,C1_transformed,lmsys_rephrase
pairs_arith_v2.csv,3813,arithmetic,gsm8k_test_0426,cal,remove,C2_answer_bearing,gsm8k_solution_frag
pairs_arith_v2.csv,3814,arithmetic,gsm8k_test_0426,cal,retain,H2_same_template,gsmplus_numerical_substitution
pairs_arith_v2.csv,3815,arithmetic,gsm8k_test_0426,cal,remove,C1_transformed,gsmplus_problem_understanding
pairs_arith_v2.csv,3816,arithmetic,gsm8k_test_0426,cal,retain,H2_same_template,gsmplus_critical_thinking
pairs_arith_v2.csv,3817,arithmetic,gsm8k_test_0426,cal,retain,H1_same_topic,svamp
pairs_arith_v2.csv,3818,arithmetic,gsm8k_test_0426,cal,retain,H3_predating,asdiv
pairs_arith_v2.csv,3819,arithmetic,gsm8k_test_0426,cal,retain,R_random,truthfulqa
pairs_arith_v2.csv,3847,arithmetic,gsm8k_test_0430,cal,remove,C0_exact,gsm8k_copy
pairs_arith_v2.csv,3848,arithmetic,gsm8k_test_0430,cal,remove,C1_transformed,lmsys_rephrase
pairs_arith_v2.csv,3849,arithmetic,gsm8k_test_0430,cal,remove,C2_answer_bearing,gsm8k_solution_frag
pairs_arith_v2.csv,3850,arithmetic,gsm8k_test_0430,cal,retain,H2_same_template,gsmplus_numerical_substitution
pairs_arith_v2.csv,3851,arithmetic,gsm8k_test_0430,cal,remove,C1_transformed,gsmplus_problem_understanding
pairs_arith_v2.csv,3852,arithmetic,gsm8k_test_0430,cal,retain,H2_same_template,gsmplus_critical_thinking
pairs_arith_v2.csv,3853,arithmetic,gsm8k_test_0430,cal,retain,H1_same_topic,svamp
pairs_arith_v2.csv,3854,arithmetic,gsm8k_test_0430,cal,retain,H3_predating,asdiv
pairs_arith_v2.csv,3855,arithmetic,gsm8k_test_0430,cal,retain,R_random,truthfulqa
pairs_arith_v2.csv,3856,arithmetic,gsm8k_test_0431,cal,remove,C0_exact,gsm8k_copy
pairs_arith_v2.csv,3857,arithmetic,gsm8k_test_0431,cal,remove,C1_transformed,lmsys_rephrase
pairs_arith_v2.csv,3858,arithmetic,gsm8k_test_0431,cal,remove,C2_answer_bearing,gsm8k_solution_frag
pairs_arith_v2.csv,3859,arithmetic,gsm8k_test_0431,cal,retain,H2_same_template,gsmplus_numerical_substitution
pairs_arith_v2.csv,3860,arithmetic,gsm8k_test_0431,cal,remove,C1_transformed,gsmplus_problem_understanding
pairs_arith_v2.csv,3861,arithmetic,gsm8k_test_0431,cal,retain,H2_same_template,gsmplus_critical_thinking
pairs_arith_v2.csv,3862,arithmetic,gsm8k_test_0431,cal,retain,H1_same_topic,svamp
pairs_arith_v2.csv,3863,arithmetic,gsm8k_test_0431,cal,retain,H3_predating,asdiv
pairs_arith_v2.csv,3864,arithmetic,gsm8k_test_0431,cal,retain,R_random,truthfulqa
pairs_arith_v2.csv,3865,arithmetic,gsm8k_test_0432,cal,remove,C0_exact,gsm8k_copy
pairs_arith_v2.csv,3866,arithmetic,gsm8k_test_0432,cal,remove,C1_transformed,lmsys_rephrase
pairs_arith_v2.csv,3867,arithmetic,gsm8k_test_0432,cal,remove,C2_answer_bearing,gsm8k_solution_frag
pairs_arith_v2.csv,3868,arithmetic,gsm8k_test_0432,cal,retain,H2_same_template,gsmplus_numerical_substitution
pairs_arith_v2.csv,3869,arithmetic,gsm8k_test_0432,cal,remove,C1_transformed,gsmplus_problem_understanding
pairs_arith_v2.csv,3870,arithmetic,gsm8k_test_0432,cal,retain,H2_same_template,gsmplus_critical_thinking
pairs_arith_v2.csv,3871,arithmetic,gsm8k_test_0432,cal,retain,H1_same_topic,svamp
pairs_arith_v2.csv,3872,arithmetic,gsm8k_test_0432,cal,retain,H3_predating,asdiv
pairs_arith_v2.csv,3873,arithmetic,gsm8k_test_0432,cal,retain,R_random,truthfulqa
pairs_arith_v2.csv,3892,arithmetic,gsm8k_test_0435,cal,remove,C0_exact,gsm8k_copy
pairs_arith_v2.csv,3893,arithmetic,gsm8k_test_0435,cal,remove,C1_transformed,lmsys_rephrase
pairs_arith_v2.csv,3894,arithmetic,gsm8k_test_0435,cal,remove,C2_answer_bearing,gsm8k_solution_frag
pairs_arith_v2.csv,3895,arithmetic,gsm8k_test_0435,cal,retain,H2_same_template,gsmplus_numerical_substitution
pairs_arith_v2.csv,3896,arithmetic,gsm8k_test_0435,cal,remove,C1_transformed,gsmplus_problem_understanding
pairs_arith_v2.csv,3897,arithmetic,gsm8k_test_0435,cal,retain,H2_same_template,gsmplus_critical_thinking
pairs_arith_v2.csv,3898,arithmetic,gsm8k_test_0435,cal,retain,H1_same_topic,svamp
pairs_arith_v2.csv,3899,arithmetic,gsm8k_test_0435,cal,retain,H3_predating,asdiv
pairs_arith_v2.csv,3900,arithmetic,gsm8k_test_0435,cal,retain,R_random,truthfulqa
pairs_arith_v2.csv,3955,arithmetic,gsm8k_test_0442,cal,remove,C0_exact,gsm8k_copy
pairs_arith_v2.csv,3956,arithmetic,gsm8k_test_0442,cal,remove,C1_transformed,lmsys_rephrase
pairs_arith_v2.csv,3957,arithmetic,gsm8k_test_0442,cal,remove,C2_answer_bearing,gsm8k_solution_frag
pairs_arith_v2.csv,3958,arithmetic,gsm8k_test_0442,cal,retain,H2_same_template,gsmplus_numerical_substitution
pairs_arith_v2.csv,3959,arithmetic,gsm8k_test_0442,cal,remove,C1_transformed,gsmplus_problem_understanding
pairs_arith_v2.csv,3960,arithmetic,gsm8k_test_0442,cal,retain,H2_same_template,gsmplus_critical_thinking
pairs_arith_v2.csv,3961,arithmetic,gsm8k_test_0442,cal,retain,H1_same_topic,svamp
pairs_arith_v2.csv,3962,arithmetic,gsm8k_test_0442,cal,retain,H3_predating,asdiv
pairs_arith_v2.csv,3963,arithmetic,gsm8k_test_0442,cal,retain,R_random,truthfulqa
pairs_arith_v2.csv,3964,arithmetic,gsm8k_test_0443,cal,remove,C0_exact,gsm8k_copy
pairs_arith_v2.csv,3965,arithmetic,gsm8k_test_0443,cal,remove,C1_transformed,lmsys_rephrase
pairs_arith_v2.csv,3966,arithmetic,gsm8k_test_0443,cal,remove,C2_answer_bearing,gsm8k_solution_frag
pairs_arith_v2.csv,3967,arithmetic,gsm8k_test_0443,cal,retain,H2_same_template,gsmplus_numerical_substitution
pairs_arith_v2.csv,3968,arithmetic,gsm8k_test_0443,cal,remove,C1_transformed,gsmplus_problem_understanding
pairs_arith_v2.csv,3969,arithmetic,gsm8k_test_0443,cal,retain,H2_same_template,gsmplus_critical_thinking
pairs_arith_v2.csv,3970,arithmetic,gsm8k_test_0443,cal,retain,H1_same_topic,svamp
pairs_arith_v2.csv,3971,arithmetic,gsm8k_test_0443,cal,retain,H3_predating,asdiv
pairs_arith_v2.csv,3972,arithmetic,gsm8k_test_0443,cal,retain,R_random,truthfulqa
pairs_arith_v2.csv,4000,arithmetic,gsm8k_test_0447,cal,remove,C0_exact,gsm8k_copy
pairs_arith_v2.csv,4001,arithmetic,gsm8k_test_0447,cal,remove,C1_transformed,lmsys_rephrase
pairs_arith_v2.csv,4002,arithmetic,gsm8k_test_0447,cal,remove,C2_answer_bearing,gsm8k_solution_frag
pairs_arith_v2.csv,4003,arithmetic,gsm8k_test_0447,cal,retain,H2_same_template,gsmplus_numerical_substitution
pairs_arith_v2.csv,4004,arithmetic,gsm8k_test_0447,cal,remove,C1_transformed,gsmplus_problem_understanding
pairs_arith_v2.csv,4005,arithmetic,gsm8k_test_0447,cal,retain,H2_same_template,gsmplus_critical_thinking
pairs_arith_v2.csv,4006,arithmetic,gsm8k_test_0447,cal,retain,H1_same_topic,svamp
pairs_arith_v2.csv,4007,arithmetic,gsm8k_test_0447,cal,retain,H3_predating,asdiv
pairs_arith_v2.csv,4008,arithmetic,gsm8k_test_0447,cal,retain,R_random,truthfulqa
pairs_arith_v2.csv,4045,arithmetic,gsm8k_test_0452,cal,remove,C0_exact,gsm8k_copy
pairs_arith_v2.csv,4046,arithmetic,gsm8k_test_0452,cal,remove,C1_transformed,lmsys_rephrase
pairs_arith_v2.csv,4047,arithmetic,gsm8k_test_0452,cal,remove,C2_answer_bearing,gsm8k_solution_frag
pairs_arith_v2.csv,4048,arithmetic,gsm8k_test_0452,cal,retain,H2_same_template,gsmplus_numerical_substitution
pairs_arith_v2.csv,4049,arithmetic,gsm8k_test_0452,cal,remove,C1_transformed,gsmplus_problem_understanding
pairs_arith_v2.csv,4050,arithmetic,gsm8k_test_0452,cal,retain,H2_same_template,gsmplus_critical_thinking
pairs_arith_v2.csv,4051,arithmetic,gsm8k_test_0452,cal,retain,H1_same_topic,svamp
pairs_arith_v2.csv,4052,arithmetic,gsm8k_test_0452,cal,retain,H3_predating,asdiv
pairs_arith_v2.csv,4053,arithmetic,gsm8k_test_0452,cal,retain,R_random,truthfulqa
pairs_arith_v2.csv,4063,arithmetic,gsm8k_test_0454,cal,remove,C0_exact,gsm8k_copy
pairs_arith_v2.csv,4064,arithmetic,gsm8k_test_0454,cal,remove,C1_transformed,lmsys_rephrase
pairs_arith_v2.csv,4065,arithmetic,gsm8k_test_0454,cal,remove,C2_answer_bearing,gsm8k_solution_frag
pairs_arith_v2.csv,4066,arithmetic,gsm8k_test_0454,cal,retain,H2_same_template,gsmplus_numerical_substitution
pairs_arith_v2.csv,4067,arithmetic,gsm8k_test_0454,cal,remove,C1_transformed,gsmplus_problem_understanding
pairs_arith_v2.csv,4068,arithmetic,gsm8k_test_0454,cal,retain,H2_same_template,gsmplus_critical_thinking
pairs_arith_v2.csv,4069,arithmetic,gsm8k_test_0454,cal,retain,H1_same_topic,svamp
pairs_arith_v2.csv,4070,arithmetic,gsm8k_test_0454,cal,retain,H3_predating,asdiv
pairs_arith_v2.csv,4071,arithmetic,gsm8k_test_0454,cal,retain,R_random,truthfulqa
pairs_arith_v2.csv,4135,arithmetic,gsm8k_test_0462,cal,remove,C0_exact,gsm8k_copy
pairs_arith_v2.csv,4136,arithmetic,gsm8k_test_0462,cal,remove,C1_transformed,lmsys_rephrase
pairs_arith_v2.csv,4137,arithmetic,gsm8k_test_0462,cal,remove,C2_answer_bearing,gsm8k_solution_frag
pairs_arith_v2.csv,4138,arithmetic,gsm8k_test_0462,cal,retain,H2_same_template,gsmplus_numerical_substitution
pairs_arith_v2.csv,4139,arithmetic,gsm8k_test_0462,cal,remove,C1_transformed,gsmplus_problem_understanding
pairs_arith_v2.csv,4140,arithmetic,gsm8k_test_0462,cal,retain,H2_same_template,gsmplus_critical_thinking
pairs_arith_v2.csv,4141,arithmetic,gsm8k_test_0462,cal,retain,H1_same_topic,svamp
pairs_arith_v2.csv,4142,arithmetic,gsm8k_test_0462,cal,retain,H3_predating,asdiv
pairs_arith_v2.csv,4143,arithmetic,gsm8k_test_0462,cal,retain,R_random,truthfulqa
pairs_arith_v2.csv,4162,arithmetic,gsm8k_test_0465,cal,remove,C0_exact,gsm8k_copy
pairs_arith_v2.csv,4163,arithmetic,gsm8k_test_0465,cal,remove,C1_transformed,lmsys_rephrase
pairs_arith_v2.csv,4164,arithmetic,gsm8k_test_0465,cal,remove,C2_answer_bearing,gsm8k_solution_frag
pairs_arith_v2.csv,4165,arithmetic,gsm8k_test_0465,cal,retain,H2_same_template,gsmplus_numerical_substitution
pairs_arith_v2.csv,4166,arithmetic,gsm8k_test_0465,cal,remove,C1_transformed,gsmplus_problem_understanding
pairs_arith_v2.csv,4167,arithmetic,gsm8k_test_0465,cal,retain,H2_same_template,gsmplus_critical_thinking
pairs_arith_v2.csv,4168,arithmetic,gsm8k_test_0465,cal,retain,H1_same_topic,svamp
pairs_arith_v2.csv,4169,arithmetic,gsm8k_test_0465,cal,retain,H3_predating,asdiv
pairs_arith_v2.csv,4170,arithmetic,gsm8k_test_0465,cal,retain,R_random,truthfulqa
pairs_arith_v2.csv,4171,arithmetic,gsm8k_test_0466,cal,remove,C0_exact,gsm8k_copy
pairs_arith_v2.csv,4172,arithmetic,gsm8k_test_0466,cal,remove,C1_transformed,lmsys_rephrase
pairs_arith_v2.csv,4173,arithmetic,gsm8k_test_0466,cal,remove,C2_answer_bearing,gsm8k_solution_frag
pairs_arith_v2.csv,4174,arithmetic,gsm8k_test_0466,cal,retain,H2_same_template,gsmplus_numerical_substitution
pairs_arith_v2.csv,4175,arithmetic,gsm8k_test_0466,cal,remove,C1_transformed,gsmplus_problem_understanding
pairs_arith_v2.csv,4176,arithmetic,gsm8k_test_0466,cal,retain,H2_same_template,gsmplus_critical_thinking
pairs_arith_v2.csv,4177,arithmetic,gsm8k_test_0466,cal,retain,H1_same_topic,svamp
pairs_arith_v2.csv,4178,arithmetic,gsm8k_test_0466,cal,retain,H3_predating,asdiv
pairs_arith_v2.csv,4179,arithmetic,gsm8k_test_0466,cal,retain,R_random,truthfulqa
pairs_arith_v2.csv,4189,arithmetic,gsm8k_test_0468,cal,remove,C0_exact,gsm8k_copy
pairs_arith_v2.csv,4190,arithmetic,gsm8k_test_0468,cal,remove,C1_transformed,lmsys_rephrase
pairs_arith_v2.csv,4191,arithmetic,gsm8k_test_0468,cal,remove,C2_answer_bearing,gsm8k_solution_frag
pairs_arith_v2.csv,4192,arithmetic,gsm8k_test_0468,cal,retain,H2_same_template,gsmplus_numerical_substitution
pairs_arith_v2.csv,4193,arithmetic,gsm8k_test_0468,cal,remove,C1_transformed,gsmplus_problem_understanding
pairs_arith_v2.csv,4194,arithmetic,gsm8k_test_0468,cal,retain,H2_same_template,gsmplus_critical_thinking
pairs_arith_v2.csv,4195,arithmetic,gsm8k_test_0468,cal,retain,H1_same_topic,svamp
pairs_arith_v2.csv,4196,arithmetic,gsm8k_test_0468,cal,retain,H3_predating,asdiv
pairs_arith_v2.csv,4197,arithmetic,gsm8k_test_0468,cal,retain,R_random,truthfulqa
pairs_arith_v2.csv,4198,arithmetic,gsm8k_test_0469,cal,remove,C0_exact,gsm8k_copy
pairs_arith_v2.csv,4199,arithmetic,gsm8k_test_0469,cal,remove,C1_transformed,lmsys_rephrase
pairs_arith_v2.csv,4200,arithmetic,gsm8k_test_0469,cal,remove,C2_answer_bearing,gsm8k_solution_frag
pairs_arith_v2.csv,4201,arithmetic,gsm8k_test_0469,cal,retain,H2_same_template,gsmplus_numerical_substitution
pairs_arith_v2.csv,4202,arithmetic,gsm8k_test_0469,cal,remove,C1_transformed,gsmplus_problem_understanding
pairs_arith_v2.csv,4203,arithmetic,gsm8k_test_0469,cal,retain,H2_same_template,gsmplus_critical_thinking
pairs_arith_v2.csv,4204,arithmetic,gsm8k_test_0469,cal,retain,H1_same_topic,svamp
pairs_arith_v2.csv,4205,arithmetic,gsm8k_test_0469,cal,retain,H3_predating,asdiv
pairs_arith_v2.csv,4206,arithmetic,gsm8k_test_0469,cal,retain,R_random,truthfulqa
pairs_arith_v2.csv,4225,arithmetic,gsm8k_test_0472,cal,remove,C0_exact,gsm8k_copy
pairs_arith_v2.csv,4226,arithmetic,gsm8k_test_0472,cal,remove,C1_transformed,lmsys_rephrase
pairs_arith_v2.csv,4227,arithmetic,gsm8k_test_0472,cal,remove,C2_answer_bearing,gsm8k_solution_frag
pairs_arith_v2.csv,4228,arithmetic,gsm8k_test_0472,cal,retain,H2_same_template,gsmplus_numerical_substitution
pairs_arith_v2.csv,4229,arithmetic,gsm8k_test_0472,cal,remove,C1_transformed,gsmplus_problem_understanding
pairs_arith_v2.csv,4230,arithmetic,gsm8k_test_0472,cal,retain,H2_same_template,gsmplus_critical_thinking
pairs_arith_v2.csv,4231,arithmetic,gsm8k_test_0472,cal,retain,H1_same_topic,svamp
pairs_arith_v2.csv,4232,arithmetic,gsm8k_test_0472,cal,retain,H3_predating,asdiv
pairs_arith_v2.csv,4233,arithmetic,gsm8k_test_0472,cal,retain,R_random,truthfulqa
pairs_arith_v2.csv,4234,arithmetic,gsm8k_test_0473,cal,remove,C0_exact,gsm8k_copy
pairs_arith_v2.csv,4235,arithmetic,gsm8k_test_0473,cal,remove,C1_transformed,lmsys_rephrase
pairs_arith_v2.csv,4236,arithmetic,gsm8k_test_0473,cal,remove,C2_answer_bearing,gsm8k_solution_frag
pairs_arith_v2.csv,4237,arithmetic,gsm8k_test_0473,cal,retain,H2_same_template,gsmplus_numerical_substitution
pairs_arith_v2.csv,4238,arithmetic,gsm8k_test_0473,cal,remove,C1_transformed,gsmplus_problem_understanding
pairs_arith_v2.csv,4239,arithmetic,gsm8k_test_0473,cal,retain,H2_same_template,gsmplus_critical_thinking
pairs_arith_v2.csv,4240,arithmetic,gsm8k_test_0473,cal,retain,H1_same_topic,svamp
pairs_arith_v2.csv,4241,arithmetic,gsm8k_test_0473,cal,retain,H3_predating,asdiv
pairs_arith_v2.csv,4242,arithmetic,gsm8k_test_0473,cal,retain,R_random,truthfulqa
pairs_arith_v2.csv,4243,arithmetic,gsm8k_test_0474,cal,remove,C0_exact,gsm8k_copy
pairs_arith_v2.csv,4244,arithmetic,gsm8k_test_0474,cal,remove,C1_transformed,lmsys_rephrase
pairs_arith_v2.csv,4245,arithmetic,gsm8k_test_0474,cal,remove,C2_answer_bearing,gsm8k_solution_frag
pairs_arith_v2.csv,4246,arithmetic,gsm8k_test_0474,cal,retain,H2_same_template,gsmplus_numerical_substitution
pairs_arith_v2.csv,4247,arithmetic,gsm8k_test_0474,cal,remove,C1_transformed,gsmplus_problem_understanding
pairs_arith_v2.csv,4248,arithmetic,gsm8k_test_0474,cal,retain,H2_same_template,gsmplus_critical_thinking
pairs_arith_v2.csv,4249,arithmetic,gsm8k_test_0474,cal,retain,H1_same_topic,svamp
pairs_arith_v2.csv,4250,arithmetic,gsm8k_test_0474,cal,retain,H3_predating,asdiv
pairs_arith_v2.csv,4251,arithmetic,gsm8k_test_0474,cal,retain,R_random,truthfulqa
pairs_arith_v2.csv,4297,arithmetic,gsm8k_test_0480,cal,remove,C0_exact,gsm8k_copy
pairs_arith_v2.csv,4298,arithmetic,gsm8k_test_0480,cal,remove,C1_transformed,lmsys_rephrase
pairs_arith_v2.csv,4299,arithmetic,gsm8k_test_0480,cal,remove,C2_answer_bearing,gsm8k_solution_frag
pairs_arith_v2.csv,4300,arithmetic,gsm8k_test_0480,cal,remove,C1_transformed,gsmplus_problem_understanding
pairs_arith_v2.csv,4301,arithmetic,gsm8k_test_0480,cal,retain,H2_same_template,gsmplus_critical_thinking
pairs_arith_v2.csv,4302,arithmetic,gsm8k_test_0480,cal,retain,H1_same_topic,svamp
pairs_arith_v2.csv,4303,arithmetic,gsm8k_test_0480,cal,retain,H3_predating,asdiv
pairs_arith_v2.csv,4304,arithmetic,gsm8k_test_0480,cal,retain,R_random,truthfulqa
pairs_arith_v2.csv,4430,arithmetic,gsm8k_test_0495,cal,remove,C0_exact,gsm8k_copy
pairs_arith_v2.csv,4431,arithmetic,gsm8k_test_0495,cal,remove,C1_transformed,lmsys_rephrase
pairs_arith_v2.csv,4432,arithmetic,gsm8k_test_0495,cal,remove,C2_answer_bearing,gsm8k_solution_frag
pairs_arith_v2.csv,4433,arithmetic,gsm8k_test_0495,cal,retain,H2_same_template,gsmplus_numerical_substitution
pairs_arith_v2.csv,4434,arithmetic,gsm8k_test_0495,cal,remove,C1_transformed,gsmplus_problem_understanding
pairs_arith_v2.csv,4435,arithmetic,gsm8k_test_0495,cal,retain,H2_same_template,gsmplus_critical_thinking
pairs_arith_v2.csv,4436,arithmetic,gsm8k_test_0495,cal,retain,H1_same_topic,svamp
pairs_arith_v2.csv,4437,arithmetic,gsm8k_test_0495,cal,retain,H3_predating,asdiv
pairs_arith_v2.csv,4438,arithmetic,gsm8k_test_0495,cal,retain,R_random,truthfulqa
pairs_arith_v2.csv,4466,arithmetic,gsm8k_test_0499,cal,remove,C0_exact,gsm8k_copy
pairs_arith_v2.csv,4467,arithmetic,gsm8k_test_0499,cal,remove,C1_transformed,lmsys_rephrase
pairs_arith_v2.csv,4468,arithmetic,gsm8k_test_0499,cal,remove,C2_answer_bearing,gsm8k_solution_frag
pairs_arith_v2.csv,4469,arithmetic,gsm8k_test_0499,cal,retain,H2_same_template,gsmplus_numerical_substitution
pairs_arith_v2.csv,4470,arithmetic,gsm8k_test_0499,cal,remove,C1_transformed,gsmplus_problem_understanding
pairs_arith_v2.csv,4471,arithmetic,gsm8k_test_0499,cal,retain,H2_same_template,gsmplus_critical_thinking
pairs_arith_v2.csv,4472,arithmetic,gsm8k_test_0499,cal,retain,H1_same_topic,svamp
pairs_arith_v2.csv,4473,arithmetic,gsm8k_test_0499,cal,retain,H3_predating,asdiv
pairs_arith_v2.csv,4474,arithmetic,gsm8k_test_0499,cal,retain,R_random,truthfulqa
pairs_arith_v2.csv,4529,arithmetic,gsm8k_test_0506,cal,remove,C0_exact,gsm8k_copy
pairs_arith_v2.csv,4530,arithmetic,gsm8k_test_0506,cal,remove,C1_transformed,lmsys_rephrase
pairs_arith_v2.csv,4531,arithmetic,gsm8k_test_0506,cal,remove,C2_answer_bearing,gsm8k_solution_frag
pairs_arith_v2.csv,4532,arithmetic,gsm8k_test_0506,cal,retain,H2_same_template,gsmplus_numerical_substitution
pairs_arith_v2.csv,4533,arithmetic,gsm8k_test_0506,cal,remove,C1_transformed,gsmplus_problem_understanding
pairs_arith_v2.csv,4534,arithmetic,gsm8k_test_0506,cal,retain,H2_same_template,gsmplus_critical_thinking
pairs_arith_v2.csv,4535,arithmetic,gsm8k_test_0506,cal,retain,H1_same_topic,svamp
pairs_arith_v2.csv,4536,arithmetic,gsm8k_test_0506,cal,retain,H3_predating,asdiv
pairs_arith_v2.csv,4537,arithmetic,gsm8k_test_0506,cal,retain,R_random,truthfulqa
pairs_arith_v2.csv,4556,arithmetic,gsm8k_test_0509,cal,remove,C0_exact,gsm8k_copy
pairs_arith_v2.csv,4557,arithmetic,gsm8k_test_0509,cal,remove,C1_transformed,lmsys_rephrase
pairs_arith_v2.csv,4558,arithmetic,gsm8k_test_0509,cal,remove,C2_answer_bearing,gsm8k_solution_frag
pairs_arith_v2.csv,4559,arithmetic,gsm8k_test_0509,cal,retain,H2_same_template,gsmplus_numerical_substitution
pairs_arith_v2.csv,4560,arithmetic,gsm8k_test_0509,cal,remove,C1_transformed,gsmplus_problem_understanding
pairs_arith_v2.csv,4561,arithmetic,gsm8k_test_0509,cal,retain,H2_same_template,gsmplus_critical_thinking
pairs_arith_v2.csv,4562,arithmetic,gsm8k_test_0509,cal,retain,H1_same_topic,svamp
pairs_arith_v2.csv,4563,arithmetic,gsm8k_test_0509,cal,retain,H3_predating,asdiv
pairs_arith_v2.csv,4564,arithmetic,gsm8k_test_0509,cal,retain,R_random,truthfulqa
pairs_arith_v2.csv,4592,arithmetic,gsm8k_test_0513,cal,remove,C0_exact,gsm8k_copy
pairs_arith_v2.csv,4593,arithmetic,gsm8k_test_0513,cal,remove,C1_transformed,lmsys_rephrase
pairs_arith_v2.csv,4594,arithmetic,gsm8k_test_0513,cal,remove,C2_answer_bearing,gsm8k_solution_frag
pairs_arith_v2.csv,4595,arithmetic,gsm8k_test_0513,cal,retain,H2_same_template,gsmplus_numerical_substitution
pairs_arith_v2.csv,4596,arithmetic,gsm8k_test_0513,cal,remove,C1_transformed,gsmplus_problem_understanding
pairs_arith_v2.csv,4597,arithmetic,gsm8k_test_0513,cal,retain,H2_same_template,gsmplus_critical_thinking
pairs_arith_v2.csv,4598,arithmetic,gsm8k_test_0513,cal,retain,H1_same_topic,svamp
pairs_arith_v2.csv,4599,arithmetic,gsm8k_test_0513,cal,retain,H3_predating,asdiv
pairs_arith_v2.csv,4600,arithmetic,gsm8k_test_0513,cal,retain,R_random,truthfulqa
pairs_arith_v2.csv,4664,arithmetic,gsm8k_test_0521,cal,remove,C0_exact,gsm8k_copy
pairs_arith_v2.csv,4665,arithmetic,gsm8k_test_0521,cal,remove,C1_transformed,lmsys_rephrase
pairs_arith_v2.csv,4666,arithmetic,gsm8k_test_0521,cal,remove,C2_answer_bearing,gsm8k_solution_frag
pairs_arith_v2.csv,4667,arithmetic,gsm8k_test_0521,cal,retain,H2_same_template,gsmplus_numerical_substitution
pairs_arith_v2.csv,4668,arithmetic,gsm8k_test_0521,cal,remove,C1_transformed,gsmplus_problem_understanding
pairs_arith_v2.csv,4669,arithmetic,gsm8k_test_0521,cal,retain,H2_same_template,gsmplus_critical_thinking
pairs_arith_v2.csv,4670,arithmetic,gsm8k_test_0521,cal,retain,H1_same_topic,svamp
pairs_arith_v2.csv,4671,arithmetic,gsm8k_test_0521,cal,retain,H3_predating,asdiv
pairs_arith_v2.csv,4672,arithmetic,gsm8k_test_0521,cal,retain,R_random,truthfulqa
pairs_arith_v2.csv,4699,arithmetic,gsm8k_test_0525,cal,remove,C0_exact,gsm8k_copy
pairs_arith_v2.csv,4700,arithmetic,gsm8k_test_0525,cal,remove,C1_transformed,lmsys_rephrase
pairs_arith_v2.csv,4701,arithmetic,gsm8k_test_0525,cal,remove,C2_answer_bearing,gsm8k_solution_frag
pairs_arith_v2.csv,4702,arithmetic,gsm8k_test_0525,cal,retain,H2_same_template,gsmplus_numerical_substitution
pairs_arith_v2.csv,4703,arithmetic,gsm8k_test_0525,cal,remove,C1_transformed,gsmplus_problem_understanding
pairs_arith_v2.csv,4704,arithmetic,gsm8k_test_0525,cal,retain,H2_same_template,gsmplus_critical_thinking
pairs_arith_v2.csv,4705,arithmetic,gsm8k_test_0525,cal,retain,H1_same_topic,svamp
pairs_arith_v2.csv,4706,arithmetic,gsm8k_test_0525,cal,retain,H3_predating,asdiv
pairs_arith_v2.csv,4707,arithmetic,gsm8k_test_0525,cal,retain,R_random,truthfulqa
pairs_arith_v2.csv,4726,arithmetic,gsm8k_test_0528,cal,remove,C0_exact,gsm8k_copy
pairs_arith_v2.csv,4727,arithmetic,gsm8k_test_0528,cal,remove,C1_transformed,lmsys_rephrase
pairs_arith_v2.csv,4728,arithmetic,gsm8k_test_0528,cal,remove,C2_answer_bearing,gsm8k_solution_frag
pairs_arith_v2.csv,4729,arithmetic,gsm8k_test_0528,cal,retain,H2_same_template,gsmplus_numerical_substitution
pairs_arith_v2.csv,4730,arithmetic,gsm8k_test_0528,cal,remove,C1_transformed,gsmplus_problem_understanding
pairs_arith_v2.csv,4731,arithmetic,gsm8k_test_0528,cal,retain,H2_same_template,gsmplus_critical_thinking
pairs_arith_v2.csv,4732,arithmetic,gsm8k_test_0528,cal,retain,H1_same_topic,svamp
pairs_arith_v2.csv,4733,arithmetic,gsm8k_test_0528,cal,retain,H3_predating,asdiv
pairs_arith_v2.csv,4734,arithmetic,gsm8k_test_0528,cal,retain,R_random,truthfulqa
pairs_arith_v2.csv,4753,arithmetic,gsm8k_test_0531,cal,remove,C0_exact,gsm8k_copy
pairs_arith_v2.csv,4754,arithmetic,gsm8k_test_0531,cal,remove,C1_transformed,lmsys_rephrase
pairs_arith_v2.csv,4755,arithmetic,gsm8k_test_0531,cal,remove,C2_answer_bearing,gsm8k_solution_frag
pairs_arith_v2.csv,4756,arithmetic,gsm8k_test_0531,cal,retain,H2_same_template,gsmplus_numerical_substitution
pairs_arith_v2.csv,4757,arithmetic,gsm8k_test_0531,cal,remove,C1_transformed,gsmplus_problem_understanding
pairs_arith_v2.csv,4758,arithmetic,gsm8k_test_0531,cal,retain,H2_same_template,gsmplus_critical_thinking
pairs_arith_v2.csv,4759,arithmetic,gsm8k_test_0531,cal,retain,H1_same_topic,svamp
pairs_arith_v2.csv,4760,arithmetic,gsm8k_test_0531,cal,retain,H3_predating,asdiv
pairs_arith_v2.csv,4761,arithmetic,gsm8k_test_0531,cal,retain,R_random,truthfulqa
pairs_arith_v2.csv,4762,arithmetic,gsm8k_test_0532,cal,remove,C0_exact,gsm8k_copy
pairs_arith_v2.csv,4763,arithmetic,gsm8k_test_0532,cal,remove,C1_transformed,lmsys_rephrase
pairs_arith_v2.csv,4764,arithmetic,gsm8k_test_0532,cal,remove,C2_answer_bearing,gsm8k_solution_frag
pairs_arith_v2.csv,4765,arithmetic,gsm8k_test_0532,cal,retain,H2_same_template,gsmplus_numerical_substitution
pairs_arith_v2.csv,4766,arithmetic,gsm8k_test_0532,cal,remove,C1_transformed,gsmplus_problem_understanding
pairs_arith_v2.csv,4767,arithmetic,gsm8k_test_0532,cal,retain,H2_same_template,gsmplus_critical_thinking
pairs_arith_v2.csv,4768,arithmetic,gsm8k_test_0532,cal,retain,H1_same_topic,svamp
pairs_arith_v2.csv,4769,arithmetic,gsm8k_test_0532,cal,retain,H3_predating,asdiv
pairs_arith_v2.csv,4770,arithmetic,gsm8k_test_0532,cal,retain,R_random,truthfulqa
pairs_arith_v2.csv,4780,arithmetic,gsm8k_test_0534,cal,remove,C0_exact,gsm8k_copy
pairs_arith_v2.csv,4781,arithmetic,gsm8k_test_0534,cal,remove,C1_transformed,lmsys_rephrase
pairs_arith_v2.csv,4782,arithmetic,gsm8k_test_0534,cal,remove,C2_answer_bearing,gsm8k_solution_frag
pairs_arith_v2.csv,4783,arithmetic,gsm8k_test_0534,cal,retain,H2_same_template,gsmplus_numerical_substitution
pairs_arith_v2.csv,4784,arithmetic,gsm8k_test_0534,cal,remove,C1_transformed,gsmplus_problem_understanding
pairs_arith_v2.csv,4785,arithmetic,gsm8k_test_0534,cal,retain,H2_same_template,gsmplus_critical_thinking
pairs_arith_v2.csv,4786,arithmetic,gsm8k_test_0534,cal,retain,H1_same_topic,svamp
pairs_arith_v2.csv,4787,arithmetic,gsm8k_test_0534,cal,retain,H3_predating,asdiv
pairs_arith_v2.csv,4788,arithmetic,gsm8k_test_0534,cal,retain,R_random,truthfulqa
pairs_arith_v2.csv,4816,arithmetic,gsm8k_test_0538,cal,remove,C0_exact,gsm8k_copy
pairs_arith_v2.csv,4817,arithmetic,gsm8k_test_0538,cal,remove,C1_transformed,lmsys_rephrase
pairs_arith_v2.csv,4818,arithmetic,gsm8k_test_0538,cal,remove,C2_answer_bearing,gsm8k_solution_frag
pairs_arith_v2.csv,4819,arithmetic,gsm8k_test_0538,cal,retain,H2_same_template,gsmplus_numerical_substitution
pairs_arith_v2.csv,4820,arithmetic,gsm8k_test_0538,cal,remove,C1_transformed,gsmplus_problem_understanding
pairs_arith_v2.csv,4821,arithmetic,gsm8k_test_0538,cal,retain,H2_same_template,gsmplus_critical_thinking
pairs_arith_v2.csv,4822,arithmetic,gsm8k_test_0538,cal,retain,H1_same_topic,svamp
pairs_arith_v2.csv,4823,arithmetic,gsm8k_test_0538,cal,retain,H3_predating,asdiv
pairs_arith_v2.csv,4824,arithmetic,gsm8k_test_0538,cal,retain,R_random,truthfulqa
pairs_arith_v2.csv,4879,arithmetic,gsm8k_test_0545,cal,remove,C0_exact,gsm8k_copy
pairs_arith_v2.csv,4880,arithmetic,gsm8k_test_0545,cal,remove,C1_transformed,lmsys_rephrase
pairs_arith_v2.csv,4881,arithmetic,gsm8k_test_0545,cal,remove,C2_answer_bearing,gsm8k_solution_frag
pairs_arith_v2.csv,4882,arithmetic,gsm8k_test_0545,cal,retain,H2_same_template,gsmplus_numerical_substitution
pairs_arith_v2.csv,4883,arithmetic,gsm8k_test_0545,cal,remove,C1_transformed,gsmplus_problem_understanding
pairs_arith_v2.csv,4884,arithmetic,gsm8k_test_0545,cal,retain,H2_same_template,gsmplus_critical_thinking
pairs_arith_v2.csv,4885,arithmetic,gsm8k_test_0545,cal,retain,H1_same_topic,svamp
pairs_arith_v2.csv,4886,arithmetic,gsm8k_test_0545,cal,retain,H3_predating,asdiv
pairs_arith_v2.csv,4887,arithmetic,gsm8k_test_0545,cal,retain,R_random,truthfulqa
pairs_arith_v2.csv,4888,arithmetic,gsm8k_test_0546,cal,remove,C0_exact,gsm8k_copy
pairs_arith_v2.csv,4889,arithmetic,gsm8k_test_0546,cal,remove,C1_transformed,lmsys_rephrase
pairs_arith_v2.csv,4890,arithmetic,gsm8k_test_0546,cal,remove,C2_answer_bearing,gsm8k_solution_frag
pairs_arith_v2.csv,4891,arithmetic,gsm8k_test_0546,cal,retain,H2_same_template,gsmplus_numerical_substitution
pairs_arith_v2.csv,4892,arithmetic,gsm8k_test_0546,cal,remove,C1_transformed,gsmplus_problem_understanding
pairs_arith_v2.csv,4893,arithmetic,gsm8k_test_0546,cal,retain,H2_same_template,gsmplus_critical_thinking
pairs_arith_v2.csv,4894,arithmetic,gsm8k_test_0546,cal,retain,H1_same_topic,svamp
pairs_arith_v2.csv,4895,arithmetic,gsm8k_test_0546,cal,retain,H3_predating,asdiv
pairs_arith_v2.csv,4896,arithmetic,gsm8k_test_0546,cal,retain,R_random,truthfulqa
pairs_arith_v2.csv,4897,arithmetic,gsm8k_test_0547,cal,remove,C0_exact,gsm8k_copy
pairs_arith_v2.csv,4898,arithmetic,gsm8k_test_0547,cal,remove,C1_transformed,lmsys_rephrase
pairs_arith_v2.csv,4899,arithmetic,gsm8k_test_0547,cal,remove,C2_answer_bearing,gsm8k_solution_frag
pairs_arith_v2.csv,4900,arithmetic,gsm8k_test_0547,cal,retain,H2_same_template,gsmplus_numerical_substitution
pairs_arith_v2.csv,4901,arithmetic,gsm8k_test_0547,cal,remove,C1_transformed,gsmplus_problem_understanding
pairs_arith_v2.csv,4902,arithmetic,gsm8k_test_0547,cal,retain,H2_same_template,gsmplus_critical_thinking
pairs_arith_v2.csv,4903,arithmetic,gsm8k_test_0547,cal,retain,H1_same_topic,svamp
pairs_arith_v2.csv,4904,arithmetic,gsm8k_test_0547,cal,retain,H3_predating,asdiv
pairs_arith_v2.csv,4905,arithmetic,gsm8k_test_0547,cal,retain,R_random,truthfulqa
pairs_arith_v2.csv,4951,arithmetic,gsm8k_test_0553,cal,remove,C0_exact,gsm8k_copy
pairs_arith_v2.csv,4952,arithmetic,gsm8k_test_0553,cal,remove,C1_transformed,lmsys_rephrase
pairs_arith_v2.csv,4953,arithmetic,gsm8k_test_0553,cal,remove,C2_answer_bearing,gsm8k_solution_frag
pairs_arith_v2.csv,4954,arithmetic,gsm8k_test_0553,cal,retain,H2_same_template,gsmplus_numerical_substitution
pairs_arith_v2.csv,4955,arithmetic,gsm8k_test_0553,cal,remove,C1_transformed,gsmplus_problem_understanding
pairs_arith_v2.csv,4956,arithmetic,gsm8k_test_0553,cal,retain,H2_same_template,gsmplus_critical_thinking
pairs_arith_v2.csv,4957,arithmetic,gsm8k_test_0553,cal,retain,H1_same_topic,svamp
pairs_arith_v2.csv,4958,arithmetic,gsm8k_test_0553,cal,retain,H3_predating,asdiv
pairs_arith_v2.csv,4959,arithmetic,gsm8k_test_0553,cal,retain,R_random,truthfulqa
pairs_arith_v2.csv,4960,arithmetic,gsm8k_test_0554,cal,remove,C0_exact,gsm8k_copy
pairs_arith_v2.csv,4961,arithmetic,gsm8k_test_0554,cal,remove,C1_transformed,lmsys_rephrase
pairs_arith_v2.csv,4962,arithmetic,gsm8k_test_0554,cal,remove,C2_answer_bearing,gsm8k_solution_frag
pairs_arith_v2.csv,4963,arithmetic,gsm8k_test_0554,cal,retain,H2_same_template,gsmplus_numerical_substitution
pairs_arith_v2.csv,4964,arithmetic,gsm8k_test_0554,cal,remove,C1_transformed,gsmplus_problem_understanding
pairs_arith_v2.csv,4965,arithmetic,gsm8k_test_0554,cal,retain,H2_same_template,gsmplus_critical_thinking
pairs_arith_v2.csv,4966,arithmetic,gsm8k_test_0554,cal,retain,H1_same_topic,svamp
pairs_arith_v2.csv,4967,arithmetic,gsm8k_test_0554,cal,retain,H3_predating,asdiv
pairs_arith_v2.csv,4968,arithmetic,gsm8k_test_0554,cal,retain,R_random,truthfulqa
pairs_arith_v2.csv,5130,arithmetic,gsm8k_test_0573,cal,remove,C0_exact,gsm8k_copy
pairs_arith_v2.csv,5131,arithmetic,gsm8k_test_0573,cal,remove,C1_transformed,lmsys_rephrase
pairs_arith_v2.csv,5132,arithmetic,gsm8k_test_0573,cal,remove,C2_answer_bearing,gsm8k_solution_frag
pairs_arith_v2.csv,5133,arithmetic,gsm8k_test_0573,cal,retain,H2_same_template,gsmplus_numerical_substitution
pairs_arith_v2.csv,5134,arithmetic,gsm8k_test_0573,cal,remove,C1_transformed,gsmplus_problem_understanding
pairs_arith_v2.csv,5135,arithmetic,gsm8k_test_0573,cal,retain,H2_same_template,gsmplus_critical_thinking
pairs_arith_v2.csv,5136,arithmetic,gsm8k_test_0573,cal,retain,H1_same_topic,svamp
pairs_arith_v2.csv,5137,arithmetic,gsm8k_test_0573,cal,retain,H3_predating,asdiv
pairs_arith_v2.csv,5138,arithmetic,gsm8k_test_0573,cal,retain,R_random,truthfulqa
pairs_arith_v2.csv,5166,arithmetic,gsm8k_test_0577,cal,remove,C0_exact,gsm8k_copy
pairs_arith_v2.csv,5167,arithmetic,gsm8k_test_0577,cal,remove,C1_transformed,lmsys_rephrase
pairs_arith_v2.csv,5168,arithmetic,gsm8k_test_0577,cal,remove,C2_answer_bearing,gsm8k_solution_frag
pairs_arith_v2.csv,5169,arithmetic,gsm8k_test_0577,cal,retain,H2_same_template,gsmplus_numerical_substitution
pairs_arith_v2.csv,5170,arithmetic,gsm8k_test_0577,cal,remove,C1_transformed,gsmplus_problem_understanding
pairs_arith_v2.csv,5171,arithmetic,gsm8k_test_0577,cal,retain,H2_same_template,gsmplus_critical_thinking
pairs_arith_v2.csv,5172,arithmetic,gsm8k_test_0577,cal,retain,H1_same_topic,svamp
pairs_arith_v2.csv,5173,arithmetic,gsm8k_test_0577,cal,retain,H3_predating,asdiv
pairs_arith_v2.csv,5174,arithmetic,gsm8k_test_0577,cal,retain,R_random,truthfulqa
pairs_arith_v2.csv,5175,arithmetic,gsm8k_test_0578,cal,remove,C0_exact,gsm8k_copy
pairs_arith_v2.csv,5176,arithmetic,gsm8k_test_0578,cal,remove,C1_transformed,lmsys_rephrase
pairs_arith_v2.csv,5177,arithmetic,gsm8k_test_0578,cal,remove,C2_answer_bearing,gsm8k_solution_frag
pairs_arith_v2.csv,5178,arithmetic,gsm8k_test_0578,cal,retain,H2_same_template,gsmplus_numerical_substitution
pairs_arith_v2.csv,5179,arithmetic,gsm8k_test_0578,cal,remove,C1_transformed,gsmplus_problem_understanding
pairs_arith_v2.csv,5180,arithmetic,gsm8k_test_0578,cal,retain,H2_same_template,gsmplus_critical_thinking
pairs_arith_v2.csv,5181,arithmetic,gsm8k_test_0578,cal,retain,H1_same_topic,svamp
pairs_arith_v2.csv,5182,arithmetic,gsm8k_test_0578,cal,retain,H3_predating,asdiv
pairs_arith_v2.csv,5183,arithmetic,gsm8k_test_0578,cal,retain,R_random,truthfulqa
pairs_arith_v2.csv,5184,arithmetic,gsm8k_test_0579,cal,remove,C0_exact,gsm8k_copy
pairs_arith_v2.csv,5185,arithmetic,gsm8k_test_0579,cal,remove,C1_transformed,lmsys_rephrase
pairs_arith_v2.csv,5186,arithmetic,gsm8k_test_0579,cal,remove,C2_answer_bearing,gsm8k_solution_frag
pairs_arith_v2.csv,5187,arithmetic,gsm8k_test_0579,cal,retain,H2_same_template,gsmplus_numerical_substitution
pairs_arith_v2.csv,5188,arithmetic,gsm8k_test_0579,cal,remove,C1_transformed,gsmplus_problem_understanding
pairs_arith_v2.csv,5189,arithmetic,gsm8k_test_0579,cal,retain,H2_same_template,gsmplus_critical_thinking
pairs_arith_v2.csv,5190,arithmetic,gsm8k_test_0579,cal,retain,H1_same_topic,svamp
pairs_arith_v2.csv,5191,arithmetic,gsm8k_test_0579,cal,retain,H3_predating,asdiv
pairs_arith_v2.csv,5192,arithmetic,gsm8k_test_0579,cal,retain,R_random,truthfulqa
pairs_arith_v2.csv,5229,arithmetic,gsm8k_test_0584,cal,remove,C0_exact,gsm8k_copy
pairs_arith_v2.csv,5230,arithmetic,gsm8k_test_0584,cal,remove,C1_transformed,lmsys_rephrase
pairs_arith_v2.csv,5231,arithmetic,gsm8k_test_0584,cal,remove,C2_answer_bearing,gsm8k_solution_frag
pairs_arith_v2.csv,5232,arithmetic,gsm8k_test_0584,cal,retain,H2_same_template,gsmplus_numerical_substitution
pairs_arith_v2.csv,5233,arithmetic,gsm8k_test_0584,cal,remove,C1_transformed,gsmplus_problem_understanding
pairs_arith_v2.csv,5234,arithmetic,gsm8k_test_0584,cal,retain,H2_same_template,gsmplus_critical_thinking
pairs_arith_v2.csv,5235,arithmetic,gsm8k_test_0584,cal,retain,H1_same_topic,svamp
pairs_arith_v2.csv,5236,arithmetic,gsm8k_test_0584,cal,retain,H3_predating,asdiv
pairs_arith_v2.csv,5237,arithmetic,gsm8k_test_0584,cal,retain,R_random,truthfulqa
pairs_arith_v2.csv,5238,arithmetic,gsm8k_test_0585,cal,remove,C0_exact,gsm8k_copy
pairs_arith_v2.csv,5239,arithmetic,gsm8k_test_0585,cal,remove,C1_transformed,lmsys_rephrase
pairs_arith_v2.csv,5240,arithmetic,gsm8k_test_0585,cal,remove,C2_answer_bearing,gsm8k_solution_frag
pairs_arith_v2.csv,5241,arithmetic,gsm8k_test_0585,cal,retain,H2_same_template,gsmplus_numerical_substitution
pairs_arith_v2.csv,5242,arithmetic,gsm8k_test_0585,cal,remove,C1_transformed,gsmplus_problem_understanding
pairs_arith_v2.csv,5243,arithmetic,gsm8k_test_0585,cal,retain,H2_same_template,gsmplus_critical_thinking
pairs_arith_v2.csv,5244,arithmetic,gsm8k_test_0585,cal,retain,H1_same_topic,svamp
pairs_arith_v2.csv,5245,arithmetic,gsm8k_test_0585,cal,retain,H3_predating,asdiv
pairs_arith_v2.csv,5246,arithmetic,gsm8k_test_0585,cal,retain,R_random,truthfulqa
pairs_arith_v2.csv,5292,arithmetic,gsm8k_test_0591,cal,remove,C0_exact,gsm8k_copy
pairs_arith_v2.csv,5293,arithmetic,gsm8k_test_0591,cal,remove,C1_transformed,lmsys_rephrase
pairs_arith_v2.csv,5294,arithmetic,gsm8k_test_0591,cal,remove,C2_answer_bearing,gsm8k_solution_frag
pairs_arith_v2.csv,5295,arithmetic,gsm8k_test_0591,cal,retain,H2_same_template,gsmplus_numerical_substitution
pairs_arith_v2.csv,5296,arithmetic,gsm8k_test_0591,cal,remove,C1_transformed,gsmplus_problem_understanding
pairs_arith_v2.csv,5297,arithmetic,gsm8k_test_0591,cal,retain,H2_same_template,gsmplus_critical_thinking
pairs_arith_v2.csv,5298,arithmetic,gsm8k_test_0591,cal,retain,H1_same_topic,svamp
pairs_arith_v2.csv,5299,arithmetic,gsm8k_test_0591,cal,retain,H3_predating,asdiv
pairs_arith_v2.csv,5300,arithmetic,gsm8k_test_0591,cal,retain,R_random,truthfulqa
pairs_arith_v2.csv,5372,arithmetic,gsm8k_test_0600,cal,remove,C0_exact,gsm8k_copy
pairs_arith_v2.csv,5373,arithmetic,gsm8k_test_0600,cal,remove,C1_transformed,lmsys_rephrase
pairs_arith_v2.csv,5374,arithmetic,gsm8k_test_0600,cal,remove,C2_answer_bearing,gsm8k_solution_frag
pairs_arith_v2.csv,5375,arithmetic,gsm8k_test_0600,cal,retain,H2_same_template,gsmplus_numerical_substitution
pairs_arith_v2.csv,5376,arithmetic,gsm8k_test_0600,cal,remove,C1_transformed,gsmplus_problem_understanding
pairs_arith_v2.csv,5377,arithmetic,gsm8k_test_0600,cal,retain,H2_same_template,gsmplus_critical_thinking
pairs_arith_v2.csv,5378,arithmetic,gsm8k_test_0600,cal,retain,H1_same_topic,svamp
pairs_arith_v2.csv,5379,arithmetic,gsm8k_test_0600,cal,retain,H3_predating,asdiv
pairs_arith_v2.csv,5380,arithmetic,gsm8k_test_0600,cal,retain,R_random,truthfulqa
pairs_arith_v2.csv,5381,arithmetic,gsm8k_test_0601,cal,remove,C0_exact,gsm8k_copy
pairs_arith_v2.csv,5382,arithmetic,gsm8k_test_0601,cal,remove,C1_transformed,lmsys_rephrase
pairs_arith_v2.csv,5383,arithmetic,gsm8k_test_0601,cal,remove,C2_answer_bearing,gsm8k_solution_frag
pairs_arith_v2.csv,5384,arithmetic,gsm8k_test_0601,cal,retain,H2_same_template,gsmplus_numerical_substitution
pairs_arith_v2.csv,5385,arithmetic,gsm8k_test_0601,cal,remove,C1_transformed,gsmplus_problem_understanding
pairs_arith_v2.csv,5386,arithmetic,gsm8k_test_0601,cal,retain,H2_same_template,gsmplus_critical_thinking
pairs_arith_v2.csv,5387,arithmetic,gsm8k_test_0601,cal,retain,H1_same_topic,svamp
pairs_arith_v2.csv,5388,arithmetic,gsm8k_test_0601,cal,retain,H3_predating,asdiv
pairs_arith_v2.csv,5389,arithmetic,gsm8k_test_0601,cal,retain,R_random,truthfulqa
pairs_arith_v2.csv,5416,arithmetic,gsm8k_test_0605,cal,remove,C0_exact,gsm8k_copy
pairs_arith_v2.csv,5417,arithmetic,gsm8k_test_0605,cal,remove,C1_transformed,lmsys_rephrase
pairs_arith_v2.csv,5418,arithmetic,gsm8k_test_0605,cal,remove,C2_answer_bearing,gsm8k_solution_frag
pairs_arith_v2.csv,5419,arithmetic,gsm8k_test_0605,cal,retain,H2_same_template,gsmplus_numerical_substitution
pairs_arith_v2.csv,5420,arithmetic,gsm8k_test_0605,cal,remove,C1_transformed,gsmplus_problem_understanding
pairs_arith_v2.csv,5421,arithmetic,gsm8k_test_0605,cal,retain,H2_same_template,gsmplus_critical_thinking
pairs_arith_v2.csv,5422,arithmetic,gsm8k_test_0605,cal,retain,H1_same_topic,svamp
pairs_arith_v2.csv,5423,arithmetic,gsm8k_test_0605,cal,retain,H3_predating,asdiv
pairs_arith_v2.csv,5424,arithmetic,gsm8k_test_0605,cal,retain,R_random,truthfulqa
pairs_arith_v2.csv,5524,arithmetic,gsm8k_test_0617,cal,remove,C0_exact,gsm8k_copy
pairs_arith_v2.csv,5525,arithmetic,gsm8k_test_0617,cal,remove,C1_transformed,lmsys_rephrase
pairs_arith_v2.csv,5526,arithmetic,gsm8k_test_0617,cal,remove,C2_answer_bearing,gsm8k_solution_frag
pairs_arith_v2.csv,5527,arithmetic,gsm8k_test_0617,cal,remove,C1_transformed,gsmplus_problem_understanding
pairs_arith_v2.csv,5528,arithmetic,gsm8k_test_0617,cal,retain,H2_same_template,gsmplus_critical_thinking
pairs_arith_v2.csv,5529,arithmetic,gsm8k_test_0617,cal,retain,H1_same_topic,svamp
pairs_arith_v2.csv,5530,arithmetic,gsm8k_test_0617,cal,retain,H3_predating,asdiv
pairs_arith_v2.csv,5531,arithmetic,gsm8k_test_0617,cal,retain,R_random,truthfulqa
pairs_arith_v2.csv,5532,arithmetic,gsm8k_test_0618,cal,remove,C0_exact,gsm8k_copy
pairs_arith_v2.csv,5533,arithmetic,gsm8k_test_0618,cal,remove,C1_transformed,lmsys_rephrase
pairs_arith_v2.csv,5534,arithmetic,gsm8k_test_0618,cal,remove,C2_answer_bearing,gsm8k_solution_frag
pairs_arith_v2.csv,5535,arithmetic,gsm8k_test_0618,cal,retain,H2_same_template,gsmplus_numerical_substitution
pairs_arith_v2.csv,5536,arithmetic,gsm8k_test_0618,cal,remove,C1_transformed,gsmplus_problem_understanding
pairs_arith_v2.csv,5537,arithmetic,gsm8k_test_0618,cal,retain,H2_same_template,gsmplus_critical_thinking
pairs_arith_v2.csv,5538,arithmetic,gsm8k_test_0618,cal,retain,H1_same_topic,svamp
pairs_arith_v2.csv,5539,arithmetic,gsm8k_test_0618,cal,retain,H3_predating,asdiv
pairs_arith_v2.csv,5540,arithmetic,gsm8k_test_0618,cal,retain,R_random,truthfulqa
pairs_arith_v2.csv,5559,arithmetic,gsm8k_test_0621,cal,remove,C0_exact,gsm8k_copy
pairs_arith_v2.csv,5560,arithmetic,gsm8k_test_0621,cal,remove,C1_transformed,lmsys_rephrase
pairs_arith_v2.csv,5561,arithmetic,gsm8k_test_0621,cal,remove,C2_answer_bearing,gsm8k_solution_frag
pairs_arith_v2.csv,5562,arithmetic,gsm8k_test_0621,cal,retain,H2_same_template,gsmplus_numerical_substitution
pairs_arith_v2.csv,5563,arithmetic,gsm8k_test_0621,cal,remove,C1_transformed,gsmplus_problem_understanding
pairs_arith_v2.csv,5564,arithmetic,gsm8k_test_0621,cal,retain,H2_same_template,gsmplus_critical_thinking
pairs_arith_v2.csv,5565,arithmetic,gsm8k_test_0621,cal,retain,H1_same_topic,svamp
pairs_arith_v2.csv,5566,arithmetic,gsm8k_test_0621,cal,retain,H3_predating,asdiv
pairs_arith_v2.csv,5567,arithmetic,gsm8k_test_0621,cal,retain,R_random,truthfulqa
pairs_arith_v2.csv,5568,arithmetic,gsm8k_test_0622,cal,remove,C0_exact,gsm8k_copy
pairs_arith_v2.csv,5569,arithmetic,gsm8k_test_0622,cal,remove,C1_transformed,lmsys_rephrase
pairs_arith_v2.csv,5570,arithmetic,gsm8k_test_0622,cal,remove,C2_answer_bearing,gsm8k_solution_frag
pairs_arith_v2.csv,5571,arithmetic,gsm8k_test_0622,cal,retain,H2_same_template,gsmplus_numerical_substitution
pairs_arith_v2.csv,5572,arithmetic,gsm8k_test_0622,cal,remove,C1_transformed,gsmplus_problem_understanding
pairs_arith_v2.csv,5573,arithmetic,gsm8k_test_0622,cal,retain,H2_same_template,gsmplus_critical_thinking
pairs_arith_v2.csv,5574,arithmetic,gsm8k_test_0622,cal,retain,H1_same_topic,svamp
pairs_arith_v2.csv,5575,arithmetic,gsm8k_test_0622,cal,retain,H3_predating,asdiv
pairs_arith_v2.csv,5576,arithmetic,gsm8k_test_0622,cal,retain,R_random,truthfulqa
pairs_arith_v2.csv,5586,arithmetic,gsm8k_test_0624,cal,remove,C0_exact,gsm8k_copy
pairs_arith_v2.csv,5587,arithmetic,gsm8k_test_0624,cal,remove,C1_transformed,lmsys_rephrase
pairs_arith_v2.csv,5588,arithmetic,gsm8k_test_0624,cal,remove,C2_answer_bearing,gsm8k_solution_frag
pairs_arith_v2.csv,5589,arithmetic,gsm8k_test_0624,cal,retain,H2_same_template,gsmplus_numerical_substitution
pairs_arith_v2.csv,5590,arithmetic,gsm8k_test_0624,cal,remove,C1_transformed,gsmplus_problem_understanding
pairs_arith_v2.csv,5591,arithmetic,gsm8k_test_0624,cal,retain,H2_same_template,gsmplus_critical_thinking
pairs_arith_v2.csv,5592,arithmetic,gsm8k_test_0624,cal,retain,H1_same_topic,svamp
pairs_arith_v2.csv,5593,arithmetic,gsm8k_test_0624,cal,retain,H3_predating,asdiv
pairs_arith_v2.csv,5594,arithmetic,gsm8k_test_0624,cal,retain,R_random,truthfulqa
pairs_arith_v2.csv,5604,arithmetic,gsm8k_test_0626,cal,remove,C0_exact,gsm8k_copy
pairs_arith_v2.csv,5605,arithmetic,gsm8k_test_0626,cal,remove,C1_transformed,lmsys_rephrase
pairs_arith_v2.csv,5606,arithmetic,gsm8k_test_0626,cal,remove,C2_answer_bearing,gsm8k_solution_frag
pairs_arith_v2.csv,5607,arithmetic,gsm8k_test_0626,cal,retain,H2_same_template,gsmplus_numerical_substitution
pairs_arith_v2.csv,5608,arithmetic,gsm8k_test_0626,cal,remove,C1_transformed,gsmplus_problem_understanding
pairs_arith_v2.csv,5609,arithmetic,gsm8k_test_0626,cal,retain,H2_same_template,gsmplus_critical_thinking
pairs_arith_v2.csv,5610,arithmetic,gsm8k_test_0626,cal,retain,H1_same_topic,svamp
pairs_arith_v2.csv,5611,arithmetic,gsm8k_test_0626,cal,retain,H3_predating,asdiv
pairs_arith_v2.csv,5612,arithmetic,gsm8k_test_0626,cal,retain,R_random,truthfulqa
pairs_arith_v2.csv,5622,arithmetic,gsm8k_test_0628,cal,remove,C0_exact,gsm8k_copy
pairs_arith_v2.csv,5623,arithmetic,gsm8k_test_0628,cal,remove,C1_transformed,lmsys_rephrase
pairs_arith_v2.csv,5624,arithmetic,gsm8k_test_0628,cal,remove,C2_answer_bearing,gsm8k_solution_frag
pairs_arith_v2.csv,5625,arithmetic,gsm8k_test_0628,cal,retain,H2_same_template,gsmplus_numerical_substitution
pairs_arith_v2.csv,5626,arithmetic,gsm8k_test_0628,cal,remove,C1_transformed,gsmplus_problem_understanding
pairs_arith_v2.csv,5627,arithmetic,gsm8k_test_0628,cal,retain,H2_same_template,gsmplus_critical_thinking
pairs_arith_v2.csv,5628,arithmetic,gsm8k_test_0628,cal,retain,H1_same_topic,svamp
pairs_arith_v2.csv,5629,arithmetic,gsm8k_test_0628,cal,retain,H3_predating,asdiv
pairs_arith_v2.csv,5630,arithmetic,gsm8k_test_0628,cal,retain,R_random,truthfulqa
pairs_arith_v2.csv,5676,arithmetic,gsm8k_test_0634,cal,remove,C0_exact,gsm8k_copy
pairs_arith_v2.csv,5677,arithmetic,gsm8k_test_0634,cal,remove,C1_transformed,lmsys_rephrase
pairs_arith_v2.csv,5678,arithmetic,gsm8k_test_0634,cal,remove,C2_answer_bearing,gsm8k_solution_frag
pairs_arith_v2.csv,5679,arithmetic,gsm8k_test_0634,cal,retain,H2_same_template,gsmplus_numerical_substitution
pairs_arith_v2.csv,5680,arithmetic,gsm8k_test_0634,cal,remove,C1_transformed,gsmplus_problem_understanding
pairs_arith_v2.csv,5681,arithmetic,gsm8k_test_0634,cal,retain,H2_same_template,gsmplus_critical_thinking
pairs_arith_v2.csv,5682,arithmetic,gsm8k_test_0634,cal,retain,H1_same_topic,svamp
pairs_arith_v2.csv,5683,arithmetic,gsm8k_test_0634,cal,retain,H3_predating,asdiv
pairs_arith_v2.csv,5684,arithmetic,gsm8k_test_0634,cal,retain,R_random,truthfulqa
pairs_arith_v2.csv,5712,arithmetic,gsm8k_test_0638,cal,remove,C0_exact,gsm8k_copy
pairs_arith_v2.csv,5713,arithmetic,gsm8k_test_0638,cal,remove,C1_transformed,lmsys_rephrase
pairs_arith_v2.csv,5714,arithmetic,gsm8k_test_0638,cal,remove,C2_answer_bearing,gsm8k_solution_frag
pairs_arith_v2.csv,5715,arithmetic,gsm8k_test_0638,cal,retain,H2_same_template,gsmplus_numerical_substitution
pairs_arith_v2.csv,5716,arithmetic,gsm8k_test_0638,cal,remove,C1_transformed,gsmplus_problem_understanding
pairs_arith_v2.csv,5717,arithmetic,gsm8k_test_0638,cal,retain,H2_same_template,gsmplus_critical_thinking
pairs_arith_v2.csv,5718,arithmetic,gsm8k_test_0638,cal,retain,H1_same_topic,svamp
pairs_arith_v2.csv,5719,arithmetic,gsm8k_test_0638,cal,retain,H3_predating,asdiv
pairs_arith_v2.csv,5720,arithmetic,gsm8k_test_0638,cal,retain,R_random,truthfulqa
pairs_arith_v2.csv,5793,arithmetic,gsm8k_test_0647,cal,remove,C0_exact,gsm8k_copy
pairs_arith_v2.csv,5794,arithmetic,gsm8k_test_0647,cal,remove,C1_transformed,lmsys_rephrase
pairs_arith_v2.csv,5795,arithmetic,gsm8k_test_0647,cal,remove,C2_answer_bearing,gsm8k_solution_frag
pairs_arith_v2.csv,5796,arithmetic,gsm8k_test_0647,cal,retain,H2_same_template,gsmplus_numerical_substitution
pairs_arith_v2.csv,5797,arithmetic,gsm8k_test_0647,cal,remove,C1_transformed,gsmplus_problem_understanding
pairs_arith_v2.csv,5798,arithmetic,gsm8k_test_0647,cal,retain,H2_same_template,gsmplus_critical_thinking
pairs_arith_v2.csv,5799,arithmetic,gsm8k_test_0647,cal,retain,H1_same_topic,svamp
pairs_arith_v2.csv,5800,arithmetic,gsm8k_test_0647,cal,retain,H3_predating,asdiv
pairs_arith_v2.csv,5801,arithmetic,gsm8k_test_0647,cal,retain,R_random,truthfulqa
pairs_arith_v2.csv,5838,arithmetic,gsm8k_test_0652,cal,remove,C0_exact,gsm8k_copy
pairs_arith_v2.csv,5839,arithmetic,gsm8k_test_0652,cal,remove,C1_transformed,lmsys_rephrase
pairs_arith_v2.csv,5840,arithmetic,gsm8k_test_0652,cal,remove,C2_answer_bearing,gsm8k_solution_frag
pairs_arith_v2.csv,5841,arithmetic,gsm8k_test_0652,cal,retain,H2_same_template,gsmplus_numerical_substitution
pairs_arith_v2.csv,5842,arithmetic,gsm8k_test_0652,cal,remove,C1_transformed,gsmplus_problem_understanding
pairs_arith_v2.csv,5843,arithmetic,gsm8k_test_0652,cal,retain,H2_same_template,gsmplus_critical_thinking
pairs_arith_v2.csv,5844,arithmetic,gsm8k_test_0652,cal,retain,H1_same_topic,svamp
pairs_arith_v2.csv,5845,arithmetic,gsm8k_test_0652,cal,retain,H3_predating,asdiv
pairs_arith_v2.csv,5846,arithmetic,gsm8k_test_0652,cal,retain,R_random,truthfulqa
pairs_arith_v2.csv,5874,arithmetic,gsm8k_test_0656,cal,remove,C0_exact,gsm8k_copy
pairs_arith_v2.csv,5875,arithmetic,gsm8k_test_0656,cal,remove,C1_transformed,lmsys_rephrase
pairs_arith_v2.csv,5876,arithmetic,gsm8k_test_0656,cal,remove,C2_answer_bearing,gsm8k_solution_frag
pairs_arith_v2.csv,5877,arithmetic,gsm8k_test_0656,cal,retain,H2_same_template,gsmplus_numerical_substitution
pairs_arith_v2.csv,5878,arithmetic,gsm8k_test_0656,cal,remove,C1_transformed,gsmplus_problem_understanding
pairs_arith_v2.csv,5879,arithmetic,gsm8k_test_0656,cal,retain,H2_same_template,gsmplus_critical_thinking
pairs_arith_v2.csv,5880,arithmetic,gsm8k_test_0656,cal,retain,H1_same_topic,svamp
pairs_arith_v2.csv,5881,arithmetic,gsm8k_test_0656,cal,retain,H3_predating,asdiv
pairs_arith_v2.csv,5882,arithmetic,gsm8k_test_0656,cal,retain,R_random,truthfulqa
pairs_arith_v2.csv,5892,arithmetic,gsm8k_test_0658,cal,remove,C0_exact,gsm8k_copy
pairs_arith_v2.csv,5893,arithmetic,gsm8k_test_0658,cal,remove,C1_transformed,lmsys_rephrase
pairs_arith_v2.csv,5894,arithmetic,gsm8k_test_0658,cal,remove,C2_answer_bearing,gsm8k_solution_frag
pairs_arith_v2.csv,5895,arithmetic,gsm8k_test_0658,cal,retain,H2_same_template,gsmplus_numerical_substitution
pairs_arith_v2.csv,5896,arithmetic,gsm8k_test_0658,cal,remove,C1_transformed,gsmplus_problem_understanding
pairs_arith_v2.csv,5897,arithmetic,gsm8k_test_0658,cal,retain,H2_same_template,gsmplus_critical_thinking
pairs_arith_v2.csv,5898,arithmetic,gsm8k_test_0658,cal,retain,H1_same_topic,svamp
pairs_arith_v2.csv,5899,arithmetic,gsm8k_test_0658,cal,retain,H3_predating,asdiv
pairs_arith_v2.csv,5900,arithmetic,gsm8k_test_0658,cal,retain,R_random,truthfulqa
pairs_arith_v2.csv,5918,arithmetic,gsm8k_test_0661,cal,remove,C0_exact,gsm8k_copy
pairs_arith_v2.csv,5919,arithmetic,gsm8k_test_0661,cal,remove,C1_transformed,lmsys_rephrase
pairs_arith_v2.csv,5920,arithmetic,gsm8k_test_0661,cal,remove,C2_answer_bearing,gsm8k_solution_frag
pairs_arith_v2.csv,5921,arithmetic,gsm8k_test_0661,cal,retain,H2_same_template,gsmplus_numerical_substitution
pairs_arith_v2.csv,5922,arithmetic,gsm8k_test_0661,cal,remove,C1_transformed,gsmplus_problem_understanding
pairs_arith_v2.csv,5923,arithmetic,gsm8k_test_0661,cal,retain,H2_same_template,gsmplus_critical_thinking
pairs_arith_v2.csv,5924,arithmetic,gsm8k_test_0661,cal,retain,H1_same_topic,svamp
pairs_arith_v2.csv,5925,arithmetic,gsm8k_test_0661,cal,retain,H3_predating,asdiv
pairs_arith_v2.csv,5926,arithmetic,gsm8k_test_0661,cal,retain,R_random,truthfulqa
pairs_arith_v2.csv,5952,arithmetic,gsm8k_test_0665,cal,remove,C0_exact,gsm8k_copy
pairs_arith_v2.csv,5953,arithmetic,gsm8k_test_0665,cal,remove,C1_transformed,lmsys_rephrase
pairs_arith_v2.csv,5954,arithmetic,gsm8k_test_0665,cal,remove,C2_answer_bearing,gsm8k_solution_frag
pairs_arith_v2.csv,5955,arithmetic,gsm8k_test_0665,cal,retain,H2_same_template,gsmplus_numerical_substitution
pairs_arith_v2.csv,5956,arithmetic,gsm8k_test_0665,cal,remove,C1_transformed,gsmplus_problem_understanding
pairs_arith_v2.csv,5957,arithmetic,gsm8k_test_0665,cal,retain,H2_same_template,gsmplus_critical_thinking
pairs_arith_v2.csv,5958,arithmetic,gsm8k_test_0665,cal,retain,H1_same_topic,svamp
pairs_arith_v2.csv,5959,arithmetic,gsm8k_test_0665,cal,retain,H3_predating,asdiv
pairs_arith_v2.csv,5960,arithmetic,gsm8k_test_0665,cal,retain,R_random,truthfulqa
pairs_arith_v2.csv,6051,arithmetic,gsm8k_test_0676,cal,remove,C0_exact,gsm8k_copy
pairs_arith_v2.csv,6052,arithmetic,gsm8k_test_0676,cal,remove,C1_transformed,lmsys_rephrase
pairs_arith_v2.csv,6053,arithmetic,gsm8k_test_0676,cal,remove,C2_answer_bearing,gsm8k_solution_frag
pairs_arith_v2.csv,6054,arithmetic,gsm8k_test_0676,cal,retain,H2_same_template,gsmplus_numerical_substitution
pairs_arith_v2.csv,6055,arithmetic,gsm8k_test_0676,cal,remove,C1_transformed,gsmplus_problem_understanding
pairs_arith_v2.csv,6056,arithmetic,gsm8k_test_0676,cal,retain,H2_same_template,gsmplus_critical_thinking
pairs_arith_v2.csv,6057,arithmetic,gsm8k_test_0676,cal,retain,H1_same_topic,svamp
pairs_arith_v2.csv,6058,arithmetic,gsm8k_test_0676,cal,retain,H3_predating,asdiv
pairs_arith_v2.csv,6059,arithmetic,gsm8k_test_0676,cal,retain,R_random,truthfulqa
pairs_arith_v2.csv,6060,arithmetic,gsm8k_test_0677,cal,remove,C0_exact,gsm8k_copy
pairs_arith_v2.csv,6061,arithmetic,gsm8k_test_0677,cal,remove,C1_transformed,lmsys_rephrase
pairs_arith_v2.csv,6062,arithmetic,gsm8k_test_0677,cal,remove,C2_answer_bearing,gsm8k_solution_frag
pairs_arith_v2.csv,6063,arithmetic,gsm8k_test_0677,cal,retain,H2_same_template,gsmplus_numerical_substitution
pairs_arith_v2.csv,6064,arithmetic,gsm8k_test_0677,cal,remove,C1_transformed,gsmplus_problem_understanding
pairs_arith_v2.csv,6065,arithmetic,gsm8k_test_0677,cal,retain,H2_same_template,gsmplus_critical_thinking
pairs_arith_v2.csv,6066,arithmetic,gsm8k_test_0677,cal,retain,H1_same_topic,svamp
pairs_arith_v2.csv,6067,arithmetic,gsm8k_test_0677,cal,retain,H3_predating,asdiv
pairs_arith_v2.csv,6068,arithmetic,gsm8k_test_0677,cal,retain,R_random,truthfulqa
pairs_arith_v2.csv,6069,arithmetic,gsm8k_test_0678,cal,remove,C0_exact,gsm8k_copy
pairs_arith_v2.csv,6070,arithmetic,gsm8k_test_0678,cal,remove,C1_transformed,lmsys_rephrase
pairs_arith_v2.csv,6071,arithmetic,gsm8k_test_0678,cal,remove,C2_answer_bearing,gsm8k_solution_frag
pairs_arith_v2.csv,6072,arithmetic,gsm8k_test_0678,cal,retain,H2_same_template,gsmplus_numerical_substitution
pairs_arith_v2.csv,6073,arithmetic,gsm8k_test_0678,cal,remove,C1_transformed,gsmplus_problem_understanding
pairs_arith_v2.csv,6074,arithmetic,gsm8k_test_0678,cal,retain,H2_same_template,gsmplus_critical_thinking
pairs_arith_v2.csv,6075,arithmetic,gsm8k_test_0678,cal,retain,H1_same_topic,svamp
pairs_arith_v2.csv,6076,arithmetic,gsm8k_test_0678,cal,retain,H3_predating,asdiv
pairs_arith_v2.csv,6077,arithmetic,gsm8k_test_0678,cal,retain,R_random,truthfulqa
pairs_arith_v2.csv,6078,arithmetic,gsm8k_test_0679,cal,remove,C0_exact,gsm8k_copy
pairs_arith_v2.csv,6079,arithmetic,gsm8k_test_0679,cal,remove,C1_transformed,lmsys_rephrase
pairs_arith_v2.csv,6080,arithmetic,gsm8k_test_0679,cal,remove,C2_answer_bearing,gsm8k_solution_frag
pairs_arith_v2.csv,6081,arithmetic,gsm8k_test_0679,cal,retain,H2_same_template,gsmplus_numerical_substitution
pairs_arith_v2.csv,6082,arithmetic,gsm8k_test_0679,cal,remove,C1_transformed,gsmplus_problem_understanding
pairs_arith_v2.csv,6083,arithmetic,gsm8k_test_0679,cal,retain,H2_same_template,gsmplus_critical_thinking
pairs_arith_v2.csv,6084,arithmetic,gsm8k_test_0679,cal,retain,H1_same_topic,svamp
pairs_arith_v2.csv,6085,arithmetic,gsm8k_test_0679,cal,retain,H3_predating,asdiv
pairs_arith_v2.csv,6086,arithmetic,gsm8k_test_0679,cal,retain,R_random,truthfulqa
pairs_arith_v2.csv,6105,arithmetic,gsm8k_test_0682,cal,remove,C0_exact,gsm8k_copy
pairs_arith_v2.csv,6106,arithmetic,gsm8k_test_0682,cal,remove,C1_transformed,lmsys_rephrase
pairs_arith_v2.csv,6107,arithmetic,gsm8k_test_0682,cal,remove,C2_answer_bearing,gsm8k_solution_frag
pairs_arith_v2.csv,6108,arithmetic,gsm8k_test_0682,cal,retain,H2_same_template,gsmplus_numerical_substitution
pairs_arith_v2.csv,6109,arithmetic,gsm8k_test_0682,cal,remove,C1_transformed,gsmplus_problem_understanding
pairs_arith_v2.csv,6110,arithmetic,gsm8k_test_0682,cal,retain,H2_same_template,gsmplus_critical_thinking
pairs_arith_v2.csv,6111,arithmetic,gsm8k_test_0682,cal,retain,H1_same_topic,svamp
pairs_arith_v2.csv,6112,arithmetic,gsm8k_test_0682,cal,retain,H3_predating,asdiv
pairs_arith_v2.csv,6113,arithmetic,gsm8k_test_0682,cal,retain,R_random,truthfulqa
pairs_arith_v2.csv,6132,arithmetic,gsm8k_test_0685,cal,remove,C0_exact,gsm8k_copy
pairs_arith_v2.csv,6133,arithmetic,gsm8k_test_0685,cal,remove,C1_transformed,lmsys_rephrase
pairs_arith_v2.csv,6134,arithmetic,gsm8k_test_0685,cal,remove,C2_answer_bearing,gsm8k_solution_frag
pairs_arith_v2.csv,6135,arithmetic,gsm8k_test_0685,cal,retain,H2_same_template,gsmplus_numerical_substitution
pairs_arith_v2.csv,6136,arithmetic,gsm8k_test_0685,cal,remove,C1_transformed,gsmplus_problem_understanding
pairs_arith_v2.csv,6137,arithmetic,gsm8k_test_0685,cal,retain,H2_same_template,gsmplus_critical_thinking
pairs_arith_v2.csv,6138,arithmetic,gsm8k_test_0685,cal,retain,H1_same_topic,svamp
pairs_arith_v2.csv,6139,arithmetic,gsm8k_test_0685,cal,retain,H3_predating,asdiv
pairs_arith_v2.csv,6140,arithmetic,gsm8k_test_0685,cal,retain,R_random,truthfulqa
pairs_arith_v2.csv,6195,arithmetic,gsm8k_test_0692,cal,remove,C0_exact,gsm8k_copy
pairs_arith_v2.csv,6196,arithmetic,gsm8k_test_0692,cal,remove,C1_transformed,lmsys_rephrase
pairs_arith_v2.csv,6197,arithmetic,gsm8k_test_0692,cal,remove,C2_answer_bearing,gsm8k_solution_frag
pairs_arith_v2.csv,6198,arithmetic,gsm8k_test_0692,cal,retain,H2_same_template,gsmplus_numerical_substitution
pairs_arith_v2.csv,6199,arithmetic,gsm8k_test_0692,cal,remove,C1_transformed,gsmplus_problem_understanding
pairs_arith_v2.csv,6200,arithmetic,gsm8k_test_0692,cal,retain,H2_same_template,gsmplus_critical_thinking
pairs_arith_v2.csv,6201,arithmetic,gsm8k_test_0692,cal,retain,H1_same_topic,svamp
pairs_arith_v2.csv,6202,arithmetic,gsm8k_test_0692,cal,retain,H3_predating,asdiv
pairs_arith_v2.csv,6203,arithmetic,gsm8k_test_0692,cal,retain,R_random,truthfulqa
pairs_arith_v2.csv,6204,arithmetic,gsm8k_test_0693,cal,remove,C0_exact,gsm8k_copy
pairs_arith_v2.csv,6205,arithmetic,gsm8k_test_0693,cal,remove,C1_transformed,lmsys_rephrase
pairs_arith_v2.csv,6206,arithmetic,gsm8k_test_0693,cal,remove,C2_answer_bearing,gsm8k_solution_frag
pairs_arith_v2.csv,6207,arithmetic,gsm8k_test_0693,cal,retain,H2_same_template,gsmplus_numerical_substitution
pairs_arith_v2.csv,6208,arithmetic,gsm8k_test_0693,cal,remove,C1_transformed,gsmplus_problem_understanding
pairs_arith_v2.csv,6209,arithmetic,gsm8k_test_0693,cal,retain,H2_same_template,gsmplus_critical_thinking
pairs_arith_v2.csv,6210,arithmetic,gsm8k_test_0693,cal,retain,H1_same_topic,svamp
pairs_arith_v2.csv,6211,arithmetic,gsm8k_test_0693,cal,retain,H3_predating,asdiv
pairs_arith_v2.csv,6212,arithmetic,gsm8k_test_0693,cal,retain,R_random,truthfulqa
pairs_arith_v2.csv,6213,arithmetic,gsm8k_test_0694,cal,remove,C0_exact,gsm8k_copy
pairs_arith_v2.csv,6214,arithmetic,gsm8k_test_0694,cal,remove,C1_transformed,lmsys_rephrase
pairs_arith_v2.csv,6215,arithmetic,gsm8k_test_0694,cal,remove,C2_answer_bearing,gsm8k_solution_frag
pairs_arith_v2.csv,6216,arithmetic,gsm8k_test_0694,cal,retain,H2_same_template,gsmplus_numerical_substitution
pairs_arith_v2.csv,6217,arithmetic,gsm8k_test_0694,cal,remove,C1_transformed,gsmplus_problem_understanding
pairs_arith_v2.csv,6218,arithmetic,gsm8k_test_0694,cal,retain,H2_same_template,gsmplus_critical_thinking
pairs_arith_v2.csv,6219,arithmetic,gsm8k_test_0694,cal,retain,H1_same_topic,svamp
pairs_arith_v2.csv,6220,arithmetic,gsm8k_test_0694,cal,retain,H3_predating,asdiv
pairs_arith_v2.csv,6221,arithmetic,gsm8k_test_0694,cal,retain,R_random,truthfulqa
pairs_arith_v2.csv,6222,arithmetic,gsm8k_test_0695,cal,remove,C0_exact,gsm8k_copy
pairs_arith_v2.csv,6223,arithmetic,gsm8k_test_0695,cal,remove,C1_transformed,lmsys_rephrase
pairs_arith_v2.csv,6224,arithmetic,gsm8k_test_0695,cal,remove,C2_answer_bearing,gsm8k_solution_frag
pairs_arith_v2.csv,6225,arithmetic,gsm8k_test_0695,cal,retain,H2_same_template,gsmplus_numerical_substitution
pairs_arith_v2.csv,6226,arithmetic,gsm8k_test_0695,cal,remove,C1_transformed,gsmplus_problem_understanding
pairs_arith_v2.csv,6227,arithmetic,gsm8k_test_0695,cal,retain,H2_same_template,gsmplus_critical_thinking
pairs_arith_v2.csv,6228,arithmetic,gsm8k_test_0695,cal,retain,H1_same_topic,svamp
pairs_arith_v2.csv,6229,arithmetic,gsm8k_test_0695,cal,retain,H3_predating,asdiv
pairs_arith_v2.csv,6230,arithmetic,gsm8k_test_0695,cal,retain,R_random,truthfulqa
pairs_arith_v2.csv,6240,arithmetic,gsm8k_test_0697,cal,remove,C0_exact,gsm8k_copy
pairs_arith_v2.csv,6241,arithmetic,gsm8k_test_0697,cal,remove,C1_transformed,lmsys_rephrase
pairs_arith_v2.csv,6242,arithmetic,gsm8k_test_0697,cal,remove,C2_answer_bearing,gsm8k_solution_frag
pairs_arith_v2.csv,6243,arithmetic,gsm8k_test_0697,cal,retain,H2_same_template,gsmplus_numerical_substitution
pairs_arith_v2.csv,6244,arithmetic,gsm8k_test_0697,cal,remove,C1_transformed,gsmplus_problem_understanding
pairs_arith_v2.csv,6245,arithmetic,gsm8k_test_0697,cal,retain,H2_same_template,gsmplus_critical_thinking
pairs_arith_v2.csv,6246,arithmetic,gsm8k_test_0697,cal,retain,H1_same_topic,svamp
pairs_arith_v2.csv,6247,arithmetic,gsm8k_test_0697,cal,retain,H3_predating,asdiv
pairs_arith_v2.csv,6248,arithmetic,gsm8k_test_0697,cal,retain,R_random,truthfulqa
pairs_arith_v2.csv,6258,arithmetic,gsm8k_test_0699,cal,remove,C0_exact,gsm8k_copy
pairs_arith_v2.csv,6259,arithmetic,gsm8k_test_0699,cal,remove,C1_transformed,lmsys_rephrase
pairs_arith_v2.csv,6260,arithmetic,gsm8k_test_0699,cal,remove,C2_answer_bearing,gsm8k_solution_frag
pairs_arith_v2.csv,6261,arithmetic,gsm8k_test_0699,cal,retain,H2_same_template,gsmplus_numerical_substitution
pairs_arith_v2.csv,6262,arithmetic,gsm8k_test_0699,cal,remove,C1_transformed,gsmplus_problem_understanding
pairs_arith_v2.csv,6263,arithmetic,gsm8k_test_0699,cal,retain,H2_same_template,gsmplus_critical_thinking
pairs_arith_v2.csv,6264,arithmetic,gsm8k_test_0699,cal,retain,H1_same_topic,svamp
pairs_arith_v2.csv,6265,arithmetic,gsm8k_test_0699,cal,retain,H3_predating,asdiv
pairs_arith_v2.csv,6266,arithmetic,gsm8k_test_0699,cal,retain,R_random,truthfulqa
pairs_arith_v2.csv,6294,arithmetic,gsm8k_test_0703,cal,remove,C0_exact,gsm8k_copy
pairs_arith_v2.csv,6295,arithmetic,gsm8k_test_0703,cal,remove,C1_transformed,lmsys_rephrase
pairs_arith_v2.csv,6296,arithmetic,gsm8k_test_0703,cal,remove,C2_answer_bearing,gsm8k_solution_frag
pairs_arith_v2.csv,6297,arithmetic,gsm8k_test_0703,cal,retain,H2_same_template,gsmplus_numerical_substitution
pairs_arith_v2.csv,6298,arithmetic,gsm8k_test_0703,cal,remove,C1_transformed,gsmplus_problem_understanding
pairs_arith_v2.csv,6299,arithmetic,gsm8k_test_0703,cal,retain,H2_same_template,gsmplus_critical_thinking
pairs_arith_v2.csv,6300,arithmetic,gsm8k_test_0703,cal,retain,H1_same_topic,svamp
pairs_arith_v2.csv,6301,arithmetic,gsm8k_test_0703,cal,retain,H3_predating,asdiv
pairs_arith_v2.csv,6302,arithmetic,gsm8k_test_0703,cal,retain,R_random,truthfulqa
pairs_arith_v2.csv,6330,arithmetic,gsm8k_test_0707,cal,remove,C0_exact,gsm8k_copy
pairs_arith_v2.csv,6331,arithmetic,gsm8k_test_0707,cal,remove,C1_transformed,lmsys_rephrase
pairs_arith_v2.csv,6332,arithmetic,gsm8k_test_0707,cal,remove,C2_answer_bearing,gsm8k_solution_frag
pairs_arith_v2.csv,6333,arithmetic,gsm8k_test_0707,cal,retain,H2_same_template,gsmplus_numerical_substitution
pairs_arith_v2.csv,6334,arithmetic,gsm8k_test_0707,cal,remove,C1_transformed,gsmplus_problem_understanding
pairs_arith_v2.csv,6335,arithmetic,gsm8k_test_0707,cal,retain,H2_same_template,gsmplus_critical_thinking
pairs_arith_v2.csv,6336,arithmetic,gsm8k_test_0707,cal,retain,H1_same_topic,svamp
pairs_arith_v2.csv,6337,arithmetic,gsm8k_test_0707,cal,retain,H3_predating,asdiv
pairs_arith_v2.csv,6338,arithmetic,gsm8k_test_0707,cal,retain,R_random,truthfulqa
pairs_arith_v2.csv,6348,arithmetic,gsm8k_test_0709,cal,remove,C0_exact,gsm8k_copy
pairs_arith_v2.csv,6349,arithmetic,gsm8k_test_0709,cal,remove,C1_transformed,lmsys_rephrase
pairs_arith_v2.csv,6350,arithmetic,gsm8k_test_0709,cal,remove,C2_answer_bearing,gsm8k_solution_frag
pairs_arith_v2.csv,6351,arithmetic,gsm8k_test_0709,cal,retain,H2_same_template,gsmplus_numerical_substitution
pairs_arith_v2.csv,6352,arithmetic,gsm8k_test_0709,cal,remove,C1_transformed,gsmplus_problem_understanding
pairs_arith_v2.csv,6353,arithmetic,gsm8k_test_0709,cal,retain,H2_same_template,gsmplus_critical_thinking
pairs_arith_v2.csv,6354,arithmetic,gsm8k_test_0709,cal,retain,H1_same_topic,svamp
pairs_arith_v2.csv,6355,arithmetic,gsm8k_test_0709,cal,retain,H3_predating,asdiv
pairs_arith_v2.csv,6356,arithmetic,gsm8k_test_0709,cal,retain,R_random,truthfulqa
pairs_arith_v2.csv,6384,arithmetic,gsm8k_test_0713,cal,remove,C0_exact,gsm8k_copy
pairs_arith_v2.csv,6385,arithmetic,gsm8k_test_0713,cal,remove,C1_transformed,lmsys_rephrase
pairs_arith_v2.csv,6386,arithmetic,gsm8k_test_0713,cal,remove,C2_answer_bearing,gsm8k_solution_frag
pairs_arith_v2.csv,6387,arithmetic,gsm8k_test_0713,cal,retain,H2_same_template,gsmplus_numerical_substitution
pairs_arith_v2.csv,6388,arithmetic,gsm8k_test_0713,cal,remove,C1_transformed,gsmplus_problem_understanding
pairs_arith_v2.csv,6389,arithmetic,gsm8k_test_0713,cal,retain,H2_same_template,gsmplus_critical_thinking
pairs_arith_v2.csv,6390,arithmetic,gsm8k_test_0713,cal,retain,H1_same_topic,svamp
pairs_arith_v2.csv,6391,arithmetic,gsm8k_test_0713,cal,retain,H3_predating,asdiv
pairs_arith_v2.csv,6392,arithmetic,gsm8k_test_0713,cal,retain,R_random,truthfulqa
pairs_arith_v2.csv,6393,arithmetic,gsm8k_test_0714,cal,remove,C0_exact,gsm8k_copy
pairs_arith_v2.csv,6394,arithmetic,gsm8k_test_0714,cal,remove,C1_transformed,lmsys_rephrase
pairs_arith_v2.csv,6395,arithmetic,gsm8k_test_0714,cal,remove,C2_answer_bearing,gsm8k_solution_frag
pairs_arith_v2.csv,6396,arithmetic,gsm8k_test_0714,cal,retain,H2_same_template,gsmplus_numerical_substitution
pairs_arith_v2.csv,6397,arithmetic,gsm8k_test_0714,cal,remove,C1_transformed,gsmplus_problem_understanding
pairs_arith_v2.csv,6398,arithmetic,gsm8k_test_0714,cal,retain,H2_same_template,gsmplus_critical_thinking
pairs_arith_v2.csv,6399,arithmetic,gsm8k_test_0714,cal,retain,H1_same_topic,svamp
pairs_arith_v2.csv,6400,arithmetic,gsm8k_test_0714,cal,retain,H3_predating,asdiv
pairs_arith_v2.csv,6401,arithmetic,gsm8k_test_0714,cal,retain,R_random,truthfulqa
pairs_arith_v2.csv,6402,arithmetic,gsm8k_test_0715,cal,remove,C0_exact,gsm8k_copy
pairs_arith_v2.csv,6403,arithmetic,gsm8k_test_0715,cal,remove,C1_transformed,lmsys_rephrase
pairs_arith_v2.csv,6404,arithmetic,gsm8k_test_0715,cal,remove,C2_answer_bearing,gsm8k_solution_frag
pairs_arith_v2.csv,6405,arithmetic,gsm8k_test_0715,cal,retain,H2_same_template,gsmplus_numerical_substitution
pairs_arith_v2.csv,6406,arithmetic,gsm8k_test_0715,cal,remove,C1_transformed,gsmplus_problem_understanding
pairs_arith_v2.csv,6407,arithmetic,gsm8k_test_0715,cal,retain,H2_same_template,gsmplus_critical_thinking
pairs_arith_v2.csv,6408,arithmetic,gsm8k_test_0715,cal,retain,H1_same_topic,svamp
pairs_arith_v2.csv,6409,arithmetic,gsm8k_test_0715,cal,retain,H3_predating,asdiv
pairs_arith_v2.csv,6410,arithmetic,gsm8k_test_0715,cal,retain,R_random,truthfulqa
pairs_arith_v2.csv,6429,arithmetic,gsm8k_test_0718,cal,remove,C0_exact,gsm8k_copy
pairs_arith_v2.csv,6430,arithmetic,gsm8k_test_0718,cal,remove,C1_transformed,lmsys_rephrase
pairs_arith_v2.csv,6431,arithmetic,gsm8k_test_0718,cal,remove,C2_answer_bearing,gsm8k_solution_frag
pairs_arith_v2.csv,6432,arithmetic,gsm8k_test_0718,cal,retain,H2_same_template,gsmplus_numerical_substitution
pairs_arith_v2.csv,6433,arithmetic,gsm8k_test_0718,cal,remove,C1_transformed,gsmplus_problem_understanding
pairs_arith_v2.csv,6434,arithmetic,gsm8k_test_0718,cal,retain,H2_same_template,gsmplus_critical_thinking
pairs_arith_v2.csv,6435,arithmetic,gsm8k_test_0718,cal,retain,H1_same_topic,svamp
pairs_arith_v2.csv,6436,arithmetic,gsm8k_test_0718,cal,retain,H3_predating,asdiv
pairs_arith_v2.csv,6437,arithmetic,gsm8k_test_0718,cal,retain,R_random,truthfulqa
pairs_arith_v2.csv,6456,arithmetic,gsm8k_test_0721,cal,remove,C0_exact,gsm8k_copy
pairs_arith_v2.csv,6457,arithmetic,gsm8k_test_0721,cal,remove,C1_transformed,lmsys_rephrase
pairs_arith_v2.csv,6458,arithmetic,gsm8k_test_0721,cal,remove,C2_answer_bearing,gsm8k_solution_frag
pairs_arith_v2.csv,6459,arithmetic,gsm8k_test_0721,cal,retain,H2_same_template,gsmplus_numerical_substitution
pairs_arith_v2.csv,6460,arithmetic,gsm8k_test_0721,cal,remove,C1_transformed,gsmplus_problem_understanding
pairs_arith_v2.csv,6461,arithmetic,gsm8k_test_0721,cal,retain,H2_same_template,gsmplus_critical_thinking
pairs_arith_v2.csv,6462,arithmetic,gsm8k_test_0721,cal,retain,H1_same_topic,svamp
pairs_arith_v2.csv,6463,arithmetic,gsm8k_test_0721,cal,retain,H3_predating,asdiv
pairs_arith_v2.csv,6464,arithmetic,gsm8k_test_0721,cal,retain,R_random,truthfulqa
pairs_arith_v2.csv,6483,arithmetic,gsm8k_test_0724,cal,remove,C0_exact,gsm8k_copy
pairs_arith_v2.csv,6484,arithmetic,gsm8k_test_0724,cal,remove,C1_transformed,lmsys_rephrase
pairs_arith_v2.csv,6485,arithmetic,gsm8k_test_0724,cal,remove,C2_answer_bearing,gsm8k_solution_frag
pairs_arith_v2.csv,6486,arithmetic,gsm8k_test_0724,cal,retain,H2_same_template,gsmplus_numerical_substitution
pairs_arith_v2.csv,6487,arithmetic,gsm8k_test_0724,cal,remove,C1_transformed,gsmplus_problem_understanding
pairs_arith_v2.csv,6488,arithmetic,gsm8k_test_0724,cal,retain,H2_same_template,gsmplus_critical_thinking
pairs_arith_v2.csv,6489,arithmetic,gsm8k_test_0724,cal,retain,H1_same_topic,svamp
pairs_arith_v2.csv,6490,arithmetic,gsm8k_test_0724,cal,retain,H3_predating,asdiv
pairs_arith_v2.csv,6491,arithmetic,gsm8k_test_0724,cal,retain,R_random,truthfulqa
pairs_arith_v2.csv,6492,arithmetic,gsm8k_test_0725,cal,remove,C0_exact,gsm8k_copy
pairs_arith_v2.csv,6493,arithmetic,gsm8k_test_0725,cal,remove,C1_transformed,lmsys_rephrase
pairs_arith_v2.csv,6494,arithmetic,gsm8k_test_0725,cal,remove,C2_answer_bearing,gsm8k_solution_frag
pairs_arith_v2.csv,6495,arithmetic,gsm8k_test_0725,cal,retain,H2_same_template,gsmplus_numerical_substitution
pairs_arith_v2.csv,6496,arithmetic,gsm8k_test_0725,cal,remove,C1_transformed,gsmplus_problem_understanding
pairs_arith_v2.csv,6497,arithmetic,gsm8k_test_0725,cal,retain,H2_same_template,gsmplus_critical_thinking
pairs_arith_v2.csv,6498,arithmetic,gsm8k_test_0725,cal,retain,H1_same_topic,svamp
pairs_arith_v2.csv,6499,arithmetic,gsm8k_test_0725,cal,retain,H3_predating,asdiv
pairs_arith_v2.csv,6500,arithmetic,gsm8k_test_0725,cal,retain,R_random,truthfulqa
pairs_arith_v2.csv,6519,arithmetic,gsm8k_test_0728,cal,remove,C0_exact,gsm8k_copy
pairs_arith_v2.csv,6520,arithmetic,gsm8k_test_0728,cal,remove,C1_transformed,lmsys_rephrase
pairs_arith_v2.csv,6521,arithmetic,gsm8k_test_0728,cal,remove,C2_answer_bearing,gsm8k_solution_frag
pairs_arith_v2.csv,6522,arithmetic,gsm8k_test_0728,cal,retain,H2_same_template,gsmplus_numerical_substitution
pairs_arith_v2.csv,6523,arithmetic,gsm8k_test_0728,cal,remove,C1_transformed,gsmplus_problem_understanding
pairs_arith_v2.csv,6524,arithmetic,gsm8k_test_0728,cal,retain,H2_same_template,gsmplus_critical_thinking
pairs_arith_v2.csv,6525,arithmetic,gsm8k_test_0728,cal,retain,H1_same_topic,svamp
pairs_arith_v2.csv,6526,arithmetic,gsm8k_test_0728,cal,retain,H3_predating,asdiv
pairs_arith_v2.csv,6527,arithmetic,gsm8k_test_0728,cal,retain,R_random,truthfulqa
pairs_arith_v2.csv,6564,arithmetic,gsm8k_test_0733,cal,remove,C0_exact,gsm8k_copy
pairs_arith_v2.csv,6565,arithmetic,gsm8k_test_0733,cal,remove,C1_transformed,lmsys_rephrase
pairs_arith_v2.csv,6566,arithmetic,gsm8k_test_0733,cal,remove,C2_answer_bearing,gsm8k_solution_frag
pairs_arith_v2.csv,6567,arithmetic,gsm8k_test_0733,cal,remove,C1_transformed,gsmplus_problem_understanding
pairs_arith_v2.csv,6568,arithmetic,gsm8k_test_0733,cal,retain,H2_same_template,gsmplus_critical_thinking
pairs_arith_v2.csv,6569,arithmetic,gsm8k_test_0733,cal,retain,H1_same_topic,svamp
pairs_arith_v2.csv,6570,arithmetic,gsm8k_test_0733,cal,retain,H3_predating,asdiv
pairs_arith_v2.csv,6571,arithmetic,gsm8k_test_0733,cal,retain,R_random,truthfulqa
pairs_arith_v2.csv,6581,arithmetic,gsm8k_test_0735,cal,remove,C0_exact,gsm8k_copy
pairs_arith_v2.csv,6582,arithmetic,gsm8k_test_0735,cal,remove,C1_transformed,lmsys_rephrase
pairs_arith_v2.csv,6583,arithmetic,gsm8k_test_0735,cal,remove,C2_answer_bearing,gsm8k_solution_frag
pairs_arith_v2.csv,6584,arithmetic,gsm8k_test_0735,cal,remove,C1_transformed,gsmplus_problem_understanding
pairs_arith_v2.csv,6585,arithmetic,gsm8k_test_0735,cal,retain,H2_same_template,gsmplus_critical_thinking
pairs_arith_v2.csv,6586,arithmetic,gsm8k_test_0735,cal,retain,H1_same_topic,svamp
pairs_arith_v2.csv,6587,arithmetic,gsm8k_test_0735,cal,retain,H3_predating,asdiv
pairs_arith_v2.csv,6588,arithmetic,gsm8k_test_0735,cal,retain,R_random,truthfulqa
pairs_arith_v2.csv,6598,arithmetic,gsm8k_test_0737,cal,remove,C0_exact,gsm8k_copy
pairs_arith_v2.csv,6599,arithmetic,gsm8k_test_0737,cal,remove,C1_transformed,lmsys_rephrase
pairs_arith_v2.csv,6600,arithmetic,gsm8k_test_0737,cal,remove,C2_answer_bearing,gsm8k_solution_frag
pairs_arith_v2.csv,6601,arithmetic,gsm8k_test_0737,cal,retain,H2_same_template,gsmplus_numerical_substitution
pairs_arith_v2.csv,6602,arithmetic,gsm8k_test_0737,cal,remove,C1_transformed,gsmplus_problem_understanding
pairs_arith_v2.csv,6603,arithmetic,gsm8k_test_0737,cal,retain,H2_same_template,gsmplus_critical_thinking
pairs_arith_v2.csv,6604,arithmetic,gsm8k_test_0737,cal,retain,H1_same_topic,svamp
pairs_arith_v2.csv,6605,arithmetic,gsm8k_test_0737,cal,retain,H3_predating,asdiv
pairs_arith_v2.csv,6606,arithmetic,gsm8k_test_0737,cal,retain,R_random,truthfulqa
pairs_arith_v2.csv,6607,arithmetic,gsm8k_test_0738,cal,remove,C0_exact,gsm8k_copy
pairs_arith_v2.csv,6608,arithmetic,gsm8k_test_0738,cal,remove,C1_transformed,lmsys_rephrase
pairs_arith_v2.csv,6609,arithmetic,gsm8k_test_0738,cal,remove,C2_answer_bearing,gsm8k_solution_frag
pairs_arith_v2.csv,6610,arithmetic,gsm8k_test_0738,cal,retain,H2_same_template,gsmplus_numerical_substitution
pairs_arith_v2.csv,6611,arithmetic,gsm8k_test_0738,cal,remove,C1_transformed,gsmplus_problem_understanding
pairs_arith_v2.csv,6612,arithmetic,gsm8k_test_0738,cal,retain,H2_same_template,gsmplus_critical_thinking
pairs_arith_v2.csv,6613,arithmetic,gsm8k_test_0738,cal,retain,H1_same_topic,svamp
pairs_arith_v2.csv,6614,arithmetic,gsm8k_test_0738,cal,retain,H3_predating,asdiv
pairs_arith_v2.csv,6615,arithmetic,gsm8k_test_0738,cal,retain,R_random,truthfulqa
pairs_arith_v2.csv,6616,arithmetic,gsm8k_test_0739,cal,remove,C0_exact,gsm8k_copy
pairs_arith_v2.csv,6617,arithmetic,gsm8k_test_0739,cal,remove,C1_transformed,lmsys_rephrase
pairs_arith_v2.csv,6618,arithmetic,gsm8k_test_0739,cal,remove,C2_answer_bearing,gsm8k_solution_frag
pairs_arith_v2.csv,6619,arithmetic,gsm8k_test_0739,cal,retain,H2_same_template,gsmplus_numerical_substitution
pairs_arith_v2.csv,6620,arithmetic,gsm8k_test_0739,cal,remove,C1_transformed,gsmplus_problem_understanding
pairs_arith_v2.csv,6621,arithmetic,gsm8k_test_0739,cal,retain,H2_same_template,gsmplus_critical_thinking
pairs_arith_v2.csv,6622,arithmetic,gsm8k_test_0739,cal,retain,H1_same_topic,svamp
pairs_arith_v2.csv,6623,arithmetic,gsm8k_test_0739,cal,retain,H3_predating,asdiv
pairs_arith_v2.csv,6624,arithmetic,gsm8k_test_0739,cal,retain,R_random,truthfulqa
pairs_arith_v2.csv,6634,arithmetic,gsm8k_test_0741,cal,remove,C0_exact,gsm8k_copy
pairs_arith_v2.csv,6635,arithmetic,gsm8k_test_0741,cal,remove,C1_transformed,lmsys_rephrase
pairs_arith_v2.csv,6636,arithmetic,gsm8k_test_0741,cal,remove,C2_answer_bearing,gsm8k_solution_frag
pairs_arith_v2.csv,6637,arithmetic,gsm8k_test_0741,cal,retain,H2_same_template,gsmplus_numerical_substitution
pairs_arith_v2.csv,6638,arithmetic,gsm8k_test_0741,cal,remove,C1_transformed,gsmplus_problem_understanding
pairs_arith_v2.csv,6639,arithmetic,gsm8k_test_0741,cal,retain,H2_same_template,gsmplus_critical_thinking
pairs_arith_v2.csv,6640,arithmetic,gsm8k_test_0741,cal,retain,H1_same_topic,svamp
pairs_arith_v2.csv,6641,arithmetic,gsm8k_test_0741,cal,retain,H3_predating,asdiv
pairs_arith_v2.csv,6642,arithmetic,gsm8k_test_0741,cal,retain,R_random,truthfulqa
pairs_arith_v2.csv,6715,arithmetic,gsm8k_test_0750,cal,remove,C0_exact,gsm8k_copy
pairs_arith_v2.csv,6716,arithmetic,gsm8k_test_0750,cal,remove,C1_transformed,lmsys_rephrase
pairs_arith_v2.csv,6717,arithmetic,gsm8k_test_0750,cal,remove,C2_answer_bearing,gsm8k_solution_frag
pairs_arith_v2.csv,6718,arithmetic,gsm8k_test_0750,cal,retain,H2_same_template,gsmplus_numerical_substitution
pairs_arith_v2.csv,6719,arithmetic,gsm8k_test_0750,cal,remove,C1_transformed,gsmplus_problem_understanding
pairs_arith_v2.csv,6720,arithmetic,gsm8k_test_0750,cal,retain,H2_same_template,gsmplus_critical_thinking
pairs_arith_v2.csv,6721,arithmetic,gsm8k_test_0750,cal,retain,H1_same_topic,svamp
pairs_arith_v2.csv,6722,arithmetic,gsm8k_test_0750,cal,retain,H3_predating,asdiv
pairs_arith_v2.csv,6723,arithmetic,gsm8k_test_0750,cal,retain,R_random,truthfulqa
pairs_arith_v2.csv,6733,arithmetic,gsm8k_test_0752,cal,remove,C0_exact,gsm8k_copy
pairs_arith_v2.csv,6734,arithmetic,gsm8k_test_0752,cal,remove,C1_transformed,lmsys_rephrase
pairs_arith_v2.csv,6735,arithmetic,gsm8k_test_0752,cal,remove,C2_answer_bearing,gsm8k_solution_frag
pairs_arith_v2.csv,6736,arithmetic,gsm8k_test_0752,cal,retain,H2_same_template,gsmplus_numerical_substitution
pairs_arith_v2.csv,6737,arithmetic,gsm8k_test_0752,cal,remove,C1_transformed,gsmplus_problem_understanding
pairs_arith_v2.csv,6738,arithmetic,gsm8k_test_0752,cal,retain,H2_same_template,gsmplus_critical_thinking
pairs_arith_v2.csv,6739,arithmetic,gsm8k_test_0752,cal,retain,H1_same_topic,svamp
pairs_arith_v2.csv,6740,arithmetic,gsm8k_test_0752,cal,retain,H3_predating,asdiv
pairs_arith_v2.csv,6741,arithmetic,gsm8k_test_0752,cal,retain,R_random,truthfulqa
pairs_arith_v2.csv,6742,arithmetic,gsm8k_test_0753,cal,remove,C0_exact,gsm8k_copy
pairs_arith_v2.csv,6743,arithmetic,gsm8k_test_0753,cal,remove,C1_transformed,lmsys_rephrase
pairs_arith_v2.csv,6744,arithmetic,gsm8k_test_0753,cal,remove,C2_answer_bearing,gsm8k_solution_frag
pairs_arith_v2.csv,6745,arithmetic,gsm8k_test_0753,cal,retain,H2_same_template,gsmplus_numerical_substitution
pairs_arith_v2.csv,6746,arithmetic,gsm8k_test_0753,cal,remove,C1_transformed,gsmplus_problem_understanding
pairs_arith_v2.csv,6747,arithmetic,gsm8k_test_0753,cal,retain,H2_same_template,gsmplus_critical_thinking
pairs_arith_v2.csv,6748,arithmetic,gsm8k_test_0753,cal,retain,H1_same_topic,svamp
pairs_arith_v2.csv,6749,arithmetic,gsm8k_test_0753,cal,retain,H3_predating,asdiv
pairs_arith_v2.csv,6750,arithmetic,gsm8k_test_0753,cal,retain,R_random,truthfulqa
pairs_arith_v2.csv,6751,arithmetic,gsm8k_test_0754,cal,remove,C0_exact,gsm8k_copy
pairs_arith_v2.csv,6752,arithmetic,gsm8k_test_0754,cal,remove,C1_transformed,lmsys_rephrase
pairs_arith_v2.csv,6753,arithmetic,gsm8k_test_0754,cal,remove,C2_answer_bearing,gsm8k_solution_frag
pairs_arith_v2.csv,6754,arithmetic,gsm8k_test_0754,cal,retain,H2_same_template,gsmplus_numerical_substitution
pairs_arith_v2.csv,6755,arithmetic,gsm8k_test_0754,cal,remove,C1_transformed,gsmplus_problem_understanding
pairs_arith_v2.csv,6756,arithmetic,gsm8k_test_0754,cal,retain,H2_same_template,gsmplus_critical_thinking
pairs_arith_v2.csv,6757,arithmetic,gsm8k_test_0754,cal,retain,H1_same_topic,svamp
pairs_arith_v2.csv,6758,arithmetic,gsm8k_test_0754,cal,retain,H3_predating,asdiv
pairs_arith_v2.csv,6759,arithmetic,gsm8k_test_0754,cal,retain,R_random,truthfulqa
pairs_arith_v2.csv,6760,arithmetic,gsm8k_test_0755,cal,remove,C0_exact,gsm8k_copy
pairs_arith_v2.csv,6761,arithmetic,gsm8k_test_0755,cal,remove,C1_transformed,lmsys_rephrase
pairs_arith_v2.csv,6762,arithmetic,gsm8k_test_0755,cal,remove,C2_answer_bearing,gsm8k_solution_frag
pairs_arith_v2.csv,6763,arithmetic,gsm8k_test_0755,cal,retain,H2_same_template,gsmplus_numerical_substitution
pairs_arith_v2.csv,6764,arithmetic,gsm8k_test_0755,cal,remove,C1_transformed,gsmplus_problem_understanding
pairs_arith_v2.csv,6765,arithmetic,gsm8k_test_0755,cal,retain,H2_same_template,gsmplus_critical_thinking
pairs_arith_v2.csv,6766,arithmetic,gsm8k_test_0755,cal,retain,H1_same_topic,svamp
pairs_arith_v2.csv,6767,arithmetic,gsm8k_test_0755,cal,retain,H3_predating,asdiv
pairs_arith_v2.csv,6768,arithmetic,gsm8k_test_0755,cal,retain,R_random,truthfulqa
pairs_arith_v2.csv,6769,arithmetic,gsm8k_test_0756,cal,remove,C0_exact,gsm8k_copy
pairs_arith_v2.csv,6770,arithmetic,gsm8k_test_0756,cal,remove,C1_transformed,lmsys_rephrase
pairs_arith_v2.csv,6771,arithmetic,gsm8k_test_0756,cal,remove,C2_answer_bearing,gsm8k_solution_frag
pairs_arith_v2.csv,6772,arithmetic,gsm8k_test_0756,cal,retain,H2_same_template,gsmplus_numerical_substitution
pairs_arith_v2.csv,6773,arithmetic,gsm8k_test_0756,cal,remove,C1_transformed,gsmplus_problem_understanding
pairs_arith_v2.csv,6774,arithmetic,gsm8k_test_0756,cal,retain,H2_same_template,gsmplus_critical_thinking
pairs_arith_v2.csv,6775,arithmetic,gsm8k_test_0756,cal,retain,H1_same_topic,svamp
pairs_arith_v2.csv,6776,arithmetic,gsm8k_test_0756,cal,retain,H3_predating,asdiv
pairs_arith_v2.csv,6777,arithmetic,gsm8k_test_0756,cal,retain,R_random,truthfulqa
pairs_arith_v2.csv,6796,arithmetic,gsm8k_test_0759,cal,remove,C0_exact,gsm8k_copy
pairs_arith_v2.csv,6797,arithmetic,gsm8k_test_0759,cal,remove,C1_transformed,lmsys_rephrase
pairs_arith_v2.csv,6798,arithmetic,gsm8k_test_0759,cal,remove,C2_answer_bearing,gsm8k_solution_frag
pairs_arith_v2.csv,6799,arithmetic,gsm8k_test_0759,cal,retain,H2_same_template,gsmplus_numerical_substitution
pairs_arith_v2.csv,6800,arithmetic,gsm8k_test_0759,cal,remove,C1_transformed,gsmplus_problem_understanding
pairs_arith_v2.csv,6801,arithmetic,gsm8k_test_0759,cal,retain,H2_same_template,gsmplus_critical_thinking
pairs_arith_v2.csv,6802,arithmetic,gsm8k_test_0759,cal,retain,H1_same_topic,svamp
pairs_arith_v2.csv,6803,arithmetic,gsm8k_test_0759,cal,retain,H3_predating,asdiv
pairs_arith_v2.csv,6804,arithmetic,gsm8k_test_0759,cal,retain,R_random,truthfulqa
pairs_arith_v2.csv,6877,arithmetic,gsm8k_test_0768,cal,remove,C0_exact,gsm8k_copy
pairs_arith_v2.csv,6878,arithmetic,gsm8k_test_0768,cal,remove,C1_transformed,lmsys_rephrase
pairs_arith_v2.csv,6879,arithmetic,gsm8k_test_0768,cal,remove,C2_answer_bearing,gsm8k_solution_frag
pairs_arith_v2.csv,6880,arithmetic,gsm8k_test_0768,cal,retain,H2_same_template,gsmplus_numerical_substitution
pairs_arith_v2.csv,6881,arithmetic,gsm8k_test_0768,cal,remove,C1_transformed,gsmplus_problem_understanding
pairs_arith_v2.csv,6882,arithmetic,gsm8k_test_0768,cal,retain,H2_same_template,gsmplus_critical_thinking
pairs_arith_v2.csv,6883,arithmetic,gsm8k_test_0768,cal,retain,H1_same_topic,svamp
pairs_arith_v2.csv,6884,arithmetic,gsm8k_test_0768,cal,retain,H3_predating,asdiv
pairs_arith_v2.csv,6885,arithmetic,gsm8k_test_0768,cal,retain,R_random,truthfulqa
pairs_arith_v2.csv,6957,arithmetic,gsm8k_test_0777,cal,remove,C0_exact,gsm8k_copy
pairs_arith_v2.csv,6958,arithmetic,gsm8k_test_0777,cal,remove,C1_transformed,lmsys_rephrase
pairs_arith_v2.csv,6959,arithmetic,gsm8k_test_0777,cal,remove,C2_answer_bearing,gsm8k_solution_frag
pairs_arith_v2.csv,6960,arithmetic,gsm8k_test_0777,cal,retain,H2_same_template,gsmplus_numerical_substitution
pairs_arith_v2.csv,6961,arithmetic,gsm8k_test_0777,cal,remove,C1_transformed,gsmplus_problem_understanding
pairs_arith_v2.csv,6962,arithmetic,gsm8k_test_0777,cal,retain,H2_same_template,gsmplus_critical_thinking
pairs_arith_v2.csv,6963,arithmetic,gsm8k_test_0777,cal,retain,H1_same_topic,svamp
pairs_arith_v2.csv,6964,arithmetic,gsm8k_test_0777,cal,retain,H3_predating,asdiv
pairs_arith_v2.csv,6965,arithmetic,gsm8k_test_0777,cal,retain,R_random,truthfulqa
pairs_arith_v2.csv,6993,arithmetic,gsm8k_test_0781,cal,remove,C0_exact,gsm8k_copy
pairs_arith_v2.csv,6994,arithmetic,gsm8k_test_0781,cal,remove,C1_transformed,lmsys_rephrase
pairs_arith_v2.csv,6995,arithmetic,gsm8k_test_0781,cal,remove,C2_answer_bearing,gsm8k_solution_frag
pairs_arith_v2.csv,6996,arithmetic,gsm8k_test_0781,cal,retain,H2_same_template,gsmplus_numerical_substitution
pairs_arith_v2.csv,6997,arithmetic,gsm8k_test_0781,cal,remove,C1_transformed,gsmplus_problem_understanding
pairs_arith_v2.csv,6998,arithmetic,gsm8k_test_0781,cal,retain,H2_same_template,gsmplus_critical_thinking
pairs_arith_v2.csv,6999,arithmetic,gsm8k_test_0781,cal,retain,H1_same_topic,svamp
pairs_arith_v2.csv,7000,arithmetic,gsm8k_test_0781,cal,retain,H3_predating,asdiv
pairs_arith_v2.csv,7001,arithmetic,gsm8k_test_0781,cal,retain,R_random,truthfulqa
pairs_arith_v2.csv,7047,arithmetic,gsm8k_test_0787,cal,remove,C0_exact,gsm8k_copy
pairs_arith_v2.csv,7048,arithmetic,gsm8k_test_0787,cal,remove,C1_transformed,lmsys_rephrase
pairs_arith_v2.csv,7049,arithmetic,gsm8k_test_0787,cal,remove,C2_answer_bearing,gsm8k_solution_frag
pairs_arith_v2.csv,7050,arithmetic,gsm8k_test_0787,cal,retain,H2_same_template,gsmplus_numerical_substitution
pairs_arith_v2.csv,7051,arithmetic,gsm8k_test_0787,cal,remove,C1_transformed,gsmplus_problem_understanding
pairs_arith_v2.csv,7052,arithmetic,gsm8k_test_0787,cal,retain,H2_same_template,gsmplus_critical_thinking
pairs_arith_v2.csv,7053,arithmetic,gsm8k_test_0787,cal,retain,H1_same_topic,svamp
pairs_arith_v2.csv,7054,arithmetic,gsm8k_test_0787,cal,retain,H3_predating,asdiv
pairs_arith_v2.csv,7055,arithmetic,gsm8k_test_0787,cal,retain,R_random,truthfulqa
pairs_arith_v2.csv,7065,arithmetic,gsm8k_test_0789,cal,remove,C0_exact,gsm8k_copy
pairs_arith_v2.csv,7066,arithmetic,gsm8k_test_0789,cal,remove,C1_transformed,lmsys_rephrase
pairs_arith_v2.csv,7067,arithmetic,gsm8k_test_0789,cal,remove,C2_answer_bearing,gsm8k_solution_frag
pairs_arith_v2.csv,7068,arithmetic,gsm8k_test_0789,cal,retain,H2_same_template,gsmplus_numerical_substitution
pairs_arith_v2.csv,7069,arithmetic,gsm8k_test_0789,cal,remove,C1_transformed,gsmplus_problem_understanding
pairs_arith_v2.csv,7070,arithmetic,gsm8k_test_0789,cal,retain,H2_same_template,gsmplus_critical_thinking
pairs_arith_v2.csv,7071,arithmetic,gsm8k_test_0789,cal,retain,H1_same_topic,svamp
pairs_arith_v2.csv,7072,arithmetic,gsm8k_test_0789,cal,retain,H3_predating,asdiv
pairs_arith_v2.csv,7073,arithmetic,gsm8k_test_0789,cal,retain,R_random,truthfulqa
pairs_arith_v2.csv,7110,arithmetic,gsm8k_test_0794,cal,remove,C0_exact,gsm8k_copy
pairs_arith_v2.csv,7111,arithmetic,gsm8k_test_0794,cal,remove,C1_transformed,lmsys_rephrase
pairs_arith_v2.csv,7112,arithmetic,gsm8k_test_0794,cal,remove,C2_answer_bearing,gsm8k_solution_frag
pairs_arith_v2.csv,7113,arithmetic,gsm8k_test_0794,cal,retain,H2_same_template,gsmplus_numerical_substitution
pairs_arith_v2.csv,7114,arithmetic,gsm8k_test_0794,cal,remove,C1_transformed,gsmplus_problem_understanding
pairs_arith_v2.csv,7115,arithmetic,gsm8k_test_0794,cal,retain,H2_same_template,gsmplus_critical_thinking
pairs_arith_v2.csv,7116,arithmetic,gsm8k_test_0794,cal,retain,H1_same_topic,svamp
pairs_arith_v2.csv,7117,arithmetic,gsm8k_test_0794,cal,retain,H3_predating,asdiv
pairs_arith_v2.csv,7118,arithmetic,gsm8k_test_0794,cal,retain,R_random,truthfulqa
pairs_arith_v2.csv,7200,arithmetic,gsm8k_test_0804,cal,remove,C0_exact,gsm8k_copy
pairs_arith_v2.csv,7201,arithmetic,gsm8k_test_0804,cal,remove,C1_transformed,lmsys_rephrase
pairs_arith_v2.csv,7202,arithmetic,gsm8k_test_0804,cal,remove,C2_answer_bearing,gsm8k_solution_frag
pairs_arith_v2.csv,7203,arithmetic,gsm8k_test_0804,cal,retain,H2_same_template,gsmplus_numerical_substitution
pairs_arith_v2.csv,7204,arithmetic,gsm8k_test_0804,cal,remove,C1_transformed,gsmplus_problem_understanding
pairs_arith_v2.csv,7205,arithmetic,gsm8k_test_0804,cal,retain,H2_same_template,gsmplus_critical_thinking
pairs_arith_v2.csv,7206,arithmetic,gsm8k_test_0804,cal,retain,H1_same_topic,svamp
pairs_arith_v2.csv,7207,arithmetic,gsm8k_test_0804,cal,retain,H3_predating,asdiv
pairs_arith_v2.csv,7208,arithmetic,gsm8k_test_0804,cal,retain,R_random,truthfulqa
pairs_arith_v2.csv,7209,arithmetic,gsm8k_test_0805,cal,remove,C0_exact,gsm8k_copy
pairs_arith_v2.csv,7210,arithmetic,gsm8k_test_0805,cal,remove,C1_transformed,lmsys_rephrase
pairs_arith_v2.csv,7211,arithmetic,gsm8k_test_0805,cal,remove,C2_answer_bearing,gsm8k_solution_frag
pairs_arith_v2.csv,7212,arithmetic,gsm8k_test_0805,cal,retain,H2_same_template,gsmplus_numerical_substitution
pairs_arith_v2.csv,7213,arithmetic,gsm8k_test_0805,cal,remove,C1_transformed,gsmplus_problem_understanding
pairs_arith_v2.csv,7214,arithmetic,gsm8k_test_0805,cal,retain,H2_same_template,gsmplus_critical_thinking
pairs_arith_v2.csv,7215,arithmetic,gsm8k_test_0805,cal,retain,H1_same_topic,svamp
pairs_arith_v2.csv,7216,arithmetic,gsm8k_test_0805,cal,retain,H3_predating,asdiv
pairs_arith_v2.csv,7217,arithmetic,gsm8k_test_0805,cal,retain,R_random,truthfulqa
pairs_arith_v2.csv,7218,arithmetic,gsm8k_test_0806,cal,remove,C0_exact,gsm8k_copy
pairs_arith_v2.csv,7219,arithmetic,gsm8k_test_0806,cal,remove,C1_transformed,lmsys_rephrase
pairs_arith_v2.csv,7220,arithmetic,gsm8k_test_0806,cal,remove,C2_answer_bearing,gsm8k_solution_frag
pairs_arith_v2.csv,7221,arithmetic,gsm8k_test_0806,cal,retain,H2_same_template,gsmplus_numerical_substitution
pairs_arith_v2.csv,7222,arithmetic,gsm8k_test_0806,cal,remove,C1_transformed,gsmplus_problem_understanding
pairs_arith_v2.csv,7223,arithmetic,gsm8k_test_0806,cal,retain,H2_same_template,gsmplus_critical_thinking
pairs_arith_v2.csv,7224,arithmetic,gsm8k_test_0806,cal,retain,H1_same_topic,svamp
pairs_arith_v2.csv,7225,arithmetic,gsm8k_test_0806,cal,retain,H3_predating,asdiv
pairs_arith_v2.csv,7226,arithmetic,gsm8k_test_0806,cal,retain,R_random,truthfulqa
pairs_arith_v2.csv,7245,arithmetic,gsm8k_test_0809,cal,remove,C0_exact,gsm8k_copy
pairs_arith_v2.csv,7246,arithmetic,gsm8k_test_0809,cal,remove,C1_transformed,lmsys_rephrase
pairs_arith_v2.csv,7247,arithmetic,gsm8k_test_0809,cal,remove,C2_answer_bearing,gsm8k_solution_frag
pairs_arith_v2.csv,7248,arithmetic,gsm8k_test_0809,cal,retain,H2_same_template,gsmplus_numerical_substitution
pairs_arith_v2.csv,7249,arithmetic,gsm8k_test_0809,cal,remove,C1_transformed,gsmplus_problem_understanding
pairs_arith_v2.csv,7250,arithmetic,gsm8k_test_0809,cal,retain,H2_same_template,gsmplus_critical_thinking
pairs_arith_v2.csv,7251,arithmetic,gsm8k_test_0809,cal,retain,H1_same_topic,svamp
pairs_arith_v2.csv,7252,arithmetic,gsm8k_test_0809,cal,retain,H3_predating,asdiv
pairs_arith_v2.csv,7253,arithmetic,gsm8k_test_0809,cal,retain,R_random,truthfulqa
pairs_arith_v2.csv,7254,arithmetic,gsm8k_test_0810,cal,remove,C0_exact,gsm8k_copy
pairs_arith_v2.csv,7255,arithmetic,gsm8k_test_0810,cal,remove,C1_transformed,lmsys_rephrase
pairs_arith_v2.csv,7256,arithmetic,gsm8k_test_0810,cal,remove,C2_answer_bearing,gsm8k_solution_frag
pairs_arith_v2.csv,7257,arithmetic,gsm8k_test_0810,cal,retain,H2_same_template,gsmplus_numerical_substitution
pairs_arith_v2.csv,7258,arithmetic,gsm8k_test_0810,cal,remove,C1_transformed,gsmplus_problem_understanding
pairs_arith_v2.csv,7259,arithmetic,gsm8k_test_0810,cal,retain,H2_same_template,gsmplus_critical_thinking
pairs_arith_v2.csv,7260,arithmetic,gsm8k_test_0810,cal,retain,H1_same_topic,svamp
pairs_arith_v2.csv,7261,arithmetic,gsm8k_test_0810,cal,retain,H3_predating,asdiv
pairs_arith_v2.csv,7262,arithmetic,gsm8k_test_0810,cal,retain,R_random,truthfulqa
pairs_arith_v2.csv,7263,arithmetic,gsm8k_test_0811,cal,remove,C0_exact,gsm8k_copy
pairs_arith_v2.csv,7264,arithmetic,gsm8k_test_0811,cal,remove,C1_transformed,lmsys_rephrase
pairs_arith_v2.csv,7265,arithmetic,gsm8k_test_0811,cal,remove,C2_answer_bearing,gsm8k_solution_frag
pairs_arith_v2.csv,7266,arithmetic,gsm8k_test_0811,cal,remove,C1_transformed,gsmplus_problem_understanding
pairs_arith_v2.csv,7267,arithmetic,gsm8k_test_0811,cal,retain,H2_same_template,gsmplus_critical_thinking
pairs_arith_v2.csv,7268,arithmetic,gsm8k_test_0811,cal,retain,H1_same_topic,svamp
pairs_arith_v2.csv,7269,arithmetic,gsm8k_test_0811,cal,retain,H3_predating,asdiv
pairs_arith_v2.csv,7270,arithmetic,gsm8k_test_0811,cal,retain,R_random,truthfulqa
pairs_arith_v2.csv,7307,arithmetic,gsm8k_test_0816,cal,remove,C0_exact,gsm8k_copy
pairs_arith_v2.csv,7308,arithmetic,gsm8k_test_0816,cal,remove,C1_transformed,lmsys_rephrase
pairs_arith_v2.csv,7309,arithmetic,gsm8k_test_0816,cal,remove,C2_answer_bearing,gsm8k_solution_frag
pairs_arith_v2.csv,7310,arithmetic,gsm8k_test_0816,cal,retain,H2_same_template,gsmplus_numerical_substitution
pairs_arith_v2.csv,7311,arithmetic,gsm8k_test_0816,cal,remove,C1_transformed,gsmplus_problem_understanding
pairs_arith_v2.csv,7312,arithmetic,gsm8k_test_0816,cal,retain,H2_same_template,gsmplus_critical_thinking
pairs_arith_v2.csv,7313,arithmetic,gsm8k_test_0816,cal,retain,H1_same_topic,svamp
pairs_arith_v2.csv,7314,arithmetic,gsm8k_test_0816,cal,retain,H3_predating,asdiv
pairs_arith_v2.csv,7315,arithmetic,gsm8k_test_0816,cal,retain,R_random,truthfulqa
pairs_arith_v2.csv,7316,arithmetic,gsm8k_test_0817,cal,remove,C0_exact,gsm8k_copy
pairs_arith_v2.csv,7317,arithmetic,gsm8k_test_0817,cal,remove,C1_transformed,lmsys_rephrase
pairs_arith_v2.csv,7318,arithmetic,gsm8k_test_0817,cal,remove,C2_answer_bearing,gsm8k_solution_frag
pairs_arith_v2.csv,7319,arithmetic,gsm8k_test_0817,cal,retain,H2_same_template,gsmplus_numerical_substitution
pairs_arith_v2.csv,7320,arithmetic,gsm8k_test_0817,cal,remove,C1_transformed,gsmplus_problem_understanding
pairs_arith_v2.csv,7321,arithmetic,gsm8k_test_0817,cal,retain,H2_same_template,gsmplus_critical_thinking
pairs_arith_v2.csv,7322,arithmetic,gsm8k_test_0817,cal,retain,H1_same_topic,svamp
pairs_arith_v2.csv,7323,arithmetic,gsm8k_test_0817,cal,retain,H3_predating,asdiv
pairs_arith_v2.csv,7324,arithmetic,gsm8k_test_0817,cal,retain,R_random,truthfulqa
pairs_arith_v2.csv,7325,arithmetic,gsm8k_test_0818,cal,remove,C0_exact,gsm8k_copy
pairs_arith_v2.csv,7326,arithmetic,gsm8k_test_0818,cal,remove,C1_transformed,lmsys_rephrase
pairs_arith_v2.csv,7327,arithmetic,gsm8k_test_0818,cal,remove,C2_answer_bearing,gsm8k_solution_frag
pairs_arith_v2.csv,7328,arithmetic,gsm8k_test_0818,cal,retain,H2_same_template,gsmplus_numerical_substitution
pairs_arith_v2.csv,7329,arithmetic,gsm8k_test_0818,cal,remove,C1_transformed,gsmplus_problem_understanding
pairs_arith_v2.csv,7330,arithmetic,gsm8k_test_0818,cal,retain,H2_same_template,gsmplus_critical_thinking
pairs_arith_v2.csv,7331,arithmetic,gsm8k_test_0818,cal,retain,H1_same_topic,svamp
pairs_arith_v2.csv,7332,arithmetic,gsm8k_test_0818,cal,retain,H3_predating,asdiv
pairs_arith_v2.csv,7333,arithmetic,gsm8k_test_0818,cal,retain,R_random,truthfulqa
pairs_arith_v2.csv,7352,arithmetic,gsm8k_test_0821,cal,remove,C0_exact,gsm8k_copy
pairs_arith_v2.csv,7353,arithmetic,gsm8k_test_0821,cal,remove,C1_transformed,lmsys_rephrase
pairs_arith_v2.csv,7354,arithmetic,gsm8k_test_0821,cal,remove,C2_answer_bearing,gsm8k_solution_frag
pairs_arith_v2.csv,7355,arithmetic,gsm8k_test_0821,cal,retain,H2_same_template,gsmplus_numerical_substitution
pairs_arith_v2.csv,7356,arithmetic,gsm8k_test_0821,cal,remove,C1_transformed,gsmplus_problem_understanding
pairs_arith_v2.csv,7357,arithmetic,gsm8k_test_0821,cal,retain,H2_same_template,gsmplus_critical_thinking
pairs_arith_v2.csv,7358,arithmetic,gsm8k_test_0821,cal,retain,H1_same_topic,svamp
pairs_arith_v2.csv,7359,arithmetic,gsm8k_test_0821,cal,retain,H3_predating,asdiv
pairs_arith_v2.csv,7360,arithmetic,gsm8k_test_0821,cal,retain,R_random,truthfulqa
pairs_arith_v2.csv,7514,arithmetic,gsm8k_test_0839,cal,remove,C0_exact,gsm8k_copy
pairs_arith_v2.csv,7515,arithmetic,gsm8k_test_0839,cal,remove,C1_transformed,lmsys_rephrase
pairs_arith_v2.csv,7516,arithmetic,gsm8k_test_0839,cal,remove,C2_answer_bearing,gsm8k_solution_frag
pairs_arith_v2.csv,7517,arithmetic,gsm8k_test_0839,cal,retain,H2_same_template,gsmplus_numerical_substitution
pairs_arith_v2.csv,7518,arithmetic,gsm8k_test_0839,cal,remove,C1_transformed,gsmplus_problem_understanding
pairs_arith_v2.csv,7519,arithmetic,gsm8k_test_0839,cal,retain,H2_same_template,gsmplus_critical_thinking
pairs_arith_v2.csv,7520,arithmetic,gsm8k_test_0839,cal,retain,H1_same_topic,svamp
pairs_arith_v2.csv,7521,arithmetic,gsm8k_test_0839,cal,retain,H3_predating,asdiv
pairs_arith_v2.csv,7522,arithmetic,gsm8k_test_0839,cal,retain,R_random,truthfulqa
pairs_arith_v2.csv,7567,arithmetic,gsm8k_test_0845,cal,remove,C0_exact,gsm8k_copy
pairs_arith_v2.csv,7568,arithmetic,gsm8k_test_0845,cal,remove,C1_transformed,lmsys_rephrase
pairs_arith_v2.csv,7569,arithmetic,gsm8k_test_0845,cal,remove,C2_answer_bearing,gsm8k_solution_frag
pairs_arith_v2.csv,7570,arithmetic,gsm8k_test_0845,cal,retain,H2_same_template,gsmplus_numerical_substitution
pairs_arith_v2.csv,7571,arithmetic,gsm8k_test_0845,cal,remove,C1_transformed,gsmplus_problem_understanding
pairs_arith_v2.csv,7572,arithmetic,gsm8k_test_0845,cal,retain,H2_same_template,gsmplus_critical_thinking
pairs_arith_v2.csv,7573,arithmetic,gsm8k_test_0845,cal,retain,H1_same_topic,svamp
pairs_arith_v2.csv,7574,arithmetic,gsm8k_test_0845,cal,retain,H3_predating,asdiv
pairs_arith_v2.csv,7575,arithmetic,gsm8k_test_0845,cal,retain,R_random,truthfulqa
pairs_arith_v2.csv,7646,arithmetic,gsm8k_test_0854,cal,remove,C0_exact,gsm8k_copy
pairs_arith_v2.csv,7647,arithmetic,gsm8k_test_0854,cal,remove,C1_transformed,lmsys_rephrase
pairs_arith_v2.csv,7648,arithmetic,gsm8k_test_0854,cal,remove,C2_answer_bearing,gsm8k_solution_frag
pairs_arith_v2.csv,7649,arithmetic,gsm8k_test_0854,cal,retain,H2_same_template,gsmplus_numerical_substitution
pairs_arith_v2.csv,7650,arithmetic,gsm8k_test_0854,cal,remove,C1_transformed,gsmplus_problem_understanding
pairs_arith_v2.csv,7651,arithmetic,gsm8k_test_0854,cal,retain,H2_same_template,gsmplus_critical_thinking
pairs_arith_v2.csv,7652,arithmetic,gsm8k_test_0854,cal,retain,H1_same_topic,svamp
pairs_arith_v2.csv,7653,arithmetic,gsm8k_test_0854,cal,retain,H3_predating,asdiv
pairs_arith_v2.csv,7654,arithmetic,gsm8k_test_0854,cal,retain,R_random,truthfulqa
pairs_arith_v2.csv,7664,arithmetic,gsm8k_test_0856,cal,remove,C0_exact,gsm8k_copy
pairs_arith_v2.csv,7665,arithmetic,gsm8k_test_0856,cal,remove,C1_transformed,lmsys_rephrase
pairs_arith_v2.csv,7666,arithmetic,gsm8k_test_0856,cal,remove,C2_answer_bearing,gsm8k_solution_frag
pairs_arith_v2.csv,7667,arithmetic,gsm8k_test_0856,cal,retain,H2_same_template,gsmplus_numerical_substitution
pairs_arith_v2.csv,7668,arithmetic,gsm8k_test_0856,cal,remove,C1_transformed,gsmplus_problem_understanding
pairs_arith_v2.csv,7669,arithmetic,gsm8k_test_0856,cal,retain,H2_same_template,gsmplus_critical_thinking
pairs_arith_v2.csv,7670,arithmetic,gsm8k_test_0856,cal,retain,H1_same_topic,svamp
pairs_arith_v2.csv,7671,arithmetic,gsm8k_test_0856,cal,retain,H3_predating,asdiv
pairs_arith_v2.csv,7672,arithmetic,gsm8k_test_0856,cal,retain,R_random,truthfulqa
pairs_arith_v2.csv,7673,arithmetic,gsm8k_test_0857,cal,remove,C0_exact,gsm8k_copy
pairs_arith_v2.csv,7674,arithmetic,gsm8k_test_0857,cal,remove,C1_transformed,lmsys_rephrase
pairs_arith_v2.csv,7675,arithmetic,gsm8k_test_0857,cal,remove,C2_answer_bearing,gsm8k_solution_frag
pairs_arith_v2.csv,7676,arithmetic,gsm8k_test_0857,cal,retain,H2_same_template,gsmplus_numerical_substitution
pairs_arith_v2.csv,7677,arithmetic,gsm8k_test_0857,cal,remove,C1_transformed,gsmplus_problem_understanding
pairs_arith_v2.csv,7678,arithmetic,gsm8k_test_0857,cal,retain,H2_same_template,gsmplus_critical_thinking
pairs_arith_v2.csv,7679,arithmetic,gsm8k_test_0857,cal,retain,H1_same_topic,svamp
pairs_arith_v2.csv,7680,arithmetic,gsm8k_test_0857,cal,retain,H3_predating,asdiv
pairs_arith_v2.csv,7681,arithmetic,gsm8k_test_0857,cal,retain,R_random,truthfulqa
pairs_arith_v2.csv,7682,arithmetic,gsm8k_test_0858,cal,remove,C0_exact,gsm8k_copy
pairs_arith_v2.csv,7683,arithmetic,gsm8k_test_0858,cal,remove,C1_transformed,lmsys_rephrase
pairs_arith_v2.csv,7684,arithmetic,gsm8k_test_0858,cal,remove,C2_answer_bearing,gsm8k_solution_frag
pairs_arith_v2.csv,7685,arithmetic,gsm8k_test_0858,cal,remove,C1_transformed,gsmplus_problem_understanding
pairs_arith_v2.csv,7686,arithmetic,gsm8k_test_0858,cal,retain,H2_same_template,gsmplus_critical_thinking
pairs_arith_v2.csv,7687,arithmetic,gsm8k_test_0858,cal,retain,H1_same_topic,svamp
pairs_arith_v2.csv,7688,arithmetic,gsm8k_test_0858,cal,retain,H3_predating,asdiv
pairs_arith_v2.csv,7689,arithmetic,gsm8k_test_0858,cal,retain,R_random,truthfulqa
pairs_arith_v2.csv,7690,arithmetic,gsm8k_test_0859,cal,remove,C0_exact,gsm8k_copy
pairs_arith_v2.csv,7691,arithmetic,gsm8k_test_0859,cal,remove,C1_transformed,lmsys_rephrase
pairs_arith_v2.csv,7692,arithmetic,gsm8k_test_0859,cal,remove,C2_answer_bearing,gsm8k_solution_frag
pairs_arith_v2.csv,7693,arithmetic,gsm8k_test_0859,cal,retain,H2_same_template,gsmplus_numerical_substitution
pairs_arith_v2.csv,7694,arithmetic,gsm8k_test_0859,cal,remove,C1_transformed,gsmplus_problem_understanding
pairs_arith_v2.csv,7695,arithmetic,gsm8k_test_0859,cal,retain,H2_same_template,gsmplus_critical_thinking
pairs_arith_v2.csv,7696,arithmetic,gsm8k_test_0859,cal,retain,H1_same_topic,svamp
pairs_arith_v2.csv,7697,arithmetic,gsm8k_test_0859,cal,retain,H3_predating,asdiv
pairs_arith_v2.csv,7698,arithmetic,gsm8k_test_0859,cal,retain,R_random,truthfulqa
pairs_arith_v2.csv,7699,arithmetic,gsm8k_test_0860,cal,remove,C0_exact,gsm8k_copy
pairs_arith_v2.csv,7700,arithmetic,gsm8k_test_0860,cal,remove,C1_transformed,lmsys_rephrase
pairs_arith_v2.csv,7701,arithmetic,gsm8k_test_0860,cal,remove,C2_answer_bearing,gsm8k_solution_frag
pairs_arith_v2.csv,7702,arithmetic,gsm8k_test_0860,cal,retain,H2_same_template,gsmplus_numerical_substitution
pairs_arith_v2.csv,7703,arithmetic,gsm8k_test_0860,cal,remove,C1_transformed,gsmplus_problem_understanding
pairs_arith_v2.csv,7704,arithmetic,gsm8k_test_0860,cal,retain,H2_same_template,gsmplus_critical_thinking
pairs_arith_v2.csv,7705,arithmetic,gsm8k_test_0860,cal,retain,H1_same_topic,svamp
pairs_arith_v2.csv,7706,arithmetic,gsm8k_test_0860,cal,retain,H3_predating,asdiv
pairs_arith_v2.csv,7707,arithmetic,gsm8k_test_0860,cal,retain,R_random,truthfulqa
pairs_arith_v2.csv,7726,arithmetic,gsm8k_test_0863,cal,remove,C0_exact,gsm8k_copy
pairs_arith_v2.csv,7727,arithmetic,gsm8k_test_0863,cal,remove,C1_transformed,lmsys_rephrase
pairs_arith_v2.csv,7728,arithmetic,gsm8k_test_0863,cal,remove,C2_answer_bearing,gsm8k_solution_frag
pairs_arith_v2.csv,7729,arithmetic,gsm8k_test_0863,cal,retain,H2_same_template,gsmplus_numerical_substitution
pairs_arith_v2.csv,7730,arithmetic,gsm8k_test_0863,cal,remove,C1_transformed,gsmplus_problem_understanding
pairs_arith_v2.csv,7731,arithmetic,gsm8k_test_0863,cal,retain,H2_same_template,gsmplus_critical_thinking
pairs_arith_v2.csv,7732,arithmetic,gsm8k_test_0863,cal,retain,H1_same_topic,svamp
pairs_arith_v2.csv,7733,arithmetic,gsm8k_test_0863,cal,retain,H3_predating,asdiv
pairs_arith_v2.csv,7734,arithmetic,gsm8k_test_0863,cal,retain,R_random,truthfulqa
pairs_arith_v2.csv,7735,arithmetic,gsm8k_test_0864,cal,remove,C0_exact,gsm8k_copy
pairs_arith_v2.csv,7736,arithmetic,gsm8k_test_0864,cal,remove,C1_transformed,lmsys_rephrase
pairs_arith_v2.csv,7737,arithmetic,gsm8k_test_0864,cal,remove,C2_answer_bearing,gsm8k_solution_frag
pairs_arith_v2.csv,7738,arithmetic,gsm8k_test_0864,cal,retain,H2_same_template,gsmplus_numerical_substitution
pairs_arith_v2.csv,7739,arithmetic,gsm8k_test_0864,cal,remove,C1_transformed,gsmplus_problem_understanding
pairs_arith_v2.csv,7740,arithmetic,gsm8k_test_0864,cal,retain,H2_same_template,gsmplus_critical_thinking
pairs_arith_v2.csv,7741,arithmetic,gsm8k_test_0864,cal,retain,H1_same_topic,svamp
pairs_arith_v2.csv,7742,arithmetic,gsm8k_test_0864,cal,retain,H3_predating,asdiv
pairs_arith_v2.csv,7743,arithmetic,gsm8k_test_0864,cal,retain,R_random,truthfulqa
pairs_arith_v2.csv,7744,arithmetic,gsm8k_test_0865,cal,remove,C0_exact,gsm8k_copy
pairs_arith_v2.csv,7745,arithmetic,gsm8k_test_0865,cal,remove,C1_transformed,lmsys_rephrase
pairs_arith_v2.csv,7746,arithmetic,gsm8k_test_0865,cal,remove,C2_answer_bearing,gsm8k_solution_frag
pairs_arith_v2.csv,7747,arithmetic,gsm8k_test_0865,cal,retain,H2_same_template,gsmplus_numerical_substitution
pairs_arith_v2.csv,7748,arithmetic,gsm8k_test_0865,cal,remove,C1_transformed,gsmplus_problem_understanding
pairs_arith_v2.csv,7749,arithmetic,gsm8k_test_0865,cal,retain,H2_same_template,gsmplus_critical_thinking
pairs_arith_v2.csv,7750,arithmetic,gsm8k_test_0865,cal,retain,H1_same_topic,svamp
pairs_arith_v2.csv,7751,arithmetic,gsm8k_test_0865,cal,retain,H3_predating,asdiv
pairs_arith_v2.csv,7752,arithmetic,gsm8k_test_0865,cal,retain,R_random,truthfulqa
pairs_arith_v2.csv,7796,arithmetic,gsm8k_test_0871,cal,remove,C0_exact,gsm8k_copy
pairs_arith_v2.csv,7797,arithmetic,gsm8k_test_0871,cal,remove,C1_transformed,lmsys_rephrase
pairs_arith_v2.csv,7798,arithmetic,gsm8k_test_0871,cal,remove,C2_answer_bearing,gsm8k_solution_frag
pairs_arith_v2.csv,7799,arithmetic,gsm8k_test_0871,cal,retain,H2_same_template,gsmplus_numerical_substitution
pairs_arith_v2.csv,7800,arithmetic,gsm8k_test_0871,cal,remove,C1_transformed,gsmplus_problem_understanding
pairs_arith_v2.csv,7801,arithmetic,gsm8k_test_0871,cal,retain,H2_same_template,gsmplus_critical_thinking
pairs_arith_v2.csv,7802,arithmetic,gsm8k_test_0871,cal,retain,H1_same_topic,svamp
pairs_arith_v2.csv,7803,arithmetic,gsm8k_test_0871,cal,retain,H3_predating,asdiv
pairs_arith_v2.csv,7804,arithmetic,gsm8k_test_0871,cal,retain,R_random,truthfulqa
pairs_arith_v2.csv,7841,arithmetic,gsm8k_test_0876,cal,remove,C0_exact,gsm8k_copy
pairs_arith_v2.csv,7842,arithmetic,gsm8k_test_0876,cal,remove,C1_transformed,lmsys_rephrase
pairs_arith_v2.csv,7843,arithmetic,gsm8k_test_0876,cal,remove,C2_answer_bearing,gsm8k_solution_frag
pairs_arith_v2.csv,7844,arithmetic,gsm8k_test_0876,cal,retain,H2_same_template,gsmplus_numerical_substitution
pairs_arith_v2.csv,7845,arithmetic,gsm8k_test_0876,cal,remove,C1_transformed,gsmplus_problem_understanding
pairs_arith_v2.csv,7846,arithmetic,gsm8k_test_0876,cal,retain,H2_same_template,gsmplus_critical_thinking
pairs_arith_v2.csv,7847,arithmetic,gsm8k_test_0876,cal,retain,H1_same_topic,svamp
pairs_arith_v2.csv,7848,arithmetic,gsm8k_test_0876,cal,retain,H3_predating,asdiv
pairs_arith_v2.csv,7849,arithmetic,gsm8k_test_0876,cal,retain,R_random,truthfulqa
pairs_arith_v2.csv,7877,arithmetic,gsm8k_test_0880,cal,remove,C0_exact,gsm8k_copy
pairs_arith_v2.csv,7878,arithmetic,gsm8k_test_0880,cal,remove,C1_transformed,lmsys_rephrase
pairs_arith_v2.csv,7879,arithmetic,gsm8k_test_0880,cal,remove,C2_answer_bearing,gsm8k_solution_frag
pairs_arith_v2.csv,7880,arithmetic,gsm8k_test_0880,cal,retain,H2_same_template,gsmplus_numerical_substitution
pairs_arith_v2.csv,7881,arithmetic,gsm8k_test_0880,cal,remove,C1_transformed,gsmplus_problem_understanding
pairs_arith_v2.csv,7882,arithmetic,gsm8k_test_0880,cal,retain,H2_same_template,gsmplus_critical_thinking
pairs_arith_v2.csv,7883,arithmetic,gsm8k_test_0880,cal,retain,H1_same_topic,svamp
pairs_arith_v2.csv,7884,arithmetic,gsm8k_test_0880,cal,retain,H3_predating,asdiv
pairs_arith_v2.csv,7885,arithmetic,gsm8k_test_0880,cal,retain,R_random,truthfulqa
pairs_arith_v2.csv,7886,arithmetic,gsm8k_test_0881,cal,remove,C0_exact,gsm8k_copy
pairs_arith_v2.csv,7887,arithmetic,gsm8k_test_0881,cal,remove,C1_transformed,lmsys_rephrase
pairs_arith_v2.csv,7888,arithmetic,gsm8k_test_0881,cal,remove,C2_answer_bearing,gsm8k_solution_frag
pairs_arith_v2.csv,7889,arithmetic,gsm8k_test_0881,cal,retain,H2_same_template,gsmplus_numerical_substitution
pairs_arith_v2.csv,7890,arithmetic,gsm8k_test_0881,cal,remove,C1_transformed,gsmplus_problem_understanding
pairs_arith_v2.csv,7891,arithmetic,gsm8k_test_0881,cal,retain,H2_same_template,gsmplus_critical_thinking
pairs_arith_v2.csv,7892,arithmetic,gsm8k_test_0881,cal,retain,H1_same_topic,svamp
pairs_arith_v2.csv,7893,arithmetic,gsm8k_test_0881,cal,retain,H3_predating,asdiv
pairs_arith_v2.csv,7894,arithmetic,gsm8k_test_0881,cal,retain,R_random,truthfulqa
pairs_arith_v2.csv,7895,arithmetic,gsm8k_test_0882,cal,remove,C0_exact,gsm8k_copy
pairs_arith_v2.csv,7896,arithmetic,gsm8k_test_0882,cal,remove,C1_transformed,lmsys_rephrase
pairs_arith_v2.csv,7897,arithmetic,gsm8k_test_0882,cal,remove,C2_answer_bearing,gsm8k_solution_frag
pairs_arith_v2.csv,7898,arithmetic,gsm8k_test_0882,cal,retain,H2_same_template,gsmplus_numerical_substitution
pairs_arith_v2.csv,7899,arithmetic,gsm8k_test_0882,cal,remove,C1_transformed,gsmplus_problem_understanding
pairs_arith_v2.csv,7900,arithmetic,gsm8k_test_0882,cal,retain,H2_same_template,gsmplus_critical_thinking
pairs_arith_v2.csv,7901,arithmetic,gsm8k_test_0882,cal,retain,H1_same_topic,svamp
pairs_arith_v2.csv,7902,arithmetic,gsm8k_test_0882,cal,retain,H3_predating,asdiv
pairs_arith_v2.csv,7903,arithmetic,gsm8k_test_0882,cal,retain,R_random,truthfulqa
pairs_arith_v2.csv,7904,arithmetic,gsm8k_test_0883,cal,remove,C0_exact,gsm8k_copy
pairs_arith_v2.csv,7905,arithmetic,gsm8k_test_0883,cal,remove,C1_transformed,lmsys_rephrase
pairs_arith_v2.csv,7906,arithmetic,gsm8k_test_0883,cal,remove,C2_answer_bearing,gsm8k_solution_frag
pairs_arith_v2.csv,7907,arithmetic,gsm8k_test_0883,cal,retain,H2_same_template,gsmplus_numerical_substitution
pairs_arith_v2.csv,7908,arithmetic,gsm8k_test_0883,cal,remove,C1_transformed,gsmplus_problem_understanding
pairs_arith_v2.csv,7909,arithmetic,gsm8k_test_0883,cal,retain,H2_same_template,gsmplus_critical_thinking
pairs_arith_v2.csv,7910,arithmetic,gsm8k_test_0883,cal,retain,H1_same_topic,svamp
pairs_arith_v2.csv,7911,arithmetic,gsm8k_test_0883,cal,retain,H3_predating,asdiv
pairs_arith_v2.csv,7912,arithmetic,gsm8k_test_0883,cal,retain,R_random,truthfulqa
pairs_arith_v2.csv,7913,arithmetic,gsm8k_test_0884,cal,remove,C0_exact,gsm8k_copy
pairs_arith_v2.csv,7914,arithmetic,gsm8k_test_0884,cal,remove,C1_transformed,lmsys_rephrase
pairs_arith_v2.csv,7915,arithmetic,gsm8k_test_0884,cal,remove,C2_answer_bearing,gsm8k_solution_frag
pairs_arith_v2.csv,7916,arithmetic,gsm8k_test_0884,cal,retain,H2_same_template,gsmplus_numerical_substitution
pairs_arith_v2.csv,7917,arithmetic,gsm8k_test_0884,cal,remove,C1_transformed,gsmplus_problem_understanding
pairs_arith_v2.csv,7918,arithmetic,gsm8k_test_0884,cal,retain,H2_same_template,gsmplus_critical_thinking
pairs_arith_v2.csv,7919,arithmetic,gsm8k_test_0884,cal,retain,H1_same_topic,svamp
pairs_arith_v2.csv,7920,arithmetic,gsm8k_test_0884,cal,retain,H3_predating,asdiv
pairs_arith_v2.csv,7921,arithmetic,gsm8k_test_0884,cal,retain,R_random,truthfulqa
pairs_arith_v2.csv,7931,arithmetic,gsm8k_test_0886,cal,remove,C0_exact,gsm8k_copy
pairs_arith_v2.csv,7932,arithmetic,gsm8k_test_0886,cal,remove,C1_transformed,lmsys_rephrase
pairs_arith_v2.csv,7933,arithmetic,gsm8k_test_0886,cal,remove,C2_answer_bearing,gsm8k_solution_frag
pairs_arith_v2.csv,7934,arithmetic,gsm8k_test_0886,cal,retain,H2_same_template,gsmplus_numerical_substitution
pairs_arith_v2.csv,7935,arithmetic,gsm8k_test_0886,cal,remove,C1_transformed,gsmplus_problem_understanding
pairs_arith_v2.csv,7936,arithmetic,gsm8k_test_0886,cal,retain,H2_same_template,gsmplus_critical_thinking
pairs_arith_v2.csv,7937,arithmetic,gsm8k_test_0886,cal,retain,H1_same_topic,svamp
pairs_arith_v2.csv,7938,arithmetic,gsm8k_test_0886,cal,retain,H3_predating,asdiv
pairs_arith_v2.csv,7939,arithmetic,gsm8k_test_0886,cal,retain,R_random,truthfulqa
pairs_arith_v2.csv,7949,arithmetic,gsm8k_test_0888,cal,remove,C0_exact,gsm8k_copy
pairs_arith_v2.csv,7950,arithmetic,gsm8k_test_0888,cal,remove,C1_transformed,lmsys_rephrase
pairs_arith_v2.csv,7951,arithmetic,gsm8k_test_0888,cal,remove,C2_answer_bearing,gsm8k_solution_frag
pairs_arith_v2.csv,7952,arithmetic,gsm8k_test_0888,cal,retain,H2_same_template,gsmplus_numerical_substitution
pairs_arith_v2.csv,7953,arithmetic,gsm8k_test_0888,cal,remove,C1_transformed,gsmplus_problem_understanding
pairs_arith_v2.csv,7954,arithmetic,gsm8k_test_0888,cal,retain,H2_same_template,gsmplus_critical_thinking
pairs_arith_v2.csv,7955,arithmetic,gsm8k_test_0888,cal,retain,H1_same_topic,svamp
pairs_arith_v2.csv,7956,arithmetic,gsm8k_test_0888,cal,retain,H3_predating,asdiv
pairs_arith_v2.csv,7957,arithmetic,gsm8k_test_0888,cal,retain,R_random,truthfulqa
pairs_arith_v2.csv,7967,arithmetic,gsm8k_test_0890,cal,remove,C0_exact,gsm8k_copy
pairs_arith_v2.csv,7968,arithmetic,gsm8k_test_0890,cal,remove,C1_transformed,lmsys_rephrase
pairs_arith_v2.csv,7969,arithmetic,gsm8k_test_0890,cal,remove,C2_answer_bearing,gsm8k_solution_frag
pairs_arith_v2.csv,7970,arithmetic,gsm8k_test_0890,cal,retain,H2_same_template,gsmplus_numerical_substitution
pairs_arith_v2.csv,7971,arithmetic,gsm8k_test_0890,cal,remove,C1_transformed,gsmplus_problem_understanding
pairs_arith_v2.csv,7972,arithmetic,gsm8k_test_0890,cal,retain,H2_same_template,gsmplus_critical_thinking
pairs_arith_v2.csv,7973,arithmetic,gsm8k_test_0890,cal,retain,H1_same_topic,svamp
pairs_arith_v2.csv,7974,arithmetic,gsm8k_test_0890,cal,retain,H3_predating,asdiv
pairs_arith_v2.csv,7975,arithmetic,gsm8k_test_0890,cal,retain,R_random,truthfulqa
pairs_arith_v2.csv,7976,arithmetic,gsm8k_test_0891,cal,remove,C0_exact,gsm8k_copy
pairs_arith_v2.csv,7977,arithmetic,gsm8k_test_0891,cal,remove,C1_transformed,lmsys_rephrase
pairs_arith_v2.csv,7978,arithmetic,gsm8k_test_0891,cal,remove,C2_answer_bearing,gsm8k_solution_frag
pairs_arith_v2.csv,7979,arithmetic,gsm8k_test_0891,cal,retain,H2_same_template,gsmplus_numerical_substitution
pairs_arith_v2.csv,7980,arithmetic,gsm8k_test_0891,cal,remove,C1_transformed,gsmplus_problem_understanding
pairs_arith_v2.csv,7981,arithmetic,gsm8k_test_0891,cal,retain,H2_same_template,gsmplus_critical_thinking
pairs_arith_v2.csv,7982,arithmetic,gsm8k_test_0891,cal,retain,H1_same_topic,svamp
pairs_arith_v2.csv,7983,arithmetic,gsm8k_test_0891,cal,retain,H3_predating,asdiv
pairs_arith_v2.csv,7984,arithmetic,gsm8k_test_0891,cal,retain,R_random,truthfulqa
pairs_arith_v2.csv,8046,arithmetic,gsm8k_test_0899,cal,remove,C0_exact,gsm8k_copy
pairs_arith_v2.csv,8047,arithmetic,gsm8k_test_0899,cal,remove,C1_transformed,lmsys_rephrase
pairs_arith_v2.csv,8048,arithmetic,gsm8k_test_0899,cal,remove,C2_answer_bearing,gsm8k_solution_frag
pairs_arith_v2.csv,8049,arithmetic,gsm8k_test_0899,cal,retain,H2_same_template,gsmplus_numerical_substitution
pairs_arith_v2.csv,8050,arithmetic,gsm8k_test_0899,cal,remove,C1_transformed,gsmplus_problem_understanding
pairs_arith_v2.csv,8051,arithmetic,gsm8k_test_0899,cal,retain,H2_same_template,gsmplus_critical_thinking
pairs_arith_v2.csv,8052,arithmetic,gsm8k_test_0899,cal,retain,H1_same_topic,svamp
pairs_arith_v2.csv,8053,arithmetic,gsm8k_test_0899,cal,retain,H3_predating,asdiv
pairs_arith_v2.csv,8054,arithmetic,gsm8k_test_0899,cal,retain,R_random,truthfulqa
pairs_arith_v2.csv,8090,arithmetic,gsm8k_test_0904,cal,remove,C0_exact,gsm8k_copy
pairs_arith_v2.csv,8091,arithmetic,gsm8k_test_0904,cal,remove,C1_transformed,lmsys_rephrase
pairs_arith_v2.csv,8092,arithmetic,gsm8k_test_0904,cal,remove,C2_answer_bearing,gsm8k_solution_frag
pairs_arith_v2.csv,8093,arithmetic,gsm8k_test_0904,cal,retain,H2_same_template,gsmplus_numerical_substitution
pairs_arith_v2.csv,8094,arithmetic,gsm8k_test_0904,cal,remove,C1_transformed,gsmplus_problem_understanding
pairs_arith_v2.csv,8095,arithmetic,gsm8k_test_0904,cal,retain,H2_same_template,gsmplus_critical_thinking
pairs_arith_v2.csv,8096,arithmetic,gsm8k_test_0904,cal,retain,H1_same_topic,svamp
pairs_arith_v2.csv,8097,arithmetic,gsm8k_test_0904,cal,retain,H3_predating,asdiv
pairs_arith_v2.csv,8098,arithmetic,gsm8k_test_0904,cal,retain,R_random,truthfulqa
pairs_arith_v2.csv,8108,arithmetic,gsm8k_test_0906,cal,remove,C0_exact,gsm8k_copy
pairs_arith_v2.csv,8109,arithmetic,gsm8k_test_0906,cal,remove,C1_transformed,lmsys_rephrase
pairs_arith_v2.csv,8110,arithmetic,gsm8k_test_0906,cal,remove,C2_answer_bearing,gsm8k_solution_frag
pairs_arith_v2.csv,8111,arithmetic,gsm8k_test_0906,cal,remove,C1_transformed,gsmplus_problem_understanding
pairs_arith_v2.csv,8112,arithmetic,gsm8k_test_0906,cal,retain,H2_same_template,gsmplus_critical_thinking
pairs_arith_v2.csv,8113,arithmetic,gsm8k_test_0906,cal,retain,H1_same_topic,svamp
pairs_arith_v2.csv,8114,arithmetic,gsm8k_test_0906,cal,retain,H3_predating,asdiv
pairs_arith_v2.csv,8115,arithmetic,gsm8k_test_0906,cal,retain,R_random,truthfulqa
pairs_arith_v2.csv,8125,arithmetic,gsm8k_test_0908,cal,remove,C0_exact,gsm8k_copy
pairs_arith_v2.csv,8126,arithmetic,gsm8k_test_0908,cal,remove,C1_transformed,lmsys_rephrase
pairs_arith_v2.csv,8127,arithmetic,gsm8k_test_0908,cal,remove,C2_answer_bearing,gsm8k_solution_frag
pairs_arith_v2.csv,8128,arithmetic,gsm8k_test_0908,cal,retain,H2_same_template,gsmplus_numerical_substitution
pairs_arith_v2.csv,8129,arithmetic,gsm8k_test_0908,cal,remove,C1_transformed,gsmplus_problem_understanding
pairs_arith_v2.csv,8130,arithmetic,gsm8k_test_0908,cal,retain,H2_same_template,gsmplus_critical_thinking
pairs_arith_v2.csv,8131,arithmetic,gsm8k_test_0908,cal,retain,H1_same_topic,svamp
pairs_arith_v2.csv,8132,arithmetic,gsm8k_test_0908,cal,retain,H3_predating,asdiv
pairs_arith_v2.csv,8133,arithmetic,gsm8k_test_0908,cal,retain,R_random,truthfulqa
pairs_arith_v2.csv,8303,arithmetic,gsm8k_test_0928,cal,remove,C0_exact,gsm8k_copy
pairs_arith_v2.csv,8304,arithmetic,gsm8k_test_0928,cal,remove,C1_transformed,lmsys_rephrase
pairs_arith_v2.csv,8305,arithmetic,gsm8k_test_0928,cal,remove,C2_answer_bearing,gsm8k_solution_frag
pairs_arith_v2.csv,8306,arithmetic,gsm8k_test_0928,cal,retain,H2_same_template,gsmplus_numerical_substitution
pairs_arith_v2.csv,8307,arithmetic,gsm8k_test_0928,cal,remove,C1_transformed,gsmplus_problem_understanding
pairs_arith_v2.csv,8308,arithmetic,gsm8k_test_0928,cal,retain,H2_same_template,gsmplus_critical_thinking
pairs_arith_v2.csv,8309,arithmetic,gsm8k_test_0928,cal,retain,H1_same_topic,svamp
pairs_arith_v2.csv,8310,arithmetic,gsm8k_test_0928,cal,retain,H3_predating,asdiv
pairs_arith_v2.csv,8311,arithmetic,gsm8k_test_0928,cal,retain,R_random,truthfulqa
pairs_arith_v2.csv,8321,arithmetic,gsm8k_test_0930,cal,remove,C0_exact,gsm8k_copy
pairs_arith_v2.csv,8322,arithmetic,gsm8k_test_0930,cal,remove,C1_transformed,lmsys_rephrase
pairs_arith_v2.csv,8323,arithmetic,gsm8k_test_0930,cal,remove,C2_answer_bearing,gsm8k_solution_frag
pairs_arith_v2.csv,8324,arithmetic,gsm8k_test_0930,cal,retain,H2_same_template,gsmplus_numerical_substitution
pairs_arith_v2.csv,8325,arithmetic,gsm8k_test_0930,cal,remove,C1_transformed,gsmplus_problem_understanding
pairs_arith_v2.csv,8326,arithmetic,gsm8k_test_0930,cal,retain,H2_same_template,gsmplus_critical_thinking
pairs_arith_v2.csv,8327,arithmetic,gsm8k_test_0930,cal,retain,H1_same_topic,svamp
pairs_arith_v2.csv,8328,arithmetic,gsm8k_test_0930,cal,retain,H3_predating,asdiv
pairs_arith_v2.csv,8329,arithmetic,gsm8k_test_0930,cal,retain,R_random,truthfulqa
pairs_arith_v2.csv,8348,arithmetic,gsm8k_test_0933,cal,remove,C0_exact,gsm8k_copy
pairs_arith_v2.csv,8349,arithmetic,gsm8k_test_0933,cal,remove,C1_transformed,lmsys_rephrase
pairs_arith_v2.csv,8350,arithmetic,gsm8k_test_0933,cal,remove,C2_answer_bearing,gsm8k_solution_frag
pairs_arith_v2.csv,8351,arithmetic,gsm8k_test_0933,cal,retain,H2_same_template,gsmplus_numerical_substitution
pairs_arith_v2.csv,8352,arithmetic,gsm8k_test_0933,cal,remove,C1_transformed,gsmplus_problem_understanding
pairs_arith_v2.csv,8353,arithmetic,gsm8k_test_0933,cal,retain,H2_same_template,gsmplus_critical_thinking
pairs_arith_v2.csv,8354,arithmetic,gsm8k_test_0933,cal,retain,H1_same_topic,svamp
pairs_arith_v2.csv,8355,arithmetic,gsm8k_test_0933,cal,retain,H3_predating,asdiv
pairs_arith_v2.csv,8356,arithmetic,gsm8k_test_0933,cal,retain,R_random,truthfulqa
pairs_arith_v2.csv,8366,arithmetic,gsm8k_test_0935,cal,remove,C0_exact,gsm8k_copy
pairs_arith_v2.csv,8367,arithmetic,gsm8k_test_0935,cal,remove,C1_transformed,lmsys_rephrase
pairs_arith_v2.csv,8368,arithmetic,gsm8k_test_0935,cal,remove,C2_answer_bearing,gsm8k_solution_frag
pairs_arith_v2.csv,8369,arithmetic,gsm8k_test_0935,cal,retain,H2_same_template,gsmplus_numerical_substitution
pairs_arith_v2.csv,8370,arithmetic,gsm8k_test_0935,cal,remove,C1_transformed,gsmplus_problem_understanding
pairs_arith_v2.csv,8371,arithmetic,gsm8k_test_0935,cal,retain,H2_same_template,gsmplus_critical_thinking
pairs_arith_v2.csv,8372,arithmetic,gsm8k_test_0935,cal,retain,H1_same_topic,svamp
pairs_arith_v2.csv,8373,arithmetic,gsm8k_test_0935,cal,retain,H3_predating,asdiv
pairs_arith_v2.csv,8374,arithmetic,gsm8k_test_0935,cal,retain,R_random,truthfulqa
pairs_arith_v2.csv,8411,arithmetic,gsm8k_test_0940,cal,remove,C0_exact,gsm8k_copy
pairs_arith_v2.csv,8412,arithmetic,gsm8k_test_0940,cal,remove,C1_transformed,lmsys_rephrase
pairs_arith_v2.csv,8413,arithmetic,gsm8k_test_0940,cal,remove,C2_answer_bearing,gsm8k_solution_frag
pairs_arith_v2.csv,8414,arithmetic,gsm8k_test_0940,cal,retain,H2_same_template,gsmplus_numerical_substitution
pairs_arith_v2.csv,8415,arithmetic,gsm8k_test_0940,cal,remove,C1_transformed,gsmplus_problem_understanding
pairs_arith_v2.csv,8416,arithmetic,gsm8k_test_0940,cal,retain,H2_same_template,gsmplus_critical_thinking
pairs_arith_v2.csv,8417,arithmetic,gsm8k_test_0940,cal,retain,H1_same_topic,svamp
pairs_arith_v2.csv,8418,arithmetic,gsm8k_test_0940,cal,retain,H3_predating,asdiv
pairs_arith_v2.csv,8419,arithmetic,gsm8k_test_0940,cal,retain,R_random,truthfulqa
pairs_arith_v2.csv,8429,arithmetic,gsm8k_test_0942,cal,remove,C0_exact,gsm8k_copy
pairs_arith_v2.csv,8430,arithmetic,gsm8k_test_0942,cal,remove,C1_transformed,lmsys_rephrase
pairs_arith_v2.csv,8431,arithmetic,gsm8k_test_0942,cal,remove,C2_answer_bearing,gsm8k_solution_frag
pairs_arith_v2.csv,8432,arithmetic,gsm8k_test_0942,cal,retain,H2_same_template,gsmplus_numerical_substitution
pairs_arith_v2.csv,8433,arithmetic,gsm8k_test_0942,cal,remove,C1_transformed,gsmplus_problem_understanding
pairs_arith_v2.csv,8434,arithmetic,gsm8k_test_0942,cal,retain,H2_same_template,gsmplus_critical_thinking
pairs_arith_v2.csv,8435,arithmetic,gsm8k_test_0942,cal,retain,H1_same_topic,svamp
pairs_arith_v2.csv,8436,arithmetic,gsm8k_test_0942,cal,retain,H3_predating,asdiv
pairs_arith_v2.csv,8437,arithmetic,gsm8k_test_0942,cal,retain,R_random,truthfulqa
pairs_arith_v2.csv,8447,arithmetic,gsm8k_test_0944,cal,remove,C0_exact,gsm8k_copy
pairs_arith_v2.csv,8448,arithmetic,gsm8k_test_0944,cal,remove,C1_transformed,lmsys_rephrase
pairs_arith_v2.csv,8449,arithmetic,gsm8k_test_0944,cal,remove,C2_answer_bearing,gsm8k_solution_frag
pairs_arith_v2.csv,8450,arithmetic,gsm8k_test_0944,cal,retain,H2_same_template,gsmplus_numerical_substitution
pairs_arith_v2.csv,8451,arithmetic,gsm8k_test_0944,cal,remove,C1_transformed,gsmplus_problem_understanding
pairs_arith_v2.csv,8452,arithmetic,gsm8k_test_0944,cal,retain,H2_same_template,gsmplus_critical_thinking
pairs_arith_v2.csv,8453,arithmetic,gsm8k_test_0944,cal,retain,H1_same_topic,svamp
pairs_arith_v2.csv,8454,arithmetic,gsm8k_test_0944,cal,retain,H3_predating,asdiv
pairs_arith_v2.csv,8455,arithmetic,gsm8k_test_0944,cal,retain,R_random,truthfulqa
pairs_arith_v2.csv,8482,arithmetic,gsm8k_test_0948,cal,remove,C0_exact,gsm8k_copy
pairs_arith_v2.csv,8484,arithmetic,gsm8k_test_0948,cal,remove,C2_answer_bearing,gsm8k_solution_frag
pairs_arith_v2.csv,8485,arithmetic,gsm8k_test_0948,cal,retain,H2_same_template,gsmplus_numerical_substitution
pairs_arith_v2.csv,8486,arithmetic,gsm8k_test_0948,cal,remove,C1_transformed,gsmplus_problem_understanding
pairs_arith_v2.csv,8487,arithmetic,gsm8k_test_0948,cal,retain,H2_same_template,gsmplus_critical_thinking
pairs_arith_v2.csv,8488,arithmetic,gsm8k_test_0948,cal,retain,H1_same_topic,svamp
pairs_arith_v2.csv,8489,arithmetic,gsm8k_test_0948,cal,retain,H3_predating,asdiv
pairs_arith_v2.csv,8490,arithmetic,gsm8k_test_0948,cal,retain,R_random,truthfulqa
pairs_arith_v2.csv,8509,arithmetic,gsm8k_test_0951,cal,remove,C0_exact,gsm8k_copy
pairs_arith_v2.csv,8510,arithmetic,gsm8k_test_0951,cal,remove,C1_transformed,lmsys_rephrase
pairs_arith_v2.csv,8511,arithmetic,gsm8k_test_0951,cal,remove,C2_answer_bearing,gsm8k_solution_frag
pairs_arith_v2.csv,8512,arithmetic,gsm8k_test_0951,cal,retain,H2_same_template,gsmplus_numerical_substitution
pairs_arith_v2.csv,8513,arithmetic,gsm8k_test_0951,cal,remove,C1_transformed,gsmplus_problem_understanding
pairs_arith_v2.csv,8514,arithmetic,gsm8k_test_0951,cal,retain,H2_same_template,gsmplus_critical_thinking
pairs_arith_v2.csv,8515,arithmetic,gsm8k_test_0951,cal,retain,H1_same_topic,svamp
pairs_arith_v2.csv,8516,arithmetic,gsm8k_test_0951,cal,retain,H3_predating,asdiv
pairs_arith_v2.csv,8517,arithmetic,gsm8k_test_0951,cal,retain,R_random,truthfulqa
pairs_arith_v2.csv,8554,arithmetic,gsm8k_test_0956,cal,remove,C0_exact,gsm8k_copy
pairs_arith_v2.csv,8555,arithmetic,gsm8k_test_0956,cal,remove,C1_transformed,lmsys_rephrase
pairs_arith_v2.csv,8556,arithmetic,gsm8k_test_0956,cal,remove,C2_answer_bearing,gsm8k_solution_frag
pairs_arith_v2.csv,8557,arithmetic,gsm8k_test_0956,cal,retain,H2_same_template,gsmplus_numerical_substitution
pairs_arith_v2.csv,8558,arithmetic,gsm8k_test_0956,cal,remove,C1_transformed,gsmplus_problem_understanding
pairs_arith_v2.csv,8559,arithmetic,gsm8k_test_0956,cal,retain,H2_same_template,gsmplus_critical_thinking
pairs_arith_v2.csv,8560,arithmetic,gsm8k_test_0956,cal,retain,H1_same_topic,svamp
pairs_arith_v2.csv,8561,arithmetic,gsm8k_test_0956,cal,retain,H3_predating,asdiv
pairs_arith_v2.csv,8562,arithmetic,gsm8k_test_0956,cal,retain,R_random,truthfulqa
pairs_arith_v2.csv,8572,arithmetic,gsm8k_test_0958,cal,remove,C0_exact,gsm8k_copy
pairs_arith_v2.csv,8573,arithmetic,gsm8k_test_0958,cal,remove,C1_transformed,lmsys_rephrase
pairs_arith_v2.csv,8574,arithmetic,gsm8k_test_0958,cal,remove,C2_answer_bearing,gsm8k_solution_frag
pairs_arith_v2.csv,8575,arithmetic,gsm8k_test_0958,cal,retain,H2_same_template,gsmplus_numerical_substitution
pairs_arith_v2.csv,8576,arithmetic,gsm8k_test_0958,cal,remove,C1_transformed,gsmplus_problem_understanding
pairs_arith_v2.csv,8577,arithmetic,gsm8k_test_0958,cal,retain,H2_same_template,gsmplus_critical_thinking
pairs_arith_v2.csv,8578,arithmetic,gsm8k_test_0958,cal,retain,H1_same_topic,svamp
pairs_arith_v2.csv,8579,arithmetic,gsm8k_test_0958,cal,retain,H3_predating,asdiv
pairs_arith_v2.csv,8580,arithmetic,gsm8k_test_0958,cal,retain,R_random,truthfulqa
pairs_arith_v2.csv,8599,arithmetic,gsm8k_test_0961,cal,remove,C0_exact,gsm8k_copy
pairs_arith_v2.csv,8600,arithmetic,gsm8k_test_0961,cal,remove,C1_transformed,lmsys_rephrase
pairs_arith_v2.csv,8601,arithmetic,gsm8k_test_0961,cal,remove,C2_answer_bearing,gsm8k_solution_frag
pairs_arith_v2.csv,8602,arithmetic,gsm8k_test_0961,cal,retain,H2_same_template,gsmplus_numerical_substitution
pairs_arith_v2.csv,8603,arithmetic,gsm8k_test_0961,cal,remove,C1_transformed,gsmplus_problem_understanding
pairs_arith_v2.csv,8604,arithmetic,gsm8k_test_0961,cal,retain,H2_same_template,gsmplus_critical_thinking
pairs_arith_v2.csv,8605,arithmetic,gsm8k_test_0961,cal,retain,H1_same_topic,svamp
pairs_arith_v2.csv,8606,arithmetic,gsm8k_test_0961,cal,retain,H3_predating,asdiv
pairs_arith_v2.csv,8607,arithmetic,gsm8k_test_0961,cal,retain,R_random,truthfulqa
pairs_arith_v2.csv,8626,arithmetic,gsm8k_test_0964,cal,remove,C0_exact,gsm8k_copy
pairs_arith_v2.csv,8627,arithmetic,gsm8k_test_0964,cal,remove,C1_transformed,lmsys_rephrase
pairs_arith_v2.csv,8628,arithmetic,gsm8k_test_0964,cal,remove,C2_answer_bearing,gsm8k_solution_frag
pairs_arith_v2.csv,8629,arithmetic,gsm8k_test_0964,cal,retain,H2_same_template,gsmplus_numerical_substitution
pairs_arith_v2.csv,8630,arithmetic,gsm8k_test_0964,cal,remove,C1_transformed,gsmplus_problem_understanding
pairs_arith_v2.csv,8631,arithmetic,gsm8k_test_0964,cal,retain,H2_same_template,gsmplus_critical_thinking
pairs_arith_v2.csv,8632,arithmetic,gsm8k_test_0964,cal,retain,H1_same_topic,svamp
pairs_arith_v2.csv,8633,arithmetic,gsm8k_test_0964,cal,retain,H3_predating,asdiv
pairs_arith_v2.csv,8634,arithmetic,gsm8k_test_0964,cal,retain,R_random,truthfulqa
pairs_arith_v2.csv,8653,arithmetic,gsm8k_test_0967,cal,remove,C0_exact,gsm8k_copy
pairs_arith_v2.csv,8654,arithmetic,gsm8k_test_0967,cal,remove,C1_transformed,lmsys_rephrase
pairs_arith_v2.csv,8655,arithmetic,gsm8k_test_0967,cal,remove,C2_answer_bearing,gsm8k_solution_frag
pairs_arith_v2.csv,8656,arithmetic,gsm8k_test_0967,cal,retain,H2_same_template,gsmplus_numerical_substitution
pairs_arith_v2.csv,8657,arithmetic,gsm8k_test_0967,cal,remove,C1_transformed,gsmplus_problem_understanding
pairs_arith_v2.csv,8658,arithmetic,gsm8k_test_0967,cal,retain,H2_same_template,gsmplus_critical_thinking
pairs_arith_v2.csv,8659,arithmetic,gsm8k_test_0967,cal,retain,H1_same_topic,svamp
pairs_arith_v2.csv,8660,arithmetic,gsm8k_test_0967,cal,retain,H3_predating,asdiv
pairs_arith_v2.csv,8661,arithmetic,gsm8k_test_0967,cal,retain,R_random,truthfulqa
pairs_arith_v2.csv,8732,arithmetic,gsm8k_test_0976,cal,remove,C0_exact,gsm8k_copy
pairs_arith_v2.csv,8733,arithmetic,gsm8k_test_0976,cal,remove,C1_transformed,lmsys_rephrase
pairs_arith_v2.csv,8734,arithmetic,gsm8k_test_0976,cal,remove,C2_answer_bearing,gsm8k_solution_frag
pairs_arith_v2.csv,8735,arithmetic,gsm8k_test_0976,cal,retain,H2_same_template,gsmplus_numerical_substitution
pairs_arith_v2.csv,8736,arithmetic,gsm8k_test_0976,cal,remove,C1_transformed,gsmplus_problem_understanding
pairs_arith_v2.csv,8737,arithmetic,gsm8k_test_0976,cal,retain,H2_same_template,gsmplus_critical_thinking
pairs_arith_v2.csv,8738,arithmetic,gsm8k_test_0976,cal,retain,H1_same_topic,svamp
pairs_arith_v2.csv,8739,arithmetic,gsm8k_test_0976,cal,retain,H3_predating,asdiv
pairs_arith_v2.csv,8740,arithmetic,gsm8k_test_0976,cal,retain,R_random,truthfulqa
pairs_arith_v2.csv,8777,arithmetic,gsm8k_test_0981,cal,remove,C0_exact,gsm8k_copy
pairs_arith_v2.csv,8778,arithmetic,gsm8k_test_0981,cal,remove,C1_transformed,lmsys_rephrase
pairs_arith_v2.csv,8779,arithmetic,gsm8k_test_0981,cal,remove,C2_answer_bearing,gsm8k_solution_frag
pairs_arith_v2.csv,8780,arithmetic,gsm8k_test_0981,cal,retain,H2_same_template,gsmplus_numerical_substitution
pairs_arith_v2.csv,8781,arithmetic,gsm8k_test_0981,cal,remove,C1_transformed,gsmplus_problem_understanding
pairs_arith_v2.csv,8782,arithmetic,gsm8k_test_0981,cal,retain,H2_same_template,gsmplus_critical_thinking
pairs_arith_v2.csv,8783,arithmetic,gsm8k_test_0981,cal,retain,H1_same_topic,svamp
pairs_arith_v2.csv,8784,arithmetic,gsm8k_test_0981,cal,retain,H3_predating,asdiv
pairs_arith_v2.csv,8785,arithmetic,gsm8k_test_0981,cal,retain,R_random,truthfulqa
pairs_arith_v2.csv,8795,arithmetic,gsm8k_test_0983,cal,remove,C0_exact,gsm8k_copy
pairs_arith_v2.csv,8796,arithmetic,gsm8k_test_0983,cal,remove,C1_transformed,lmsys_rephrase
pairs_arith_v2.csv,8797,arithmetic,gsm8k_test_0983,cal,remove,C2_answer_bearing,gsm8k_solution_frag
pairs_arith_v2.csv,8798,arithmetic,gsm8k_test_0983,cal,remove,C1_transformed,gsmplus_problem_understanding
pairs_arith_v2.csv,8799,arithmetic,gsm8k_test_0983,cal,retain,H2_same_template,gsmplus_critical_thinking
pairs_arith_v2.csv,8800,arithmetic,gsm8k_test_0983,cal,retain,H1_same_topic,svamp
pairs_arith_v2.csv,8801,arithmetic,gsm8k_test_0983,cal,retain,H3_predating,asdiv
pairs_arith_v2.csv,8802,arithmetic,gsm8k_test_0983,cal,retain,R_random,truthfulqa
pairs_arith_v2.csv,8803,arithmetic,gsm8k_test_0984,cal,remove,C0_exact,gsm8k_copy
pairs_arith_v2.csv,8804,arithmetic,gsm8k_test_0984,cal,remove,C1_transformed,lmsys_rephrase
pairs_arith_v2.csv,8805,arithmetic,gsm8k_test_0984,cal,remove,C2_answer_bearing,gsm8k_solution_frag
pairs_arith_v2.csv,8806,arithmetic,gsm8k_test_0984,cal,retain,H2_same_template,gsmplus_numerical_substitution
pairs_arith_v2.csv,8807,arithmetic,gsm8k_test_0984,cal,remove,C1_transformed,gsmplus_problem_understanding
pairs_arith_v2.csv,8808,arithmetic,gsm8k_test_0984,cal,retain,H2_same_template,gsmplus_critical_thinking
pairs_arith_v2.csv,8809,arithmetic,gsm8k_test_0984,cal,retain,H1_same_topic,svamp
pairs_arith_v2.csv,8810,arithmetic,gsm8k_test_0984,cal,retain,H3_predating,asdiv
pairs_arith_v2.csv,8811,arithmetic,gsm8k_test_0984,cal,retain,R_random,truthfulqa
pairs_arith_v2.csv,8919,arithmetic,gsm8k_test_0997,cal,remove,C0_exact,gsm8k_copy
pairs_arith_v2.csv,8920,arithmetic,gsm8k_test_0997,cal,remove,C1_transformed,lmsys_rephrase
pairs_arith_v2.csv,8921,arithmetic,gsm8k_test_0997,cal,remove,C2_answer_bearing,gsm8k_solution_frag
pairs_arith_v2.csv,8922,arithmetic,gsm8k_test_0997,cal,retain,H2_same_template,gsmplus_numerical_substitution
pairs_arith_v2.csv,8923,arithmetic,gsm8k_test_0997,cal,remove,C1_transformed,gsmplus_problem_understanding
pairs_arith_v2.csv,8924,arithmetic,gsm8k_test_0997,cal,retain,H2_same_template,gsmplus_critical_thinking
pairs_arith_v2.csv,8925,arithmetic,gsm8k_test_0997,cal,retain,H1_same_topic,svamp
pairs_arith_v2.csv,8926,arithmetic,gsm8k_test_0997,cal,retain,H3_predating,asdiv
pairs_arith_v2.csv,8927,arithmetic,gsm8k_test_0997,cal,retain,R_random,truthfulqa
pairs_arith_v2.csv,8928,arithmetic,gsm8k_test_0998,cal,remove,C0_exact,gsm8k_copy
pairs_arith_v2.csv,8929,arithmetic,gsm8k_test_0998,cal,remove,C1_transformed,lmsys_rephrase
pairs_arith_v2.csv,8930,arithmetic,gsm8k_test_0998,cal,remove,C2_answer_bearing,gsm8k_solution_frag
pairs_arith_v2.csv,8931,arithmetic,gsm8k_test_0998,cal,retain,H2_same_template,gsmplus_numerical_substitution
pairs_arith_v2.csv,8932,arithmetic,gsm8k_test_0998,cal,remove,C1_transformed,gsmplus_problem_understanding
pairs_arith_v2.csv,8933,arithmetic,gsm8k_test_0998,cal,retain,H2_same_template,gsmplus_critical_thinking
pairs_arith_v2.csv,8934,arithmetic,gsm8k_test_0998,cal,retain,H1_same_topic,svamp
pairs_arith_v2.csv,8935,arithmetic,gsm8k_test_0998,cal,retain,H3_predating,asdiv
pairs_arith_v2.csv,8936,arithmetic,gsm8k_test_0998,cal,retain,R_random,truthfulqa
pairs_arith_v2.csv,8937,arithmetic,gsm8k_test_0999,cal,remove,C0_exact,gsm8k_copy
pairs_arith_v2.csv,8938,arithmetic,gsm8k_test_0999,cal,remove,C1_transformed,lmsys_rephrase
pairs_arith_v2.csv,8939,arithmetic,gsm8k_test_0999,cal,remove,C2_answer_bearing,gsm8k_solution_frag
pairs_arith_v2.csv,8940,arithmetic,gsm8k_test_0999,cal,retain,H2_same_template,gsmplus_numerical_substitution
pairs_arith_v2.csv,8941,arithmetic,gsm8k_test_0999,cal,remove,C1_transformed,gsmplus_problem_understanding
pairs_arith_v2.csv,8942,arithmetic,gsm8k_test_0999,cal,retain,H2_same_template,gsmplus_critical_thinking
pairs_arith_v2.csv,8943,arithmetic,gsm8k_test_0999,cal,retain,H1_same_topic,svamp
pairs_arith_v2.csv,8944,arithmetic,gsm8k_test_0999,cal,retain,H3_predating,asdiv
pairs_arith_v2.csv,8945,arithmetic,gsm8k_test_0999,cal,retain,R_random,truthfulqa
pairs_arith_v2.csv,8946,arithmetic,gsm8k_test_1000,cal,remove,C0_exact,gsm8k_copy
pairs_arith_v2.csv,8947,arithmetic,gsm8k_test_1000,cal,remove,C1_transformed,lmsys_rephrase
pairs_arith_v2.csv,8948,arithmetic,gsm8k_test_1000,cal,remove,C2_answer_bearing,gsm8k_solution_frag
pairs_arith_v2.csv,8949,arithmetic,gsm8k_test_1000,cal,retain,H2_same_template,gsmplus_numerical_substitution
pairs_arith_v2.csv,8950,arithmetic,gsm8k_test_1000,cal,remove,C1_transformed,gsmplus_problem_understanding
pairs_arith_v2.csv,8951,arithmetic,gsm8k_test_1000,cal,retain,H2_same_template,gsmplus_critical_thinking
pairs_arith_v2.csv,8952,arithmetic,gsm8k_test_1000,cal,retain,H1_same_topic,svamp
pairs_arith_v2.csv,8953,arithmetic,gsm8k_test_1000,cal,retain,H3_predating,asdiv
pairs_arith_v2.csv,8954,arithmetic,gsm8k_test_1000,cal,retain,R_random,truthfulqa
pairs_arith_v2.csv,8964,arithmetic,gsm8k_test_1002,cal,remove,C0_exact,gsm8k_copy
pairs_arith_v2.csv,8965,arithmetic,gsm8k_test_1002,cal,remove,C1_transformed,lmsys_rephrase
pairs_arith_v2.csv,8966,arithmetic,gsm8k_test_1002,cal,remove,C2_answer_bearing,gsm8k_solution_frag
pairs_arith_v2.csv,8967,arithmetic,gsm8k_test_1002,cal,remove,C1_transformed,gsmplus_problem_understanding
pairs_arith_v2.csv,8968,arithmetic,gsm8k_test_1002,cal,retain,H2_same_template,gsmplus_critical_thinking
pairs_arith_v2.csv,8969,arithmetic,gsm8k_test_1002,cal,retain,H1_same_topic,svamp
pairs_arith_v2.csv,8970,arithmetic,gsm8k_test_1002,cal,retain,H3_predating,asdiv
pairs_arith_v2.csv,8971,arithmetic,gsm8k_test_1002,cal,retain,R_random,truthfulqa
pairs_arith_v2.csv,8999,arithmetic,gsm8k_test_1006,cal,remove,C0_exact,gsm8k_copy
pairs_arith_v2.csv,9000,arithmetic,gsm8k_test_1006,cal,remove,C1_transformed,lmsys_rephrase
pairs_arith_v2.csv,9001,arithmetic,gsm8k_test_1006,cal,remove,C2_answer_bearing,gsm8k_solution_frag
pairs_arith_v2.csv,9002,arithmetic,gsm8k_test_1006,cal,retain,H2_same_template,gsmplus_numerical_substitution
pairs_arith_v2.csv,9003,arithmetic,gsm8k_test_1006,cal,remove,C1_transformed,gsmplus_problem_understanding
pairs_arith_v2.csv,9004,arithmetic,gsm8k_test_1006,cal,retain,H2_same_template,gsmplus_critical_thinking
pairs_arith_v2.csv,9005,arithmetic,gsm8k_test_1006,cal,retain,H1_same_topic,svamp
pairs_arith_v2.csv,9006,arithmetic,gsm8k_test_1006,cal,retain,H3_predating,asdiv
pairs_arith_v2.csv,9007,arithmetic,gsm8k_test_1006,cal,retain,R_random,truthfulqa
pairs_arith_v2.csv,9044,arithmetic,gsm8k_test_1011,cal,remove,C0_exact,gsm8k_copy
pairs_arith_v2.csv,9045,arithmetic,gsm8k_test_1011,cal,remove,C1_transformed,lmsys_rephrase
pairs_arith_v2.csv,9046,arithmetic,gsm8k_test_1011,cal,remove,C2_answer_bearing,gsm8k_solution_frag
pairs_arith_v2.csv,9047,arithmetic,gsm8k_test_1011,cal,retain,H2_same_template,gsmplus_numerical_substitution
pairs_arith_v2.csv,9048,arithmetic,gsm8k_test_1011,cal,remove,C1_transformed,gsmplus_problem_understanding
pairs_arith_v2.csv,9049,arithmetic,gsm8k_test_1011,cal,retain,H2_same_template,gsmplus_critical_thinking
pairs_arith_v2.csv,9050,arithmetic,gsm8k_test_1011,cal,retain,H1_same_topic,svamp
pairs_arith_v2.csv,9051,arithmetic,gsm8k_test_1011,cal,retain,H3_predating,asdiv
pairs_arith_v2.csv,9052,arithmetic,gsm8k_test_1011,cal,retain,R_random,truthfulqa
pairs_arith_v2.csv,9062,arithmetic,gsm8k_test_1013,cal,remove,C0_exact,gsm8k_copy
pairs_arith_v2.csv,9063,arithmetic,gsm8k_test_1013,cal,remove,C1_transformed,lmsys_rephrase
pairs_arith_v2.csv,9064,arithmetic,gsm8k_test_1013,cal,remove,C2_answer_bearing,gsm8k_solution_frag
pairs_arith_v2.csv,9065,arithmetic,gsm8k_test_1013,cal,retain,H2_same_template,gsmplus_numerical_substitution
pairs_arith_v2.csv,9066,arithmetic,gsm8k_test_1013,cal,remove,C1_transformed,gsmplus_problem_understanding
pairs_arith_v2.csv,9067,arithmetic,gsm8k_test_1013,cal,retain,H2_same_template,gsmplus_critical_thinking
pairs_arith_v2.csv,9068,arithmetic,gsm8k_test_1013,cal,retain,H1_same_topic,svamp
pairs_arith_v2.csv,9069,arithmetic,gsm8k_test_1013,cal,retain,H3_predating,asdiv
pairs_arith_v2.csv,9070,arithmetic,gsm8k_test_1013,cal,retain,R_random,truthfulqa
pairs_arith_v2.csv,9080,arithmetic,gsm8k_test_1015,cal,remove,C0_exact,gsm8k_copy
pairs_arith_v2.csv,9081,arithmetic,gsm8k_test_1015,cal,remove,C1_transformed,lmsys_rephrase
pairs_arith_v2.csv,9082,arithmetic,gsm8k_test_1015,cal,remove,C2_answer_bearing,gsm8k_solution_frag
pairs_arith_v2.csv,9083,arithmetic,gsm8k_test_1015,cal,retain,H2_same_template,gsmplus_numerical_substitution
pairs_arith_v2.csv,9084,arithmetic,gsm8k_test_1015,cal,remove,C1_transformed,gsmplus_problem_understanding
pairs_arith_v2.csv,9085,arithmetic,gsm8k_test_1015,cal,retain,H2_same_template,gsmplus_critical_thinking
pairs_arith_v2.csv,9086,arithmetic,gsm8k_test_1015,cal,retain,H1_same_topic,svamp
pairs_arith_v2.csv,9087,arithmetic,gsm8k_test_1015,cal,retain,H3_predating,asdiv
pairs_arith_v2.csv,9088,arithmetic,gsm8k_test_1015,cal,retain,R_random,truthfulqa
pairs_arith_v2.csv,9098,arithmetic,gsm8k_test_1017,cal,remove,C0_exact,gsm8k_copy
pairs_arith_v2.csv,9099,arithmetic,gsm8k_test_1017,cal,remove,C1_transformed,lmsys_rephrase
pairs_arith_v2.csv,9100,arithmetic,gsm8k_test_1017,cal,remove,C2_answer_bearing,gsm8k_solution_frag
pairs_arith_v2.csv,9101,arithmetic,gsm8k_test_1017,cal,retain,H2_same_template,gsmplus_numerical_substitution
pairs_arith_v2.csv,9102,arithmetic,gsm8k_test_1017,cal,remove,C1_transformed,gsmplus_problem_understanding
pairs_arith_v2.csv,9103,arithmetic,gsm8k_test_1017,cal,retain,H2_same_template,gsmplus_critical_thinking
pairs_arith_v2.csv,9104,arithmetic,gsm8k_test_1017,cal,retain,H1_same_topic,svamp
pairs_arith_v2.csv,9105,arithmetic,gsm8k_test_1017,cal,retain,H3_predating,asdiv
pairs_arith_v2.csv,9106,arithmetic,gsm8k_test_1017,cal,retain,R_random,truthfulqa
pairs_arith_v2.csv,9152,arithmetic,gsm8k_test_1023,cal,remove,C0_exact,gsm8k_copy
pairs_arith_v2.csv,9153,arithmetic,gsm8k_test_1023,cal,remove,C1_transformed,lmsys_rephrase
pairs_arith_v2.csv,9154,arithmetic,gsm8k_test_1023,cal,remove,C2_answer_bearing,gsm8k_solution_frag
pairs_arith_v2.csv,9155,arithmetic,gsm8k_test_1023,cal,retain,H2_same_template,gsmplus_numerical_substitution
pairs_arith_v2.csv,9156,arithmetic,gsm8k_test_1023,cal,remove,C1_transformed,gsmplus_problem_understanding
pairs_arith_v2.csv,9157,arithmetic,gsm8k_test_1023,cal,retain,H2_same_template,gsmplus_critical_thinking
pairs_arith_v2.csv,9158,arithmetic,gsm8k_test_1023,cal,retain,H1_same_topic,svamp
pairs_arith_v2.csv,9159,arithmetic,gsm8k_test_1023,cal,retain,H3_predating,asdiv
pairs_arith_v2.csv,9160,arithmetic,gsm8k_test_1023,cal,retain,R_random,truthfulqa
pairs_arith_v2.csv,9206,arithmetic,gsm8k_test_1029,cal,remove,C0_exact,gsm8k_copy
pairs_arith_v2.csv,9207,arithmetic,gsm8k_test_1029,cal,remove,C1_transformed,lmsys_rephrase
pairs_arith_v2.csv,9208,arithmetic,gsm8k_test_1029,cal,remove,C2_answer_bearing,gsm8k_solution_frag
pairs_arith_v2.csv,9209,arithmetic,gsm8k_test_1029,cal,retain,H2_same_template,gsmplus_numerical_substitution
pairs_arith_v2.csv,9210,arithmetic,gsm8k_test_1029,cal,remove,C1_transformed,gsmplus_problem_understanding
pairs_arith_v2.csv,9211,arithmetic,gsm8k_test_1029,cal,retain,H2_same_template,gsmplus_critical_thinking
pairs_arith_v2.csv,9212,arithmetic,gsm8k_test_1029,cal,retain,H1_same_topic,svamp
pairs_arith_v2.csv,9213,arithmetic,gsm8k_test_1029,cal,retain,H3_predating,asdiv
pairs_arith_v2.csv,9214,arithmetic,gsm8k_test_1029,cal,retain,R_random,truthfulqa
pairs_arith_v2.csv,9260,arithmetic,gsm8k_test_1035,cal,remove,C0_exact,gsm8k_copy
pairs_arith_v2.csv,9261,arithmetic,gsm8k_test_1035,cal,remove,C1_transformed,lmsys_rephrase
pairs_arith_v2.csv,9262,arithmetic,gsm8k_test_1035,cal,remove,C2_answer_bearing,gsm8k_solution_frag
pairs_arith_v2.csv,9263,arithmetic,gsm8k_test_1035,cal,retain,H2_same_template,gsmplus_numerical_substitution
pairs_arith_v2.csv,9264,arithmetic,gsm8k_test_1035,cal,remove,C1_transformed,gsmplus_problem_understanding
pairs_arith_v2.csv,9265,arithmetic,gsm8k_test_1035,cal,retain,H2_same_template,gsmplus_critical_thinking
pairs_arith_v2.csv,9266,arithmetic,gsm8k_test_1035,cal,retain,H1_same_topic,svamp
pairs_arith_v2.csv,9267,arithmetic,gsm8k_test_1035,cal,retain,H3_predating,asdiv
pairs_arith_v2.csv,9268,arithmetic,gsm8k_test_1035,cal,retain,R_random,truthfulqa
pairs_arith_v2.csv,9314,arithmetic,gsm8k_test_1041,cal,remove,C0_exact,gsm8k_copy
pairs_arith_v2.csv,9315,arithmetic,gsm8k_test_1041,cal,remove,C1_transformed,lmsys_rephrase
pairs_arith_v2.csv,9316,arithmetic,gsm8k_test_1041,cal,remove,C2_answer_bearing,gsm8k_solution_frag
pairs_arith_v2.csv,9317,arithmetic,gsm8k_test_1041,cal,retain,H2_same_template,gsmplus_numerical_substitution
pairs_arith_v2.csv,9318,arithmetic,gsm8k_test_1041,cal,remove,C1_transformed,gsmplus_problem_understanding
pairs_arith_v2.csv,9319,arithmetic,gsm8k_test_1041,cal,retain,H2_same_template,gsmplus_critical_thinking
pairs_arith_v2.csv,9320,arithmetic,gsm8k_test_1041,cal,retain,H1_same_topic,svamp
pairs_arith_v2.csv,9321,arithmetic,gsm8k_test_1041,cal,retain,H3_predating,asdiv
pairs_arith_v2.csv,9322,arithmetic,gsm8k_test_1041,cal,retain,R_random,truthfulqa
pairs_arith_v2.csv,9323,arithmetic,gsm8k_test_1042,cal,remove,C0_exact,gsm8k_copy
pairs_arith_v2.csv,9324,arithmetic,gsm8k_test_1042,cal,remove,C1_transformed,lmsys_rephrase
pairs_arith_v2.csv,9325,arithmetic,gsm8k_test_1042,cal,remove,C2_answer_bearing,gsm8k_solution_frag
pairs_arith_v2.csv,9326,arithmetic,gsm8k_test_1042,cal,retain,H2_same_template,gsmplus_numerical_substitution
pairs_arith_v2.csv,9327,arithmetic,gsm8k_test_1042,cal,remove,C1_transformed,gsmplus_problem_understanding
pairs_arith_v2.csv,9328,arithmetic,gsm8k_test_1042,cal,retain,H2_same_template,gsmplus_critical_thinking
pairs_arith_v2.csv,9329,arithmetic,gsm8k_test_1042,cal,retain,H1_same_topic,svamp
pairs_arith_v2.csv,9330,arithmetic,gsm8k_test_1042,cal,retain,H3_predating,asdiv
pairs_arith_v2.csv,9331,arithmetic,gsm8k_test_1042,cal,retain,R_random,truthfulqa
pairs_arith_v2.csv,9367,arithmetic,gsm8k_test_1047,cal,remove,C0_exact,gsm8k_copy
pairs_arith_v2.csv,9368,arithmetic,gsm8k_test_1047,cal,remove,C1_transformed,lmsys_rephrase
pairs_arith_v2.csv,9369,arithmetic,gsm8k_test_1047,cal,remove,C2_answer_bearing,gsm8k_solution_frag
pairs_arith_v2.csv,9370,arithmetic,gsm8k_test_1047,cal,retain,H2_same_template,gsmplus_numerical_substitution
pairs_arith_v2.csv,9371,arithmetic,gsm8k_test_1047,cal,remove,C1_transformed,gsmplus_problem_understanding
pairs_arith_v2.csv,9372,arithmetic,gsm8k_test_1047,cal,retain,H2_same_template,gsmplus_critical_thinking
pairs_arith_v2.csv,9373,arithmetic,gsm8k_test_1047,cal,retain,H1_same_topic,svamp
pairs_arith_v2.csv,9374,arithmetic,gsm8k_test_1047,cal,retain,H3_predating,asdiv
pairs_arith_v2.csv,9375,arithmetic,gsm8k_test_1047,cal,retain,R_random,truthfulqa
pairs_arith_v2.csv,9376,arithmetic,gsm8k_test_1048,cal,remove,C0_exact,gsm8k_copy
pairs_arith_v2.csv,9377,arithmetic,gsm8k_test_1048,cal,remove,C1_transformed,lmsys_rephrase
pairs_arith_v2.csv,9378,arithmetic,gsm8k_test_1048,cal,remove,C2_answer_bearing,gsm8k_solution_frag
pairs_arith_v2.csv,9379,arithmetic,gsm8k_test_1048,cal,retain,H2_same_template,gsmplus_numerical_substitution
pairs_arith_v2.csv,9380,arithmetic,gsm8k_test_1048,cal,remove,C1_transformed,gsmplus_problem_understanding
pairs_arith_v2.csv,9381,arithmetic,gsm8k_test_1048,cal,retain,H2_same_template,gsmplus_critical_thinking
pairs_arith_v2.csv,9382,arithmetic,gsm8k_test_1048,cal,retain,H1_same_topic,svamp
pairs_arith_v2.csv,9383,arithmetic,gsm8k_test_1048,cal,retain,H3_predating,asdiv
pairs_arith_v2.csv,9384,arithmetic,gsm8k_test_1048,cal,retain,R_random,truthfulqa
pairs_arith_v2.csv,9412,arithmetic,gsm8k_test_1052,cal,remove,C0_exact,gsm8k_copy
pairs_arith_v2.csv,9413,arithmetic,gsm8k_test_1052,cal,remove,C1_transformed,lmsys_rephrase
pairs_arith_v2.csv,9414,arithmetic,gsm8k_test_1052,cal,remove,C2_answer_bearing,gsm8k_solution_frag
pairs_arith_v2.csv,9415,arithmetic,gsm8k_test_1052,cal,retain,H2_same_template,gsmplus_numerical_substitution
pairs_arith_v2.csv,9416,arithmetic,gsm8k_test_1052,cal,remove,C1_transformed,gsmplus_problem_understanding
pairs_arith_v2.csv,9417,arithmetic,gsm8k_test_1052,cal,retain,H2_same_template,gsmplus_critical_thinking
pairs_arith_v2.csv,9418,arithmetic,gsm8k_test_1052,cal,retain,H1_same_topic,svamp
pairs_arith_v2.csv,9419,arithmetic,gsm8k_test_1052,cal,retain,H3_predating,asdiv
pairs_arith_v2.csv,9420,arithmetic,gsm8k_test_1052,cal,retain,R_random,truthfulqa
pairs_arith_v2.csv,9439,arithmetic,gsm8k_test_1055,cal,remove,C0_exact,gsm8k_copy
pairs_arith_v2.csv,9440,arithmetic,gsm8k_test_1055,cal,remove,C1_transformed,lmsys_rephrase
pairs_arith_v2.csv,9441,arithmetic,gsm8k_test_1055,cal,remove,C2_answer_bearing,gsm8k_solution_frag
pairs_arith_v2.csv,9442,arithmetic,gsm8k_test_1055,cal,retain,H2_same_template,gsmplus_numerical_substitution
pairs_arith_v2.csv,9443,arithmetic,gsm8k_test_1055,cal,remove,C1_transformed,gsmplus_problem_understanding
pairs_arith_v2.csv,9444,arithmetic,gsm8k_test_1055,cal,retain,H2_same_template,gsmplus_critical_thinking
pairs_arith_v2.csv,9445,arithmetic,gsm8k_test_1055,cal,retain,H1_same_topic,svamp
pairs_arith_v2.csv,9446,arithmetic,gsm8k_test_1055,cal,retain,H3_predating,asdiv
pairs_arith_v2.csv,9447,arithmetic,gsm8k_test_1055,cal,retain,R_random,truthfulqa
pairs_arith_v2.csv,9456,arithmetic,gsm8k_test_1057,cal,remove,C0_exact,gsm8k_copy
pairs_arith_v2.csv,9457,arithmetic,gsm8k_test_1057,cal,remove,C1_transformed,lmsys_rephrase
pairs_arith_v2.csv,9458,arithmetic,gsm8k_test_1057,cal,remove,C2_answer_bearing,gsm8k_solution_frag
pairs_arith_v2.csv,9459,arithmetic,gsm8k_test_1057,cal,retain,H2_same_template,gsmplus_numerical_substitution
pairs_arith_v2.csv,9460,arithmetic,gsm8k_test_1057,cal,remove,C1_transformed,gsmplus_problem_understanding
pairs_arith_v2.csv,9461,arithmetic,gsm8k_test_1057,cal,retain,H2_same_template,gsmplus_critical_thinking
pairs_arith_v2.csv,9462,arithmetic,gsm8k_test_1057,cal,retain,H1_same_topic,svamp
pairs_arith_v2.csv,9463,arithmetic,gsm8k_test_1057,cal,retain,H3_predating,asdiv
pairs_arith_v2.csv,9464,arithmetic,gsm8k_test_1057,cal,retain,R_random,truthfulqa
pairs_arith_v2.csv,9465,arithmetic,gsm8k_test_1058,cal,remove,C0_exact,gsm8k_copy
pairs_arith_v2.csv,9466,arithmetic,gsm8k_test_1058,cal,remove,C1_transformed,lmsys_rephrase
pairs_arith_v2.csv,9467,arithmetic,gsm8k_test_1058,cal,remove,C2_answer_bearing,gsm8k_solution_frag
pairs_arith_v2.csv,9468,arithmetic,gsm8k_test_1058,cal,retain,H2_same_template,gsmplus_numerical_substitution
pairs_arith_v2.csv,9469,arithmetic,gsm8k_test_1058,cal,remove,C1_transformed,gsmplus_problem_understanding
pairs_arith_v2.csv,9470,arithmetic,gsm8k_test_1058,cal,retain,H2_same_template,gsmplus_critical_thinking
pairs_arith_v2.csv,9471,arithmetic,gsm8k_test_1058,cal,retain,H1_same_topic,svamp
pairs_arith_v2.csv,9472,arithmetic,gsm8k_test_1058,cal,retain,H3_predating,asdiv
pairs_arith_v2.csv,9473,arithmetic,gsm8k_test_1058,cal,retain,R_random,truthfulqa
pairs_arith_v2.csv,9491,arithmetic,gsm8k_test_1061,cal,remove,C0_exact,gsm8k_copy
pairs_arith_v2.csv,9492,arithmetic,gsm8k_test_1061,cal,remove,C1_transformed,lmsys_rephrase
pairs_arith_v2.csv,9493,arithmetic,gsm8k_test_1061,cal,remove,C2_answer_bearing,gsm8k_solution_frag
pairs_arith_v2.csv,9494,arithmetic,gsm8k_test_1061,cal,retain,H2_same_template,gsmplus_numerical_substitution
pairs_arith_v2.csv,9495,arithmetic,gsm8k_test_1061,cal,remove,C1_transformed,gsmplus_problem_understanding
pairs_arith_v2.csv,9496,arithmetic,gsm8k_test_1061,cal,retain,H2_same_template,gsmplus_critical_thinking
pairs_arith_v2.csv,9497,arithmetic,gsm8k_test_1061,cal,retain,H1_same_topic,svamp
pairs_arith_v2.csv,9498,arithmetic,gsm8k_test_1061,cal,retain,H3_predating,asdiv
pairs_arith_v2.csv,9499,arithmetic,gsm8k_test_1061,cal,retain,R_random,truthfulqa
pairs_arith_v2.csv,9500,arithmetic,gsm8k_test_1062,cal,remove,C0_exact,gsm8k_copy
pairs_arith_v2.csv,9501,arithmetic,gsm8k_test_1062,cal,remove,C1_transformed,lmsys_rephrase
pairs_arith_v2.csv,9502,arithmetic,gsm8k_test_1062,cal,remove,C2_answer_bearing,gsm8k_solution_frag
pairs_arith_v2.csv,9503,arithmetic,gsm8k_test_1062,cal,retain,H2_same_template,gsmplus_numerical_substitution
pairs_arith_v2.csv,9504,arithmetic,gsm8k_test_1062,cal,remove,C1_transformed,gsmplus_problem_understanding
pairs_arith_v2.csv,9505,arithmetic,gsm8k_test_1062,cal,retain,H2_same_template,gsmplus_critical_thinking
pairs_arith_v2.csv,9506,arithmetic,gsm8k_test_1062,cal,retain,H1_same_topic,svamp
pairs_arith_v2.csv,9507,arithmetic,gsm8k_test_1062,cal,retain,H3_predating,asdiv
pairs_arith_v2.csv,9508,arithmetic,gsm8k_test_1062,cal,retain,R_random,truthfulqa
pairs_arith_v2.csv,9509,arithmetic,gsm8k_test_1063,cal,remove,C0_exact,gsm8k_copy
pairs_arith_v2.csv,9510,arithmetic,gsm8k_test_1063,cal,remove,C1_transformed,lmsys_rephrase
pairs_arith_v2.csv,9511,arithmetic,gsm8k_test_1063,cal,remove,C2_answer_bearing,gsm8k_solution_frag
pairs_arith_v2.csv,9512,arithmetic,gsm8k_test_1063,cal,retain,H2_same_template,gsmplus_numerical_substitution
pairs_arith_v2.csv,9513,arithmetic,gsm8k_test_1063,cal,remove,C1_transformed,gsmplus_problem_understanding
pairs_arith_v2.csv,9514,arithmetic,gsm8k_test_1063,cal,retain,H2_same_template,gsmplus_critical_thinking
pairs_arith_v2.csv,9515,arithmetic,gsm8k_test_1063,cal,retain,H1_same_topic,svamp
pairs_arith_v2.csv,9516,arithmetic,gsm8k_test_1063,cal,retain,H3_predating,asdiv
pairs_arith_v2.csv,9517,arithmetic,gsm8k_test_1063,cal,retain,R_random,truthfulqa
pairs_arith_v2.csv,9518,arithmetic,gsm8k_test_1064,cal,remove,C0_exact,gsm8k_copy
pairs_arith_v2.csv,9519,arithmetic,gsm8k_test_1064,cal,remove,C1_transformed,lmsys_rephrase
pairs_arith_v2.csv,9520,arithmetic,gsm8k_test_1064,cal,remove,C2_answer_bearing,gsm8k_solution_frag
pairs_arith_v2.csv,9521,arithmetic,gsm8k_test_1064,cal,retain,H2_same_template,gsmplus_numerical_substitution
pairs_arith_v2.csv,9522,arithmetic,gsm8k_test_1064,cal,remove,C1_transformed,gsmplus_problem_understanding
pairs_arith_v2.csv,9523,arithmetic,gsm8k_test_1064,cal,retain,H2_same_template,gsmplus_critical_thinking
pairs_arith_v2.csv,9524,arithmetic,gsm8k_test_1064,cal,retain,H1_same_topic,svamp
pairs_arith_v2.csv,9525,arithmetic,gsm8k_test_1064,cal,retain,H3_predating,asdiv
pairs_arith_v2.csv,9526,arithmetic,gsm8k_test_1064,cal,retain,R_random,truthfulqa
pairs_arith_v2.csv,9545,arithmetic,gsm8k_test_1067,cal,remove,C0_exact,gsm8k_copy
pairs_arith_v2.csv,9546,arithmetic,gsm8k_test_1067,cal,remove,C1_transformed,lmsys_rephrase
pairs_arith_v2.csv,9547,arithmetic,gsm8k_test_1067,cal,remove,C2_answer_bearing,gsm8k_solution_frag
pairs_arith_v2.csv,9548,arithmetic,gsm8k_test_1067,cal,retain,H2_same_template,gsmplus_numerical_substitution
pairs_arith_v2.csv,9549,arithmetic,gsm8k_test_1067,cal,remove,C1_transformed,gsmplus_problem_understanding
pairs_arith_v2.csv,9550,arithmetic,gsm8k_test_1067,cal,retain,H2_same_template,gsmplus_critical_thinking
pairs_arith_v2.csv,9551,arithmetic,gsm8k_test_1067,cal,retain,H1_same_topic,svamp
pairs_arith_v2.csv,9552,arithmetic,gsm8k_test_1067,cal,retain,H3_predating,asdiv
pairs_arith_v2.csv,9553,arithmetic,gsm8k_test_1067,cal,retain,R_random,truthfulqa
pairs_arith_v2.csv,9634,arithmetic,gsm8k_test_1077,cal,remove,C0_exact,gsm8k_copy
pairs_arith_v2.csv,9635,arithmetic,gsm8k_test_1077,cal,remove,C1_transformed,lmsys_rephrase
pairs_arith_v2.csv,9636,arithmetic,gsm8k_test_1077,cal,remove,C2_answer_bearing,gsm8k_solution_frag
pairs_arith_v2.csv,9637,arithmetic,gsm8k_test_1077,cal,retain,H2_same_template,gsmplus_numerical_substitution
pairs_arith_v2.csv,9638,arithmetic,gsm8k_test_1077,cal,remove,C1_transformed,gsmplus_problem_understanding
pairs_arith_v2.csv,9639,arithmetic,gsm8k_test_1077,cal,retain,H2_same_template,gsmplus_critical_thinking
pairs_arith_v2.csv,9640,arithmetic,gsm8k_test_1077,cal,retain,H1_same_topic,svamp
pairs_arith_v2.csv,9641,arithmetic,gsm8k_test_1077,cal,retain,H3_predating,asdiv
pairs_arith_v2.csv,9642,arithmetic,gsm8k_test_1077,cal,retain,R_random,truthfulqa
pairs_arith_v2.csv,9661,arithmetic,gsm8k_test_1080,cal,remove,C0_exact,gsm8k_copy
pairs_arith_v2.csv,9662,arithmetic,gsm8k_test_1080,cal,remove,C1_transformed,lmsys_rephrase
pairs_arith_v2.csv,9663,arithmetic,gsm8k_test_1080,cal,remove,C2_answer_bearing,gsm8k_solution_frag
pairs_arith_v2.csv,9664,arithmetic,gsm8k_test_1080,cal,retain,H2_same_template,gsmplus_numerical_substitution
pairs_arith_v2.csv,9665,arithmetic,gsm8k_test_1080,cal,remove,C1_transformed,gsmplus_problem_understanding
pairs_arith_v2.csv,9666,arithmetic,gsm8k_test_1080,cal,retain,H2_same_template,gsmplus_critical_thinking
pairs_arith_v2.csv,9667,arithmetic,gsm8k_test_1080,cal,retain,H1_same_topic,svamp
pairs_arith_v2.csv,9668,arithmetic,gsm8k_test_1080,cal,retain,H3_predating,asdiv
pairs_arith_v2.csv,9669,arithmetic,gsm8k_test_1080,cal,retain,R_random,truthfulqa
pairs_arith_v2.csv,9706,arithmetic,gsm8k_test_1085,cal,remove,C0_exact,gsm8k_copy
pairs_arith_v2.csv,9707,arithmetic,gsm8k_test_1085,cal,remove,C1_transformed,lmsys_rephrase
pairs_arith_v2.csv,9708,arithmetic,gsm8k_test_1085,cal,remove,C2_answer_bearing,gsm8k_solution_frag
pairs_arith_v2.csv,9709,arithmetic,gsm8k_test_1085,cal,retain,H2_same_template,gsmplus_numerical_substitution
pairs_arith_v2.csv,9710,arithmetic,gsm8k_test_1085,cal,remove,C1_transformed,gsmplus_problem_understanding
pairs_arith_v2.csv,9711,arithmetic,gsm8k_test_1085,cal,retain,H2_same_template,gsmplus_critical_thinking
pairs_arith_v2.csv,9712,arithmetic,gsm8k_test_1085,cal,retain,H1_same_topic,svamp
pairs_arith_v2.csv,9713,arithmetic,gsm8k_test_1085,cal,retain,H3_predating,asdiv
pairs_arith_v2.csv,9714,arithmetic,gsm8k_test_1085,cal,retain,R_random,truthfulqa
pairs_arith_v2.csv,9733,arithmetic,gsm8k_test_1088,cal,remove,C0_exact,gsm8k_copy
pairs_arith_v2.csv,9734,arithmetic,gsm8k_test_1088,cal,remove,C1_transformed,lmsys_rephrase
pairs_arith_v2.csv,9735,arithmetic,gsm8k_test_1088,cal,remove,C2_answer_bearing,gsm8k_solution_frag
pairs_arith_v2.csv,9736,arithmetic,gsm8k_test_1088,cal,retain,H2_same_template,gsmplus_numerical_substitution
pairs_arith_v2.csv,9737,arithmetic,gsm8k_test_1088,cal,remove,C1_transformed,gsmplus_problem_understanding
pairs_arith_v2.csv,9738,arithmetic,gsm8k_test_1088,cal,retain,H2_same_template,gsmplus_critical_thinking
pairs_arith_v2.csv,9739,arithmetic,gsm8k_test_1088,cal,retain,H1_same_topic,svamp
pairs_arith_v2.csv,9740,arithmetic,gsm8k_test_1088,cal,retain,H3_predating,asdiv
pairs_arith_v2.csv,9741,arithmetic,gsm8k_test_1088,cal,retain,R_random,truthfulqa
pairs_arith_v2.csv,9823,arithmetic,gsm8k_test_1098,cal,remove,C0_exact,gsm8k_copy
pairs_arith_v2.csv,9824,arithmetic,gsm8k_test_1098,cal,remove,C1_transformed,lmsys_rephrase
pairs_arith_v2.csv,9825,arithmetic,gsm8k_test_1098,cal,remove,C2_answer_bearing,gsm8k_solution_frag
pairs_arith_v2.csv,9826,arithmetic,gsm8k_test_1098,cal,retain,H2_same_template,gsmplus_numerical_substitution
pairs_arith_v2.csv,9827,arithmetic,gsm8k_test_1098,cal,remove,C1_transformed,gsmplus_problem_understanding
pairs_arith_v2.csv,9828,arithmetic,gsm8k_test_1098,cal,retain,H2_same_template,gsmplus_critical_thinking
pairs_arith_v2.csv,9829,arithmetic,gsm8k_test_1098,cal,retain,H1_same_topic,svamp
pairs_arith_v2.csv,9830,arithmetic,gsm8k_test_1098,cal,retain,H3_predating,asdiv
pairs_arith_v2.csv,9831,arithmetic,gsm8k_test_1098,cal,retain,R_random,truthfulqa
pairs_arith_v2.csv,9832,arithmetic,gsm8k_test_1099,cal,remove,C0_exact,gsm8k_copy
pairs_arith_v2.csv,9833,arithmetic,gsm8k_test_1099,cal,remove,C1_transformed,lmsys_rephrase
pairs_arith_v2.csv,9834,arithmetic,gsm8k_test_1099,cal,remove,C2_answer_bearing,gsm8k_solution_frag
pairs_arith_v2.csv,9835,arithmetic,gsm8k_test_1099,cal,retain,H2_same_template,gsmplus_numerical_substitution
pairs_arith_v2.csv,9836,arithmetic,gsm8k_test_1099,cal,remove,C1_transformed,gsmplus_problem_understanding
pairs_arith_v2.csv,9837,arithmetic,gsm8k_test_1099,cal,retain,H2_same_template,gsmplus_critical_thinking
pairs_arith_v2.csv,9838,arithmetic,gsm8k_test_1099,cal,retain,H1_same_topic,svamp
pairs_arith_v2.csv,9839,arithmetic,gsm8k_test_1099,cal,retain,H3_predating,asdiv
pairs_arith_v2.csv,9840,arithmetic,gsm8k_test_1099,cal,retain,R_random,truthfulqa
pairs_arith_v2.csv,9859,arithmetic,gsm8k_test_1102,cal,remove,C0_exact,gsm8k_copy
pairs_arith_v2.csv,9860,arithmetic,gsm8k_test_1102,cal,remove,C1_transformed,lmsys_rephrase
pairs_arith_v2.csv,9861,arithmetic,gsm8k_test_1102,cal,remove,C2_answer_bearing,gsm8k_solution_frag
pairs_arith_v2.csv,9862,arithmetic,gsm8k_test_1102,cal,retain,H2_same_template,gsmplus_numerical_substitution
pairs_arith_v2.csv,9863,arithmetic,gsm8k_test_1102,cal,remove,C1_transformed,gsmplus_problem_understanding
pairs_arith_v2.csv,9864,arithmetic,gsm8k_test_1102,cal,retain,H2_same_template,gsmplus_critical_thinking
pairs_arith_v2.csv,9865,arithmetic,gsm8k_test_1102,cal,retain,H1_same_topic,svamp
pairs_arith_v2.csv,9866,arithmetic,gsm8k_test_1102,cal,retain,H3_predating,asdiv
pairs_arith_v2.csv,9867,arithmetic,gsm8k_test_1102,cal,retain,R_random,truthfulqa
pairs_arith_v2.csv,9877,arithmetic,gsm8k_test_1104,cal,remove,C0_exact,gsm8k_copy
pairs_arith_v2.csv,9878,arithmetic,gsm8k_test_1104,cal,remove,C1_transformed,lmsys_rephrase
pairs_arith_v2.csv,9879,arithmetic,gsm8k_test_1104,cal,remove,C2_answer_bearing,gsm8k_solution_frag
pairs_arith_v2.csv,9880,arithmetic,gsm8k_test_1104,cal,retain,H2_same_template,gsmplus_numerical_substitution
pairs_arith_v2.csv,9881,arithmetic,gsm8k_test_1104,cal,remove,C1_transformed,gsmplus_problem_understanding
pairs_arith_v2.csv,9882,arithmetic,gsm8k_test_1104,cal,retain,H2_same_template,gsmplus_critical_thinking
pairs_arith_v2.csv,9883,arithmetic,gsm8k_test_1104,cal,retain,H1_same_topic,svamp
pairs_arith_v2.csv,9884,arithmetic,gsm8k_test_1104,cal,retain,H3_predating,asdiv
pairs_arith_v2.csv,9885,arithmetic,gsm8k_test_1104,cal,retain,R_random,truthfulqa
pairs_arith_v2.csv,9904,arithmetic,gsm8k_test_1107,cal,remove,C0_exact,gsm8k_copy
pairs_arith_v2.csv,9905,arithmetic,gsm8k_test_1107,cal,remove,C1_transformed,lmsys_rephrase
pairs_arith_v2.csv,9906,arithmetic,gsm8k_test_1107,cal,remove,C2_answer_bearing,gsm8k_solution_frag
pairs_arith_v2.csv,9907,arithmetic,gsm8k_test_1107,cal,retain,H2_same_template,gsmplus_numerical_substitution
pairs_arith_v2.csv,9908,arithmetic,gsm8k_test_1107,cal,remove,C1_transformed,gsmplus_problem_understanding
pairs_arith_v2.csv,9909,arithmetic,gsm8k_test_1107,cal,retain,H2_same_template,gsmplus_critical_thinking
pairs_arith_v2.csv,9910,arithmetic,gsm8k_test_1107,cal,retain,H1_same_topic,svamp
pairs_arith_v2.csv,9911,arithmetic,gsm8k_test_1107,cal,retain,H3_predating,asdiv
pairs_arith_v2.csv,9912,arithmetic,gsm8k_test_1107,cal,retain,R_random,truthfulqa
pairs_arith_v2.csv,9921,arithmetic,gsm8k_test_1109,cal,remove,C0_exact,gsm8k_copy
pairs_arith_v2.csv,9922,arithmetic,gsm8k_test_1109,cal,remove,C1_transformed,lmsys_rephrase
pairs_arith_v2.csv,9923,arithmetic,gsm8k_test_1109,cal,remove,C2_answer_bearing,gsm8k_solution_frag
pairs_arith_v2.csv,9924,arithmetic,gsm8k_test_1109,cal,retain,H2_same_template,gsmplus_numerical_substitution
pairs_arith_v2.csv,9925,arithmetic,gsm8k_test_1109,cal,remove,C1_transformed,gsmplus_problem_understanding
pairs_arith_v2.csv,9926,arithmetic,gsm8k_test_1109,cal,retain,H2_same_template,gsmplus_critical_thinking
pairs_arith_v2.csv,9927,arithmetic,gsm8k_test_1109,cal,retain,H1_same_topic,svamp
pairs_arith_v2.csv,9928,arithmetic,gsm8k_test_1109,cal,retain,H3_predating,asdiv
pairs_arith_v2.csv,9929,arithmetic,gsm8k_test_1109,cal,retain,R_random,truthfulqa
pairs_arith_v2.csv,9957,arithmetic,gsm8k_test_1113,cal,remove,C0_exact,gsm8k_copy
pairs_arith_v2.csv,9958,arithmetic,gsm8k_test_1113,cal,remove,C1_transformed,lmsys_rephrase
pairs_arith_v2.csv,9959,arithmetic,gsm8k_test_1113,cal,remove,C2_answer_bearing,gsm8k_solution_frag
pairs_arith_v2.csv,9960,arithmetic,gsm8k_test_1113,cal,retain,H2_same_template,gsmplus_numerical_substitution
pairs_arith_v2.csv,9961,arithmetic,gsm8k_test_1113,cal,remove,C1_transformed,gsmplus_problem_understanding
pairs_arith_v2.csv,9962,arithmetic,gsm8k_test_1113,cal,retain,H2_same_template,gsmplus_critical_thinking
pairs_arith_v2.csv,9963,arithmetic,gsm8k_test_1113,cal,retain,H1_same_topic,svamp
pairs_arith_v2.csv,9964,arithmetic,gsm8k_test_1113,cal,retain,H3_predating,asdiv
pairs_arith_v2.csv,9965,arithmetic,gsm8k_test_1113,cal,retain,R_random,truthfulqa
pairs_arith_v2.csv,9966,arithmetic,gsm8k_test_1114,cal,remove,C0_exact,gsm8k_copy
pairs_arith_v2.csv,9967,arithmetic,gsm8k_test_1114,cal,remove,C1_transformed,lmsys_rephrase
pairs_arith_v2.csv,9968,arithmetic,gsm8k_test_1114,cal,remove,C2_answer_bearing,gsm8k_solution_frag
pairs_arith_v2.csv,9969,arithmetic,gsm8k_test_1114,cal,retain,H2_same_template,gsmplus_numerical_substitution
pairs_arith_v2.csv,9970,arithmetic,gsm8k_test_1114,cal,remove,C1_transformed,gsmplus_problem_understanding
pairs_arith_v2.csv,9971,arithmetic,gsm8k_test_1114,cal,retain,H2_same_template,gsmplus_critical_thinking
pairs_arith_v2.csv,9972,arithmetic,gsm8k_test_1114,cal,retain,H1_same_topic,svamp
pairs_arith_v2.csv,9973,arithmetic,gsm8k_test_1114,cal,retain,H3_predating,asdiv
pairs_arith_v2.csv,9974,arithmetic,gsm8k_test_1114,cal,retain,R_random,truthfulqa
pairs_arith_v2.csv,10010,arithmetic,gsm8k_test_1119,cal,remove,C0_exact,gsm8k_copy
pairs_arith_v2.csv,10011,arithmetic,gsm8k_test_1119,cal,remove,C1_transformed,lmsys_rephrase
pairs_arith_v2.csv,10012,arithmetic,gsm8k_test_1119,cal,remove,C2_answer_bearing,gsm8k_solution_frag
pairs_arith_v2.csv,10013,arithmetic,gsm8k_test_1119,cal,retain,H2_same_template,gsmplus_numerical_substitution
pairs_arith_v2.csv,10014,arithmetic,gsm8k_test_1119,cal,remove,C1_transformed,gsmplus_problem_understanding
pairs_arith_v2.csv,10015,arithmetic,gsm8k_test_1119,cal,retain,H2_same_template,gsmplus_critical_thinking
pairs_arith_v2.csv,10016,arithmetic,gsm8k_test_1119,cal,retain,H1_same_topic,svamp
pairs_arith_v2.csv,10017,arithmetic,gsm8k_test_1119,cal,retain,H3_predating,asdiv
pairs_arith_v2.csv,10018,arithmetic,gsm8k_test_1119,cal,retain,R_random,truthfulqa
pairs_arith_v2.csv,10037,arithmetic,gsm8k_test_1122,cal,remove,C0_exact,gsm8k_copy
pairs_arith_v2.csv,10038,arithmetic,gsm8k_test_1122,cal,remove,C1_transformed,lmsys_rephrase
pairs_arith_v2.csv,10039,arithmetic,gsm8k_test_1122,cal,remove,C2_answer_bearing,gsm8k_solution_frag
pairs_arith_v2.csv,10040,arithmetic,gsm8k_test_1122,cal,retain,H2_same_template,gsmplus_numerical_substitution
pairs_arith_v2.csv,10041,arithmetic,gsm8k_test_1122,cal,remove,C1_transformed,gsmplus_problem_understanding
pairs_arith_v2.csv,10042,arithmetic,gsm8k_test_1122,cal,retain,H2_same_template,gsmplus_critical_thinking
pairs_arith_v2.csv,10043,arithmetic,gsm8k_test_1122,cal,retain,H1_same_topic,svamp
pairs_arith_v2.csv,10044,arithmetic,gsm8k_test_1122,cal,retain,H3_predating,asdiv
pairs_arith_v2.csv,10045,arithmetic,gsm8k_test_1122,cal,retain,R_random,truthfulqa
pairs_arith_v2.csv,10055,arithmetic,gsm8k_test_1124,cal,remove,C0_exact,gsm8k_copy
pairs_arith_v2.csv,10056,arithmetic,gsm8k_test_1124,cal,remove,C1_transformed,lmsys_rephrase
pairs_arith_v2.csv,10057,arithmetic,gsm8k_test_1124,cal,remove,C2_answer_bearing,gsm8k_solution_frag
pairs_arith_v2.csv,10058,arithmetic,gsm8k_test_1124,cal,retain,H2_same_template,gsmplus_numerical_substitution
pairs_arith_v2.csv,10059,arithmetic,gsm8k_test_1124,cal,remove,C1_transformed,gsmplus_problem_understanding
pairs_arith_v2.csv,10060,arithmetic,gsm8k_test_1124,cal,retain,H2_same_template,gsmplus_critical_thinking
pairs_arith_v2.csv,10061,arithmetic,gsm8k_test_1124,cal,retain,H1_same_topic,svamp
pairs_arith_v2.csv,10062,arithmetic,gsm8k_test_1124,cal,retain,H3_predating,asdiv
pairs_arith_v2.csv,10063,arithmetic,gsm8k_test_1124,cal,retain,R_random,truthfulqa
pairs_arith_v2.csv,10090,arithmetic,gsm8k_test_1128,cal,remove,C0_exact,gsm8k_copy
pairs_arith_v2.csv,10091,arithmetic,gsm8k_test_1128,cal,remove,C1_transformed,lmsys_rephrase
pairs_arith_v2.csv,10092,arithmetic,gsm8k_test_1128,cal,remove,C2_answer_bearing,gsm8k_solution_frag
pairs_arith_v2.csv,10093,arithmetic,gsm8k_test_1128,cal,retain,H2_same_template,gsmplus_numerical_substitution
pairs_arith_v2.csv,10094,arithmetic,gsm8k_test_1128,cal,remove,C1_transformed,gsmplus_problem_understanding
pairs_arith_v2.csv,10095,arithmetic,gsm8k_test_1128,cal,retain,H2_same_template,gsmplus_critical_thinking
pairs_arith_v2.csv,10096,arithmetic,gsm8k_test_1128,cal,retain,H1_same_topic,svamp
pairs_arith_v2.csv,10097,arithmetic,gsm8k_test_1128,cal,retain,H3_predating,asdiv
pairs_arith_v2.csv,10098,arithmetic,gsm8k_test_1128,cal,retain,R_random,truthfulqa
pairs_arith_v2.csv,10099,arithmetic,gsm8k_test_1129,cal,remove,C0_exact,gsm8k_copy
pairs_arith_v2.csv,10100,arithmetic,gsm8k_test_1129,cal,remove,C1_transformed,lmsys_rephrase
pairs_arith_v2.csv,10101,arithmetic,gsm8k_test_1129,cal,remove,C2_answer_bearing,gsm8k_solution_frag
pairs_arith_v2.csv,10102,arithmetic,gsm8k_test_1129,cal,retain,H2_same_template,gsmplus_numerical_substitution
pairs_arith_v2.csv,10103,arithmetic,gsm8k_test_1129,cal,remove,C1_transformed,gsmplus_problem_understanding
pairs_arith_v2.csv,10104,arithmetic,gsm8k_test_1129,cal,retain,H2_same_template,gsmplus_critical_thinking
pairs_arith_v2.csv,10105,arithmetic,gsm8k_test_1129,cal,retain,H1_same_topic,svamp
pairs_arith_v2.csv,10106,arithmetic,gsm8k_test_1129,cal,retain,H3_predating,asdiv
pairs_arith_v2.csv,10107,arithmetic,gsm8k_test_1129,cal,retain,R_random,truthfulqa
pairs_arith_v2.csv,10144,arithmetic,gsm8k_test_1134,cal,remove,C0_exact,gsm8k_copy
pairs_arith_v2.csv,10145,arithmetic,gsm8k_test_1134,cal,remove,C1_transformed,lmsys_rephrase
pairs_arith_v2.csv,10146,arithmetic,gsm8k_test_1134,cal,remove,C2_answer_bearing,gsm8k_solution_frag
pairs_arith_v2.csv,10147,arithmetic,gsm8k_test_1134,cal,retain,H2_same_template,gsmplus_numerical_substitution
pairs_arith_v2.csv,10148,arithmetic,gsm8k_test_1134,cal,remove,C1_transformed,gsmplus_problem_understanding
pairs_arith_v2.csv,10149,arithmetic,gsm8k_test_1134,cal,retain,H2_same_template,gsmplus_critical_thinking
pairs_arith_v2.csv,10150,arithmetic,gsm8k_test_1134,cal,retain,H1_same_topic,svamp
pairs_arith_v2.csv,10151,arithmetic,gsm8k_test_1134,cal,retain,H3_predating,asdiv
pairs_arith_v2.csv,10152,arithmetic,gsm8k_test_1134,cal,retain,R_random,truthfulqa
pairs_arith_v2.csv,10162,arithmetic,gsm8k_test_1136,cal,remove,C0_exact,gsm8k_copy
pairs_arith_v2.csv,10163,arithmetic,gsm8k_test_1136,cal,remove,C1_transformed,lmsys_rephrase
pairs_arith_v2.csv,10164,arithmetic,gsm8k_test_1136,cal,remove,C2_answer_bearing,gsm8k_solution_frag
pairs_arith_v2.csv,10165,arithmetic,gsm8k_test_1136,cal,retain,H2_same_template,gsmplus_numerical_substitution
pairs_arith_v2.csv,10166,arithmetic,gsm8k_test_1136,cal,remove,C1_transformed,gsmplus_problem_understanding
pairs_arith_v2.csv,10167,arithmetic,gsm8k_test_1136,cal,retain,H2_same_template,gsmplus_critical_thinking
pairs_arith_v2.csv,10168,arithmetic,gsm8k_test_1136,cal,retain,H1_same_topic,svamp
pairs_arith_v2.csv,10169,arithmetic,gsm8k_test_1136,cal,retain,H3_predating,asdiv
pairs_arith_v2.csv,10170,arithmetic,gsm8k_test_1136,cal,retain,R_random,truthfulqa
pairs_arith_v2.csv,10171,arithmetic,gsm8k_test_1137,cal,remove,C0_exact,gsm8k_copy
pairs_arith_v2.csv,10172,arithmetic,gsm8k_test_1137,cal,remove,C1_transformed,lmsys_rephrase
pairs_arith_v2.csv,10173,arithmetic,gsm8k_test_1137,cal,remove,C2_answer_bearing,gsm8k_solution_frag
pairs_arith_v2.csv,10174,arithmetic,gsm8k_test_1137,cal,retain,H2_same_template,gsmplus_numerical_substitution
pairs_arith_v2.csv,10175,arithmetic,gsm8k_test_1137,cal,remove,C1_transformed,gsmplus_problem_understanding
pairs_arith_v2.csv,10176,arithmetic,gsm8k_test_1137,cal,retain,H2_same_template,gsmplus_critical_thinking
pairs_arith_v2.csv,10177,arithmetic,gsm8k_test_1137,cal,retain,H1_same_topic,svamp
pairs_arith_v2.csv,10178,arithmetic,gsm8k_test_1137,cal,retain,H3_predating,asdiv
pairs_arith_v2.csv,10179,arithmetic,gsm8k_test_1137,cal,retain,R_random,truthfulqa
pairs_arith_v2.csv,10189,arithmetic,gsm8k_test_1139,cal,remove,C0_exact,gsm8k_copy
pairs_arith_v2.csv,10190,arithmetic,gsm8k_test_1139,cal,remove,C1_transformed,lmsys_rephrase
pairs_arith_v2.csv,10191,arithmetic,gsm8k_test_1139,cal,remove,C2_answer_bearing,gsm8k_solution_frag
pairs_arith_v2.csv,10192,arithmetic,gsm8k_test_1139,cal,retain,H2_same_template,gsmplus_numerical_substitution
pairs_arith_v2.csv,10193,arithmetic,gsm8k_test_1139,cal,remove,C1_transformed,gsmplus_problem_understanding
pairs_arith_v2.csv,10194,arithmetic,gsm8k_test_1139,cal,retain,H2_same_template,gsmplus_critical_thinking
pairs_arith_v2.csv,10195,arithmetic,gsm8k_test_1139,cal,retain,H1_same_topic,svamp
pairs_arith_v2.csv,10196,arithmetic,gsm8k_test_1139,cal,retain,H3_predating,asdiv
pairs_arith_v2.csv,10197,arithmetic,gsm8k_test_1139,cal,retain,R_random,truthfulqa
pairs_arith_v2.csv,10198,arithmetic,gsm8k_test_1140,cal,remove,C0_exact,gsm8k_copy
pairs_arith_v2.csv,10199,arithmetic,gsm8k_test_1140,cal,remove,C1_transformed,lmsys_rephrase
pairs_arith_v2.csv,10200,arithmetic,gsm8k_test_1140,cal,remove,C2_answer_bearing,gsm8k_solution_frag
pairs_arith_v2.csv,10201,arithmetic,gsm8k_test_1140,cal,retain,H2_same_template,gsmplus_numerical_substitution
pairs_arith_v2.csv,10202,arithmetic,gsm8k_test_1140,cal,remove,C1_transformed,gsmplus_problem_understanding
pairs_arith_v2.csv,10203,arithmetic,gsm8k_test_1140,cal,retain,H2_same_template,gsmplus_critical_thinking
pairs_arith_v2.csv,10204,arithmetic,gsm8k_test_1140,cal,retain,H1_same_topic,svamp
pairs_arith_v2.csv,10205,arithmetic,gsm8k_test_1140,cal,retain,H3_predating,asdiv
pairs_arith_v2.csv,10206,arithmetic,gsm8k_test_1140,cal,retain,R_random,truthfulqa
pairs_arith_v2.csv,10207,arithmetic,gsm8k_test_1141,cal,remove,C0_exact,gsm8k_copy
pairs_arith_v2.csv,10208,arithmetic,gsm8k_test_1141,cal,remove,C1_transformed,lmsys_rephrase
pairs_arith_v2.csv,10209,arithmetic,gsm8k_test_1141,cal,remove,C2_answer_bearing,gsm8k_solution_frag
pairs_arith_v2.csv,10210,arithmetic,gsm8k_test_1141,cal,retain,H2_same_template,gsmplus_numerical_substitution
pairs_arith_v2.csv,10211,arithmetic,gsm8k_test_1141,cal,remove,C1_transformed,gsmplus_problem_understanding
pairs_arith_v2.csv,10212,arithmetic,gsm8k_test_1141,cal,retain,H2_same_template,gsmplus_critical_thinking
pairs_arith_v2.csv,10213,arithmetic,gsm8k_test_1141,cal,retain,H1_same_topic,svamp
pairs_arith_v2.csv,10214,arithmetic,gsm8k_test_1141,cal,retain,H3_predating,asdiv
pairs_arith_v2.csv,10215,arithmetic,gsm8k_test_1141,cal,retain,R_random,truthfulqa
pairs_arith_v2.csv,10234,arithmetic,gsm8k_test_1144,cal,remove,C0_exact,gsm8k_copy
pairs_arith_v2.csv,10235,arithmetic,gsm8k_test_1144,cal,remove,C1_transformed,lmsys_rephrase
pairs_arith_v2.csv,10236,arithmetic,gsm8k_test_1144,cal,remove,C2_answer_bearing,gsm8k_solution_frag
pairs_arith_v2.csv,10237,arithmetic,gsm8k_test_1144,cal,retain,H2_same_template,gsmplus_numerical_substitution
pairs_arith_v2.csv,10238,arithmetic,gsm8k_test_1144,cal,remove,C1_transformed,gsmplus_problem_understanding
pairs_arith_v2.csv,10239,arithmetic,gsm8k_test_1144,cal,retain,H2_same_template,gsmplus_critical_thinking
pairs_arith_v2.csv,10240,arithmetic,gsm8k_test_1144,cal,retain,H1_same_topic,svamp
pairs_arith_v2.csv,10241,arithmetic,gsm8k_test_1144,cal,retain,H3_predating,asdiv
pairs_arith_v2.csv,10242,arithmetic,gsm8k_test_1144,cal,retain,R_random,truthfulqa
pairs_arith_v2.csv,10252,arithmetic,gsm8k_test_1146,cal,remove,C0_exact,gsm8k_copy
pairs_arith_v2.csv,10253,arithmetic,gsm8k_test_1146,cal,remove,C1_transformed,lmsys_rephrase
pairs_arith_v2.csv,10254,arithmetic,gsm8k_test_1146,cal,remove,C2_answer_bearing,gsm8k_solution_frag
pairs_arith_v2.csv,10255,arithmetic,gsm8k_test_1146,cal,retain,H2_same_template,gsmplus_numerical_substitution
pairs_arith_v2.csv,10256,arithmetic,gsm8k_test_1146,cal,remove,C1_transformed,gsmplus_problem_understanding
pairs_arith_v2.csv,10257,arithmetic,gsm8k_test_1146,cal,retain,H2_same_template,gsmplus_critical_thinking
pairs_arith_v2.csv,10258,arithmetic,gsm8k_test_1146,cal,retain,H1_same_topic,svamp
pairs_arith_v2.csv,10259,arithmetic,gsm8k_test_1146,cal,retain,H3_predating,asdiv
pairs_arith_v2.csv,10260,arithmetic,gsm8k_test_1146,cal,retain,R_random,truthfulqa
pairs_arith_v2.csv,10261,arithmetic,gsm8k_test_1147,cal,remove,C0_exact,gsm8k_copy
pairs_arith_v2.csv,10262,arithmetic,gsm8k_test_1147,cal,remove,C1_transformed,lmsys_rephrase
pairs_arith_v2.csv,10263,arithmetic,gsm8k_test_1147,cal,remove,C2_answer_bearing,gsm8k_solution_frag
pairs_arith_v2.csv,10264,arithmetic,gsm8k_test_1147,cal,remove,C1_transformed,gsmplus_problem_understanding
pairs_arith_v2.csv,10265,arithmetic,gsm8k_test_1147,cal,retain,H2_same_template,gsmplus_critical_thinking
pairs_arith_v2.csv,10266,arithmetic,gsm8k_test_1147,cal,retain,H1_same_topic,svamp
pairs_arith_v2.csv,10267,arithmetic,gsm8k_test_1147,cal,retain,H3_predating,asdiv
pairs_arith_v2.csv,10268,arithmetic,gsm8k_test_1147,cal,retain,R_random,truthfulqa
pairs_arith_v2.csv,10269,arithmetic,gsm8k_test_1148,cal,remove,C0_exact,gsm8k_copy
pairs_arith_v2.csv,10270,arithmetic,gsm8k_test_1148,cal,remove,C1_transformed,lmsys_rephrase
pairs_arith_v2.csv,10271,arithmetic,gsm8k_test_1148,cal,remove,C2_answer_bearing,gsm8k_solution_frag
pairs_arith_v2.csv,10272,arithmetic,gsm8k_test_1148,cal,retain,H2_same_template,gsmplus_numerical_substitution
pairs_arith_v2.csv,10273,arithmetic,gsm8k_test_1148,cal,remove,C1_transformed,gsmplus_problem_understanding
pairs_arith_v2.csv,10274,arithmetic,gsm8k_test_1148,cal,retain,H2_same_template,gsmplus_critical_thinking
pairs_arith_v2.csv,10275,arithmetic,gsm8k_test_1148,cal,retain,H1_same_topic,svamp
pairs_arith_v2.csv,10276,arithmetic,gsm8k_test_1148,cal,retain,H3_predating,asdiv
pairs_arith_v2.csv,10277,arithmetic,gsm8k_test_1148,cal,retain,R_random,truthfulqa
pairs_arith_v2.csv,10278,arithmetic,gsm8k_test_1149,cal,remove,C0_exact,gsm8k_copy
pairs_arith_v2.csv,10279,arithmetic,gsm8k_test_1149,cal,remove,C1_transformed,lmsys_rephrase
pairs_arith_v2.csv,10280,arithmetic,gsm8k_test_1149,cal,remove,C2_answer_bearing,gsm8k_solution_frag
pairs_arith_v2.csv,10281,arithmetic,gsm8k_test_1149,cal,retain,H2_same_template,gsmplus_numerical_substitution
pairs_arith_v2.csv,10282,arithmetic,gsm8k_test_1149,cal,remove,C1_transformed,gsmplus_problem_understanding
pairs_arith_v2.csv,10283,arithmetic,gsm8k_test_1149,cal,retain,H2_same_template,gsmplus_critical_thinking
pairs_arith_v2.csv,10284,arithmetic,gsm8k_test_1149,cal,retain,H1_same_topic,svamp
pairs_arith_v2.csv,10285,arithmetic,gsm8k_test_1149,cal,retain,H3_predating,asdiv
pairs_arith_v2.csv,10286,arithmetic,gsm8k_test_1149,cal,retain,R_random,truthfulqa
pairs_arith_v2.csv,10304,arithmetic,gsm8k_test_1152,cal,remove,C0_exact,gsm8k_copy
pairs_arith_v2.csv,10305,arithmetic,gsm8k_test_1152,cal,remove,C1_transformed,lmsys_rephrase
pairs_arith_v2.csv,10306,arithmetic,gsm8k_test_1152,cal,remove,C2_answer_bearing,gsm8k_solution_frag
pairs_arith_v2.csv,10307,arithmetic,gsm8k_test_1152,cal,retain,H2_same_template,gsmplus_numerical_substitution
pairs_arith_v2.csv,10308,arithmetic,gsm8k_test_1152,cal,remove,C1_transformed,gsmplus_problem_understanding
pairs_arith_v2.csv,10309,arithmetic,gsm8k_test_1152,cal,retain,H2_same_template,gsmplus_critical_thinking
pairs_arith_v2.csv,10310,arithmetic,gsm8k_test_1152,cal,retain,H1_same_topic,svamp
pairs_arith_v2.csv,10311,arithmetic,gsm8k_test_1152,cal,retain,H3_predating,asdiv
pairs_arith_v2.csv,10312,arithmetic,gsm8k_test_1152,cal,retain,R_random,truthfulqa
pairs_arith_v2.csv,10340,arithmetic,gsm8k_test_1156,cal,remove,C0_exact,gsm8k_copy
pairs_arith_v2.csv,10341,arithmetic,gsm8k_test_1156,cal,remove,C1_transformed,lmsys_rephrase
pairs_arith_v2.csv,10342,arithmetic,gsm8k_test_1156,cal,remove,C2_answer_bearing,gsm8k_solution_frag
pairs_arith_v2.csv,10343,arithmetic,gsm8k_test_1156,cal,retain,H2_same_template,gsmplus_numerical_substitution
pairs_arith_v2.csv,10344,arithmetic,gsm8k_test_1156,cal,remove,C1_transformed,gsmplus_problem_understanding
pairs_arith_v2.csv,10345,arithmetic,gsm8k_test_1156,cal,retain,H2_same_template,gsmplus_critical_thinking
pairs_arith_v2.csv,10346,arithmetic,gsm8k_test_1156,cal,retain,H1_same_topic,svamp
pairs_arith_v2.csv,10347,arithmetic,gsm8k_test_1156,cal,retain,H3_predating,asdiv
pairs_arith_v2.csv,10348,arithmetic,gsm8k_test_1156,cal,retain,R_random,truthfulqa
pairs_arith_v2.csv,10402,arithmetic,gsm8k_test_1163,cal,remove,C0_exact,gsm8k_copy
pairs_arith_v2.csv,10403,arithmetic,gsm8k_test_1163,cal,remove,C1_transformed,lmsys_rephrase
pairs_arith_v2.csv,10404,arithmetic,gsm8k_test_1163,cal,remove,C2_answer_bearing,gsm8k_solution_frag
pairs_arith_v2.csv,10405,arithmetic,gsm8k_test_1163,cal,retain,H2_same_template,gsmplus_numerical_substitution
pairs_arith_v2.csv,10406,arithmetic,gsm8k_test_1163,cal,remove,C1_transformed,gsmplus_problem_understanding
pairs_arith_v2.csv,10407,arithmetic,gsm8k_test_1163,cal,retain,H2_same_template,gsmplus_critical_thinking
pairs_arith_v2.csv,10408,arithmetic,gsm8k_test_1163,cal,retain,H1_same_topic,svamp
pairs_arith_v2.csv,10409,arithmetic,gsm8k_test_1163,cal,retain,H3_predating,asdiv
pairs_arith_v2.csv,10410,arithmetic,gsm8k_test_1163,cal,retain,R_random,truthfulqa
pairs_arith_v2.csv,10420,arithmetic,gsm8k_test_1165,cal,remove,C0_exact,gsm8k_copy
pairs_arith_v2.csv,10421,arithmetic,gsm8k_test_1165,cal,remove,C1_transformed,lmsys_rephrase
pairs_arith_v2.csv,10422,arithmetic,gsm8k_test_1165,cal,remove,C2_answer_bearing,gsm8k_solution_frag
pairs_arith_v2.csv,10423,arithmetic,gsm8k_test_1165,cal,retain,H2_same_template,gsmplus_numerical_substitution
pairs_arith_v2.csv,10424,arithmetic,gsm8k_test_1165,cal,remove,C1_transformed,gsmplus_problem_understanding
pairs_arith_v2.csv,10425,arithmetic,gsm8k_test_1165,cal,retain,H2_same_template,gsmplus_critical_thinking
pairs_arith_v2.csv,10426,arithmetic,gsm8k_test_1165,cal,retain,H1_same_topic,svamp
pairs_arith_v2.csv,10427,arithmetic,gsm8k_test_1165,cal,retain,H3_predating,asdiv
pairs_arith_v2.csv,10428,arithmetic,gsm8k_test_1165,cal,retain,R_random,truthfulqa
pairs_arith_v2.csv,10429,arithmetic,gsm8k_test_1166,cal,remove,C0_exact,gsm8k_copy
pairs_arith_v2.csv,10430,arithmetic,gsm8k_test_1166,cal,remove,C1_transformed,lmsys_rephrase
pairs_arith_v2.csv,10431,arithmetic,gsm8k_test_1166,cal,remove,C2_answer_bearing,gsm8k_solution_frag
pairs_arith_v2.csv,10432,arithmetic,gsm8k_test_1166,cal,retain,H2_same_template,gsmplus_numerical_substitution
pairs_arith_v2.csv,10433,arithmetic,gsm8k_test_1166,cal,remove,C1_transformed,gsmplus_problem_understanding
pairs_arith_v2.csv,10434,arithmetic,gsm8k_test_1166,cal,retain,H2_same_template,gsmplus_critical_thinking
pairs_arith_v2.csv,10435,arithmetic,gsm8k_test_1166,cal,retain,H1_same_topic,svamp
pairs_arith_v2.csv,10436,arithmetic,gsm8k_test_1166,cal,retain,H3_predating,asdiv
pairs_arith_v2.csv,10437,arithmetic,gsm8k_test_1166,cal,retain,R_random,truthfulqa
pairs_arith_v2.csv,10438,arithmetic,gsm8k_test_1167,cal,remove,C0_exact,gsm8k_copy
pairs_arith_v2.csv,10439,arithmetic,gsm8k_test_1167,cal,remove,C1_transformed,lmsys_rephrase
pairs_arith_v2.csv,10440,arithmetic,gsm8k_test_1167,cal,remove,C2_answer_bearing,gsm8k_solution_frag
pairs_arith_v2.csv,10441,arithmetic,gsm8k_test_1167,cal,retain,H2_same_template,gsmplus_numerical_substitution
pairs_arith_v2.csv,10442,arithmetic,gsm8k_test_1167,cal,remove,C1_transformed,gsmplus_problem_understanding
pairs_arith_v2.csv,10443,arithmetic,gsm8k_test_1167,cal,retain,H2_same_template,gsmplus_critical_thinking
pairs_arith_v2.csv,10444,arithmetic,gsm8k_test_1167,cal,retain,H1_same_topic,svamp
pairs_arith_v2.csv,10445,arithmetic,gsm8k_test_1167,cal,retain,H3_predating,asdiv
pairs_arith_v2.csv,10446,arithmetic,gsm8k_test_1167,cal,retain,R_random,truthfulqa
pairs_arith_v2.csv,10456,arithmetic,gsm8k_test_1169,cal,remove,C0_exact,gsm8k_copy
pairs_arith_v2.csv,10457,arithmetic,gsm8k_test_1169,cal,remove,C1_transformed,lmsys_rephrase
pairs_arith_v2.csv,10458,arithmetic,gsm8k_test_1169,cal,remove,C2_answer_bearing,gsm8k_solution_frag
pairs_arith_v2.csv,10459,arithmetic,gsm8k_test_1169,cal,retain,H2_same_template,gsmplus_numerical_substitution
pairs_arith_v2.csv,10460,arithmetic,gsm8k_test_1169,cal,remove,C1_transformed,gsmplus_problem_understanding
pairs_arith_v2.csv,10461,arithmetic,gsm8k_test_1169,cal,retain,H2_same_template,gsmplus_critical_thinking
pairs_arith_v2.csv,10462,arithmetic,gsm8k_test_1169,cal,retain,H1_same_topic,svamp
pairs_arith_v2.csv,10463,arithmetic,gsm8k_test_1169,cal,retain,H3_predating,asdiv
pairs_arith_v2.csv,10464,arithmetic,gsm8k_test_1169,cal,retain,R_random,truthfulqa
pairs_arith_v2.csv,10483,arithmetic,gsm8k_test_1172,cal,remove,C0_exact,gsm8k_copy
pairs_arith_v2.csv,10484,arithmetic,gsm8k_test_1172,cal,remove,C1_transformed,lmsys_rephrase
pairs_arith_v2.csv,10485,arithmetic,gsm8k_test_1172,cal,remove,C2_answer_bearing,gsm8k_solution_frag
pairs_arith_v2.csv,10486,arithmetic,gsm8k_test_1172,cal,retain,H2_same_template,gsmplus_numerical_substitution
pairs_arith_v2.csv,10487,arithmetic,gsm8k_test_1172,cal,remove,C1_transformed,gsmplus_problem_understanding
pairs_arith_v2.csv,10488,arithmetic,gsm8k_test_1172,cal,retain,H2_same_template,gsmplus_critical_thinking
pairs_arith_v2.csv,10489,arithmetic,gsm8k_test_1172,cal,retain,H1_same_topic,svamp
pairs_arith_v2.csv,10490,arithmetic,gsm8k_test_1172,cal,retain,H3_predating,asdiv
pairs_arith_v2.csv,10491,arithmetic,gsm8k_test_1172,cal,retain,R_random,truthfulqa
pairs_arith_v2.csv,10510,arithmetic,gsm8k_test_1175,cal,remove,C0_exact,gsm8k_copy
pairs_arith_v2.csv,10511,arithmetic,gsm8k_test_1175,cal,remove,C1_transformed,lmsys_rephrase
pairs_arith_v2.csv,10512,arithmetic,gsm8k_test_1175,cal,remove,C2_answer_bearing,gsm8k_solution_frag
pairs_arith_v2.csv,10513,arithmetic,gsm8k_test_1175,cal,retain,H2_same_template,gsmplus_numerical_substitution
pairs_arith_v2.csv,10514,arithmetic,gsm8k_test_1175,cal,remove,C1_transformed,gsmplus_problem_understanding
pairs_arith_v2.csv,10515,arithmetic,gsm8k_test_1175,cal,retain,H2_same_template,gsmplus_critical_thinking
pairs_arith_v2.csv,10516,arithmetic,gsm8k_test_1175,cal,retain,H1_same_topic,svamp
pairs_arith_v2.csv,10517,arithmetic,gsm8k_test_1175,cal,retain,H3_predating,asdiv
pairs_arith_v2.csv,10518,arithmetic,gsm8k_test_1175,cal,retain,R_random,truthfulqa
pairs_arith_v2.csv,10519,arithmetic,gsm8k_test_1176,cal,remove,C0_exact,gsm8k_copy
pairs_arith_v2.csv,10520,arithmetic,gsm8k_test_1176,cal,remove,C1_transformed,lmsys_rephrase
pairs_arith_v2.csv,10521,arithmetic,gsm8k_test_1176,cal,remove,C2_answer_bearing,gsm8k_solution_frag
pairs_arith_v2.csv,10522,arithmetic,gsm8k_test_1176,cal,retain,H2_same_template,gsmplus_numerical_substitution
pairs_arith_v2.csv,10523,arithmetic,gsm8k_test_1176,cal,remove,C1_transformed,gsmplus_problem_understanding
pairs_arith_v2.csv,10524,arithmetic,gsm8k_test_1176,cal,retain,H2_same_template,gsmplus_critical_thinking
pairs_arith_v2.csv,10525,arithmetic,gsm8k_test_1176,cal,retain,H1_same_topic,svamp
pairs_arith_v2.csv,10526,arithmetic,gsm8k_test_1176,cal,retain,H3_predating,asdiv
pairs_arith_v2.csv,10527,arithmetic,gsm8k_test_1176,cal,retain,R_random,truthfulqa
pairs_arith_v2.csv,10545,arithmetic,gsm8k_test_1179,cal,remove,C0_exact,gsm8k_copy
pairs_arith_v2.csv,10546,arithmetic,gsm8k_test_1179,cal,remove,C1_transformed,lmsys_rephrase
pairs_arith_v2.csv,10547,arithmetic,gsm8k_test_1179,cal,remove,C2_answer_bearing,gsm8k_solution_frag
pairs_arith_v2.csv,10548,arithmetic,gsm8k_test_1179,cal,remove,C1_transformed,gsmplus_problem_understanding
pairs_arith_v2.csv,10549,arithmetic,gsm8k_test_1179,cal,retain,H2_same_template,gsmplus_critical_thinking
pairs_arith_v2.csv,10550,arithmetic,gsm8k_test_1179,cal,retain,H1_same_topic,svamp
pairs_arith_v2.csv,10551,arithmetic,gsm8k_test_1179,cal,retain,H3_predating,asdiv
pairs_arith_v2.csv,10552,arithmetic,gsm8k_test_1179,cal,retain,R_random,truthfulqa
pairs_arith_v2.csv,10588,arithmetic,gsm8k_test_1184,cal,remove,C0_exact,gsm8k_copy
pairs_arith_v2.csv,10589,arithmetic,gsm8k_test_1184,cal,remove,C1_transformed,lmsys_rephrase
pairs_arith_v2.csv,10590,arithmetic,gsm8k_test_1184,cal,remove,C2_answer_bearing,gsm8k_solution_frag
pairs_arith_v2.csv,10591,arithmetic,gsm8k_test_1184,cal,retain,H2_same_template,gsmplus_numerical_substitution
pairs_arith_v2.csv,10592,arithmetic,gsm8k_test_1184,cal,remove,C1_transformed,gsmplus_problem_understanding
pairs_arith_v2.csv,10593,arithmetic,gsm8k_test_1184,cal,retain,H2_same_template,gsmplus_critical_thinking
pairs_arith_v2.csv,10594,arithmetic,gsm8k_test_1184,cal,retain,H1_same_topic,svamp
pairs_arith_v2.csv,10595,arithmetic,gsm8k_test_1184,cal,retain,H3_predating,asdiv
pairs_arith_v2.csv,10596,arithmetic,gsm8k_test_1184,cal,retain,R_random,truthfulqa
pairs_arith_v2.csv,10615,arithmetic,gsm8k_test_1187,cal,remove,C0_exact,gsm8k_copy
pairs_arith_v2.csv,10616,arithmetic,gsm8k_test_1187,cal,remove,C1_transformed,lmsys_rephrase
pairs_arith_v2.csv,10617,arithmetic,gsm8k_test_1187,cal,remove,C2_answer_bearing,gsm8k_solution_frag
pairs_arith_v2.csv,10618,arithmetic,gsm8k_test_1187,cal,remove,C1_transformed,gsmplus_problem_understanding
pairs_arith_v2.csv,10619,arithmetic,gsm8k_test_1187,cal,retain,H2_same_template,gsmplus_critical_thinking
pairs_arith_v2.csv,10620,arithmetic,gsm8k_test_1187,cal,retain,H1_same_topic,svamp
pairs_arith_v2.csv,10621,arithmetic,gsm8k_test_1187,cal,retain,H3_predating,asdiv
pairs_arith_v2.csv,10622,arithmetic,gsm8k_test_1187,cal,retain,R_random,truthfulqa
pairs_arith_v2.csv,10623,arithmetic,gsm8k_test_1188,cal,remove,C0_exact,gsm8k_copy
pairs_arith_v2.csv,10624,arithmetic,gsm8k_test_1188,cal,remove,C1_transformed,lmsys_rephrase
pairs_arith_v2.csv,10625,arithmetic,gsm8k_test_1188,cal,remove,C2_answer_bearing,gsm8k_solution_frag
pairs_arith_v2.csv,10626,arithmetic,gsm8k_test_1188,cal,retain,H2_same_template,gsmplus_numerical_substitution
pairs_arith_v2.csv,10627,arithmetic,gsm8k_test_1188,cal,remove,C1_transformed,gsmplus_problem_understanding
pairs_arith_v2.csv,10628,arithmetic,gsm8k_test_1188,cal,retain,H2_same_template,gsmplus_critical_thinking
pairs_arith_v2.csv,10629,arithmetic,gsm8k_test_1188,cal,retain,H1_same_topic,svamp
pairs_arith_v2.csv,10630,arithmetic,gsm8k_test_1188,cal,retain,H3_predating,asdiv
pairs_arith_v2.csv,10631,arithmetic,gsm8k_test_1188,cal,retain,R_random,truthfulqa
pairs_arith_v2.csv,10632,arithmetic,gsm8k_test_1189,cal,remove,C0_exact,gsm8k_copy
pairs_arith_v2.csv,10633,arithmetic,gsm8k_test_1189,cal,remove,C1_transformed,lmsys_rephrase
pairs_arith_v2.csv,10634,arithmetic,gsm8k_test_1189,cal,remove,C2_answer_bearing,gsm8k_solution_frag
pairs_arith_v2.csv,10635,arithmetic,gsm8k_test_1189,cal,retain,H2_same_template,gsmplus_numerical_substitution
pairs_arith_v2.csv,10636,arithmetic,gsm8k_test_1189,cal,remove,C1_transformed,gsmplus_problem_understanding
pairs_arith_v2.csv,10637,arithmetic,gsm8k_test_1189,cal,retain,H2_same_template,gsmplus_critical_thinking
pairs_arith_v2.csv,10638,arithmetic,gsm8k_test_1189,cal,retain,H1_same_topic,svamp
pairs_arith_v2.csv,10639,arithmetic,gsm8k_test_1189,cal,retain,H3_predating,asdiv
pairs_arith_v2.csv,10640,arithmetic,gsm8k_test_1189,cal,retain,R_random,truthfulqa
pairs_arith_v2.csv,10641,arithmetic,gsm8k_test_1190,cal,remove,C0_exact,gsm8k_copy
pairs_arith_v2.csv,10642,arithmetic,gsm8k_test_1190,cal,remove,C1_transformed,lmsys_rephrase
pairs_arith_v2.csv,10643,arithmetic,gsm8k_test_1190,cal,remove,C2_answer_bearing,gsm8k_solution_frag
pairs_arith_v2.csv,10644,arithmetic,gsm8k_test_1190,cal,retain,H2_same_template,gsmplus_numerical_substitution
pairs_arith_v2.csv,10645,arithmetic,gsm8k_test_1190,cal,remove,C1_transformed,gsmplus_problem_understanding
pairs_arith_v2.csv,10646,arithmetic,gsm8k_test_1190,cal,retain,H2_same_template,gsmplus_critical_thinking
pairs_arith_v2.csv,10647,arithmetic,gsm8k_test_1190,cal,retain,H1_same_topic,svamp
pairs_arith_v2.csv,10648,arithmetic,gsm8k_test_1190,cal,retain,H3_predating,asdiv
pairs_arith_v2.csv,10649,arithmetic,gsm8k_test_1190,cal,retain,R_random,truthfulqa
pairs_arith_v2.csv,10650,arithmetic,gsm8k_test_1191,cal,remove,C0_exact,gsm8k_copy
pairs_arith_v2.csv,10651,arithmetic,gsm8k_test_1191,cal,remove,C1_transformed,lmsys_rephrase
pairs_arith_v2.csv,10652,arithmetic,gsm8k_test_1191,cal,remove,C2_answer_bearing,gsm8k_solution_frag
pairs_arith_v2.csv,10653,arithmetic,gsm8k_test_1191,cal,retain,H2_same_template,gsmplus_numerical_substitution
pairs_arith_v2.csv,10654,arithmetic,gsm8k_test_1191,cal,remove,C1_transformed,gsmplus_problem_understanding
pairs_arith_v2.csv,10655,arithmetic,gsm8k_test_1191,cal,retain,H2_same_template,gsmplus_critical_thinking
pairs_arith_v2.csv,10656,arithmetic,gsm8k_test_1191,cal,retain,H1_same_topic,svamp
pairs_arith_v2.csv,10657,arithmetic,gsm8k_test_1191,cal,retain,H3_predating,asdiv
pairs_arith_v2.csv,10658,arithmetic,gsm8k_test_1191,cal,retain,R_random,truthfulqa
pairs_arith_v2.csv,10686,arithmetic,gsm8k_test_1195,cal,remove,C0_exact,gsm8k_copy
pairs_arith_v2.csv,10687,arithmetic,gsm8k_test_1195,cal,remove,C1_transformed,lmsys_rephrase
pairs_arith_v2.csv,10688,arithmetic,gsm8k_test_1195,cal,remove,C2_answer_bearing,gsm8k_solution_frag
pairs_arith_v2.csv,10689,arithmetic,gsm8k_test_1195,cal,retain,H2_same_template,gsmplus_numerical_substitution
pairs_arith_v2.csv,10690,arithmetic,gsm8k_test_1195,cal,remove,C1_transformed,gsmplus_problem_understanding
pairs_arith_v2.csv,10691,arithmetic,gsm8k_test_1195,cal,retain,H2_same_template,gsmplus_critical_thinking
pairs_arith_v2.csv,10692,arithmetic,gsm8k_test_1195,cal,retain,H1_same_topic,svamp
pairs_arith_v2.csv,10693,arithmetic,gsm8k_test_1195,cal,retain,H3_predating,asdiv
pairs_arith_v2.csv,10694,arithmetic,gsm8k_test_1195,cal,retain,R_random,truthfulqa
pairs_arith_v2.csv,10695,arithmetic,gsm8k_test_1196,cal,remove,C0_exact,gsm8k_copy
pairs_arith_v2.csv,10696,arithmetic,gsm8k_test_1196,cal,remove,C1_transformed,lmsys_rephrase
pairs_arith_v2.csv,10697,arithmetic,gsm8k_test_1196,cal,remove,C2_answer_bearing,gsm8k_solution_frag
pairs_arith_v2.csv,10698,arithmetic,gsm8k_test_1196,cal,retain,H2_same_template,gsmplus_numerical_substitution
pairs_arith_v2.csv,10699,arithmetic,gsm8k_test_1196,cal,remove,C1_transformed,gsmplus_problem_understanding
pairs_arith_v2.csv,10700,arithmetic,gsm8k_test_1196,cal,retain,H2_same_template,gsmplus_critical_thinking
pairs_arith_v2.csv,10701,arithmetic,gsm8k_test_1196,cal,retain,H1_same_topic,svamp
pairs_arith_v2.csv,10702,arithmetic,gsm8k_test_1196,cal,retain,H3_predating,asdiv
pairs_arith_v2.csv,10703,arithmetic,gsm8k_test_1196,cal,retain,R_random,truthfulqa
pairs_arith_v2.csv,10713,arithmetic,gsm8k_test_1198,cal,remove,C0_exact,gsm8k_copy
pairs_arith_v2.csv,10714,arithmetic,gsm8k_test_1198,cal,remove,C1_transformed,lmsys_rephrase
pairs_arith_v2.csv,10715,arithmetic,gsm8k_test_1198,cal,remove,C2_answer_bearing,gsm8k_solution_frag
pairs_arith_v2.csv,10716,arithmetic,gsm8k_test_1198,cal,retain,H2_same_template,gsmplus_numerical_substitution
pairs_arith_v2.csv,10717,arithmetic,gsm8k_test_1198,cal,remove,C1_transformed,gsmplus_problem_understanding
pairs_arith_v2.csv,10718,arithmetic,gsm8k_test_1198,cal,retain,H2_same_template,gsmplus_critical_thinking
pairs_arith_v2.csv,10719,arithmetic,gsm8k_test_1198,cal,retain,H1_same_topic,svamp
pairs_arith_v2.csv,10720,arithmetic,gsm8k_test_1198,cal,retain,H3_predating,asdiv
pairs_arith_v2.csv,10721,arithmetic,gsm8k_test_1198,cal,retain,R_random,truthfulqa
pairs_arith_v2.csv,10731,arithmetic,gsm8k_test_1200,cal,remove,C0_exact,gsm8k_copy
pairs_arith_v2.csv,10732,arithmetic,gsm8k_test_1200,cal,remove,C1_transformed,lmsys_rephrase
pairs_arith_v2.csv,10733,arithmetic,gsm8k_test_1200,cal,remove,C2_answer_bearing,gsm8k_solution_frag
pairs_arith_v2.csv,10734,arithmetic,gsm8k_test_1200,cal,remove,C1_transformed,gsmplus_problem_understanding
pairs_arith_v2.csv,10735,arithmetic,gsm8k_test_1200,cal,retain,H2_same_template,gsmplus_critical_thinking
pairs_arith_v2.csv,10736,arithmetic,gsm8k_test_1200,cal,retain,H1_same_topic,svamp
pairs_arith_v2.csv,10737,arithmetic,gsm8k_test_1200,cal,retain,H3_predating,asdiv
pairs_arith_v2.csv,10738,arithmetic,gsm8k_test_1200,cal,retain,R_random,truthfulqa
pairs_arith_v2.csv,10756,arithmetic,gsm8k_test_1203,cal,remove,C0_exact,gsm8k_copy
pairs_arith_v2.csv,10757,arithmetic,gsm8k_test_1203,cal,remove,C1_transformed,lmsys_rephrase
pairs_arith_v2.csv,10758,arithmetic,gsm8k_test_1203,cal,remove,C2_answer_bearing,gsm8k_solution_frag
pairs_arith_v2.csv,10759,arithmetic,gsm8k_test_1203,cal,retain,H2_same_template,gsmplus_numerical_substitution
pairs_arith_v2.csv,10760,arithmetic,gsm8k_test_1203,cal,remove,C1_transformed,gsmplus_problem_understanding
pairs_arith_v2.csv,10761,arithmetic,gsm8k_test_1203,cal,retain,H2_same_template,gsmplus_critical_thinking
pairs_arith_v2.csv,10762,arithmetic,gsm8k_test_1203,cal,retain,H1_same_topic,svamp
pairs_arith_v2.csv,10763,arithmetic,gsm8k_test_1203,cal,retain,H3_predating,asdiv
pairs_arith_v2.csv,10764,arithmetic,gsm8k_test_1203,cal,retain,R_random,truthfulqa
pairs_arith_v2.csv,10774,arithmetic,gsm8k_test_1205,cal,remove,C0_exact,gsm8k_copy
pairs_arith_v2.csv,10775,arithmetic,gsm8k_test_1205,cal,remove,C1_transformed,lmsys_rephrase
pairs_arith_v2.csv,10776,arithmetic,gsm8k_test_1205,cal,remove,C2_answer_bearing,gsm8k_solution_frag
pairs_arith_v2.csv,10777,arithmetic,gsm8k_test_1205,cal,retain,H2_same_template,gsmplus_numerical_substitution
pairs_arith_v2.csv,10778,arithmetic,gsm8k_test_1205,cal,remove,C1_transformed,gsmplus_problem_understanding
pairs_arith_v2.csv,10779,arithmetic,gsm8k_test_1205,cal,retain,H2_same_template,gsmplus_critical_thinking
pairs_arith_v2.csv,10780,arithmetic,gsm8k_test_1205,cal,retain,H1_same_topic,svamp
pairs_arith_v2.csv,10781,arithmetic,gsm8k_test_1205,cal,retain,H3_predating,asdiv
pairs_arith_v2.csv,10782,arithmetic,gsm8k_test_1205,cal,retain,R_random,truthfulqa
pairs_arith_v2.csv,10783,arithmetic,gsm8k_test_1206,cal,remove,C0_exact,gsm8k_copy
pairs_arith_v2.csv,10784,arithmetic,gsm8k_test_1206,cal,remove,C1_transformed,lmsys_rephrase
pairs_arith_v2.csv,10785,arithmetic,gsm8k_test_1206,cal,remove,C2_answer_bearing,gsm8k_solution_frag
pairs_arith_v2.csv,10786,arithmetic,gsm8k_test_1206,cal,retain,H2_same_template,gsmplus_numerical_substitution
pairs_arith_v2.csv,10787,arithmetic,gsm8k_test_1206,cal,remove,C1_transformed,gsmplus_problem_understanding
pairs_arith_v2.csv,10788,arithmetic,gsm8k_test_1206,cal,retain,H2_same_template,gsmplus_critical_thinking
pairs_arith_v2.csv,10789,arithmetic,gsm8k_test_1206,cal,retain,H1_same_topic,svamp
pairs_arith_v2.csv,10790,arithmetic,gsm8k_test_1206,cal,retain,H3_predating,asdiv
pairs_arith_v2.csv,10791,arithmetic,gsm8k_test_1206,cal,retain,R_random,truthfulqa
pairs_arith_v2.csv,10819,arithmetic,gsm8k_test_1210,cal,remove,C0_exact,gsm8k_copy
pairs_arith_v2.csv,10820,arithmetic,gsm8k_test_1210,cal,remove,C1_transformed,lmsys_rephrase
pairs_arith_v2.csv,10821,arithmetic,gsm8k_test_1210,cal,remove,C2_answer_bearing,gsm8k_solution_frag
pairs_arith_v2.csv,10822,arithmetic,gsm8k_test_1210,cal,retain,H2_same_template,gsmplus_numerical_substitution
pairs_arith_v2.csv,10823,arithmetic,gsm8k_test_1210,cal,remove,C1_transformed,gsmplus_problem_understanding
pairs_arith_v2.csv,10824,arithmetic,gsm8k_test_1210,cal,retain,H2_same_template,gsmplus_critical_thinking
pairs_arith_v2.csv,10825,arithmetic,gsm8k_test_1210,cal,retain,H1_same_topic,svamp
pairs_arith_v2.csv,10826,arithmetic,gsm8k_test_1210,cal,retain,H3_predating,asdiv
pairs_arith_v2.csv,10827,arithmetic,gsm8k_test_1210,cal,retain,R_random,truthfulqa
pairs_arith_v2.csv,10846,arithmetic,gsm8k_test_1213,cal,remove,C0_exact,gsm8k_copy
pairs_arith_v2.csv,10847,arithmetic,gsm8k_test_1213,cal,remove,C1_transformed,lmsys_rephrase
pairs_arith_v2.csv,10848,arithmetic,gsm8k_test_1213,cal,remove,C2_answer_bearing,gsm8k_solution_frag
pairs_arith_v2.csv,10849,arithmetic,gsm8k_test_1213,cal,retain,H2_same_template,gsmplus_numerical_substitution
pairs_arith_v2.csv,10850,arithmetic,gsm8k_test_1213,cal,remove,C1_transformed,gsmplus_problem_understanding
pairs_arith_v2.csv,10851,arithmetic,gsm8k_test_1213,cal,retain,H2_same_template,gsmplus_critical_thinking
pairs_arith_v2.csv,10852,arithmetic,gsm8k_test_1213,cal,retain,H1_same_topic,svamp
pairs_arith_v2.csv,10853,arithmetic,gsm8k_test_1213,cal,retain,H3_predating,asdiv
pairs_arith_v2.csv,10854,arithmetic,gsm8k_test_1213,cal,retain,R_random,truthfulqa
pairs_arith_v2.csv,10855,arithmetic,gsm8k_test_1214,cal,remove,C0_exact,gsm8k_copy
pairs_arith_v2.csv,10856,arithmetic,gsm8k_test_1214,cal,remove,C1_transformed,lmsys_rephrase
pairs_arith_v2.csv,10857,arithmetic,gsm8k_test_1214,cal,remove,C2_answer_bearing,gsm8k_solution_frag
pairs_arith_v2.csv,10858,arithmetic,gsm8k_test_1214,cal,retain,H2_same_template,gsmplus_numerical_substitution
pairs_arith_v2.csv,10859,arithmetic,gsm8k_test_1214,cal,remove,C1_transformed,gsmplus_problem_understanding
pairs_arith_v2.csv,10860,arithmetic,gsm8k_test_1214,cal,retain,H2_same_template,gsmplus_critical_thinking
pairs_arith_v2.csv,10861,arithmetic,gsm8k_test_1214,cal,retain,H1_same_topic,svamp
pairs_arith_v2.csv,10862,arithmetic,gsm8k_test_1214,cal,retain,H3_predating,asdiv
pairs_arith_v2.csv,10863,arithmetic,gsm8k_test_1214,cal,retain,R_random,truthfulqa
pairs_arith_v2.csv,10882,arithmetic,gsm8k_test_1217,cal,remove,C0_exact,gsm8k_copy
pairs_arith_v2.csv,10883,arithmetic,gsm8k_test_1217,cal,remove,C1_transformed,lmsys_rephrase
pairs_arith_v2.csv,10884,arithmetic,gsm8k_test_1217,cal,remove,C2_answer_bearing,gsm8k_solution_frag
pairs_arith_v2.csv,10885,arithmetic,gsm8k_test_1217,cal,retain,H2_same_template,gsmplus_numerical_substitution
pairs_arith_v2.csv,10886,arithmetic,gsm8k_test_1217,cal,remove,C1_transformed,gsmplus_problem_understanding
pairs_arith_v2.csv,10887,arithmetic,gsm8k_test_1217,cal,retain,H2_same_template,gsmplus_critical_thinking
pairs_arith_v2.csv,10888,arithmetic,gsm8k_test_1217,cal,retain,H1_same_topic,svamp
pairs_arith_v2.csv,10889,arithmetic,gsm8k_test_1217,cal,retain,H3_predating,asdiv
pairs_arith_v2.csv,10890,arithmetic,gsm8k_test_1217,cal,retain,R_random,truthfulqa
pairs_arith_v2.csv,10909,arithmetic,gsm8k_test_1220,cal,remove,C0_exact,gsm8k_copy
pairs_arith_v2.csv,10910,arithmetic,gsm8k_test_1220,cal,remove,C1_transformed,lmsys_rephrase
pairs_arith_v2.csv,10911,arithmetic,gsm8k_test_1220,cal,remove,C2_answer_bearing,gsm8k_solution_frag
pairs_arith_v2.csv,10912,arithmetic,gsm8k_test_1220,cal,retain,H2_same_template,gsmplus_numerical_substitution
pairs_arith_v2.csv,10913,arithmetic,gsm8k_test_1220,cal,remove,C1_transformed,gsmplus_problem_understanding
pairs_arith_v2.csv,10914,arithmetic,gsm8k_test_1220,cal,retain,H2_same_template,gsmplus_critical_thinking
pairs_arith_v2.csv,10915,arithmetic,gsm8k_test_1220,cal,retain,H1_same_topic,svamp
pairs_arith_v2.csv,10916,arithmetic,gsm8k_test_1220,cal,retain,H3_predating,asdiv
pairs_arith_v2.csv,10917,arithmetic,gsm8k_test_1220,cal,retain,R_random,truthfulqa
pairs_arith_v2.csv,10963,arithmetic,gsm8k_test_1226,cal,remove,C0_exact,gsm8k_copy
pairs_arith_v2.csv,10964,arithmetic,gsm8k_test_1226,cal,remove,C1_transformed,lmsys_rephrase
pairs_arith_v2.csv,10965,arithmetic,gsm8k_test_1226,cal,remove,C2_answer_bearing,gsm8k_solution_frag
pairs_arith_v2.csv,10966,arithmetic,gsm8k_test_1226,cal,retain,H2_same_template,gsmplus_numerical_substitution
pairs_arith_v2.csv,10967,arithmetic,gsm8k_test_1226,cal,remove,C1_transformed,gsmplus_problem_understanding
pairs_arith_v2.csv,10968,arithmetic,gsm8k_test_1226,cal,retain,H2_same_template,gsmplus_critical_thinking
pairs_arith_v2.csv,10969,arithmetic,gsm8k_test_1226,cal,retain,H1_same_topic,svamp
pairs_arith_v2.csv,10970,arithmetic,gsm8k_test_1226,cal,retain,H3_predating,asdiv
pairs_arith_v2.csv,10971,arithmetic,gsm8k_test_1226,cal,retain,R_random,truthfulqa
pairs_arith_v2.csv,10972,arithmetic,gsm8k_test_1227,cal,remove,C0_exact,gsm8k_copy
pairs_arith_v2.csv,10973,arithmetic,gsm8k_test_1227,cal,remove,C1_transformed,lmsys_rephrase
pairs_arith_v2.csv,10974,arithmetic,gsm8k_test_1227,cal,remove,C2_answer_bearing,gsm8k_solution_frag
pairs_arith_v2.csv,10975,arithmetic,gsm8k_test_1227,cal,retain,H2_same_template,gsmplus_numerical_substitution
pairs_arith_v2.csv,10976,arithmetic,gsm8k_test_1227,cal,remove,C1_transformed,gsmplus_problem_understanding
pairs_arith_v2.csv,10977,arithmetic,gsm8k_test_1227,cal,retain,H2_same_template,gsmplus_critical_thinking
pairs_arith_v2.csv,10978,arithmetic,gsm8k_test_1227,cal,retain,H1_same_topic,svamp
pairs_arith_v2.csv,10979,arithmetic,gsm8k_test_1227,cal,retain,H3_predating,asdiv
pairs_arith_v2.csv,10980,arithmetic,gsm8k_test_1227,cal,retain,R_random,truthfulqa
pairs_arith_v2.csv,10981,arithmetic,gsm8k_test_1228,cal,remove,C0_exact,gsm8k_copy
pairs_arith_v2.csv,10982,arithmetic,gsm8k_test_1228,cal,remove,C1_transformed,lmsys_rephrase
pairs_arith_v2.csv,10983,arithmetic,gsm8k_test_1228,cal,remove,C2_answer_bearing,gsm8k_solution_frag
pairs_arith_v2.csv,10984,arithmetic,gsm8k_test_1228,cal,retain,H2_same_template,gsmplus_numerical_substitution
pairs_arith_v2.csv,10985,arithmetic,gsm8k_test_1228,cal,remove,C1_transformed,gsmplus_problem_understanding
pairs_arith_v2.csv,10986,arithmetic,gsm8k_test_1228,cal,retain,H2_same_template,gsmplus_critical_thinking
pairs_arith_v2.csv,10987,arithmetic,gsm8k_test_1228,cal,retain,H1_same_topic,svamp
pairs_arith_v2.csv,10988,arithmetic,gsm8k_test_1228,cal,retain,H3_predating,asdiv
pairs_arith_v2.csv,10989,arithmetic,gsm8k_test_1228,cal,retain,R_random,truthfulqa
pairs_arith_v2.csv,10990,arithmetic,gsm8k_test_1229,cal,remove,C0_exact,gsm8k_copy
pairs_arith_v2.csv,10991,arithmetic,gsm8k_test_1229,cal,remove,C1_transformed,lmsys_rephrase
pairs_arith_v2.csv,10992,arithmetic,gsm8k_test_1229,cal,remove,C2_answer_bearing,gsm8k_solution_frag
pairs_arith_v2.csv,10993,arithmetic,gsm8k_test_1229,cal,retain,H2_same_template,gsmplus_numerical_substitution
pairs_arith_v2.csv,10994,arithmetic,gsm8k_test_1229,cal,remove,C1_transformed,gsmplus_problem_understanding
pairs_arith_v2.csv,10995,arithmetic,gsm8k_test_1229,cal,retain,H2_same_template,gsmplus_critical_thinking
pairs_arith_v2.csv,10996,arithmetic,gsm8k_test_1229,cal,retain,H1_same_topic,svamp
pairs_arith_v2.csv,10997,arithmetic,gsm8k_test_1229,cal,retain,H3_predating,asdiv
pairs_arith_v2.csv,10998,arithmetic,gsm8k_test_1229,cal,retain,R_random,truthfulqa
pairs_arith_v2.csv,11053,arithmetic,gsm8k_test_1236,cal,remove,C0_exact,gsm8k_copy
pairs_arith_v2.csv,11054,arithmetic,gsm8k_test_1236,cal,remove,C1_transformed,lmsys_rephrase
pairs_arith_v2.csv,11055,arithmetic,gsm8k_test_1236,cal,remove,C2_answer_bearing,gsm8k_solution_frag
pairs_arith_v2.csv,11056,arithmetic,gsm8k_test_1236,cal,retain,H2_same_template,gsmplus_numerical_substitution
pairs_arith_v2.csv,11057,arithmetic,gsm8k_test_1236,cal,remove,C1_transformed,gsmplus_problem_understanding
pairs_arith_v2.csv,11058,arithmetic,gsm8k_test_1236,cal,retain,H2_same_template,gsmplus_critical_thinking
pairs_arith_v2.csv,11059,arithmetic,gsm8k_test_1236,cal,retain,H1_same_topic,svamp
pairs_arith_v2.csv,11060,arithmetic,gsm8k_test_1236,cal,retain,H3_predating,asdiv
pairs_arith_v2.csv,11061,arithmetic,gsm8k_test_1236,cal,retain,R_random,truthfulqa
pairs_arith_v2.csv,11071,arithmetic,gsm8k_test_1238,cal,remove,C0_exact,gsm8k_copy
pairs_arith_v2.csv,11072,arithmetic,gsm8k_test_1238,cal,remove,C1_transformed,lmsys_rephrase
pairs_arith_v2.csv,11073,arithmetic,gsm8k_test_1238,cal,remove,C2_answer_bearing,gsm8k_solution_frag
pairs_arith_v2.csv,11074,arithmetic,gsm8k_test_1238,cal,retain,H2_same_template,gsmplus_numerical_substitution
pairs_arith_v2.csv,11075,arithmetic,gsm8k_test_1238,cal,remove,C1_transformed,gsmplus_problem_understanding
pairs_arith_v2.csv,11076,arithmetic,gsm8k_test_1238,cal,retain,H2_same_template,gsmplus_critical_thinking
pairs_arith_v2.csv,11077,arithmetic,gsm8k_test_1238,cal,retain,H1_same_topic,svamp
pairs_arith_v2.csv,11078,arithmetic,gsm8k_test_1238,cal,retain,H3_predating,asdiv
pairs_arith_v2.csv,11079,arithmetic,gsm8k_test_1238,cal,retain,R_random,truthfulqa
pairs_arith_v2.csv,11125,arithmetic,gsm8k_test_1244,cal,remove,C0_exact,gsm8k_copy
pairs_arith_v2.csv,11126,arithmetic,gsm8k_test_1244,cal,remove,C1_transformed,lmsys_rephrase
pairs_arith_v2.csv,11127,arithmetic,gsm8k_test_1244,cal,remove,C2_answer_bearing,gsm8k_solution_frag
pairs_arith_v2.csv,11128,arithmetic,gsm8k_test_1244,cal,retain,H2_same_template,gsmplus_numerical_substitution
pairs_arith_v2.csv,11129,arithmetic,gsm8k_test_1244,cal,remove,C1_transformed,gsmplus_problem_understanding
pairs_arith_v2.csv,11130,arithmetic,gsm8k_test_1244,cal,retain,H2_same_template,gsmplus_critical_thinking
pairs_arith_v2.csv,11131,arithmetic,gsm8k_test_1244,cal,retain,H1_same_topic,svamp
pairs_arith_v2.csv,11132,arithmetic,gsm8k_test_1244,cal,retain,H3_predating,asdiv
pairs_arith_v2.csv,11133,arithmetic,gsm8k_test_1244,cal,retain,R_random,truthfulqa
pairs_arith_v2.csv,11134,arithmetic,gsm8k_test_1245,cal,remove,C0_exact,gsm8k_copy
pairs_arith_v2.csv,11135,arithmetic,gsm8k_test_1245,cal,remove,C1_transformed,lmsys_rephrase
pairs_arith_v2.csv,11136,arithmetic,gsm8k_test_1245,cal,remove,C2_answer_bearing,gsm8k_solution_frag
pairs_arith_v2.csv,11137,arithmetic,gsm8k_test_1245,cal,retain,H2_same_template,gsmplus_numerical_substitution
pairs_arith_v2.csv,11138,arithmetic,gsm8k_test_1245,cal,remove,C1_transformed,gsmplus_problem_understanding
pairs_arith_v2.csv,11139,arithmetic,gsm8k_test_1245,cal,retain,H2_same_template,gsmplus_critical_thinking
pairs_arith_v2.csv,11140,arithmetic,gsm8k_test_1245,cal,retain,H1_same_topic,svamp
pairs_arith_v2.csv,11141,arithmetic,gsm8k_test_1245,cal,retain,H3_predating,asdiv
pairs_arith_v2.csv,11142,arithmetic,gsm8k_test_1245,cal,retain,R_random,truthfulqa
pairs_arith_v2.csv,11143,arithmetic,gsm8k_test_1246,cal,remove,C0_exact,gsm8k_copy
pairs_arith_v2.csv,11144,arithmetic,gsm8k_test_1246,cal,remove,C1_transformed,lmsys_rephrase
pairs_arith_v2.csv,11145,arithmetic,gsm8k_test_1246,cal,remove,C2_answer_bearing,gsm8k_solution_frag
pairs_arith_v2.csv,11146,arithmetic,gsm8k_test_1246,cal,retain,H2_same_template,gsmplus_numerical_substitution
pairs_arith_v2.csv,11147,arithmetic,gsm8k_test_1246,cal,remove,C1_transformed,gsmplus_problem_understanding
pairs_arith_v2.csv,11148,arithmetic,gsm8k_test_1246,cal,retain,H2_same_template,gsmplus_critical_thinking
pairs_arith_v2.csv,11149,arithmetic,gsm8k_test_1246,cal,retain,H1_same_topic,svamp
pairs_arith_v2.csv,11150,arithmetic,gsm8k_test_1246,cal,retain,H3_predating,asdiv
pairs_arith_v2.csv,11151,arithmetic,gsm8k_test_1246,cal,retain,R_random,truthfulqa
pairs_arith_v2.csv,11170,arithmetic,gsm8k_test_1249,cal,remove,C0_exact,gsm8k_copy
pairs_arith_v2.csv,11171,arithmetic,gsm8k_test_1249,cal,remove,C1_transformed,lmsys_rephrase
pairs_arith_v2.csv,11172,arithmetic,gsm8k_test_1249,cal,remove,C2_answer_bearing,gsm8k_solution_frag
pairs_arith_v2.csv,11173,arithmetic,gsm8k_test_1249,cal,retain,H2_same_template,gsmplus_numerical_substitution
pairs_arith_v2.csv,11174,arithmetic,gsm8k_test_1249,cal,remove,C1_transformed,gsmplus_problem_understanding
pairs_arith_v2.csv,11175,arithmetic,gsm8k_test_1249,cal,retain,H2_same_template,gsmplus_critical_thinking
pairs_arith_v2.csv,11176,arithmetic,gsm8k_test_1249,cal,retain,H1_same_topic,svamp
pairs_arith_v2.csv,11177,arithmetic,gsm8k_test_1249,cal,retain,H3_predating,asdiv
pairs_arith_v2.csv,11178,arithmetic,gsm8k_test_1249,cal,retain,R_random,truthfulqa
pairs_arith_v2.csv,11179,arithmetic,gsm8k_test_1250,cal,remove,C0_exact,gsm8k_copy
pairs_arith_v2.csv,11180,arithmetic,gsm8k_test_1250,cal,remove,C1_transformed,lmsys_rephrase
pairs_arith_v2.csv,11181,arithmetic,gsm8k_test_1250,cal,remove,C2_answer_bearing,gsm8k_solution_frag
pairs_arith_v2.csv,11182,arithmetic,gsm8k_test_1250,cal,retain,H2_same_template,gsmplus_numerical_substitution
pairs_arith_v2.csv,11183,arithmetic,gsm8k_test_1250,cal,remove,C1_transformed,gsmplus_problem_understanding
pairs_arith_v2.csv,11184,arithmetic,gsm8k_test_1250,cal,retain,H2_same_template,gsmplus_critical_thinking
pairs_arith_v2.csv,11185,arithmetic,gsm8k_test_1250,cal,retain,H1_same_topic,svamp
pairs_arith_v2.csv,11186,arithmetic,gsm8k_test_1250,cal,retain,H3_predating,asdiv
pairs_arith_v2.csv,11187,arithmetic,gsm8k_test_1250,cal,retain,R_random,truthfulqa
pairs_arith_v2.csv,11233,arithmetic,gsm8k_test_1256,cal,remove,C0_exact,gsm8k_copy
pairs_arith_v2.csv,11234,arithmetic,gsm8k_test_1256,cal,remove,C1_transformed,lmsys_rephrase
pairs_arith_v2.csv,11235,arithmetic,gsm8k_test_1256,cal,remove,C2_answer_bearing,gsm8k_solution_frag
pairs_arith_v2.csv,11236,arithmetic,gsm8k_test_1256,cal,remove,C1_transformed,gsmplus_problem_understanding
pairs_arith_v2.csv,11237,arithmetic,gsm8k_test_1256,cal,retain,H2_same_template,gsmplus_critical_thinking
pairs_arith_v2.csv,11238,arithmetic,gsm8k_test_1256,cal,retain,H1_same_topic,svamp
pairs_arith_v2.csv,11239,arithmetic,gsm8k_test_1256,cal,retain,H3_predating,asdiv
pairs_arith_v2.csv,11240,arithmetic,gsm8k_test_1256,cal,retain,R_random,truthfulqa
pairs_arith_v2.csv,11241,arithmetic,gsm8k_test_1257,cal,remove,C0_exact,gsm8k_copy
pairs_arith_v2.csv,11242,arithmetic,gsm8k_test_1257,cal,remove,C1_transformed,lmsys_rephrase
pairs_arith_v2.csv,11243,arithmetic,gsm8k_test_1257,cal,remove,C2_answer_bearing,gsm8k_solution_frag
pairs_arith_v2.csv,11244,arithmetic,gsm8k_test_1257,cal,retain,H2_same_template,gsmplus_numerical_substitution
pairs_arith_v2.csv,11245,arithmetic,gsm8k_test_1257,cal,remove,C1_transformed,gsmplus_problem_understanding
pairs_arith_v2.csv,11246,arithmetic,gsm8k_test_1257,cal,retain,H2_same_template,gsmplus_critical_thinking
pairs_arith_v2.csv,11247,arithmetic,gsm8k_test_1257,cal,retain,H1_same_topic,svamp
pairs_arith_v2.csv,11248,arithmetic,gsm8k_test_1257,cal,retain,H3_predating,asdiv
pairs_arith_v2.csv,11249,arithmetic,gsm8k_test_1257,cal,retain,R_random,truthfulqa
pairs_arith_v2.csv,11268,arithmetic,gsm8k_test_1260,cal,remove,C0_exact,gsm8k_copy
pairs_arith_v2.csv,11269,arithmetic,gsm8k_test_1260,cal,remove,C1_transformed,lmsys_rephrase
pairs_arith_v2.csv,11270,arithmetic,gsm8k_test_1260,cal,remove,C2_answer_bearing,gsm8k_solution_frag
pairs_arith_v2.csv,11271,arithmetic,gsm8k_test_1260,cal,retain,H2_same_template,gsmplus_numerical_substitution
pairs_arith_v2.csv,11272,arithmetic,gsm8k_test_1260,cal,remove,C1_transformed,gsmplus_problem_understanding
pairs_arith_v2.csv,11273,arithmetic,gsm8k_test_1260,cal,retain,H2_same_template,gsmplus_critical_thinking
pairs_arith_v2.csv,11274,arithmetic,gsm8k_test_1260,cal,retain,H1_same_topic,svamp
pairs_arith_v2.csv,11275,arithmetic,gsm8k_test_1260,cal,retain,H3_predating,asdiv
pairs_arith_v2.csv,11276,arithmetic,gsm8k_test_1260,cal,retain,R_random,truthfulqa
pairs_arith_v2.csv,11286,arithmetic,gsm8k_test_1262,cal,remove,C0_exact,gsm8k_copy
pairs_arith_v2.csv,11287,arithmetic,gsm8k_test_1262,cal,remove,C1_transformed,lmsys_rephrase
pairs_arith_v2.csv,11288,arithmetic,gsm8k_test_1262,cal,remove,C2_answer_bearing,gsm8k_solution_frag
pairs_arith_v2.csv,11289,arithmetic,gsm8k_test_1262,cal,retain,H2_same_template,gsmplus_numerical_substitution
pairs_arith_v2.csv,11290,arithmetic,gsm8k_test_1262,cal,remove,C1_transformed,gsmplus_problem_understanding
pairs_arith_v2.csv,11291,arithmetic,gsm8k_test_1262,cal,retain,H2_same_template,gsmplus_critical_thinking
pairs_arith_v2.csv,11292,arithmetic,gsm8k_test_1262,cal,retain,H1_same_topic,svamp
pairs_arith_v2.csv,11293,arithmetic,gsm8k_test_1262,cal,retain,H3_predating,asdiv
pairs_arith_v2.csv,11294,arithmetic,gsm8k_test_1262,cal,retain,R_random,truthfulqa
pairs_arith_v2.csv,11322,arithmetic,gsm8k_test_1266,cal,remove,C0_exact,gsm8k_copy
pairs_arith_v2.csv,11323,arithmetic,gsm8k_test_1266,cal,remove,C1_transformed,lmsys_rephrase
pairs_arith_v2.csv,11324,arithmetic,gsm8k_test_1266,cal,remove,C2_answer_bearing,gsm8k_solution_frag
pairs_arith_v2.csv,11325,arithmetic,gsm8k_test_1266,cal,retain,H2_same_template,gsmplus_numerical_substitution
pairs_arith_v2.csv,11326,arithmetic,gsm8k_test_1266,cal,remove,C1_transformed,gsmplus_problem_understanding
pairs_arith_v2.csv,11327,arithmetic,gsm8k_test_1266,cal,retain,H2_same_template,gsmplus_critical_thinking
pairs_arith_v2.csv,11328,arithmetic,gsm8k_test_1266,cal,retain,H1_same_topic,svamp
pairs_arith_v2.csv,11329,arithmetic,gsm8k_test_1266,cal,retain,H3_predating,asdiv
pairs_arith_v2.csv,11330,arithmetic,gsm8k_test_1266,cal,retain,R_random,truthfulqa
pairs_arith_v2.csv,11349,arithmetic,gsm8k_test_1269,cal,remove,C0_exact,gsm8k_copy
pairs_arith_v2.csv,11350,arithmetic,gsm8k_test_1269,cal,remove,C1_transformed,lmsys_rephrase
pairs_arith_v2.csv,11351,arithmetic,gsm8k_test_1269,cal,remove,C2_answer_bearing,gsm8k_solution_frag
pairs_arith_v2.csv,11352,arithmetic,gsm8k_test_1269,cal,retain,H2_same_template,gsmplus_numerical_substitution
pairs_arith_v2.csv,11353,arithmetic,gsm8k_test_1269,cal,remove,C1_transformed,gsmplus_problem_understanding
pairs_arith_v2.csv,11354,arithmetic,gsm8k_test_1269,cal,retain,H2_same_template,gsmplus_critical_thinking
pairs_arith_v2.csv,11355,arithmetic,gsm8k_test_1269,cal,retain,H1_same_topic,svamp
pairs_arith_v2.csv,11356,arithmetic,gsm8k_test_1269,cal,retain,H3_predating,asdiv
pairs_arith_v2.csv,11357,arithmetic,gsm8k_test_1269,cal,retain,R_random,truthfulqa
pairs_arith_v2.csv,11556,arithmetic,gsm8k_test_1292,cal,remove,C0_exact,gsm8k_copy
pairs_arith_v2.csv,11557,arithmetic,gsm8k_test_1292,cal,remove,C1_transformed,lmsys_rephrase
pairs_arith_v2.csv,11558,arithmetic,gsm8k_test_1292,cal,remove,C2_answer_bearing,gsm8k_solution_frag
pairs_arith_v2.csv,11559,arithmetic,gsm8k_test_1292,cal,retain,H2_same_template,gsmplus_numerical_substitution
pairs_arith_v2.csv,11560,arithmetic,gsm8k_test_1292,cal,remove,C1_transformed,gsmplus_problem_understanding
pairs_arith_v2.csv,11561,arithmetic,gsm8k_test_1292,cal,retain,H2_same_template,gsmplus_critical_thinking
pairs_arith_v2.csv,11562,arithmetic,gsm8k_test_1292,cal,retain,H1_same_topic,svamp
pairs_arith_v2.csv,11563,arithmetic,gsm8k_test_1292,cal,retain,H3_predating,asdiv
pairs_arith_v2.csv,11564,arithmetic,gsm8k_test_1292,cal,retain,R_random,truthfulqa
pairs_arith_v2.csv,11565,arithmetic,gsm8k_test_1293,cal,remove,C0_exact,gsm8k_copy
pairs_arith_v2.csv,11566,arithmetic,gsm8k_test_1293,cal,remove,C1_transformed,lmsys_rephrase
pairs_arith_v2.csv,11567,arithmetic,gsm8k_test_1293,cal,remove,C2_answer_bearing,gsm8k_solution_frag
pairs_arith_v2.csv,11568,arithmetic,gsm8k_test_1293,cal,retain,H2_same_template,gsmplus_numerical_substitution
pairs_arith_v2.csv,11569,arithmetic,gsm8k_test_1293,cal,remove,C1_transformed,gsmplus_problem_understanding
pairs_arith_v2.csv,11570,arithmetic,gsm8k_test_1293,cal,retain,H2_same_template,gsmplus_critical_thinking
pairs_arith_v2.csv,11571,arithmetic,gsm8k_test_1293,cal,retain,H1_same_topic,svamp
pairs_arith_v2.csv,11572,arithmetic,gsm8k_test_1293,cal,retain,H3_predating,asdiv
pairs_arith_v2.csv,11573,arithmetic,gsm8k_test_1293,cal,retain,R_random,truthfulqa
pairs_arith_v2.csv,11610,arithmetic,gsm8k_test_1298,cal,remove,C0_exact,gsm8k_copy
pairs_arith_v2.csv,11611,arithmetic,gsm8k_test_1298,cal,remove,C1_transformed,lmsys_rephrase
pairs_arith_v2.csv,11612,arithmetic,gsm8k_test_1298,cal,remove,C2_answer_bearing,gsm8k_solution_frag
pairs_arith_v2.csv,11613,arithmetic,gsm8k_test_1298,cal,retain,H2_same_template,gsmplus_numerical_substitution
pairs_arith_v2.csv,11614,arithmetic,gsm8k_test_1298,cal,remove,C1_transformed,gsmplus_problem_understanding
pairs_arith_v2.csv,11615,arithmetic,gsm8k_test_1298,cal,retain,H2_same_template,gsmplus_critical_thinking
pairs_arith_v2.csv,11616,arithmetic,gsm8k_test_1298,cal,retain,H1_same_topic,svamp
pairs_arith_v2.csv,11617,arithmetic,gsm8k_test_1298,cal,retain,H3_predating,asdiv
pairs_arith_v2.csv,11618,arithmetic,gsm8k_test_1298,cal,retain,R_random,truthfulqa
pairs_arith_v2.csv,11637,arithmetic,gsm8k_test_1301,cal,remove,C0_exact,gsm8k_copy
pairs_arith_v2.csv,11638,arithmetic,gsm8k_test_1301,cal,remove,C1_transformed,lmsys_rephrase
pairs_arith_v2.csv,11639,arithmetic,gsm8k_test_1301,cal,remove,C2_answer_bearing,gsm8k_solution_frag
pairs_arith_v2.csv,11640,arithmetic,gsm8k_test_1301,cal,retain,H2_same_template,gsmplus_numerical_substitution
pairs_arith_v2.csv,11641,arithmetic,gsm8k_test_1301,cal,remove,C1_transformed,gsmplus_problem_understanding
pairs_arith_v2.csv,11642,arithmetic,gsm8k_test_1301,cal,retain,H2_same_template,gsmplus_critical_thinking
pairs_arith_v2.csv,11643,arithmetic,gsm8k_test_1301,cal,retain,H1_same_topic,svamp
pairs_arith_v2.csv,11644,arithmetic,gsm8k_test_1301,cal,retain,H3_predating,asdiv
pairs_arith_v2.csv,11645,arithmetic,gsm8k_test_1301,cal,retain,R_random,truthfulqa
pairs_arith_v2.csv,11673,arithmetic,gsm8k_test_1305,cal,remove,C0_exact,gsm8k_copy
pairs_arith_v2.csv,11674,arithmetic,gsm8k_test_1305,cal,remove,C1_transformed,lmsys_rephrase
pairs_arith_v2.csv,11675,arithmetic,gsm8k_test_1305,cal,remove,C2_answer_bearing,gsm8k_solution_frag
pairs_arith_v2.csv,11676,arithmetic,gsm8k_test_1305,cal,retain,H2_same_template,gsmplus_numerical_substitution
pairs_arith_v2.csv,11677,arithmetic,gsm8k_test_1305,cal,remove,C1_transformed,gsmplus_problem_understanding
pairs_arith_v2.csv,11678,arithmetic,gsm8k_test_1305,cal,retain,H2_same_template,gsmplus_critical_thinking
pairs_arith_v2.csv,11679,arithmetic,gsm8k_test_1305,cal,retain,H1_same_topic,svamp
pairs_arith_v2.csv,11680,arithmetic,gsm8k_test_1305,cal,retain,H3_predating,asdiv
pairs_arith_v2.csv,11681,arithmetic,gsm8k_test_1305,cal,retain,R_random,truthfulqa
pairs_arith_v2.csv,11718,arithmetic,gsm8k_test_1310,cal,remove,C0_exact,gsm8k_copy
pairs_arith_v2.csv,11719,arithmetic,gsm8k_test_1310,cal,remove,C1_transformed,lmsys_rephrase
pairs_arith_v2.csv,11720,arithmetic,gsm8k_test_1310,cal,remove,C2_answer_bearing,gsm8k_solution_frag
pairs_arith_v2.csv,11721,arithmetic,gsm8k_test_1310,cal,retain,H2_same_template,gsmplus_numerical_substitution
pairs_arith_v2.csv,11722,arithmetic,gsm8k_test_1310,cal,remove,C1_transformed,gsmplus_problem_understanding
pairs_arith_v2.csv,11723,arithmetic,gsm8k_test_1310,cal,retain,H2_same_template,gsmplus_critical_thinking
pairs_arith_v2.csv,11724,arithmetic,gsm8k_test_1310,cal,retain,H1_same_topic,svamp
pairs_arith_v2.csv,11725,arithmetic,gsm8k_test_1310,cal,retain,H3_predating,asdiv
pairs_arith_v2.csv,11726,arithmetic,gsm8k_test_1310,cal,retain,R_random,truthfulqa
pairs_arith_v2.csv,11727,arithmetic,gsm8k_test_1311,cal,remove,C0_exact,gsm8k_copy
pairs_arith_v2.csv,11728,arithmetic,gsm8k_test_1311,cal,remove,C1_transformed,lmsys_rephrase
pairs_arith_v2.csv,11729,arithmetic,gsm8k_test_1311,cal,remove,C2_answer_bearing,gsm8k_solution_frag
pairs_arith_v2.csv,11730,arithmetic,gsm8k_test_1311,cal,retain,H2_same_template,gsmplus_numerical_substitution
pairs_arith_v2.csv,11731,arithmetic,gsm8k_test_1311,cal,remove,C1_transformed,gsmplus_problem_understanding
pairs_arith_v2.csv,11732,arithmetic,gsm8k_test_1311,cal,retain,H2_same_template,gsmplus_critical_thinking
pairs_arith_v2.csv,11733,arithmetic,gsm8k_test_1311,cal,retain,H1_same_topic,svamp
pairs_arith_v2.csv,11734,arithmetic,gsm8k_test_1311,cal,retain,H3_predating,asdiv
pairs_arith_v2.csv,11735,arithmetic,gsm8k_test_1311,cal,retain,R_random,truthfulqa
pairs_arith_v2.csv,11745,arithmetic,gsm8k_test_1313,cal,remove,C0_exact,gsm8k_copy
pairs_arith_v2.csv,11746,arithmetic,gsm8k_test_1313,cal,remove,C1_transformed,lmsys_rephrase
pairs_arith_v2.csv,11747,arithmetic,gsm8k_test_1313,cal,remove,C2_answer_bearing,gsm8k_solution_frag
pairs_arith_v2.csv,11748,arithmetic,gsm8k_test_1313,cal,retain,H2_same_template,gsmplus_numerical_substitution
pairs_arith_v2.csv,11749,arithmetic,gsm8k_test_1313,cal,remove,C1_transformed,gsmplus_problem_understanding
pairs_arith_v2.csv,11750,arithmetic,gsm8k_test_1313,cal,retain,H2_same_template,gsmplus_critical_thinking
pairs_arith_v2.csv,11751,arithmetic,gsm8k_test_1313,cal,retain,H1_same_topic,svamp
pairs_arith_v2.csv,11752,arithmetic,gsm8k_test_1313,cal,retain,H3_predating,asdiv
pairs_arith_v2.csv,11753,arithmetic,gsm8k_test_1313,cal,retain,R_random,truthfulqa
pairs_arith_v2.csv,11790,arithmetic,gsm8k_test_1318,cal,remove,C0_exact,gsm8k_copy
pairs_arith_v2.csv,11791,arithmetic,gsm8k_test_1318,cal,remove,C1_transformed,lmsys_rephrase
pairs_arith_v2.csv,11792,arithmetic,gsm8k_test_1318,cal,remove,C2_answer_bearing,gsm8k_solution_frag
pairs_arith_v2.csv,11793,arithmetic,gsm8k_test_1318,cal,retain,H2_same_template,gsmplus_numerical_substitution
pairs_arith_v2.csv,11794,arithmetic,gsm8k_test_1318,cal,remove,C1_transformed,gsmplus_problem_understanding
pairs_arith_v2.csv,11795,arithmetic,gsm8k_test_1318,cal,retain,H2_same_template,gsmplus_critical_thinking
pairs_arith_v2.csv,11796,arithmetic,gsm8k_test_1318,cal,retain,H1_same_topic,svamp
pairs_arith_v2.csv,11797,arithmetic,gsm8k_test_1318,cal,retain,H3_predating,asdiv
pairs_arith_v2.csv,11798,arithmetic,gsm8k_test_1318,cal,retain,R_random,truthfulqa
pairs_arith_v2.csv,11799,arithmetic,gsm8k_test_0473,cal,retain,H2_gsm_symbolic,gsm_symbolic
pairs_arith_v2.csv,11800,arithmetic,gsm8k_test_0473,cal,retain,H2_gsm_symbolic,gsm_symbolic
pairs_arith_v2.csv,11801,arithmetic,gsm8k_test_0473,cal,retain,H2_gsm_symbolic_p1,gsm_symbolic_p1
pairs_arith_v2.csv,11802,arithmetic,gsm8k_test_0473,cal,retain,H2_gsm_symbolic_p2,gsm_symbolic_p2
pairs_arith_v2.csv,11803,arithmetic,gsm8k_test_0103,cal,retain,H2_gsm_symbolic,gsm_symbolic
pairs_arith_v2.csv,11804,arithmetic,gsm8k_test_0103,cal,retain,H2_gsm_symbolic,gsm_symbolic
pairs_arith_v2.csv,11805,arithmetic,gsm8k_test_0103,cal,retain,H2_gsm_symbolic_p1,gsm_symbolic_p1
pairs_arith_v2.csv,11806,arithmetic,gsm8k_test_0103,cal,retain,H2_gsm_symbolic_p2,gsm_symbolic_p2
pairs_arith_v2.csv,11835,arithmetic,gsm8k_test_0930,cal,retain,H2_gsm_symbolic,gsm_symbolic
pairs_arith_v2.csv,11836,arithmetic,gsm8k_test_0930,cal,retain,H2_gsm_symbolic,gsm_symbolic
pairs_arith_v2.csv,11837,arithmetic,gsm8k_test_0930,cal,retain,H2_gsm_symbolic_p1,gsm_symbolic_p1
pairs_arith_v2.csv,11838,arithmetic,gsm8k_test_0930,cal,retain,H2_gsm_symbolic_p2,gsm_symbolic_p2
pairs_arith_v2.csv,11843,arithmetic,gsm8k_test_0737,cal,retain,H2_gsm_symbolic,gsm_symbolic
pairs_arith_v2.csv,11844,arithmetic,gsm8k_test_0737,cal,retain,H2_gsm_symbolic,gsm_symbolic
pairs_arith_v2.csv,11845,arithmetic,gsm8k_test_0737,cal,retain,H2_gsm_symbolic_p1,gsm_symbolic_p1
pairs_arith_v2.csv,11846,arithmetic,gsm8k_test_0737,cal,retain,H2_gsm_symbolic_p2,gsm_symbolic_p2
pairs_arith_v2.csv,11863,arithmetic,gsm8k_test_0976,cal,retain,H2_gsm_symbolic,gsm_symbolic
pairs_arith_v2.csv,11864,arithmetic,gsm8k_test_0976,cal,retain,H2_gsm_symbolic,gsm_symbolic
pairs_arith_v2.csv,11865,arithmetic,gsm8k_test_0976,cal,retain,H2_gsm_symbolic_p1,gsm_symbolic_p1
pairs_arith_v2.csv,11866,arithmetic,gsm8k_test_0976,cal,retain,H2_gsm_symbolic_p2,gsm_symbolic_p2
pairs_arith_v2.csv,11871,arithmetic,gsm8k_test_0158,cal,retain,H2_gsm_symbolic,gsm_symbolic
pairs_arith_v2.csv,11872,arithmetic,gsm8k_test_0158,cal,retain,H2_gsm_symbolic,gsm_symbolic
pairs_arith_v2.csv,11873,arithmetic,gsm8k_test_0158,cal,retain,H2_gsm_symbolic_p1,gsm_symbolic_p1
pairs_arith_v2.csv,11874,arithmetic,gsm8k_test_0158,cal,retain,H2_gsm_symbolic_p2,gsm_symbolic_p2
pairs_arith_v2.csv,11903,arithmetic,gsm8k_test_1023,cal,retain,H2_gsm_symbolic,gsm_symbolic
pairs_arith_v2.csv,11904,arithmetic,gsm8k_test_1023,cal,retain,H2_gsm_symbolic,gsm_symbolic
pairs_arith_v2.csv,11905,arithmetic,gsm8k_test_1023,cal,retain,H2_gsm_symbolic_p1,gsm_symbolic_p1
pairs_arith_v2.csv,11906,arithmetic,gsm8k_test_1023,cal,retain,H2_gsm_symbolic_p2,gsm_symbolic_p2
pairs_arith_v2.csv,11907,arithmetic,gsm8k_test_1063,cal,retain,H2_gsm_symbolic,gsm_symbolic
pairs_arith_v2.csv,11908,arithmetic,gsm8k_test_1063,cal,retain,H2_gsm_symbolic,gsm_symbolic
pairs_arith_v2.csv,11909,arithmetic,gsm8k_test_1063,cal,retain,H2_gsm_symbolic_p1,gsm_symbolic_p1
pairs_arith_v2.csv,11910,arithmetic,gsm8k_test_1063,cal,retain,H2_gsm_symbolic_p2,gsm_symbolic_p2
pairs_arith_v2.csv,11931,arithmetic,gsm8k_test_0677,cal,retain,H2_gsm_symbolic,gsm_symbolic
pairs_arith_v2.csv,11932,arithmetic,gsm8k_test_0677,cal,retain,H2_gsm_symbolic,gsm_symbolic
pairs_arith_v2.csv,11933,arithmetic,gsm8k_test_0677,cal,retain,H2_gsm_symbolic_p1,gsm_symbolic_p1
pairs_arith_v2.csv,11934,arithmetic,gsm8k_test_0677,cal,retain,H2_gsm_symbolic_p2,gsm_symbolic_p2
pairs_arith_v2.csv,11967,arithmetic,gsm8k_test_0661,cal,retain,H2_gsm_symbolic,gsm_symbolic
pairs_arith_v2.csv,11968,arithmetic,gsm8k_test_0661,cal,retain,H2_gsm_symbolic,gsm_symbolic
pairs_arith_v2.csv,11969,arithmetic,gsm8k_test_0661,cal,retain,H2_gsm_symbolic_p1,gsm_symbolic_p1
pairs_arith_v2.csv,11970,arithmetic,gsm8k_test_0661,cal,retain,H2_gsm_symbolic_p2,gsm_symbolic_p2
pairs_arith_v2.csv,11971,arithmetic,gsm8k_test_0232,cal,retain,H2_gsm_symbolic,gsm_symbolic
pairs_arith_v2.csv,11972,arithmetic,gsm8k_test_0232,cal,retain,H2_gsm_symbolic,gsm_symbolic
pairs_arith_v2.csv,11973,arithmetic,gsm8k_test_0232,cal,retain,H2_gsm_symbolic_p1,gsm_symbolic_p1
pairs_arith_v2.csv,11974,arithmetic,gsm8k_test_0232,cal,retain,H2_gsm_symbolic_p2,gsm_symbolic_p2
pairs_arith_v2.csv,11979,arithmetic,gsm8k_test_0984,cal,retain,H2_gsm_symbolic,gsm_symbolic
pairs_arith_v2.csv,11980,arithmetic,gsm8k_test_0984,cal,retain,H2_gsm_symbolic,gsm_symbolic
pairs_arith_v2.csv,11981,arithmetic,gsm8k_test_0984,cal,retain,H2_gsm_symbolic_p1,gsm_symbolic_p1
pairs_arith_v2.csv,11982,arithmetic,gsm8k_test_0984,cal,retain,H2_gsm_symbolic_p2,gsm_symbolic_p2
pairs_arith_v2.csv,11995,arithmetic,gsm8k_test_1165,cal,retain,H2_gsm_symbolic,gsm_symbolic
pairs_arith_v2.csv,11996,arithmetic,gsm8k_test_1165,cal,retain,H2_gsm_symbolic,gsm_symbolic
pairs_arith_v2.csv,11997,arithmetic,gsm8k_test_1165,cal,retain,H2_gsm_symbolic_p1,gsm_symbolic_p1
pairs_arith_v2.csv,11998,arithmetic,gsm8k_test_1165,cal,retain,H2_gsm_symbolic_p2,gsm_symbolic_p2
pairs_arith_v2.csv,12011,arithmetic,gsm8k_test_1189,cal,retain,H2_gsm_symbolic,gsm_symbolic
pairs_arith_v2.csv,12012,arithmetic,gsm8k_test_1189,cal,retain,H2_gsm_symbolic,gsm_symbolic
pairs_arith_v2.csv,12013,arithmetic,gsm8k_test_1189,cal,retain,H2_gsm_symbolic_p1,gsm_symbolic_p1
pairs_arith_v2.csv,12014,arithmetic,gsm8k_test_0546,cal,retain,H2_gsm_symbolic,gsm_symbolic
pairs_arith_v2.csv,12015,arithmetic,gsm8k_test_0546,cal,retain,H2_gsm_symbolic,gsm_symbolic
pairs_arith_v2.csv,12016,arithmetic,gsm8k_test_0546,cal,retain,H2_gsm_symbolic_p1,gsm_symbolic_p1
pairs_arith_v2.csv,12017,arithmetic,gsm8k_test_0400,cal,retain,H2_gsm_symbolic,gsm_symbolic
pairs_arith_v2.csv,12018,arithmetic,gsm8k_test_0400,cal,retain,H2_gsm_symbolic,gsm_symbolic
pairs_arith_v2.csv,12019,arithmetic,gsm8k_test_0400,cal,retain,H2_gsm_symbolic_p1,gsm_symbolic_p1
pairs_arith_v2.csv,12020,arithmetic,gsm8k_test_0480,cal,retain,H2_gsm_symbolic,gsm_symbolic
pairs_arith_v2.csv,12021,arithmetic,gsm8k_test_0480,cal,retain,H2_gsm_symbolic,gsm_symbolic
pairs_arith_v2.csv,12022,arithmetic,gsm8k_test_0480,cal,retain,H2_gsm_symbolic_p1,gsm_symbolic_p1
pairs_arith_v2.csv,12038,arithmetic,gsm8k_test_0579,cal,retain,H2_gsm_symbolic,gsm_symbolic
pairs_arith_v2.csv,12039,arithmetic,gsm8k_test_0579,cal,retain,H2_gsm_symbolic,gsm_symbolic
pairs_arith_v2.csv,12040,arithmetic,gsm8k_test_0579,cal,retain,H2_gsm_symbolic_p1,gsm_symbolic_p1
pairs_arith_v2.csv,12041,arithmetic,gsm8k_test_0469,cal,retain,H2_gsm_symbolic,gsm_symbolic
pairs_arith_v2.csv,12042,arithmetic,gsm8k_test_0469,cal,retain,H2_gsm_symbolic,gsm_symbolic
pairs_arith_v2.csv,12043,arithmetic,gsm8k_test_0469,cal,retain,H2_gsm_symbolic_p1,gsm_symbolic_p1
pairs_arith_v2.csv,12044,arithmetic,gsm8k_test_0164,cal,retain,H2_gsm_symbolic,gsm_symbolic
pairs_arith_v2.csv,12045,arithmetic,gsm8k_test_0164,cal,retain,H2_gsm_symbolic,gsm_symbolic
pairs_arith_v2.csv,12046,arithmetic,gsm8k_test_0164,cal,retain,H2_gsm_symbolic_p1,gsm_symbolic_p1
pairs_arith_v2.csv,12047,arithmetic,gsm8k_test_0728,cal,retain,H2_gsm_symbolic,gsm_symbolic
pairs_arith_v2.csv,12048,arithmetic,gsm8k_test_0728,cal,retain,H2_gsm_symbolic,gsm_symbolic
pairs_arith_v2.csv,12049,arithmetic,gsm8k_test_0728,cal,retain,H2_gsm_symbolic_p1,gsm_symbolic_p1
pairs_arith_v2.csv,12083,arithmetic,gsm8k_test_1088,cal,retain,H2_gsm_symbolic,gsm_symbolic
pairs_arith_v2.csv,12084,arithmetic,gsm8k_test_1088,cal,retain,H2_gsm_symbolic,gsm_symbolic
pairs_arith_v2.csv,12085,arithmetic,gsm8k_test_1088,cal,retain,H2_gsm_symbolic_p1,gsm_symbolic_p1
pairs_arith_v2.csv,12098,arithmetic,gsm8k_test_1305,cal,retain,H2_gsm_symbolic,gsm_symbolic
pairs_arith_v2.csv,12099,arithmetic,gsm8k_test_1305,cal,retain,H2_gsm_symbolic,gsm_symbolic
pairs_arith_v2.csv,12100,arithmetic,gsm8k_test_1305,cal,retain,H2_gsm_symbolic_p1,gsm_symbolic_p1
pairs_arith_v2.csv,12110,arithmetic,gsm8k_test_1099,cal,retain,H2_gsm_symbolic,gsm_symbolic
pairs_arith_v2.csv,12111,arithmetic,gsm8k_test_1099,cal,retain,H2_gsm_symbolic,gsm_symbolic
pairs_arith_v2.csv,12112,arithmetic,gsm8k_test_1099,cal,retain,H2_gsm_symbolic_p1,gsm_symbolic_p1
pairs_arith_v2.csv,12116,arithmetic,gsm8k_test_0652,cal,retain,H2_gsm_symbolic,gsm_symbolic
pairs_arith_v2.csv,12117,arithmetic,gsm8k_test_0652,cal,retain,H2_gsm_symbolic,gsm_symbolic
pairs_arith_v2.csv,12118,arithmetic,gsm8k_test_0652,cal,retain,H2_gsm_symbolic_p1,gsm_symbolic_p1
pairs_arith_v2.csv,12125,arithmetic,gsm8k_test_0432,cal,retain,H2_gsm_symbolic,gsm_symbolic
pairs_arith_v2.csv,12126,arithmetic,gsm8k_test_0432,cal,retain,H2_gsm_symbolic,gsm_symbolic
pairs_arith_v2.csv,12127,arithmetic,gsm8k_test_0432,cal,retain,H2_gsm_symbolic_p1,gsm_symbolic_p1
pairs_arith_v2.csv,12128,arithmetic,gsm8k_test_0554,cal,retain,H2_gsm_symbolic,gsm_symbolic
pairs_arith_v2.csv,12129,arithmetic,gsm8k_test_0554,cal,retain,H2_gsm_symbolic,gsm_symbolic
pairs_arith_v2.csv,12130,arithmetic,gsm8k_test_0554,cal,retain,H2_gsm_symbolic_p1,gsm_symbolic_p1
pairs_arith_v2.csv,12131,arithmetic,gsm8k_test_0718,cal,retain,H2_gsm_symbolic,gsm_symbolic
pairs_arith_v2.csv,12132,arithmetic,gsm8k_test_0718,cal,retain,H2_gsm_symbolic,gsm_symbolic
pairs_arith_v2.csv,12133,arithmetic,gsm8k_test_0718,cal,retain,H2_gsm_symbolic_p1,gsm_symbolic_p1
pairs_arith_v2.csv,12143,arithmetic,gsm8k_test_0858,cal,retain,H2_gsm_symbolic,gsm_symbolic
pairs_arith_v2.csv,12144,arithmetic,gsm8k_test_0858,cal,retain,H2_gsm_symbolic,gsm_symbolic
pairs_arith_v2.csv,12145,arithmetic,gsm8k_test_0858,cal,retain,H2_gsm_symbolic_p1,gsm_symbolic_p1
pairs_arith_v2.csv,12146,arithmetic,gsm8k_test_1141,cal,retain,H2_gsm_symbolic,gsm_symbolic
pairs_arith_v2.csv,12147,arithmetic,gsm8k_test_1141,cal,retain,H2_gsm_symbolic,gsm_symbolic
pairs_arith_v2.csv,12148,arithmetic,gsm8k_test_1141,cal,retain,H2_gsm_symbolic_p1,gsm_symbolic_p1
pairs_mcq_v2.csv,0,mcq,mmlu_abstract_algebra_0000,cal,remove,C0_exact,mmlu_copy
pairs_mcq_v2.csv,1,mcq,mmlu_abstract_algebra_0000,cal,remove,C2_answer_bearing,mmlu_answer_frag
pairs_mcq_v2.csv,2,mcq,mmlu_abstract_algebra_0000,cal,retain,H1_same_topic,mmlu_same_subject_other_item
pairs_mcq_v2.csv,3,mcq,mmlu_abstract_algebra_0000,cal,retain,H3_predating,logiqa
pairs_mcq_v2.csv,4,mcq,mmlu_abstract_algebra_0000,cal,retain,R_random,svamp
pairs_mcq_v2.csv,11,mcq,mmlu_abstract_algebra_0002,cal,remove,C0_exact,mmlu_copy
pairs_mcq_v2.csv,12,mcq,mmlu_abstract_algebra_0002,cal,remove,C1_transformed,lmsys_rephrase
pairs_mcq_v2.csv,13,mcq,mmlu_abstract_algebra_0002,cal,remove,C2_answer_bearing,mmlu_answer_frag
pairs_mcq_v2.csv,14,mcq,mmlu_abstract_algebra_0002,cal,retain,H1_same_topic,mmlu_same_subject_other_item
pairs_mcq_v2.csv,15,mcq,mmlu_abstract_algebra_0002,cal,retain,H3_predating,logiqa
pairs_mcq_v2.csv,16,mcq,mmlu_abstract_algebra_0002,cal,retain,R_random,svamp
pairs_mcq_v2.csv,23,mcq,mmlu_abstract_algebra_0004,cal,remove,C0_exact,mmlu_copy
pairs_mcq_v2.csv,24,mcq,mmlu_abstract_algebra_0004,cal,remove,C1_transformed,lmsys_rephrase
pairs_mcq_v2.csv,25,mcq,mmlu_abstract_algebra_0004,cal,remove,C2_answer_bearing,mmlu_answer_frag
pairs_mcq_v2.csv,26,mcq,mmlu_abstract_algebra_0004,cal,retain,H1_same_topic,mmlu_same_subject_other_item
pairs_mcq_v2.csv,27,mcq,mmlu_abstract_algebra_0004,cal,retain,H3_predating,logiqa
pairs_mcq_v2.csv,28,mcq,mmlu_abstract_algebra_0004,cal,retain,R_random,svamp
pairs_mcq_v2.csv,53,mcq,mmlu_abstract_algebra_0009,cal,remove,C0_exact,mmlu_copy
pairs_mcq_v2.csv,54,mcq,mmlu_abstract_algebra_0009,cal,remove,C1_transformed,lmsys_rephrase
pairs_mcq_v2.csv,55,mcq,mmlu_abstract_algebra_0009,cal,remove,C2_answer_bearing,mmlu_answer_frag
pairs_mcq_v2.csv,56,mcq,mmlu_abstract_algebra_0009,cal,retain,H1_same_topic,mmlu_same_subject_other_item
pairs_mcq_v2.csv,57,mcq,mmlu_abstract_algebra_0009,cal,retain,H3_predating,logiqa
pairs_mcq_v2.csv,58,mcq,mmlu_abstract_algebra_0009,cal,retain,R_random,svamp
pairs_mcq_v2.csv,77,mcq,mmlu_abstract_algebra_0013,cal,remove,C0_exact,mmlu_copy
pairs_mcq_v2.csv,78,mcq,mmlu_abstract_algebra_0013,cal,remove,C1_transformed,lmsys_rephrase
pairs_mcq_v2.csv,79,mcq,mmlu_abstract_algebra_0013,cal,remove,C2_answer_bearing,mmlu_answer_frag
pairs_mcq_v2.csv,80,mcq,mmlu_abstract_algebra_0013,cal,retain,H1_same_topic,mmlu_same_subject_other_item
pairs_mcq_v2.csv,81,mcq,mmlu_abstract_algebra_0013,cal,retain,H3_predating,logiqa
pairs_mcq_v2.csv,82,mcq,mmlu_abstract_algebra_0013,cal,retain,R_random,svamp
pairs_mcq_v2.csv,113,mcq,mmlu_abstract_algebra_0019,cal,remove,C0_exact,mmlu_copy
pairs_mcq_v2.csv,114,mcq,mmlu_abstract_algebra_0019,cal,remove,C1_transformed,lmsys_rephrase
pairs_mcq_v2.csv,115,mcq,mmlu_abstract_algebra_0019,cal,remove,C2_answer_bearing,mmlu_answer_frag
pairs_mcq_v2.csv,116,mcq,mmlu_abstract_algebra_0019,cal,retain,H1_same_topic,mmlu_same_subject_other_item
pairs_mcq_v2.csv,117,mcq,mmlu_abstract_algebra_0019,cal,retain,H3_predating,logiqa
pairs_mcq_v2.csv,118,mcq,mmlu_abstract_algebra_0019,cal,retain,R_random,svamp
pairs_mcq_v2.csv,119,mcq,mmlu_abstract_algebra_0020,cal,remove,C0_exact,mmlu_copy
pairs_mcq_v2.csv,120,mcq,mmlu_abstract_algebra_0020,cal,remove,C1_transformed,lmsys_rephrase
pairs_mcq_v2.csv,121,mcq,mmlu_abstract_algebra_0020,cal,remove,C2_answer_bearing,mmlu_answer_frag
pairs_mcq_v2.csv,122,mcq,mmlu_abstract_algebra_0020,cal,retain,H1_same_topic,mmlu_same_subject_other_item
pairs_mcq_v2.csv,123,mcq,mmlu_abstract_algebra_0020,cal,retain,H3_predating,logiqa
pairs_mcq_v2.csv,124,mcq,mmlu_abstract_algebra_0020,cal,retain,R_random,svamp
pairs_mcq_v2.csv,155,mcq,mmlu_abstract_algebra_0026,cal,remove,C0_exact,mmlu_copy
pairs_mcq_v2.csv,156,mcq,mmlu_abstract_algebra_0026,cal,remove,C1_transformed,lmsys_rephrase
pairs_mcq_v2.csv,157,mcq,mmlu_abstract_algebra_0026,cal,remove,C2_answer_bearing,mmlu_answer_frag
pairs_mcq_v2.csv,158,mcq,mmlu_abstract_algebra_0026,cal,retain,H1_same_topic,mmlu_same_subject_other_item
pairs_mcq_v2.csv,159,mcq,mmlu_abstract_algebra_0026,cal,retain,H3_predating,logiqa
pairs_mcq_v2.csv,160,mcq,mmlu_abstract_algebra_0026,cal,retain,R_random,svamp
pairs_mcq_v2.csv,196,mcq,mmlu_abstract_algebra_0033,cal,remove,C0_exact,mmlu_copy
pairs_mcq_v2.csv,197,mcq,mmlu_abstract_algebra_0033,cal,remove,C1_transformed,lmsys_rephrase
pairs_mcq_v2.csv,198,mcq,mmlu_abstract_algebra_0033,cal,remove,C2_answer_bearing,mmlu_answer_frag
pairs_mcq_v2.csv,199,mcq,mmlu_abstract_algebra_0033,cal,retain,H1_same_topic,mmlu_same_subject_other_item
pairs_mcq_v2.csv,200,mcq,mmlu_abstract_algebra_0033,cal,retain,H3_predating,logiqa
pairs_mcq_v2.csv,201,mcq,mmlu_abstract_algebra_0033,cal,retain,R_random,svamp
pairs_mcq_v2.csv,208,mcq,mmlu_abstract_algebra_0035,cal,remove,C0_exact,mmlu_copy
pairs_mcq_v2.csv,209,mcq,mmlu_abstract_algebra_0035,cal,remove,C1_transformed,lmsys_rephrase
pairs_mcq_v2.csv,210,mcq,mmlu_abstract_algebra_0035,cal,remove,C2_answer_bearing,mmlu_answer_frag
pairs_mcq_v2.csv,211,mcq,mmlu_abstract_algebra_0035,cal,retain,H1_same_topic,mmlu_same_subject_other_item
pairs_mcq_v2.csv,212,mcq,mmlu_abstract_algebra_0035,cal,retain,H3_predating,logiqa
pairs_mcq_v2.csv,213,mcq,mmlu_abstract_algebra_0035,cal,retain,R_random,svamp
pairs_mcq_v2.csv,237,mcq,mmlu_abstract_algebra_0040,cal,remove,C0_exact,mmlu_copy
pairs_mcq_v2.csv,238,mcq,mmlu_abstract_algebra_0040,cal,remove,C1_transformed,lmsys_rephrase
pairs_mcq_v2.csv,239,mcq,mmlu_abstract_algebra_0040,cal,remove,C2_answer_bearing,mmlu_answer_frag
pairs_mcq_v2.csv,240,mcq,mmlu_abstract_algebra_0040,cal,retain,H1_same_topic,mmlu_same_subject_other_item
pairs_mcq_v2.csv,241,mcq,mmlu_abstract_algebra_0040,cal,retain,H3_predating,logiqa
pairs_mcq_v2.csv,242,mcq,mmlu_abstract_algebra_0040,cal,retain,R_random,svamp
pairs_mcq_v2.csv,243,mcq,mmlu_abstract_algebra_0041,cal,remove,C0_exact,mmlu_copy
pairs_mcq_v2.csv,244,mcq,mmlu_abstract_algebra_0041,cal,remove,C1_transformed,lmsys_rephrase
pairs_mcq_v2.csv,245,mcq,mmlu_abstract_algebra_0041,cal,remove,C2_answer_bearing,mmlu_answer_frag
pairs_mcq_v2.csv,246,mcq,mmlu_abstract_algebra_0041,cal,retain,H1_same_topic,mmlu_same_subject_other_item
pairs_mcq_v2.csv,247,mcq,mmlu_abstract_algebra_0041,cal,retain,H3_predating,logiqa
pairs_mcq_v2.csv,248,mcq,mmlu_abstract_algebra_0041,cal,retain,R_random,svamp
pairs_mcq_v2.csv,302,mcq,mmlu_abstract_algebra_0051,cal,remove,C0_exact,mmlu_copy
pairs_mcq_v2.csv,303,mcq,mmlu_abstract_algebra_0051,cal,remove,C1_transformed,lmsys_rephrase
pairs_mcq_v2.csv,304,mcq,mmlu_abstract_algebra_0051,cal,remove,C2_answer_bearing,mmlu_answer_frag
pairs_mcq_v2.csv,305,mcq,mmlu_abstract_algebra_0051,cal,retain,H1_same_topic,mmlu_same_subject_other_item
pairs_mcq_v2.csv,306,mcq,mmlu_abstract_algebra_0051,cal,retain,H3_predating,logiqa
pairs_mcq_v2.csv,307,mcq,mmlu_abstract_algebra_0051,cal,retain,R_random,svamp
pairs_mcq_v2.csv,314,mcq,mmlu_abstract_algebra_0053,cal,remove,C0_exact,mmlu_copy
pairs_mcq_v2.csv,315,mcq,mmlu_abstract_algebra_0053,cal,remove,C1_transformed,lmsys_rephrase
pairs_mcq_v2.csv,316,mcq,mmlu_abstract_algebra_0053,cal,remove,C2_answer_bearing,mmlu_answer_frag
pairs_mcq_v2.csv,317,mcq,mmlu_abstract_algebra_0053,cal,retain,H1_same_topic,mmlu_same_subject_other_item
pairs_mcq_v2.csv,318,mcq,mmlu_abstract_algebra_0053,cal,retain,H3_predating,logiqa
pairs_mcq_v2.csv,319,mcq,mmlu_abstract_algebra_0053,cal,retain,R_random,svamp
pairs_mcq_v2.csv,320,mcq,mmlu_abstract_algebra_0054,cal,remove,C0_exact,mmlu_copy
pairs_mcq_v2.csv,321,mcq,mmlu_abstract_algebra_0054,cal,remove,C1_transformed,lmsys_rephrase
pairs_mcq_v2.csv,322,mcq,mmlu_abstract_algebra_0054,cal,remove,C2_answer_bearing,mmlu_answer_frag
pairs_mcq_v2.csv,323,mcq,mmlu_abstract_algebra_0054,cal,retain,H1_same_topic,mmlu_same_subject_other_item
pairs_mcq_v2.csv,324,mcq,mmlu_abstract_algebra_0054,cal,retain,H3_predating,logiqa
pairs_mcq_v2.csv,325,mcq,mmlu_abstract_algebra_0054,cal,retain,R_random,svamp
pairs_mcq_v2.csv,326,mcq,mmlu_abstract_algebra_0055,cal,remove,C0_exact,mmlu_copy
pairs_mcq_v2.csv,327,mcq,mmlu_abstract_algebra_0055,cal,remove,C1_transformed,lmsys_rephrase
pairs_mcq_v2.csv,328,mcq,mmlu_abstract_algebra_0055,cal,remove,C2_answer_bearing,mmlu_answer_frag
pairs_mcq_v2.csv,329,mcq,mmlu_abstract_algebra_0055,cal,retain,H1_same_topic,mmlu_same_subject_other_item
pairs_mcq_v2.csv,330,mcq,mmlu_abstract_algebra_0055,cal,retain,H3_predating,logiqa
pairs_mcq_v2.csv,331,mcq,mmlu_abstract_algebra_0055,cal,retain,R_random,svamp
pairs_mcq_v2.csv,374,mcq,mmlu_abstract_algebra_0063,cal,remove,C0_exact,mmlu_copy
pairs_mcq_v2.csv,375,mcq,mmlu_abstract_algebra_0063,cal,remove,C1_transformed,lmsys_rephrase
pairs_mcq_v2.csv,376,mcq,mmlu_abstract_algebra_0063,cal,remove,C2_answer_bearing,mmlu_answer_frag
pairs_mcq_v2.csv,377,mcq,mmlu_abstract_algebra_0063,cal,retain,H1_same_topic,mmlu_same_subject_other_item
pairs_mcq_v2.csv,378,mcq,mmlu_abstract_algebra_0063,cal,retain,H3_predating,logiqa
pairs_mcq_v2.csv,379,mcq,mmlu_abstract_algebra_0063,cal,retain,R_random,svamp
pairs_mcq_v2.csv,392,mcq,mmlu_abstract_algebra_0066,cal,remove,C0_exact,mmlu_copy
pairs_mcq_v2.csv,393,mcq,mmlu_abstract_algebra_0066,cal,remove,C1_transformed,lmsys_rephrase
pairs_mcq_v2.csv,394,mcq,mmlu_abstract_algebra_0066,cal,remove,C2_answer_bearing,mmlu_answer_frag
pairs_mcq_v2.csv,395,mcq,mmlu_abstract_algebra_0066,cal,retain,H1_same_topic,mmlu_same_subject_other_item
pairs_mcq_v2.csv,396,mcq,mmlu_abstract_algebra_0066,cal,retain,H3_predating,logiqa
pairs_mcq_v2.csv,397,mcq,mmlu_abstract_algebra_0066,cal,retain,R_random,svamp
pairs_mcq_v2.csv,416,mcq,mmlu_abstract_algebra_0070,cal,remove,C0_exact,mmlu_copy
pairs_mcq_v2.csv,417,mcq,mmlu_abstract_algebra_0070,cal,remove,C1_transformed,lmsys_rephrase
pairs_mcq_v2.csv,418,mcq,mmlu_abstract_algebra_0070,cal,remove,C2_answer_bearing,mmlu_answer_frag
pairs_mcq_v2.csv,419,mcq,mmlu_abstract_algebra_0070,cal,retain,H1_same_topic,mmlu_same_subject_other_item
pairs_mcq_v2.csv,420,mcq,mmlu_abstract_algebra_0070,cal,retain,H3_predating,logiqa
pairs_mcq_v2.csv,421,mcq,mmlu_abstract_algebra_0070,cal,retain,R_random,svamp
pairs_mcq_v2.csv,422,mcq,mmlu_abstract_algebra_0071,cal,remove,C0_exact,mmlu_copy
pairs_mcq_v2.csv,423,mcq,mmlu_abstract_algebra_0071,cal,remove,C1_transformed,lmsys_rephrase
pairs_mcq_v2.csv,424,mcq,mmlu_abstract_algebra_0071,cal,remove,C2_answer_bearing,mmlu_answer_frag
pairs_mcq_v2.csv,425,mcq,mmlu_abstract_algebra_0071,cal,retain,H1_same_topic,mmlu_same_subject_other_item
pairs_mcq_v2.csv,426,mcq,mmlu_abstract_algebra_0071,cal,retain,H3_predating,logiqa
pairs_mcq_v2.csv,427,mcq,mmlu_abstract_algebra_0071,cal,retain,R_random,svamp
pairs_mcq_v2.csv,428,mcq,mmlu_abstract_algebra_0072,cal,remove,C0_exact,mmlu_copy
pairs_mcq_v2.csv,429,mcq,mmlu_abstract_algebra_0072,cal,remove,C1_transformed,lmsys_rephrase
pairs_mcq_v2.csv,430,mcq,mmlu_abstract_algebra_0072,cal,remove,C2_answer_bearing,mmlu_answer_frag
pairs_mcq_v2.csv,431,mcq,mmlu_abstract_algebra_0072,cal,retain,H1_same_topic,mmlu_same_subject_other_item
pairs_mcq_v2.csv,432,mcq,mmlu_abstract_algebra_0072,cal,retain,H3_predating,logiqa
pairs_mcq_v2.csv,433,mcq,mmlu_abstract_algebra_0072,cal,retain,R_random,svamp
pairs_mcq_v2.csv,446,mcq,mmlu_abstract_algebra_0075,cal,remove,C0_exact,mmlu_copy
pairs_mcq_v2.csv,447,mcq,mmlu_abstract_algebra_0075,cal,remove,C1_transformed,lmsys_rephrase
pairs_mcq_v2.csv,448,mcq,mmlu_abstract_algebra_0075,cal,remove,C2_answer_bearing,mmlu_answer_frag
pairs_mcq_v2.csv,449,mcq,mmlu_abstract_algebra_0075,cal,retain,H1_same_topic,mmlu_same_subject_other_item
pairs_mcq_v2.csv,450,mcq,mmlu_abstract_algebra_0075,cal,retain,H3_predating,logiqa
pairs_mcq_v2.csv,451,mcq,mmlu_abstract_algebra_0075,cal,retain,R_random,svamp
pairs_mcq_v2.csv,470,mcq,mmlu_abstract_algebra_0079,cal,remove,C0_exact,mmlu_copy
pairs_mcq_v2.csv,471,mcq,mmlu_abstract_algebra_0079,cal,remove,C1_transformed,lmsys_rephrase
pairs_mcq_v2.csv,472,mcq,mmlu_abstract_algebra_0079,cal,remove,C2_answer_bearing,mmlu_answer_frag
pairs_mcq_v2.csv,473,mcq,mmlu_abstract_algebra_0079,cal,retain,H1_same_topic,mmlu_same_subject_other_item
pairs_mcq_v2.csv,474,mcq,mmlu_abstract_algebra_0079,cal,retain,H3_predating,logiqa
pairs_mcq_v2.csv,475,mcq,mmlu_abstract_algebra_0079,cal,retain,R_random,svamp
pairs_mcq_v2.csv,482,mcq,mmlu_abstract_algebra_0081,cal,remove,C0_exact,mmlu_copy
pairs_mcq_v2.csv,483,mcq,mmlu_abstract_algebra_0081,cal,remove,C1_transformed,lmsys_rephrase
pairs_mcq_v2.csv,484,mcq,mmlu_abstract_algebra_0081,cal,remove,C2_answer_bearing,mmlu_answer_frag
pairs_mcq_v2.csv,485,mcq,mmlu_abstract_algebra_0081,cal,retain,H1_same_topic,mmlu_same_subject_other_item
pairs_mcq_v2.csv,486,mcq,mmlu_abstract_algebra_0081,cal,retain,H3_predating,logiqa
pairs_mcq_v2.csv,487,mcq,mmlu_abstract_algebra_0081,cal,retain,R_random,svamp
pairs_mcq_v2.csv,548,mcq,mmlu_abstract_algebra_0092,cal,remove,C0_exact,mmlu_copy
pairs_mcq_v2.csv,549,mcq,mmlu_abstract_algebra_0092,cal,remove,C1_transformed,lmsys_rephrase
pairs_mcq_v2.csv,550,mcq,mmlu_abstract_algebra_0092,cal,remove,C2_answer_bearing,mmlu_answer_frag
pairs_mcq_v2.csv,551,mcq,mmlu_abstract_algebra_0092,cal,retain,H1_same_topic,mmlu_same_subject_other_item
pairs_mcq_v2.csv,552,mcq,mmlu_abstract_algebra_0092,cal,retain,H3_predating,logiqa
pairs_mcq_v2.csv,553,mcq,mmlu_abstract_algebra_0092,cal,retain,R_random,svamp
pairs_mcq_v2.csv,590,mcq,mmlu_abstract_algebra_0099,cal,remove,C0_exact,mmlu_copy
pairs_mcq_v2.csv,591,mcq,mmlu_abstract_algebra_0099,cal,remove,C1_transformed,lmsys_rephrase
pairs_mcq_v2.csv,592,mcq,mmlu_abstract_algebra_0099,cal,remove,C2_answer_bearing,mmlu_answer_frag
pairs_mcq_v2.csv,593,mcq,mmlu_abstract_algebra_0099,cal,retain,H1_same_topic,mmlu_same_subject_other_item
pairs_mcq_v2.csv,594,mcq,mmlu_abstract_algebra_0099,cal,retain,H3_predating,logiqa
pairs_mcq_v2.csv,595,mcq,mmlu_abstract_algebra_0099,cal,retain,R_random,svamp
pairs_mcq_v2.csv,613,mcq,mmlu_high_school_us_history_0003,cal,remove,C0_exact,mmlu_copy
pairs_mcq_v2.csv,614,mcq,mmlu_high_school_us_history_0003,cal,remove,C1_transformed,lmsys_rephrase
pairs_mcq_v2.csv,615,mcq,mmlu_high_school_us_history_0003,cal,remove,C2_answer_bearing,mmlu_answer_frag
pairs_mcq_v2.csv,616,mcq,mmlu_high_school_us_history_0003,cal,retain,H1_same_topic,mmlu_same_subject_other_item
pairs_mcq_v2.csv,617,mcq,mmlu_high_school_us_history_0003,cal,retain,H3_predating,logiqa
pairs_mcq_v2.csv,618,mcq,mmlu_high_school_us_history_0003,cal,retain,R_random,svamp
pairs_mcq_v2.csv,619,mcq,mmlu_high_school_us_history_0004,cal,remove,C0_exact,mmlu_copy
pairs_mcq_v2.csv,620,mcq,mmlu_high_school_us_history_0004,cal,remove,C1_transformed,lmsys_rephrase
pairs_mcq_v2.csv,621,mcq,mmlu_high_school_us_history_0004,cal,remove,C2_answer_bearing,mmlu_answer_frag
pairs_mcq_v2.csv,622,mcq,mmlu_high_school_us_history_0004,cal,retain,H1_same_topic,mmlu_same_subject_other_item
pairs_mcq_v2.csv,623,mcq,mmlu_high_school_us_history_0004,cal,retain,H3_predating,logiqa
pairs_mcq_v2.csv,624,mcq,mmlu_high_school_us_history_0004,cal,retain,R_random,svamp
pairs_mcq_v2.csv,655,mcq,mmlu_high_school_us_history_0010,cal,remove,C0_exact,mmlu_copy
pairs_mcq_v2.csv,656,mcq,mmlu_high_school_us_history_0010,cal,remove,C1_transformed,lmsys_rephrase
pairs_mcq_v2.csv,657,mcq,mmlu_high_school_us_history_0010,cal,remove,C2_answer_bearing,mmlu_answer_frag
pairs_mcq_v2.csv,658,mcq,mmlu_high_school_us_history_0010,cal,retain,H1_same_topic,mmlu_same_subject_other_item
pairs_mcq_v2.csv,659,mcq,mmlu_high_school_us_history_0010,cal,retain,H3_predating,logiqa
pairs_mcq_v2.csv,660,mcq,mmlu_high_school_us_history_0010,cal,retain,R_random,svamp
pairs_mcq_v2.csv,661,mcq,mmlu_high_school_us_history_0011,cal,remove,C0_exact,mmlu_copy
pairs_mcq_v2.csv,662,mcq,mmlu_high_school_us_history_0011,cal,remove,C1_transformed,lmsys_rephrase
pairs_mcq_v2.csv,663,mcq,mmlu_high_school_us_history_0011,cal,remove,C2_answer_bearing,mmlu_answer_frag
pairs_mcq_v2.csv,664,mcq,mmlu_high_school_us_history_0011,cal,retain,H1_same_topic,mmlu_same_subject_other_item
pairs_mcq_v2.csv,665,mcq,mmlu_high_school_us_history_0011,cal,retain,H3_predating,logiqa
pairs_mcq_v2.csv,666,mcq,mmlu_high_school_us_history_0011,cal,retain,R_random,svamp
pairs_mcq_v2.csv,673,mcq,mmlu_high_school_us_history_0013,cal,remove,C0_exact,mmlu_copy
pairs_mcq_v2.csv,674,mcq,mmlu_high_school_us_history_0013,cal,remove,C1_transformed,lmsys_rephrase
pairs_mcq_v2.csv,675,mcq,mmlu_high_school_us_history_0013,cal,remove,C2_answer_bearing,mmlu_answer_frag
pairs_mcq_v2.csv,676,mcq,mmlu_high_school_us_history_0013,cal,retain,H1_same_topic,mmlu_same_subject_other_item
pairs_mcq_v2.csv,677,mcq,mmlu_high_school_us_history_0013,cal,retain,H3_predating,logiqa
pairs_mcq_v2.csv,678,mcq,mmlu_high_school_us_history_0013,cal,retain,R_random,svamp
pairs_mcq_v2.csv,714,mcq,mmlu_high_school_us_history_0020,cal,remove,C0_exact,mmlu_copy
pairs_mcq_v2.csv,715,mcq,mmlu_high_school_us_history_0020,cal,remove,C1_transformed,lmsys_rephrase
pairs_mcq_v2.csv,716,mcq,mmlu_high_school_us_history_0020,cal,remove,C2_answer_bearing,mmlu_answer_frag
pairs_mcq_v2.csv,717,mcq,mmlu_high_school_us_history_0020,cal,retain,H1_same_topic,mmlu_same_subject_other_item
pairs_mcq_v2.csv,718,mcq,mmlu_high_school_us_history_0020,cal,retain,H3_predating,logiqa
pairs_mcq_v2.csv,719,mcq,mmlu_high_school_us_history_0020,cal,retain,R_random,svamp
pairs_mcq_v2.csv,720,mcq,mmlu_high_school_us_history_0021,cal,remove,C0_exact,mmlu_copy
pairs_mcq_v2.csv,721,mcq,mmlu_high_school_us_history_0021,cal,remove,C1_transformed,lmsys_rephrase
pairs_mcq_v2.csv,722,mcq,mmlu_high_school_us_history_0021,cal,remove,C2_answer_bearing,mmlu_answer_frag
pairs_mcq_v2.csv,723,mcq,mmlu_high_school_us_history_0021,cal,retain,H1_same_topic,mmlu_same_subject_other_item
pairs_mcq_v2.csv,724,mcq,mmlu_high_school_us_history_0021,cal,retain,H3_predating,logiqa
pairs_mcq_v2.csv,725,mcq,mmlu_high_school_us_history_0021,cal,retain,R_random,svamp
pairs_mcq_v2.csv,797,mcq,mmlu_high_school_us_history_0034,cal,remove,C0_exact,mmlu_copy
pairs_mcq_v2.csv,798,mcq,mmlu_high_school_us_history_0034,cal,remove,C1_transformed,lmsys_rephrase
pairs_mcq_v2.csv,799,mcq,mmlu_high_school_us_history_0034,cal,remove,C2_answer_bearing,mmlu_answer_frag
pairs_mcq_v2.csv,800,mcq,mmlu_high_school_us_history_0034,cal,retain,H1_same_topic,mmlu_same_subject_other_item
pairs_mcq_v2.csv,801,mcq,mmlu_high_school_us_history_0034,cal,retain,H3_predating,logiqa
pairs_mcq_v2.csv,802,mcq,mmlu_high_school_us_history_0034,cal,retain,R_random,svamp
pairs_mcq_v2.csv,815,mcq,mmlu_high_school_us_history_0037,cal,remove,C0_exact,mmlu_copy
pairs_mcq_v2.csv,816,mcq,mmlu_high_school_us_history_0037,cal,remove,C1_transformed,lmsys_rephrase
pairs_mcq_v2.csv,817,mcq,mmlu_high_school_us_history_0037,cal,remove,C2_answer_bearing,mmlu_answer_frag
pairs_mcq_v2.csv,818,mcq,mmlu_high_school_us_history_0037,cal,retain,H1_same_topic,mmlu_same_subject_other_item
pairs_mcq_v2.csv,819,mcq,mmlu_high_school_us_history_0037,cal,retain,H3_predating,logiqa
pairs_mcq_v2.csv,820,mcq,mmlu_high_school_us_history_0037,cal,retain,R_random,svamp
pairs_mcq_v2.csv,833,mcq,mmlu_high_school_us_history_0040,cal,remove,C0_exact,mmlu_copy
pairs_mcq_v2.csv,834,mcq,mmlu_high_school_us_history_0040,cal,remove,C1_transformed,lmsys_rephrase
pairs_mcq_v2.csv,835,mcq,mmlu_high_school_us_history_0040,cal,remove,C2_answer_bearing,mmlu_answer_frag
pairs_mcq_v2.csv,836,mcq,mmlu_high_school_us_history_0040,cal,retain,H1_same_topic,mmlu_same_subject_other_item
pairs_mcq_v2.csv,837,mcq,mmlu_high_school_us_history_0040,cal,retain,H3_predating,logiqa
pairs_mcq_v2.csv,838,mcq,mmlu_high_school_us_history_0040,cal,retain,R_random,svamp
pairs_mcq_v2.csv,845,mcq,mmlu_high_school_us_history_0042,cal,remove,C0_exact,mmlu_copy
pairs_mcq_v2.csv,846,mcq,mmlu_high_school_us_history_0042,cal,remove,C1_transformed,lmsys_rephrase
pairs_mcq_v2.csv,847,mcq,mmlu_high_school_us_history_0042,cal,remove,C2_answer_bearing,mmlu_answer_frag
pairs_mcq_v2.csv,848,mcq,mmlu_high_school_us_history_0042,cal,retain,H1_same_topic,mmlu_same_subject_other_item
pairs_mcq_v2.csv,849,mcq,mmlu_high_school_us_history_0042,cal,retain,H3_predating,logiqa
pairs_mcq_v2.csv,850,mcq,mmlu_high_school_us_history_0042,cal,retain,R_random,svamp
pairs_mcq_v2.csv,863,mcq,mmlu_high_school_us_history_0045,cal,remove,C0_exact,mmlu_copy
pairs_mcq_v2.csv,864,mcq,mmlu_high_school_us_history_0045,cal,remove,C2_answer_bearing,mmlu_answer_frag
pairs_mcq_v2.csv,865,mcq,mmlu_high_school_us_history_0045,cal,retain,H1_same_topic,mmlu_same_subject_other_item
pairs_mcq_v2.csv,866,mcq,mmlu_high_school_us_history_0045,cal,retain,H3_predating,logiqa
pairs_mcq_v2.csv,867,mcq,mmlu_high_school_us_history_0045,cal,retain,R_random,svamp
pairs_mcq_v2.csv,868,mcq,mmlu_high_school_us_history_0046,cal,remove,C0_exact,mmlu_copy
pairs_mcq_v2.csv,869,mcq,mmlu_high_school_us_history_0046,cal,remove,C1_transformed,lmsys_rephrase
pairs_mcq_v2.csv,870,mcq,mmlu_high_school_us_history_0046,cal,remove,C2_answer_bearing,mmlu_answer_frag
pairs_mcq_v2.csv,871,mcq,mmlu_high_school_us_history_0046,cal,retain,H1_same_topic,mmlu_same_subject_other_item
pairs_mcq_v2.csv,872,mcq,mmlu_high_school_us_history_0046,cal,retain,H3_predating,logiqa
pairs_mcq_v2.csv,873,mcq,mmlu_high_school_us_history_0046,cal,retain,R_random,svamp
pairs_mcq_v2.csv,874,mcq,mmlu_high_school_us_history_0047,cal,remove,C0_exact,mmlu_copy
pairs_mcq_v2.csv,875,mcq,mmlu_high_school_us_history_0047,cal,remove,C1_transformed,lmsys_rephrase
pairs_mcq_v2.csv,876,mcq,mmlu_high_school_us_history_0047,cal,remove,C2_answer_bearing,mmlu_answer_frag
pairs_mcq_v2.csv,877,mcq,mmlu_high_school_us_history_0047,cal,retain,H1_same_topic,mmlu_same_subject_other_item
pairs_mcq_v2.csv,878,mcq,mmlu_high_school_us_history_0047,cal,retain,H3_predating,logiqa
pairs_mcq_v2.csv,879,mcq,mmlu_high_school_us_history_0047,cal,retain,R_random,svamp
pairs_mcq_v2.csv,892,mcq,mmlu_high_school_us_history_0050,cal,remove,C0_exact,mmlu_copy
pairs_mcq_v2.csv,893,mcq,mmlu_high_school_us_history_0050,cal,remove,C1_transformed,lmsys_rephrase
pairs_mcq_v2.csv,894,mcq,mmlu_high_school_us_history_0050,cal,remove,C2_answer_bearing,mmlu_answer_frag
pairs_mcq_v2.csv,895,mcq,mmlu_high_school_us_history_0050,cal,retain,H1_same_topic,mmlu_same_subject_other_item
pairs_mcq_v2.csv,896,mcq,mmlu_high_school_us_history_0050,cal,retain,H3_predating,logiqa
pairs_mcq_v2.csv,897,mcq,mmlu_high_school_us_history_0050,cal,retain,R_random,svamp
pairs_mcq_v2.csv,910,mcq,mmlu_high_school_us_history_0053,cal,remove,C0_exact,mmlu_copy
pairs_mcq_v2.csv,911,mcq,mmlu_high_school_us_history_0053,cal,remove,C1_transformed,lmsys_rephrase
pairs_mcq_v2.csv,912,mcq,mmlu_high_school_us_history_0053,cal,remove,C2_answer_bearing,mmlu_answer_frag
pairs_mcq_v2.csv,913,mcq,mmlu_high_school_us_history_0053,cal,retain,H1_same_topic,mmlu_same_subject_other_item
pairs_mcq_v2.csv,914,mcq,mmlu_high_school_us_history_0053,cal,retain,H3_predating,logiqa
pairs_mcq_v2.csv,915,mcq,mmlu_high_school_us_history_0053,cal,retain,R_random,svamp
pairs_mcq_v2.csv,916,mcq,mmlu_high_school_us_history_0054,cal,remove,C0_exact,mmlu_copy
pairs_mcq_v2.csv,917,mcq,mmlu_high_school_us_history_0054,cal,remove,C1_transformed,lmsys_rephrase
pairs_mcq_v2.csv,918,mcq,mmlu_high_school_us_history_0054,cal,remove,C2_answer_bearing,mmlu_answer_frag
pairs_mcq_v2.csv,919,mcq,mmlu_high_school_us_history_0054,cal,retain,H1_same_topic,mmlu_same_subject_other_item
pairs_mcq_v2.csv,920,mcq,mmlu_high_school_us_history_0054,cal,retain,H3_predating,logiqa
pairs_mcq_v2.csv,921,mcq,mmlu_high_school_us_history_0054,cal,retain,R_random,svamp
pairs_mcq_v2.csv,928,mcq,mmlu_high_school_us_history_0056,cal,remove,C0_exact,mmlu_copy
pairs_mcq_v2.csv,929,mcq,mmlu_high_school_us_history_0056,cal,remove,C1_transformed,lmsys_rephrase
pairs_mcq_v2.csv,930,mcq,mmlu_high_school_us_history_0056,cal,remove,C2_answer_bearing,mmlu_answer_frag
pairs_mcq_v2.csv,931,mcq,mmlu_high_school_us_history_0056,cal,retain,H1_same_topic,mmlu_same_subject_other_item
pairs_mcq_v2.csv,932,mcq,mmlu_high_school_us_history_0056,cal,retain,H3_predating,logiqa
pairs_mcq_v2.csv,933,mcq,mmlu_high_school_us_history_0056,cal,retain,R_random,svamp
pairs_mcq_v2.csv,940,mcq,mmlu_high_school_us_history_0058,cal,remove,C0_exact,mmlu_copy
pairs_mcq_v2.csv,941,mcq,mmlu_high_school_us_history_0058,cal,remove,C1_transformed,lmsys_rephrase
pairs_mcq_v2.csv,942,mcq,mmlu_high_school_us_history_0058,cal,remove,C2_answer_bearing,mmlu_answer_frag
pairs_mcq_v2.csv,943,mcq,mmlu_high_school_us_history_0058,cal,retain,H1_same_topic,mmlu_same_subject_other_item
pairs_mcq_v2.csv,944,mcq,mmlu_high_school_us_history_0058,cal,retain,H3_predating,logiqa
pairs_mcq_v2.csv,945,mcq,mmlu_high_school_us_history_0058,cal,retain,R_random,svamp
pairs_mcq_v2.csv,946,mcq,mmlu_high_school_us_history_0059,cal,remove,C0_exact,mmlu_copy
pairs_mcq_v2.csv,947,mcq,mmlu_high_school_us_history_0059,cal,remove,C1_transformed,lmsys_rephrase
pairs_mcq_v2.csv,948,mcq,mmlu_high_school_us_history_0059,cal,remove,C2_answer_bearing,mmlu_answer_frag
pairs_mcq_v2.csv,949,mcq,mmlu_high_school_us_history_0059,cal,retain,H1_same_topic,mmlu_same_subject_other_item
pairs_mcq_v2.csv,950,mcq,mmlu_high_school_us_history_0059,cal,retain,H3_predating,logiqa
pairs_mcq_v2.csv,951,mcq,mmlu_high_school_us_history_0059,cal,retain,R_random,svamp
pairs_mcq_v2.csv,952,mcq,mmlu_high_school_us_history_0060,cal,remove,C0_exact,mmlu_copy
pairs_mcq_v2.csv,953,mcq,mmlu_high_school_us_history_0060,cal,remove,C1_transformed,lmsys_rephrase
pairs_mcq_v2.csv,954,mcq,mmlu_high_school_us_history_0060,cal,remove,C2_answer_bearing,mmlu_answer_frag
pairs_mcq_v2.csv,955,mcq,mmlu_high_school_us_history_0060,cal,retain,H1_same_topic,mmlu_same_subject_other_item
pairs_mcq_v2.csv,956,mcq,mmlu_high_school_us_history_0060,cal,retain,H3_predating,logiqa
pairs_mcq_v2.csv,957,mcq,mmlu_high_school_us_history_0060,cal,retain,R_random,svamp
pairs_mcq_v2.csv,958,mcq,mmlu_high_school_us_history_0061,cal,remove,C0_exact,mmlu_copy
pairs_mcq_v2.csv,959,mcq,mmlu_high_school_us_history_0061,cal,remove,C1_transformed,lmsys_rephrase
pairs_mcq_v2.csv,960,mcq,mmlu_high_school_us_history_0061,cal,remove,C2_answer_bearing,mmlu_answer_frag
pairs_mcq_v2.csv,961,mcq,mmlu_high_school_us_history_0061,cal,retain,H1_same_topic,mmlu_same_subject_other_item
pairs_mcq_v2.csv,962,mcq,mmlu_high_school_us_history_0061,cal,retain,H3_predating,logiqa
pairs_mcq_v2.csv,963,mcq,mmlu_high_school_us_history_0061,cal,retain,R_random,svamp
pairs_mcq_v2.csv,976,mcq,mmlu_high_school_us_history_0064,cal,remove,C0_exact,mmlu_copy
pairs_mcq_v2.csv,977,mcq,mmlu_high_school_us_history_0064,cal,remove,C1_transformed,lmsys_rephrase
pairs_mcq_v2.csv,978,mcq,mmlu_high_school_us_history_0064,cal,remove,C2_answer_bearing,mmlu_answer_frag
pairs_mcq_v2.csv,979,mcq,mmlu_high_school_us_history_0064,cal,retain,H1_same_topic,mmlu_same_subject_other_item
pairs_mcq_v2.csv,980,mcq,mmlu_high_school_us_history_0064,cal,retain,H3_predating,logiqa
pairs_mcq_v2.csv,981,mcq,mmlu_high_school_us_history_0064,cal,retain,R_random,svamp
pairs_mcq_v2.csv,988,mcq,mmlu_high_school_us_history_0066,cal,remove,C0_exact,mmlu_copy
pairs_mcq_v2.csv,989,mcq,mmlu_high_school_us_history_0066,cal,remove,C1_transformed,lmsys_rephrase
pairs_mcq_v2.csv,990,mcq,mmlu_high_school_us_history_0066,cal,remove,C2_answer_bearing,mmlu_answer_frag
pairs_mcq_v2.csv,991,mcq,mmlu_high_school_us_history_0066,cal,retain,H1_same_topic,mmlu_same_subject_other_item
pairs_mcq_v2.csv,992,mcq,mmlu_high_school_us_history_0066,cal,retain,H3_predating,logiqa
pairs_mcq_v2.csv,993,mcq,mmlu_high_school_us_history_0066,cal,retain,R_random,svamp
pairs_mcq_v2.csv,1000,mcq,mmlu_high_school_us_history_0068,cal,remove,C0_exact,mmlu_copy
pairs_mcq_v2.csv,1001,mcq,mmlu_high_school_us_history_0068,cal,remove,C1_transformed,lmsys_rephrase
pairs_mcq_v2.csv,1002,mcq,mmlu_high_school_us_history_0068,cal,remove,C2_answer_bearing,mmlu_answer_frag
pairs_mcq_v2.csv,1003,mcq,mmlu_high_school_us_history_0068,cal,retain,H1_same_topic,mmlu_same_subject_other_item
pairs_mcq_v2.csv,1004,mcq,mmlu_high_school_us_history_0068,cal,retain,H3_predating,logiqa
pairs_mcq_v2.csv,1005,mcq,mmlu_high_school_us_history_0068,cal,retain,R_random,svamp
pairs_mcq_v2.csv,1006,mcq,mmlu_high_school_us_history_0069,cal,remove,C0_exact,mmlu_copy
pairs_mcq_v2.csv,1007,mcq,mmlu_high_school_us_history_0069,cal,remove,C1_transformed,lmsys_rephrase
pairs_mcq_v2.csv,1008,mcq,mmlu_high_school_us_history_0069,cal,remove,C2_answer_bearing,mmlu_answer_frag
pairs_mcq_v2.csv,1009,mcq,mmlu_high_school_us_history_0069,cal,retain,H1_same_topic,mmlu_same_subject_other_item
pairs_mcq_v2.csv,1010,mcq,mmlu_high_school_us_history_0069,cal,retain,H3_predating,logiqa
pairs_mcq_v2.csv,1011,mcq,mmlu_high_school_us_history_0069,cal,retain,R_random,svamp
pairs_mcq_v2.csv,1018,mcq,mmlu_high_school_us_history_0071,cal,remove,C0_exact,mmlu_copy
pairs_mcq_v2.csv,1019,mcq,mmlu_high_school_us_history_0071,cal,remove,C1_transformed,lmsys_rephrase
pairs_mcq_v2.csv,1020,mcq,mmlu_high_school_us_history_0071,cal,remove,C2_answer_bearing,mmlu_answer_frag
pairs_mcq_v2.csv,1021,mcq,mmlu_high_school_us_history_0071,cal,retain,H1_same_topic,mmlu_same_subject_other_item
pairs_mcq_v2.csv,1022,mcq,mmlu_high_school_us_history_0071,cal,retain,H3_predating,logiqa
pairs_mcq_v2.csv,1023,mcq,mmlu_high_school_us_history_0071,cal,retain,R_random,svamp
pairs_mcq_v2.csv,1024,mcq,mmlu_high_school_us_history_0072,cal,remove,C0_exact,mmlu_copy
pairs_mcq_v2.csv,1025,mcq,mmlu_high_school_us_history_0072,cal,remove,C1_transformed,lmsys_rephrase
pairs_mcq_v2.csv,1026,mcq,mmlu_high_school_us_history_0072,cal,remove,C2_answer_bearing,mmlu_answer_frag
pairs_mcq_v2.csv,1027,mcq,mmlu_high_school_us_history_0072,cal,retain,H1_same_topic,mmlu_same_subject_other_item
pairs_mcq_v2.csv,1028,mcq,mmlu_high_school_us_history_0072,cal,retain,H3_predating,logiqa
pairs_mcq_v2.csv,1029,mcq,mmlu_high_school_us_history_0072,cal,retain,R_random,svamp
pairs_mcq_v2.csv,1042,mcq,mmlu_high_school_us_history_0075,cal,remove,C0_exact,mmlu_copy
pairs_mcq_v2.csv,1043,mcq,mmlu_high_school_us_history_0075,cal,remove,C1_transformed,lmsys_rephrase
pairs_mcq_v2.csv,1044,mcq,mmlu_high_school_us_history_0075,cal,remove,C2_answer_bearing,mmlu_answer_frag
pairs_mcq_v2.csv,1045,mcq,mmlu_high_school_us_history_0075,cal,retain,H1_same_topic,mmlu_same_subject_other_item
pairs_mcq_v2.csv,1046,mcq,mmlu_high_school_us_history_0075,cal,retain,H3_predating,logiqa
pairs_mcq_v2.csv,1047,mcq,mmlu_high_school_us_history_0075,cal,retain,R_random,svamp
pairs_mcq_v2.csv,1066,mcq,mmlu_high_school_us_history_0079,cal,remove,C0_exact,mmlu_copy
pairs_mcq_v2.csv,1067,mcq,mmlu_high_school_us_history_0079,cal,remove,C1_transformed,lmsys_rephrase
pairs_mcq_v2.csv,1068,mcq,mmlu_high_school_us_history_0079,cal,remove,C2_answer_bearing,mmlu_answer_frag
pairs_mcq_v2.csv,1069,mcq,mmlu_high_school_us_history_0079,cal,retain,H1_same_topic,mmlu_same_subject_other_item
pairs_mcq_v2.csv,1070,mcq,mmlu_high_school_us_history_0079,cal,retain,H3_predating,logiqa
pairs_mcq_v2.csv,1071,mcq,mmlu_high_school_us_history_0079,cal,retain,R_random,svamp
pairs_mcq_v2.csv,1096,mcq,mmlu_high_school_us_history_0084,cal,remove,C0_exact,mmlu_copy
pairs_mcq_v2.csv,1097,mcq,mmlu_high_school_us_history_0084,cal,remove,C1_transformed,lmsys_rephrase
pairs_mcq_v2.csv,1098,mcq,mmlu_high_school_us_history_0084,cal,remove,C2_answer_bearing,mmlu_answer_frag
pairs_mcq_v2.csv,1099,mcq,mmlu_high_school_us_history_0084,cal,retain,H1_same_topic,mmlu_same_subject_other_item
pairs_mcq_v2.csv,1100,mcq,mmlu_high_school_us_history_0084,cal,retain,H3_predating,logiqa
pairs_mcq_v2.csv,1101,mcq,mmlu_high_school_us_history_0084,cal,retain,R_random,svamp
pairs_mcq_v2.csv,1102,mcq,mmlu_high_school_us_history_0085,cal,remove,C0_exact,mmlu_copy
pairs_mcq_v2.csv,1103,mcq,mmlu_high_school_us_history_0085,cal,remove,C1_transformed,lmsys_rephrase
pairs_mcq_v2.csv,1104,mcq,mmlu_high_school_us_history_0085,cal,remove,C2_answer_bearing,mmlu_answer_frag
pairs_mcq_v2.csv,1105,mcq,mmlu_high_school_us_history_0085,cal,retain,H1_same_topic,mmlu_same_subject_other_item
pairs_mcq_v2.csv,1106,mcq,mmlu_high_school_us_history_0085,cal,retain,H3_predating,logiqa
pairs_mcq_v2.csv,1107,mcq,mmlu_high_school_us_history_0085,cal,retain,R_random,svamp
pairs_mcq_v2.csv,1149,mcq,mmlu_high_school_us_history_0093,cal,remove,C0_exact,mmlu_copy
pairs_mcq_v2.csv,1150,mcq,mmlu_high_school_us_history_0093,cal,remove,C1_transformed,lmsys_rephrase
pairs_mcq_v2.csv,1151,mcq,mmlu_high_school_us_history_0093,cal,remove,C2_answer_bearing,mmlu_answer_frag
pairs_mcq_v2.csv,1152,mcq,mmlu_high_school_us_history_0093,cal,retain,H1_same_topic,mmlu_same_subject_other_item
pairs_mcq_v2.csv,1153,mcq,mmlu_high_school_us_history_0093,cal,retain,H3_predating,logiqa
pairs_mcq_v2.csv,1154,mcq,mmlu_high_school_us_history_0093,cal,retain,R_random,svamp
pairs_mcq_v2.csv,1191,mcq,mmlu_high_school_us_history_0100,cal,remove,C0_exact,mmlu_copy
pairs_mcq_v2.csv,1192,mcq,mmlu_high_school_us_history_0100,cal,remove,C1_transformed,lmsys_rephrase
pairs_mcq_v2.csv,1193,mcq,mmlu_high_school_us_history_0100,cal,remove,C2_answer_bearing,mmlu_answer_frag
pairs_mcq_v2.csv,1194,mcq,mmlu_high_school_us_history_0100,cal,retain,H1_same_topic,mmlu_same_subject_other_item
pairs_mcq_v2.csv,1195,mcq,mmlu_high_school_us_history_0100,cal,retain,H3_predating,logiqa
pairs_mcq_v2.csv,1196,mcq,mmlu_high_school_us_history_0100,cal,retain,R_random,svamp
pairs_mcq_v2.csv,1197,mcq,mmlu_high_school_us_history_0101,cal,remove,C0_exact,mmlu_copy
pairs_mcq_v2.csv,1198,mcq,mmlu_high_school_us_history_0101,cal,remove,C1_transformed,lmsys_rephrase
pairs_mcq_v2.csv,1199,mcq,mmlu_high_school_us_history_0101,cal,remove,C2_answer_bearing,mmlu_answer_frag
pairs_mcq_v2.csv,1200,mcq,mmlu_high_school_us_history_0101,cal,retain,H1_same_topic,mmlu_same_subject_other_item
pairs_mcq_v2.csv,1201,mcq,mmlu_high_school_us_history_0101,cal,retain,H3_predating,logiqa
pairs_mcq_v2.csv,1202,mcq,mmlu_high_school_us_history_0101,cal,retain,R_random,svamp
pairs_mcq_v2.csv,1203,mcq,mmlu_high_school_us_history_0102,cal,remove,C0_exact,mmlu_copy
pairs_mcq_v2.csv,1204,mcq,mmlu_high_school_us_history_0102,cal,remove,C2_answer_bearing,mmlu_answer_frag
pairs_mcq_v2.csv,1205,mcq,mmlu_high_school_us_history_0102,cal,retain,H1_same_topic,mmlu_same_subject_other_item
pairs_mcq_v2.csv,1206,mcq,mmlu_high_school_us_history_0102,cal,retain,H3_predating,logiqa
pairs_mcq_v2.csv,1207,mcq,mmlu_high_school_us_history_0102,cal,retain,R_random,svamp
pairs_mcq_v2.csv,1214,mcq,mmlu_high_school_us_history_0104,cal,remove,C0_exact,mmlu_copy
pairs_mcq_v2.csv,1215,mcq,mmlu_high_school_us_history_0104,cal,remove,C1_transformed,lmsys_rephrase
pairs_mcq_v2.csv,1216,mcq,mmlu_high_school_us_history_0104,cal,remove,C2_answer_bearing,mmlu_answer_frag
pairs_mcq_v2.csv,1217,mcq,mmlu_high_school_us_history_0104,cal,retain,H1_same_topic,mmlu_same_subject_other_item
pairs_mcq_v2.csv,1218,mcq,mmlu_high_school_us_history_0104,cal,retain,H3_predating,logiqa
pairs_mcq_v2.csv,1219,mcq,mmlu_high_school_us_history_0104,cal,retain,R_random,svamp
pairs_mcq_v2.csv,1237,mcq,mmlu_high_school_us_history_0108,cal,remove,C0_exact,mmlu_copy
pairs_mcq_v2.csv,1238,mcq,mmlu_high_school_us_history_0108,cal,remove,C1_transformed,lmsys_rephrase
pairs_mcq_v2.csv,1239,mcq,mmlu_high_school_us_history_0108,cal,remove,C2_answer_bearing,mmlu_answer_frag
pairs_mcq_v2.csv,1240,mcq,mmlu_high_school_us_history_0108,cal,retain,H1_same_topic,mmlu_same_subject_other_item
pairs_mcq_v2.csv,1241,mcq,mmlu_high_school_us_history_0108,cal,retain,H3_predating,logiqa
pairs_mcq_v2.csv,1242,mcq,mmlu_high_school_us_history_0108,cal,retain,R_random,svamp
pairs_mcq_v2.csv,1243,mcq,mmlu_high_school_us_history_0109,cal,remove,C0_exact,mmlu_copy
pairs_mcq_v2.csv,1244,mcq,mmlu_high_school_us_history_0109,cal,remove,C1_transformed,lmsys_rephrase
pairs_mcq_v2.csv,1245,mcq,mmlu_high_school_us_history_0109,cal,remove,C2_answer_bearing,mmlu_answer_frag
pairs_mcq_v2.csv,1246,mcq,mmlu_high_school_us_history_0109,cal,retain,H1_same_topic,mmlu_same_subject_other_item
pairs_mcq_v2.csv,1247,mcq,mmlu_high_school_us_history_0109,cal,retain,H3_predating,logiqa
pairs_mcq_v2.csv,1248,mcq,mmlu_high_school_us_history_0109,cal,retain,R_random,svamp
pairs_mcq_v2.csv,1291,mcq,mmlu_high_school_us_history_0117,cal,remove,C0_exact,mmlu_copy
pairs_mcq_v2.csv,1292,mcq,mmlu_high_school_us_history_0117,cal,remove,C1_transformed,lmsys_rephrase
pairs_mcq_v2.csv,1293,mcq,mmlu_high_school_us_history_0117,cal,remove,C2_answer_bearing,mmlu_answer_frag
pairs_mcq_v2.csv,1294,mcq,mmlu_high_school_us_history_0117,cal,retain,H1_same_topic,mmlu_same_subject_other_item
pairs_mcq_v2.csv,1295,mcq,mmlu_high_school_us_history_0117,cal,retain,H3_predating,logiqa
pairs_mcq_v2.csv,1296,mcq,mmlu_high_school_us_history_0117,cal,retain,R_random,svamp
pairs_mcq_v2.csv,1297,mcq,mmlu_high_school_us_history_0118,cal,remove,C0_exact,mmlu_copy
pairs_mcq_v2.csv,1298,mcq,mmlu_high_school_us_history_0118,cal,remove,C2_answer_bearing,mmlu_answer_frag
pairs_mcq_v2.csv,1299,mcq,mmlu_high_school_us_history_0118,cal,retain,H1_same_topic,mmlu_same_subject_other_item
pairs_mcq_v2.csv,1300,mcq,mmlu_high_school_us_history_0118,cal,retain,H3_predating,logiqa
pairs_mcq_v2.csv,1301,mcq,mmlu_high_school_us_history_0118,cal,retain,R_random,svamp
pairs_mcq_v2.csv,1391,mcq,mmlu_high_school_us_history_0134,cal,remove,C0_exact,mmlu_copy
pairs_mcq_v2.csv,1392,mcq,mmlu_high_school_us_history_0134,cal,remove,C1_transformed,lmsys_rephrase
pairs_mcq_v2.csv,1393,mcq,mmlu_high_school_us_history_0134,cal,remove,C2_answer_bearing,mmlu_answer_frag
pairs_mcq_v2.csv,1394,mcq,mmlu_high_school_us_history_0134,cal,retain,H1_same_topic,mmlu_same_subject_other_item
pairs_mcq_v2.csv,1395,mcq,mmlu_high_school_us_history_0134,cal,retain,H3_predating,logiqa
pairs_mcq_v2.csv,1396,mcq,mmlu_high_school_us_history_0134,cal,retain,R_random,svamp
pairs_mcq_v2.csv,1409,mcq,mmlu_high_school_us_history_0137,cal,remove,C0_exact,mmlu_copy
pairs_mcq_v2.csv,1410,mcq,mmlu_high_school_us_history_0137,cal,remove,C1_transformed,lmsys_rephrase
pairs_mcq_v2.csv,1411,mcq,mmlu_high_school_us_history_0137,cal,remove,C2_answer_bearing,mmlu_answer_frag
pairs_mcq_v2.csv,1412,mcq,mmlu_high_school_us_history_0137,cal,retain,H1_same_topic,mmlu_same_subject_other_item
pairs_mcq_v2.csv,1413,mcq,mmlu_high_school_us_history_0137,cal,retain,H3_predating,logiqa
pairs_mcq_v2.csv,1414,mcq,mmlu_high_school_us_history_0137,cal,retain,R_random,svamp
pairs_mcq_v2.csv,1439,mcq,mmlu_high_school_us_history_0142,cal,remove,C0_exact,mmlu_copy
pairs_mcq_v2.csv,1440,mcq,mmlu_high_school_us_history_0142,cal,remove,C1_transformed,lmsys_rephrase
pairs_mcq_v2.csv,1441,mcq,mmlu_high_school_us_history_0142,cal,remove,C2_answer_bearing,mmlu_answer_frag
pairs_mcq_v2.csv,1442,mcq,mmlu_high_school_us_history_0142,cal,retain,H1_same_topic,mmlu_same_subject_other_item
pairs_mcq_v2.csv,1443,mcq,mmlu_high_school_us_history_0142,cal,retain,H3_predating,logiqa
pairs_mcq_v2.csv,1444,mcq,mmlu_high_school_us_history_0142,cal,retain,R_random,svamp
pairs_mcq_v2.csv,1445,mcq,mmlu_high_school_us_history_0143,cal,remove,C0_exact,mmlu_copy
pairs_mcq_v2.csv,1446,mcq,mmlu_high_school_us_history_0143,cal,remove,C1_transformed,lmsys_rephrase
pairs_mcq_v2.csv,1447,mcq,mmlu_high_school_us_history_0143,cal,remove,C2_answer_bearing,mmlu_answer_frag
pairs_mcq_v2.csv,1448,mcq,mmlu_high_school_us_history_0143,cal,retain,H1_same_topic,mmlu_same_subject_other_item
pairs_mcq_v2.csv,1449,mcq,mmlu_high_school_us_history_0143,cal,retain,H3_predating,logiqa
pairs_mcq_v2.csv,1450,mcq,mmlu_high_school_us_history_0143,cal,retain,R_random,svamp
pairs_mcq_v2.csv,1469,mcq,mmlu_high_school_us_history_0147,cal,remove,C0_exact,mmlu_copy
pairs_mcq_v2.csv,1470,mcq,mmlu_high_school_us_history_0147,cal,remove,C1_transformed,lmsys_rephrase
pairs_mcq_v2.csv,1471,mcq,mmlu_high_school_us_history_0147,cal,remove,C2_answer_bearing,mmlu_answer_frag
pairs_mcq_v2.csv,1472,mcq,mmlu_high_school_us_history_0147,cal,retain,H1_same_topic,mmlu_same_subject_other_item
pairs_mcq_v2.csv,1473,mcq,mmlu_high_school_us_history_0147,cal,retain,H3_predating,logiqa
pairs_mcq_v2.csv,1474,mcq,mmlu_high_school_us_history_0147,cal,retain,R_random,svamp
pairs_mcq_v2.csv,1499,mcq,mmlu_high_school_us_history_0152,cal,remove,C0_exact,mmlu_copy
pairs_mcq_v2.csv,1500,mcq,mmlu_high_school_us_history_0152,cal,remove,C2_answer_bearing,mmlu_answer_frag
pairs_mcq_v2.csv,1501,mcq,mmlu_high_school_us_history_0152,cal,retain,H1_same_topic,mmlu_same_subject_other_item
pairs_mcq_v2.csv,1502,mcq,mmlu_high_school_us_history_0152,cal,retain,H3_predating,logiqa
pairs_mcq_v2.csv,1503,mcq,mmlu_high_school_us_history_0152,cal,retain,R_random,svamp
pairs_mcq_v2.csv,1516,mcq,mmlu_high_school_us_history_0155,cal,remove,C0_exact,mmlu_copy
pairs_mcq_v2.csv,1517,mcq,mmlu_high_school_us_history_0155,cal,remove,C1_transformed,lmsys_rephrase
pairs_mcq_v2.csv,1518,mcq,mmlu_high_school_us_history_0155,cal,remove,C2_answer_bearing,mmlu_answer_frag
pairs_mcq_v2.csv,1519,mcq,mmlu_high_school_us_history_0155,cal,retain,H1_same_topic,mmlu_same_subject_other_item
pairs_mcq_v2.csv,1520,mcq,mmlu_high_school_us_history_0155,cal,retain,H3_predating,logiqa
pairs_mcq_v2.csv,1521,mcq,mmlu_high_school_us_history_0155,cal,retain,R_random,svamp
pairs_mcq_v2.csv,1552,mcq,mmlu_high_school_us_history_0161,cal,remove,C0_exact,mmlu_copy
pairs_mcq_v2.csv,1553,mcq,mmlu_high_school_us_history_0161,cal,remove,C1_transformed,lmsys_rephrase
pairs_mcq_v2.csv,1554,mcq,mmlu_high_school_us_history_0161,cal,remove,C2_answer_bearing,mmlu_answer_frag
pairs_mcq_v2.csv,1555,mcq,mmlu_high_school_us_history_0161,cal,retain,H1_same_topic,mmlu_same_subject_other_item
pairs_mcq_v2.csv,1556,mcq,mmlu_high_school_us_history_0161,cal,retain,H3_predating,logiqa
pairs_mcq_v2.csv,1557,mcq,mmlu_high_school_us_history_0161,cal,retain,R_random,svamp
pairs_mcq_v2.csv,1558,mcq,mmlu_high_school_us_history_0162,cal,remove,C0_exact,mmlu_copy
pairs_mcq_v2.csv,1559,mcq,mmlu_high_school_us_history_0162,cal,remove,C1_transformed,lmsys_rephrase
pairs_mcq_v2.csv,1560,mcq,mmlu_high_school_us_history_0162,cal,remove,C2_answer_bearing,mmlu_answer_frag
pairs_mcq_v2.csv,1561,mcq,mmlu_high_school_us_history_0162,cal,retain,H1_same_topic,mmlu_same_subject_other_item
pairs_mcq_v2.csv,1562,mcq,mmlu_high_school_us_history_0162,cal,retain,H3_predating,logiqa
pairs_mcq_v2.csv,1563,mcq,mmlu_high_school_us_history_0162,cal,retain,R_random,svamp
pairs_mcq_v2.csv,1582,mcq,mmlu_high_school_us_history_0166,cal,remove,C0_exact,mmlu_copy
pairs_mcq_v2.csv,1583,mcq,mmlu_high_school_us_history_0166,cal,remove,C1_transformed,lmsys_rephrase
pairs_mcq_v2.csv,1584,mcq,mmlu_high_school_us_history_0166,cal,remove,C2_answer_bearing,mmlu_answer_frag
pairs_mcq_v2.csv,1585,mcq,mmlu_high_school_us_history_0166,cal,retain,H1_same_topic,mmlu_same_subject_other_item
pairs_mcq_v2.csv,1586,mcq,mmlu_high_school_us_history_0166,cal,retain,H3_predating,logiqa
pairs_mcq_v2.csv,1587,mcq,mmlu_high_school_us_history_0166,cal,retain,R_random,svamp
pairs_mcq_v2.csv,1642,mcq,mmlu_high_school_us_history_0176,cal,remove,C0_exact,mmlu_copy
pairs_mcq_v2.csv,1643,mcq,mmlu_high_school_us_history_0176,cal,remove,C1_transformed,lmsys_rephrase
pairs_mcq_v2.csv,1644,mcq,mmlu_high_school_us_history_0176,cal,remove,C2_answer_bearing,mmlu_answer_frag
pairs_mcq_v2.csv,1645,mcq,mmlu_high_school_us_history_0176,cal,retain,H1_same_topic,mmlu_same_subject_other_item
pairs_mcq_v2.csv,1646,mcq,mmlu_high_school_us_history_0176,cal,retain,H3_predating,logiqa
pairs_mcq_v2.csv,1647,mcq,mmlu_high_school_us_history_0176,cal,retain,R_random,svamp
pairs_mcq_v2.csv,1660,mcq,mmlu_high_school_us_history_0179,cal,remove,C0_exact,mmlu_copy
pairs_mcq_v2.csv,1661,mcq,mmlu_high_school_us_history_0179,cal,remove,C1_transformed,lmsys_rephrase
pairs_mcq_v2.csv,1662,mcq,mmlu_high_school_us_history_0179,cal,remove,C2_answer_bearing,mmlu_answer_frag
pairs_mcq_v2.csv,1663,mcq,mmlu_high_school_us_history_0179,cal,retain,H1_same_topic,mmlu_same_subject_other_item
pairs_mcq_v2.csv,1664,mcq,mmlu_high_school_us_history_0179,cal,retain,H3_predating,logiqa
pairs_mcq_v2.csv,1665,mcq,mmlu_high_school_us_history_0179,cal,retain,R_random,svamp
pairs_mcq_v2.csv,1707,mcq,mmlu_high_school_us_history_0187,cal,remove,C0_exact,mmlu_copy
pairs_mcq_v2.csv,1708,mcq,mmlu_high_school_us_history_0187,cal,remove,C2_answer_bearing,mmlu_answer_frag
pairs_mcq_v2.csv,1709,mcq,mmlu_high_school_us_history_0187,cal,retain,H1_same_topic,mmlu_same_subject_other_item
pairs_mcq_v2.csv,1710,mcq,mmlu_high_school_us_history_0187,cal,retain,H3_predating,logiqa
pairs_mcq_v2.csv,1711,mcq,mmlu_high_school_us_history_0187,cal,retain,R_random,svamp
pairs_mcq_v2.csv,1724,mcq,mmlu_high_school_us_history_0190,cal,remove,C0_exact,mmlu_copy
pairs_mcq_v2.csv,1725,mcq,mmlu_high_school_us_history_0190,cal,remove,C1_transformed,lmsys_rephrase
pairs_mcq_v2.csv,1726,mcq,mmlu_high_school_us_history_0190,cal,remove,C2_answer_bearing,mmlu_answer_frag
pairs_mcq_v2.csv,1727,mcq,mmlu_high_school_us_history_0190,cal,retain,H1_same_topic,mmlu_same_subject_other_item
pairs_mcq_v2.csv,1728,mcq,mmlu_high_school_us_history_0190,cal,retain,H3_predating,logiqa
pairs_mcq_v2.csv,1729,mcq,mmlu_high_school_us_history_0190,cal,retain,R_random,svamp
pairs_mcq_v2.csv,1736,mcq,mmlu_high_school_us_history_0192,cal,remove,C0_exact,mmlu_copy
pairs_mcq_v2.csv,1737,mcq,mmlu_high_school_us_history_0192,cal,remove,C1_transformed,lmsys_rephrase
pairs_mcq_v2.csv,1738,mcq,mmlu_high_school_us_history_0192,cal,remove,C2_answer_bearing,mmlu_answer_frag
pairs_mcq_v2.csv,1739,mcq,mmlu_high_school_us_history_0192,cal,retain,H1_same_topic,mmlu_same_subject_other_item
pairs_mcq_v2.csv,1740,mcq,mmlu_high_school_us_history_0192,cal,retain,H3_predating,logiqa
pairs_mcq_v2.csv,1741,mcq,mmlu_high_school_us_history_0192,cal,retain,R_random,svamp
pairs_mcq_v2.csv,1754,mcq,mmlu_high_school_us_history_0195,cal,remove,C0_exact,mmlu_copy
pairs_mcq_v2.csv,1755,mcq,mmlu_high_school_us_history_0195,cal,remove,C1_transformed,lmsys_rephrase
pairs_mcq_v2.csv,1756,mcq,mmlu_high_school_us_history_0195,cal,remove,C2_answer_bearing,mmlu_answer_frag
pairs_mcq_v2.csv,1757,mcq,mmlu_high_school_us_history_0195,cal,retain,H1_same_topic,mmlu_same_subject_other_item
pairs_mcq_v2.csv,1758,mcq,mmlu_high_school_us_history_0195,cal,retain,H3_predating,logiqa
pairs_mcq_v2.csv,1759,mcq,mmlu_high_school_us_history_0195,cal,retain,R_random,svamp
pairs_mcq_v2.csv,1784,mcq,mmlu_high_school_us_history_0200,cal,remove,C0_exact,mmlu_copy
pairs_mcq_v2.csv,1785,mcq,mmlu_high_school_us_history_0200,cal,remove,C1_transformed,lmsys_rephrase
pairs_mcq_v2.csv,1786,mcq,mmlu_high_school_us_history_0200,cal,remove,C2_answer_bearing,mmlu_answer_frag
pairs_mcq_v2.csv,1787,mcq,mmlu_high_school_us_history_0200,cal,retain,H1_same_topic,mmlu_same_subject_other_item
pairs_mcq_v2.csv,1788,mcq,mmlu_high_school_us_history_0200,cal,retain,H3_predating,logiqa
pairs_mcq_v2.csv,1789,mcq,mmlu_high_school_us_history_0200,cal,retain,R_random,svamp
pairs_mcq_v2.csv,1796,mcq,mmlu_high_school_us_history_0202,cal,remove,C0_exact,mmlu_copy
pairs_mcq_v2.csv,1797,mcq,mmlu_high_school_us_history_0202,cal,remove,C1_transformed,lmsys_rephrase
pairs_mcq_v2.csv,1798,mcq,mmlu_high_school_us_history_0202,cal,remove,C2_answer_bearing,mmlu_answer_frag
pairs_mcq_v2.csv,1799,mcq,mmlu_high_school_us_history_0202,cal,retain,H1_same_topic,mmlu_same_subject_other_item
pairs_mcq_v2.csv,1800,mcq,mmlu_high_school_us_history_0202,cal,retain,H3_predating,logiqa
pairs_mcq_v2.csv,1801,mcq,mmlu_high_school_us_history_0202,cal,retain,R_random,svamp
pairs_mcq_v2.csv,1820,mcq,mmlu_sociology_0002,cal,remove,C0_exact,mmlu_copy
pairs_mcq_v2.csv,1821,mcq,mmlu_sociology_0002,cal,remove,C1_transformed,lmsys_rephrase
pairs_mcq_v2.csv,1822,mcq,mmlu_sociology_0002,cal,remove,C2_answer_bearing,mmlu_answer_frag
pairs_mcq_v2.csv,1823,mcq,mmlu_sociology_0002,cal,retain,H1_same_topic,mmlu_same_subject_other_item
pairs_mcq_v2.csv,1824,mcq,mmlu_sociology_0002,cal,retain,H3_predating,logiqa
pairs_mcq_v2.csv,1825,mcq,mmlu_sociology_0002,cal,retain,R_random,svamp
pairs_mcq_v2.csv,1838,mcq,mmlu_sociology_0005,cal,remove,C0_exact,mmlu_copy
pairs_mcq_v2.csv,1839,mcq,mmlu_sociology_0005,cal,remove,C1_transformed,lmsys_rephrase
pairs_mcq_v2.csv,1840,mcq,mmlu_sociology_0005,cal,remove,C2_answer_bearing,mmlu_answer_frag
pairs_mcq_v2.csv,1841,mcq,mmlu_sociology_0005,cal,retain,H1_same_topic,mmlu_same_subject_other_item
pairs_mcq_v2.csv,1842,mcq,mmlu_sociology_0005,cal,retain,H3_predating,logiqa
pairs_mcq_v2.csv,1843,mcq,mmlu_sociology_0005,cal,retain,R_random,svamp
pairs_mcq_v2.csv,1856,mcq,mmlu_sociology_0008,cal,remove,C0_exact,mmlu_copy
pairs_mcq_v2.csv,1857,mcq,mmlu_sociology_0008,cal,remove,C1_transformed,lmsys_rephrase
pairs_mcq_v2.csv,1858,mcq,mmlu_sociology_0008,cal,remove,C2_answer_bearing,mmlu_answer_frag
pairs_mcq_v2.csv,1859,mcq,mmlu_sociology_0008,cal,retain,H1_same_topic,mmlu_same_subject_other_item
pairs_mcq_v2.csv,1860,mcq,mmlu_sociology_0008,cal,retain,H3_predating,logiqa
pairs_mcq_v2.csv,1861,mcq,mmlu_sociology_0008,cal,retain,R_random,svamp
pairs_mcq_v2.csv,1892,mcq,mmlu_sociology_0014,cal,remove,C0_exact,mmlu_copy
pairs_mcq_v2.csv,1893,mcq,mmlu_sociology_0014,cal,remove,C1_transformed,lmsys_rephrase
pairs_mcq_v2.csv,1894,mcq,mmlu_sociology_0014,cal,remove,C2_answer_bearing,mmlu_answer_frag
pairs_mcq_v2.csv,1895,mcq,mmlu_sociology_0014,cal,retain,H1_same_topic,mmlu_same_subject_other_item
pairs_mcq_v2.csv,1896,mcq,mmlu_sociology_0014,cal,retain,H3_predating,logiqa
pairs_mcq_v2.csv,1897,mcq,mmlu_sociology_0014,cal,retain,R_random,svamp
pairs_mcq_v2.csv,1909,mcq,mmlu_sociology_0017,cal,remove,C0_exact,mmlu_copy
pairs_mcq_v2.csv,1910,mcq,mmlu_sociology_0017,cal,remove,C1_transformed,lmsys_rephrase
pairs_mcq_v2.csv,1911,mcq,mmlu_sociology_0017,cal,remove,C2_answer_bearing,mmlu_answer_frag
pairs_mcq_v2.csv,1912,mcq,mmlu_sociology_0017,cal,retain,H1_same_topic,mmlu_same_subject_other_item
pairs_mcq_v2.csv,1913,mcq,mmlu_sociology_0017,cal,retain,H3_predating,logiqa
pairs_mcq_v2.csv,1914,mcq,mmlu_sociology_0017,cal,retain,R_random,svamp
pairs_mcq_v2.csv,1921,mcq,mmlu_sociology_0019,cal,remove,C0_exact,mmlu_copy
pairs_mcq_v2.csv,1922,mcq,mmlu_sociology_0019,cal,remove,C1_transformed,lmsys_rephrase
pairs_mcq_v2.csv,1923,mcq,mmlu_sociology_0019,cal,remove,C2_answer_bearing,mmlu_answer_frag
pairs_mcq_v2.csv,1924,mcq,mmlu_sociology_0019,cal,retain,H1_same_topic,mmlu_same_subject_other_item
pairs_mcq_v2.csv,1925,mcq,mmlu_sociology_0019,cal,retain,H3_predating,logiqa
pairs_mcq_v2.csv,1926,mcq,mmlu_sociology_0019,cal,retain,R_random,svamp
pairs_mcq_v2.csv,1927,mcq,mmlu_sociology_0020,cal,remove,C0_exact,mmlu_copy
pairs_mcq_v2.csv,1928,mcq,mmlu_sociology_0020,cal,remove,C1_transformed,lmsys_rephrase
pairs_mcq_v2.csv,1929,mcq,mmlu_sociology_0020,cal,remove,C2_answer_bearing,mmlu_answer_frag
pairs_mcq_v2.csv,1930,mcq,mmlu_sociology_0020,cal,retain,H1_same_topic,mmlu_same_subject_other_item
pairs_mcq_v2.csv,1931,mcq,mmlu_sociology_0020,cal,retain,H3_predating,logiqa
pairs_mcq_v2.csv,1932,mcq,mmlu_sociology_0020,cal,retain,R_random,svamp
pairs_mcq_v2.csv,1951,mcq,mmlu_sociology_0024,cal,remove,C0_exact,mmlu_copy
pairs_mcq_v2.csv,1952,mcq,mmlu_sociology_0024,cal,remove,C1_transformed,lmsys_rephrase
pairs_mcq_v2.csv,1953,mcq,mmlu_sociology_0024,cal,remove,C2_answer_bearing,mmlu_answer_frag
pairs_mcq_v2.csv,1954,mcq,mmlu_sociology_0024,cal,retain,H1_same_topic,mmlu_same_subject_other_item
pairs_mcq_v2.csv,1955,mcq,mmlu_sociology_0024,cal,retain,H3_predating,logiqa
pairs_mcq_v2.csv,1956,mcq,mmlu_sociology_0024,cal,retain,R_random,svamp
pairs_mcq_v2.csv,1969,mcq,mmlu_sociology_0027,cal,remove,C0_exact,mmlu_copy
pairs_mcq_v2.csv,1970,mcq,mmlu_sociology_0027,cal,remove,C1_transformed,lmsys_rephrase
pairs_mcq_v2.csv,1971,mcq,mmlu_sociology_0027,cal,remove,C2_answer_bearing,mmlu_answer_frag
pairs_mcq_v2.csv,1972,mcq,mmlu_sociology_0027,cal,retain,H1_same_topic,mmlu_same_subject_other_item
pairs_mcq_v2.csv,1973,mcq,mmlu_sociology_0027,cal,retain,H3_predating,logiqa
pairs_mcq_v2.csv,1974,mcq,mmlu_sociology_0027,cal,retain,R_random,svamp
pairs_mcq_v2.csv,1981,mcq,mmlu_sociology_0029,cal,remove,C0_exact,mmlu_copy
pairs_mcq_v2.csv,1982,mcq,mmlu_sociology_0029,cal,remove,C1_transformed,lmsys_rephrase
pairs_mcq_v2.csv,1983,mcq,mmlu_sociology_0029,cal,remove,C2_answer_bearing,mmlu_answer_frag
pairs_mcq_v2.csv,1984,mcq,mmlu_sociology_0029,cal,retain,H1_same_topic,mmlu_same_subject_other_item
pairs_mcq_v2.csv,1985,mcq,mmlu_sociology_0029,cal,retain,H3_predating,logiqa
pairs_mcq_v2.csv,1986,mcq,mmlu_sociology_0029,cal,retain,R_random,svamp
pairs_mcq_v2.csv,1999,mcq,mmlu_sociology_0032,cal,remove,C0_exact,mmlu_copy
pairs_mcq_v2.csv,2000,mcq,mmlu_sociology_0032,cal,remove,C1_transformed,lmsys_rephrase
pairs_mcq_v2.csv,2001,mcq,mmlu_sociology_0032,cal,remove,C2_answer_bearing,mmlu_answer_frag
pairs_mcq_v2.csv,2002,mcq,mmlu_sociology_0032,cal,retain,H1_same_topic,mmlu_same_subject_other_item
pairs_mcq_v2.csv,2003,mcq,mmlu_sociology_0032,cal,retain,H3_predating,logiqa
pairs_mcq_v2.csv,2004,mcq,mmlu_sociology_0032,cal,retain,R_random,svamp
pairs_mcq_v2.csv,2011,mcq,mmlu_sociology_0034,cal,remove,C0_exact,mmlu_copy
pairs_mcq_v2.csv,2012,mcq,mmlu_sociology_0034,cal,remove,C1_transformed,lmsys_rephrase
pairs_mcq_v2.csv,2013,mcq,mmlu_sociology_0034,cal,remove,C2_answer_bearing,mmlu_answer_frag
pairs_mcq_v2.csv,2014,mcq,mmlu_sociology_0034,cal,retain,H1_same_topic,mmlu_same_subject_other_item
pairs_mcq_v2.csv,2015,mcq,mmlu_sociology_0034,cal,retain,H3_predating,logiqa
pairs_mcq_v2.csv,2016,mcq,mmlu_sociology_0034,cal,retain,R_random,svamp
pairs_mcq_v2.csv,2041,mcq,mmlu_sociology_0039,cal,remove,C0_exact,mmlu_copy
pairs_mcq_v2.csv,2042,mcq,mmlu_sociology_0039,cal,remove,C2_answer_bearing,mmlu_answer_frag
pairs_mcq_v2.csv,2043,mcq,mmlu_sociology_0039,cal,retain,H1_same_topic,mmlu_same_subject_other_item
pairs_mcq_v2.csv,2044,mcq,mmlu_sociology_0039,cal,retain,H3_predating,logiqa
pairs_mcq_v2.csv,2045,mcq,mmlu_sociology_0039,cal,retain,R_random,svamp
pairs_mcq_v2.csv,2052,mcq,mmlu_sociology_0041,cal,remove,C0_exact,mmlu_copy
pairs_mcq_v2.csv,2053,mcq,mmlu_sociology_0041,cal,remove,C1_transformed,lmsys_rephrase
pairs_mcq_v2.csv,2054,mcq,mmlu_sociology_0041,cal,remove,C2_answer_bearing,mmlu_answer_frag
pairs_mcq_v2.csv,2055,mcq,mmlu_sociology_0041,cal,retain,H1_same_topic,mmlu_same_subject_other_item
pairs_mcq_v2.csv,2056,mcq,mmlu_sociology_0041,cal,retain,H3_predating,logiqa
pairs_mcq_v2.csv,2057,mcq,mmlu_sociology_0041,cal,retain,R_random,svamp
pairs_mcq_v2.csv,2088,mcq,mmlu_sociology_0047,cal,remove,C0_exact,mmlu_copy
pairs_mcq_v2.csv,2089,mcq,mmlu_sociology_0047,cal,remove,C1_transformed,lmsys_rephrase
pairs_mcq_v2.csv,2090,mcq,mmlu_sociology_0047,cal,remove,C2_answer_bearing,mmlu_answer_frag
pairs_mcq_v2.csv,2091,mcq,mmlu_sociology_0047,cal,retain,H1_same_topic,mmlu_same_subject_other_item
pairs_mcq_v2.csv,2092,mcq,mmlu_sociology_0047,cal,retain,H3_predating,logiqa
pairs_mcq_v2.csv,2093,mcq,mmlu_sociology_0047,cal,retain,R_random,svamp
pairs_mcq_v2.csv,2112,mcq,mmlu_sociology_0051,cal,remove,C0_exact,mmlu_copy
pairs_mcq_v2.csv,2113,mcq,mmlu_sociology_0051,cal,remove,C1_transformed,lmsys_rephrase
pairs_mcq_v2.csv,2114,mcq,mmlu_sociology_0051,cal,remove,C2_answer_bearing,mmlu_answer_frag
pairs_mcq_v2.csv,2115,mcq,mmlu_sociology_0051,cal,retain,H1_same_topic,mmlu_same_subject_other_item
pairs_mcq_v2.csv,2116,mcq,mmlu_sociology_0051,cal,retain,H3_predating,logiqa
pairs_mcq_v2.csv,2117,mcq,mmlu_sociology_0051,cal,retain,R_random,svamp
pairs_mcq_v2.csv,2130,mcq,mmlu_sociology_0054,cal,remove,C0_exact,mmlu_copy
pairs_mcq_v2.csv,2131,mcq,mmlu_sociology_0054,cal,remove,C1_transformed,lmsys_rephrase
pairs_mcq_v2.csv,2132,mcq,mmlu_sociology_0054,cal,remove,C2_answer_bearing,mmlu_answer_frag
pairs_mcq_v2.csv,2133,mcq,mmlu_sociology_0054,cal,retain,H1_same_topic,mmlu_same_subject_other_item
pairs_mcq_v2.csv,2134,mcq,mmlu_sociology_0054,cal,retain,H3_predating,logiqa
pairs_mcq_v2.csv,2135,mcq,mmlu_sociology_0054,cal,retain,R_random,svamp
pairs_mcq_v2.csv,2136,mcq,mmlu_sociology_0055,cal,remove,C0_exact,mmlu_copy
pairs_mcq_v2.csv,2137,mcq,mmlu_sociology_0055,cal,remove,C1_transformed,lmsys_rephrase
pairs_mcq_v2.csv,2138,mcq,mmlu_sociology_0055,cal,remove,C2_answer_bearing,mmlu_answer_frag
pairs_mcq_v2.csv,2139,mcq,mmlu_sociology_0055,cal,retain,H1_same_topic,mmlu_same_subject_other_item
pairs_mcq_v2.csv,2140,mcq,mmlu_sociology_0055,cal,retain,H3_predating,logiqa
pairs_mcq_v2.csv,2141,mcq,mmlu_sociology_0055,cal,retain,R_random,svamp
pairs_mcq_v2.csv,2154,mcq,mmlu_sociology_0058,cal,remove,C0_exact,mmlu_copy
pairs_mcq_v2.csv,2155,mcq,mmlu_sociology_0058,cal,remove,C1_transformed,lmsys_rephrase
pairs_mcq_v2.csv,2156,mcq,mmlu_sociology_0058,cal,remove,C2_answer_bearing,mmlu_answer_frag
pairs_mcq_v2.csv,2157,mcq,mmlu_sociology_0058,cal,retain,H1_same_topic,mmlu_same_subject_other_item
pairs_mcq_v2.csv,2158,mcq,mmlu_sociology_0058,cal,retain,H3_predating,logiqa
pairs_mcq_v2.csv,2159,mcq,mmlu_sociology_0058,cal,retain,R_random,svamp
pairs_mcq_v2.csv,2160,mcq,mmlu_sociology_0059,cal,remove,C0_exact,mmlu_copy
pairs_mcq_v2.csv,2161,mcq,mmlu_sociology_0059,cal,remove,C1_transformed,lmsys_rephrase
pairs_mcq_v2.csv,2162,mcq,mmlu_sociology_0059,cal,remove,C2_answer_bearing,mmlu_answer_frag
pairs_mcq_v2.csv,2163,mcq,mmlu_sociology_0059,cal,retain,H1_same_topic,mmlu_same_subject_other_item
pairs_mcq_v2.csv,2164,mcq,mmlu_sociology_0059,cal,retain,H3_predating,logiqa
pairs_mcq_v2.csv,2165,mcq,mmlu_sociology_0059,cal,retain,R_random,svamp
pairs_mcq_v2.csv,2190,mcq,mmlu_sociology_0064,cal,remove,C0_exact,mmlu_copy
pairs_mcq_v2.csv,2191,mcq,mmlu_sociology_0064,cal,remove,C1_transformed,lmsys_rephrase
pairs_mcq_v2.csv,2192,mcq,mmlu_sociology_0064,cal,remove,C2_answer_bearing,mmlu_answer_frag
pairs_mcq_v2.csv,2193,mcq,mmlu_sociology_0064,cal,retain,H1_same_topic,mmlu_same_subject_other_item
pairs_mcq_v2.csv,2194,mcq,mmlu_sociology_0064,cal,retain,H3_predating,logiqa
pairs_mcq_v2.csv,2195,mcq,mmlu_sociology_0064,cal,retain,R_random,svamp
pairs_mcq_v2.csv,2202,mcq,mmlu_sociology_0066,cal,remove,C0_exact,mmlu_copy
pairs_mcq_v2.csv,2203,mcq,mmlu_sociology_0066,cal,remove,C1_transformed,lmsys_rephrase
pairs_mcq_v2.csv,2204,mcq,mmlu_sociology_0066,cal,remove,C2_answer_bearing,mmlu_answer_frag
pairs_mcq_v2.csv,2205,mcq,mmlu_sociology_0066,cal,retain,H1_same_topic,mmlu_same_subject_other_item
pairs_mcq_v2.csv,2206,mcq,mmlu_sociology_0066,cal,retain,H3_predating,logiqa
pairs_mcq_v2.csv,2207,mcq,mmlu_sociology_0066,cal,retain,R_random,svamp
pairs_mcq_v2.csv,2208,mcq,mmlu_sociology_0067,cal,remove,C0_exact,mmlu_copy
pairs_mcq_v2.csv,2209,mcq,mmlu_sociology_0067,cal,remove,C2_answer_bearing,mmlu_answer_frag
pairs_mcq_v2.csv,2210,mcq,mmlu_sociology_0067,cal,retain,H1_same_topic,mmlu_same_subject_other_item
pairs_mcq_v2.csv,2211,mcq,mmlu_sociology_0067,cal,retain,H3_predating,logiqa
pairs_mcq_v2.csv,2212,mcq,mmlu_sociology_0067,cal,retain,R_random,svamp
pairs_mcq_v2.csv,2213,mcq,mmlu_sociology_0068,cal,remove,C0_exact,mmlu_copy
pairs_mcq_v2.csv,2214,mcq,mmlu_sociology_0068,cal,remove,C1_transformed,lmsys_rephrase
pairs_mcq_v2.csv,2215,mcq,mmlu_sociology_0068,cal,remove,C2_answer_bearing,mmlu_answer_frag
pairs_mcq_v2.csv,2216,mcq,mmlu_sociology_0068,cal,retain,H1_same_topic,mmlu_same_subject_other_item
pairs_mcq_v2.csv,2217,mcq,mmlu_sociology_0068,cal,retain,H3_predating,logiqa
pairs_mcq_v2.csv,2218,mcq,mmlu_sociology_0068,cal,retain,R_random,svamp
pairs_mcq_v2.csv,2219,mcq,mmlu_sociology_0069,cal,remove,C0_exact,mmlu_copy
pairs_mcq_v2.csv,2220,mcq,mmlu_sociology_0069,cal,remove,C1_transformed,lmsys_rephrase
pairs_mcq_v2.csv,2221,mcq,mmlu_sociology_0069,cal,remove,C2_answer_bearing,mmlu_answer_frag
pairs_mcq_v2.csv,2222,mcq,mmlu_sociology_0069,cal,retain,H1_same_topic,mmlu_same_subject_other_item
pairs_mcq_v2.csv,2223,mcq,mmlu_sociology_0069,cal,retain,H3_predating,logiqa
pairs_mcq_v2.csv,2224,mcq,mmlu_sociology_0069,cal,retain,R_random,svamp
pairs_mcq_v2.csv,2225,mcq,mmlu_sociology_0070,cal,remove,C0_exact,mmlu_copy
pairs_mcq_v2.csv,2226,mcq,mmlu_sociology_0070,cal,remove,C1_transformed,lmsys_rephrase
pairs_mcq_v2.csv,2227,mcq,mmlu_sociology_0070,cal,remove,C2_answer_bearing,mmlu_answer_frag
pairs_mcq_v2.csv,2228,mcq,mmlu_sociology_0070,cal,retain,H1_same_topic,mmlu_same_subject_other_item
pairs_mcq_v2.csv,2229,mcq,mmlu_sociology_0070,cal,retain,H3_predating,logiqa
pairs_mcq_v2.csv,2230,mcq,mmlu_sociology_0070,cal,retain,R_random,svamp
pairs_mcq_v2.csv,2261,mcq,mmlu_sociology_0076,cal,remove,C0_exact,mmlu_copy
pairs_mcq_v2.csv,2262,mcq,mmlu_sociology_0076,cal,remove,C1_transformed,lmsys_rephrase
pairs_mcq_v2.csv,2263,mcq,mmlu_sociology_0076,cal,remove,C2_answer_bearing,mmlu_answer_frag
pairs_mcq_v2.csv,2264,mcq,mmlu_sociology_0076,cal,retain,H1_same_topic,mmlu_same_subject_other_item
pairs_mcq_v2.csv,2265,mcq,mmlu_sociology_0076,cal,retain,H3_predating,logiqa
pairs_mcq_v2.csv,2266,mcq,mmlu_sociology_0076,cal,retain,R_random,svamp
pairs_mcq_v2.csv,2273,mcq,mmlu_sociology_0078,cal,remove,C0_exact,mmlu_copy
pairs_mcq_v2.csv,2274,mcq,mmlu_sociology_0078,cal,remove,C1_transformed,lmsys_rephrase
pairs_mcq_v2.csv,2275,mcq,mmlu_sociology_0078,cal,remove,C2_answer_bearing,mmlu_answer_frag
pairs_mcq_v2.csv,2276,mcq,mmlu_sociology_0078,cal,retain,H1_same_topic,mmlu_same_subject_other_item
pairs_mcq_v2.csv,2277,mcq,mmlu_sociology_0078,cal,retain,H3_predating,logiqa
pairs_mcq_v2.csv,2278,mcq,mmlu_sociology_0078,cal,retain,R_random,svamp
pairs_mcq_v2.csv,2291,mcq,mmlu_sociology_0081,cal,remove,C0_exact,mmlu_copy
pairs_mcq_v2.csv,2292,mcq,mmlu_sociology_0081,cal,remove,C1_transformed,lmsys_rephrase
pairs_mcq_v2.csv,2293,mcq,mmlu_sociology_0081,cal,remove,C2_answer_bearing,mmlu_answer_frag
pairs_mcq_v2.csv,2294,mcq,mmlu_sociology_0081,cal,retain,H1_same_topic,mmlu_same_subject_other_item
pairs_mcq_v2.csv,2295,mcq,mmlu_sociology_0081,cal,retain,H3_predating,logiqa
pairs_mcq_v2.csv,2296,mcq,mmlu_sociology_0081,cal,retain,R_random,svamp
pairs_mcq_v2.csv,2303,mcq,mmlu_sociology_0083,cal,remove,C0_exact,mmlu_copy
pairs_mcq_v2.csv,2304,mcq,mmlu_sociology_0083,cal,remove,C1_transformed,lmsys_rephrase
pairs_mcq_v2.csv,2305,mcq,mmlu_sociology_0083,cal,remove,C2_answer_bearing,mmlu_answer_frag
pairs_mcq_v2.csv,2306,mcq,mmlu_sociology_0083,cal,retain,H1_same_topic,mmlu_same_subject_other_item
pairs_mcq_v2.csv,2307,mcq,mmlu_sociology_0083,cal,retain,H3_predating,logiqa
pairs_mcq_v2.csv,2308,mcq,mmlu_sociology_0083,cal,retain,R_random,svamp
pairs_mcq_v2.csv,2363,mcq,mmlu_sociology_0093,cal,remove,C0_exact,mmlu_copy
pairs_mcq_v2.csv,2364,mcq,mmlu_sociology_0093,cal,remove,C1_transformed,lmsys_rephrase
pairs_mcq_v2.csv,2365,mcq,mmlu_sociology_0093,cal,remove,C2_answer_bearing,mmlu_answer_frag
pairs_mcq_v2.csv,2366,mcq,mmlu_sociology_0093,cal,retain,H1_same_topic,mmlu_same_subject_other_item
pairs_mcq_v2.csv,2367,mcq,mmlu_sociology_0093,cal,retain,H3_predating,logiqa
pairs_mcq_v2.csv,2368,mcq,mmlu_sociology_0093,cal,retain,R_random,svamp
pairs_mcq_v2.csv,2411,mcq,mmlu_sociology_0101,cal,remove,C0_exact,mmlu_copy
pairs_mcq_v2.csv,2412,mcq,mmlu_sociology_0101,cal,remove,C1_transformed,lmsys_rephrase
pairs_mcq_v2.csv,2413,mcq,mmlu_sociology_0101,cal,remove,C2_answer_bearing,mmlu_answer_frag
pairs_mcq_v2.csv,2414,mcq,mmlu_sociology_0101,cal,retain,H1_same_topic,mmlu_same_subject_other_item
pairs_mcq_v2.csv,2415,mcq,mmlu_sociology_0101,cal,retain,H3_predating,logiqa
pairs_mcq_v2.csv,2416,mcq,mmlu_sociology_0101,cal,retain,R_random,svamp
pairs_mcq_v2.csv,2423,mcq,mmlu_sociology_0103,cal,remove,C0_exact,mmlu_copy
pairs_mcq_v2.csv,2424,mcq,mmlu_sociology_0103,cal,remove,C1_transformed,lmsys_rephrase
pairs_mcq_v2.csv,2425,mcq,mmlu_sociology_0103,cal,remove,C2_answer_bearing,mmlu_answer_frag
pairs_mcq_v2.csv,2426,mcq,mmlu_sociology_0103,cal,retain,H1_same_topic,mmlu_same_subject_other_item
pairs_mcq_v2.csv,2427,mcq,mmlu_sociology_0103,cal,retain,H3_predating,logiqa
pairs_mcq_v2.csv,2428,mcq,mmlu_sociology_0103,cal,retain,R_random,svamp
pairs_mcq_v2.csv,2429,mcq,mmlu_sociology_0104,cal,remove,C0_exact,mmlu_copy
pairs_mcq_v2.csv,2430,mcq,mmlu_sociology_0104,cal,remove,C1_transformed,lmsys_rephrase
pairs_mcq_v2.csv,2431,mcq,mmlu_sociology_0104,cal,remove,C2_answer_bearing,mmlu_answer_frag
pairs_mcq_v2.csv,2432,mcq,mmlu_sociology_0104,cal,retain,H1_same_topic,mmlu_same_subject_other_item
pairs_mcq_v2.csv,2433,mcq,mmlu_sociology_0104,cal,retain,H3_predating,logiqa
pairs_mcq_v2.csv,2434,mcq,mmlu_sociology_0104,cal,retain,R_random,svamp
pairs_mcq_v2.csv,2453,mcq,mmlu_sociology_0108,cal,remove,C0_exact,mmlu_copy
pairs_mcq_v2.csv,2454,mcq,mmlu_sociology_0108,cal,remove,C1_transformed,lmsys_rephrase
pairs_mcq_v2.csv,2455,mcq,mmlu_sociology_0108,cal,remove,C2_answer_bearing,mmlu_answer_frag
pairs_mcq_v2.csv,2456,mcq,mmlu_sociology_0108,cal,retain,H1_same_topic,mmlu_same_subject_other_item
pairs_mcq_v2.csv,2457,mcq,mmlu_sociology_0108,cal,retain,H3_predating,logiqa
pairs_mcq_v2.csv,2458,mcq,mmlu_sociology_0108,cal,retain,R_random,svamp
pairs_mcq_v2.csv,2489,mcq,mmlu_sociology_0114,cal,remove,C0_exact,mmlu_copy
pairs_mcq_v2.csv,2490,mcq,mmlu_sociology_0114,cal,remove,C1_transformed,lmsys_rephrase
pairs_mcq_v2.csv,2491,mcq,mmlu_sociology_0114,cal,remove,C2_answer_bearing,mmlu_answer_frag
pairs_mcq_v2.csv,2492,mcq,mmlu_sociology_0114,cal,retain,H1_same_topic,mmlu_same_subject_other_item
pairs_mcq_v2.csv,2493,mcq,mmlu_sociology_0114,cal,retain,H3_predating,logiqa
pairs_mcq_v2.csv,2494,mcq,mmlu_sociology_0114,cal,retain,R_random,svamp
pairs_mcq_v2.csv,2531,mcq,mmlu_sociology_0121,cal,remove,C0_exact,mmlu_copy
pairs_mcq_v2.csv,2532,mcq,mmlu_sociology_0121,cal,remove,C1_transformed,lmsys_rephrase
pairs_mcq_v2.csv,2533,mcq,mmlu_sociology_0121,cal,remove,C2_answer_bearing,mmlu_answer_frag
pairs_mcq_v2.csv,2534,mcq,mmlu_sociology_0121,cal,retain,H1_same_topic,mmlu_same_subject_other_item
pairs_mcq_v2.csv,2535,mcq,mmlu_sociology_0121,cal,retain,H3_predating,logiqa
pairs_mcq_v2.csv,2536,mcq,mmlu_sociology_0121,cal,retain,R_random,svamp
pairs_mcq_v2.csv,2549,mcq,mmlu_sociology_0124,cal,remove,C0_exact,mmlu_copy
pairs_mcq_v2.csv,2550,mcq,mmlu_sociology_0124,cal,remove,C1_transformed,lmsys_rephrase
pairs_mcq_v2.csv,2551,mcq,mmlu_sociology_0124,cal,remove,C2_answer_bearing,mmlu_answer_frag
pairs_mcq_v2.csv,2552,mcq,mmlu_sociology_0124,cal,retain,H1_same_topic,mmlu_same_subject_other_item
pairs_mcq_v2.csv,2553,mcq,mmlu_sociology_0124,cal,retain,H3_predating,logiqa
pairs_mcq_v2.csv,2554,mcq,mmlu_sociology_0124,cal,retain,R_random,svamp
pairs_mcq_v2.csv,2567,mcq,mmlu_sociology_0127,cal,remove,C0_exact,mmlu_copy
pairs_mcq_v2.csv,2568,mcq,mmlu_sociology_0127,cal,remove,C1_transformed,lmsys_rephrase
pairs_mcq_v2.csv,2569,mcq,mmlu_sociology_0127,cal,remove,C2_answer_bearing,mmlu_answer_frag
pairs_mcq_v2.csv,2570,mcq,mmlu_sociology_0127,cal,retain,H1_same_topic,mmlu_same_subject_other_item
pairs_mcq_v2.csv,2571,mcq,mmlu_sociology_0127,cal,retain,H3_predating,logiqa
pairs_mcq_v2.csv,2572,mcq,mmlu_sociology_0127,cal,retain,R_random,svamp
pairs_mcq_v2.csv,2585,mcq,mmlu_sociology_0130,cal,remove,C0_exact,mmlu_copy
pairs_mcq_v2.csv,2586,mcq,mmlu_sociology_0130,cal,remove,C1_transformed,lmsys_rephrase
pairs_mcq_v2.csv,2587,mcq,mmlu_sociology_0130,cal,remove,C2_answer_bearing,mmlu_answer_frag
pairs_mcq_v2.csv,2588,mcq,mmlu_sociology_0130,cal,retain,H1_same_topic,mmlu_same_subject_other_item
pairs_mcq_v2.csv,2589,mcq,mmlu_sociology_0130,cal,retain,H3_predating,logiqa
pairs_mcq_v2.csv,2590,mcq,mmlu_sociology_0130,cal,retain,R_random,svamp
pairs_mcq_v2.csv,2597,mcq,mmlu_sociology_0132,cal,remove,C0_exact,mmlu_copy
pairs_mcq_v2.csv,2598,mcq,mmlu_sociology_0132,cal,remove,C1_transformed,lmsys_rephrase
pairs_mcq_v2.csv,2599,mcq,mmlu_sociology_0132,cal,remove,C2_answer_bearing,mmlu_answer_frag
pairs_mcq_v2.csv,2600,mcq,mmlu_sociology_0132,cal,retain,H1_same_topic,mmlu_same_subject_other_item
pairs_mcq_v2.csv,2601,mcq,mmlu_sociology_0132,cal,retain,H3_predating,logiqa
pairs_mcq_v2.csv,2602,mcq,mmlu_sociology_0132,cal,retain,R_random,svamp
pairs_mcq_v2.csv,2603,mcq,mmlu_sociology_0133,cal,remove,C0_exact,mmlu_copy
pairs_mcq_v2.csv,2604,mcq,mmlu_sociology_0133,cal,remove,C1_transformed,lmsys_rephrase
pairs_mcq_v2.csv,2605,mcq,mmlu_sociology_0133,cal,remove,C2_answer_bearing,mmlu_answer_frag
pairs_mcq_v2.csv,2606,mcq,mmlu_sociology_0133,cal,retain,H1_same_topic,mmlu_same_subject_other_item
pairs_mcq_v2.csv,2607,mcq,mmlu_sociology_0133,cal,retain,H3_predating,logiqa
pairs_mcq_v2.csv,2608,mcq,mmlu_sociology_0133,cal,retain,R_random,svamp
pairs_mcq_v2.csv,2609,mcq,mmlu_sociology_0134,cal,remove,C0_exact,mmlu_copy
pairs_mcq_v2.csv,2610,mcq,mmlu_sociology_0134,cal,remove,C1_transformed,lmsys_rephrase
pairs_mcq_v2.csv,2611,mcq,mmlu_sociology_0134,cal,remove,C2_answer_bearing,mmlu_answer_frag
pairs_mcq_v2.csv,2612,mcq,mmlu_sociology_0134,cal,retain,H1_same_topic,mmlu_same_subject_other_item
pairs_mcq_v2.csv,2613,mcq,mmlu_sociology_0134,cal,retain,H3_predating,logiqa
pairs_mcq_v2.csv,2614,mcq,mmlu_sociology_0134,cal,retain,R_random,svamp
pairs_mcq_v2.csv,2621,mcq,mmlu_sociology_0136,cal,remove,C0_exact,mmlu_copy
pairs_mcq_v2.csv,2622,mcq,mmlu_sociology_0136,cal,remove,C1_transformed,lmsys_rephrase
pairs_mcq_v2.csv,2623,mcq,mmlu_sociology_0136,cal,remove,C2_answer_bearing,mmlu_answer_frag
pairs_mcq_v2.csv,2624,mcq,mmlu_sociology_0136,cal,retain,H1_same_topic,mmlu_same_subject_other_item
pairs_mcq_v2.csv,2625,mcq,mmlu_sociology_0136,cal,retain,H3_predating,logiqa
pairs_mcq_v2.csv,2626,mcq,mmlu_sociology_0136,cal,retain,R_random,svamp
pairs_mcq_v2.csv,2633,mcq,mmlu_sociology_0138,cal,remove,C0_exact,mmlu_copy
pairs_mcq_v2.csv,2634,mcq,mmlu_sociology_0138,cal,remove,C1_transformed,lmsys_rephrase
pairs_mcq_v2.csv,2635,mcq,mmlu_sociology_0138,cal,remove,C2_answer_bearing,mmlu_answer_frag
pairs_mcq_v2.csv,2636,mcq,mmlu_sociology_0138,cal,retain,H1_same_topic,mmlu_same_subject_other_item
pairs_mcq_v2.csv,2637,mcq,mmlu_sociology_0138,cal,retain,H3_predating,logiqa
pairs_mcq_v2.csv,2638,mcq,mmlu_sociology_0138,cal,retain,R_random,svamp
pairs_mcq_v2.csv,2651,mcq,mmlu_sociology_0141,cal,remove,C0_exact,mmlu_copy
pairs_mcq_v2.csv,2652,mcq,mmlu_sociology_0141,cal,remove,C1_transformed,lmsys_rephrase
pairs_mcq_v2.csv,2653,mcq,mmlu_sociology_0141,cal,remove,C2_answer_bearing,mmlu_answer_frag
pairs_mcq_v2.csv,2654,mcq,mmlu_sociology_0141,cal,retain,H1_same_topic,mmlu_same_subject_other_item
pairs_mcq_v2.csv,2655,mcq,mmlu_sociology_0141,cal,retain,H3_predating,logiqa
pairs_mcq_v2.csv,2656,mcq,mmlu_sociology_0141,cal,retain,R_random,svamp
pairs_mcq_v2.csv,2693,mcq,mmlu_sociology_0148,cal,remove,C0_exact,mmlu_copy
pairs_mcq_v2.csv,2694,mcq,mmlu_sociology_0148,cal,remove,C1_transformed,lmsys_rephrase
pairs_mcq_v2.csv,2695,mcq,mmlu_sociology_0148,cal,remove,C2_answer_bearing,mmlu_answer_frag
pairs_mcq_v2.csv,2696,mcq,mmlu_sociology_0148,cal,retain,H1_same_topic,mmlu_same_subject_other_item
pairs_mcq_v2.csv,2697,mcq,mmlu_sociology_0148,cal,retain,H3_predating,logiqa
pairs_mcq_v2.csv,2698,mcq,mmlu_sociology_0148,cal,retain,R_random,svamp
pairs_mcq_v2.csv,2705,mcq,mmlu_sociology_0150,cal,remove,C0_exact,mmlu_copy
pairs_mcq_v2.csv,2706,mcq,mmlu_sociology_0150,cal,remove,C1_transformed,lmsys_rephrase
pairs_mcq_v2.csv,2707,mcq,mmlu_sociology_0150,cal,remove,C2_answer_bearing,mmlu_answer_frag
pairs_mcq_v2.csv,2708,mcq,mmlu_sociology_0150,cal,retain,H1_same_topic,mmlu_same_subject_other_item
pairs_mcq_v2.csv,2709,mcq,mmlu_sociology_0150,cal,retain,H3_predating,logiqa
pairs_mcq_v2.csv,2710,mcq,mmlu_sociology_0150,cal,retain,R_random,svamp
pairs_mcq_v2.csv,2735,mcq,mmlu_sociology_0155,cal,remove,C0_exact,mmlu_copy
pairs_mcq_v2.csv,2736,mcq,mmlu_sociology_0155,cal,remove,C1_transformed,lmsys_rephrase
pairs_mcq_v2.csv,2737,mcq,mmlu_sociology_0155,cal,remove,C2_answer_bearing,mmlu_answer_frag
pairs_mcq_v2.csv,2738,mcq,mmlu_sociology_0155,cal,retain,H1_same_topic,mmlu_same_subject_other_item
pairs_mcq_v2.csv,2739,mcq,mmlu_sociology_0155,cal,retain,H3_predating,logiqa
pairs_mcq_v2.csv,2740,mcq,mmlu_sociology_0155,cal,retain,R_random,svamp
pairs_mcq_v2.csv,2753,mcq,mmlu_sociology_0158,cal,remove,C0_exact,mmlu_copy
pairs_mcq_v2.csv,2754,mcq,mmlu_sociology_0158,cal,remove,C1_transformed,lmsys_rephrase
pairs_mcq_v2.csv,2755,mcq,mmlu_sociology_0158,cal,remove,C2_answer_bearing,mmlu_answer_frag
pairs_mcq_v2.csv,2756,mcq,mmlu_sociology_0158,cal,retain,H1_same_topic,mmlu_same_subject_other_item
pairs_mcq_v2.csv,2757,mcq,mmlu_sociology_0158,cal,retain,H3_predating,logiqa
pairs_mcq_v2.csv,2758,mcq,mmlu_sociology_0158,cal,retain,R_random,svamp
pairs_mcq_v2.csv,2765,mcq,mmlu_sociology_0160,cal,remove,C0_exact,mmlu_copy
pairs_mcq_v2.csv,2766,mcq,mmlu_sociology_0160,cal,remove,C1_transformed,lmsys_rephrase
pairs_mcq_v2.csv,2767,mcq,mmlu_sociology_0160,cal,remove,C2_answer_bearing,mmlu_answer_frag
pairs_mcq_v2.csv,2768,mcq,mmlu_sociology_0160,cal,retain,H1_same_topic,mmlu_same_subject_other_item
pairs_mcq_v2.csv,2769,mcq,mmlu_sociology_0160,cal,retain,H3_predating,logiqa
pairs_mcq_v2.csv,2770,mcq,mmlu_sociology_0160,cal,retain,R_random,svamp
pairs_mcq_v2.csv,2783,mcq,mmlu_sociology_0163,cal,remove,C0_exact,mmlu_copy
pairs_mcq_v2.csv,2784,mcq,mmlu_sociology_0163,cal,remove,C1_transformed,lmsys_rephrase
pairs_mcq_v2.csv,2785,mcq,mmlu_sociology_0163,cal,remove,C2_answer_bearing,mmlu_answer_frag
pairs_mcq_v2.csv,2786,mcq,mmlu_sociology_0163,cal,retain,H1_same_topic,mmlu_same_subject_other_item
pairs_mcq_v2.csv,2787,mcq,mmlu_sociology_0163,cal,retain,H3_predating,logiqa
pairs_mcq_v2.csv,2788,mcq,mmlu_sociology_0163,cal,retain,R_random,svamp
pairs_mcq_v2.csv,2801,mcq,mmlu_sociology_0166,cal,remove,C0_exact,mmlu_copy
pairs_mcq_v2.csv,2802,mcq,mmlu_sociology_0166,cal,remove,C1_transformed,lmsys_rephrase
pairs_mcq_v2.csv,2803,mcq,mmlu_sociology_0166,cal,remove,C2_answer_bearing,mmlu_answer_frag
pairs_mcq_v2.csv,2804,mcq,mmlu_sociology_0166,cal,retain,H1_same_topic,mmlu_same_subject_other_item
pairs_mcq_v2.csv,2805,mcq,mmlu_sociology_0166,cal,retain,H3_predating,logiqa
pairs_mcq_v2.csv,2806,mcq,mmlu_sociology_0166,cal,retain,R_random,svamp
pairs_mcq_v2.csv,2819,mcq,mmlu_sociology_0169,cal,remove,C0_exact,mmlu_copy
pairs_mcq_v2.csv,2820,mcq,mmlu_sociology_0169,cal,remove,C1_transformed,lmsys_rephrase
pairs_mcq_v2.csv,2821,mcq,mmlu_sociology_0169,cal,remove,C2_answer_bearing,mmlu_answer_frag
pairs_mcq_v2.csv,2822,mcq,mmlu_sociology_0169,cal,retain,H1_same_topic,mmlu_same_subject_other_item
pairs_mcq_v2.csv,2823,mcq,mmlu_sociology_0169,cal,retain,H3_predating,logiqa
pairs_mcq_v2.csv,2824,mcq,mmlu_sociology_0169,cal,retain,R_random,svamp
pairs_mcq_v2.csv,2825,mcq,mmlu_sociology_0170,cal,remove,C0_exact,mmlu_copy
pairs_mcq_v2.csv,2826,mcq,mmlu_sociology_0170,cal,remove,C1_transformed,lmsys_rephrase
pairs_mcq_v2.csv,2827,mcq,mmlu_sociology_0170,cal,remove,C2_answer_bearing,mmlu_answer_frag
pairs_mcq_v2.csv,2828,mcq,mmlu_sociology_0170,cal,retain,H1_same_topic,mmlu_same_subject_other_item
pairs_mcq_v2.csv,2829,mcq,mmlu_sociology_0170,cal,retain,H3_predating,logiqa
pairs_mcq_v2.csv,2830,mcq,mmlu_sociology_0170,cal,retain,R_random,svamp
pairs_mcq_v2.csv,2843,mcq,mmlu_sociology_0173,cal,remove,C0_exact,mmlu_copy
pairs_mcq_v2.csv,2844,mcq,mmlu_sociology_0173,cal,remove,C1_transformed,lmsys_rephrase
pairs_mcq_v2.csv,2845,mcq,mmlu_sociology_0173,cal,remove,C2_answer_bearing,mmlu_answer_frag
pairs_mcq_v2.csv,2846,mcq,mmlu_sociology_0173,cal,retain,H1_same_topic,mmlu_same_subject_other_item
pairs_mcq_v2.csv,2847,mcq,mmlu_sociology_0173,cal,retain,H3_predating,logiqa
pairs_mcq_v2.csv,2848,mcq,mmlu_sociology_0173,cal,retain,R_random,svamp
pairs_mcq_v2.csv,2878,mcq,mmlu_sociology_0179,cal,remove,C0_exact,mmlu_copy
pairs_mcq_v2.csv,2879,mcq,mmlu_sociology_0179,cal,remove,C1_transformed,lmsys_rephrase
pairs_mcq_v2.csv,2880,mcq,mmlu_sociology_0179,cal,remove,C2_answer_bearing,mmlu_answer_frag
pairs_mcq_v2.csv,2881,mcq,mmlu_sociology_0179,cal,retain,H1_same_topic,mmlu_same_subject_other_item
pairs_mcq_v2.csv,2882,mcq,mmlu_sociology_0179,cal,retain,H3_predating,logiqa
pairs_mcq_v2.csv,2883,mcq,mmlu_sociology_0179,cal,retain,R_random,svamp
pairs_mcq_v2.csv,2890,mcq,mmlu_sociology_0181,cal,remove,C0_exact,mmlu_copy
pairs_mcq_v2.csv,2891,mcq,mmlu_sociology_0181,cal,remove,C1_transformed,lmsys_rephrase
pairs_mcq_v2.csv,2892,mcq,mmlu_sociology_0181,cal,remove,C2_answer_bearing,mmlu_answer_frag
pairs_mcq_v2.csv,2893,mcq,mmlu_sociology_0181,cal,retain,H1_same_topic,mmlu_same_subject_other_item
pairs_mcq_v2.csv,2894,mcq,mmlu_sociology_0181,cal,retain,H3_predating,logiqa
pairs_mcq_v2.csv,2895,mcq,mmlu_sociology_0181,cal,retain,R_random,svamp
pairs_mcq_v2.csv,2896,mcq,mmlu_sociology_0182,cal,remove,C0_exact,mmlu_copy
pairs_mcq_v2.csv,2897,mcq,mmlu_sociology_0182,cal,remove,C1_transformed,lmsys_rephrase
pairs_mcq_v2.csv,2898,mcq,mmlu_sociology_0182,cal,remove,C2_answer_bearing,mmlu_answer_frag
pairs_mcq_v2.csv,2899,mcq,mmlu_sociology_0182,cal,retain,H1_same_topic,mmlu_same_subject_other_item
pairs_mcq_v2.csv,2900,mcq,mmlu_sociology_0182,cal,retain,H3_predating,logiqa
pairs_mcq_v2.csv,2901,mcq,mmlu_sociology_0182,cal,retain,R_random,svamp
pairs_mcq_v2.csv,2914,mcq,mmlu_sociology_0185,cal,remove,C0_exact,mmlu_copy
pairs_mcq_v2.csv,2915,mcq,mmlu_sociology_0185,cal,remove,C1_transformed,lmsys_rephrase
pairs_mcq_v2.csv,2916,mcq,mmlu_sociology_0185,cal,remove,C2_answer_bearing,mmlu_answer_frag
pairs_mcq_v2.csv,2917,mcq,mmlu_sociology_0185,cal,retain,H1_same_topic,mmlu_same_subject_other_item
pairs_mcq_v2.csv,2918,mcq,mmlu_sociology_0185,cal,retain,H3_predating,logiqa
pairs_mcq_v2.csv,2919,mcq,mmlu_sociology_0185,cal,retain,R_random,svamp
pairs_mcq_v2.csv,2920,mcq,mmlu_sociology_0186,cal,remove,C0_exact,mmlu_copy
pairs_mcq_v2.csv,2921,mcq,mmlu_sociology_0186,cal,remove,C1_transformed,lmsys_rephrase
pairs_mcq_v2.csv,2922,mcq,mmlu_sociology_0186,cal,remove,C2_answer_bearing,mmlu_answer_frag
pairs_mcq_v2.csv,2923,mcq,mmlu_sociology_0186,cal,retain,H1_same_topic,mmlu_same_subject_other_item
pairs_mcq_v2.csv,2924,mcq,mmlu_sociology_0186,cal,retain,H3_predating,logiqa
pairs_mcq_v2.csv,2925,mcq,mmlu_sociology_0186,cal,retain,R_random,svamp
pairs_mcq_v2.csv,2926,mcq,mmlu_sociology_0187,cal,remove,C0_exact,mmlu_copy
pairs_mcq_v2.csv,2927,mcq,mmlu_sociology_0187,cal,remove,C1_transformed,lmsys_rephrase
pairs_mcq_v2.csv,2928,mcq,mmlu_sociology_0187,cal,remove,C2_answer_bearing,mmlu_answer_frag
pairs_mcq_v2.csv,2929,mcq,mmlu_sociology_0187,cal,retain,H1_same_topic,mmlu_same_subject_other_item
pairs_mcq_v2.csv,2930,mcq,mmlu_sociology_0187,cal,retain,H3_predating,logiqa
pairs_mcq_v2.csv,2931,mcq,mmlu_sociology_0187,cal,retain,R_random,svamp
pairs_mcq_v2.csv,2944,mcq,mmlu_sociology_0190,cal,remove,C0_exact,mmlu_copy
pairs_mcq_v2.csv,2945,mcq,mmlu_sociology_0190,cal,remove,C1_transformed,lmsys_rephrase
pairs_mcq_v2.csv,2946,mcq,mmlu_sociology_0190,cal,remove,C2_answer_bearing,mmlu_answer_frag
pairs_mcq_v2.csv,2947,mcq,mmlu_sociology_0190,cal,retain,H1_same_topic,mmlu_same_subject_other_item
pairs_mcq_v2.csv,2948,mcq,mmlu_sociology_0190,cal,retain,H3_predating,logiqa
pairs_mcq_v2.csv,2949,mcq,mmlu_sociology_0190,cal,retain,R_random,svamp
pairs_mcq_v2.csv,2968,mcq,mmlu_sociology_0194,cal,remove,C0_exact,mmlu_copy
pairs_mcq_v2.csv,2969,mcq,mmlu_sociology_0194,cal,remove,C1_transformed,lmsys_rephrase
pairs_mcq_v2.csv,2970,mcq,mmlu_sociology_0194,cal,remove,C2_answer_bearing,mmlu_answer_frag
pairs_mcq_v2.csv,2971,mcq,mmlu_sociology_0194,cal,retain,H1_same_topic,mmlu_same_subject_other_item
pairs_mcq_v2.csv,2972,mcq,mmlu_sociology_0194,cal,retain,H3_predating,logiqa
pairs_mcq_v2.csv,2973,mcq,mmlu_sociology_0194,cal,retain,R_random,svamp
pairs_mcq_v2.csv,2980,mcq,mmlu_sociology_0196,cal,remove,C0_exact,mmlu_copy
pairs_mcq_v2.csv,2981,mcq,mmlu_sociology_0196,cal,remove,C1_transformed,lmsys_rephrase
pairs_mcq_v2.csv,2982,mcq,mmlu_sociology_0196,cal,remove,C2_answer_bearing,mmlu_answer_frag
pairs_mcq_v2.csv,2983,mcq,mmlu_sociology_0196,cal,retain,H1_same_topic,mmlu_same_subject_other_item
pairs_mcq_v2.csv,2984,mcq,mmlu_sociology_0196,cal,retain,H3_predating,logiqa
pairs_mcq_v2.csv,2985,mcq,mmlu_sociology_0196,cal,retain,R_random,svamp
pairs_mcq_v2.csv,2986,mcq,mmlu_sociology_0197,cal,remove,C0_exact,mmlu_copy
pairs_mcq_v2.csv,2987,mcq,mmlu_sociology_0197,cal,remove,C1_transformed,lmsys_rephrase
pairs_mcq_v2.csv,2988,mcq,mmlu_sociology_0197,cal,remove,C2_answer_bearing,mmlu_answer_frag
pairs_mcq_v2.csv,2989,mcq,mmlu_sociology_0197,cal,retain,H1_same_topic,mmlu_same_subject_other_item
pairs_mcq_v2.csv,2990,mcq,mmlu_sociology_0197,cal,retain,H3_predating,logiqa
pairs_mcq_v2.csv,2991,mcq,mmlu_sociology_0197,cal,retain,R_random,svamp
pairs_mcq_v2.csv,2992,mcq,mmlu_sociology_0198,cal,remove,C0_exact,mmlu_copy
pairs_mcq_v2.csv,2993,mcq,mmlu_sociology_0198,cal,remove,C1_transformed,lmsys_rephrase
pairs_mcq_v2.csv,2994,mcq,mmlu_sociology_0198,cal,remove,C2_answer_bearing,mmlu_answer_frag
pairs_mcq_v2.csv,2995,mcq,mmlu_sociology_0198,cal,retain,H1_same_topic,mmlu_same_subject_other_item
pairs_mcq_v2.csv,2996,mcq,mmlu_sociology_0198,cal,retain,H3_predating,logiqa
pairs_mcq_v2.csv,2997,mcq,mmlu_sociology_0198,cal,retain,R_random,svamp
pairs_mcq_v2.csv,3010,mcq,mmlu_abstract_algebra_0000,cal,remove,C1_sr,mmlu_sr_qa
pairs_mcq_v2.csv,3012,mcq,mmlu_abstract_algebra_0002,cal,remove,C1_sr,mmlu_sr_qa
pairs_mcq_v2.csv,3014,mcq,mmlu_abstract_algebra_0004,cal,remove,C1_sr,mmlu_sr_qa
pairs_mcq_v2.csv,3019,mcq,mmlu_abstract_algebra_0009,cal,remove,C1_sr,mmlu_sr_qa
pairs_mcq_v2.csv,3023,mcq,mmlu_abstract_algebra_0013,cal,remove,C1_sr,mmlu_sr_qa
pairs_mcq_v2.csv,3029,mcq,mmlu_abstract_algebra_0019,cal,remove,C1_sr,mmlu_sr_qa
pairs_mcq_v2.csv,3030,mcq,mmlu_abstract_algebra_0020,cal,remove,C1_sr,mmlu_sr_qa
pairs_mcq_v2.csv,3036,mcq,mmlu_abstract_algebra_0026,cal,remove,C1_sr,mmlu_sr_qa
pairs_mcq_v2.csv,3043,mcq,mmlu_abstract_algebra_0033,cal,remove,C1_sr,mmlu_sr_qa
pairs_mcq_v2.csv,3045,mcq,mmlu_abstract_algebra_0035,cal,remove,C1_sr,mmlu_sr_qa
pairs_mcq_v2.csv,3050,mcq,mmlu_abstract_algebra_0040,cal,remove,C1_sr,mmlu_sr_qa
pairs_mcq_v2.csv,3051,mcq,mmlu_abstract_algebra_0041,cal,remove,C1_sr,mmlu_sr_qa
pairs_mcq_v2.csv,3061,mcq,mmlu_abstract_algebra_0051,cal,remove,C1_sr,mmlu_sr_qa
pairs_mcq_v2.csv,3063,mcq,mmlu_abstract_algebra_0053,cal,remove,C1_sr,mmlu_sr_qa
pairs_mcq_v2.csv,3064,mcq,mmlu_abstract_algebra_0054,cal,remove,C1_sr,mmlu_sr_qa
pairs_mcq_v2.csv,3065,mcq,mmlu_abstract_algebra_0055,cal,remove,C1_sr,mmlu_sr_qa
pairs_mcq_v2.csv,3073,mcq,mmlu_abstract_algebra_0063,cal,remove,C1_sr,mmlu_sr_qa
pairs_mcq_v2.csv,3076,mcq,mmlu_abstract_algebra_0066,cal,remove,C1_sr,mmlu_sr_qa
pairs_mcq_v2.csv,3080,mcq,mmlu_abstract_algebra_0070,cal,remove,C1_sr,mmlu_sr_qa
pairs_mcq_v2.csv,3081,mcq,mmlu_abstract_algebra_0071,cal,remove,C1_sr,mmlu_sr_qa
pairs_mcq_v2.csv,3082,mcq,mmlu_abstract_algebra_0072,cal,remove,C1_sr,mmlu_sr_qa
pairs_mcq_v2.csv,3085,mcq,mmlu_abstract_algebra_0075,cal,remove,C1_sr,mmlu_sr_qa
pairs_mcq_v2.csv,3089,mcq,mmlu_abstract_algebra_0079,cal,remove,C1_sr,mmlu_sr_qa
pairs_mcq_v2.csv,3091,mcq,mmlu_abstract_algebra_0081,cal,remove,C1_sr,mmlu_sr_qa
pairs_mcq_v2.csv,3102,mcq,mmlu_abstract_algebra_0092,cal,remove,C1_sr,mmlu_sr_qa
pairs_mcq_v2.csv,3109,mcq,mmlu_abstract_algebra_0099,cal,remove,C1_sr,mmlu_sr_qa
pairs_mcq_v2.csv,3113,mcq,mmlu_high_school_us_history_0003,cal,remove,C1_sr,mmlu_sr_qa
pairs_mcq_v2.csv,3114,mcq,mmlu_high_school_us_history_0004,cal,remove,C1_sr,mmlu_sr_qa
pairs_mcq_v2.csv,3120,mcq,mmlu_high_school_us_history_0010,cal,remove,C1_sr,mmlu_sr_qa
pairs_mcq_v2.csv,3121,mcq,mmlu_high_school_us_history_0011,cal,remove,C1_sr,mmlu_sr_qa
pairs_mcq_v2.csv,3123,mcq,mmlu_high_school_us_history_0013,cal,remove,C1_sr,mmlu_sr_qa
pairs_mcq_v2.csv,3130,mcq,mmlu_high_school_us_history_0020,cal,remove,C1_sr,mmlu_sr_qa
pairs_mcq_v2.csv,3131,mcq,mmlu_high_school_us_history_0021,cal,remove,C1_sr,mmlu_sr_qa
pairs_mcq_v2.csv,3144,mcq,mmlu_high_school_us_history_0034,cal,remove,C1_sr,mmlu_sr_qa
pairs_mcq_v2.csv,3147,mcq,mmlu_high_school_us_history_0037,cal,remove,C1_sr,mmlu_sr_qa
pairs_mcq_v2.csv,3150,mcq,mmlu_high_school_us_history_0040,cal,remove,C1_sr,mmlu_sr_qa
pairs_mcq_v2.csv,3152,mcq,mmlu_high_school_us_history_0042,cal,remove,C1_sr,mmlu_sr_qa
pairs_mcq_v2.csv,3155,mcq,mmlu_high_school_us_history_0045,cal,remove,C1_sr,mmlu_sr_qa
pairs_mcq_v2.csv,3156,mcq,mmlu_high_school_us_history_0046,cal,remove,C1_sr,mmlu_sr_qa
pairs_mcq_v2.csv,3157,mcq,mmlu_high_school_us_history_0047,cal,remove,C1_sr,mmlu_sr_qa
pairs_mcq_v2.csv,3160,mcq,mmlu_high_school_us_history_0050,cal,remove,C1_sr,mmlu_sr_qa
pairs_mcq_v2.csv,3163,mcq,mmlu_high_school_us_history_0053,cal,remove,C1_sr,mmlu_sr_qa
pairs_mcq_v2.csv,3164,mcq,mmlu_high_school_us_history_0054,cal,remove,C1_sr,mmlu_sr_qa
pairs_mcq_v2.csv,3166,mcq,mmlu_high_school_us_history_0056,cal,remove,C1_sr,mmlu_sr_qa
pairs_mcq_v2.csv,3168,mcq,mmlu_high_school_us_history_0058,cal,remove,C1_sr,mmlu_sr_qa
pairs_mcq_v2.csv,3169,mcq,mmlu_high_school_us_history_0059,cal,remove,C1_sr,mmlu_sr_qa
pairs_mcq_v2.csv,3170,mcq,mmlu_high_school_us_history_0060,cal,remove,C1_sr,mmlu_sr_qa
pairs_mcq_v2.csv,3171,mcq,mmlu_high_school_us_history_0061,cal,remove,C1_sr,mmlu_sr_qa
pairs_mcq_v2.csv,3174,mcq,mmlu_high_school_us_history_0064,cal,remove,C1_sr,mmlu_sr_qa
pairs_mcq_v2.csv,3176,mcq,mmlu_high_school_us_history_0066,cal,remove,C1_sr,mmlu_sr_qa
pairs_mcq_v2.csv,3178,mcq,mmlu_high_school_us_history_0068,cal,remove,C1_sr,mmlu_sr_qa
pairs_mcq_v2.csv,3179,mcq,mmlu_high_school_us_history_0069,cal,remove,C1_sr,mmlu_sr_qa
pairs_mcq_v2.csv,3181,mcq,mmlu_high_school_us_history_0071,cal,remove,C1_sr,mmlu_sr_qa
pairs_mcq_v2.csv,3182,mcq,mmlu_high_school_us_history_0072,cal,remove,C1_sr,mmlu_sr_qa
pairs_mcq_v2.csv,3185,mcq,mmlu_high_school_us_history_0075,cal,remove,C1_sr,mmlu_sr_qa
pairs_mcq_v2.csv,3189,mcq,mmlu_high_school_us_history_0079,cal,remove,C1_sr,mmlu_sr_qa
pairs_mcq_v2.csv,3194,mcq,mmlu_high_school_us_history_0084,cal,remove,C1_sr,mmlu_sr_qa
pairs_mcq_v2.csv,3195,mcq,mmlu_high_school_us_history_0085,cal,remove,C1_sr,mmlu_sr_qa
pairs_mcq_v2.csv,3203,mcq,mmlu_high_school_us_history_0093,cal,remove,C1_sr,mmlu_sr_qa
pairs_mcq_v2.csv,3210,mcq,mmlu_high_school_us_history_0100,cal,remove,C1_sr,mmlu_sr_qa
pairs_mcq_v2.csv,3211,mcq,mmlu_high_school_us_history_0101,cal,remove,C1_sr,mmlu_sr_qa
pairs_mcq_v2.csv,3212,mcq,mmlu_high_school_us_history_0102,cal,remove,C1_sr,mmlu_sr_qa
pairs_mcq_v2.csv,3214,mcq,mmlu_high_school_us_history_0104,cal,remove,C1_sr,mmlu_sr_qa
pairs_mcq_v2.csv,3218,mcq,mmlu_high_school_us_history_0108,cal,remove,C1_sr,mmlu_sr_qa
pairs_mcq_v2.csv,3219,mcq,mmlu_high_school_us_history_0109,cal,remove,C1_sr,mmlu_sr_qa
pairs_mcq_v2.csv,3227,mcq,mmlu_high_school_us_history_0117,cal,remove,C1_sr,mmlu_sr_qa
pairs_mcq_v2.csv,3228,mcq,mmlu_high_school_us_history_0118,cal,remove,C1_sr,mmlu_sr_qa
pairs_mcq_v2.csv,3244,mcq,mmlu_high_school_us_history_0134,cal,remove,C1_sr,mmlu_sr_qa
pairs_mcq_v2.csv,3247,mcq,mmlu_high_school_us_history_0137,cal,remove,C1_sr,mmlu_sr_qa
pairs_mcq_v2.csv,3252,mcq,mmlu_high_school_us_history_0142,cal,remove,C1_sr,mmlu_sr_qa
pairs_mcq_v2.csv,3253,mcq,mmlu_high_school_us_history_0143,cal,remove,C1_sr,mmlu_sr_qa
pairs_mcq_v2.csv,3257,mcq,mmlu_high_school_us_history_0147,cal,remove,C1_sr,mmlu_sr_qa
pairs_mcq_v2.csv,3262,mcq,mmlu_high_school_us_history_0152,cal,remove,C1_sr,mmlu_sr_qa
pairs_mcq_v2.csv,3265,mcq,mmlu_high_school_us_history_0155,cal,remove,C1_sr,mmlu_sr_qa
pairs_mcq_v2.csv,3271,mcq,mmlu_high_school_us_history_0161,cal,remove,C1_sr,mmlu_sr_qa
pairs_mcq_v2.csv,3272,mcq,mmlu_high_school_us_history_0162,cal,remove,C1_sr,mmlu_sr_qa
pairs_mcq_v2.csv,3276,mcq,mmlu_high_school_us_history_0166,cal,remove,C1_sr,mmlu_sr_qa
pairs_mcq_v2.csv,3286,mcq,mmlu_high_school_us_history_0176,cal,remove,C1_sr,mmlu_sr_qa
pairs_mcq_v2.csv,3289,mcq,mmlu_high_school_us_history_0179,cal,remove,C1_sr,mmlu_sr_qa
pairs_mcq_v2.csv,3297,mcq,mmlu_high_school_us_history_0187,cal,remove,C1_sr,mmlu_sr_qa
pairs_mcq_v2.csv,3300,mcq,mmlu_high_school_us_history_0190,cal,remove,C1_sr,mmlu_sr_qa
pairs_mcq_v2.csv,3302,mcq,mmlu_high_school_us_history_0192,cal,remove,C1_sr,mmlu_sr_qa
pairs_mcq_v2.csv,3305,mcq,mmlu_high_school_us_history_0195,cal,remove,C1_sr,mmlu_sr_qa
pairs_mcq_v2.csv,3310,mcq,mmlu_high_school_us_history_0200,cal,remove,C1_sr,mmlu_sr_qa
pairs_mcq_v2.csv,3312,mcq,mmlu_high_school_us_history_0202,cal,remove,C1_sr,mmlu_sr_qa
pairs_mcq_v2.csv,3316,mcq,mmlu_sociology_0002,cal,remove,C1_sr,mmlu_sr_qa
pairs_mcq_v2.csv,3319,mcq,mmlu_sociology_0005,cal,remove,C1_sr,mmlu_sr_qa
pairs_mcq_v2.csv,3322,mcq,mmlu_sociology_0008,cal,remove,C1_sr,mmlu_sr_qa
pairs_mcq_v2.csv,3328,mcq,mmlu_sociology_0014,cal,remove,C1_sr,mmlu_sr_qa
pairs_mcq_v2.csv,3331,mcq,mmlu_sociology_0017,cal,remove,C1_sr,mmlu_sr_qa
pairs_mcq_v2.csv,3333,mcq,mmlu_sociology_0019,cal,remove,C1_sr,mmlu_sr_qa
pairs_mcq_v2.csv,3334,mcq,mmlu_sociology_0020,cal,remove,C1_sr,mmlu_sr_qa
pairs_mcq_v2.csv,3338,mcq,mmlu_sociology_0024,cal,remove,C1_sr,mmlu_sr_qa
pairs_mcq_v2.csv,3341,mcq,mmlu_sociology_0027,cal,remove,C1_sr,mmlu_sr_qa
pairs_mcq_v2.csv,3343,mcq,mmlu_sociology_0029,cal,remove,C1_sr,mmlu_sr_qa
pairs_mcq_v2.csv,3346,mcq,mmlu_sociology_0032,cal,remove,C1_sr,mmlu_sr_qa
pairs_mcq_v2.csv,3348,mcq,mmlu_sociology_0034,cal,remove,C1_sr,mmlu_sr_qa
pairs_mcq_v2.csv,3353,mcq,mmlu_sociology_0039,cal,remove,C1_sr,mmlu_sr_qa
pairs_mcq_v2.csv,3355,mcq,mmlu_sociology_0041,cal,remove,C1_sr,mmlu_sr_qa
pairs_mcq_v2.csv,3361,mcq,mmlu_sociology_0047,cal,remove,C1_sr,mmlu_sr_qa
pairs_mcq_v2.csv,3365,mcq,mmlu_sociology_0051,cal,remove,C1_sr,mmlu_sr_qa
pairs_mcq_v2.csv,3368,mcq,mmlu_sociology_0054,cal,remove,C1_sr,mmlu_sr_qa
pairs_mcq_v2.csv,3369,mcq,mmlu_sociology_0055,cal,remove,C1_sr,mmlu_sr_qa
pairs_mcq_v2.csv,3372,mcq,mmlu_sociology_0058,cal,remove,C1_sr,mmlu_sr_qa
pairs_mcq_v2.csv,3373,mcq,mmlu_sociology_0059,cal,remove,C1_sr,mmlu_sr_qa
pairs_mcq_v2.csv,3378,mcq,mmlu_sociology_0064,cal,remove,C1_sr,mmlu_sr_qa
pairs_mcq_v2.csv,3380,mcq,mmlu_sociology_0066,cal,remove,C1_sr,mmlu_sr_qa
pairs_mcq_v2.csv,3381,mcq,mmlu_sociology_0067,cal,remove,C1_sr,mmlu_sr_qa
pairs_mcq_v2.csv,3382,mcq,mmlu_sociology_0068,cal,remove,C1_sr,mmlu_sr_qa
pairs_mcq_v2.csv,3383,mcq,mmlu_sociology_0069,cal,remove,C1_sr,mmlu_sr_qa
pairs_mcq_v2.csv,3384,mcq,mmlu_sociology_0070,cal,remove,C1_sr,mmlu_sr_qa
pairs_mcq_v2.csv,3390,mcq,mmlu_sociology_0076,cal,remove,C1_sr,mmlu_sr_qa
pairs_mcq_v2.csv,3392,mcq,mmlu_sociology_0078,cal,remove,C1_sr,mmlu_sr_qa
pairs_mcq_v2.csv,3395,mcq,mmlu_sociology_0081,cal,remove,C1_sr,mmlu_sr_qa
pairs_mcq_v2.csv,3397,mcq,mmlu_sociology_0083,cal,remove,C1_sr,mmlu_sr_qa
pairs_mcq_v2.csv,3407,mcq,mmlu_sociology_0093,cal,remove,C1_sr,mmlu_sr_qa
pairs_mcq_v2.csv,3415,mcq,mmlu_sociology_0101,cal,remove,C1_sr,mmlu_sr_qa
pairs_mcq_v2.csv,3417,mcq,mmlu_sociology_0103,cal,remove,C1_sr,mmlu_sr_qa
pairs_mcq_v2.csv,3418,mcq,mmlu_sociology_0104,cal,remove,C1_sr,mmlu_sr_qa
pairs_mcq_v2.csv,3422,mcq,mmlu_sociology_0108,cal,remove,C1_sr,mmlu_sr_qa
pairs_mcq_v2.csv,3428,mcq,mmlu_sociology_0114,cal,remove,C1_sr,mmlu_sr_qa
pairs_mcq_v2.csv,3435,mcq,mmlu_sociology_0121,cal,remove,C1_sr,mmlu_sr_qa
pairs_mcq_v2.csv,3438,mcq,mmlu_sociology_0124,cal,remove,C1_sr,mmlu_sr_qa
pairs_mcq_v2.csv,3441,mcq,mmlu_sociology_0127,cal,remove,C1_sr,mmlu_sr_qa
pairs_mcq_v2.csv,3444,mcq,mmlu_sociology_0130,cal,remove,C1_sr,mmlu_sr_qa
pairs_mcq_v2.csv,3446,mcq,mmlu_sociology_0132,cal,remove,C1_sr,mmlu_sr_qa
pairs_mcq_v2.csv,3447,mcq,mmlu_sociology_0133,cal,remove,C1_sr,mmlu_sr_qa
pairs_mcq_v2.csv,3448,mcq,mmlu_sociology_0134,cal,remove,C1_sr,mmlu_sr_qa
pairs_mcq_v2.csv,3450,mcq,mmlu_sociology_0136,cal,remove,C1_sr,mmlu_sr_qa
pairs_mcq_v2.csv,3452,mcq,mmlu_sociology_0138,cal,remove,C1_sr,mmlu_sr_qa
pairs_mcq_v2.csv,3455,mcq,mmlu_sociology_0141,cal,remove,C1_sr,mmlu_sr_qa
pairs_mcq_v2.csv,3462,mcq,mmlu_sociology_0148,cal,remove,C1_sr,mmlu_sr_qa
pairs_mcq_v2.csv,3464,mcq,mmlu_sociology_0150,cal,remove,C1_sr,mmlu_sr_qa
pairs_mcq_v2.csv,3469,mcq,mmlu_sociology_0155,cal,remove,C1_sr,mmlu_sr_qa
pairs_mcq_v2.csv,3472,mcq,mmlu_sociology_0158,cal,remove,C1_sr,mmlu_sr_qa
pairs_mcq_v2.csv,3474,mcq,mmlu_sociology_0160,cal,remove,C1_sr,mmlu_sr_qa
pairs_mcq_v2.csv,3477,mcq,mmlu_sociology_0163,cal,remove,C1_sr,mmlu_sr_qa
pairs_mcq_v2.csv,3480,mcq,mmlu_sociology_0166,cal,remove,C1_sr,mmlu_sr_qa
pairs_mcq_v2.csv,3483,mcq,mmlu_sociology_0169,cal,remove,C1_sr,mmlu_sr_qa
pairs_mcq_v2.csv,3484,mcq,mmlu_sociology_0170,cal,remove,C1_sr,mmlu_sr_qa
pairs_mcq_v2.csv,3487,mcq,mmlu_sociology_0173,cal,remove,C1_sr,mmlu_sr_qa
pairs_mcq_v2.csv,3493,mcq,mmlu_sociology_0179,cal,remove,C1_sr,mmlu_sr_qa
pairs_mcq_v2.csv,3495,mcq,mmlu_sociology_0181,cal,remove,C1_sr,mmlu_sr_qa
pairs_mcq_v2.csv,3496,mcq,mmlu_sociology_0182,cal,remove,C1_sr,mmlu_sr_qa
pairs_mcq_v2.csv,3499,mcq,mmlu_sociology_0185,cal,remove,C1_sr,mmlu_sr_qa
pairs_mcq_v2.csv,3500,mcq,mmlu_sociology_0186,cal,remove,C1_sr,mmlu_sr_qa
pairs_mcq_v2.csv,3501,mcq,mmlu_sociology_0187,cal,remove,C1_sr,mmlu_sr_qa
pairs_mcq_v2.csv,3504,mcq,mmlu_sociology_0190,cal,remove,C1_sr,mmlu_sr_qa
pairs_mcq_v2.csv,3508,mcq,mmlu_sociology_0194,cal,remove,C1_sr,mmlu_sr_qa
pairs_mcq_v2.csv,3510,mcq,mmlu_sociology_0196,cal,remove,C1_sr,mmlu_sr_qa
pairs_mcq_v2.csv,3511,mcq,mmlu_sociology_0197,cal,remove,C1_sr,mmlu_sr_qa
pairs_mcq_v2.csv,3512,mcq,mmlu_sociology_0198,cal,remove,C1_sr,mmlu_sr_qa
pairs_math_v2.csv,0,math,math_1,cal,remove,C0_exact,math_copy
pairs_math_v2.csv,1,math,math_1,cal,remove,C2_answer_bearing,math_solution_frag
pairs_math_v2.csv,2,math,math_1,cal,retain,H2_perturb_simple,math_perturb_simple
pairs_math_v2.csv,3,math,math_1,cal,retain,H2_perturb_hard,math_perturb_hard
pairs_math_v2.csv,4,math,math_1,cal,retain,H1_same_topic,math_same_type
pairs_math_v2.csv,5,math,math_1,cal,retain,R_random,math_random
pairs_math_v2.csv,18,math,math_5,cal,remove,C0_exact,math_copy
pairs_math_v2.csv,19,math,math_5,cal,remove,C2_answer_bearing,math_solution_frag
pairs_math_v2.csv,20,math,math_5,cal,retain,H2_perturb_simple,math_perturb_simple
pairs_math_v2.csv,21,math,math_5,cal,retain,H2_perturb_hard,math_perturb_hard
pairs_math_v2.csv,22,math,math_5,cal,retain,H1_same_topic,math_same_type
pairs_math_v2.csv,23,math,math_5,cal,retain,R_random,math_random
pairs_math_v2.csv,30,math,math_8,cal,remove,C0_exact,math_copy
pairs_math_v2.csv,31,math,math_8,cal,remove,C2_answer_bearing,math_solution_frag
pairs_math_v2.csv,32,math,math_8,cal,retain,H2_perturb_simple,math_perturb_simple
pairs_math_v2.csv,33,math,math_8,cal,retain,H2_perturb_hard,math_perturb_hard
pairs_math_v2.csv,34,math,math_8,cal,retain,H1_same_topic,math_same_type
pairs_math_v2.csv,35,math,math_8,cal,retain,R_random,math_random
pairs_math_v2.csv,36,math,math_9,cal,remove,C0_exact,math_copy
pairs_math_v2.csv,37,math,math_9,cal,remove,C2_answer_bearing,math_solution_frag
pairs_math_v2.csv,38,math,math_9,cal,retain,H2_perturb_simple,math_perturb_simple
pairs_math_v2.csv,39,math,math_9,cal,retain,H2_perturb_hard,math_perturb_hard
pairs_math_v2.csv,40,math,math_9,cal,retain,H1_same_topic,math_same_type
pairs_math_v2.csv,41,math,math_9,cal,retain,R_random,math_random
pairs_math_v2.csv,54,math,math_12,cal,remove,C0_exact,math_copy
pairs_math_v2.csv,55,math,math_12,cal,remove,C2_answer_bearing,math_solution_frag
pairs_math_v2.csv,56,math,math_12,cal,retain,H2_perturb_simple,math_perturb_simple
pairs_math_v2.csv,57,math,math_12,cal,retain,H2_perturb_hard,math_perturb_hard
pairs_math_v2.csv,58,math,math_12,cal,retain,H1_same_topic,math_same_type
pairs_math_v2.csv,59,math,math_12,cal,retain,R_random,math_random
pairs_math_v2.csv,72,math,math_15,cal,remove,C0_exact,math_copy
pairs_math_v2.csv,73,math,math_15,cal,remove,C2_answer_bearing,math_solution_frag
pairs_math_v2.csv,74,math,math_15,cal,retain,H2_perturb_simple,math_perturb_simple
pairs_math_v2.csv,75,math,math_15,cal,retain,H2_perturb_hard,math_perturb_hard
pairs_math_v2.csv,76,math,math_15,cal,retain,H1_same_topic,math_same_type
pairs_math_v2.csv,77,math,math_15,cal,retain,R_random,math_random
pairs_math_v2.csv,78,math,math_16,cal,remove,C0_exact,math_copy
pairs_math_v2.csv,79,math,math_16,cal,remove,C2_answer_bearing,math_solution_frag
pairs_math_v2.csv,80,math,math_16,cal,retain,H2_perturb_simple,math_perturb_simple
pairs_math_v2.csv,81,math,math_16,cal,retain,H2_perturb_hard,math_perturb_hard
pairs_math_v2.csv,82,math,math_16,cal,retain,H1_same_topic,math_same_type
pairs_math_v2.csv,83,math,math_16,cal,retain,R_random,math_random
pairs_math_v2.csv,114,math,math_25,cal,remove,C0_exact,math_copy
pairs_math_v2.csv,115,math,math_25,cal,remove,C2_answer_bearing,math_solution_frag
pairs_math_v2.csv,116,math,math_25,cal,retain,H2_perturb_simple,math_perturb_simple
pairs_math_v2.csv,117,math,math_25,cal,retain,H2_perturb_hard,math_perturb_hard
pairs_math_v2.csv,118,math,math_25,cal,retain,H1_same_topic,math_same_type
pairs_math_v2.csv,119,math,math_25,cal,retain,R_random,math_random
pairs_math_v2.csv,126,math,math_243,cal,remove,C0_exact,math_copy
pairs_math_v2.csv,127,math,math_243,cal,remove,C2_answer_bearing,math_solution_frag
pairs_math_v2.csv,128,math,math_243,cal,retain,H2_perturb_simple,math_perturb_simple
pairs_math_v2.csv,129,math,math_243,cal,retain,H2_perturb_hard,math_perturb_hard
pairs_math_v2.csv,130,math,math_243,cal,retain,H1_same_topic,math_same_type
pairs_math_v2.csv,131,math,math_243,cal,retain,R_random,math_random
pairs_math_v2.csv,132,math,math_245,cal,remove,C0_exact,math_copy
pairs_math_v2.csv,133,math,math_245,cal,remove,C2_answer_bearing,math_solution_frag
pairs_math_v2.csv,134,math,math_245,cal,retain,H2_perturb_simple,math_perturb_simple
pairs_math_v2.csv,135,math,math_245,cal,retain,H2_perturb_hard,math_perturb_hard
pairs_math_v2.csv,136,math,math_245,cal,retain,H1_same_topic,math_same_type
pairs_math_v2.csv,137,math,math_245,cal,retain,R_random,math_random
pairs_math_v2.csv,144,math,math_247,cal,remove,C0_exact,math_copy
pairs_math_v2.csv,145,math,math_247,cal,remove,C2_answer_bearing,math_solution_frag
pairs_math_v2.csv,146,math,math_247,cal,retain,H2_perturb_simple,math_perturb_simple
pairs_math_v2.csv,147,math,math_247,cal,retain,H2_perturb_hard,math_perturb_hard
pairs_math_v2.csv,148,math,math_247,cal,retain,H1_same_topic,math_same_type
pairs_math_v2.csv,149,math,math_247,cal,retain,R_random,math_random
pairs_math_v2.csv,174,math,math_260,cal,remove,C0_exact,math_copy
pairs_math_v2.csv,175,math,math_260,cal,remove,C2_answer_bearing,math_solution_frag
pairs_math_v2.csv,176,math,math_260,cal,retain,H2_perturb_simple,math_perturb_simple
pairs_math_v2.csv,177,math,math_260,cal,retain,H2_perturb_hard,math_perturb_hard
pairs_math_v2.csv,178,math,math_260,cal,retain,H1_same_topic,math_same_type
pairs_math_v2.csv,179,math,math_260,cal,retain,R_random,math_random
pairs_math_v2.csv,180,math,math_262,cal,remove,C0_exact,math_copy
pairs_math_v2.csv,181,math,math_262,cal,remove,C2_answer_bearing,math_solution_frag
pairs_math_v2.csv,182,math,math_262,cal,retain,H2_perturb_simple,math_perturb_simple
pairs_math_v2.csv,183,math,math_262,cal,retain,H2_perturb_hard,math_perturb_hard
pairs_math_v2.csv,184,math,math_262,cal,retain,H1_same_topic,math_same_type
pairs_math_v2.csv,185,math,math_262,cal,retain,R_random,math_random
pairs_math_v2.csv,192,math,math_270,cal,remove,C0_exact,math_copy
pairs_math_v2.csv,193,math,math_270,cal,remove,C2_answer_bearing,math_solution_frag
pairs_math_v2.csv,194,math,math_270,cal,retain,H2_perturb_simple,math_perturb_simple
pairs_math_v2.csv,195,math,math_270,cal,retain,H2_perturb_hard,math_perturb_hard
pairs_math_v2.csv,196,math,math_270,cal,retain,H1_same_topic,math_same_type
pairs_math_v2.csv,197,math,math_270,cal,retain,R_random,math_random
pairs_math_v2.csv,204,math,math_282,cal,remove,C0_exact,math_copy
pairs_math_v2.csv,205,math,math_282,cal,remove,C2_answer_bearing,math_solution_frag
pairs_math_v2.csv,206,math,math_282,cal,retain,H2_perturb_simple,math_perturb_simple
pairs_math_v2.csv,207,math,math_282,cal,retain,H2_perturb_hard,math_perturb_hard
pairs_math_v2.csv,208,math,math_282,cal,retain,H1_same_topic,math_same_type
pairs_math_v2.csv,209,math,math_282,cal,retain,R_random,math_random
pairs_math_v2.csv,210,math,math_283,cal,remove,C0_exact,math_copy
pairs_math_v2.csv,211,math,math_283,cal,remove,C2_answer_bearing,math_solution_frag
pairs_math_v2.csv,212,math,math_283,cal,retain,H2_perturb_simple,math_perturb_simple
pairs_math_v2.csv,213,math,math_283,cal,retain,H2_perturb_hard,math_perturb_hard
pairs_math_v2.csv,214,math,math_283,cal,retain,H1_same_topic,math_same_type
pairs_math_v2.csv,215,math,math_283,cal,retain,R_random,math_random
pairs_math_v2.csv,216,math,math_289,cal,remove,C0_exact,math_copy
pairs_math_v2.csv,217,math,math_289,cal,remove,C2_answer_bearing,math_solution_frag
pairs_math_v2.csv,218,math,math_289,cal,retain,H2_perturb_simple,math_perturb_simple
pairs_math_v2.csv,219,math,math_289,cal,retain,H2_perturb_hard,math_perturb_hard
pairs_math_v2.csv,220,math,math_289,cal,retain,H1_same_topic,math_same_type
pairs_math_v2.csv,221,math,math_289,cal,retain,R_random,math_random
pairs_math_v2.csv,228,math,math_304,cal,remove,C0_exact,math_copy
pairs_math_v2.csv,229,math,math_304,cal,remove,C2_answer_bearing,math_solution_frag
pairs_math_v2.csv,230,math,math_304,cal,retain,H2_perturb_simple,math_perturb_simple
pairs_math_v2.csv,231,math,math_304,cal,retain,H2_perturb_hard,math_perturb_hard
pairs_math_v2.csv,232,math,math_304,cal,retain,H1_same_topic,math_same_type
pairs_math_v2.csv,233,math,math_304,cal,retain,R_random,math_random
pairs_math_v2.csv,234,math,math_325,cal,remove,C0_exact,math_copy
pairs_math_v2.csv,235,math,math_325,cal,remove,C2_answer_bearing,math_solution_frag
pairs_math_v2.csv,236,math,math_325,cal,retain,H2_perturb_simple,math_perturb_simple
pairs_math_v2.csv,237,math,math_325,cal,retain,H2_perturb_hard,math_perturb_hard
pairs_math_v2.csv,238,math,math_325,cal,retain,H1_same_topic,math_same_type
pairs_math_v2.csv,239,math,math_325,cal,retain,R_random,math_random
pairs_math_v2.csv,252,math,math_366,cal,remove,C0_exact,math_copy
pairs_math_v2.csv,253,math,math_366,cal,remove,C2_answer_bearing,math_solution_frag
pairs_math_v2.csv,254,math,math_366,cal,retain,H2_perturb_simple,math_perturb_simple
pairs_math_v2.csv,255,math,math_366,cal,retain,H2_perturb_hard,math_perturb_hard
pairs_math_v2.csv,256,math,math_366,cal,retain,H1_same_topic,math_same_type
pairs_math_v2.csv,257,math,math_366,cal,retain,R_random,math_random
pairs_math_v2.csv,258,math,math_485,cal,remove,C0_exact,math_copy
pairs_math_v2.csv,259,math,math_485,cal,remove,C2_answer_bearing,math_solution_frag
pairs_math_v2.csv,260,math,math_485,cal,retain,H2_perturb_simple,math_perturb_simple
pairs_math_v2.csv,261,math,math_485,cal,retain,H2_perturb_hard,math_perturb_hard
pairs_math_v2.csv,262,math,math_485,cal,retain,H1_same_topic,math_same_type
pairs_math_v2.csv,263,math,math_485,cal,retain,R_random,math_random
pairs_math_v2.csv,288,math,math_513,cal,remove,C0_exact,math_copy
pairs_math_v2.csv,289,math,math_513,cal,remove,C2_answer_bearing,math_solution_frag
pairs_math_v2.csv,290,math,math_513,cal,retain,H2_perturb_simple,math_perturb_simple
pairs_math_v2.csv,291,math,math_513,cal,retain,H2_perturb_hard,math_perturb_hard
pairs_math_v2.csv,292,math,math_513,cal,retain,H1_same_topic,math_same_type
pairs_math_v2.csv,293,math,math_513,cal,retain,R_random,math_random
pairs_math_v2.csv,294,math,math_528,cal,remove,C0_exact,math_copy
pairs_math_v2.csv,295,math,math_528,cal,remove,C2_answer_bearing,math_solution_frag
pairs_math_v2.csv,296,math,math_528,cal,retain,H2_perturb_simple,math_perturb_simple
pairs_math_v2.csv,297,math,math_528,cal,retain,H2_perturb_hard,math_perturb_hard
pairs_math_v2.csv,298,math,math_528,cal,retain,H1_same_topic,math_same_type
pairs_math_v2.csv,299,math,math_528,cal,retain,R_random,math_random
pairs_math_v2.csv,330,math,math_575,cal,remove,C0_exact,math_copy
pairs_math_v2.csv,331,math,math_575,cal,remove,C2_answer_bearing,math_solution_frag
pairs_math_v2.csv,332,math,math_575,cal,retain,H2_perturb_simple,math_perturb_simple
pairs_math_v2.csv,333,math,math_575,cal,retain,H2_perturb_hard,math_perturb_hard
pairs_math_v2.csv,334,math,math_575,cal,retain,H1_same_topic,math_same_type
pairs_math_v2.csv,335,math,math_575,cal,retain,R_random,math_random
pairs_math_v2.csv,360,math,math_636,cal,remove,C0_exact,math_copy
pairs_math_v2.csv,361,math,math_636,cal,remove,C2_answer_bearing,math_solution_frag
pairs_math_v2.csv,362,math,math_636,cal,retain,H2_perturb_simple,math_perturb_simple
pairs_math_v2.csv,363,math,math_636,cal,retain,H2_perturb_hard,math_perturb_hard
pairs_math_v2.csv,364,math,math_636,cal,retain,H1_same_topic,math_same_type
pairs_math_v2.csv,365,math,math_636,cal,retain,R_random,math_random
pairs_math_v2.csv,378,math,math_728,cal,remove,C0_exact,math_copy
pairs_math_v2.csv,379,math,math_728,cal,remove,C2_answer_bearing,math_solution_frag
pairs_math_v2.csv,380,math,math_728,cal,retain,H2_perturb_simple,math_perturb_simple
pairs_math_v2.csv,381,math,math_728,cal,retain,H2_perturb_hard,math_perturb_hard
pairs_math_v2.csv,382,math,math_728,cal,retain,H1_same_topic,math_same_type
pairs_math_v2.csv,383,math,math_728,cal,retain,R_random,math_random
pairs_math_v2.csv,414,math,math_737,cal,remove,C0_exact,math_copy
pairs_math_v2.csv,415,math,math_737,cal,remove,C2_answer_bearing,math_solution_frag
pairs_math_v2.csv,416,math,math_737,cal,retain,H2_perturb_simple,math_perturb_simple
pairs_math_v2.csv,417,math,math_737,cal,retain,H2_perturb_hard,math_perturb_hard
pairs_math_v2.csv,418,math,math_737,cal,retain,H1_same_topic,math_same_type
pairs_math_v2.csv,419,math,math_737,cal,retain,R_random,math_random
pairs_math_v2.csv,438,math,math_746,cal,remove,C0_exact,math_copy
pairs_math_v2.csv,439,math,math_746,cal,remove,C2_answer_bearing,math_solution_frag
pairs_math_v2.csv,440,math,math_746,cal,retain,H2_perturb_simple,math_perturb_simple
pairs_math_v2.csv,441,math,math_746,cal,retain,H2_perturb_hard,math_perturb_hard
pairs_math_v2.csv,442,math,math_746,cal,retain,H1_same_topic,math_same_type
pairs_math_v2.csv,443,math,math_746,cal,retain,R_random,math_random
pairs_math_v2.csv,486,math,math_794,cal,remove,C0_exact,math_copy
pairs_math_v2.csv,487,math,math_794,cal,remove,C2_answer_bearing,math_solution_frag
pairs_math_v2.csv,488,math,math_794,cal,retain,H2_perturb_simple,math_perturb_simple
pairs_math_v2.csv,489,math,math_794,cal,retain,H2_perturb_hard,math_perturb_hard
pairs_math_v2.csv,490,math,math_794,cal,retain,H1_same_topic,math_same_type
pairs_math_v2.csv,491,math,math_794,cal,retain,R_random,math_random
pairs_math_v2.csv,504,math,math_968,cal,remove,C0_exact,math_copy
pairs_math_v2.csv,505,math,math_968,cal,remove,C2_answer_bearing,math_solution_frag
pairs_math_v2.csv,506,math,math_968,cal,retain,H2_perturb_simple,math_perturb_simple
pairs_math_v2.csv,507,math,math_968,cal,retain,H2_perturb_hard,math_perturb_hard
pairs_math_v2.csv,508,math,math_968,cal,retain,H1_same_topic,math_same_type
pairs_math_v2.csv,509,math,math_968,cal,retain,R_random,math_random
pairs_math_v2.csv,540,math,math_978,cal,remove,C0_exact,math_copy
pairs_math_v2.csv,541,math,math_978,cal,remove,C2_answer_bearing,math_solution_frag
pairs_math_v2.csv,542,math,math_978,cal,retain,H2_perturb_simple,math_perturb_simple
pairs_math_v2.csv,543,math,math_978,cal,retain,H2_perturb_hard,math_perturb_hard
pairs_math_v2.csv,544,math,math_978,cal,retain,H1_same_topic,math_same_type
pairs_math_v2.csv,545,math,math_978,cal,retain,R_random,math_random
pairs_math_v2.csv,546,math,math_980,cal,remove,C0_exact,math_copy
pairs_math_v2.csv,547,math,math_980,cal,remove,C2_answer_bearing,math_solution_frag
pairs_math_v2.csv,548,math,math_980,cal,retain,H2_perturb_simple,math_perturb_simple
pairs_math_v2.csv,549,math,math_980,cal,retain,H2_perturb_hard,math_perturb_hard
pairs_math_v2.csv,550,math,math_980,cal,retain,H1_same_topic,math_same_type
pairs_math_v2.csv,551,math,math_980,cal,retain,R_random,math_random
pairs_math_v2.csv,576,math,math_987,cal,remove,C0_exact,math_copy
pairs_math_v2.csv,577,math,math_987,cal,remove,C2_answer_bearing,math_solution_frag
pairs_math_v2.csv,578,math,math_987,cal,retain,H2_perturb_simple,math_perturb_simple
pairs_math_v2.csv,579,math,math_987,cal,retain,H2_perturb_hard,math_perturb_hard
pairs_math_v2.csv,580,math,math_987,cal,retain,H1_same_topic,math_same_type
pairs_math_v2.csv,581,math,math_987,cal,retain,R_random,math_random
pairs_math_v2.csv,624,math,math_1020,cal,remove,C0_exact,math_copy
pairs_math_v2.csv,625,math,math_1020,cal,remove,C2_answer_bearing,math_solution_frag
pairs_math_v2.csv,626,math,math_1020,cal,retain,H2_perturb_simple,math_perturb_simple
pairs_math_v2.csv,627,math,math_1020,cal,retain,H2_perturb_hard,math_perturb_hard
pairs_math_v2.csv,628,math,math_1020,cal,retain,H1_same_topic,math_same_type
pairs_math_v2.csv,629,math,math_1020,cal,retain,R_random,math_random
pairs_math_v2.csv,630,math,math_1206,cal,remove,C0_exact,math_copy
pairs_math_v2.csv,631,math,math_1206,cal,remove,C2_answer_bearing,math_solution_frag
pairs_math_v2.csv,632,math,math_1206,cal,retain,H2_perturb_simple,math_perturb_simple
pairs_math_v2.csv,633,math,math_1206,cal,retain,H2_perturb_hard,math_perturb_hard
pairs_math_v2.csv,634,math,math_1206,cal,retain,H1_same_topic,math_same_type
pairs_math_v2.csv,635,math,math_1206,cal,retain,R_random,math_random
pairs_math_v2.csv,636,math,math_1207,cal,remove,C0_exact,math_copy
pairs_math_v2.csv,637,math,math_1207,cal,remove,C2_answer_bearing,math_solution_frag
pairs_math_v2.csv,638,math,math_1207,cal,retain,H2_perturb_simple,math_perturb_simple
pairs_math_v2.csv,639,math,math_1207,cal,retain,H2_perturb_hard,math_perturb_hard
pairs_math_v2.csv,640,math,math_1207,cal,retain,H1_same_topic,math_same_type
pairs_math_v2.csv,641,math,math_1207,cal,retain,R_random,math_random
pairs_math_v2.csv,642,math,math_1208,cal,remove,C0_exact,math_copy
pairs_math_v2.csv,643,math,math_1208,cal,remove,C2_answer_bearing,math_solution_frag
pairs_math_v2.csv,644,math,math_1208,cal,retain,H2_perturb_simple,math_perturb_simple
pairs_math_v2.csv,645,math,math_1208,cal,retain,H2_perturb_hard,math_perturb_hard
pairs_math_v2.csv,646,math,math_1208,cal,retain,H1_same_topic,math_same_type
pairs_math_v2.csv,647,math,math_1208,cal,retain,R_random,math_random
pairs_math_v2.csv,654,math,math_1211,cal,remove,C0_exact,math_copy
pairs_math_v2.csv,655,math,math_1211,cal,remove,C2_answer_bearing,math_solution_frag
pairs_math_v2.csv,656,math,math_1211,cal,retain,H2_perturb_simple,math_perturb_simple
pairs_math_v2.csv,657,math,math_1211,cal,retain,H2_perturb_hard,math_perturb_hard
pairs_math_v2.csv,658,math,math_1211,cal,retain,H1_same_topic,math_same_type
pairs_math_v2.csv,659,math,math_1211,cal,retain,R_random,math_random
pairs_math_v2.csv,690,math,math_1218,cal,remove,C0_exact,math_copy
pairs_math_v2.csv,691,math,math_1218,cal,remove,C2_answer_bearing,math_solution_frag
pairs_math_v2.csv,692,math,math_1218,cal,retain,H2_perturb_simple,math_perturb_simple
pairs_math_v2.csv,693,math,math_1218,cal,retain,H2_perturb_hard,math_perturb_hard
pairs_math_v2.csv,694,math,math_1218,cal,retain,H1_same_topic,math_same_type
pairs_math_v2.csv,695,math,math_1218,cal,retain,R_random,math_random
pairs_math_v2.csv,720,math,math_1223,cal,remove,C0_exact,math_copy
pairs_math_v2.csv,721,math,math_1223,cal,remove,C2_answer_bearing,math_solution_frag
pairs_math_v2.csv,722,math,math_1223,cal,retain,H2_perturb_simple,math_perturb_simple
pairs_math_v2.csv,723,math,math_1223,cal,retain,H2_perturb_hard,math_perturb_hard
pairs_math_v2.csv,724,math,math_1223,cal,retain,H1_same_topic,math_same_type
pairs_math_v2.csv,725,math,math_1223,cal,retain,R_random,math_random
pairs_math_v2.csv,756,math,math_1230,cal,remove,C0_exact,math_copy
pairs_math_v2.csv,757,math,math_1230,cal,remove,C2_answer_bearing,math_solution_frag
pairs_math_v2.csv,758,math,math_1230,cal,retain,H2_perturb_simple,math_perturb_simple
pairs_math_v2.csv,759,math,math_1230,cal,retain,H2_perturb_hard,math_perturb_hard
pairs_math_v2.csv,760,math,math_1230,cal,retain,H1_same_topic,math_same_type
pairs_math_v2.csv,761,math,math_1230,cal,retain,R_random,math_random
pairs_math_v2.csv,780,math,math_1693,cal,remove,C0_exact,math_copy
pairs_math_v2.csv,781,math,math_1693,cal,remove,C2_answer_bearing,math_solution_frag
pairs_math_v2.csv,782,math,math_1693,cal,retain,H2_perturb_simple,math_perturb_simple
pairs_math_v2.csv,783,math,math_1693,cal,retain,H2_perturb_hard,math_perturb_hard
pairs_math_v2.csv,784,math,math_1693,cal,retain,H1_same_topic,math_same_type
pairs_math_v2.csv,785,math,math_1693,cal,retain,R_random,math_random
pairs_math_v2.csv,810,math,math_1703,cal,remove,C0_exact,math_copy
pairs_math_v2.csv,811,math,math_1703,cal,remove,C2_answer_bearing,math_solution_frag
pairs_math_v2.csv,812,math,math_1703,cal,retain,H2_perturb_simple,math_perturb_simple
pairs_math_v2.csv,813,math,math_1703,cal,retain,H2_perturb_hard,math_perturb_hard
pairs_math_v2.csv,814,math,math_1703,cal,retain,H1_same_topic,math_same_type
pairs_math_v2.csv,815,math,math_1703,cal,retain,R_random,math_random
pairs_math_v2.csv,816,math,math_1706,cal,remove,C0_exact,math_copy
pairs_math_v2.csv,817,math,math_1706,cal,remove,C2_answer_bearing,math_solution_frag
pairs_math_v2.csv,818,math,math_1706,cal,retain,H2_perturb_simple,math_perturb_simple
pairs_math_v2.csv,819,math,math_1706,cal,retain,H2_perturb_hard,math_perturb_hard
pairs_math_v2.csv,820,math,math_1706,cal,retain,H1_same_topic,math_same_type
pairs_math_v2.csv,821,math,math_1706,cal,retain,R_random,math_random
pairs_math_v2.csv,822,math,math_1707,cal,remove,C0_exact,math_copy
pairs_math_v2.csv,823,math,math_1707,cal,remove,C2_answer_bearing,math_solution_frag
pairs_math_v2.csv,824,math,math_1707,cal,retain,H2_perturb_simple,math_perturb_simple
pairs_math_v2.csv,825,math,math_1707,cal,retain,H2_perturb_hard,math_perturb_hard
pairs_math_v2.csv,826,math,math_1707,cal,retain,H1_same_topic,math_same_type
pairs_math_v2.csv,827,math,math_1707,cal,retain,R_random,math_random
pairs_math_v2.csv,828,math,math_1711,cal,remove,C0_exact,math_copy
pairs_math_v2.csv,829,math,math_1711,cal,remove,C2_answer_bearing,math_solution_frag
pairs_math_v2.csv,830,math,math_1711,cal,retain,H2_perturb_simple,math_perturb_simple
pairs_math_v2.csv,831,math,math_1711,cal,retain,H2_perturb_hard,math_perturb_hard
pairs_math_v2.csv,832,math,math_1711,cal,retain,H1_same_topic,math_same_type
pairs_math_v2.csv,833,math,math_1711,cal,retain,R_random,math_random
pairs_math_v2.csv,840,math,math_1713,cal,remove,C0_exact,math_copy
pairs_math_v2.csv,841,math,math_1713,cal,remove,C2_answer_bearing,math_solution_frag
pairs_math_v2.csv,842,math,math_1713,cal,retain,H2_perturb_simple,math_perturb_simple
pairs_math_v2.csv,843,math,math_1713,cal,retain,H2_perturb_hard,math_perturb_hard
pairs_math_v2.csv,844,math,math_1713,cal,retain,H1_same_topic,math_same_type
pairs_math_v2.csv,845,math,math_1713,cal,retain,R_random,math_random
pairs_math_v2.csv,894,math,math_1958,cal,remove,C0_exact,math_copy
pairs_math_v2.csv,895,math,math_1958,cal,remove,C2_answer_bearing,math_solution_frag
pairs_math_v2.csv,896,math,math_1958,cal,retain,H2_perturb_simple,math_perturb_simple
pairs_math_v2.csv,897,math,math_1958,cal,retain,H2_perturb_hard,math_perturb_hard
pairs_math_v2.csv,898,math,math_1958,cal,retain,H1_same_topic,math_same_type
pairs_math_v2.csv,899,math,math_1958,cal,retain,R_random,math_random
pairs_math_v2.csv,906,math,math_1961,cal,remove,C0_exact,math_copy
pairs_math_v2.csv,907,math,math_1961,cal,remove,C2_answer_bearing,math_solution_frag
pairs_math_v2.csv,908,math,math_1961,cal,retain,H2_perturb_simple,math_perturb_simple
pairs_math_v2.csv,909,math,math_1961,cal,retain,H2_perturb_hard,math_perturb_hard
pairs_math_v2.csv,910,math,math_1961,cal,retain,H1_same_topic,math_same_type
pairs_math_v2.csv,911,math,math_1961,cal,retain,R_random,math_random
pairs_math_v2.csv,984,math,math_2073,cal,remove,C0_exact,math_copy
pairs_math_v2.csv,985,math,math_2073,cal,remove,C2_answer_bearing,math_solution_frag
pairs_math_v2.csv,986,math,math_2073,cal,retain,H2_perturb_simple,math_perturb_simple
pairs_math_v2.csv,987,math,math_2073,cal,retain,H2_perturb_hard,math_perturb_hard
pairs_math_v2.csv,988,math,math_2073,cal,retain,H1_same_topic,math_same_type
pairs_math_v2.csv,989,math,math_2073,cal,retain,R_random,math_random
pairs_math_v2.csv,1032,math,math_2175,cal,remove,C0_exact,math_copy
pairs_math_v2.csv,1033,math,math_2175,cal,remove,C2_answer_bearing,math_solution_frag
pairs_math_v2.csv,1034,math,math_2175,cal,retain,H2_perturb_simple,math_perturb_simple
pairs_math_v2.csv,1035,math,math_2175,cal,retain,H2_perturb_hard,math_perturb_hard
pairs_math_v2.csv,1036,math,math_2175,cal,retain,H1_same_topic,math_same_type
pairs_math_v2.csv,1037,math,math_2175,cal,retain,R_random,math_random
pairs_math_v2.csv,1044,math,math_2178,cal,remove,C0_exact,math_copy
pairs_math_v2.csv,1045,math,math_2178,cal,remove,C2_answer_bearing,math_solution_frag
pairs_math_v2.csv,1046,math,math_2178,cal,retain,H2_perturb_simple,math_perturb_simple
pairs_math_v2.csv,1047,math,math_2178,cal,retain,H2_perturb_hard,math_perturb_hard
pairs_math_v2.csv,1048,math,math_2178,cal,retain,H1_same_topic,math_same_type
pairs_math_v2.csv,1049,math,math_2178,cal,retain,R_random,math_random
pairs_math_v2.csv,1056,math,math_2180,cal,remove,C0_exact,math_copy
pairs_math_v2.csv,1057,math,math_2180,cal,remove,C2_answer_bearing,math_solution_frag
pairs_math_v2.csv,1058,math,math_2180,cal,retain,H2_perturb_simple,math_perturb_simple
pairs_math_v2.csv,1059,math,math_2180,cal,retain,H2_perturb_hard,math_perturb_hard
pairs_math_v2.csv,1060,math,math_2180,cal,retain,H1_same_topic,math_same_type
pairs_math_v2.csv,1061,math,math_2180,cal,retain,R_random,math_random
pairs_math_v2.csv,1074,math,math_2183,cal,remove,C0_exact,math_copy
pairs_math_v2.csv,1075,math,math_2183,cal,remove,C2_answer_bearing,math_solution_frag
pairs_math_v2.csv,1076,math,math_2183,cal,retain,H2_perturb_simple,math_perturb_simple
pairs_math_v2.csv,1077,math,math_2183,cal,retain,H2_perturb_hard,math_perturb_hard
pairs_math_v2.csv,1078,math,math_2183,cal,retain,H1_same_topic,math_same_type
pairs_math_v2.csv,1079,math,math_2183,cal,retain,R_random,math_random
pairs_math_v2.csv,1098,math,math_2187,cal,remove,C0_exact,math_copy
pairs_math_v2.csv,1099,math,math_2187,cal,remove,C2_answer_bearing,math_solution_frag
pairs_math_v2.csv,1100,math,math_2187,cal,retain,H2_perturb_simple,math_perturb_simple
pairs_math_v2.csv,1101,math,math_2187,cal,retain,H2_perturb_hard,math_perturb_hard
pairs_math_v2.csv,1102,math,math_2187,cal,retain,H1_same_topic,math_same_type
pairs_math_v2.csv,1103,math,math_2187,cal,retain,R_random,math_random
pairs_math_v2.csv,1110,math,math_2190,cal,remove,C0_exact,math_copy
pairs_math_v2.csv,1111,math,math_2190,cal,remove,C2_answer_bearing,math_solution_frag
pairs_math_v2.csv,1112,math,math_2190,cal,retain,H2_perturb_simple,math_perturb_simple
pairs_math_v2.csv,1113,math,math_2190,cal,retain,H2_perturb_hard,math_perturb_hard
pairs_math_v2.csv,1114,math,math_2190,cal,retain,H1_same_topic,math_same_type
pairs_math_v2.csv,1115,math,math_2190,cal,retain,R_random,math_random
pairs_math_v2.csv,1128,math,math_2195,cal,remove,C0_exact,math_copy
pairs_math_v2.csv,1129,math,math_2195,cal,remove,C2_answer_bearing,math_solution_frag
pairs_math_v2.csv,1130,math,math_2195,cal,retain,H2_perturb_simple,math_perturb_simple
pairs_math_v2.csv,1131,math,math_2195,cal,retain,H2_perturb_hard,math_perturb_hard
pairs_math_v2.csv,1132,math,math_2195,cal,retain,H1_same_topic,math_same_type
pairs_math_v2.csv,1133,math,math_2195,cal,retain,R_random,math_random
pairs_math_v2.csv,1164,math,math_2415,cal,remove,C0_exact,math_copy
pairs_math_v2.csv,1165,math,math_2415,cal,remove,C2_answer_bearing,math_solution_frag
pairs_math_v2.csv,1166,math,math_2415,cal,retain,H2_perturb_simple,math_perturb_simple
pairs_math_v2.csv,1167,math,math_2415,cal,retain,H2_perturb_hard,math_perturb_hard
pairs_math_v2.csv,1168,math,math_2415,cal,retain,H1_same_topic,math_same_type
pairs_math_v2.csv,1169,math,math_2415,cal,retain,R_random,math_random
pairs_math_v2.csv,1182,math,math_2422,cal,remove,C0_exact,math_copy
pairs_math_v2.csv,1183,math,math_2422,cal,remove,C2_answer_bearing,math_solution_frag
pairs_math_v2.csv,1184,math,math_2422,cal,retain,H2_perturb_simple,math_perturb_simple
pairs_math_v2.csv,1185,math,math_2422,cal,retain,H2_perturb_hard,math_perturb_hard
pairs_math_v2.csv,1186,math,math_2422,cal,retain,H1_same_topic,math_same_type
pairs_math_v2.csv,1187,math,math_2422,cal,retain,R_random,math_random
pairs_math_v2.csv,1206,math,math_2427,cal,remove,C0_exact,math_copy
pairs_math_v2.csv,1207,math,math_2427,cal,remove,C2_answer_bearing,math_solution_frag
pairs_math_v2.csv,1208,math,math_2427,cal,retain,H2_perturb_simple,math_perturb_simple
pairs_math_v2.csv,1209,math,math_2427,cal,retain,H2_perturb_hard,math_perturb_hard
pairs_math_v2.csv,1210,math,math_2427,cal,retain,H1_same_topic,math_same_type
pairs_math_v2.csv,1211,math,math_2427,cal,retain,R_random,math_random
pairs_math_v2.csv,1236,math,math_2432,cal,remove,C0_exact,math_copy
pairs_math_v2.csv,1237,math,math_2432,cal,remove,C2_answer_bearing,math_solution_frag
pairs_math_v2.csv,1238,math,math_2432,cal,retain,H2_perturb_simple,math_perturb_simple
pairs_math_v2.csv,1239,math,math_2432,cal,retain,H2_perturb_hard,math_perturb_hard
pairs_math_v2.csv,1240,math,math_2432,cal,retain,H1_same_topic,math_same_type
pairs_math_v2.csv,1241,math,math_2432,cal,retain,R_random,math_random
pairs_math_v2.csv,1254,math,math_2435,cal,remove,C0_exact,math_copy
pairs_math_v2.csv,1255,math,math_2435,cal,remove,C2_answer_bearing,math_solution_frag
pairs_math_v2.csv,1256,math,math_2435,cal,retain,H2_perturb_simple,math_perturb_simple
pairs_math_v2.csv,1257,math,math_2435,cal,retain,H2_perturb_hard,math_perturb_hard
pairs_math_v2.csv,1258,math,math_2435,cal,retain,H1_same_topic,math_same_type
pairs_math_v2.csv,1259,math,math_2435,cal,retain,R_random,math_random
pairs_math_v2.csv,1260,math,math_2436,cal,remove,C0_exact,math_copy
pairs_math_v2.csv,1261,math,math_2436,cal,remove,C2_answer_bearing,math_solution_frag
pairs_math_v2.csv,1262,math,math_2436,cal,retain,H2_perturb_simple,math_perturb_simple
pairs_math_v2.csv,1263,math,math_2436,cal,retain,H2_perturb_hard,math_perturb_hard
pairs_math_v2.csv,1264,math,math_2436,cal,retain,H1_same_topic,math_same_type
pairs_math_v2.csv,1265,math,math_2436,cal,retain,R_random,math_random
pairs_math_v2.csv,1284,math,math_2654,cal,remove,C0_exact,math_copy
pairs_math_v2.csv,1285,math,math_2654,cal,remove,C2_answer_bearing,math_solution_frag
pairs_math_v2.csv,1286,math,math_2654,cal,retain,H2_perturb_simple,math_perturb_simple
pairs_math_v2.csv,1287,math,math_2654,cal,retain,H2_perturb_hard,math_perturb_hard
pairs_math_v2.csv,1288,math,math_2654,cal,retain,H1_same_topic,math_same_type
pairs_math_v2.csv,1289,math,math_2654,cal,retain,R_random,math_random
pairs_math_v2.csv,1314,math,math_2664,cal,remove,C0_exact,math_copy
pairs_math_v2.csv,1315,math,math_2664,cal,remove,C2_answer_bearing,math_solution_frag
pairs_math_v2.csv,1316,math,math_2664,cal,retain,H2_perturb_simple,math_perturb_simple
pairs_math_v2.csv,1317,math,math_2664,cal,retain,H2_perturb_hard,math_perturb_hard
pairs_math_v2.csv,1318,math,math_2664,cal,retain,H1_same_topic,math_same_type
pairs_math_v2.csv,1319,math,math_2664,cal,retain,R_random,math_random
pairs_math_v2.csv,1326,math,math_2670,cal,remove,C0_exact,math_copy
pairs_math_v2.csv,1327,math,math_2670,cal,remove,C2_answer_bearing,math_solution_frag
pairs_math_v2.csv,1328,math,math_2670,cal,retain,H2_perturb_simple,math_perturb_simple
pairs_math_v2.csv,1329,math,math_2670,cal,retain,H2_perturb_hard,math_perturb_hard
pairs_math_v2.csv,1330,math,math_2670,cal,retain,H1_same_topic,math_same_type
pairs_math_v2.csv,1331,math,math_2670,cal,retain,R_random,math_random
pairs_math_v2.csv,1332,math,math_2673,cal,remove,C0_exact,math_copy
pairs_math_v2.csv,1333,math,math_2673,cal,remove,C2_answer_bearing,math_solution_frag
pairs_math_v2.csv,1334,math,math_2673,cal,retain,H2_perturb_simple,math_perturb_simple
pairs_math_v2.csv,1335,math,math_2673,cal,retain,H2_perturb_hard,math_perturb_hard
pairs_math_v2.csv,1336,math,math_2673,cal,retain,H1_same_topic,math_same_type
pairs_math_v2.csv,1337,math,math_2673,cal,retain,R_random,math_random
pairs_math_v2.csv,1356,math,math_2680,cal,remove,C0_exact,math_copy
pairs_math_v2.csv,1357,math,math_2680,cal,remove,C2_answer_bearing,math_solution_frag
pairs_math_v2.csv,1358,math,math_2680,cal,retain,H2_perturb_simple,math_perturb_simple
pairs_math_v2.csv,1359,math,math_2680,cal,retain,H2_perturb_hard,math_perturb_hard
pairs_math_v2.csv,1360,math,math_2680,cal,retain,H1_same_topic,math_same_type
pairs_math_v2.csv,1361,math,math_2680,cal,retain,R_random,math_random
pairs_math_v2.csv,1362,math,math_2682,cal,remove,C0_exact,math_copy
pairs_math_v2.csv,1363,math,math_2682,cal,remove,C2_answer_bearing,math_solution_frag
pairs_math_v2.csv,1364,math,math_2682,cal,retain,H2_perturb_simple,math_perturb_simple
pairs_math_v2.csv,1365,math,math_2682,cal,retain,H2_perturb_hard,math_perturb_hard
pairs_math_v2.csv,1366,math,math_2682,cal,retain,H1_same_topic,math_same_type
pairs_math_v2.csv,1367,math,math_2682,cal,retain,R_random,math_random
pairs_math_v2.csv,1368,math,math_2683,cal,remove,C0_exact,math_copy
pairs_math_v2.csv,1369,math,math_2683,cal,remove,C2_answer_bearing,math_solution_frag
pairs_math_v2.csv,1370,math,math_2683,cal,retain,H2_perturb_simple,math_perturb_simple
pairs_math_v2.csv,1371,math,math_2683,cal,retain,H2_perturb_hard,math_perturb_hard
pairs_math_v2.csv,1372,math,math_2683,cal,retain,H1_same_topic,math_same_type
pairs_math_v2.csv,1373,math,math_2683,cal,retain,R_random,math_random
pairs_math_v2.csv,1374,math,math_2684,cal,remove,C0_exact,math_copy
pairs_math_v2.csv,1375,math,math_2684,cal,remove,C2_answer_bearing,math_solution_frag
pairs_math_v2.csv,1376,math,math_2684,cal,retain,H2_perturb_simple,math_perturb_simple
pairs_math_v2.csv,1377,math,math_2684,cal,retain,H2_perturb_hard,math_perturb_hard
pairs_math_v2.csv,1378,math,math_2684,cal,retain,H1_same_topic,math_same_type
pairs_math_v2.csv,1379,math,math_2684,cal,retain,R_random,math_random
pairs_math_v2.csv,1428,math,math_3148,cal,remove,C0_exact,math_copy
pairs_math_v2.csv,1429,math,math_3148,cal,remove,C2_answer_bearing,math_solution_frag
pairs_math_v2.csv,1430,math,math_3148,cal,retain,H2_perturb_simple,math_perturb_simple
pairs_math_v2.csv,1431,math,math_3148,cal,retain,H2_perturb_hard,math_perturb_hard
pairs_math_v2.csv,1432,math,math_3148,cal,retain,H1_same_topic,math_same_type
pairs_math_v2.csv,1433,math,math_3148,cal,retain,R_random,math_random
pairs_math_v2.csv,1452,math,math_3156,cal,remove,C0_exact,math_copy
pairs_math_v2.csv,1453,math,math_3156,cal,remove,C2_answer_bearing,math_solution_frag
pairs_math_v2.csv,1454,math,math_3156,cal,retain,H2_perturb_simple,math_perturb_simple
pairs_math_v2.csv,1455,math,math_3156,cal,retain,H2_perturb_hard,math_perturb_hard
pairs_math_v2.csv,1456,math,math_3156,cal,retain,H1_same_topic,math_same_type
pairs_math_v2.csv,1457,math,math_3156,cal,retain,R_random,math_random
pairs_math_v2.csv,1470,math,math_3165,cal,remove,C0_exact,math_copy
pairs_math_v2.csv,1471,math,math_3165,cal,remove,C2_answer_bearing,math_solution_frag
pairs_math_v2.csv,1472,math,math_3165,cal,retain,H2_perturb_simple,math_perturb_simple
pairs_math_v2.csv,1473,math,math_3165,cal,retain,H2_perturb_hard,math_perturb_hard
pairs_math_v2.csv,1474,math,math_3165,cal,retain,H1_same_topic,math_same_type
pairs_math_v2.csv,1475,math,math_3165,cal,retain,R_random,math_random
pairs_math_v2.csv,1506,math,math_3198,cal,remove,C0_exact,math_copy
pairs_math_v2.csv,1507,math,math_3198,cal,remove,C2_answer_bearing,math_solution_frag
pairs_math_v2.csv,1508,math,math_3198,cal,retain,H2_perturb_simple,math_perturb_simple
pairs_math_v2.csv,1509,math,math_3198,cal,retain,H2_perturb_hard,math_perturb_hard
pairs_math_v2.csv,1510,math,math_3198,cal,retain,H1_same_topic,math_same_type
pairs_math_v2.csv,1511,math,math_3198,cal,retain,R_random,math_random
pairs_math_v2.csv,1512,math,math_3199,cal,remove,C0_exact,math_copy
pairs_math_v2.csv,1513,math,math_3199,cal,remove,C2_answer_bearing,math_solution_frag
pairs_math_v2.csv,1514,math,math_3199,cal,retain,H2_perturb_simple,math_perturb_simple
pairs_math_v2.csv,1515,math,math_3199,cal,retain,H2_perturb_hard,math_perturb_hard
pairs_math_v2.csv,1516,math,math_3199,cal,retain,H1_same_topic,math_same_type
pairs_math_v2.csv,1517,math,math_3199,cal,retain,R_random,math_random
