source_csv,source_csv_row,family,group_id,part,decision_label,relation,candidate_source
pairs_arith_v2.csv,0,arithmetic,gsm8k_test_0000,train,remove,C0_exact,gsm8k_copy
pairs_arith_v2.csv,1,arithmetic,gsm8k_test_0000,train,remove,C1_transformed,lmsys_rephrase
pairs_arith_v2.csv,2,arithmetic,gsm8k_test_0000,train,remove,C2_answer_bearing,gsm8k_solution_frag
pairs_arith_v2.csv,3,arithmetic,gsm8k_test_0000,train,retain,H2_same_template,gsmplus_numerical_substitution
pairs_arith_v2.csv,4,arithmetic,gsm8k_test_0000,train,remove,C1_transformed,gsmplus_problem_understanding
pairs_arith_v2.csv,5,arithmetic,gsm8k_test_0000,train,retain,H2_same_template,gsmplus_critical_thinking
pairs_arith_v2.csv,6,arithmetic,gsm8k_test_0000,train,retain,H1_same_topic,svamp
pairs_arith_v2.csv,7,arithmetic,gsm8k_test_0000,train,retain,H3_predating,asdiv
pairs_arith_v2.csv,8,arithmetic,gsm8k_test_0000,train,retain,R_random,truthfulqa
pairs_arith_v2.csv,54,arithmetic,gsm8k_test_0006,train,remove,C0_exact,gsm8k_copy
pairs_arith_v2.csv,55,arithmetic,gsm8k_test_0006,train,remove,C1_transformed,lmsys_rephrase
pairs_arith_v2.csv,56,arithmetic,gsm8k_test_0006,train,remove,C2_answer_bearing,gsm8k_solution_frag
pairs_arith_v2.csv,57,arithmetic,gsm8k_test_0006,train,retain,H2_same_template,gsmplus_numerical_substitution
pairs_arith_v2.csv,58,arithmetic,gsm8k_test_0006,train,remove,C1_transformed,gsmplus_problem_understanding
pairs_arith_v2.csv,59,arithmetic,gsm8k_test_0006,train,retain,H2_same_template,gsmplus_critical_thinking
pairs_arith_v2.csv,60,arithmetic,gsm8k_test_0006,train,retain,H1_same_topic,svamp
pairs_arith_v2.csv,61,arithmetic,gsm8k_test_0006,train,retain,H3_predating,asdiv
pairs_arith_v2.csv,62,arithmetic,gsm8k_test_0006,train,retain,R_random,truthfulqa
pairs_arith_v2.csv,72,arithmetic,gsm8k_test_0008,train,remove,C0_exact,gsm8k_copy
pairs_arith_v2.csv,73,arithmetic,gsm8k_test_0008,train,remove,C1_transformed,lmsys_rephrase
pairs_arith_v2.csv,74,arithmetic,gsm8k_test_0008,train,remove,C2_answer_bearing,gsm8k_solution_frag
pairs_arith_v2.csv,75,arithmetic,gsm8k_test_0008,train,retain,H2_same_template,gsmplus_numerical_substitution
pairs_arith_v2.csv,76,arithmetic,gsm8k_test_0008,train,remove,C1_transformed,gsmplus_problem_understanding
pairs_arith_v2.csv,77,arithmetic,gsm8k_test_0008,train,retain,H2_same_template,gsmplus_critical_thinking
pairs_arith_v2.csv,78,arithmetic,gsm8k_test_0008,train,retain,H1_same_topic,svamp
pairs_arith_v2.csv,79,arithmetic,gsm8k_test_0008,train,retain,H3_predating,asdiv
pairs_arith_v2.csv,80,arithmetic,gsm8k_test_0008,train,retain,R_random,truthfulqa
pairs_arith_v2.csv,99,arithmetic,gsm8k_test_0011,train,remove,C0_exact,gsm8k_copy
pairs_arith_v2.csv,100,arithmetic,gsm8k_test_0011,train,remove,C1_transformed,lmsys_rephrase
pairs_arith_v2.csv,101,arithmetic,gsm8k_test_0011,train,remove,C2_answer_bearing,gsm8k_solution_frag
pairs_arith_v2.csv,102,arithmetic,gsm8k_test_0011,train,retain,H2_same_template,gsmplus_numerical_substitution
pairs_arith_v2.csv,103,arithmetic,gsm8k_test_0011,train,remove,C1_transformed,gsmplus_problem_understanding
pairs_arith_v2.csv,104,arithmetic,gsm8k_test_0011,train,retain,H2_same_template,gsmplus_critical_thinking
pairs_arith_v2.csv,105,arithmetic,gsm8k_test_0011,train,retain,H1_same_topic,svamp
pairs_arith_v2.csv,106,arithmetic,gsm8k_test_0011,train,retain,H3_predating,asdiv
pairs_arith_v2.csv,107,arithmetic,gsm8k_test_0011,train,retain,R_random,truthfulqa
pairs_arith_v2.csv,117,arithmetic,gsm8k_test_0013,train,remove,C0_exact,gsm8k_copy
pairs_arith_v2.csv,118,arithmetic,gsm8k_test_0013,train,remove,C1_transformed,lmsys_rephrase
pairs_arith_v2.csv,119,arithmetic,gsm8k_test_0013,train,remove,C2_answer_bearing,gsm8k_solution_frag
pairs_arith_v2.csv,120,arithmetic,gsm8k_test_0013,train,remove,C1_transformed,gsmplus_problem_understanding
pairs_arith_v2.csv,121,arithmetic,gsm8k_test_0013,train,retain,H2_same_template,gsmplus_critical_thinking
pairs_arith_v2.csv,122,arithmetic,gsm8k_test_0013,train,retain,H1_same_topic,svamp
pairs_arith_v2.csv,123,arithmetic,gsm8k_test_0013,train,retain,H3_predating,asdiv
pairs_arith_v2.csv,124,arithmetic,gsm8k_test_0013,train,retain,R_random,truthfulqa
pairs_arith_v2.csv,134,arithmetic,gsm8k_test_0015,train,remove,C0_exact,gsm8k_copy
pairs_arith_v2.csv,135,arithmetic,gsm8k_test_0015,train,remove,C1_transformed,lmsys_rephrase
pairs_arith_v2.csv,136,arithmetic,gsm8k_test_0015,train,remove,C2_answer_bearing,gsm8k_solution_frag
pairs_arith_v2.csv,137,arithmetic,gsm8k_test_0015,train,retain,H2_same_template,gsmplus_numerical_substitution
pairs_arith_v2.csv,138,arithmetic,gsm8k_test_0015,train,remove,C1_transformed,gsmplus_problem_understanding
pairs_arith_v2.csv,139,arithmetic,gsm8k_test_0015,train,retain,H2_same_template,gsmplus_critical_thinking
pairs_arith_v2.csv,140,arithmetic,gsm8k_test_0015,train,retain,H1_same_topic,svamp
pairs_arith_v2.csv,141,arithmetic,gsm8k_test_0015,train,retain,H3_predating,asdiv
pairs_arith_v2.csv,142,arithmetic,gsm8k_test_0015,train,retain,R_random,truthfulqa
pairs_arith_v2.csv,161,arithmetic,gsm8k_test_0018,train,remove,C0_exact,gsm8k_copy
pairs_arith_v2.csv,162,arithmetic,gsm8k_test_0018,train,remove,C1_transformed,lmsys_rephrase
pairs_arith_v2.csv,163,arithmetic,gsm8k_test_0018,train,remove,C2_answer_bearing,gsm8k_solution_frag
pairs_arith_v2.csv,164,arithmetic,gsm8k_test_0018,train,retain,H2_same_template,gsmplus_numerical_substitution
pairs_arith_v2.csv,165,arithmetic,gsm8k_test_0018,train,remove,C1_transformed,gsmplus_problem_understanding
pairs_arith_v2.csv,166,arithmetic,gsm8k_test_0018,train,retain,H2_same_template,gsmplus_critical_thinking
pairs_arith_v2.csv,167,arithmetic,gsm8k_test_0018,train,retain,H1_same_topic,svamp
pairs_arith_v2.csv,168,arithmetic,gsm8k_test_0018,train,retain,H3_predating,asdiv
pairs_arith_v2.csv,169,arithmetic,gsm8k_test_0018,train,retain,R_random,truthfulqa
pairs_arith_v2.csv,179,arithmetic,gsm8k_test_0020,train,remove,C0_exact,gsm8k_copy
pairs_arith_v2.csv,180,arithmetic,gsm8k_test_0020,train,remove,C1_transformed,lmsys_rephrase
pairs_arith_v2.csv,181,arithmetic,gsm8k_test_0020,train,remove,C2_answer_bearing,gsm8k_solution_frag
pairs_arith_v2.csv,182,arithmetic,gsm8k_test_0020,train,retain,H2_same_template,gsmplus_numerical_substitution
pairs_arith_v2.csv,183,arithmetic,gsm8k_test_0020,train,remove,C1_transformed,gsmplus_problem_understanding
pairs_arith_v2.csv,184,arithmetic,gsm8k_test_0020,train,retain,H2_same_template,gsmplus_critical_thinking
pairs_arith_v2.csv,185,arithmetic,gsm8k_test_0020,train,retain,H1_same_topic,svamp
pairs_arith_v2.csv,186,arithmetic,gsm8k_test_0020,train,retain,H3_predating,asdiv
pairs_arith_v2.csv,187,arithmetic,gsm8k_test_0020,train,retain,R_random,truthfulqa
pairs_arith_v2.csv,215,arithmetic,gsm8k_test_0024,train,remove,C0_exact,gsm8k_copy
pairs_arith_v2.csv,216,arithmetic,gsm8k_test_0024,train,remove,C1_transformed,lmsys_rephrase
pairs_arith_v2.csv,217,arithmetic,gsm8k_test_0024,train,remove,C2_answer_bearing,gsm8k_solution_frag
pairs_arith_v2.csv,218,arithmetic,gsm8k_test_0024,train,retain,H2_same_template,gsmplus_numerical_substitution
pairs_arith_v2.csv,219,arithmetic,gsm8k_test_0024,train,remove,C1_transformed,gsmplus_problem_understanding
pairs_arith_v2.csv,220,arithmetic,gsm8k_test_0024,train,retain,H2_same_template,gsmplus_critical_thinking
pairs_arith_v2.csv,221,arithmetic,gsm8k_test_0024,train,retain,H1_same_topic,svamp
pairs_arith_v2.csv,222,arithmetic,gsm8k_test_0024,train,retain,H3_predating,asdiv
pairs_arith_v2.csv,223,arithmetic,gsm8k_test_0024,train,retain,R_random,truthfulqa
pairs_arith_v2.csv,224,arithmetic,gsm8k_test_0025,train,remove,C0_exact,gsm8k_copy
pairs_arith_v2.csv,225,arithmetic,gsm8k_test_0025,train,remove,C1_transformed,lmsys_rephrase
pairs_arith_v2.csv,226,arithmetic,gsm8k_test_0025,train,remove,C2_answer_bearing,gsm8k_solution_frag
pairs_arith_v2.csv,227,arithmetic,gsm8k_test_0025,train,retain,H2_same_template,gsmplus_numerical_substitution
pairs_arith_v2.csv,228,arithmetic,gsm8k_test_0025,train,remove,C1_transformed,gsmplus_problem_understanding
pairs_arith_v2.csv,229,arithmetic,gsm8k_test_0025,train,retain,H2_same_template,gsmplus_critical_thinking
pairs_arith_v2.csv,230,arithmetic,gsm8k_test_0025,train,retain,H1_same_topic,svamp
pairs_arith_v2.csv,231,arithmetic,gsm8k_test_0025,train,retain,H3_predating,asdiv
pairs_arith_v2.csv,232,arithmetic,gsm8k_test_0025,train,retain,R_random,truthfulqa
pairs_arith_v2.csv,242,arithmetic,gsm8k_test_0027,train,remove,C0_exact,gsm8k_copy
pairs_arith_v2.csv,243,arithmetic,gsm8k_test_0027,train,remove,C1_transformed,lmsys_rephrase
pairs_arith_v2.csv,244,arithmetic,gsm8k_test_0027,train,remove,C2_answer_bearing,gsm8k_solution_frag
pairs_arith_v2.csv,245,arithmetic,gsm8k_test_0027,train,retain,H2_same_template,gsmplus_numerical_substitution
pairs_arith_v2.csv,246,arithmetic,gsm8k_test_0027,train,remove,C1_transformed,gsmplus_problem_understanding
pairs_arith_v2.csv,247,arithmetic,gsm8k_test_0027,train,retain,H2_same_template,gsmplus_critical_thinking
pairs_arith_v2.csv,248,arithmetic,gsm8k_test_0027,train,retain,H1_same_topic,svamp
pairs_arith_v2.csv,249,arithmetic,gsm8k_test_0027,train,retain,H3_predating,asdiv
pairs_arith_v2.csv,250,arithmetic,gsm8k_test_0027,train,retain,R_random,truthfulqa
pairs_arith_v2.csv,251,arithmetic,gsm8k_test_0028,train,remove,C0_exact,gsm8k_copy
pairs_arith_v2.csv,252,arithmetic,gsm8k_test_0028,train,remove,C1_transformed,lmsys_rephrase
pairs_arith_v2.csv,253,arithmetic,gsm8k_test_0028,train,remove,C2_answer_bearing,gsm8k_solution_frag
pairs_arith_v2.csv,254,arithmetic,gsm8k_test_0028,train,retain,H2_same_template,gsmplus_numerical_substitution
pairs_arith_v2.csv,255,arithmetic,gsm8k_test_0028,train,remove,C1_transformed,gsmplus_problem_understanding
pairs_arith_v2.csv,256,arithmetic,gsm8k_test_0028,train,retain,H2_same_template,gsmplus_critical_thinking
pairs_arith_v2.csv,257,arithmetic,gsm8k_test_0028,train,retain,H1_same_topic,svamp
pairs_arith_v2.csv,258,arithmetic,gsm8k_test_0028,train,retain,H3_predating,asdiv
pairs_arith_v2.csv,259,arithmetic,gsm8k_test_0028,train,retain,R_random,truthfulqa
pairs_arith_v2.csv,260,arithmetic,gsm8k_test_0029,train,remove,C0_exact,gsm8k_copy
pairs_arith_v2.csv,261,arithmetic,gsm8k_test_0029,train,remove,C1_transformed,lmsys_rephrase
pairs_arith_v2.csv,262,arithmetic,gsm8k_test_0029,train,remove,C2_answer_bearing,gsm8k_solution_frag
pairs_arith_v2.csv,263,arithmetic,gsm8k_test_0029,train,retain,H2_same_template,gsmplus_numerical_substitution
pairs_arith_v2.csv,264,arithmetic,gsm8k_test_0029,train,remove,C1_transformed,gsmplus_problem_understanding
pairs_arith_v2.csv,265,arithmetic,gsm8k_test_0029,train,retain,H2_same_template,gsmplus_critical_thinking
pairs_arith_v2.csv,266,arithmetic,gsm8k_test_0029,train,retain,H1_same_topic,svamp
pairs_arith_v2.csv,267,arithmetic,gsm8k_test_0029,train,retain,H3_predating,asdiv
pairs_arith_v2.csv,268,arithmetic,gsm8k_test_0029,train,retain,R_random,truthfulqa
pairs_arith_v2.csv,332,arithmetic,gsm8k_test_0037,train,remove,C0_exact,gsm8k_copy
pairs_arith_v2.csv,333,arithmetic,gsm8k_test_0037,train,remove,C1_transformed,lmsys_rephrase
pairs_arith_v2.csv,334,arithmetic,gsm8k_test_0037,train,remove,C2_answer_bearing,gsm8k_solution_frag
pairs_arith_v2.csv,335,arithmetic,gsm8k_test_0037,train,retain,H2_same_template,gsmplus_numerical_substitution
pairs_arith_v2.csv,336,arithmetic,gsm8k_test_0037,train,remove,C1_transformed,gsmplus_problem_understanding
pairs_arith_v2.csv,337,arithmetic,gsm8k_test_0037,train,retain,H2_same_template,gsmplus_critical_thinking
pairs_arith_v2.csv,338,arithmetic,gsm8k_test_0037,train,retain,H1_same_topic,svamp
pairs_arith_v2.csv,339,arithmetic,gsm8k_test_0037,train,retain,H3_predating,asdiv
pairs_arith_v2.csv,340,arithmetic,gsm8k_test_0037,train,retain,R_random,truthfulqa
pairs_arith_v2.csv,350,arithmetic,gsm8k_test_0039,train,remove,C0_exact,gsm8k_copy
pairs_arith_v2.csv,351,arithmetic,gsm8k_test_0039,train,remove,C1_transformed,lmsys_rephrase
pairs_arith_v2.csv,352,arithmetic,gsm8k_test_0039,train,remove,C2_answer_bearing,gsm8k_solution_frag
pairs_arith_v2.csv,353,arithmetic,gsm8k_test_0039,train,retain,H2_same_template,gsmplus_numerical_substitution
pairs_arith_v2.csv,354,arithmetic,gsm8k_test_0039,train,remove,C1_transformed,gsmplus_problem_understanding
pairs_arith_v2.csv,355,arithmetic,gsm8k_test_0039,train,retain,H2_same_template,gsmplus_critical_thinking
pairs_arith_v2.csv,356,arithmetic,gsm8k_test_0039,train,retain,H1_same_topic,svamp
pairs_arith_v2.csv,357,arithmetic,gsm8k_test_0039,train,retain,H3_predating,asdiv
pairs_arith_v2.csv,358,arithmetic,gsm8k_test_0039,train,retain,R_random,truthfulqa
pairs_arith_v2.csv,368,arithmetic,gsm8k_test_0041,train,remove,C0_exact,gsm8k_copy
pairs_arith_v2.csv,369,arithmetic,gsm8k_test_0041,train,remove,C1_transformed,lmsys_rephrase
pairs_arith_v2.csv,370,arithmetic,gsm8k_test_0041,train,remove,C2_answer_bearing,gsm8k_solution_frag
pairs_arith_v2.csv,371,arithmetic,gsm8k_test_0041,train,retain,H2_same_template,gsmplus_numerical_substitution
pairs_arith_v2.csv,372,arithmetic,gsm8k_test_0041,train,remove,C1_transformed,gsmplus_problem_understanding
pairs_arith_v2.csv,373,arithmetic,gsm8k_test_0041,train,retain,H2_same_template,gsmplus_critical_thinking
pairs_arith_v2.csv,374,arithmetic,gsm8k_test_0041,train,retain,H1_same_topic,svamp
pairs_arith_v2.csv,375,arithmetic,gsm8k_test_0041,train,retain,H3_predating,asdiv
pairs_arith_v2.csv,376,arithmetic,gsm8k_test_0041,train,retain,R_random,truthfulqa
pairs_arith_v2.csv,377,arithmetic,gsm8k_test_0042,train,remove,C0_exact,gsm8k_copy
pairs_arith_v2.csv,378,arithmetic,gsm8k_test_0042,train,remove,C1_transformed,lmsys_rephrase
pairs_arith_v2.csv,379,arithmetic,gsm8k_test_0042,train,remove,C2_answer_bearing,gsm8k_solution_frag
pairs_arith_v2.csv,380,arithmetic,gsm8k_test_0042,train,retain,H2_same_template,gsmplus_numerical_substitution
pairs_arith_v2.csv,381,arithmetic,gsm8k_test_0042,train,remove,C1_transformed,gsmplus_problem_understanding
pairs_arith_v2.csv,382,arithmetic,gsm8k_test_0042,train,retain,H2_same_template,gsmplus_critical_thinking
pairs_arith_v2.csv,383,arithmetic,gsm8k_test_0042,train,retain,H1_same_topic,svamp
pairs_arith_v2.csv,384,arithmetic,gsm8k_test_0042,train,retain,H3_predating,asdiv
pairs_arith_v2.csv,385,arithmetic,gsm8k_test_0042,train,retain,R_random,truthfulqa
pairs_arith_v2.csv,395,arithmetic,gsm8k_test_0044,train,remove,C0_exact,gsm8k_copy
pairs_arith_v2.csv,396,arithmetic,gsm8k_test_0044,train,remove,C1_transformed,lmsys_rephrase
pairs_arith_v2.csv,397,arithmetic,gsm8k_test_0044,train,remove,C2_answer_bearing,gsm8k_solution_frag
pairs_arith_v2.csv,398,arithmetic,gsm8k_test_0044,train,retain,H2_same_template,gsmplus_numerical_substitution
pairs_arith_v2.csv,399,arithmetic,gsm8k_test_0044,train,remove,C1_transformed,gsmplus_problem_understanding
pairs_arith_v2.csv,400,arithmetic,gsm8k_test_0044,train,retain,H2_same_template,gsmplus_critical_thinking
pairs_arith_v2.csv,401,arithmetic,gsm8k_test_0044,train,retain,H1_same_topic,svamp
pairs_arith_v2.csv,402,arithmetic,gsm8k_test_0044,train,retain,H3_predating,asdiv
pairs_arith_v2.csv,403,arithmetic,gsm8k_test_0044,train,retain,R_random,truthfulqa
pairs_arith_v2.csv,422,arithmetic,gsm8k_test_0047,train,remove,C0_exact,gsm8k_copy
pairs_arith_v2.csv,423,arithmetic,gsm8k_test_0047,train,remove,C1_transformed,lmsys_rephrase
pairs_arith_v2.csv,424,arithmetic,gsm8k_test_0047,train,remove,C2_answer_bearing,gsm8k_solution_frag
pairs_arith_v2.csv,425,arithmetic,gsm8k_test_0047,train,retain,H2_same_template,gsmplus_numerical_substitution
pairs_arith_v2.csv,426,arithmetic,gsm8k_test_0047,train,remove,C1_transformed,gsmplus_problem_understanding
pairs_arith_v2.csv,427,arithmetic,gsm8k_test_0047,train,retain,H2_same_template,gsmplus_critical_thinking
pairs_arith_v2.csv,428,arithmetic,gsm8k_test_0047,train,retain,H1_same_topic,svamp
pairs_arith_v2.csv,429,arithmetic,gsm8k_test_0047,train,retain,H3_predating,asdiv
pairs_arith_v2.csv,430,arithmetic,gsm8k_test_0047,train,retain,R_random,truthfulqa
pairs_arith_v2.csv,431,arithmetic,gsm8k_test_0048,train,remove,C0_exact,gsm8k_copy
pairs_arith_v2.csv,432,arithmetic,gsm8k_test_0048,train,remove,C1_transformed,lmsys_rephrase
pairs_arith_v2.csv,433,arithmetic,gsm8k_test_0048,train,remove,C2_answer_bearing,gsm8k_solution_frag
pairs_arith_v2.csv,434,arithmetic,gsm8k_test_0048,train,retain,H2_same_template,gsmplus_numerical_substitution
pairs_arith_v2.csv,435,arithmetic,gsm8k_test_0048,train,remove,C1_transformed,gsmplus_problem_understanding
pairs_arith_v2.csv,436,arithmetic,gsm8k_test_0048,train,retain,H2_same_template,gsmplus_critical_thinking
pairs_arith_v2.csv,437,arithmetic,gsm8k_test_0048,train,retain,H1_same_topic,svamp
pairs_arith_v2.csv,438,arithmetic,gsm8k_test_0048,train,retain,H3_predating,asdiv
pairs_arith_v2.csv,439,arithmetic,gsm8k_test_0048,train,retain,R_random,truthfulqa
pairs_arith_v2.csv,502,arithmetic,gsm8k_test_0056,train,remove,C0_exact,gsm8k_copy
pairs_arith_v2.csv,503,arithmetic,gsm8k_test_0056,train,remove,C1_transformed,lmsys_rephrase
pairs_arith_v2.csv,504,arithmetic,gsm8k_test_0056,train,remove,C2_answer_bearing,gsm8k_solution_frag
pairs_arith_v2.csv,505,arithmetic,gsm8k_test_0056,train,remove,C1_transformed,gsmplus_problem_understanding
pairs_arith_v2.csv,506,arithmetic,gsm8k_test_0056,train,retain,H2_same_template,gsmplus_critical_thinking
pairs_arith_v2.csv,507,arithmetic,gsm8k_test_0056,train,retain,H1_same_topic,svamp
pairs_arith_v2.csv,508,arithmetic,gsm8k_test_0056,train,retain,H3_predating,asdiv
pairs_arith_v2.csv,509,arithmetic,gsm8k_test_0056,train,retain,R_random,truthfulqa
pairs_arith_v2.csv,510,arithmetic,gsm8k_test_0057,train,remove,C0_exact,gsm8k_copy
pairs_arith_v2.csv,511,arithmetic,gsm8k_test_0057,train,remove,C1_transformed,lmsys_rephrase
pairs_arith_v2.csv,512,arithmetic,gsm8k_test_0057,train,remove,C2_answer_bearing,gsm8k_solution_frag
pairs_arith_v2.csv,513,arithmetic,gsm8k_test_0057,train,retain,H2_same_template,gsmplus_numerical_substitution
pairs_arith_v2.csv,514,arithmetic,gsm8k_test_0057,train,remove,C1_transformed,gsmplus_problem_understanding
pairs_arith_v2.csv,515,arithmetic,gsm8k_test_0057,train,retain,H2_same_template,gsmplus_critical_thinking
pairs_arith_v2.csv,516,arithmetic,gsm8k_test_0057,train,retain,H1_same_topic,svamp
pairs_arith_v2.csv,517,arithmetic,gsm8k_test_0057,train,retain,H3_predating,asdiv
pairs_arith_v2.csv,518,arithmetic,gsm8k_test_0057,train,retain,R_random,truthfulqa
pairs_arith_v2.csv,528,arithmetic,gsm8k_test_0059,train,remove,C0_exact,gsm8k_copy
pairs_arith_v2.csv,529,arithmetic,gsm8k_test_0059,train,remove,C1_transformed,lmsys_rephrase
pairs_arith_v2.csv,530,arithmetic,gsm8k_test_0059,train,remove,C2_answer_bearing,gsm8k_solution_frag
pairs_arith_v2.csv,531,arithmetic,gsm8k_test_0059,train,retain,H2_same_template,gsmplus_numerical_substitution
pairs_arith_v2.csv,532,arithmetic,gsm8k_test_0059,train,remove,C1_transformed,gsmplus_problem_understanding
pairs_arith_v2.csv,533,arithmetic,gsm8k_test_0059,train,retain,H2_same_template,gsmplus_critical_thinking
pairs_arith_v2.csv,534,arithmetic,gsm8k_test_0059,train,retain,H1_same_topic,svamp
pairs_arith_v2.csv,535,arithmetic,gsm8k_test_0059,train,retain,H3_predating,asdiv
pairs_arith_v2.csv,536,arithmetic,gsm8k_test_0059,train,retain,R_random,truthfulqa
pairs_arith_v2.csv,546,arithmetic,gsm8k_test_0061,train,remove,C0_exact,gsm8k_copy
pairs_arith_v2.csv,547,arithmetic,gsm8k_test_0061,train,remove,C1_transformed,lmsys_rephrase
pairs_arith_v2.csv,548,arithmetic,gsm8k_test_0061,train,remove,C2_answer_bearing,gsm8k_solution_frag
pairs_arith_v2.csv,549,arithmetic,gsm8k_test_0061,train,retain,H2_same_template,gsmplus_numerical_substitution
pairs_arith_v2.csv,550,arithmetic,gsm8k_test_0061,train,remove,C1_transformed,gsmplus_problem_understanding
pairs_arith_v2.csv,551,arithmetic,gsm8k_test_0061,train,retain,H2_same_template,gsmplus_critical_thinking
pairs_arith_v2.csv,552,arithmetic,gsm8k_test_0061,train,retain,H1_same_topic,svamp
pairs_arith_v2.csv,553,arithmetic,gsm8k_test_0061,train,retain,H3_predating,asdiv
pairs_arith_v2.csv,554,arithmetic,gsm8k_test_0061,train,retain,R_random,truthfulqa
pairs_arith_v2.csv,564,arithmetic,gsm8k_test_0063,train,remove,C0_exact,gsm8k_copy
pairs_arith_v2.csv,565,arithmetic,gsm8k_test_0063,train,remove,C1_transformed,lmsys_rephrase
pairs_arith_v2.csv,566,arithmetic,gsm8k_test_0063,train,remove,C2_answer_bearing,gsm8k_solution_frag
pairs_arith_v2.csv,567,arithmetic,gsm8k_test_0063,train,retain,H2_same_template,gsmplus_numerical_substitution
pairs_arith_v2.csv,568,arithmetic,gsm8k_test_0063,train,remove,C1_transformed,gsmplus_problem_understanding
pairs_arith_v2.csv,569,arithmetic,gsm8k_test_0063,train,retain,H2_same_template,gsmplus_critical_thinking
pairs_arith_v2.csv,570,arithmetic,gsm8k_test_0063,train,retain,H1_same_topic,svamp
pairs_arith_v2.csv,571,arithmetic,gsm8k_test_0063,train,retain,H3_predating,asdiv
pairs_arith_v2.csv,572,arithmetic,gsm8k_test_0063,train,retain,R_random,truthfulqa
pairs_arith_v2.csv,573,arithmetic,gsm8k_test_0064,train,remove,C0_exact,gsm8k_copy
pairs_arith_v2.csv,574,arithmetic,gsm8k_test_0064,train,remove,C1_transformed,lmsys_rephrase
pairs_arith_v2.csv,575,arithmetic,gsm8k_test_0064,train,remove,C2_answer_bearing,gsm8k_solution_frag
pairs_arith_v2.csv,576,arithmetic,gsm8k_test_0064,train,retain,H2_same_template,gsmplus_numerical_substitution
pairs_arith_v2.csv,577,arithmetic,gsm8k_test_0064,train,remove,C1_transformed,gsmplus_problem_understanding
pairs_arith_v2.csv,578,arithmetic,gsm8k_test_0064,train,retain,H2_same_template,gsmplus_critical_thinking
pairs_arith_v2.csv,579,arithmetic,gsm8k_test_0064,train,retain,H1_same_topic,svamp
pairs_arith_v2.csv,580,arithmetic,gsm8k_test_0064,train,retain,H3_predating,asdiv
pairs_arith_v2.csv,581,arithmetic,gsm8k_test_0064,train,retain,R_random,truthfulqa
pairs_arith_v2.csv,582,arithmetic,gsm8k_test_0065,train,remove,C0_exact,gsm8k_copy
pairs_arith_v2.csv,583,arithmetic,gsm8k_test_0065,train,remove,C1_transformed,lmsys_rephrase
pairs_arith_v2.csv,584,arithmetic,gsm8k_test_0065,train,remove,C2_answer_bearing,gsm8k_solution_frag
pairs_arith_v2.csv,585,arithmetic,gsm8k_test_0065,train,retain,H2_same_template,gsmplus_numerical_substitution
pairs_arith_v2.csv,586,arithmetic,gsm8k_test_0065,train,remove,C1_transformed,gsmplus_problem_understanding
pairs_arith_v2.csv,587,arithmetic,gsm8k_test_0065,train,retain,H2_same_template,gsmplus_critical_thinking
pairs_arith_v2.csv,588,arithmetic,gsm8k_test_0065,train,retain,H1_same_topic,svamp
pairs_arith_v2.csv,589,arithmetic,gsm8k_test_0065,train,retain,H3_predating,asdiv
pairs_arith_v2.csv,590,arithmetic,gsm8k_test_0065,train,retain,R_random,truthfulqa
pairs_arith_v2.csv,600,arithmetic,gsm8k_test_0067,train,remove,C0_exact,gsm8k_copy
pairs_arith_v2.csv,601,arithmetic,gsm8k_test_0067,train,remove,C1_transformed,lmsys_rephrase
pairs_arith_v2.csv,602,arithmetic,gsm8k_test_0067,train,remove,C2_answer_bearing,gsm8k_solution_frag
pairs_arith_v2.csv,603,arithmetic,gsm8k_test_0067,train,retain,H2_same_template,gsmplus_numerical_substitution
pairs_arith_v2.csv,604,arithmetic,gsm8k_test_0067,train,remove,C1_transformed,gsmplus_problem_understanding
pairs_arith_v2.csv,605,arithmetic,gsm8k_test_0067,train,retain,H2_same_template,gsmplus_critical_thinking
pairs_arith_v2.csv,606,arithmetic,gsm8k_test_0067,train,retain,H1_same_topic,svamp
pairs_arith_v2.csv,607,arithmetic,gsm8k_test_0067,train,retain,H3_predating,asdiv
pairs_arith_v2.csv,608,arithmetic,gsm8k_test_0067,train,retain,R_random,truthfulqa
pairs_arith_v2.csv,636,arithmetic,gsm8k_test_0071,train,remove,C0_exact,gsm8k_copy
pairs_arith_v2.csv,637,arithmetic,gsm8k_test_0071,train,remove,C1_transformed,lmsys_rephrase
pairs_arith_v2.csv,638,arithmetic,gsm8k_test_0071,train,remove,C2_answer_bearing,gsm8k_solution_frag
pairs_arith_v2.csv,639,arithmetic,gsm8k_test_0071,train,retain,H2_same_template,gsmplus_numerical_substitution
pairs_arith_v2.csv,640,arithmetic,gsm8k_test_0071,train,remove,C1_transformed,gsmplus_problem_understanding
pairs_arith_v2.csv,641,arithmetic,gsm8k_test_0071,train,retain,H2_same_template,gsmplus_critical_thinking
pairs_arith_v2.csv,642,arithmetic,gsm8k_test_0071,train,retain,H1_same_topic,svamp
pairs_arith_v2.csv,643,arithmetic,gsm8k_test_0071,train,retain,H3_predating,asdiv
pairs_arith_v2.csv,644,arithmetic,gsm8k_test_0071,train,retain,R_random,truthfulqa
pairs_arith_v2.csv,645,arithmetic,gsm8k_test_0072,train,remove,C0_exact,gsm8k_copy
pairs_arith_v2.csv,646,arithmetic,gsm8k_test_0072,train,remove,C1_transformed,lmsys_rephrase
pairs_arith_v2.csv,647,arithmetic,gsm8k_test_0072,train,remove,C2_answer_bearing,gsm8k_solution_frag
pairs_arith_v2.csv,648,arithmetic,gsm8k_test_0072,train,retain,H2_same_template,gsmplus_numerical_substitution
pairs_arith_v2.csv,649,arithmetic,gsm8k_test_0072,train,remove,C1_transformed,gsmplus_problem_understanding
pairs_arith_v2.csv,650,arithmetic,gsm8k_test_0072,train,retain,H2_same_template,gsmplus_critical_thinking
pairs_arith_v2.csv,651,arithmetic,gsm8k_test_0072,train,retain,H1_same_topic,svamp
pairs_arith_v2.csv,652,arithmetic,gsm8k_test_0072,train,retain,H3_predating,asdiv
pairs_arith_v2.csv,653,arithmetic,gsm8k_test_0072,train,retain,R_random,truthfulqa
pairs_arith_v2.csv,663,arithmetic,gsm8k_test_0074,train,remove,C0_exact,gsm8k_copy
pairs_arith_v2.csv,664,arithmetic,gsm8k_test_0074,train,remove,C1_transformed,lmsys_rephrase
pairs_arith_v2.csv,665,arithmetic,gsm8k_test_0074,train,remove,C2_answer_bearing,gsm8k_solution_frag
pairs_arith_v2.csv,666,arithmetic,gsm8k_test_0074,train,retain,H2_same_template,gsmplus_numerical_substitution
pairs_arith_v2.csv,667,arithmetic,gsm8k_test_0074,train,remove,C1_transformed,gsmplus_problem_understanding
pairs_arith_v2.csv,668,arithmetic,gsm8k_test_0074,train,retain,H2_same_template,gsmplus_critical_thinking
pairs_arith_v2.csv,669,arithmetic,gsm8k_test_0074,train,retain,H1_same_topic,svamp
pairs_arith_v2.csv,670,arithmetic,gsm8k_test_0074,train,retain,H3_predating,asdiv
pairs_arith_v2.csv,671,arithmetic,gsm8k_test_0074,train,retain,R_random,truthfulqa
pairs_arith_v2.csv,672,arithmetic,gsm8k_test_0075,train,remove,C0_exact,gsm8k_copy
pairs_arith_v2.csv,673,arithmetic,gsm8k_test_0075,train,remove,C1_transformed,lmsys_rephrase
pairs_arith_v2.csv,674,arithmetic,gsm8k_test_0075,train,remove,C2_answer_bearing,gsm8k_solution_frag
pairs_arith_v2.csv,675,arithmetic,gsm8k_test_0075,train,retain,H2_same_template,gsmplus_numerical_substitution
pairs_arith_v2.csv,676,arithmetic,gsm8k_test_0075,train,remove,C1_transformed,gsmplus_problem_understanding
pairs_arith_v2.csv,677,arithmetic,gsm8k_test_0075,train,retain,H2_same_template,gsmplus_critical_thinking
pairs_arith_v2.csv,678,arithmetic,gsm8k_test_0075,train,retain,H1_same_topic,svamp
pairs_arith_v2.csv,679,arithmetic,gsm8k_test_0075,train,retain,H3_predating,asdiv
pairs_arith_v2.csv,680,arithmetic,gsm8k_test_0075,train,retain,R_random,truthfulqa
pairs_arith_v2.csv,690,arithmetic,gsm8k_test_0077,train,remove,C0_exact,gsm8k_copy
pairs_arith_v2.csv,691,arithmetic,gsm8k_test_0077,train,remove,C1_transformed,lmsys_rephrase
pairs_arith_v2.csv,692,arithmetic,gsm8k_test_0077,train,remove,C2_answer_bearing,gsm8k_solution_frag
pairs_arith_v2.csv,693,arithmetic,gsm8k_test_0077,train,retain,H2_same_template,gsmplus_numerical_substitution
pairs_arith_v2.csv,694,arithmetic,gsm8k_test_0077,train,remove,C1_transformed,gsmplus_problem_understanding
pairs_arith_v2.csv,695,arithmetic,gsm8k_test_0077,train,retain,H2_same_template,gsmplus_critical_thinking
pairs_arith_v2.csv,696,arithmetic,gsm8k_test_0077,train,retain,H1_same_topic,svamp
pairs_arith_v2.csv,697,arithmetic,gsm8k_test_0077,train,retain,H3_predating,asdiv
pairs_arith_v2.csv,698,arithmetic,gsm8k_test_0077,train,retain,R_random,truthfulqa
pairs_arith_v2.csv,699,arithmetic,gsm8k_test_0078,train,remove,C0_exact,gsm8k_copy
pairs_arith_v2.csv,700,arithmetic,gsm8k_test_0078,train,remove,C1_transformed,lmsys_rephrase
pairs_arith_v2.csv,701,arithmetic,gsm8k_test_0078,train,remove,C2_answer_bearing,gsm8k_solution_frag
pairs_arith_v2.csv,702,arithmetic,gsm8k_test_0078,train,retain,H2_same_template,gsmplus_numerical_substitution
pairs_arith_v2.csv,703,arithmetic,gsm8k_test_0078,train,remove,C1_transformed,gsmplus_problem_understanding
pairs_arith_v2.csv,704,arithmetic,gsm8k_test_0078,train,retain,H2_same_template,gsmplus_critical_thinking
pairs_arith_v2.csv,705,arithmetic,gsm8k_test_0078,train,retain,H1_same_topic,svamp
pairs_arith_v2.csv,706,arithmetic,gsm8k_test_0078,train,retain,H3_predating,asdiv
pairs_arith_v2.csv,707,arithmetic,gsm8k_test_0078,train,retain,R_random,truthfulqa
pairs_arith_v2.csv,708,arithmetic,gsm8k_test_0079,train,remove,C0_exact,gsm8k_copy
pairs_arith_v2.csv,709,arithmetic,gsm8k_test_0079,train,remove,C1_transformed,lmsys_rephrase
pairs_arith_v2.csv,710,arithmetic,gsm8k_test_0079,train,remove,C2_answer_bearing,gsm8k_solution_frag
pairs_arith_v2.csv,711,arithmetic,gsm8k_test_0079,train,retain,H2_same_template,gsmplus_numerical_substitution
pairs_arith_v2.csv,712,arithmetic,gsm8k_test_0079,train,remove,C1_transformed,gsmplus_problem_understanding
pairs_arith_v2.csv,713,arithmetic,gsm8k_test_0079,train,retain,H2_same_template,gsmplus_critical_thinking
pairs_arith_v2.csv,714,arithmetic,gsm8k_test_0079,train,retain,H1_same_topic,svamp
pairs_arith_v2.csv,715,arithmetic,gsm8k_test_0079,train,retain,H3_predating,asdiv
pairs_arith_v2.csv,716,arithmetic,gsm8k_test_0079,train,retain,R_random,truthfulqa
pairs_arith_v2.csv,726,arithmetic,gsm8k_test_0081,train,remove,C0_exact,gsm8k_copy
pairs_arith_v2.csv,727,arithmetic,gsm8k_test_0081,train,remove,C1_transformed,lmsys_rephrase
pairs_arith_v2.csv,728,arithmetic,gsm8k_test_0081,train,remove,C2_answer_bearing,gsm8k_solution_frag
pairs_arith_v2.csv,729,arithmetic,gsm8k_test_0081,train,retain,H2_same_template,gsmplus_numerical_substitution
pairs_arith_v2.csv,730,arithmetic,gsm8k_test_0081,train,remove,C1_transformed,gsmplus_problem_understanding
pairs_arith_v2.csv,731,arithmetic,gsm8k_test_0081,train,retain,H2_same_template,gsmplus_critical_thinking
pairs_arith_v2.csv,732,arithmetic,gsm8k_test_0081,train,retain,H1_same_topic,svamp
pairs_arith_v2.csv,733,arithmetic,gsm8k_test_0081,train,retain,H3_predating,asdiv
pairs_arith_v2.csv,734,arithmetic,gsm8k_test_0081,train,retain,R_random,truthfulqa
pairs_arith_v2.csv,735,arithmetic,gsm8k_test_0082,train,remove,C0_exact,gsm8k_copy
pairs_arith_v2.csv,736,arithmetic,gsm8k_test_0082,train,remove,C1_transformed,lmsys_rephrase
pairs_arith_v2.csv,737,arithmetic,gsm8k_test_0082,train,remove,C2_answer_bearing,gsm8k_solution_frag
pairs_arith_v2.csv,738,arithmetic,gsm8k_test_0082,train,retain,H2_same_template,gsmplus_numerical_substitution
pairs_arith_v2.csv,739,arithmetic,gsm8k_test_0082,train,remove,C1_transformed,gsmplus_problem_understanding
pairs_arith_v2.csv,740,arithmetic,gsm8k_test_0082,train,retain,H2_same_template,gsmplus_critical_thinking
pairs_arith_v2.csv,741,arithmetic,gsm8k_test_0082,train,retain,H1_same_topic,svamp
pairs_arith_v2.csv,742,arithmetic,gsm8k_test_0082,train,retain,H3_predating,asdiv
pairs_arith_v2.csv,743,arithmetic,gsm8k_test_0082,train,retain,R_random,truthfulqa
pairs_arith_v2.csv,762,arithmetic,gsm8k_test_0085,train,remove,C0_exact,gsm8k_copy
pairs_arith_v2.csv,763,arithmetic,gsm8k_test_0085,train,remove,C1_transformed,lmsys_rephrase
pairs_arith_v2.csv,764,arithmetic,gsm8k_test_0085,train,remove,C2_answer_bearing,gsm8k_solution_frag
pairs_arith_v2.csv,765,arithmetic,gsm8k_test_0085,train,retain,H2_same_template,gsmplus_numerical_substitution
pairs_arith_v2.csv,766,arithmetic,gsm8k_test_0085,train,remove,C1_transformed,gsmplus_problem_understanding
pairs_arith_v2.csv,767,arithmetic,gsm8k_test_0085,train,retain,H2_same_template,gsmplus_critical_thinking
pairs_arith_v2.csv,768,arithmetic,gsm8k_test_0085,train,retain,H1_same_topic,svamp
pairs_arith_v2.csv,769,arithmetic,gsm8k_test_0085,train,retain,H3_predating,asdiv
pairs_arith_v2.csv,770,arithmetic,gsm8k_test_0085,train,retain,R_random,truthfulqa
pairs_arith_v2.csv,771,arithmetic,gsm8k_test_0086,train,remove,C0_exact,gsm8k_copy
pairs_arith_v2.csv,772,arithmetic,gsm8k_test_0086,train,remove,C1_transformed,lmsys_rephrase
pairs_arith_v2.csv,773,arithmetic,gsm8k_test_0086,train,remove,C2_answer_bearing,gsm8k_solution_frag
pairs_arith_v2.csv,774,arithmetic,gsm8k_test_0086,train,retain,H2_same_template,gsmplus_numerical_substitution
pairs_arith_v2.csv,775,arithmetic,gsm8k_test_0086,train,remove,C1_transformed,gsmplus_problem_understanding
pairs_arith_v2.csv,776,arithmetic,gsm8k_test_0086,train,retain,H2_same_template,gsmplus_critical_thinking
pairs_arith_v2.csv,777,arithmetic,gsm8k_test_0086,train,retain,H1_same_topic,svamp
pairs_arith_v2.csv,778,arithmetic,gsm8k_test_0086,train,retain,H3_predating,asdiv
pairs_arith_v2.csv,779,arithmetic,gsm8k_test_0086,train,retain,R_random,truthfulqa
pairs_arith_v2.csv,789,arithmetic,gsm8k_test_0088,train,remove,C0_exact,gsm8k_copy
pairs_arith_v2.csv,790,arithmetic,gsm8k_test_0088,train,remove,C1_transformed,lmsys_rephrase
pairs_arith_v2.csv,791,arithmetic,gsm8k_test_0088,train,remove,C2_answer_bearing,gsm8k_solution_frag
pairs_arith_v2.csv,792,arithmetic,gsm8k_test_0088,train,retain,H2_same_template,gsmplus_numerical_substitution
pairs_arith_v2.csv,793,arithmetic,gsm8k_test_0088,train,remove,C1_transformed,gsmplus_problem_understanding
pairs_arith_v2.csv,794,arithmetic,gsm8k_test_0088,train,retain,H2_same_template,gsmplus_critical_thinking
pairs_arith_v2.csv,795,arithmetic,gsm8k_test_0088,train,retain,H1_same_topic,svamp
pairs_arith_v2.csv,796,arithmetic,gsm8k_test_0088,train,retain,H3_predating,asdiv
pairs_arith_v2.csv,797,arithmetic,gsm8k_test_0088,train,retain,R_random,truthfulqa
pairs_arith_v2.csv,798,arithmetic,gsm8k_test_0089,train,remove,C0_exact,gsm8k_copy
pairs_arith_v2.csv,799,arithmetic,gsm8k_test_0089,train,remove,C1_transformed,lmsys_rephrase
pairs_arith_v2.csv,800,arithmetic,gsm8k_test_0089,train,remove,C2_answer_bearing,gsm8k_solution_frag
pairs_arith_v2.csv,801,arithmetic,gsm8k_test_0089,train,retain,H2_same_template,gsmplus_numerical_substitution
pairs_arith_v2.csv,802,arithmetic,gsm8k_test_0089,train,remove,C1_transformed,gsmplus_problem_understanding
pairs_arith_v2.csv,803,arithmetic,gsm8k_test_0089,train,retain,H2_same_template,gsmplus_critical_thinking
pairs_arith_v2.csv,804,arithmetic,gsm8k_test_0089,train,retain,H1_same_topic,svamp
pairs_arith_v2.csv,805,arithmetic,gsm8k_test_0089,train,retain,H3_predating,asdiv
pairs_arith_v2.csv,806,arithmetic,gsm8k_test_0089,train,retain,R_random,truthfulqa
pairs_arith_v2.csv,807,arithmetic,gsm8k_test_0090,train,remove,C0_exact,gsm8k_copy
pairs_arith_v2.csv,808,arithmetic,gsm8k_test_0090,train,remove,C1_transformed,lmsys_rephrase
pairs_arith_v2.csv,809,arithmetic,gsm8k_test_0090,train,remove,C2_answer_bearing,gsm8k_solution_frag
pairs_arith_v2.csv,810,arithmetic,gsm8k_test_0090,train,retain,H2_same_template,gsmplus_numerical_substitution
pairs_arith_v2.csv,811,arithmetic,gsm8k_test_0090,train,remove,C1_transformed,gsmplus_problem_understanding
pairs_arith_v2.csv,812,arithmetic,gsm8k_test_0090,train,retain,H2_same_template,gsmplus_critical_thinking
pairs_arith_v2.csv,813,arithmetic,gsm8k_test_0090,train,retain,H1_same_topic,svamp
pairs_arith_v2.csv,814,arithmetic,gsm8k_test_0090,train,retain,H3_predating,asdiv
pairs_arith_v2.csv,815,arithmetic,gsm8k_test_0090,train,retain,R_random,truthfulqa
pairs_arith_v2.csv,816,arithmetic,gsm8k_test_0091,train,remove,C0_exact,gsm8k_copy
pairs_arith_v2.csv,817,arithmetic,gsm8k_test_0091,train,remove,C1_transformed,lmsys_rephrase
pairs_arith_v2.csv,818,arithmetic,gsm8k_test_0091,train,remove,C2_answer_bearing,gsm8k_solution_frag
pairs_arith_v2.csv,819,arithmetic,gsm8k_test_0091,train,retain,H2_same_template,gsmplus_numerical_substitution
pairs_arith_v2.csv,820,arithmetic,gsm8k_test_0091,train,remove,C1_transformed,gsmplus_problem_understanding
pairs_arith_v2.csv,821,arithmetic,gsm8k_test_0091,train,retain,H2_same_template,gsmplus_critical_thinking
pairs_arith_v2.csv,822,arithmetic,gsm8k_test_0091,train,retain,H1_same_topic,svamp
pairs_arith_v2.csv,823,arithmetic,gsm8k_test_0091,train,retain,H3_predating,asdiv
pairs_arith_v2.csv,824,arithmetic,gsm8k_test_0091,train,retain,R_random,truthfulqa
pairs_arith_v2.csv,825,arithmetic,gsm8k_test_0092,train,remove,C0_exact,gsm8k_copy
pairs_arith_v2.csv,826,arithmetic,gsm8k_test_0092,train,remove,C1_transformed,lmsys_rephrase
pairs_arith_v2.csv,827,arithmetic,gsm8k_test_0092,train,remove,C2_answer_bearing,gsm8k_solution_frag
pairs_arith_v2.csv,828,arithmetic,gsm8k_test_0092,train,retain,H2_same_template,gsmplus_numerical_substitution
pairs_arith_v2.csv,829,arithmetic,gsm8k_test_0092,train,remove,C1_transformed,gsmplus_problem_understanding
pairs_arith_v2.csv,830,arithmetic,gsm8k_test_0092,train,retain,H2_same_template,gsmplus_critical_thinking
pairs_arith_v2.csv,831,arithmetic,gsm8k_test_0092,train,retain,H1_same_topic,svamp
pairs_arith_v2.csv,832,arithmetic,gsm8k_test_0092,train,retain,H3_predating,asdiv
pairs_arith_v2.csv,833,arithmetic,gsm8k_test_0092,train,retain,R_random,truthfulqa
pairs_arith_v2.csv,834,arithmetic,gsm8k_test_0093,train,remove,C0_exact,gsm8k_copy
pairs_arith_v2.csv,835,arithmetic,gsm8k_test_0093,train,remove,C1_transformed,lmsys_rephrase
pairs_arith_v2.csv,836,arithmetic,gsm8k_test_0093,train,remove,C2_answer_bearing,gsm8k_solution_frag
pairs_arith_v2.csv,837,arithmetic,gsm8k_test_0093,train,retain,H2_same_template,gsmplus_numerical_substitution
pairs_arith_v2.csv,838,arithmetic,gsm8k_test_0093,train,remove,C1_transformed,gsmplus_problem_understanding
pairs_arith_v2.csv,839,arithmetic,gsm8k_test_0093,train,retain,H2_same_template,gsmplus_critical_thinking
pairs_arith_v2.csv,840,arithmetic,gsm8k_test_0093,train,retain,H1_same_topic,svamp
pairs_arith_v2.csv,841,arithmetic,gsm8k_test_0093,train,retain,H3_predating,asdiv
pairs_arith_v2.csv,842,arithmetic,gsm8k_test_0093,train,retain,R_random,truthfulqa
pairs_arith_v2.csv,852,arithmetic,gsm8k_test_0095,train,remove,C0_exact,gsm8k_copy
pairs_arith_v2.csv,853,arithmetic,gsm8k_test_0095,train,remove,C1_transformed,lmsys_rephrase
pairs_arith_v2.csv,854,arithmetic,gsm8k_test_0095,train,remove,C2_answer_bearing,gsm8k_solution_frag
pairs_arith_v2.csv,855,arithmetic,gsm8k_test_0095,train,retain,H2_same_template,gsmplus_numerical_substitution
pairs_arith_v2.csv,856,arithmetic,gsm8k_test_0095,train,remove,C1_transformed,gsmplus_problem_understanding
pairs_arith_v2.csv,857,arithmetic,gsm8k_test_0095,train,retain,H2_same_template,gsmplus_critical_thinking
pairs_arith_v2.csv,858,arithmetic,gsm8k_test_0095,train,retain,H1_same_topic,svamp
pairs_arith_v2.csv,859,arithmetic,gsm8k_test_0095,train,retain,H3_predating,asdiv
pairs_arith_v2.csv,860,arithmetic,gsm8k_test_0095,train,retain,R_random,truthfulqa
pairs_arith_v2.csv,879,arithmetic,gsm8k_test_0098,train,remove,C0_exact,gsm8k_copy
pairs_arith_v2.csv,880,arithmetic,gsm8k_test_0098,train,remove,C1_transformed,lmsys_rephrase
pairs_arith_v2.csv,881,arithmetic,gsm8k_test_0098,train,remove,C2_answer_bearing,gsm8k_solution_frag
pairs_arith_v2.csv,882,arithmetic,gsm8k_test_0098,train,retain,H2_same_template,gsmplus_numerical_substitution
pairs_arith_v2.csv,883,arithmetic,gsm8k_test_0098,train,remove,C1_transformed,gsmplus_problem_understanding
pairs_arith_v2.csv,884,arithmetic,gsm8k_test_0098,train,retain,H2_same_template,gsmplus_critical_thinking
pairs_arith_v2.csv,885,arithmetic,gsm8k_test_0098,train,retain,H1_same_topic,svamp
pairs_arith_v2.csv,886,arithmetic,gsm8k_test_0098,train,retain,H3_predating,asdiv
pairs_arith_v2.csv,887,arithmetic,gsm8k_test_0098,train,retain,R_random,truthfulqa
pairs_arith_v2.csv,905,arithmetic,gsm8k_test_0101,train,remove,C0_exact,gsm8k_copy
pairs_arith_v2.csv,906,arithmetic,gsm8k_test_0101,train,remove,C1_transformed,lmsys_rephrase
pairs_arith_v2.csv,907,arithmetic,gsm8k_test_0101,train,remove,C2_answer_bearing,gsm8k_solution_frag
pairs_arith_v2.csv,908,arithmetic,gsm8k_test_0101,train,retain,H2_same_template,gsmplus_numerical_substitution
pairs_arith_v2.csv,909,arithmetic,gsm8k_test_0101,train,remove,C1_transformed,gsmplus_problem_understanding
pairs_arith_v2.csv,910,arithmetic,gsm8k_test_0101,train,retain,H2_same_template,gsmplus_critical_thinking
pairs_arith_v2.csv,911,arithmetic,gsm8k_test_0101,train,retain,H1_same_topic,svamp
pairs_arith_v2.csv,912,arithmetic,gsm8k_test_0101,train,retain,H3_predating,asdiv
pairs_arith_v2.csv,913,arithmetic,gsm8k_test_0101,train,retain,R_random,truthfulqa
pairs_arith_v2.csv,950,arithmetic,gsm8k_test_0106,train,remove,C0_exact,gsm8k_copy
pairs_arith_v2.csv,951,arithmetic,gsm8k_test_0106,train,remove,C1_transformed,lmsys_rephrase
pairs_arith_v2.csv,952,arithmetic,gsm8k_test_0106,train,remove,C2_answer_bearing,gsm8k_solution_frag
pairs_arith_v2.csv,953,arithmetic,gsm8k_test_0106,train,retain,H2_same_template,gsmplus_numerical_substitution
pairs_arith_v2.csv,954,arithmetic,gsm8k_test_0106,train,remove,C1_transformed,gsmplus_problem_understanding
pairs_arith_v2.csv,955,arithmetic,gsm8k_test_0106,train,retain,H2_same_template,gsmplus_critical_thinking
pairs_arith_v2.csv,956,arithmetic,gsm8k_test_0106,train,retain,H1_same_topic,svamp
pairs_arith_v2.csv,957,arithmetic,gsm8k_test_0106,train,retain,H3_predating,asdiv
pairs_arith_v2.csv,958,arithmetic,gsm8k_test_0106,train,retain,R_random,truthfulqa
pairs_arith_v2.csv,959,arithmetic,gsm8k_test_0107,train,remove,C0_exact,gsm8k_copy
pairs_arith_v2.csv,960,arithmetic,gsm8k_test_0107,train,remove,C1_transformed,lmsys_rephrase
pairs_arith_v2.csv,961,arithmetic,gsm8k_test_0107,train,remove,C2_answer_bearing,gsm8k_solution_frag
pairs_arith_v2.csv,962,arithmetic,gsm8k_test_0107,train,retain,H2_same_template,gsmplus_numerical_substitution
pairs_arith_v2.csv,963,arithmetic,gsm8k_test_0107,train,remove,C1_transformed,gsmplus_problem_understanding
pairs_arith_v2.csv,964,arithmetic,gsm8k_test_0107,train,retain,H2_same_template,gsmplus_critical_thinking
pairs_arith_v2.csv,965,arithmetic,gsm8k_test_0107,train,retain,H1_same_topic,svamp
pairs_arith_v2.csv,966,arithmetic,gsm8k_test_0107,train,retain,H3_predating,asdiv
pairs_arith_v2.csv,967,arithmetic,gsm8k_test_0107,train,retain,R_random,truthfulqa
pairs_arith_v2.csv,977,arithmetic,gsm8k_test_0109,train,remove,C0_exact,gsm8k_copy
pairs_arith_v2.csv,978,arithmetic,gsm8k_test_0109,train,remove,C1_transformed,lmsys_rephrase
pairs_arith_v2.csv,979,arithmetic,gsm8k_test_0109,train,remove,C2_answer_bearing,gsm8k_solution_frag
pairs_arith_v2.csv,980,arithmetic,gsm8k_test_0109,train,retain,H2_same_template,gsmplus_numerical_substitution
pairs_arith_v2.csv,981,arithmetic,gsm8k_test_0109,train,remove,C1_transformed,gsmplus_problem_understanding
pairs_arith_v2.csv,982,arithmetic,gsm8k_test_0109,train,retain,H2_same_template,gsmplus_critical_thinking
pairs_arith_v2.csv,983,arithmetic,gsm8k_test_0109,train,retain,H1_same_topic,svamp
pairs_arith_v2.csv,984,arithmetic,gsm8k_test_0109,train,retain,H3_predating,asdiv
pairs_arith_v2.csv,985,arithmetic,gsm8k_test_0109,train,retain,R_random,truthfulqa
pairs_arith_v2.csv,1022,arithmetic,gsm8k_test_0114,train,remove,C0_exact,gsm8k_copy
pairs_arith_v2.csv,1023,arithmetic,gsm8k_test_0114,train,remove,C1_transformed,lmsys_rephrase
pairs_arith_v2.csv,1024,arithmetic,gsm8k_test_0114,train,remove,C2_answer_bearing,gsm8k_solution_frag
pairs_arith_v2.csv,1025,arithmetic,gsm8k_test_0114,train,retain,H2_same_template,gsmplus_numerical_substitution
pairs_arith_v2.csv,1026,arithmetic,gsm8k_test_0114,train,remove,C1_transformed,gsmplus_problem_understanding
pairs_arith_v2.csv,1027,arithmetic,gsm8k_test_0114,train,retain,H2_same_template,gsmplus_critical_thinking
pairs_arith_v2.csv,1028,arithmetic,gsm8k_test_0114,train,retain,H1_same_topic,svamp
pairs_arith_v2.csv,1029,arithmetic,gsm8k_test_0114,train,retain,H3_predating,asdiv
pairs_arith_v2.csv,1030,arithmetic,gsm8k_test_0114,train,retain,R_random,truthfulqa
pairs_arith_v2.csv,1031,arithmetic,gsm8k_test_0115,train,remove,C0_exact,gsm8k_copy
pairs_arith_v2.csv,1032,arithmetic,gsm8k_test_0115,train,remove,C1_transformed,lmsys_rephrase
pairs_arith_v2.csv,1033,arithmetic,gsm8k_test_0115,train,remove,C2_answer_bearing,gsm8k_solution_frag
pairs_arith_v2.csv,1034,arithmetic,gsm8k_test_0115,train,retain,H2_same_template,gsmplus_numerical_substitution
pairs_arith_v2.csv,1035,arithmetic,gsm8k_test_0115,train,remove,C1_transformed,gsmplus_problem_understanding
pairs_arith_v2.csv,1036,arithmetic,gsm8k_test_0115,train,retain,H2_same_template,gsmplus_critical_thinking
pairs_arith_v2.csv,1037,arithmetic,gsm8k_test_0115,train,retain,H1_same_topic,svamp
pairs_arith_v2.csv,1038,arithmetic,gsm8k_test_0115,train,retain,H3_predating,asdiv
pairs_arith_v2.csv,1039,arithmetic,gsm8k_test_0115,train,retain,R_random,truthfulqa
pairs_arith_v2.csv,1040,arithmetic,gsm8k_test_0116,train,remove,C0_exact,gsm8k_copy
pairs_arith_v2.csv,1041,arithmetic,gsm8k_test_0116,train,remove,C1_transformed,lmsys_rephrase
pairs_arith_v2.csv,1042,arithmetic,gsm8k_test_0116,train,remove,C2_answer_bearing,gsm8k_solution_frag
pairs_arith_v2.csv,1043,arithmetic,gsm8k_test_0116,train,retain,H2_same_template,gsmplus_numerical_substitution
pairs_arith_v2.csv,1044,arithmetic,gsm8k_test_0116,train,remove,C1_transformed,gsmplus_problem_understanding
pairs_arith_v2.csv,1045,arithmetic,gsm8k_test_0116,train,retain,H2_same_template,gsmplus_critical_thinking
pairs_arith_v2.csv,1046,arithmetic,gsm8k_test_0116,train,retain,H1_same_topic,svamp
pairs_arith_v2.csv,1047,arithmetic,gsm8k_test_0116,train,retain,H3_predating,asdiv
pairs_arith_v2.csv,1048,arithmetic,gsm8k_test_0116,train,retain,R_random,truthfulqa
pairs_arith_v2.csv,1076,arithmetic,gsm8k_test_0120,train,remove,C0_exact,gsm8k_copy
pairs_arith_v2.csv,1077,arithmetic,gsm8k_test_0120,train,remove,C1_transformed,lmsys_rephrase
pairs_arith_v2.csv,1078,arithmetic,gsm8k_test_0120,train,remove,C2_answer_bearing,gsm8k_solution_frag
pairs_arith_v2.csv,1079,arithmetic,gsm8k_test_0120,train,retain,H2_same_template,gsmplus_numerical_substitution
pairs_arith_v2.csv,1080,arithmetic,gsm8k_test_0120,train,remove,C1_transformed,gsmplus_problem_understanding
pairs_arith_v2.csv,1081,arithmetic,gsm8k_test_0120,train,retain,H2_same_template,gsmplus_critical_thinking
pairs_arith_v2.csv,1082,arithmetic,gsm8k_test_0120,train,retain,H1_same_topic,svamp
pairs_arith_v2.csv,1083,arithmetic,gsm8k_test_0120,train,retain,H3_predating,asdiv
pairs_arith_v2.csv,1084,arithmetic,gsm8k_test_0120,train,retain,R_random,truthfulqa
pairs_arith_v2.csv,1085,arithmetic,gsm8k_test_0121,train,remove,C0_exact,gsm8k_copy
pairs_arith_v2.csv,1086,arithmetic,gsm8k_test_0121,train,remove,C1_transformed,lmsys_rephrase
pairs_arith_v2.csv,1087,arithmetic,gsm8k_test_0121,train,remove,C2_answer_bearing,gsm8k_solution_frag
pairs_arith_v2.csv,1088,arithmetic,gsm8k_test_0121,train,retain,H2_same_template,gsmplus_numerical_substitution
pairs_arith_v2.csv,1089,arithmetic,gsm8k_test_0121,train,remove,C1_transformed,gsmplus_problem_understanding
pairs_arith_v2.csv,1090,arithmetic,gsm8k_test_0121,train,retain,H2_same_template,gsmplus_critical_thinking
pairs_arith_v2.csv,1091,arithmetic,gsm8k_test_0121,train,retain,H1_same_topic,svamp
pairs_arith_v2.csv,1092,arithmetic,gsm8k_test_0121,train,retain,H3_predating,asdiv
pairs_arith_v2.csv,1093,arithmetic,gsm8k_test_0121,train,retain,R_random,truthfulqa
pairs_arith_v2.csv,1103,arithmetic,gsm8k_test_0123,train,remove,C0_exact,gsm8k_copy
pairs_arith_v2.csv,1104,arithmetic,gsm8k_test_0123,train,remove,C1_transformed,lmsys_rephrase
pairs_arith_v2.csv,1105,arithmetic,gsm8k_test_0123,train,remove,C2_answer_bearing,gsm8k_solution_frag
pairs_arith_v2.csv,1106,arithmetic,gsm8k_test_0123,train,retain,H2_same_template,gsmplus_numerical_substitution
pairs_arith_v2.csv,1107,arithmetic,gsm8k_test_0123,train,remove,C1_transformed,gsmplus_problem_understanding
pairs_arith_v2.csv,1108,arithmetic,gsm8k_test_0123,train,retain,H2_same_template,gsmplus_critical_thinking
pairs_arith_v2.csv,1109,arithmetic,gsm8k_test_0123,train,retain,H1_same_topic,svamp
pairs_arith_v2.csv,1110,arithmetic,gsm8k_test_0123,train,retain,H3_predating,asdiv
pairs_arith_v2.csv,1111,arithmetic,gsm8k_test_0123,train,retain,R_random,truthfulqa
pairs_arith_v2.csv,1120,arithmetic,gsm8k_test_0125,train,remove,C0_exact,gsm8k_copy
pairs_arith_v2.csv,1121,arithmetic,gsm8k_test_0125,train,remove,C1_transformed,lmsys_rephrase
pairs_arith_v2.csv,1122,arithmetic,gsm8k_test_0125,train,remove,C2_answer_bearing,gsm8k_solution_frag
pairs_arith_v2.csv,1123,arithmetic,gsm8k_test_0125,train,retain,H2_same_template,gsmplus_numerical_substitution
pairs_arith_v2.csv,1124,arithmetic,gsm8k_test_0125,train,remove,C1_transformed,gsmplus_problem_understanding
pairs_arith_v2.csv,1125,arithmetic,gsm8k_test_0125,train,retain,H2_same_template,gsmplus_critical_thinking
pairs_arith_v2.csv,1126,arithmetic,gsm8k_test_0125,train,retain,H1_same_topic,svamp
pairs_arith_v2.csv,1127,arithmetic,gsm8k_test_0125,train,retain,H3_predating,asdiv
pairs_arith_v2.csv,1128,arithmetic,gsm8k_test_0125,train,retain,R_random,truthfulqa
pairs_arith_v2.csv,1138,arithmetic,gsm8k_test_0127,train,remove,C0_exact,gsm8k_copy
pairs_arith_v2.csv,1139,arithmetic,gsm8k_test_0127,train,remove,C1_transformed,lmsys_rephrase
pairs_arith_v2.csv,1140,arithmetic,gsm8k_test_0127,train,remove,C2_answer_bearing,gsm8k_solution_frag
pairs_arith_v2.csv,1141,arithmetic,gsm8k_test_0127,train,retain,H2_same_template,gsmplus_numerical_substitution
pairs_arith_v2.csv,1142,arithmetic,gsm8k_test_0127,train,remove,C1_transformed,gsmplus_problem_understanding
pairs_arith_v2.csv,1143,arithmetic,gsm8k_test_0127,train,retain,H2_same_template,gsmplus_critical_thinking
pairs_arith_v2.csv,1144,arithmetic,gsm8k_test_0127,train,retain,H1_same_topic,svamp
pairs_arith_v2.csv,1145,arithmetic,gsm8k_test_0127,train,retain,H3_predating,asdiv
pairs_arith_v2.csv,1146,arithmetic,gsm8k_test_0127,train,retain,R_random,truthfulqa
pairs_arith_v2.csv,1147,arithmetic,gsm8k_test_0128,train,remove,C0_exact,gsm8k_copy
pairs_arith_v2.csv,1148,arithmetic,gsm8k_test_0128,train,remove,C1_transformed,lmsys_rephrase
pairs_arith_v2.csv,1149,arithmetic,gsm8k_test_0128,train,remove,C2_answer_bearing,gsm8k_solution_frag
pairs_arith_v2.csv,1150,arithmetic,gsm8k_test_0128,train,retain,H2_same_template,gsmplus_numerical_substitution
pairs_arith_v2.csv,1151,arithmetic,gsm8k_test_0128,train,remove,C1_transformed,gsmplus_problem_understanding
pairs_arith_v2.csv,1152,arithmetic,gsm8k_test_0128,train,retain,H2_same_template,gsmplus_critical_thinking
pairs_arith_v2.csv,1153,arithmetic,gsm8k_test_0128,train,retain,H1_same_topic,svamp
pairs_arith_v2.csv,1154,arithmetic,gsm8k_test_0128,train,retain,H3_predating,asdiv
pairs_arith_v2.csv,1155,arithmetic,gsm8k_test_0128,train,retain,R_random,truthfulqa
pairs_arith_v2.csv,1156,arithmetic,gsm8k_test_0129,train,remove,C0_exact,gsm8k_copy
pairs_arith_v2.csv,1157,arithmetic,gsm8k_test_0129,train,remove,C1_transformed,lmsys_rephrase
pairs_arith_v2.csv,1158,arithmetic,gsm8k_test_0129,train,remove,C2_answer_bearing,gsm8k_solution_frag
pairs_arith_v2.csv,1159,arithmetic,gsm8k_test_0129,train,retain,H2_same_template,gsmplus_numerical_substitution
pairs_arith_v2.csv,1160,arithmetic,gsm8k_test_0129,train,remove,C1_transformed,gsmplus_problem_understanding
pairs_arith_v2.csv,1161,arithmetic,gsm8k_test_0129,train,retain,H2_same_template,gsmplus_critical_thinking
pairs_arith_v2.csv,1162,arithmetic,gsm8k_test_0129,train,retain,H1_same_topic,svamp
pairs_arith_v2.csv,1163,arithmetic,gsm8k_test_0129,train,retain,H3_predating,asdiv
pairs_arith_v2.csv,1164,arithmetic,gsm8k_test_0129,train,retain,R_random,truthfulqa
pairs_arith_v2.csv,1165,arithmetic,gsm8k_test_0130,train,remove,C0_exact,gsm8k_copy
pairs_arith_v2.csv,1166,arithmetic,gsm8k_test_0130,train,remove,C1_transformed,lmsys_rephrase
pairs_arith_v2.csv,1167,arithmetic,gsm8k_test_0130,train,remove,C2_answer_bearing,gsm8k_solution_frag
pairs_arith_v2.csv,1168,arithmetic,gsm8k_test_0130,train,retain,H2_same_template,gsmplus_numerical_substitution
pairs_arith_v2.csv,1169,arithmetic,gsm8k_test_0130,train,remove,C1_transformed,gsmplus_problem_understanding
pairs_arith_v2.csv,1170,arithmetic,gsm8k_test_0130,train,retain,H2_same_template,gsmplus_critical_thinking
pairs_arith_v2.csv,1171,arithmetic,gsm8k_test_0130,train,retain,H1_same_topic,svamp
pairs_arith_v2.csv,1172,arithmetic,gsm8k_test_0130,train,retain,H3_predating,asdiv
pairs_arith_v2.csv,1173,arithmetic,gsm8k_test_0130,train,retain,R_random,truthfulqa
pairs_arith_v2.csv,1191,arithmetic,gsm8k_test_0133,train,remove,C0_exact,gsm8k_copy
pairs_arith_v2.csv,1192,arithmetic,gsm8k_test_0133,train,remove,C1_transformed,lmsys_rephrase
pairs_arith_v2.csv,1193,arithmetic,gsm8k_test_0133,train,remove,C2_answer_bearing,gsm8k_solution_frag
pairs_arith_v2.csv,1194,arithmetic,gsm8k_test_0133,train,retain,H2_same_template,gsmplus_numerical_substitution
pairs_arith_v2.csv,1195,arithmetic,gsm8k_test_0133,train,remove,C1_transformed,gsmplus_problem_understanding
pairs_arith_v2.csv,1196,arithmetic,gsm8k_test_0133,train,retain,H2_same_template,gsmplus_critical_thinking
pairs_arith_v2.csv,1197,arithmetic,gsm8k_test_0133,train,retain,H1_same_topic,svamp
pairs_arith_v2.csv,1198,arithmetic,gsm8k_test_0133,train,retain,H3_predating,asdiv
pairs_arith_v2.csv,1199,arithmetic,gsm8k_test_0133,train,retain,R_random,truthfulqa
pairs_arith_v2.csv,1287,arithmetic,gsm8k_test_0144,train,remove,C0_exact,gsm8k_copy
pairs_arith_v2.csv,1288,arithmetic,gsm8k_test_0144,train,remove,C1_transformed,lmsys_rephrase
pairs_arith_v2.csv,1289,arithmetic,gsm8k_test_0144,train,remove,C2_answer_bearing,gsm8k_solution_frag
pairs_arith_v2.csv,1290,arithmetic,gsm8k_test_0144,train,retain,H2_same_template,gsmplus_numerical_substitution
pairs_arith_v2.csv,1291,arithmetic,gsm8k_test_0144,train,remove,C1_transformed,gsmplus_problem_understanding
pairs_arith_v2.csv,1292,arithmetic,gsm8k_test_0144,train,retain,H2_same_template,gsmplus_critical_thinking
pairs_arith_v2.csv,1293,arithmetic,gsm8k_test_0144,train,retain,H1_same_topic,svamp
pairs_arith_v2.csv,1294,arithmetic,gsm8k_test_0144,train,retain,H3_predating,asdiv
pairs_arith_v2.csv,1295,arithmetic,gsm8k_test_0144,train,retain,R_random,truthfulqa
pairs_arith_v2.csv,1296,arithmetic,gsm8k_test_0145,train,remove,C0_exact,gsm8k_copy
pairs_arith_v2.csv,1297,arithmetic,gsm8k_test_0145,train,remove,C1_transformed,lmsys_rephrase
pairs_arith_v2.csv,1298,arithmetic,gsm8k_test_0145,train,remove,C2_answer_bearing,gsm8k_solution_frag
pairs_arith_v2.csv,1299,arithmetic,gsm8k_test_0145,train,retain,H2_same_template,gsmplus_numerical_substitution
pairs_arith_v2.csv,1300,arithmetic,gsm8k_test_0145,train,remove,C1_transformed,gsmplus_problem_understanding
pairs_arith_v2.csv,1301,arithmetic,gsm8k_test_0145,train,retain,H2_same_template,gsmplus_critical_thinking
pairs_arith_v2.csv,1302,arithmetic,gsm8k_test_0145,train,retain,H1_same_topic,svamp
pairs_arith_v2.csv,1303,arithmetic,gsm8k_test_0145,train,retain,H3_predating,asdiv
pairs_arith_v2.csv,1304,arithmetic,gsm8k_test_0145,train,retain,R_random,truthfulqa
pairs_arith_v2.csv,1314,arithmetic,gsm8k_test_0147,train,remove,C0_exact,gsm8k_copy
pairs_arith_v2.csv,1315,arithmetic,gsm8k_test_0147,train,remove,C1_transformed,lmsys_rephrase
pairs_arith_v2.csv,1316,arithmetic,gsm8k_test_0147,train,remove,C2_answer_bearing,gsm8k_solution_frag
pairs_arith_v2.csv,1317,arithmetic,gsm8k_test_0147,train,retain,H2_same_template,gsmplus_numerical_substitution
pairs_arith_v2.csv,1318,arithmetic,gsm8k_test_0147,train,remove,C1_transformed,gsmplus_problem_understanding
pairs_arith_v2.csv,1319,arithmetic,gsm8k_test_0147,train,retain,H2_same_template,gsmplus_critical_thinking
pairs_arith_v2.csv,1320,arithmetic,gsm8k_test_0147,train,retain,H1_same_topic,svamp
pairs_arith_v2.csv,1321,arithmetic,gsm8k_test_0147,train,retain,H3_predating,asdiv
pairs_arith_v2.csv,1322,arithmetic,gsm8k_test_0147,train,retain,R_random,truthfulqa
pairs_arith_v2.csv,1340,arithmetic,gsm8k_test_0150,train,remove,C0_exact,gsm8k_copy
pairs_arith_v2.csv,1341,arithmetic,gsm8k_test_0150,train,remove,C1_transformed,lmsys_rephrase
pairs_arith_v2.csv,1342,arithmetic,gsm8k_test_0150,train,remove,C2_answer_bearing,gsm8k_solution_frag
pairs_arith_v2.csv,1343,arithmetic,gsm8k_test_0150,train,retain,H2_same_template,gsmplus_numerical_substitution
pairs_arith_v2.csv,1344,arithmetic,gsm8k_test_0150,train,remove,C1_transformed,gsmplus_problem_understanding
pairs_arith_v2.csv,1345,arithmetic,gsm8k_test_0150,train,retain,H2_same_template,gsmplus_critical_thinking
pairs_arith_v2.csv,1346,arithmetic,gsm8k_test_0150,train,retain,H1_same_topic,svamp
pairs_arith_v2.csv,1347,arithmetic,gsm8k_test_0150,train,retain,H3_predating,asdiv
pairs_arith_v2.csv,1348,arithmetic,gsm8k_test_0150,train,retain,R_random,truthfulqa
pairs_arith_v2.csv,1403,arithmetic,gsm8k_test_0157,train,remove,C0_exact,gsm8k_copy
pairs_arith_v2.csv,1404,arithmetic,gsm8k_test_0157,train,remove,C1_transformed,lmsys_rephrase
pairs_arith_v2.csv,1405,arithmetic,gsm8k_test_0157,train,remove,C2_answer_bearing,gsm8k_solution_frag
pairs_arith_v2.csv,1406,arithmetic,gsm8k_test_0157,train,retain,H2_same_template,gsmplus_numerical_substitution
pairs_arith_v2.csv,1407,arithmetic,gsm8k_test_0157,train,remove,C1_transformed,gsmplus_problem_understanding
pairs_arith_v2.csv,1408,arithmetic,gsm8k_test_0157,train,retain,H2_same_template,gsmplus_critical_thinking
pairs_arith_v2.csv,1409,arithmetic,gsm8k_test_0157,train,retain,H1_same_topic,svamp
pairs_arith_v2.csv,1410,arithmetic,gsm8k_test_0157,train,retain,H3_predating,asdiv
pairs_arith_v2.csv,1411,arithmetic,gsm8k_test_0157,train,retain,R_random,truthfulqa
pairs_arith_v2.csv,1456,arithmetic,gsm8k_test_0163,train,remove,C0_exact,gsm8k_copy
pairs_arith_v2.csv,1457,arithmetic,gsm8k_test_0163,train,remove,C1_transformed,lmsys_rephrase
pairs_arith_v2.csv,1458,arithmetic,gsm8k_test_0163,train,remove,C2_answer_bearing,gsm8k_solution_frag
pairs_arith_v2.csv,1459,arithmetic,gsm8k_test_0163,train,retain,H2_same_template,gsmplus_numerical_substitution
pairs_arith_v2.csv,1460,arithmetic,gsm8k_test_0163,train,remove,C1_transformed,gsmplus_problem_understanding
pairs_arith_v2.csv,1461,arithmetic,gsm8k_test_0163,train,retain,H2_same_template,gsmplus_critical_thinking
pairs_arith_v2.csv,1462,arithmetic,gsm8k_test_0163,train,retain,H1_same_topic,svamp
pairs_arith_v2.csv,1463,arithmetic,gsm8k_test_0163,train,retain,H3_predating,asdiv
pairs_arith_v2.csv,1464,arithmetic,gsm8k_test_0163,train,retain,R_random,truthfulqa
pairs_arith_v2.csv,1474,arithmetic,gsm8k_test_0165,train,remove,C0_exact,gsm8k_copy
pairs_arith_v2.csv,1475,arithmetic,gsm8k_test_0165,train,remove,C1_transformed,lmsys_rephrase
pairs_arith_v2.csv,1476,arithmetic,gsm8k_test_0165,train,remove,C2_answer_bearing,gsm8k_solution_frag
pairs_arith_v2.csv,1477,arithmetic,gsm8k_test_0165,train,retain,H2_same_template,gsmplus_numerical_substitution
pairs_arith_v2.csv,1478,arithmetic,gsm8k_test_0165,train,remove,C1_transformed,gsmplus_problem_understanding
pairs_arith_v2.csv,1479,arithmetic,gsm8k_test_0165,train,retain,H2_same_template,gsmplus_critical_thinking
pairs_arith_v2.csv,1480,arithmetic,gsm8k_test_0165,train,retain,H1_same_topic,svamp
pairs_arith_v2.csv,1481,arithmetic,gsm8k_test_0165,train,retain,H3_predating,asdiv
pairs_arith_v2.csv,1482,arithmetic,gsm8k_test_0165,train,retain,R_random,truthfulqa
pairs_arith_v2.csv,1500,arithmetic,gsm8k_test_0168,train,remove,C0_exact,gsm8k_copy
pairs_arith_v2.csv,1501,arithmetic,gsm8k_test_0168,train,remove,C1_transformed,lmsys_rephrase
pairs_arith_v2.csv,1502,arithmetic,gsm8k_test_0168,train,remove,C2_answer_bearing,gsm8k_solution_frag
pairs_arith_v2.csv,1503,arithmetic,gsm8k_test_0168,train,retain,H2_same_template,gsmplus_numerical_substitution
pairs_arith_v2.csv,1504,arithmetic,gsm8k_test_0168,train,remove,C1_transformed,gsmplus_problem_understanding
pairs_arith_v2.csv,1505,arithmetic,gsm8k_test_0168,train,retain,H2_same_template,gsmplus_critical_thinking
pairs_arith_v2.csv,1506,arithmetic,gsm8k_test_0168,train,retain,H1_same_topic,svamp
pairs_arith_v2.csv,1507,arithmetic,gsm8k_test_0168,train,retain,H3_predating,asdiv
pairs_arith_v2.csv,1508,arithmetic,gsm8k_test_0168,train,retain,R_random,truthfulqa
pairs_arith_v2.csv,1509,arithmetic,gsm8k_test_0169,train,remove,C0_exact,gsm8k_copy
pairs_arith_v2.csv,1510,arithmetic,gsm8k_test_0169,train,remove,C1_transformed,lmsys_rephrase
pairs_arith_v2.csv,1511,arithmetic,gsm8k_test_0169,train,remove,C2_answer_bearing,gsm8k_solution_frag
pairs_arith_v2.csv,1512,arithmetic,gsm8k_test_0169,train,retain,H2_same_template,gsmplus_numerical_substitution
pairs_arith_v2.csv,1513,arithmetic,gsm8k_test_0169,train,remove,C1_transformed,gsmplus_problem_understanding
pairs_arith_v2.csv,1514,arithmetic,gsm8k_test_0169,train,retain,H2_same_template,gsmplus_critical_thinking
pairs_arith_v2.csv,1515,arithmetic,gsm8k_test_0169,train,retain,H1_same_topic,svamp
pairs_arith_v2.csv,1516,arithmetic,gsm8k_test_0169,train,retain,H3_predating,asdiv
pairs_arith_v2.csv,1517,arithmetic,gsm8k_test_0169,train,retain,R_random,truthfulqa
pairs_arith_v2.csv,1518,arithmetic,gsm8k_test_0170,train,remove,C0_exact,gsm8k_copy
pairs_arith_v2.csv,1519,arithmetic,gsm8k_test_0170,train,remove,C1_transformed,lmsys_rephrase
pairs_arith_v2.csv,1520,arithmetic,gsm8k_test_0170,train,remove,C2_answer_bearing,gsm8k_solution_frag
pairs_arith_v2.csv,1521,arithmetic,gsm8k_test_0170,train,retain,H2_same_template,gsmplus_numerical_substitution
pairs_arith_v2.csv,1522,arithmetic,gsm8k_test_0170,train,remove,C1_transformed,gsmplus_problem_understanding
pairs_arith_v2.csv,1523,arithmetic,gsm8k_test_0170,train,retain,H2_same_template,gsmplus_critical_thinking
pairs_arith_v2.csv,1524,arithmetic,gsm8k_test_0170,train,retain,H1_same_topic,svamp
pairs_arith_v2.csv,1525,arithmetic,gsm8k_test_0170,train,retain,H3_predating,asdiv
pairs_arith_v2.csv,1526,arithmetic,gsm8k_test_0170,train,retain,R_random,truthfulqa
pairs_arith_v2.csv,1527,arithmetic,gsm8k_test_0171,train,remove,C0_exact,gsm8k_copy
pairs_arith_v2.csv,1528,arithmetic,gsm8k_test_0171,train,remove,C1_transformed,lmsys_rephrase
pairs_arith_v2.csv,1529,arithmetic,gsm8k_test_0171,train,remove,C2_answer_bearing,gsm8k_solution_frag
pairs_arith_v2.csv,1530,arithmetic,gsm8k_test_0171,train,retain,H2_same_template,gsmplus_numerical_substitution
pairs_arith_v2.csv,1531,arithmetic,gsm8k_test_0171,train,remove,C1_transformed,gsmplus_problem_understanding
pairs_arith_v2.csv,1532,arithmetic,gsm8k_test_0171,train,retain,H2_same_template,gsmplus_critical_thinking
pairs_arith_v2.csv,1533,arithmetic,gsm8k_test_0171,train,retain,H1_same_topic,svamp
pairs_arith_v2.csv,1534,arithmetic,gsm8k_test_0171,train,retain,H3_predating,asdiv
pairs_arith_v2.csv,1535,arithmetic,gsm8k_test_0171,train,retain,R_random,truthfulqa
pairs_arith_v2.csv,1536,arithmetic,gsm8k_test_0172,train,remove,C0_exact,gsm8k_copy
pairs_arith_v2.csv,1537,arithmetic,gsm8k_test_0172,train,remove,C1_transformed,lmsys_rephrase
pairs_arith_v2.csv,1538,arithmetic,gsm8k_test_0172,train,remove,C2_answer_bearing,gsm8k_solution_frag
pairs_arith_v2.csv,1539,arithmetic,gsm8k_test_0172,train,retain,H2_same_template,gsmplus_numerical_substitution
pairs_arith_v2.csv,1540,arithmetic,gsm8k_test_0172,train,remove,C1_transformed,gsmplus_problem_understanding
pairs_arith_v2.csv,1541,arithmetic,gsm8k_test_0172,train,retain,H2_same_template,gsmplus_critical_thinking
pairs_arith_v2.csv,1542,arithmetic,gsm8k_test_0172,train,retain,H1_same_topic,svamp
pairs_arith_v2.csv,1543,arithmetic,gsm8k_test_0172,train,retain,H3_predating,asdiv
pairs_arith_v2.csv,1544,arithmetic,gsm8k_test_0172,train,retain,R_random,truthfulqa
pairs_arith_v2.csv,1545,arithmetic,gsm8k_test_0173,train,remove,C0_exact,gsm8k_copy
pairs_arith_v2.csv,1546,arithmetic,gsm8k_test_0173,train,remove,C1_transformed,lmsys_rephrase
pairs_arith_v2.csv,1547,arithmetic,gsm8k_test_0173,train,remove,C2_answer_bearing,gsm8k_solution_frag
pairs_arith_v2.csv,1548,arithmetic,gsm8k_test_0173,train,retain,H2_same_template,gsmplus_numerical_substitution
pairs_arith_v2.csv,1549,arithmetic,gsm8k_test_0173,train,remove,C1_transformed,gsmplus_problem_understanding
pairs_arith_v2.csv,1550,arithmetic,gsm8k_test_0173,train,retain,H2_same_template,gsmplus_critical_thinking
pairs_arith_v2.csv,1551,arithmetic,gsm8k_test_0173,train,retain,H1_same_topic,svamp
pairs_arith_v2.csv,1552,arithmetic,gsm8k_test_0173,train,retain,H3_predating,asdiv
pairs_arith_v2.csv,1553,arithmetic,gsm8k_test_0173,train,retain,R_random,truthfulqa
pairs_arith_v2.csv,1563,arithmetic,gsm8k_test_0175,train,remove,C0_exact,gsm8k_copy
pairs_arith_v2.csv,1564,arithmetic,gsm8k_test_0175,train,remove,C1_transformed,lmsys_rephrase
pairs_arith_v2.csv,1565,arithmetic,gsm8k_test_0175,train,remove,C2_answer_bearing,gsm8k_solution_frag
pairs_arith_v2.csv,1566,arithmetic,gsm8k_test_0175,train,retain,H2_same_template,gsmplus_numerical_substitution
pairs_arith_v2.csv,1567,arithmetic,gsm8k_test_0175,train,remove,C1_transformed,gsmplus_problem_understanding
pairs_arith_v2.csv,1568,arithmetic,gsm8k_test_0175,train,retain,H2_same_template,gsmplus_critical_thinking
pairs_arith_v2.csv,1569,arithmetic,gsm8k_test_0175,train,retain,H1_same_topic,svamp
pairs_arith_v2.csv,1570,arithmetic,gsm8k_test_0175,train,retain,H3_predating,asdiv
pairs_arith_v2.csv,1571,arithmetic,gsm8k_test_0175,train,retain,R_random,truthfulqa
pairs_arith_v2.csv,1590,arithmetic,gsm8k_test_0178,train,remove,C0_exact,gsm8k_copy
pairs_arith_v2.csv,1591,arithmetic,gsm8k_test_0178,train,remove,C1_transformed,lmsys_rephrase
pairs_arith_v2.csv,1592,arithmetic,gsm8k_test_0178,train,remove,C2_answer_bearing,gsm8k_solution_frag
pairs_arith_v2.csv,1593,arithmetic,gsm8k_test_0178,train,retain,H2_same_template,gsmplus_numerical_substitution
pairs_arith_v2.csv,1594,arithmetic,gsm8k_test_0178,train,remove,C1_transformed,gsmplus_problem_understanding
pairs_arith_v2.csv,1595,arithmetic,gsm8k_test_0178,train,retain,H2_same_template,gsmplus_critical_thinking
pairs_arith_v2.csv,1596,arithmetic,gsm8k_test_0178,train,retain,H1_same_topic,svamp
pairs_arith_v2.csv,1597,arithmetic,gsm8k_test_0178,train,retain,H3_predating,asdiv
pairs_arith_v2.csv,1598,arithmetic,gsm8k_test_0178,train,retain,R_random,truthfulqa
pairs_arith_v2.csv,1599,arithmetic,gsm8k_test_0179,train,remove,C0_exact,gsm8k_copy
pairs_arith_v2.csv,1600,arithmetic,gsm8k_test_0179,train,remove,C1_transformed,lmsys_rephrase
pairs_arith_v2.csv,1601,arithmetic,gsm8k_test_0179,train,remove,C2_answer_bearing,gsm8k_solution_frag
pairs_arith_v2.csv,1602,arithmetic,gsm8k_test_0179,train,retain,H2_same_template,gsmplus_numerical_substitution
pairs_arith_v2.csv,1603,arithmetic,gsm8k_test_0179,train,remove,C1_transformed,gsmplus_problem_understanding
pairs_arith_v2.csv,1604,arithmetic,gsm8k_test_0179,train,retain,H2_same_template,gsmplus_critical_thinking
pairs_arith_v2.csv,1605,arithmetic,gsm8k_test_0179,train,retain,H1_same_topic,svamp
pairs_arith_v2.csv,1606,arithmetic,gsm8k_test_0179,train,retain,H3_predating,asdiv
pairs_arith_v2.csv,1607,arithmetic,gsm8k_test_0179,train,retain,R_random,truthfulqa
pairs_arith_v2.csv,1644,arithmetic,gsm8k_test_0184,train,remove,C0_exact,gsm8k_copy
pairs_arith_v2.csv,1645,arithmetic,gsm8k_test_0184,train,remove,C1_transformed,lmsys_rephrase
pairs_arith_v2.csv,1646,arithmetic,gsm8k_test_0184,train,remove,C2_answer_bearing,gsm8k_solution_frag
pairs_arith_v2.csv,1647,arithmetic,gsm8k_test_0184,train,retain,H2_same_template,gsmplus_numerical_substitution
pairs_arith_v2.csv,1648,arithmetic,gsm8k_test_0184,train,remove,C1_transformed,gsmplus_problem_understanding
pairs_arith_v2.csv,1649,arithmetic,gsm8k_test_0184,train,retain,H2_same_template,gsmplus_critical_thinking
pairs_arith_v2.csv,1650,arithmetic,gsm8k_test_0184,train,retain,H1_same_topic,svamp
pairs_arith_v2.csv,1651,arithmetic,gsm8k_test_0184,train,retain,H3_predating,asdiv
pairs_arith_v2.csv,1652,arithmetic,gsm8k_test_0184,train,retain,R_random,truthfulqa
pairs_arith_v2.csv,1662,arithmetic,gsm8k_test_0186,train,remove,C0_exact,gsm8k_copy
pairs_arith_v2.csv,1663,arithmetic,gsm8k_test_0186,train,remove,C1_transformed,lmsys_rephrase
pairs_arith_v2.csv,1664,arithmetic,gsm8k_test_0186,train,remove,C2_answer_bearing,gsm8k_solution_frag
pairs_arith_v2.csv,1665,arithmetic,gsm8k_test_0186,train,retain,H2_same_template,gsmplus_numerical_substitution
pairs_arith_v2.csv,1666,arithmetic,gsm8k_test_0186,train,remove,C1_transformed,gsmplus_problem_understanding
pairs_arith_v2.csv,1667,arithmetic,gsm8k_test_0186,train,retain,H2_same_template,gsmplus_critical_thinking
pairs_arith_v2.csv,1668,arithmetic,gsm8k_test_0186,train,retain,H1_same_topic,svamp
pairs_arith_v2.csv,1669,arithmetic,gsm8k_test_0186,train,retain,H3_predating,asdiv
pairs_arith_v2.csv,1670,arithmetic,gsm8k_test_0186,train,retain,R_random,truthfulqa
pairs_arith_v2.csv,1688,arithmetic,gsm8k_test_0189,train,remove,C0_exact,gsm8k_copy
pairs_arith_v2.csv,1689,arithmetic,gsm8k_test_0189,train,remove,C1_transformed,lmsys_rephrase
pairs_arith_v2.csv,1690,arithmetic,gsm8k_test_0189,train,remove,C2_answer_bearing,gsm8k_solution_frag
pairs_arith_v2.csv,1691,arithmetic,gsm8k_test_0189,train,retain,H2_same_template,gsmplus_numerical_substitution
pairs_arith_v2.csv,1692,arithmetic,gsm8k_test_0189,train,remove,C1_transformed,gsmplus_problem_understanding
pairs_arith_v2.csv,1693,arithmetic,gsm8k_test_0189,train,retain,H2_same_template,gsmplus_critical_thinking
pairs_arith_v2.csv,1694,arithmetic,gsm8k_test_0189,train,retain,H1_same_topic,svamp
pairs_arith_v2.csv,1695,arithmetic,gsm8k_test_0189,train,retain,H3_predating,asdiv
pairs_arith_v2.csv,1696,arithmetic,gsm8k_test_0189,train,retain,R_random,truthfulqa
pairs_arith_v2.csv,1706,arithmetic,gsm8k_test_0191,train,remove,C0_exact,gsm8k_copy
pairs_arith_v2.csv,1707,arithmetic,gsm8k_test_0191,train,remove,C1_transformed,lmsys_rephrase
pairs_arith_v2.csv,1708,arithmetic,gsm8k_test_0191,train,remove,C2_answer_bearing,gsm8k_solution_frag
pairs_arith_v2.csv,1709,arithmetic,gsm8k_test_0191,train,retain,H2_same_template,gsmplus_numerical_substitution
pairs_arith_v2.csv,1710,arithmetic,gsm8k_test_0191,train,remove,C1_transformed,gsmplus_problem_understanding
pairs_arith_v2.csv,1711,arithmetic,gsm8k_test_0191,train,retain,H2_same_template,gsmplus_critical_thinking
pairs_arith_v2.csv,1712,arithmetic,gsm8k_test_0191,train,retain,H1_same_topic,svamp
pairs_arith_v2.csv,1713,arithmetic,gsm8k_test_0191,train,retain,H3_predating,asdiv
pairs_arith_v2.csv,1714,arithmetic,gsm8k_test_0191,train,retain,R_random,truthfulqa
pairs_arith_v2.csv,1733,arithmetic,gsm8k_test_0194,train,remove,C0_exact,gsm8k_copy
pairs_arith_v2.csv,1734,arithmetic,gsm8k_test_0194,train,remove,C1_transformed,lmsys_rephrase
pairs_arith_v2.csv,1735,arithmetic,gsm8k_test_0194,train,remove,C2_answer_bearing,gsm8k_solution_frag
pairs_arith_v2.csv,1736,arithmetic,gsm8k_test_0194,train,retain,H2_same_template,gsmplus_numerical_substitution
pairs_arith_v2.csv,1737,arithmetic,gsm8k_test_0194,train,remove,C1_transformed,gsmplus_problem_understanding
pairs_arith_v2.csv,1738,arithmetic,gsm8k_test_0194,train,retain,H2_same_template,gsmplus_critical_thinking
pairs_arith_v2.csv,1739,arithmetic,gsm8k_test_0194,train,retain,H1_same_topic,svamp
pairs_arith_v2.csv,1740,arithmetic,gsm8k_test_0194,train,retain,H3_predating,asdiv
pairs_arith_v2.csv,1741,arithmetic,gsm8k_test_0194,train,retain,R_random,truthfulqa
pairs_arith_v2.csv,1742,arithmetic,gsm8k_test_0195,train,remove,C0_exact,gsm8k_copy
pairs_arith_v2.csv,1743,arithmetic,gsm8k_test_0195,train,remove,C1_transformed,lmsys_rephrase
pairs_arith_v2.csv,1744,arithmetic,gsm8k_test_0195,train,remove,C2_answer_bearing,gsm8k_solution_frag
pairs_arith_v2.csv,1745,arithmetic,gsm8k_test_0195,train,retain,H2_same_template,gsmplus_numerical_substitution
pairs_arith_v2.csv,1746,arithmetic,gsm8k_test_0195,train,remove,C1_transformed,gsmplus_problem_understanding
pairs_arith_v2.csv,1747,arithmetic,gsm8k_test_0195,train,retain,H2_same_template,gsmplus_critical_thinking
pairs_arith_v2.csv,1748,arithmetic,gsm8k_test_0195,train,retain,H1_same_topic,svamp
pairs_arith_v2.csv,1749,arithmetic,gsm8k_test_0195,train,retain,H3_predating,asdiv
pairs_arith_v2.csv,1750,arithmetic,gsm8k_test_0195,train,retain,R_random,truthfulqa
pairs_arith_v2.csv,1751,arithmetic,gsm8k_test_0196,train,remove,C0_exact,gsm8k_copy
pairs_arith_v2.csv,1752,arithmetic,gsm8k_test_0196,train,remove,C1_transformed,lmsys_rephrase
pairs_arith_v2.csv,1753,arithmetic,gsm8k_test_0196,train,remove,C2_answer_bearing,gsm8k_solution_frag
pairs_arith_v2.csv,1754,arithmetic,gsm8k_test_0196,train,remove,C1_transformed,gsmplus_problem_understanding
pairs_arith_v2.csv,1755,arithmetic,gsm8k_test_0196,train,retain,H2_same_template,gsmplus_critical_thinking
pairs_arith_v2.csv,1756,arithmetic,gsm8k_test_0196,train,retain,H1_same_topic,svamp
pairs_arith_v2.csv,1757,arithmetic,gsm8k_test_0196,train,retain,H3_predating,asdiv
pairs_arith_v2.csv,1758,arithmetic,gsm8k_test_0196,train,retain,R_random,truthfulqa
pairs_arith_v2.csv,1813,arithmetic,gsm8k_test_0203,train,remove,C0_exact,gsm8k_copy
pairs_arith_v2.csv,1814,arithmetic,gsm8k_test_0203,train,remove,C1_transformed,lmsys_rephrase
pairs_arith_v2.csv,1815,arithmetic,gsm8k_test_0203,train,remove,C2_answer_bearing,gsm8k_solution_frag
pairs_arith_v2.csv,1816,arithmetic,gsm8k_test_0203,train,retain,H2_same_template,gsmplus_numerical_substitution
pairs_arith_v2.csv,1817,arithmetic,gsm8k_test_0203,train,remove,C1_transformed,gsmplus_problem_understanding
pairs_arith_v2.csv,1818,arithmetic,gsm8k_test_0203,train,retain,H2_same_template,gsmplus_critical_thinking
pairs_arith_v2.csv,1819,arithmetic,gsm8k_test_0203,train,retain,H1_same_topic,svamp
pairs_arith_v2.csv,1820,arithmetic,gsm8k_test_0203,train,retain,H3_predating,asdiv
pairs_arith_v2.csv,1821,arithmetic,gsm8k_test_0203,train,retain,R_random,truthfulqa
pairs_arith_v2.csv,1822,arithmetic,gsm8k_test_0204,train,remove,C0_exact,gsm8k_copy
pairs_arith_v2.csv,1823,arithmetic,gsm8k_test_0204,train,remove,C1_transformed,lmsys_rephrase
pairs_arith_v2.csv,1824,arithmetic,gsm8k_test_0204,train,remove,C2_answer_bearing,gsm8k_solution_frag
pairs_arith_v2.csv,1825,arithmetic,gsm8k_test_0204,train,retain,H2_same_template,gsmplus_numerical_substitution
pairs_arith_v2.csv,1826,arithmetic,gsm8k_test_0204,train,remove,C1_transformed,gsmplus_problem_understanding
pairs_arith_v2.csv,1827,arithmetic,gsm8k_test_0204,train,retain,H2_same_template,gsmplus_critical_thinking
pairs_arith_v2.csv,1828,arithmetic,gsm8k_test_0204,train,retain,H1_same_topic,svamp
pairs_arith_v2.csv,1829,arithmetic,gsm8k_test_0204,train,retain,H3_predating,asdiv
pairs_arith_v2.csv,1830,arithmetic,gsm8k_test_0204,train,retain,R_random,truthfulqa
pairs_arith_v2.csv,1831,arithmetic,gsm8k_test_0205,train,remove,C0_exact,gsm8k_copy
pairs_arith_v2.csv,1832,arithmetic,gsm8k_test_0205,train,remove,C1_transformed,lmsys_rephrase
pairs_arith_v2.csv,1833,arithmetic,gsm8k_test_0205,train,remove,C2_answer_bearing,gsm8k_solution_frag
pairs_arith_v2.csv,1834,arithmetic,gsm8k_test_0205,train,retain,H2_same_template,gsmplus_numerical_substitution
pairs_arith_v2.csv,1835,arithmetic,gsm8k_test_0205,train,remove,C1_transformed,gsmplus_problem_understanding
pairs_arith_v2.csv,1836,arithmetic,gsm8k_test_0205,train,retain,H2_same_template,gsmplus_critical_thinking
pairs_arith_v2.csv,1837,arithmetic,gsm8k_test_0205,train,retain,H1_same_topic,svamp
pairs_arith_v2.csv,1838,arithmetic,gsm8k_test_0205,train,retain,H3_predating,asdiv
pairs_arith_v2.csv,1839,arithmetic,gsm8k_test_0205,train,retain,R_random,truthfulqa
pairs_arith_v2.csv,1840,arithmetic,gsm8k_test_0206,train,remove,C0_exact,gsm8k_copy
pairs_arith_v2.csv,1841,arithmetic,gsm8k_test_0206,train,remove,C1_transformed,lmsys_rephrase
pairs_arith_v2.csv,1842,arithmetic,gsm8k_test_0206,train,remove,C2_answer_bearing,gsm8k_solution_frag
pairs_arith_v2.csv,1843,arithmetic,gsm8k_test_0206,train,retain,H2_same_template,gsmplus_numerical_substitution
pairs_arith_v2.csv,1844,arithmetic,gsm8k_test_0206,train,remove,C1_transformed,gsmplus_problem_understanding
pairs_arith_v2.csv,1845,arithmetic,gsm8k_test_0206,train,retain,H2_same_template,gsmplus_critical_thinking
pairs_arith_v2.csv,1846,arithmetic,gsm8k_test_0206,train,retain,H1_same_topic,svamp
pairs_arith_v2.csv,1847,arithmetic,gsm8k_test_0206,train,retain,H3_predating,asdiv
pairs_arith_v2.csv,1848,arithmetic,gsm8k_test_0206,train,retain,R_random,truthfulqa
pairs_arith_v2.csv,1849,arithmetic,gsm8k_test_0207,train,remove,C0_exact,gsm8k_copy
pairs_arith_v2.csv,1850,arithmetic,gsm8k_test_0207,train,remove,C1_transformed,lmsys_rephrase
pairs_arith_v2.csv,1851,arithmetic,gsm8k_test_0207,train,remove,C2_answer_bearing,gsm8k_solution_frag
pairs_arith_v2.csv,1852,arithmetic,gsm8k_test_0207,train,retain,H2_same_template,gsmplus_numerical_substitution
pairs_arith_v2.csv,1853,arithmetic,gsm8k_test_0207,train,remove,C1_transformed,gsmplus_problem_understanding
pairs_arith_v2.csv,1854,arithmetic,gsm8k_test_0207,train,retain,H2_same_template,gsmplus_critical_thinking
pairs_arith_v2.csv,1855,arithmetic,gsm8k_test_0207,train,retain,H1_same_topic,svamp
pairs_arith_v2.csv,1856,arithmetic,gsm8k_test_0207,train,retain,H3_predating,asdiv
pairs_arith_v2.csv,1857,arithmetic,gsm8k_test_0207,train,retain,R_random,truthfulqa
pairs_arith_v2.csv,1876,arithmetic,gsm8k_test_0210,train,remove,C0_exact,gsm8k_copy
pairs_arith_v2.csv,1877,arithmetic,gsm8k_test_0210,train,remove,C1_transformed,lmsys_rephrase
pairs_arith_v2.csv,1878,arithmetic,gsm8k_test_0210,train,remove,C2_answer_bearing,gsm8k_solution_frag
pairs_arith_v2.csv,1879,arithmetic,gsm8k_test_0210,train,retain,H2_same_template,gsmplus_numerical_substitution
pairs_arith_v2.csv,1880,arithmetic,gsm8k_test_0210,train,remove,C1_transformed,gsmplus_problem_understanding
pairs_arith_v2.csv,1881,arithmetic,gsm8k_test_0210,train,retain,H2_same_template,gsmplus_critical_thinking
pairs_arith_v2.csv,1882,arithmetic,gsm8k_test_0210,train,retain,H1_same_topic,svamp
pairs_arith_v2.csv,1883,arithmetic,gsm8k_test_0210,train,retain,H3_predating,asdiv
pairs_arith_v2.csv,1884,arithmetic,gsm8k_test_0210,train,retain,R_random,truthfulqa
pairs_arith_v2.csv,1885,arithmetic,gsm8k_test_0211,train,remove,C0_exact,gsm8k_copy
pairs_arith_v2.csv,1886,arithmetic,gsm8k_test_0211,train,remove,C1_transformed,lmsys_rephrase
pairs_arith_v2.csv,1887,arithmetic,gsm8k_test_0211,train,remove,C2_answer_bearing,gsm8k_solution_frag
pairs_arith_v2.csv,1888,arithmetic,gsm8k_test_0211,train,remove,C1_transformed,gsmplus_problem_understanding
pairs_arith_v2.csv,1889,arithmetic,gsm8k_test_0211,train,retain,H2_same_template,gsmplus_critical_thinking
pairs_arith_v2.csv,1890,arithmetic,gsm8k_test_0211,train,retain,H1_same_topic,svamp
pairs_arith_v2.csv,1891,arithmetic,gsm8k_test_0211,train,retain,H3_predating,asdiv
pairs_arith_v2.csv,1892,arithmetic,gsm8k_test_0211,train,retain,R_random,truthfulqa
pairs_arith_v2.csv,1893,arithmetic,gsm8k_test_0212,train,remove,C0_exact,gsm8k_copy
pairs_arith_v2.csv,1894,arithmetic,gsm8k_test_0212,train,remove,C1_transformed,lmsys_rephrase
pairs_arith_v2.csv,1895,arithmetic,gsm8k_test_0212,train,remove,C2_answer_bearing,gsm8k_solution_frag
pairs_arith_v2.csv,1896,arithmetic,gsm8k_test_0212,train,retain,H2_same_template,gsmplus_numerical_substitution
pairs_arith_v2.csv,1897,arithmetic,gsm8k_test_0212,train,remove,C1_transformed,gsmplus_problem_understanding
pairs_arith_v2.csv,1898,arithmetic,gsm8k_test_0212,train,retain,H2_same_template,gsmplus_critical_thinking
pairs_arith_v2.csv,1899,arithmetic,gsm8k_test_0212,train,retain,H1_same_topic,svamp
pairs_arith_v2.csv,1900,arithmetic,gsm8k_test_0212,train,retain,H3_predating,asdiv
pairs_arith_v2.csv,1901,arithmetic,gsm8k_test_0212,train,retain,R_random,truthfulqa
pairs_arith_v2.csv,1902,arithmetic,gsm8k_test_0213,train,remove,C0_exact,gsm8k_copy
pairs_arith_v2.csv,1903,arithmetic,gsm8k_test_0213,train,remove,C1_transformed,lmsys_rephrase
pairs_arith_v2.csv,1904,arithmetic,gsm8k_test_0213,train,remove,C2_answer_bearing,gsm8k_solution_frag
pairs_arith_v2.csv,1905,arithmetic,gsm8k_test_0213,train,retain,H2_same_template,gsmplus_numerical_substitution
pairs_arith_v2.csv,1906,arithmetic,gsm8k_test_0213,train,remove,C1_transformed,gsmplus_problem_understanding
pairs_arith_v2.csv,1907,arithmetic,gsm8k_test_0213,train,retain,H2_same_template,gsmplus_critical_thinking
pairs_arith_v2.csv,1908,arithmetic,gsm8k_test_0213,train,retain,H1_same_topic,svamp
pairs_arith_v2.csv,1909,arithmetic,gsm8k_test_0213,train,retain,H3_predating,asdiv
pairs_arith_v2.csv,1910,arithmetic,gsm8k_test_0213,train,retain,R_random,truthfulqa
pairs_arith_v2.csv,1911,arithmetic,gsm8k_test_0214,train,remove,C0_exact,gsm8k_copy
pairs_arith_v2.csv,1912,arithmetic,gsm8k_test_0214,train,remove,C1_transformed,lmsys_rephrase
pairs_arith_v2.csv,1913,arithmetic,gsm8k_test_0214,train,remove,C2_answer_bearing,gsm8k_solution_frag
pairs_arith_v2.csv,1914,arithmetic,gsm8k_test_0214,train,retain,H2_same_template,gsmplus_numerical_substitution
pairs_arith_v2.csv,1915,arithmetic,gsm8k_test_0214,train,remove,C1_transformed,gsmplus_problem_understanding
pairs_arith_v2.csv,1916,arithmetic,gsm8k_test_0214,train,retain,H2_same_template,gsmplus_critical_thinking
pairs_arith_v2.csv,1917,arithmetic,gsm8k_test_0214,train,retain,H1_same_topic,svamp
pairs_arith_v2.csv,1918,arithmetic,gsm8k_test_0214,train,retain,H3_predating,asdiv
pairs_arith_v2.csv,1919,arithmetic,gsm8k_test_0214,train,retain,R_random,truthfulqa
pairs_arith_v2.csv,1938,arithmetic,gsm8k_test_0217,train,remove,C0_exact,gsm8k_copy
pairs_arith_v2.csv,1939,arithmetic,gsm8k_test_0217,train,remove,C1_transformed,lmsys_rephrase
pairs_arith_v2.csv,1940,arithmetic,gsm8k_test_0217,train,remove,C2_answer_bearing,gsm8k_solution_frag
pairs_arith_v2.csv,1941,arithmetic,gsm8k_test_0217,train,retain,H2_same_template,gsmplus_numerical_substitution
pairs_arith_v2.csv,1942,arithmetic,gsm8k_test_0217,train,remove,C1_transformed,gsmplus_problem_understanding
pairs_arith_v2.csv,1943,arithmetic,gsm8k_test_0217,train,retain,H2_same_template,gsmplus_critical_thinking
pairs_arith_v2.csv,1944,arithmetic,gsm8k_test_0217,train,retain,H1_same_topic,svamp
pairs_arith_v2.csv,1945,arithmetic,gsm8k_test_0217,train,retain,H3_predating,asdiv
pairs_arith_v2.csv,1946,arithmetic,gsm8k_test_0217,train,retain,R_random,truthfulqa
pairs_arith_v2.csv,1965,arithmetic,gsm8k_test_0220,train,remove,C0_exact,gsm8k_copy
pairs_arith_v2.csv,1966,arithmetic,gsm8k_test_0220,train,remove,C1_transformed,lmsys_rephrase
pairs_arith_v2.csv,1967,arithmetic,gsm8k_test_0220,train,remove,C2_answer_bearing,gsm8k_solution_frag
pairs_arith_v2.csv,1968,arithmetic,gsm8k_test_0220,train,retain,H2_same_template,gsmplus_numerical_substitution
pairs_arith_v2.csv,1969,arithmetic,gsm8k_test_0220,train,remove,C1_transformed,gsmplus_problem_understanding
pairs_arith_v2.csv,1970,arithmetic,gsm8k_test_0220,train,retain,H2_same_template,gsmplus_critical_thinking
pairs_arith_v2.csv,1971,arithmetic,gsm8k_test_0220,train,retain,H1_same_topic,svamp
pairs_arith_v2.csv,1972,arithmetic,gsm8k_test_0220,train,retain,H3_predating,asdiv
pairs_arith_v2.csv,1973,arithmetic,gsm8k_test_0220,train,retain,R_random,truthfulqa
pairs_arith_v2.csv,1974,arithmetic,gsm8k_test_0221,train,remove,C0_exact,gsm8k_copy
pairs_arith_v2.csv,1975,arithmetic,gsm8k_test_0221,train,remove,C1_transformed,lmsys_rephrase
pairs_arith_v2.csv,1976,arithmetic,gsm8k_test_0221,train,remove,C2_answer_bearing,gsm8k_solution_frag
pairs_arith_v2.csv,1977,arithmetic,gsm8k_test_0221,train,retain,H2_same_template,gsmplus_numerical_substitution
pairs_arith_v2.csv,1978,arithmetic,gsm8k_test_0221,train,remove,C1_transformed,gsmplus_problem_understanding
pairs_arith_v2.csv,1979,arithmetic,gsm8k_test_0221,train,retain,H2_same_template,gsmplus_critical_thinking
pairs_arith_v2.csv,1980,arithmetic,gsm8k_test_0221,train,retain,H1_same_topic,svamp
pairs_arith_v2.csv,1981,arithmetic,gsm8k_test_0221,train,retain,H3_predating,asdiv
pairs_arith_v2.csv,1982,arithmetic,gsm8k_test_0221,train,retain,R_random,truthfulqa
pairs_arith_v2.csv,1983,arithmetic,gsm8k_test_0222,train,remove,C0_exact,gsm8k_copy
pairs_arith_v2.csv,1984,arithmetic,gsm8k_test_0222,train,remove,C1_transformed,lmsys_rephrase
pairs_arith_v2.csv,1985,arithmetic,gsm8k_test_0222,train,remove,C2_answer_bearing,gsm8k_solution_frag
pairs_arith_v2.csv,1986,arithmetic,gsm8k_test_0222,train,remove,C1_transformed,gsmplus_problem_understanding
pairs_arith_v2.csv,1987,arithmetic,gsm8k_test_0222,train,retain,H2_same_template,gsmplus_critical_thinking
pairs_arith_v2.csv,1988,arithmetic,gsm8k_test_0222,train,retain,H1_same_topic,svamp
pairs_arith_v2.csv,1989,arithmetic,gsm8k_test_0222,train,retain,H3_predating,asdiv
pairs_arith_v2.csv,1990,arithmetic,gsm8k_test_0222,train,retain,R_random,truthfulqa
pairs_arith_v2.csv,2009,arithmetic,gsm8k_test_0225,train,remove,C0_exact,gsm8k_copy
pairs_arith_v2.csv,2010,arithmetic,gsm8k_test_0225,train,remove,C1_transformed,lmsys_rephrase
pairs_arith_v2.csv,2011,arithmetic,gsm8k_test_0225,train,remove,C2_answer_bearing,gsm8k_solution_frag
pairs_arith_v2.csv,2012,arithmetic,gsm8k_test_0225,train,retain,H2_same_template,gsmplus_numerical_substitution
pairs_arith_v2.csv,2013,arithmetic,gsm8k_test_0225,train,remove,C1_transformed,gsmplus_problem_understanding
pairs_arith_v2.csv,2014,arithmetic,gsm8k_test_0225,train,retain,H2_same_template,gsmplus_critical_thinking
pairs_arith_v2.csv,2015,arithmetic,gsm8k_test_0225,train,retain,H1_same_topic,svamp
pairs_arith_v2.csv,2016,arithmetic,gsm8k_test_0225,train,retain,H3_predating,asdiv
pairs_arith_v2.csv,2017,arithmetic,gsm8k_test_0225,train,retain,R_random,truthfulqa
pairs_arith_v2.csv,2053,arithmetic,gsm8k_test_0230,train,remove,C0_exact,gsm8k_copy
pairs_arith_v2.csv,2054,arithmetic,gsm8k_test_0230,train,remove,C1_transformed,lmsys_rephrase
pairs_arith_v2.csv,2055,arithmetic,gsm8k_test_0230,train,remove,C2_answer_bearing,gsm8k_solution_frag
pairs_arith_v2.csv,2056,arithmetic,gsm8k_test_0230,train,retain,H2_same_template,gsmplus_numerical_substitution
pairs_arith_v2.csv,2057,arithmetic,gsm8k_test_0230,train,remove,C1_transformed,gsmplus_problem_understanding
pairs_arith_v2.csv,2058,arithmetic,gsm8k_test_0230,train,retain,H2_same_template,gsmplus_critical_thinking
pairs_arith_v2.csv,2059,arithmetic,gsm8k_test_0230,train,retain,H1_same_topic,svamp
pairs_arith_v2.csv,2060,arithmetic,gsm8k_test_0230,train,retain,H3_predating,asdiv
pairs_arith_v2.csv,2061,arithmetic,gsm8k_test_0230,train,retain,R_random,truthfulqa
pairs_arith_v2.csv,2106,arithmetic,gsm8k_test_0236,train,remove,C0_exact,gsm8k_copy
pairs_arith_v2.csv,2107,arithmetic,gsm8k_test_0236,train,remove,C1_transformed,lmsys_rephrase
pairs_arith_v2.csv,2108,arithmetic,gsm8k_test_0236,train,remove,C2_answer_bearing,gsm8k_solution_frag
pairs_arith_v2.csv,2109,arithmetic,gsm8k_test_0236,train,retain,H2_same_template,gsmplus_numerical_substitution
pairs_arith_v2.csv,2110,arithmetic,gsm8k_test_0236,train,remove,C1_transformed,gsmplus_problem_understanding
pairs_arith_v2.csv,2111,arithmetic,gsm8k_test_0236,train,retain,H2_same_template,gsmplus_critical_thinking
pairs_arith_v2.csv,2112,arithmetic,gsm8k_test_0236,train,retain,H1_same_topic,svamp
pairs_arith_v2.csv,2113,arithmetic,gsm8k_test_0236,train,retain,H3_predating,asdiv
pairs_arith_v2.csv,2114,arithmetic,gsm8k_test_0236,train,retain,R_random,truthfulqa
pairs_arith_v2.csv,2132,arithmetic,gsm8k_test_0239,train,remove,C0_exact,gsm8k_copy
pairs_arith_v2.csv,2133,arithmetic,gsm8k_test_0239,train,remove,C1_transformed,lmsys_rephrase
pairs_arith_v2.csv,2134,arithmetic,gsm8k_test_0239,train,remove,C2_answer_bearing,gsm8k_solution_frag
pairs_arith_v2.csv,2135,arithmetic,gsm8k_test_0239,train,retain,H2_same_template,gsmplus_numerical_substitution
pairs_arith_v2.csv,2136,arithmetic,gsm8k_test_0239,train,remove,C1_transformed,gsmplus_problem_understanding
pairs_arith_v2.csv,2137,arithmetic,gsm8k_test_0239,train,retain,H2_same_template,gsmplus_critical_thinking
pairs_arith_v2.csv,2138,arithmetic,gsm8k_test_0239,train,retain,H1_same_topic,svamp
pairs_arith_v2.csv,2139,arithmetic,gsm8k_test_0239,train,retain,H3_predating,asdiv
pairs_arith_v2.csv,2140,arithmetic,gsm8k_test_0239,train,retain,R_random,truthfulqa
pairs_arith_v2.csv,2168,arithmetic,gsm8k_test_0243,train,remove,C0_exact,gsm8k_copy
pairs_arith_v2.csv,2169,arithmetic,gsm8k_test_0243,train,remove,C1_transformed,lmsys_rephrase
pairs_arith_v2.csv,2170,arithmetic,gsm8k_test_0243,train,remove,C2_answer_bearing,gsm8k_solution_frag
pairs_arith_v2.csv,2171,arithmetic,gsm8k_test_0243,train,retain,H2_same_template,gsmplus_numerical_substitution
pairs_arith_v2.csv,2172,arithmetic,gsm8k_test_0243,train,remove,C1_transformed,gsmplus_problem_understanding
pairs_arith_v2.csv,2173,arithmetic,gsm8k_test_0243,train,retain,H2_same_template,gsmplus_critical_thinking
pairs_arith_v2.csv,2174,arithmetic,gsm8k_test_0243,train,retain,H1_same_topic,svamp
pairs_arith_v2.csv,2175,arithmetic,gsm8k_test_0243,train,retain,H3_predating,asdiv
pairs_arith_v2.csv,2176,arithmetic,gsm8k_test_0243,train,retain,R_random,truthfulqa
pairs_arith_v2.csv,2177,arithmetic,gsm8k_test_0244,train,remove,C0_exact,gsm8k_copy
pairs_arith_v2.csv,2178,arithmetic,gsm8k_test_0244,train,remove,C1_transformed,lmsys_rephrase
pairs_arith_v2.csv,2179,arithmetic,gsm8k_test_0244,train,remove,C2_answer_bearing,gsm8k_solution_frag
pairs_arith_v2.csv,2180,arithmetic,gsm8k_test_0244,train,retain,H2_same_template,gsmplus_numerical_substitution
pairs_arith_v2.csv,2181,arithmetic,gsm8k_test_0244,train,remove,C1_transformed,gsmplus_problem_understanding
pairs_arith_v2.csv,2182,arithmetic,gsm8k_test_0244,train,retain,H2_same_template,gsmplus_critical_thinking
pairs_arith_v2.csv,2183,arithmetic,gsm8k_test_0244,train,retain,H1_same_topic,svamp
pairs_arith_v2.csv,2184,arithmetic,gsm8k_test_0244,train,retain,H3_predating,asdiv
pairs_arith_v2.csv,2185,arithmetic,gsm8k_test_0244,train,retain,R_random,truthfulqa
pairs_arith_v2.csv,2186,arithmetic,gsm8k_test_0245,train,remove,C0_exact,gsm8k_copy
pairs_arith_v2.csv,2187,arithmetic,gsm8k_test_0245,train,remove,C1_transformed,lmsys_rephrase
pairs_arith_v2.csv,2188,arithmetic,gsm8k_test_0245,train,remove,C2_answer_bearing,gsm8k_solution_frag
pairs_arith_v2.csv,2189,arithmetic,gsm8k_test_0245,train,retain,H2_same_template,gsmplus_numerical_substitution
pairs_arith_v2.csv,2190,arithmetic,gsm8k_test_0245,train,remove,C1_transformed,gsmplus_problem_understanding
pairs_arith_v2.csv,2191,arithmetic,gsm8k_test_0245,train,retain,H2_same_template,gsmplus_critical_thinking
pairs_arith_v2.csv,2192,arithmetic,gsm8k_test_0245,train,retain,H1_same_topic,svamp
pairs_arith_v2.csv,2193,arithmetic,gsm8k_test_0245,train,retain,H3_predating,asdiv
pairs_arith_v2.csv,2194,arithmetic,gsm8k_test_0245,train,retain,R_random,truthfulqa
pairs_arith_v2.csv,2213,arithmetic,gsm8k_test_0248,train,remove,C0_exact,gsm8k_copy
pairs_arith_v2.csv,2214,arithmetic,gsm8k_test_0248,train,remove,C1_transformed,lmsys_rephrase
pairs_arith_v2.csv,2215,arithmetic,gsm8k_test_0248,train,remove,C2_answer_bearing,gsm8k_solution_frag
pairs_arith_v2.csv,2216,arithmetic,gsm8k_test_0248,train,retain,H2_same_template,gsmplus_numerical_substitution
pairs_arith_v2.csv,2217,arithmetic,gsm8k_test_0248,train,remove,C1_transformed,gsmplus_problem_understanding
pairs_arith_v2.csv,2218,arithmetic,gsm8k_test_0248,train,retain,H2_same_template,gsmplus_critical_thinking
pairs_arith_v2.csv,2219,arithmetic,gsm8k_test_0248,train,retain,H1_same_topic,svamp
pairs_arith_v2.csv,2220,arithmetic,gsm8k_test_0248,train,retain,H3_predating,asdiv
pairs_arith_v2.csv,2221,arithmetic,gsm8k_test_0248,train,retain,R_random,truthfulqa
pairs_arith_v2.csv,2249,arithmetic,gsm8k_test_0252,train,remove,C0_exact,gsm8k_copy
pairs_arith_v2.csv,2250,arithmetic,gsm8k_test_0252,train,remove,C1_transformed,lmsys_rephrase
pairs_arith_v2.csv,2251,arithmetic,gsm8k_test_0252,train,remove,C2_answer_bearing,gsm8k_solution_frag
pairs_arith_v2.csv,2252,arithmetic,gsm8k_test_0252,train,retain,H2_same_template,gsmplus_numerical_substitution
pairs_arith_v2.csv,2253,arithmetic,gsm8k_test_0252,train,remove,C1_transformed,gsmplus_problem_understanding
pairs_arith_v2.csv,2254,arithmetic,gsm8k_test_0252,train,retain,H2_same_template,gsmplus_critical_thinking
pairs_arith_v2.csv,2255,arithmetic,gsm8k_test_0252,train,retain,H1_same_topic,svamp
pairs_arith_v2.csv,2256,arithmetic,gsm8k_test_0252,train,retain,H3_predating,asdiv
pairs_arith_v2.csv,2257,arithmetic,gsm8k_test_0252,train,retain,R_random,truthfulqa
pairs_arith_v2.csv,2267,arithmetic,gsm8k_test_0254,train,remove,C0_exact,gsm8k_copy
pairs_arith_v2.csv,2268,arithmetic,gsm8k_test_0254,train,remove,C1_transformed,lmsys_rephrase
pairs_arith_v2.csv,2269,arithmetic,gsm8k_test_0254,train,remove,C2_answer_bearing,gsm8k_solution_frag
pairs_arith_v2.csv,2270,arithmetic,gsm8k_test_0254,train,retain,H2_same_template,gsmplus_numerical_substitution
pairs_arith_v2.csv,2271,arithmetic,gsm8k_test_0254,train,remove,C1_transformed,gsmplus_problem_understanding
pairs_arith_v2.csv,2272,arithmetic,gsm8k_test_0254,train,retain,H2_same_template,gsmplus_critical_thinking
pairs_arith_v2.csv,2273,arithmetic,gsm8k_test_0254,train,retain,H1_same_topic,svamp
pairs_arith_v2.csv,2274,arithmetic,gsm8k_test_0254,train,retain,H3_predating,asdiv
pairs_arith_v2.csv,2275,arithmetic,gsm8k_test_0254,train,retain,R_random,truthfulqa
pairs_arith_v2.csv,2294,arithmetic,gsm8k_test_0257,train,remove,C0_exact,gsm8k_copy
pairs_arith_v2.csv,2295,arithmetic,gsm8k_test_0257,train,remove,C1_transformed,lmsys_rephrase
pairs_arith_v2.csv,2296,arithmetic,gsm8k_test_0257,train,remove,C2_answer_bearing,gsm8k_solution_frag
pairs_arith_v2.csv,2297,arithmetic,gsm8k_test_0257,train,retain,H2_same_template,gsmplus_numerical_substitution
pairs_arith_v2.csv,2298,arithmetic,gsm8k_test_0257,train,remove,C1_transformed,gsmplus_problem_understanding
pairs_arith_v2.csv,2299,arithmetic,gsm8k_test_0257,train,retain,H2_same_template,gsmplus_critical_thinking
pairs_arith_v2.csv,2300,arithmetic,gsm8k_test_0257,train,retain,H1_same_topic,svamp
pairs_arith_v2.csv,2301,arithmetic,gsm8k_test_0257,train,retain,H3_predating,asdiv
pairs_arith_v2.csv,2302,arithmetic,gsm8k_test_0257,train,retain,R_random,truthfulqa
pairs_arith_v2.csv,2303,arithmetic,gsm8k_test_0258,train,remove,C0_exact,gsm8k_copy
pairs_arith_v2.csv,2304,arithmetic,gsm8k_test_0258,train,remove,C1_transformed,lmsys_rephrase
pairs_arith_v2.csv,2305,arithmetic,gsm8k_test_0258,train,remove,C2_answer_bearing,gsm8k_solution_frag
pairs_arith_v2.csv,2306,arithmetic,gsm8k_test_0258,train,retain,H2_same_template,gsmplus_numerical_substitution
pairs_arith_v2.csv,2307,arithmetic,gsm8k_test_0258,train,remove,C1_transformed,gsmplus_problem_understanding
pairs_arith_v2.csv,2308,arithmetic,gsm8k_test_0258,train,retain,H2_same_template,gsmplus_critical_thinking
pairs_arith_v2.csv,2309,arithmetic,gsm8k_test_0258,train,retain,H1_same_topic,svamp
pairs_arith_v2.csv,2310,arithmetic,gsm8k_test_0258,train,retain,H3_predating,asdiv
pairs_arith_v2.csv,2311,arithmetic,gsm8k_test_0258,train,retain,R_random,truthfulqa
pairs_arith_v2.csv,2312,arithmetic,gsm8k_test_0259,train,remove,C0_exact,gsm8k_copy
pairs_arith_v2.csv,2313,arithmetic,gsm8k_test_0259,train,remove,C1_transformed,lmsys_rephrase
pairs_arith_v2.csv,2314,arithmetic,gsm8k_test_0259,train,remove,C2_answer_bearing,gsm8k_solution_frag
pairs_arith_v2.csv,2315,arithmetic,gsm8k_test_0259,train,retain,H2_same_template,gsmplus_numerical_substitution
pairs_arith_v2.csv,2316,arithmetic,gsm8k_test_0259,train,remove,C1_transformed,gsmplus_problem_understanding
pairs_arith_v2.csv,2317,arithmetic,gsm8k_test_0259,train,retain,H2_same_template,gsmplus_critical_thinking
pairs_arith_v2.csv,2318,arithmetic,gsm8k_test_0259,train,retain,H1_same_topic,svamp
pairs_arith_v2.csv,2319,arithmetic,gsm8k_test_0259,train,retain,H3_predating,asdiv
pairs_arith_v2.csv,2320,arithmetic,gsm8k_test_0259,train,retain,R_random,truthfulqa
pairs_arith_v2.csv,2339,arithmetic,gsm8k_test_0262,train,remove,C0_exact,gsm8k_copy
pairs_arith_v2.csv,2340,arithmetic,gsm8k_test_0262,train,remove,C1_transformed,lmsys_rephrase
pairs_arith_v2.csv,2341,arithmetic,gsm8k_test_0262,train,remove,C2_answer_bearing,gsm8k_solution_frag
pairs_arith_v2.csv,2342,arithmetic,gsm8k_test_0262,train,retain,H2_same_template,gsmplus_numerical_substitution
pairs_arith_v2.csv,2343,arithmetic,gsm8k_test_0262,train,remove,C1_transformed,gsmplus_problem_understanding
pairs_arith_v2.csv,2344,arithmetic,gsm8k_test_0262,train,retain,H2_same_template,gsmplus_critical_thinking
pairs_arith_v2.csv,2345,arithmetic,gsm8k_test_0262,train,retain,H1_same_topic,svamp
pairs_arith_v2.csv,2346,arithmetic,gsm8k_test_0262,train,retain,H3_predating,asdiv
pairs_arith_v2.csv,2347,arithmetic,gsm8k_test_0262,train,retain,R_random,truthfulqa
pairs_arith_v2.csv,2366,arithmetic,gsm8k_test_0265,train,remove,C0_exact,gsm8k_copy
pairs_arith_v2.csv,2367,arithmetic,gsm8k_test_0265,train,remove,C1_transformed,lmsys_rephrase
pairs_arith_v2.csv,2368,arithmetic,gsm8k_test_0265,train,remove,C2_answer_bearing,gsm8k_solution_frag
pairs_arith_v2.csv,2369,arithmetic,gsm8k_test_0265,train,retain,H2_same_template,gsmplus_numerical_substitution
pairs_arith_v2.csv,2370,arithmetic,gsm8k_test_0265,train,remove,C1_transformed,gsmplus_problem_understanding
pairs_arith_v2.csv,2371,arithmetic,gsm8k_test_0265,train,retain,H2_same_template,gsmplus_critical_thinking
pairs_arith_v2.csv,2372,arithmetic,gsm8k_test_0265,train,retain,H1_same_topic,svamp
pairs_arith_v2.csv,2373,arithmetic,gsm8k_test_0265,train,retain,H3_predating,asdiv
pairs_arith_v2.csv,2374,arithmetic,gsm8k_test_0265,train,retain,R_random,truthfulqa
pairs_arith_v2.csv,2375,arithmetic,gsm8k_test_0266,train,remove,C0_exact,gsm8k_copy
pairs_arith_v2.csv,2376,arithmetic,gsm8k_test_0266,train,remove,C1_transformed,lmsys_rephrase
pairs_arith_v2.csv,2377,arithmetic,gsm8k_test_0266,train,remove,C2_answer_bearing,gsm8k_solution_frag
pairs_arith_v2.csv,2378,arithmetic,gsm8k_test_0266,train,retain,H2_same_template,gsmplus_numerical_substitution
pairs_arith_v2.csv,2379,arithmetic,gsm8k_test_0266,train,remove,C1_transformed,gsmplus_problem_understanding
pairs_arith_v2.csv,2380,arithmetic,gsm8k_test_0266,train,retain,H2_same_template,gsmplus_critical_thinking
pairs_arith_v2.csv,2381,arithmetic,gsm8k_test_0266,train,retain,H1_same_topic,svamp
pairs_arith_v2.csv,2382,arithmetic,gsm8k_test_0266,train,retain,H3_predating,asdiv
pairs_arith_v2.csv,2383,arithmetic,gsm8k_test_0266,train,retain,R_random,truthfulqa
pairs_arith_v2.csv,2393,arithmetic,gsm8k_test_0268,train,remove,C0_exact,gsm8k_copy
pairs_arith_v2.csv,2394,arithmetic,gsm8k_test_0268,train,remove,C1_transformed,lmsys_rephrase
pairs_arith_v2.csv,2395,arithmetic,gsm8k_test_0268,train,remove,C2_answer_bearing,gsm8k_solution_frag
pairs_arith_v2.csv,2396,arithmetic,gsm8k_test_0268,train,retain,H2_same_template,gsmplus_numerical_substitution
pairs_arith_v2.csv,2397,arithmetic,gsm8k_test_0268,train,remove,C1_transformed,gsmplus_problem_understanding
pairs_arith_v2.csv,2398,arithmetic,gsm8k_test_0268,train,retain,H2_same_template,gsmplus_critical_thinking
pairs_arith_v2.csv,2399,arithmetic,gsm8k_test_0268,train,retain,H1_same_topic,svamp
pairs_arith_v2.csv,2400,arithmetic,gsm8k_test_0268,train,retain,H3_predating,asdiv
pairs_arith_v2.csv,2401,arithmetic,gsm8k_test_0268,train,retain,R_random,truthfulqa
pairs_arith_v2.csv,2402,arithmetic,gsm8k_test_0269,train,remove,C0_exact,gsm8k_copy
pairs_arith_v2.csv,2403,arithmetic,gsm8k_test_0269,train,remove,C1_transformed,lmsys_rephrase
pairs_arith_v2.csv,2404,arithmetic,gsm8k_test_0269,train,remove,C2_answer_bearing,gsm8k_solution_frag
pairs_arith_v2.csv,2405,arithmetic,gsm8k_test_0269,train,retain,H2_same_template,gsmplus_numerical_substitution
pairs_arith_v2.csv,2406,arithmetic,gsm8k_test_0269,train,remove,C1_transformed,gsmplus_problem_understanding
pairs_arith_v2.csv,2407,arithmetic,gsm8k_test_0269,train,retain,H2_same_template,gsmplus_critical_thinking
pairs_arith_v2.csv,2408,arithmetic,gsm8k_test_0269,train,retain,H1_same_topic,svamp
pairs_arith_v2.csv,2409,arithmetic,gsm8k_test_0269,train,retain,H3_predating,asdiv
pairs_arith_v2.csv,2410,arithmetic,gsm8k_test_0269,train,retain,R_random,truthfulqa
pairs_arith_v2.csv,2447,arithmetic,gsm8k_test_0274,train,remove,C0_exact,gsm8k_copy
pairs_arith_v2.csv,2448,arithmetic,gsm8k_test_0274,train,remove,C1_transformed,lmsys_rephrase
pairs_arith_v2.csv,2449,arithmetic,gsm8k_test_0274,train,remove,C2_answer_bearing,gsm8k_solution_frag
pairs_arith_v2.csv,2450,arithmetic,gsm8k_test_0274,train,retain,H2_same_template,gsmplus_numerical_substitution
pairs_arith_v2.csv,2451,arithmetic,gsm8k_test_0274,train,remove,C1_transformed,gsmplus_problem_understanding
pairs_arith_v2.csv,2452,arithmetic,gsm8k_test_0274,train,retain,H2_same_template,gsmplus_critical_thinking
pairs_arith_v2.csv,2453,arithmetic,gsm8k_test_0274,train,retain,H1_same_topic,svamp
pairs_arith_v2.csv,2454,arithmetic,gsm8k_test_0274,train,retain,H3_predating,asdiv
pairs_arith_v2.csv,2455,arithmetic,gsm8k_test_0274,train,retain,R_random,truthfulqa
pairs_arith_v2.csv,2456,arithmetic,gsm8k_test_0275,train,remove,C0_exact,gsm8k_copy
pairs_arith_v2.csv,2457,arithmetic,gsm8k_test_0275,train,remove,C1_transformed,lmsys_rephrase
pairs_arith_v2.csv,2458,arithmetic,gsm8k_test_0275,train,remove,C2_answer_bearing,gsm8k_solution_frag
pairs_arith_v2.csv,2459,arithmetic,gsm8k_test_0275,train,retain,H2_same_template,gsmplus_numerical_substitution
pairs_arith_v2.csv,2460,arithmetic,gsm8k_test_0275,train,remove,C1_transformed,gsmplus_problem_understanding
pairs_arith_v2.csv,2461,arithmetic,gsm8k_test_0275,train,retain,H2_same_template,gsmplus_critical_thinking
pairs_arith_v2.csv,2462,arithmetic,gsm8k_test_0275,train,retain,H1_same_topic,svamp
pairs_arith_v2.csv,2463,arithmetic,gsm8k_test_0275,train,retain,H3_predating,asdiv
pairs_arith_v2.csv,2464,arithmetic,gsm8k_test_0275,train,retain,R_random,truthfulqa
pairs_arith_v2.csv,2474,arithmetic,gsm8k_test_0277,train,remove,C0_exact,gsm8k_copy
pairs_arith_v2.csv,2475,arithmetic,gsm8k_test_0277,train,remove,C1_transformed,lmsys_rephrase
pairs_arith_v2.csv,2476,arithmetic,gsm8k_test_0277,train,remove,C2_answer_bearing,gsm8k_solution_frag
pairs_arith_v2.csv,2477,arithmetic,gsm8k_test_0277,train,retain,H2_same_template,gsmplus_numerical_substitution
pairs_arith_v2.csv,2478,arithmetic,gsm8k_test_0277,train,remove,C1_transformed,gsmplus_problem_understanding
pairs_arith_v2.csv,2479,arithmetic,gsm8k_test_0277,train,retain,H2_same_template,gsmplus_critical_thinking
pairs_arith_v2.csv,2480,arithmetic,gsm8k_test_0277,train,retain,H1_same_topic,svamp
pairs_arith_v2.csv,2481,arithmetic,gsm8k_test_0277,train,retain,H3_predating,asdiv
pairs_arith_v2.csv,2482,arithmetic,gsm8k_test_0277,train,retain,R_random,truthfulqa
pairs_arith_v2.csv,2519,arithmetic,gsm8k_test_0282,train,remove,C0_exact,gsm8k_copy
pairs_arith_v2.csv,2520,arithmetic,gsm8k_test_0282,train,remove,C1_transformed,lmsys_rephrase
pairs_arith_v2.csv,2521,arithmetic,gsm8k_test_0282,train,remove,C2_answer_bearing,gsm8k_solution_frag
pairs_arith_v2.csv,2522,arithmetic,gsm8k_test_0282,train,retain,H2_same_template,gsmplus_numerical_substitution
pairs_arith_v2.csv,2523,arithmetic,gsm8k_test_0282,train,remove,C1_transformed,gsmplus_problem_understanding
pairs_arith_v2.csv,2524,arithmetic,gsm8k_test_0282,train,retain,H2_same_template,gsmplus_critical_thinking
pairs_arith_v2.csv,2525,arithmetic,gsm8k_test_0282,train,retain,H1_same_topic,svamp
pairs_arith_v2.csv,2526,arithmetic,gsm8k_test_0282,train,retain,H3_predating,asdiv
pairs_arith_v2.csv,2527,arithmetic,gsm8k_test_0282,train,retain,R_random,truthfulqa
pairs_arith_v2.csv,2528,arithmetic,gsm8k_test_0283,train,remove,C0_exact,gsm8k_copy
pairs_arith_v2.csv,2529,arithmetic,gsm8k_test_0283,train,remove,C1_transformed,lmsys_rephrase
pairs_arith_v2.csv,2530,arithmetic,gsm8k_test_0283,train,remove,C2_answer_bearing,gsm8k_solution_frag
pairs_arith_v2.csv,2531,arithmetic,gsm8k_test_0283,train,retain,H2_same_template,gsmplus_numerical_substitution
pairs_arith_v2.csv,2532,arithmetic,gsm8k_test_0283,train,remove,C1_transformed,gsmplus_problem_understanding
pairs_arith_v2.csv,2533,arithmetic,gsm8k_test_0283,train,retain,H2_same_template,gsmplus_critical_thinking
pairs_arith_v2.csv,2534,arithmetic,gsm8k_test_0283,train,retain,H1_same_topic,svamp
pairs_arith_v2.csv,2535,arithmetic,gsm8k_test_0283,train,retain,H3_predating,asdiv
pairs_arith_v2.csv,2536,arithmetic,gsm8k_test_0283,train,retain,R_random,truthfulqa
pairs_arith_v2.csv,2537,arithmetic,gsm8k_test_0284,train,remove,C0_exact,gsm8k_copy
pairs_arith_v2.csv,2538,arithmetic,gsm8k_test_0284,train,remove,C1_transformed,lmsys_rephrase
pairs_arith_v2.csv,2539,arithmetic,gsm8k_test_0284,train,remove,C2_answer_bearing,gsm8k_solution_frag
pairs_arith_v2.csv,2540,arithmetic,gsm8k_test_0284,train,retain,H2_same_template,gsmplus_numerical_substitution
pairs_arith_v2.csv,2541,arithmetic,gsm8k_test_0284,train,remove,C1_transformed,gsmplus_problem_understanding
pairs_arith_v2.csv,2542,arithmetic,gsm8k_test_0284,train,retain,H2_same_template,gsmplus_critical_thinking
pairs_arith_v2.csv,2543,arithmetic,gsm8k_test_0284,train,retain,H1_same_topic,svamp
pairs_arith_v2.csv,2544,arithmetic,gsm8k_test_0284,train,retain,H3_predating,asdiv
pairs_arith_v2.csv,2545,arithmetic,gsm8k_test_0284,train,retain,R_random,truthfulqa
pairs_arith_v2.csv,2546,arithmetic,gsm8k_test_0285,train,remove,C0_exact,gsm8k_copy
pairs_arith_v2.csv,2547,arithmetic,gsm8k_test_0285,train,remove,C1_transformed,lmsys_rephrase
pairs_arith_v2.csv,2548,arithmetic,gsm8k_test_0285,train,remove,C2_answer_bearing,gsm8k_solution_frag
pairs_arith_v2.csv,2549,arithmetic,gsm8k_test_0285,train,retain,H2_same_template,gsmplus_numerical_substitution
pairs_arith_v2.csv,2550,arithmetic,gsm8k_test_0285,train,remove,C1_transformed,gsmplus_problem_understanding
pairs_arith_v2.csv,2551,arithmetic,gsm8k_test_0285,train,retain,H2_same_template,gsmplus_critical_thinking
pairs_arith_v2.csv,2552,arithmetic,gsm8k_test_0285,train,retain,H1_same_topic,svamp
pairs_arith_v2.csv,2553,arithmetic,gsm8k_test_0285,train,retain,H3_predating,asdiv
pairs_arith_v2.csv,2554,arithmetic,gsm8k_test_0285,train,retain,R_random,truthfulqa
pairs_arith_v2.csv,2564,arithmetic,gsm8k_test_0287,train,remove,C0_exact,gsm8k_copy
pairs_arith_v2.csv,2565,arithmetic,gsm8k_test_0287,train,remove,C1_transformed,lmsys_rephrase
pairs_arith_v2.csv,2566,arithmetic,gsm8k_test_0287,train,remove,C2_answer_bearing,gsm8k_solution_frag
pairs_arith_v2.csv,2567,arithmetic,gsm8k_test_0287,train,retain,H2_same_template,gsmplus_numerical_substitution
pairs_arith_v2.csv,2568,arithmetic,gsm8k_test_0287,train,remove,C1_transformed,gsmplus_problem_understanding
pairs_arith_v2.csv,2569,arithmetic,gsm8k_test_0287,train,retain,H2_same_template,gsmplus_critical_thinking
pairs_arith_v2.csv,2570,arithmetic,gsm8k_test_0287,train,retain,H1_same_topic,svamp
pairs_arith_v2.csv,2571,arithmetic,gsm8k_test_0287,train,retain,H3_predating,asdiv
pairs_arith_v2.csv,2572,arithmetic,gsm8k_test_0287,train,retain,R_random,truthfulqa
pairs_arith_v2.csv,2573,arithmetic,gsm8k_test_0288,train,remove,C0_exact,gsm8k_copy
pairs_arith_v2.csv,2574,arithmetic,gsm8k_test_0288,train,remove,C1_transformed,lmsys_rephrase
pairs_arith_v2.csv,2575,arithmetic,gsm8k_test_0288,train,remove,C2_answer_bearing,gsm8k_solution_frag
pairs_arith_v2.csv,2576,arithmetic,gsm8k_test_0288,train,retain,H2_same_template,gsmplus_numerical_substitution
pairs_arith_v2.csv,2577,arithmetic,gsm8k_test_0288,train,remove,C1_transformed,gsmplus_problem_understanding
pairs_arith_v2.csv,2578,arithmetic,gsm8k_test_0288,train,retain,H2_same_template,gsmplus_critical_thinking
pairs_arith_v2.csv,2579,arithmetic,gsm8k_test_0288,train,retain,H1_same_topic,svamp
pairs_arith_v2.csv,2580,arithmetic,gsm8k_test_0288,train,retain,H3_predating,asdiv
pairs_arith_v2.csv,2581,arithmetic,gsm8k_test_0288,train,retain,R_random,truthfulqa
pairs_arith_v2.csv,2599,arithmetic,gsm8k_test_0291,train,remove,C0_exact,gsm8k_copy
pairs_arith_v2.csv,2600,arithmetic,gsm8k_test_0291,train,remove,C1_transformed,lmsys_rephrase
pairs_arith_v2.csv,2601,arithmetic,gsm8k_test_0291,train,remove,C2_answer_bearing,gsm8k_solution_frag
pairs_arith_v2.csv,2602,arithmetic,gsm8k_test_0291,train,retain,H2_same_template,gsmplus_numerical_substitution
pairs_arith_v2.csv,2603,arithmetic,gsm8k_test_0291,train,remove,C1_transformed,gsmplus_problem_understanding
pairs_arith_v2.csv,2604,arithmetic,gsm8k_test_0291,train,retain,H2_same_template,gsmplus_critical_thinking
pairs_arith_v2.csv,2605,arithmetic,gsm8k_test_0291,train,retain,H1_same_topic,svamp
pairs_arith_v2.csv,2606,arithmetic,gsm8k_test_0291,train,retain,H3_predating,asdiv
pairs_arith_v2.csv,2607,arithmetic,gsm8k_test_0291,train,retain,R_random,truthfulqa
pairs_arith_v2.csv,2617,arithmetic,gsm8k_test_0293,train,remove,C0_exact,gsm8k_copy
pairs_arith_v2.csv,2618,arithmetic,gsm8k_test_0293,train,remove,C1_transformed,lmsys_rephrase
pairs_arith_v2.csv,2619,arithmetic,gsm8k_test_0293,train,remove,C2_answer_bearing,gsm8k_solution_frag
pairs_arith_v2.csv,2620,arithmetic,gsm8k_test_0293,train,retain,H2_same_template,gsmplus_numerical_substitution
pairs_arith_v2.csv,2621,arithmetic,gsm8k_test_0293,train,remove,C1_transformed,gsmplus_problem_understanding
pairs_arith_v2.csv,2622,arithmetic,gsm8k_test_0293,train,retain,H2_same_template,gsmplus_critical_thinking
pairs_arith_v2.csv,2623,arithmetic,gsm8k_test_0293,train,retain,H1_same_topic,svamp
pairs_arith_v2.csv,2624,arithmetic,gsm8k_test_0293,train,retain,H3_predating,asdiv
pairs_arith_v2.csv,2625,arithmetic,gsm8k_test_0293,train,retain,R_random,truthfulqa
pairs_arith_v2.csv,2653,arithmetic,gsm8k_test_0297,train,remove,C0_exact,gsm8k_copy
pairs_arith_v2.csv,2654,arithmetic,gsm8k_test_0297,train,remove,C1_transformed,lmsys_rephrase
pairs_arith_v2.csv,2655,arithmetic,gsm8k_test_0297,train,remove,C2_answer_bearing,gsm8k_solution_frag
pairs_arith_v2.csv,2656,arithmetic,gsm8k_test_0297,train,retain,H2_same_template,gsmplus_numerical_substitution
pairs_arith_v2.csv,2657,arithmetic,gsm8k_test_0297,train,remove,C1_transformed,gsmplus_problem_understanding
pairs_arith_v2.csv,2658,arithmetic,gsm8k_test_0297,train,retain,H2_same_template,gsmplus_critical_thinking
pairs_arith_v2.csv,2659,arithmetic,gsm8k_test_0297,train,retain,H1_same_topic,svamp
pairs_arith_v2.csv,2660,arithmetic,gsm8k_test_0297,train,retain,H3_predating,asdiv
pairs_arith_v2.csv,2661,arithmetic,gsm8k_test_0297,train,retain,R_random,truthfulqa
pairs_arith_v2.csv,2680,arithmetic,gsm8k_test_0300,train,remove,C0_exact,gsm8k_copy
pairs_arith_v2.csv,2681,arithmetic,gsm8k_test_0300,train,remove,C1_transformed,lmsys_rephrase
pairs_arith_v2.csv,2682,arithmetic,gsm8k_test_0300,train,remove,C2_answer_bearing,gsm8k_solution_frag
pairs_arith_v2.csv,2683,arithmetic,gsm8k_test_0300,train,retain,H2_same_template,gsmplus_numerical_substitution
pairs_arith_v2.csv,2684,arithmetic,gsm8k_test_0300,train,remove,C1_transformed,gsmplus_problem_understanding
pairs_arith_v2.csv,2685,arithmetic,gsm8k_test_0300,train,retain,H2_same_template,gsmplus_critical_thinking
pairs_arith_v2.csv,2686,arithmetic,gsm8k_test_0300,train,retain,H1_same_topic,svamp
pairs_arith_v2.csv,2687,arithmetic,gsm8k_test_0300,train,retain,H3_predating,asdiv
pairs_arith_v2.csv,2688,arithmetic,gsm8k_test_0300,train,retain,R_random,truthfulqa
pairs_arith_v2.csv,2689,arithmetic,gsm8k_test_0301,train,remove,C0_exact,gsm8k_copy
pairs_arith_v2.csv,2690,arithmetic,gsm8k_test_0301,train,remove,C1_transformed,lmsys_rephrase
pairs_arith_v2.csv,2691,arithmetic,gsm8k_test_0301,train,remove,C2_answer_bearing,gsm8k_solution_frag
pairs_arith_v2.csv,2692,arithmetic,gsm8k_test_0301,train,retain,H2_same_template,gsmplus_numerical_substitution
pairs_arith_v2.csv,2693,arithmetic,gsm8k_test_0301,train,remove,C1_transformed,gsmplus_problem_understanding
pairs_arith_v2.csv,2694,arithmetic,gsm8k_test_0301,train,retain,H2_same_template,gsmplus_critical_thinking
pairs_arith_v2.csv,2695,arithmetic,gsm8k_test_0301,train,retain,H1_same_topic,svamp
pairs_arith_v2.csv,2696,arithmetic,gsm8k_test_0301,train,retain,H3_predating,asdiv
pairs_arith_v2.csv,2697,arithmetic,gsm8k_test_0301,train,retain,R_random,truthfulqa
pairs_arith_v2.csv,2707,arithmetic,gsm8k_test_0303,train,remove,C0_exact,gsm8k_copy
pairs_arith_v2.csv,2708,arithmetic,gsm8k_test_0303,train,remove,C1_transformed,lmsys_rephrase
pairs_arith_v2.csv,2709,arithmetic,gsm8k_test_0303,train,remove,C2_answer_bearing,gsm8k_solution_frag
pairs_arith_v2.csv,2710,arithmetic,gsm8k_test_0303,train,retain,H2_same_template,gsmplus_numerical_substitution
pairs_arith_v2.csv,2711,arithmetic,gsm8k_test_0303,train,remove,C1_transformed,gsmplus_problem_understanding
pairs_arith_v2.csv,2712,arithmetic,gsm8k_test_0303,train,retain,H2_same_template,gsmplus_critical_thinking
pairs_arith_v2.csv,2713,arithmetic,gsm8k_test_0303,train,retain,H1_same_topic,svamp
pairs_arith_v2.csv,2714,arithmetic,gsm8k_test_0303,train,retain,H3_predating,asdiv
pairs_arith_v2.csv,2715,arithmetic,gsm8k_test_0303,train,retain,R_random,truthfulqa
pairs_arith_v2.csv,2734,arithmetic,gsm8k_test_0306,train,remove,C0_exact,gsm8k_copy
pairs_arith_v2.csv,2735,arithmetic,gsm8k_test_0306,train,remove,C1_transformed,lmsys_rephrase
pairs_arith_v2.csv,2736,arithmetic,gsm8k_test_0306,train,remove,C2_answer_bearing,gsm8k_solution_frag
pairs_arith_v2.csv,2737,arithmetic,gsm8k_test_0306,train,retain,H2_same_template,gsmplus_numerical_substitution
pairs_arith_v2.csv,2738,arithmetic,gsm8k_test_0306,train,remove,C1_transformed,gsmplus_problem_understanding
pairs_arith_v2.csv,2739,arithmetic,gsm8k_test_0306,train,retain,H2_same_template,gsmplus_critical_thinking
pairs_arith_v2.csv,2740,arithmetic,gsm8k_test_0306,train,retain,H1_same_topic,svamp
pairs_arith_v2.csv,2741,arithmetic,gsm8k_test_0306,train,retain,H3_predating,asdiv
pairs_arith_v2.csv,2742,arithmetic,gsm8k_test_0306,train,retain,R_random,truthfulqa
pairs_arith_v2.csv,2743,arithmetic,gsm8k_test_0307,train,remove,C0_exact,gsm8k_copy
pairs_arith_v2.csv,2744,arithmetic,gsm8k_test_0307,train,remove,C1_transformed,lmsys_rephrase
pairs_arith_v2.csv,2745,arithmetic,gsm8k_test_0307,train,remove,C2_answer_bearing,gsm8k_solution_frag
pairs_arith_v2.csv,2746,arithmetic,gsm8k_test_0307,train,retain,H2_same_template,gsmplus_numerical_substitution
pairs_arith_v2.csv,2747,arithmetic,gsm8k_test_0307,train,remove,C1_transformed,gsmplus_problem_understanding
pairs_arith_v2.csv,2748,arithmetic,gsm8k_test_0307,train,retain,H2_same_template,gsmplus_critical_thinking
pairs_arith_v2.csv,2749,arithmetic,gsm8k_test_0307,train,retain,H1_same_topic,svamp
pairs_arith_v2.csv,2750,arithmetic,gsm8k_test_0307,train,retain,H3_predating,asdiv
pairs_arith_v2.csv,2751,arithmetic,gsm8k_test_0307,train,retain,R_random,truthfulqa
pairs_arith_v2.csv,2761,arithmetic,gsm8k_test_0309,train,remove,C0_exact,gsm8k_copy
pairs_arith_v2.csv,2763,arithmetic,gsm8k_test_0309,train,remove,C2_answer_bearing,gsm8k_solution_frag
pairs_arith_v2.csv,2764,arithmetic,gsm8k_test_0309,train,retain,H2_same_template,gsmplus_numerical_substitution
pairs_arith_v2.csv,2765,arithmetic,gsm8k_test_0309,train,remove,C1_transformed,gsmplus_problem_understanding
pairs_arith_v2.csv,2766,arithmetic,gsm8k_test_0309,train,retain,H2_same_template,gsmplus_critical_thinking
pairs_arith_v2.csv,2767,arithmetic,gsm8k_test_0309,train,retain,H1_same_topic,svamp
pairs_arith_v2.csv,2768,arithmetic,gsm8k_test_0309,train,retain,H3_predating,asdiv
pairs_arith_v2.csv,2769,arithmetic,gsm8k_test_0309,train,retain,R_random,truthfulqa
pairs_arith_v2.csv,2788,arithmetic,gsm8k_test_0312,train,remove,C0_exact,gsm8k_copy
pairs_arith_v2.csv,2789,arithmetic,gsm8k_test_0312,train,remove,C1_transformed,lmsys_rephrase
pairs_arith_v2.csv,2790,arithmetic,gsm8k_test_0312,train,remove,C2_answer_bearing,gsm8k_solution_frag
pairs_arith_v2.csv,2791,arithmetic,gsm8k_test_0312,train,retain,H2_same_template,gsmplus_numerical_substitution
pairs_arith_v2.csv,2792,arithmetic,gsm8k_test_0312,train,remove,C1_transformed,gsmplus_problem_understanding
pairs_arith_v2.csv,2793,arithmetic,gsm8k_test_0312,train,retain,H2_same_template,gsmplus_critical_thinking
pairs_arith_v2.csv,2794,arithmetic,gsm8k_test_0312,train,retain,H1_same_topic,svamp
pairs_arith_v2.csv,2795,arithmetic,gsm8k_test_0312,train,retain,H3_predating,asdiv
pairs_arith_v2.csv,2796,arithmetic,gsm8k_test_0312,train,retain,R_random,truthfulqa
pairs_arith_v2.csv,2824,arithmetic,gsm8k_test_0316,train,remove,C0_exact,gsm8k_copy
pairs_arith_v2.csv,2825,arithmetic,gsm8k_test_0316,train,remove,C1_transformed,lmsys_rephrase
pairs_arith_v2.csv,2826,arithmetic,gsm8k_test_0316,train,remove,C2_answer_bearing,gsm8k_solution_frag
pairs_arith_v2.csv,2827,arithmetic,gsm8k_test_0316,train,retain,H2_same_template,gsmplus_numerical_substitution
pairs_arith_v2.csv,2828,arithmetic,gsm8k_test_0316,train,remove,C1_transformed,gsmplus_problem_understanding
pairs_arith_v2.csv,2829,arithmetic,gsm8k_test_0316,train,retain,H2_same_template,gsmplus_critical_thinking
pairs_arith_v2.csv,2830,arithmetic,gsm8k_test_0316,train,retain,H1_same_topic,svamp
pairs_arith_v2.csv,2831,arithmetic,gsm8k_test_0316,train,retain,H3_predating,asdiv
pairs_arith_v2.csv,2832,arithmetic,gsm8k_test_0316,train,retain,R_random,truthfulqa
pairs_arith_v2.csv,2833,arithmetic,gsm8k_test_0317,train,remove,C0_exact,gsm8k_copy
pairs_arith_v2.csv,2834,arithmetic,gsm8k_test_0317,train,remove,C1_transformed,lmsys_rephrase
pairs_arith_v2.csv,2835,arithmetic,gsm8k_test_0317,train,remove,C2_answer_bearing,gsm8k_solution_frag
pairs_arith_v2.csv,2836,arithmetic,gsm8k_test_0317,train,retain,H2_same_template,gsmplus_numerical_substitution
pairs_arith_v2.csv,2837,arithmetic,gsm8k_test_0317,train,remove,C1_transformed,gsmplus_problem_understanding
pairs_arith_v2.csv,2838,arithmetic,gsm8k_test_0317,train,retain,H2_same_template,gsmplus_critical_thinking
pairs_arith_v2.csv,2839,arithmetic,gsm8k_test_0317,train,retain,H1_same_topic,svamp
pairs_arith_v2.csv,2840,arithmetic,gsm8k_test_0317,train,retain,H3_predating,asdiv
pairs_arith_v2.csv,2841,arithmetic,gsm8k_test_0317,train,retain,R_random,truthfulqa
pairs_arith_v2.csv,2860,arithmetic,gsm8k_test_0320,train,remove,C0_exact,gsm8k_copy
pairs_arith_v2.csv,2861,arithmetic,gsm8k_test_0320,train,remove,C1_transformed,lmsys_rephrase
pairs_arith_v2.csv,2862,arithmetic,gsm8k_test_0320,train,remove,C2_answer_bearing,gsm8k_solution_frag
pairs_arith_v2.csv,2863,arithmetic,gsm8k_test_0320,train,retain,H2_same_template,gsmplus_numerical_substitution
pairs_arith_v2.csv,2864,arithmetic,gsm8k_test_0320,train,remove,C1_transformed,gsmplus_problem_understanding
pairs_arith_v2.csv,2865,arithmetic,gsm8k_test_0320,train,retain,H2_same_template,gsmplus_critical_thinking
pairs_arith_v2.csv,2866,arithmetic,gsm8k_test_0320,train,retain,H1_same_topic,svamp
pairs_arith_v2.csv,2867,arithmetic,gsm8k_test_0320,train,retain,H3_predating,asdiv
pairs_arith_v2.csv,2868,arithmetic,gsm8k_test_0320,train,retain,R_random,truthfulqa
pairs_arith_v2.csv,2878,arithmetic,gsm8k_test_0322,train,remove,C0_exact,gsm8k_copy
pairs_arith_v2.csv,2879,arithmetic,gsm8k_test_0322,train,remove,C1_transformed,lmsys_rephrase
pairs_arith_v2.csv,2880,arithmetic,gsm8k_test_0322,train,remove,C2_answer_bearing,gsm8k_solution_frag
pairs_arith_v2.csv,2881,arithmetic,gsm8k_test_0322,train,retain,H2_same_template,gsmplus_numerical_substitution
pairs_arith_v2.csv,2882,arithmetic,gsm8k_test_0322,train,remove,C1_transformed,gsmplus_problem_understanding
pairs_arith_v2.csv,2883,arithmetic,gsm8k_test_0322,train,retain,H2_same_template,gsmplus_critical_thinking
pairs_arith_v2.csv,2884,arithmetic,gsm8k_test_0322,train,retain,H1_same_topic,svamp
pairs_arith_v2.csv,2885,arithmetic,gsm8k_test_0322,train,retain,H3_predating,asdiv
pairs_arith_v2.csv,2886,arithmetic,gsm8k_test_0322,train,retain,R_random,truthfulqa
pairs_arith_v2.csv,2932,arithmetic,gsm8k_test_0328,train,remove,C0_exact,gsm8k_copy
pairs_arith_v2.csv,2933,arithmetic,gsm8k_test_0328,train,remove,C1_transformed,lmsys_rephrase
pairs_arith_v2.csv,2934,arithmetic,gsm8k_test_0328,train,remove,C2_answer_bearing,gsm8k_solution_frag
pairs_arith_v2.csv,2935,arithmetic,gsm8k_test_0328,train,retain,H2_same_template,gsmplus_numerical_substitution
pairs_arith_v2.csv,2936,arithmetic,gsm8k_test_0328,train,remove,C1_transformed,gsmplus_problem_understanding
pairs_arith_v2.csv,2937,arithmetic,gsm8k_test_0328,train,retain,H2_same_template,gsmplus_critical_thinking
pairs_arith_v2.csv,2938,arithmetic,gsm8k_test_0328,train,retain,H1_same_topic,svamp
pairs_arith_v2.csv,2939,arithmetic,gsm8k_test_0328,train,retain,H3_predating,asdiv
pairs_arith_v2.csv,2940,arithmetic,gsm8k_test_0328,train,retain,R_random,truthfulqa
pairs_arith_v2.csv,2977,arithmetic,gsm8k_test_0333,train,remove,C0_exact,gsm8k_copy
pairs_arith_v2.csv,2978,arithmetic,gsm8k_test_0333,train,remove,C1_transformed,lmsys_rephrase
pairs_arith_v2.csv,2979,arithmetic,gsm8k_test_0333,train,remove,C2_answer_bearing,gsm8k_solution_frag
pairs_arith_v2.csv,2980,arithmetic,gsm8k_test_0333,train,retain,H2_same_template,gsmplus_numerical_substitution
pairs_arith_v2.csv,2981,arithmetic,gsm8k_test_0333,train,remove,C1_transformed,gsmplus_problem_understanding
pairs_arith_v2.csv,2982,arithmetic,gsm8k_test_0333,train,retain,H2_same_template,gsmplus_critical_thinking
pairs_arith_v2.csv,2983,arithmetic,gsm8k_test_0333,train,retain,H1_same_topic,svamp
pairs_arith_v2.csv,2984,arithmetic,gsm8k_test_0333,train,retain,H3_predating,asdiv
pairs_arith_v2.csv,2985,arithmetic,gsm8k_test_0333,train,retain,R_random,truthfulqa
pairs_arith_v2.csv,2986,arithmetic,gsm8k_test_0334,train,remove,C0_exact,gsm8k_copy
pairs_arith_v2.csv,2987,arithmetic,gsm8k_test_0334,train,remove,C1_transformed,lmsys_rephrase
pairs_arith_v2.csv,2988,arithmetic,gsm8k_test_0334,train,remove,C2_answer_bearing,gsm8k_solution_frag
pairs_arith_v2.csv,2989,arithmetic,gsm8k_test_0334,train,retain,H2_same_template,gsmplus_numerical_substitution
pairs_arith_v2.csv,2990,arithmetic,gsm8k_test_0334,train,remove,C1_transformed,gsmplus_problem_understanding
pairs_arith_v2.csv,2991,arithmetic,gsm8k_test_0334,train,retain,H2_same_template,gsmplus_critical_thinking
pairs_arith_v2.csv,2992,arithmetic,gsm8k_test_0334,train,retain,H1_same_topic,svamp
pairs_arith_v2.csv,2993,arithmetic,gsm8k_test_0334,train,retain,H3_predating,asdiv
pairs_arith_v2.csv,2994,arithmetic,gsm8k_test_0334,train,retain,R_random,truthfulqa
pairs_arith_v2.csv,3004,arithmetic,gsm8k_test_0336,train,remove,C0_exact,gsm8k_copy
pairs_arith_v2.csv,3005,arithmetic,gsm8k_test_0336,train,remove,C1_transformed,lmsys_rephrase
pairs_arith_v2.csv,3006,arithmetic,gsm8k_test_0336,train,remove,C2_answer_bearing,gsm8k_solution_frag
pairs_arith_v2.csv,3007,arithmetic,gsm8k_test_0336,train,retain,H2_same_template,gsmplus_numerical_substitution
pairs_arith_v2.csv,3008,arithmetic,gsm8k_test_0336,train,remove,C1_transformed,gsmplus_problem_understanding
pairs_arith_v2.csv,3009,arithmetic,gsm8k_test_0336,train,retain,H2_same_template,gsmplus_critical_thinking
pairs_arith_v2.csv,3010,arithmetic,gsm8k_test_0336,train,retain,H1_same_topic,svamp
pairs_arith_v2.csv,3011,arithmetic,gsm8k_test_0336,train,retain,H3_predating,asdiv
pairs_arith_v2.csv,3012,arithmetic,gsm8k_test_0336,train,retain,R_random,truthfulqa
pairs_arith_v2.csv,3076,arithmetic,gsm8k_test_0344,train,remove,C0_exact,gsm8k_copy
pairs_arith_v2.csv,3077,arithmetic,gsm8k_test_0344,train,remove,C1_transformed,lmsys_rephrase
pairs_arith_v2.csv,3078,arithmetic,gsm8k_test_0344,train,remove,C2_answer_bearing,gsm8k_solution_frag
pairs_arith_v2.csv,3079,arithmetic,gsm8k_test_0344,train,retain,H2_same_template,gsmplus_numerical_substitution
pairs_arith_v2.csv,3080,arithmetic,gsm8k_test_0344,train,remove,C1_transformed,gsmplus_problem_understanding
pairs_arith_v2.csv,3081,arithmetic,gsm8k_test_0344,train,retain,H2_same_template,gsmplus_critical_thinking
pairs_arith_v2.csv,3082,arithmetic,gsm8k_test_0344,train,retain,H1_same_topic,svamp
pairs_arith_v2.csv,3083,arithmetic,gsm8k_test_0344,train,retain,H3_predating,asdiv
pairs_arith_v2.csv,3084,arithmetic,gsm8k_test_0344,train,retain,R_random,truthfulqa
pairs_arith_v2.csv,3103,arithmetic,gsm8k_test_0347,train,remove,C0_exact,gsm8k_copy
pairs_arith_v2.csv,3104,arithmetic,gsm8k_test_0347,train,remove,C1_transformed,lmsys_rephrase
pairs_arith_v2.csv,3105,arithmetic,gsm8k_test_0347,train,remove,C2_answer_bearing,gsm8k_solution_frag
pairs_arith_v2.csv,3106,arithmetic,gsm8k_test_0347,train,retain,H2_same_template,gsmplus_numerical_substitution
pairs_arith_v2.csv,3107,arithmetic,gsm8k_test_0347,train,remove,C1_transformed,gsmplus_problem_understanding
pairs_arith_v2.csv,3108,arithmetic,gsm8k_test_0347,train,retain,H2_same_template,gsmplus_critical_thinking
pairs_arith_v2.csv,3109,arithmetic,gsm8k_test_0347,train,retain,H1_same_topic,svamp
pairs_arith_v2.csv,3110,arithmetic,gsm8k_test_0347,train,retain,H3_predating,asdiv
pairs_arith_v2.csv,3111,arithmetic,gsm8k_test_0347,train,retain,R_random,truthfulqa
pairs_arith_v2.csv,3148,arithmetic,gsm8k_test_0352,train,remove,C0_exact,gsm8k_copy
pairs_arith_v2.csv,3149,arithmetic,gsm8k_test_0352,train,remove,C1_transformed,lmsys_rephrase
pairs_arith_v2.csv,3150,arithmetic,gsm8k_test_0352,train,remove,C2_answer_bearing,gsm8k_solution_frag
pairs_arith_v2.csv,3151,arithmetic,gsm8k_test_0352,train,retain,H2_same_template,gsmplus_numerical_substitution
pairs_arith_v2.csv,3152,arithmetic,gsm8k_test_0352,train,remove,C1_transformed,gsmplus_problem_understanding
pairs_arith_v2.csv,3153,arithmetic,gsm8k_test_0352,train,retain,H2_same_template,gsmplus_critical_thinking
pairs_arith_v2.csv,3154,arithmetic,gsm8k_test_0352,train,retain,H1_same_topic,svamp
pairs_arith_v2.csv,3155,arithmetic,gsm8k_test_0352,train,retain,H3_predating,asdiv
pairs_arith_v2.csv,3156,arithmetic,gsm8k_test_0352,train,retain,R_random,truthfulqa
pairs_arith_v2.csv,3166,arithmetic,gsm8k_test_0354,train,remove,C0_exact,gsm8k_copy
pairs_arith_v2.csv,3167,arithmetic,gsm8k_test_0354,train,remove,C1_transformed,lmsys_rephrase
pairs_arith_v2.csv,3168,arithmetic,gsm8k_test_0354,train,remove,C2_answer_bearing,gsm8k_solution_frag
pairs_arith_v2.csv,3169,arithmetic,gsm8k_test_0354,train,retain,H2_same_template,gsmplus_numerical_substitution
pairs_arith_v2.csv,3170,arithmetic,gsm8k_test_0354,train,remove,C1_transformed,gsmplus_problem_understanding
pairs_arith_v2.csv,3171,arithmetic,gsm8k_test_0354,train,retain,H2_same_template,gsmplus_critical_thinking
pairs_arith_v2.csv,3172,arithmetic,gsm8k_test_0354,train,retain,H1_same_topic,svamp
pairs_arith_v2.csv,3173,arithmetic,gsm8k_test_0354,train,retain,H3_predating,asdiv
pairs_arith_v2.csv,3174,arithmetic,gsm8k_test_0354,train,retain,R_random,truthfulqa
pairs_arith_v2.csv,3175,arithmetic,gsm8k_test_0355,train,remove,C0_exact,gsm8k_copy
pairs_arith_v2.csv,3176,arithmetic,gsm8k_test_0355,train,remove,C1_transformed,lmsys_rephrase
pairs_arith_v2.csv,3177,arithmetic,gsm8k_test_0355,train,remove,C2_answer_bearing,gsm8k_solution_frag
pairs_arith_v2.csv,3178,arithmetic,gsm8k_test_0355,train,retain,H2_same_template,gsmplus_numerical_substitution
pairs_arith_v2.csv,3179,arithmetic,gsm8k_test_0355,train,remove,C1_transformed,gsmplus_problem_understanding
pairs_arith_v2.csv,3180,arithmetic,gsm8k_test_0355,train,retain,H2_same_template,gsmplus_critical_thinking
pairs_arith_v2.csv,3181,arithmetic,gsm8k_test_0355,train,retain,H1_same_topic,svamp
pairs_arith_v2.csv,3182,arithmetic,gsm8k_test_0355,train,retain,H3_predating,asdiv
pairs_arith_v2.csv,3183,arithmetic,gsm8k_test_0355,train,retain,R_random,truthfulqa
pairs_arith_v2.csv,3184,arithmetic,gsm8k_test_0356,train,remove,C0_exact,gsm8k_copy
pairs_arith_v2.csv,3185,arithmetic,gsm8k_test_0356,train,remove,C1_transformed,lmsys_rephrase
pairs_arith_v2.csv,3186,arithmetic,gsm8k_test_0356,train,remove,C2_answer_bearing,gsm8k_solution_frag
pairs_arith_v2.csv,3187,arithmetic,gsm8k_test_0356,train,retain,H2_same_template,gsmplus_numerical_substitution
pairs_arith_v2.csv,3188,arithmetic,gsm8k_test_0356,train,remove,C1_transformed,gsmplus_problem_understanding
pairs_arith_v2.csv,3189,arithmetic,gsm8k_test_0356,train,retain,H2_same_template,gsmplus_critical_thinking
pairs_arith_v2.csv,3190,arithmetic,gsm8k_test_0356,train,retain,H1_same_topic,svamp
pairs_arith_v2.csv,3191,arithmetic,gsm8k_test_0356,train,retain,H3_predating,asdiv
pairs_arith_v2.csv,3192,arithmetic,gsm8k_test_0356,train,retain,R_random,truthfulqa
pairs_arith_v2.csv,3193,arithmetic,gsm8k_test_0357,train,remove,C0_exact,gsm8k_copy
pairs_arith_v2.csv,3194,arithmetic,gsm8k_test_0357,train,remove,C1_transformed,lmsys_rephrase
pairs_arith_v2.csv,3195,arithmetic,gsm8k_test_0357,train,remove,C2_answer_bearing,gsm8k_solution_frag
pairs_arith_v2.csv,3196,arithmetic,gsm8k_test_0357,train,retain,H2_same_template,gsmplus_numerical_substitution
pairs_arith_v2.csv,3197,arithmetic,gsm8k_test_0357,train,remove,C1_transformed,gsmplus_problem_understanding
pairs_arith_v2.csv,3198,arithmetic,gsm8k_test_0357,train,retain,H2_same_template,gsmplus_critical_thinking
pairs_arith_v2.csv,3199,arithmetic,gsm8k_test_0357,train,retain,H1_same_topic,svamp
pairs_arith_v2.csv,3200,arithmetic,gsm8k_test_0357,train,retain,H3_predating,asdiv
pairs_arith_v2.csv,3201,arithmetic,gsm8k_test_0357,train,retain,R_random,truthfulqa
pairs_arith_v2.csv,3211,arithmetic,gsm8k_test_0359,train,remove,C0_exact,gsm8k_copy
pairs_arith_v2.csv,3212,arithmetic,gsm8k_test_0359,train,remove,C1_transformed,lmsys_rephrase
pairs_arith_v2.csv,3213,arithmetic,gsm8k_test_0359,train,remove,C2_answer_bearing,gsm8k_solution_frag
pairs_arith_v2.csv,3214,arithmetic,gsm8k_test_0359,train,retain,H2_same_template,gsmplus_numerical_substitution
pairs_arith_v2.csv,3215,arithmetic,gsm8k_test_0359,train,remove,C1_transformed,gsmplus_problem_understanding
pairs_arith_v2.csv,3216,arithmetic,gsm8k_test_0359,train,retain,H2_same_template,gsmplus_critical_thinking
pairs_arith_v2.csv,3217,arithmetic,gsm8k_test_0359,train,retain,H1_same_topic,svamp
pairs_arith_v2.csv,3218,arithmetic,gsm8k_test_0359,train,retain,H3_predating,asdiv
pairs_arith_v2.csv,3219,arithmetic,gsm8k_test_0359,train,retain,R_random,truthfulqa
pairs_arith_v2.csv,3220,arithmetic,gsm8k_test_0360,train,remove,C0_exact,gsm8k_copy
pairs_arith_v2.csv,3221,arithmetic,gsm8k_test_0360,train,remove,C1_transformed,lmsys_rephrase
pairs_arith_v2.csv,3222,arithmetic,gsm8k_test_0360,train,remove,C2_answer_bearing,gsm8k_solution_frag
pairs_arith_v2.csv,3223,arithmetic,gsm8k_test_0360,train,retain,H2_same_template,gsmplus_numerical_substitution
pairs_arith_v2.csv,3224,arithmetic,gsm8k_test_0360,train,remove,C1_transformed,gsmplus_problem_understanding
pairs_arith_v2.csv,3225,arithmetic,gsm8k_test_0360,train,retain,H2_same_template,gsmplus_critical_thinking
pairs_arith_v2.csv,3226,arithmetic,gsm8k_test_0360,train,retain,H1_same_topic,svamp
pairs_arith_v2.csv,3227,arithmetic,gsm8k_test_0360,train,retain,H3_predating,asdiv
pairs_arith_v2.csv,3228,arithmetic,gsm8k_test_0360,train,retain,R_random,truthfulqa
pairs_arith_v2.csv,3255,arithmetic,gsm8k_test_0364,train,remove,C0_exact,gsm8k_copy
pairs_arith_v2.csv,3256,arithmetic,gsm8k_test_0364,train,remove,C1_transformed,lmsys_rephrase
pairs_arith_v2.csv,3257,arithmetic,gsm8k_test_0364,train,remove,C2_answer_bearing,gsm8k_solution_frag
pairs_arith_v2.csv,3258,arithmetic,gsm8k_test_0364,train,retain,H2_same_template,gsmplus_numerical_substitution
pairs_arith_v2.csv,3259,arithmetic,gsm8k_test_0364,train,remove,C1_transformed,gsmplus_problem_understanding
pairs_arith_v2.csv,3260,arithmetic,gsm8k_test_0364,train,retain,H2_same_template,gsmplus_critical_thinking
pairs_arith_v2.csv,3261,arithmetic,gsm8k_test_0364,train,retain,H1_same_topic,svamp
pairs_arith_v2.csv,3262,arithmetic,gsm8k_test_0364,train,retain,H3_predating,asdiv
pairs_arith_v2.csv,3263,arithmetic,gsm8k_test_0364,train,retain,R_random,truthfulqa
pairs_arith_v2.csv,3273,arithmetic,gsm8k_test_0366,train,remove,C0_exact,gsm8k_copy
pairs_arith_v2.csv,3274,arithmetic,gsm8k_test_0366,train,remove,C1_transformed,lmsys_rephrase
pairs_arith_v2.csv,3275,arithmetic,gsm8k_test_0366,train,remove,C2_answer_bearing,gsm8k_solution_frag
pairs_arith_v2.csv,3276,arithmetic,gsm8k_test_0366,train,retain,H2_same_template,gsmplus_numerical_substitution
pairs_arith_v2.csv,3277,arithmetic,gsm8k_test_0366,train,remove,C1_transformed,gsmplus_problem_understanding
pairs_arith_v2.csv,3278,arithmetic,gsm8k_test_0366,train,retain,H2_same_template,gsmplus_critical_thinking
pairs_arith_v2.csv,3279,arithmetic,gsm8k_test_0366,train,retain,H1_same_topic,svamp
pairs_arith_v2.csv,3280,arithmetic,gsm8k_test_0366,train,retain,H3_predating,asdiv
pairs_arith_v2.csv,3281,arithmetic,gsm8k_test_0366,train,retain,R_random,truthfulqa
pairs_arith_v2.csv,3336,arithmetic,gsm8k_test_0373,train,remove,C0_exact,gsm8k_copy
pairs_arith_v2.csv,3337,arithmetic,gsm8k_test_0373,train,remove,C1_transformed,lmsys_rephrase
pairs_arith_v2.csv,3338,arithmetic,gsm8k_test_0373,train,remove,C2_answer_bearing,gsm8k_solution_frag
pairs_arith_v2.csv,3339,arithmetic,gsm8k_test_0373,train,retain,H2_same_template,gsmplus_numerical_substitution
pairs_arith_v2.csv,3340,arithmetic,gsm8k_test_0373,train,remove,C1_transformed,gsmplus_problem_understanding
pairs_arith_v2.csv,3341,arithmetic,gsm8k_test_0373,train,retain,H2_same_template,gsmplus_critical_thinking
pairs_arith_v2.csv,3342,arithmetic,gsm8k_test_0373,train,retain,H1_same_topic,svamp
pairs_arith_v2.csv,3343,arithmetic,gsm8k_test_0373,train,retain,H3_predating,asdiv
pairs_arith_v2.csv,3344,arithmetic,gsm8k_test_0373,train,retain,R_random,truthfulqa
pairs_arith_v2.csv,3389,arithmetic,gsm8k_test_0379,train,remove,C0_exact,gsm8k_copy
pairs_arith_v2.csv,3390,arithmetic,gsm8k_test_0379,train,remove,C1_transformed,lmsys_rephrase
pairs_arith_v2.csv,3391,arithmetic,gsm8k_test_0379,train,remove,C2_answer_bearing,gsm8k_solution_frag
pairs_arith_v2.csv,3392,arithmetic,gsm8k_test_0379,train,retain,H2_same_template,gsmplus_numerical_substitution
pairs_arith_v2.csv,3393,arithmetic,gsm8k_test_0379,train,remove,C1_transformed,gsmplus_problem_understanding
pairs_arith_v2.csv,3394,arithmetic,gsm8k_test_0379,train,retain,H2_same_template,gsmplus_critical_thinking
pairs_arith_v2.csv,3395,arithmetic,gsm8k_test_0379,train,retain,H1_same_topic,svamp
pairs_arith_v2.csv,3396,arithmetic,gsm8k_test_0379,train,retain,H3_predating,asdiv
pairs_arith_v2.csv,3397,arithmetic,gsm8k_test_0379,train,retain,R_random,truthfulqa
pairs_arith_v2.csv,3425,arithmetic,gsm8k_test_0383,train,remove,C0_exact,gsm8k_copy
pairs_arith_v2.csv,3426,arithmetic,gsm8k_test_0383,train,remove,C1_transformed,lmsys_rephrase
pairs_arith_v2.csv,3427,arithmetic,gsm8k_test_0383,train,remove,C2_answer_bearing,gsm8k_solution_frag
pairs_arith_v2.csv,3428,arithmetic,gsm8k_test_0383,train,retain,H2_same_template,gsmplus_numerical_substitution
pairs_arith_v2.csv,3429,arithmetic,gsm8k_test_0383,train,remove,C1_transformed,gsmplus_problem_understanding
pairs_arith_v2.csv,3430,arithmetic,gsm8k_test_0383,train,retain,H2_same_template,gsmplus_critical_thinking
pairs_arith_v2.csv,3431,arithmetic,gsm8k_test_0383,train,retain,H1_same_topic,svamp
pairs_arith_v2.csv,3432,arithmetic,gsm8k_test_0383,train,retain,H3_predating,asdiv
pairs_arith_v2.csv,3433,arithmetic,gsm8k_test_0383,train,retain,R_random,truthfulqa
pairs_arith_v2.csv,3443,arithmetic,gsm8k_test_0385,train,remove,C0_exact,gsm8k_copy
pairs_arith_v2.csv,3444,arithmetic,gsm8k_test_0385,train,remove,C1_transformed,lmsys_rephrase
pairs_arith_v2.csv,3445,arithmetic,gsm8k_test_0385,train,remove,C2_answer_bearing,gsm8k_solution_frag
pairs_arith_v2.csv,3446,arithmetic,gsm8k_test_0385,train,retain,H2_same_template,gsmplus_numerical_substitution
pairs_arith_v2.csv,3447,arithmetic,gsm8k_test_0385,train,remove,C1_transformed,gsmplus_problem_understanding
pairs_arith_v2.csv,3448,arithmetic,gsm8k_test_0385,train,retain,H2_same_template,gsmplus_critical_thinking
pairs_arith_v2.csv,3449,arithmetic,gsm8k_test_0385,train,retain,H1_same_topic,svamp
pairs_arith_v2.csv,3450,arithmetic,gsm8k_test_0385,train,retain,H3_predating,asdiv
pairs_arith_v2.csv,3451,arithmetic,gsm8k_test_0385,train,retain,R_random,truthfulqa
pairs_arith_v2.csv,3452,arithmetic,gsm8k_test_0386,train,remove,C0_exact,gsm8k_copy
pairs_arith_v2.csv,3453,arithmetic,gsm8k_test_0386,train,remove,C1_transformed,lmsys_rephrase
pairs_arith_v2.csv,3454,arithmetic,gsm8k_test_0386,train,remove,C2_answer_bearing,gsm8k_solution_frag
pairs_arith_v2.csv,3455,arithmetic,gsm8k_test_0386,train,retain,H2_same_template,gsmplus_numerical_substitution
pairs_arith_v2.csv,3456,arithmetic,gsm8k_test_0386,train,remove,C1_transformed,gsmplus_problem_understanding
pairs_arith_v2.csv,3457,arithmetic,gsm8k_test_0386,train,retain,H2_same_template,gsmplus_critical_thinking
pairs_arith_v2.csv,3458,arithmetic,gsm8k_test_0386,train,retain,H1_same_topic,svamp
pairs_arith_v2.csv,3459,arithmetic,gsm8k_test_0386,train,retain,H3_predating,asdiv
pairs_arith_v2.csv,3460,arithmetic,gsm8k_test_0386,train,retain,R_random,truthfulqa
pairs_arith_v2.csv,3497,arithmetic,gsm8k_test_0391,train,remove,C0_exact,gsm8k_copy
pairs_arith_v2.csv,3498,arithmetic,gsm8k_test_0391,train,remove,C1_transformed,lmsys_rephrase
pairs_arith_v2.csv,3499,arithmetic,gsm8k_test_0391,train,remove,C2_answer_bearing,gsm8k_solution_frag
pairs_arith_v2.csv,3500,arithmetic,gsm8k_test_0391,train,retain,H2_same_template,gsmplus_numerical_substitution
pairs_arith_v2.csv,3501,arithmetic,gsm8k_test_0391,train,remove,C1_transformed,gsmplus_problem_understanding
pairs_arith_v2.csv,3502,arithmetic,gsm8k_test_0391,train,retain,H2_same_template,gsmplus_critical_thinking
pairs_arith_v2.csv,3503,arithmetic,gsm8k_test_0391,train,retain,H1_same_topic,svamp
pairs_arith_v2.csv,3504,arithmetic,gsm8k_test_0391,train,retain,H3_predating,asdiv
pairs_arith_v2.csv,3505,arithmetic,gsm8k_test_0391,train,retain,R_random,truthfulqa
pairs_arith_v2.csv,3560,arithmetic,gsm8k_test_0398,train,remove,C0_exact,gsm8k_copy
pairs_arith_v2.csv,3561,arithmetic,gsm8k_test_0398,train,remove,C1_transformed,lmsys_rephrase
pairs_arith_v2.csv,3562,arithmetic,gsm8k_test_0398,train,remove,C2_answer_bearing,gsm8k_solution_frag
pairs_arith_v2.csv,3563,arithmetic,gsm8k_test_0398,train,retain,H2_same_template,gsmplus_numerical_substitution
pairs_arith_v2.csv,3564,arithmetic,gsm8k_test_0398,train,remove,C1_transformed,gsmplus_problem_understanding
pairs_arith_v2.csv,3565,arithmetic,gsm8k_test_0398,train,retain,H2_same_template,gsmplus_critical_thinking
pairs_arith_v2.csv,3566,arithmetic,gsm8k_test_0398,train,retain,H1_same_topic,svamp
pairs_arith_v2.csv,3567,arithmetic,gsm8k_test_0398,train,retain,H3_predating,asdiv
pairs_arith_v2.csv,3568,arithmetic,gsm8k_test_0398,train,retain,R_random,truthfulqa
pairs_arith_v2.csv,3569,arithmetic,gsm8k_test_0399,train,remove,C0_exact,gsm8k_copy
pairs_arith_v2.csv,3570,arithmetic,gsm8k_test_0399,train,remove,C1_transformed,lmsys_rephrase
pairs_arith_v2.csv,3571,arithmetic,gsm8k_test_0399,train,remove,C2_answer_bearing,gsm8k_solution_frag
pairs_arith_v2.csv,3572,arithmetic,gsm8k_test_0399,train,retain,H2_same_template,gsmplus_numerical_substitution
pairs_arith_v2.csv,3573,arithmetic,gsm8k_test_0399,train,remove,C1_transformed,gsmplus_problem_understanding
pairs_arith_v2.csv,3574,arithmetic,gsm8k_test_0399,train,retain,H2_same_template,gsmplus_critical_thinking
pairs_arith_v2.csv,3575,arithmetic,gsm8k_test_0399,train,retain,H1_same_topic,svamp
pairs_arith_v2.csv,3576,arithmetic,gsm8k_test_0399,train,retain,H3_predating,asdiv
pairs_arith_v2.csv,3577,arithmetic,gsm8k_test_0399,train,retain,R_random,truthfulqa
pairs_arith_v2.csv,3622,arithmetic,gsm8k_test_0405,train,remove,C0_exact,gsm8k_copy
pairs_arith_v2.csv,3623,arithmetic,gsm8k_test_0405,train,remove,C1_transformed,lmsys_rephrase
pairs_arith_v2.csv,3624,arithmetic,gsm8k_test_0405,train,remove,C2_answer_bearing,gsm8k_solution_frag
pairs_arith_v2.csv,3625,arithmetic,gsm8k_test_0405,train,retain,H2_same_template,gsmplus_numerical_substitution
pairs_arith_v2.csv,3626,arithmetic,gsm8k_test_0405,train,remove,C1_transformed,gsmplus_problem_understanding
pairs_arith_v2.csv,3627,arithmetic,gsm8k_test_0405,train,retain,H2_same_template,gsmplus_critical_thinking
pairs_arith_v2.csv,3628,arithmetic,gsm8k_test_0405,train,retain,H1_same_topic,svamp
pairs_arith_v2.csv,3629,arithmetic,gsm8k_test_0405,train,retain,H3_predating,asdiv
pairs_arith_v2.csv,3630,arithmetic,gsm8k_test_0405,train,retain,R_random,truthfulqa
pairs_arith_v2.csv,3667,arithmetic,gsm8k_test_0410,train,remove,C0_exact,gsm8k_copy
pairs_arith_v2.csv,3668,arithmetic,gsm8k_test_0410,train,remove,C1_transformed,lmsys_rephrase
pairs_arith_v2.csv,3669,arithmetic,gsm8k_test_0410,train,remove,C2_answer_bearing,gsm8k_solution_frag
pairs_arith_v2.csv,3670,arithmetic,gsm8k_test_0410,train,retain,H2_same_template,gsmplus_numerical_substitution
pairs_arith_v2.csv,3671,arithmetic,gsm8k_test_0410,train,remove,C1_transformed,gsmplus_problem_understanding
pairs_arith_v2.csv,3672,arithmetic,gsm8k_test_0410,train,retain,H2_same_template,gsmplus_critical_thinking
pairs_arith_v2.csv,3673,arithmetic,gsm8k_test_0410,train,retain,H1_same_topic,svamp
pairs_arith_v2.csv,3674,arithmetic,gsm8k_test_0410,train,retain,H3_predating,asdiv
pairs_arith_v2.csv,3675,arithmetic,gsm8k_test_0410,train,retain,R_random,truthfulqa
pairs_arith_v2.csv,3676,arithmetic,gsm8k_test_0411,train,remove,C0_exact,gsm8k_copy
pairs_arith_v2.csv,3677,arithmetic,gsm8k_test_0411,train,remove,C1_transformed,lmsys_rephrase
pairs_arith_v2.csv,3678,arithmetic,gsm8k_test_0411,train,remove,C2_answer_bearing,gsm8k_solution_frag
pairs_arith_v2.csv,3679,arithmetic,gsm8k_test_0411,train,retain,H2_same_template,gsmplus_numerical_substitution
pairs_arith_v2.csv,3680,arithmetic,gsm8k_test_0411,train,remove,C1_transformed,gsmplus_problem_understanding
pairs_arith_v2.csv,3681,arithmetic,gsm8k_test_0411,train,retain,H2_same_template,gsmplus_critical_thinking
pairs_arith_v2.csv,3682,arithmetic,gsm8k_test_0411,train,retain,H1_same_topic,svamp
pairs_arith_v2.csv,3683,arithmetic,gsm8k_test_0411,train,retain,H3_predating,asdiv
pairs_arith_v2.csv,3684,arithmetic,gsm8k_test_0411,train,retain,R_random,truthfulqa
pairs_arith_v2.csv,3712,arithmetic,gsm8k_test_0415,train,remove,C0_exact,gsm8k_copy
pairs_arith_v2.csv,3713,arithmetic,gsm8k_test_0415,train,remove,C1_transformed,lmsys_rephrase
pairs_arith_v2.csv,3714,arithmetic,gsm8k_test_0415,train,remove,C2_answer_bearing,gsm8k_solution_frag
pairs_arith_v2.csv,3715,arithmetic,gsm8k_test_0415,train,retain,H2_same_template,gsmplus_numerical_substitution
pairs_arith_v2.csv,3716,arithmetic,gsm8k_test_0415,train,remove,C1_transformed,gsmplus_problem_understanding
pairs_arith_v2.csv,3717,arithmetic,gsm8k_test_0415,train,retain,H2_same_template,gsmplus_critical_thinking
pairs_arith_v2.csv,3718,arithmetic,gsm8k_test_0415,train,retain,H1_same_topic,svamp
pairs_arith_v2.csv,3719,arithmetic,gsm8k_test_0415,train,retain,H3_predating,asdiv
pairs_arith_v2.csv,3720,arithmetic,gsm8k_test_0415,train,retain,R_random,truthfulqa
pairs_arith_v2.csv,3721,arithmetic,gsm8k_test_0416,train,remove,C0_exact,gsm8k_copy
pairs_arith_v2.csv,3722,arithmetic,gsm8k_test_0416,train,remove,C1_transformed,lmsys_rephrase
pairs_arith_v2.csv,3723,arithmetic,gsm8k_test_0416,train,remove,C2_answer_bearing,gsm8k_solution_frag
pairs_arith_v2.csv,3724,arithmetic,gsm8k_test_0416,train,retain,H2_same_template,gsmplus_numerical_substitution
pairs_arith_v2.csv,3725,arithmetic,gsm8k_test_0416,train,remove,C1_transformed,gsmplus_problem_understanding
pairs_arith_v2.csv,3726,arithmetic,gsm8k_test_0416,train,retain,H2_same_template,gsmplus_critical_thinking
pairs_arith_v2.csv,3727,arithmetic,gsm8k_test_0416,train,retain,H1_same_topic,svamp
pairs_arith_v2.csv,3728,arithmetic,gsm8k_test_0416,train,retain,H3_predating,asdiv
pairs_arith_v2.csv,3729,arithmetic,gsm8k_test_0416,train,retain,R_random,truthfulqa
pairs_arith_v2.csv,3766,arithmetic,gsm8k_test_0421,train,remove,C0_exact,gsm8k_copy
pairs_arith_v2.csv,3767,arithmetic,gsm8k_test_0421,train,remove,C1_transformed,lmsys_rephrase
pairs_arith_v2.csv,3768,arithmetic,gsm8k_test_0421,train,remove,C2_answer_bearing,gsm8k_solution_frag
pairs_arith_v2.csv,3769,arithmetic,gsm8k_test_0421,train,retain,H2_same_template,gsmplus_numerical_substitution
pairs_arith_v2.csv,3770,arithmetic,gsm8k_test_0421,train,remove,C1_transformed,gsmplus_problem_understanding
pairs_arith_v2.csv,3771,arithmetic,gsm8k_test_0421,train,retain,H2_same_template,gsmplus_critical_thinking
pairs_arith_v2.csv,3772,arithmetic,gsm8k_test_0421,train,retain,H1_same_topic,svamp
pairs_arith_v2.csv,3773,arithmetic,gsm8k_test_0421,train,retain,H3_predating,asdiv
pairs_arith_v2.csv,3774,arithmetic,gsm8k_test_0421,train,retain,R_random,truthfulqa
pairs_arith_v2.csv,3775,arithmetic,gsm8k_test_0422,train,remove,C0_exact,gsm8k_copy
pairs_arith_v2.csv,3776,arithmetic,gsm8k_test_0422,train,remove,C1_transformed,lmsys_rephrase
pairs_arith_v2.csv,3777,arithmetic,gsm8k_test_0422,train,remove,C2_answer_bearing,gsm8k_solution_frag
pairs_arith_v2.csv,3778,arithmetic,gsm8k_test_0422,train,retain,H2_same_template,gsmplus_numerical_substitution
pairs_arith_v2.csv,3779,arithmetic,gsm8k_test_0422,train,remove,C1_transformed,gsmplus_problem_understanding
pairs_arith_v2.csv,3780,arithmetic,gsm8k_test_0422,train,retain,H2_same_template,gsmplus_critical_thinking
pairs_arith_v2.csv,3781,arithmetic,gsm8k_test_0422,train,retain,H1_same_topic,svamp
pairs_arith_v2.csv,3782,arithmetic,gsm8k_test_0422,train,retain,H3_predating,asdiv
pairs_arith_v2.csv,3783,arithmetic,gsm8k_test_0422,train,retain,R_random,truthfulqa
pairs_arith_v2.csv,3793,arithmetic,gsm8k_test_0424,train,remove,C0_exact,gsm8k_copy
pairs_arith_v2.csv,3794,arithmetic,gsm8k_test_0424,train,remove,C1_transformed,lmsys_rephrase
pairs_arith_v2.csv,3795,arithmetic,gsm8k_test_0424,train,remove,C2_answer_bearing,gsm8k_solution_frag
pairs_arith_v2.csv,3796,arithmetic,gsm8k_test_0424,train,retain,H2_same_template,gsmplus_numerical_substitution
pairs_arith_v2.csv,3797,arithmetic,gsm8k_test_0424,train,remove,C1_transformed,gsmplus_problem_understanding
pairs_arith_v2.csv,3798,arithmetic,gsm8k_test_0424,train,retain,H2_same_template,gsmplus_critical_thinking
pairs_arith_v2.csv,3799,arithmetic,gsm8k_test_0424,train,retain,H1_same_topic,svamp
pairs_arith_v2.csv,3800,arithmetic,gsm8k_test_0424,train,retain,H3_predating,asdiv
pairs_arith_v2.csv,3801,arithmetic,gsm8k_test_0424,train,retain,R_random,truthfulqa
pairs_arith_v2.csv,3838,arithmetic,gsm8k_test_0429,train,remove,C0_exact,gsm8k_copy
pairs_arith_v2.csv,3839,arithmetic,gsm8k_test_0429,train,remove,C1_transformed,lmsys_rephrase
pairs_arith_v2.csv,3840,arithmetic,gsm8k_test_0429,train,remove,C2_answer_bearing,gsm8k_solution_frag
pairs_arith_v2.csv,3841,arithmetic,gsm8k_test_0429,train,retain,H2_same_template,gsmplus_numerical_substitution
pairs_arith_v2.csv,3842,arithmetic,gsm8k_test_0429,train,remove,C1_transformed,gsmplus_problem_understanding
pairs_arith_v2.csv,3843,arithmetic,gsm8k_test_0429,train,retain,H2_same_template,gsmplus_critical_thinking
pairs_arith_v2.csv,3844,arithmetic,gsm8k_test_0429,train,retain,H1_same_topic,svamp
pairs_arith_v2.csv,3845,arithmetic,gsm8k_test_0429,train,retain,H3_predating,asdiv
pairs_arith_v2.csv,3846,arithmetic,gsm8k_test_0429,train,retain,R_random,truthfulqa
pairs_arith_v2.csv,3874,arithmetic,gsm8k_test_0433,train,remove,C0_exact,gsm8k_copy
pairs_arith_v2.csv,3875,arithmetic,gsm8k_test_0433,train,remove,C1_transformed,lmsys_rephrase
pairs_arith_v2.csv,3876,arithmetic,gsm8k_test_0433,train,remove,C2_answer_bearing,gsm8k_solution_frag
pairs_arith_v2.csv,3877,arithmetic,gsm8k_test_0433,train,retain,H2_same_template,gsmplus_numerical_substitution
pairs_arith_v2.csv,3878,arithmetic,gsm8k_test_0433,train,remove,C1_transformed,gsmplus_problem_understanding
pairs_arith_v2.csv,3879,arithmetic,gsm8k_test_0433,train,retain,H2_same_template,gsmplus_critical_thinking
pairs_arith_v2.csv,3880,arithmetic,gsm8k_test_0433,train,retain,H1_same_topic,svamp
pairs_arith_v2.csv,3881,arithmetic,gsm8k_test_0433,train,retain,H3_predating,asdiv
pairs_arith_v2.csv,3882,arithmetic,gsm8k_test_0433,train,retain,R_random,truthfulqa
pairs_arith_v2.csv,3883,arithmetic,gsm8k_test_0434,train,remove,C0_exact,gsm8k_copy
pairs_arith_v2.csv,3884,arithmetic,gsm8k_test_0434,train,remove,C1_transformed,lmsys_rephrase
pairs_arith_v2.csv,3885,arithmetic,gsm8k_test_0434,train,remove,C2_answer_bearing,gsm8k_solution_frag
pairs_arith_v2.csv,3886,arithmetic,gsm8k_test_0434,train,retain,H2_same_template,gsmplus_numerical_substitution
pairs_arith_v2.csv,3887,arithmetic,gsm8k_test_0434,train,remove,C1_transformed,gsmplus_problem_understanding
pairs_arith_v2.csv,3888,arithmetic,gsm8k_test_0434,train,retain,H2_same_template,gsmplus_critical_thinking
pairs_arith_v2.csv,3889,arithmetic,gsm8k_test_0434,train,retain,H1_same_topic,svamp
pairs_arith_v2.csv,3890,arithmetic,gsm8k_test_0434,train,retain,H3_predating,asdiv
pairs_arith_v2.csv,3891,arithmetic,gsm8k_test_0434,train,retain,R_random,truthfulqa
pairs_arith_v2.csv,3928,arithmetic,gsm8k_test_0439,train,remove,C0_exact,gsm8k_copy
pairs_arith_v2.csv,3929,arithmetic,gsm8k_test_0439,train,remove,C1_transformed,lmsys_rephrase
pairs_arith_v2.csv,3930,arithmetic,gsm8k_test_0439,train,remove,C2_answer_bearing,gsm8k_solution_frag
pairs_arith_v2.csv,3931,arithmetic,gsm8k_test_0439,train,retain,H2_same_template,gsmplus_numerical_substitution
pairs_arith_v2.csv,3932,arithmetic,gsm8k_test_0439,train,remove,C1_transformed,gsmplus_problem_understanding
pairs_arith_v2.csv,3933,arithmetic,gsm8k_test_0439,train,retain,H2_same_template,gsmplus_critical_thinking
pairs_arith_v2.csv,3934,arithmetic,gsm8k_test_0439,train,retain,H1_same_topic,svamp
pairs_arith_v2.csv,3935,arithmetic,gsm8k_test_0439,train,retain,H3_predating,asdiv
pairs_arith_v2.csv,3936,arithmetic,gsm8k_test_0439,train,retain,R_random,truthfulqa
pairs_arith_v2.csv,3937,arithmetic,gsm8k_test_0440,train,remove,C0_exact,gsm8k_copy
pairs_arith_v2.csv,3938,arithmetic,gsm8k_test_0440,train,remove,C1_transformed,lmsys_rephrase
pairs_arith_v2.csv,3939,arithmetic,gsm8k_test_0440,train,remove,C2_answer_bearing,gsm8k_solution_frag
pairs_arith_v2.csv,3940,arithmetic,gsm8k_test_0440,train,retain,H2_same_template,gsmplus_numerical_substitution
pairs_arith_v2.csv,3941,arithmetic,gsm8k_test_0440,train,remove,C1_transformed,gsmplus_problem_understanding
pairs_arith_v2.csv,3942,arithmetic,gsm8k_test_0440,train,retain,H2_same_template,gsmplus_critical_thinking
pairs_arith_v2.csv,3943,arithmetic,gsm8k_test_0440,train,retain,H1_same_topic,svamp
pairs_arith_v2.csv,3944,arithmetic,gsm8k_test_0440,train,retain,H3_predating,asdiv
pairs_arith_v2.csv,3945,arithmetic,gsm8k_test_0440,train,retain,R_random,truthfulqa
pairs_arith_v2.csv,3946,arithmetic,gsm8k_test_0441,train,remove,C0_exact,gsm8k_copy
pairs_arith_v2.csv,3947,arithmetic,gsm8k_test_0441,train,remove,C1_transformed,lmsys_rephrase
pairs_arith_v2.csv,3948,arithmetic,gsm8k_test_0441,train,remove,C2_answer_bearing,gsm8k_solution_frag
pairs_arith_v2.csv,3949,arithmetic,gsm8k_test_0441,train,retain,H2_same_template,gsmplus_numerical_substitution
pairs_arith_v2.csv,3950,arithmetic,gsm8k_test_0441,train,remove,C1_transformed,gsmplus_problem_understanding
pairs_arith_v2.csv,3951,arithmetic,gsm8k_test_0441,train,retain,H2_same_template,gsmplus_critical_thinking
pairs_arith_v2.csv,3952,arithmetic,gsm8k_test_0441,train,retain,H1_same_topic,svamp
pairs_arith_v2.csv,3953,arithmetic,gsm8k_test_0441,train,retain,H3_predating,asdiv
pairs_arith_v2.csv,3954,arithmetic,gsm8k_test_0441,train,retain,R_random,truthfulqa
pairs_arith_v2.csv,3973,arithmetic,gsm8k_test_0444,train,remove,C0_exact,gsm8k_copy
pairs_arith_v2.csv,3974,arithmetic,gsm8k_test_0444,train,remove,C1_transformed,lmsys_rephrase
pairs_arith_v2.csv,3975,arithmetic,gsm8k_test_0444,train,remove,C2_answer_bearing,gsm8k_solution_frag
pairs_arith_v2.csv,3976,arithmetic,gsm8k_test_0444,train,retain,H2_same_template,gsmplus_numerical_substitution
pairs_arith_v2.csv,3977,arithmetic,gsm8k_test_0444,train,remove,C1_transformed,gsmplus_problem_understanding
pairs_arith_v2.csv,3978,arithmetic,gsm8k_test_0444,train,retain,H2_same_template,gsmplus_critical_thinking
pairs_arith_v2.csv,3979,arithmetic,gsm8k_test_0444,train,retain,H1_same_topic,svamp
pairs_arith_v2.csv,3980,arithmetic,gsm8k_test_0444,train,retain,H3_predating,asdiv
pairs_arith_v2.csv,3981,arithmetic,gsm8k_test_0444,train,retain,R_random,truthfulqa
pairs_arith_v2.csv,4009,arithmetic,gsm8k_test_0448,train,remove,C0_exact,gsm8k_copy
pairs_arith_v2.csv,4010,arithmetic,gsm8k_test_0448,train,remove,C1_transformed,lmsys_rephrase
pairs_arith_v2.csv,4011,arithmetic,gsm8k_test_0448,train,remove,C2_answer_bearing,gsm8k_solution_frag
pairs_arith_v2.csv,4012,arithmetic,gsm8k_test_0448,train,retain,H2_same_template,gsmplus_numerical_substitution
pairs_arith_v2.csv,4013,arithmetic,gsm8k_test_0448,train,remove,C1_transformed,gsmplus_problem_understanding
pairs_arith_v2.csv,4014,arithmetic,gsm8k_test_0448,train,retain,H2_same_template,gsmplus_critical_thinking
pairs_arith_v2.csv,4015,arithmetic,gsm8k_test_0448,train,retain,H1_same_topic,svamp
pairs_arith_v2.csv,4016,arithmetic,gsm8k_test_0448,train,retain,H3_predating,asdiv
pairs_arith_v2.csv,4017,arithmetic,gsm8k_test_0448,train,retain,R_random,truthfulqa
pairs_arith_v2.csv,4018,arithmetic,gsm8k_test_0449,train,remove,C0_exact,gsm8k_copy
pairs_arith_v2.csv,4019,arithmetic,gsm8k_test_0449,train,remove,C1_transformed,lmsys_rephrase
pairs_arith_v2.csv,4020,arithmetic,gsm8k_test_0449,train,remove,C2_answer_bearing,gsm8k_solution_frag
pairs_arith_v2.csv,4021,arithmetic,gsm8k_test_0449,train,retain,H2_same_template,gsmplus_numerical_substitution
pairs_arith_v2.csv,4022,arithmetic,gsm8k_test_0449,train,remove,C1_transformed,gsmplus_problem_understanding
pairs_arith_v2.csv,4023,arithmetic,gsm8k_test_0449,train,retain,H2_same_template,gsmplus_critical_thinking
pairs_arith_v2.csv,4024,arithmetic,gsm8k_test_0449,train,retain,H1_same_topic,svamp
pairs_arith_v2.csv,4025,arithmetic,gsm8k_test_0449,train,retain,H3_predating,asdiv
pairs_arith_v2.csv,4026,arithmetic,gsm8k_test_0449,train,retain,R_random,truthfulqa
pairs_arith_v2.csv,4036,arithmetic,gsm8k_test_0451,train,remove,C0_exact,gsm8k_copy
pairs_arith_v2.csv,4037,arithmetic,gsm8k_test_0451,train,remove,C1_transformed,lmsys_rephrase
pairs_arith_v2.csv,4038,arithmetic,gsm8k_test_0451,train,remove,C2_answer_bearing,gsm8k_solution_frag
pairs_arith_v2.csv,4039,arithmetic,gsm8k_test_0451,train,retain,H2_same_template,gsmplus_numerical_substitution
pairs_arith_v2.csv,4040,arithmetic,gsm8k_test_0451,train,remove,C1_transformed,gsmplus_problem_understanding
pairs_arith_v2.csv,4041,arithmetic,gsm8k_test_0451,train,retain,H2_same_template,gsmplus_critical_thinking
pairs_arith_v2.csv,4042,arithmetic,gsm8k_test_0451,train,retain,H1_same_topic,svamp
pairs_arith_v2.csv,4043,arithmetic,gsm8k_test_0451,train,retain,H3_predating,asdiv
pairs_arith_v2.csv,4044,arithmetic,gsm8k_test_0451,train,retain,R_random,truthfulqa
pairs_arith_v2.csv,4054,arithmetic,gsm8k_test_0453,train,remove,C0_exact,gsm8k_copy
pairs_arith_v2.csv,4055,arithmetic,gsm8k_test_0453,train,remove,C1_transformed,lmsys_rephrase
pairs_arith_v2.csv,4056,arithmetic,gsm8k_test_0453,train,remove,C2_answer_bearing,gsm8k_solution_frag
pairs_arith_v2.csv,4057,arithmetic,gsm8k_test_0453,train,retain,H2_same_template,gsmplus_numerical_substitution
pairs_arith_v2.csv,4058,arithmetic,gsm8k_test_0453,train,remove,C1_transformed,gsmplus_problem_understanding
pairs_arith_v2.csv,4059,arithmetic,gsm8k_test_0453,train,retain,H2_same_template,gsmplus_critical_thinking
pairs_arith_v2.csv,4060,arithmetic,gsm8k_test_0453,train,retain,H1_same_topic,svamp
pairs_arith_v2.csv,4061,arithmetic,gsm8k_test_0453,train,retain,H3_predating,asdiv
pairs_arith_v2.csv,4062,arithmetic,gsm8k_test_0453,train,retain,R_random,truthfulqa
pairs_arith_v2.csv,4072,arithmetic,gsm8k_test_0455,train,remove,C0_exact,gsm8k_copy
pairs_arith_v2.csv,4073,arithmetic,gsm8k_test_0455,train,remove,C1_transformed,lmsys_rephrase
pairs_arith_v2.csv,4074,arithmetic,gsm8k_test_0455,train,remove,C2_answer_bearing,gsm8k_solution_frag
pairs_arith_v2.csv,4075,arithmetic,gsm8k_test_0455,train,retain,H2_same_template,gsmplus_numerical_substitution
pairs_arith_v2.csv,4076,arithmetic,gsm8k_test_0455,train,remove,C1_transformed,gsmplus_problem_understanding
pairs_arith_v2.csv,4077,arithmetic,gsm8k_test_0455,train,retain,H2_same_template,gsmplus_critical_thinking
pairs_arith_v2.csv,4078,arithmetic,gsm8k_test_0455,train,retain,H1_same_topic,svamp
pairs_arith_v2.csv,4079,arithmetic,gsm8k_test_0455,train,retain,H3_predating,asdiv
pairs_arith_v2.csv,4080,arithmetic,gsm8k_test_0455,train,retain,R_random,truthfulqa
pairs_arith_v2.csv,4081,arithmetic,gsm8k_test_0456,train,remove,C0_exact,gsm8k_copy
pairs_arith_v2.csv,4082,arithmetic,gsm8k_test_0456,train,remove,C1_transformed,lmsys_rephrase
pairs_arith_v2.csv,4083,arithmetic,gsm8k_test_0456,train,remove,C2_answer_bearing,gsm8k_solution_frag
pairs_arith_v2.csv,4084,arithmetic,gsm8k_test_0456,train,retain,H2_same_template,gsmplus_numerical_substitution
pairs_arith_v2.csv,4085,arithmetic,gsm8k_test_0456,train,remove,C1_transformed,gsmplus_problem_understanding
pairs_arith_v2.csv,4086,arithmetic,gsm8k_test_0456,train,retain,H2_same_template,gsmplus_critical_thinking
pairs_arith_v2.csv,4087,arithmetic,gsm8k_test_0456,train,retain,H1_same_topic,svamp
pairs_arith_v2.csv,4088,arithmetic,gsm8k_test_0456,train,retain,H3_predating,asdiv
pairs_arith_v2.csv,4089,arithmetic,gsm8k_test_0456,train,retain,R_random,truthfulqa
pairs_arith_v2.csv,4099,arithmetic,gsm8k_test_0458,train,remove,C0_exact,gsm8k_copy
pairs_arith_v2.csv,4100,arithmetic,gsm8k_test_0458,train,remove,C1_transformed,lmsys_rephrase
pairs_arith_v2.csv,4101,arithmetic,gsm8k_test_0458,train,remove,C2_answer_bearing,gsm8k_solution_frag
pairs_arith_v2.csv,4102,arithmetic,gsm8k_test_0458,train,retain,H2_same_template,gsmplus_numerical_substitution
pairs_arith_v2.csv,4103,arithmetic,gsm8k_test_0458,train,remove,C1_transformed,gsmplus_problem_understanding
pairs_arith_v2.csv,4104,arithmetic,gsm8k_test_0458,train,retain,H2_same_template,gsmplus_critical_thinking
pairs_arith_v2.csv,4105,arithmetic,gsm8k_test_0458,train,retain,H1_same_topic,svamp
pairs_arith_v2.csv,4106,arithmetic,gsm8k_test_0458,train,retain,H3_predating,asdiv
pairs_arith_v2.csv,4107,arithmetic,gsm8k_test_0458,train,retain,R_random,truthfulqa
pairs_arith_v2.csv,4108,arithmetic,gsm8k_test_0459,train,remove,C0_exact,gsm8k_copy
pairs_arith_v2.csv,4109,arithmetic,gsm8k_test_0459,train,remove,C1_transformed,lmsys_rephrase
pairs_arith_v2.csv,4110,arithmetic,gsm8k_test_0459,train,remove,C2_answer_bearing,gsm8k_solution_frag
pairs_arith_v2.csv,4111,arithmetic,gsm8k_test_0459,train,retain,H2_same_template,gsmplus_numerical_substitution
pairs_arith_v2.csv,4112,arithmetic,gsm8k_test_0459,train,remove,C1_transformed,gsmplus_problem_understanding
pairs_arith_v2.csv,4113,arithmetic,gsm8k_test_0459,train,retain,H2_same_template,gsmplus_critical_thinking
pairs_arith_v2.csv,4114,arithmetic,gsm8k_test_0459,train,retain,H1_same_topic,svamp
pairs_arith_v2.csv,4115,arithmetic,gsm8k_test_0459,train,retain,H3_predating,asdiv
pairs_arith_v2.csv,4116,arithmetic,gsm8k_test_0459,train,retain,R_random,truthfulqa
pairs_arith_v2.csv,4117,arithmetic,gsm8k_test_0460,train,remove,C0_exact,gsm8k_copy
pairs_arith_v2.csv,4118,arithmetic,gsm8k_test_0460,train,remove,C1_transformed,lmsys_rephrase
pairs_arith_v2.csv,4119,arithmetic,gsm8k_test_0460,train,remove,C2_answer_bearing,gsm8k_solution_frag
pairs_arith_v2.csv,4120,arithmetic,gsm8k_test_0460,train,retain,H2_same_template,gsmplus_numerical_substitution
pairs_arith_v2.csv,4121,arithmetic,gsm8k_test_0460,train,remove,C1_transformed,gsmplus_problem_understanding
pairs_arith_v2.csv,4122,arithmetic,gsm8k_test_0460,train,retain,H2_same_template,gsmplus_critical_thinking
pairs_arith_v2.csv,4123,arithmetic,gsm8k_test_0460,train,retain,H1_same_topic,svamp
pairs_arith_v2.csv,4124,arithmetic,gsm8k_test_0460,train,retain,H3_predating,asdiv
pairs_arith_v2.csv,4125,arithmetic,gsm8k_test_0460,train,retain,R_random,truthfulqa
pairs_arith_v2.csv,4126,arithmetic,gsm8k_test_0461,train,remove,C0_exact,gsm8k_copy
pairs_arith_v2.csv,4127,arithmetic,gsm8k_test_0461,train,remove,C1_transformed,lmsys_rephrase
pairs_arith_v2.csv,4128,arithmetic,gsm8k_test_0461,train,remove,C2_answer_bearing,gsm8k_solution_frag
pairs_arith_v2.csv,4129,arithmetic,gsm8k_test_0461,train,retain,H2_same_template,gsmplus_numerical_substitution
pairs_arith_v2.csv,4130,arithmetic,gsm8k_test_0461,train,remove,C1_transformed,gsmplus_problem_understanding
pairs_arith_v2.csv,4131,arithmetic,gsm8k_test_0461,train,retain,H2_same_template,gsmplus_critical_thinking
pairs_arith_v2.csv,4132,arithmetic,gsm8k_test_0461,train,retain,H1_same_topic,svamp
pairs_arith_v2.csv,4133,arithmetic,gsm8k_test_0461,train,retain,H3_predating,asdiv
pairs_arith_v2.csv,4134,arithmetic,gsm8k_test_0461,train,retain,R_random,truthfulqa
pairs_arith_v2.csv,4144,arithmetic,gsm8k_test_0463,train,remove,C0_exact,gsm8k_copy
pairs_arith_v2.csv,4145,arithmetic,gsm8k_test_0463,train,remove,C1_transformed,lmsys_rephrase
pairs_arith_v2.csv,4146,arithmetic,gsm8k_test_0463,train,remove,C2_answer_bearing,gsm8k_solution_frag
pairs_arith_v2.csv,4147,arithmetic,gsm8k_test_0463,train,retain,H2_same_template,gsmplus_numerical_substitution
pairs_arith_v2.csv,4148,arithmetic,gsm8k_test_0463,train,remove,C1_transformed,gsmplus_problem_understanding
pairs_arith_v2.csv,4149,arithmetic,gsm8k_test_0463,train,retain,H2_same_template,gsmplus_critical_thinking
pairs_arith_v2.csv,4150,arithmetic,gsm8k_test_0463,train,retain,H1_same_topic,svamp
pairs_arith_v2.csv,4151,arithmetic,gsm8k_test_0463,train,retain,H3_predating,asdiv
pairs_arith_v2.csv,4152,arithmetic,gsm8k_test_0463,train,retain,R_random,truthfulqa
pairs_arith_v2.csv,4207,arithmetic,gsm8k_test_0470,train,remove,C0_exact,gsm8k_copy
pairs_arith_v2.csv,4208,arithmetic,gsm8k_test_0470,train,remove,C1_transformed,lmsys_rephrase
pairs_arith_v2.csv,4209,arithmetic,gsm8k_test_0470,train,remove,C2_answer_bearing,gsm8k_solution_frag
pairs_arith_v2.csv,4210,arithmetic,gsm8k_test_0470,train,retain,H2_same_template,gsmplus_numerical_substitution
pairs_arith_v2.csv,4211,arithmetic,gsm8k_test_0470,train,remove,C1_transformed,gsmplus_problem_understanding
pairs_arith_v2.csv,4212,arithmetic,gsm8k_test_0470,train,retain,H2_same_template,gsmplus_critical_thinking
pairs_arith_v2.csv,4213,arithmetic,gsm8k_test_0470,train,retain,H1_same_topic,svamp
pairs_arith_v2.csv,4214,arithmetic,gsm8k_test_0470,train,retain,H3_predating,asdiv
pairs_arith_v2.csv,4215,arithmetic,gsm8k_test_0470,train,retain,R_random,truthfulqa
pairs_arith_v2.csv,4261,arithmetic,gsm8k_test_0476,train,remove,C0_exact,gsm8k_copy
pairs_arith_v2.csv,4262,arithmetic,gsm8k_test_0476,train,remove,C1_transformed,lmsys_rephrase
pairs_arith_v2.csv,4263,arithmetic,gsm8k_test_0476,train,remove,C2_answer_bearing,gsm8k_solution_frag
pairs_arith_v2.csv,4264,arithmetic,gsm8k_test_0476,train,retain,H2_same_template,gsmplus_numerical_substitution
pairs_arith_v2.csv,4265,arithmetic,gsm8k_test_0476,train,remove,C1_transformed,gsmplus_problem_understanding
pairs_arith_v2.csv,4266,arithmetic,gsm8k_test_0476,train,retain,H2_same_template,gsmplus_critical_thinking
pairs_arith_v2.csv,4267,arithmetic,gsm8k_test_0476,train,retain,H1_same_topic,svamp
pairs_arith_v2.csv,4268,arithmetic,gsm8k_test_0476,train,retain,H3_predating,asdiv
pairs_arith_v2.csv,4269,arithmetic,gsm8k_test_0476,train,retain,R_random,truthfulqa
pairs_arith_v2.csv,4270,arithmetic,gsm8k_test_0477,train,remove,C0_exact,gsm8k_copy
pairs_arith_v2.csv,4271,arithmetic,gsm8k_test_0477,train,remove,C1_transformed,lmsys_rephrase
pairs_arith_v2.csv,4272,arithmetic,gsm8k_test_0477,train,remove,C2_answer_bearing,gsm8k_solution_frag
pairs_arith_v2.csv,4273,arithmetic,gsm8k_test_0477,train,retain,H2_same_template,gsmplus_numerical_substitution
pairs_arith_v2.csv,4274,arithmetic,gsm8k_test_0477,train,remove,C1_transformed,gsmplus_problem_understanding
pairs_arith_v2.csv,4275,arithmetic,gsm8k_test_0477,train,retain,H2_same_template,gsmplus_critical_thinking
pairs_arith_v2.csv,4276,arithmetic,gsm8k_test_0477,train,retain,H1_same_topic,svamp
pairs_arith_v2.csv,4277,arithmetic,gsm8k_test_0477,train,retain,H3_predating,asdiv
pairs_arith_v2.csv,4278,arithmetic,gsm8k_test_0477,train,retain,R_random,truthfulqa
pairs_arith_v2.csv,4288,arithmetic,gsm8k_test_0479,train,remove,C0_exact,gsm8k_copy
pairs_arith_v2.csv,4289,arithmetic,gsm8k_test_0479,train,remove,C1_transformed,lmsys_rephrase
pairs_arith_v2.csv,4290,arithmetic,gsm8k_test_0479,train,remove,C2_answer_bearing,gsm8k_solution_frag
pairs_arith_v2.csv,4291,arithmetic,gsm8k_test_0479,train,retain,H2_same_template,gsmplus_numerical_substitution
pairs_arith_v2.csv,4292,arithmetic,gsm8k_test_0479,train,remove,C1_transformed,gsmplus_problem_understanding
pairs_arith_v2.csv,4293,arithmetic,gsm8k_test_0479,train,retain,H2_same_template,gsmplus_critical_thinking
pairs_arith_v2.csv,4294,arithmetic,gsm8k_test_0479,train,retain,H1_same_topic,svamp
pairs_arith_v2.csv,4295,arithmetic,gsm8k_test_0479,train,retain,H3_predating,asdiv
pairs_arith_v2.csv,4296,arithmetic,gsm8k_test_0479,train,retain,R_random,truthfulqa
pairs_arith_v2.csv,4359,arithmetic,gsm8k_test_0487,train,remove,C0_exact,gsm8k_copy
pairs_arith_v2.csv,4360,arithmetic,gsm8k_test_0487,train,remove,C1_transformed,lmsys_rephrase
pairs_arith_v2.csv,4361,arithmetic,gsm8k_test_0487,train,remove,C2_answer_bearing,gsm8k_solution_frag
pairs_arith_v2.csv,4362,arithmetic,gsm8k_test_0487,train,retain,H2_same_template,gsmplus_numerical_substitution
pairs_arith_v2.csv,4363,arithmetic,gsm8k_test_0487,train,remove,C1_transformed,gsmplus_problem_understanding
pairs_arith_v2.csv,4364,arithmetic,gsm8k_test_0487,train,retain,H2_same_template,gsmplus_critical_thinking
pairs_arith_v2.csv,4365,arithmetic,gsm8k_test_0487,train,retain,H1_same_topic,svamp
pairs_arith_v2.csv,4366,arithmetic,gsm8k_test_0487,train,retain,H3_predating,asdiv
pairs_arith_v2.csv,4367,arithmetic,gsm8k_test_0487,train,retain,R_random,truthfulqa
pairs_arith_v2.csv,4368,arithmetic,gsm8k_test_0488,train,remove,C0_exact,gsm8k_copy
pairs_arith_v2.csv,4369,arithmetic,gsm8k_test_0488,train,remove,C1_transformed,lmsys_rephrase
pairs_arith_v2.csv,4370,arithmetic,gsm8k_test_0488,train,remove,C2_answer_bearing,gsm8k_solution_frag
pairs_arith_v2.csv,4371,arithmetic,gsm8k_test_0488,train,retain,H2_same_template,gsmplus_numerical_substitution
pairs_arith_v2.csv,4372,arithmetic,gsm8k_test_0488,train,remove,C1_transformed,gsmplus_problem_understanding
pairs_arith_v2.csv,4373,arithmetic,gsm8k_test_0488,train,retain,H2_same_template,gsmplus_critical_thinking
pairs_arith_v2.csv,4374,arithmetic,gsm8k_test_0488,train,retain,H1_same_topic,svamp
pairs_arith_v2.csv,4375,arithmetic,gsm8k_test_0488,train,retain,H3_predating,asdiv
pairs_arith_v2.csv,4376,arithmetic,gsm8k_test_0488,train,retain,R_random,truthfulqa
pairs_arith_v2.csv,4377,arithmetic,gsm8k_test_0489,train,remove,C0_exact,gsm8k_copy
pairs_arith_v2.csv,4378,arithmetic,gsm8k_test_0489,train,remove,C1_transformed,lmsys_rephrase
pairs_arith_v2.csv,4379,arithmetic,gsm8k_test_0489,train,remove,C2_answer_bearing,gsm8k_solution_frag
pairs_arith_v2.csv,4380,arithmetic,gsm8k_test_0489,train,retain,H2_same_template,gsmplus_numerical_substitution
pairs_arith_v2.csv,4381,arithmetic,gsm8k_test_0489,train,remove,C1_transformed,gsmplus_problem_understanding
pairs_arith_v2.csv,4382,arithmetic,gsm8k_test_0489,train,retain,H2_same_template,gsmplus_critical_thinking
pairs_arith_v2.csv,4383,arithmetic,gsm8k_test_0489,train,retain,H1_same_topic,svamp
pairs_arith_v2.csv,4384,arithmetic,gsm8k_test_0489,train,retain,H3_predating,asdiv
pairs_arith_v2.csv,4385,arithmetic,gsm8k_test_0489,train,retain,R_random,truthfulqa
pairs_arith_v2.csv,4386,arithmetic,gsm8k_test_0490,train,remove,C0_exact,gsm8k_copy
pairs_arith_v2.csv,4387,arithmetic,gsm8k_test_0490,train,remove,C1_transformed,lmsys_rephrase
pairs_arith_v2.csv,4388,arithmetic,gsm8k_test_0490,train,remove,C2_answer_bearing,gsm8k_solution_frag
pairs_arith_v2.csv,4389,arithmetic,gsm8k_test_0490,train,remove,C1_transformed,gsmplus_problem_understanding
pairs_arith_v2.csv,4390,arithmetic,gsm8k_test_0490,train,retain,H2_same_template,gsmplus_critical_thinking
pairs_arith_v2.csv,4391,arithmetic,gsm8k_test_0490,train,retain,H1_same_topic,svamp
pairs_arith_v2.csv,4392,arithmetic,gsm8k_test_0490,train,retain,H3_predating,asdiv
pairs_arith_v2.csv,4393,arithmetic,gsm8k_test_0490,train,retain,R_random,truthfulqa
pairs_arith_v2.csv,4403,arithmetic,gsm8k_test_0492,train,remove,C0_exact,gsm8k_copy
pairs_arith_v2.csv,4404,arithmetic,gsm8k_test_0492,train,remove,C1_transformed,lmsys_rephrase
pairs_arith_v2.csv,4405,arithmetic,gsm8k_test_0492,train,remove,C2_answer_bearing,gsm8k_solution_frag
pairs_arith_v2.csv,4406,arithmetic,gsm8k_test_0492,train,retain,H2_same_template,gsmplus_numerical_substitution
pairs_arith_v2.csv,4407,arithmetic,gsm8k_test_0492,train,remove,C1_transformed,gsmplus_problem_understanding
pairs_arith_v2.csv,4408,arithmetic,gsm8k_test_0492,train,retain,H2_same_template,gsmplus_critical_thinking
pairs_arith_v2.csv,4409,arithmetic,gsm8k_test_0492,train,retain,H1_same_topic,svamp
pairs_arith_v2.csv,4410,arithmetic,gsm8k_test_0492,train,retain,H3_predating,asdiv
pairs_arith_v2.csv,4411,arithmetic,gsm8k_test_0492,train,retain,R_random,truthfulqa
pairs_arith_v2.csv,4412,arithmetic,gsm8k_test_0493,train,remove,C0_exact,gsm8k_copy
pairs_arith_v2.csv,4413,arithmetic,gsm8k_test_0493,train,remove,C1_transformed,lmsys_rephrase
pairs_arith_v2.csv,4414,arithmetic,gsm8k_test_0493,train,remove,C2_answer_bearing,gsm8k_solution_frag
pairs_arith_v2.csv,4415,arithmetic,gsm8k_test_0493,train,retain,H2_same_template,gsmplus_numerical_substitution
pairs_arith_v2.csv,4416,arithmetic,gsm8k_test_0493,train,remove,C1_transformed,gsmplus_problem_understanding
pairs_arith_v2.csv,4417,arithmetic,gsm8k_test_0493,train,retain,H2_same_template,gsmplus_critical_thinking
pairs_arith_v2.csv,4418,arithmetic,gsm8k_test_0493,train,retain,H1_same_topic,svamp
pairs_arith_v2.csv,4419,arithmetic,gsm8k_test_0493,train,retain,H3_predating,asdiv
pairs_arith_v2.csv,4420,arithmetic,gsm8k_test_0493,train,retain,R_random,truthfulqa
pairs_arith_v2.csv,4439,arithmetic,gsm8k_test_0496,train,remove,C0_exact,gsm8k_copy
pairs_arith_v2.csv,4440,arithmetic,gsm8k_test_0496,train,remove,C1_transformed,lmsys_rephrase
pairs_arith_v2.csv,4441,arithmetic,gsm8k_test_0496,train,remove,C2_answer_bearing,gsm8k_solution_frag
pairs_arith_v2.csv,4442,arithmetic,gsm8k_test_0496,train,retain,H2_same_template,gsmplus_numerical_substitution
pairs_arith_v2.csv,4443,arithmetic,gsm8k_test_0496,train,remove,C1_transformed,gsmplus_problem_understanding
pairs_arith_v2.csv,4444,arithmetic,gsm8k_test_0496,train,retain,H2_same_template,gsmplus_critical_thinking
pairs_arith_v2.csv,4445,arithmetic,gsm8k_test_0496,train,retain,H1_same_topic,svamp
pairs_arith_v2.csv,4446,arithmetic,gsm8k_test_0496,train,retain,H3_predating,asdiv
pairs_arith_v2.csv,4447,arithmetic,gsm8k_test_0496,train,retain,R_random,truthfulqa
pairs_arith_v2.csv,4448,arithmetic,gsm8k_test_0497,train,remove,C0_exact,gsm8k_copy
pairs_arith_v2.csv,4449,arithmetic,gsm8k_test_0497,train,remove,C1_transformed,lmsys_rephrase
pairs_arith_v2.csv,4450,arithmetic,gsm8k_test_0497,train,remove,C2_answer_bearing,gsm8k_solution_frag
pairs_arith_v2.csv,4451,arithmetic,gsm8k_test_0497,train,retain,H2_same_template,gsmplus_numerical_substitution
pairs_arith_v2.csv,4452,arithmetic,gsm8k_test_0497,train,remove,C1_transformed,gsmplus_problem_understanding
pairs_arith_v2.csv,4453,arithmetic,gsm8k_test_0497,train,retain,H2_same_template,gsmplus_critical_thinking
pairs_arith_v2.csv,4454,arithmetic,gsm8k_test_0497,train,retain,H1_same_topic,svamp
pairs_arith_v2.csv,4455,arithmetic,gsm8k_test_0497,train,retain,H3_predating,asdiv
pairs_arith_v2.csv,4456,arithmetic,gsm8k_test_0497,train,retain,R_random,truthfulqa
pairs_arith_v2.csv,4457,arithmetic,gsm8k_test_0498,train,remove,C0_exact,gsm8k_copy
pairs_arith_v2.csv,4458,arithmetic,gsm8k_test_0498,train,remove,C1_transformed,lmsys_rephrase
pairs_arith_v2.csv,4459,arithmetic,gsm8k_test_0498,train,remove,C2_answer_bearing,gsm8k_solution_frag
pairs_arith_v2.csv,4460,arithmetic,gsm8k_test_0498,train,retain,H2_same_template,gsmplus_numerical_substitution
pairs_arith_v2.csv,4461,arithmetic,gsm8k_test_0498,train,remove,C1_transformed,gsmplus_problem_understanding
pairs_arith_v2.csv,4462,arithmetic,gsm8k_test_0498,train,retain,H2_same_template,gsmplus_critical_thinking
pairs_arith_v2.csv,4463,arithmetic,gsm8k_test_0498,train,retain,H1_same_topic,svamp
pairs_arith_v2.csv,4464,arithmetic,gsm8k_test_0498,train,retain,H3_predating,asdiv
pairs_arith_v2.csv,4465,arithmetic,gsm8k_test_0498,train,retain,R_random,truthfulqa
pairs_arith_v2.csv,4484,arithmetic,gsm8k_test_0501,train,remove,C0_exact,gsm8k_copy
pairs_arith_v2.csv,4485,arithmetic,gsm8k_test_0501,train,remove,C1_transformed,lmsys_rephrase
pairs_arith_v2.csv,4486,arithmetic,gsm8k_test_0501,train,remove,C2_answer_bearing,gsm8k_solution_frag
pairs_arith_v2.csv,4487,arithmetic,gsm8k_test_0501,train,retain,H2_same_template,gsmplus_numerical_substitution
pairs_arith_v2.csv,4488,arithmetic,gsm8k_test_0501,train,remove,C1_transformed,gsmplus_problem_understanding
pairs_arith_v2.csv,4489,arithmetic,gsm8k_test_0501,train,retain,H2_same_template,gsmplus_critical_thinking
pairs_arith_v2.csv,4490,arithmetic,gsm8k_test_0501,train,retain,H1_same_topic,svamp
pairs_arith_v2.csv,4491,arithmetic,gsm8k_test_0501,train,retain,H3_predating,asdiv
pairs_arith_v2.csv,4492,arithmetic,gsm8k_test_0501,train,retain,R_random,truthfulqa
pairs_arith_v2.csv,4493,arithmetic,gsm8k_test_0502,train,remove,C0_exact,gsm8k_copy
pairs_arith_v2.csv,4494,arithmetic,gsm8k_test_0502,train,remove,C1_transformed,lmsys_rephrase
pairs_arith_v2.csv,4495,arithmetic,gsm8k_test_0502,train,remove,C2_answer_bearing,gsm8k_solution_frag
pairs_arith_v2.csv,4496,arithmetic,gsm8k_test_0502,train,retain,H2_same_template,gsmplus_numerical_substitution
pairs_arith_v2.csv,4497,arithmetic,gsm8k_test_0502,train,remove,C1_transformed,gsmplus_problem_understanding
pairs_arith_v2.csv,4498,arithmetic,gsm8k_test_0502,train,retain,H2_same_template,gsmplus_critical_thinking
pairs_arith_v2.csv,4499,arithmetic,gsm8k_test_0502,train,retain,H1_same_topic,svamp
pairs_arith_v2.csv,4500,arithmetic,gsm8k_test_0502,train,retain,H3_predating,asdiv
pairs_arith_v2.csv,4501,arithmetic,gsm8k_test_0502,train,retain,R_random,truthfulqa
pairs_arith_v2.csv,4511,arithmetic,gsm8k_test_0504,train,remove,C0_exact,gsm8k_copy
pairs_arith_v2.csv,4512,arithmetic,gsm8k_test_0504,train,remove,C1_transformed,lmsys_rephrase
pairs_arith_v2.csv,4513,arithmetic,gsm8k_test_0504,train,remove,C2_answer_bearing,gsm8k_solution_frag
pairs_arith_v2.csv,4514,arithmetic,gsm8k_test_0504,train,retain,H2_same_template,gsmplus_numerical_substitution
pairs_arith_v2.csv,4515,arithmetic,gsm8k_test_0504,train,remove,C1_transformed,gsmplus_problem_understanding
pairs_arith_v2.csv,4516,arithmetic,gsm8k_test_0504,train,retain,H2_same_template,gsmplus_critical_thinking
pairs_arith_v2.csv,4517,arithmetic,gsm8k_test_0504,train,retain,H1_same_topic,svamp
pairs_arith_v2.csv,4518,arithmetic,gsm8k_test_0504,train,retain,H3_predating,asdiv
pairs_arith_v2.csv,4519,arithmetic,gsm8k_test_0504,train,retain,R_random,truthfulqa
pairs_arith_v2.csv,4520,arithmetic,gsm8k_test_0505,train,remove,C0_exact,gsm8k_copy
pairs_arith_v2.csv,4521,arithmetic,gsm8k_test_0505,train,remove,C1_transformed,lmsys_rephrase
pairs_arith_v2.csv,4522,arithmetic,gsm8k_test_0505,train,remove,C2_answer_bearing,gsm8k_solution_frag
pairs_arith_v2.csv,4523,arithmetic,gsm8k_test_0505,train,retain,H2_same_template,gsmplus_numerical_substitution
pairs_arith_v2.csv,4524,arithmetic,gsm8k_test_0505,train,remove,C1_transformed,gsmplus_problem_understanding
pairs_arith_v2.csv,4525,arithmetic,gsm8k_test_0505,train,retain,H2_same_template,gsmplus_critical_thinking
pairs_arith_v2.csv,4526,arithmetic,gsm8k_test_0505,train,retain,H1_same_topic,svamp
pairs_arith_v2.csv,4527,arithmetic,gsm8k_test_0505,train,retain,H3_predating,asdiv
pairs_arith_v2.csv,4528,arithmetic,gsm8k_test_0505,train,retain,R_random,truthfulqa
pairs_arith_v2.csv,4538,arithmetic,gsm8k_test_0507,train,remove,C0_exact,gsm8k_copy
pairs_arith_v2.csv,4539,arithmetic,gsm8k_test_0507,train,remove,C1_transformed,lmsys_rephrase
pairs_arith_v2.csv,4540,arithmetic,gsm8k_test_0507,train,remove,C2_answer_bearing,gsm8k_solution_frag
pairs_arith_v2.csv,4541,arithmetic,gsm8k_test_0507,train,retain,H2_same_template,gsmplus_numerical_substitution
pairs_arith_v2.csv,4542,arithmetic,gsm8k_test_0507,train,remove,C1_transformed,gsmplus_problem_understanding
pairs_arith_v2.csv,4543,arithmetic,gsm8k_test_0507,train,retain,H2_same_template,gsmplus_critical_thinking
pairs_arith_v2.csv,4544,arithmetic,gsm8k_test_0507,train,retain,H1_same_topic,svamp
pairs_arith_v2.csv,4545,arithmetic,gsm8k_test_0507,train,retain,H3_predating,asdiv
pairs_arith_v2.csv,4546,arithmetic,gsm8k_test_0507,train,retain,R_random,truthfulqa
pairs_arith_v2.csv,4565,arithmetic,gsm8k_test_0510,train,remove,C0_exact,gsm8k_copy
pairs_arith_v2.csv,4566,arithmetic,gsm8k_test_0510,train,remove,C1_transformed,lmsys_rephrase
pairs_arith_v2.csv,4567,arithmetic,gsm8k_test_0510,train,remove,C2_answer_bearing,gsm8k_solution_frag
pairs_arith_v2.csv,4568,arithmetic,gsm8k_test_0510,train,retain,H2_same_template,gsmplus_numerical_substitution
pairs_arith_v2.csv,4569,arithmetic,gsm8k_test_0510,train,remove,C1_transformed,gsmplus_problem_understanding
pairs_arith_v2.csv,4570,arithmetic,gsm8k_test_0510,train,retain,H2_same_template,gsmplus_critical_thinking
pairs_arith_v2.csv,4571,arithmetic,gsm8k_test_0510,train,retain,H1_same_topic,svamp
pairs_arith_v2.csv,4572,arithmetic,gsm8k_test_0510,train,retain,H3_predating,asdiv
pairs_arith_v2.csv,4573,arithmetic,gsm8k_test_0510,train,retain,R_random,truthfulqa
pairs_arith_v2.csv,4601,arithmetic,gsm8k_test_0514,train,remove,C0_exact,gsm8k_copy
pairs_arith_v2.csv,4602,arithmetic,gsm8k_test_0514,train,remove,C1_transformed,lmsys_rephrase
pairs_arith_v2.csv,4603,arithmetic,gsm8k_test_0514,train,remove,C2_answer_bearing,gsm8k_solution_frag
pairs_arith_v2.csv,4604,arithmetic,gsm8k_test_0514,train,retain,H2_same_template,gsmplus_numerical_substitution
pairs_arith_v2.csv,4605,arithmetic,gsm8k_test_0514,train,remove,C1_transformed,gsmplus_problem_understanding
pairs_arith_v2.csv,4606,arithmetic,gsm8k_test_0514,train,retain,H2_same_template,gsmplus_critical_thinking
pairs_arith_v2.csv,4607,arithmetic,gsm8k_test_0514,train,retain,H1_same_topic,svamp
pairs_arith_v2.csv,4608,arithmetic,gsm8k_test_0514,train,retain,H3_predating,asdiv
pairs_arith_v2.csv,4609,arithmetic,gsm8k_test_0514,train,retain,R_random,truthfulqa
pairs_arith_v2.csv,4619,arithmetic,gsm8k_test_0516,train,remove,C0_exact,gsm8k_copy
pairs_arith_v2.csv,4620,arithmetic,gsm8k_test_0516,train,remove,C1_transformed,lmsys_rephrase
pairs_arith_v2.csv,4621,arithmetic,gsm8k_test_0516,train,remove,C2_answer_bearing,gsm8k_solution_frag
pairs_arith_v2.csv,4622,arithmetic,gsm8k_test_0516,train,retain,H2_same_template,gsmplus_numerical_substitution
pairs_arith_v2.csv,4623,arithmetic,gsm8k_test_0516,train,remove,C1_transformed,gsmplus_problem_understanding
pairs_arith_v2.csv,4624,arithmetic,gsm8k_test_0516,train,retain,H2_same_template,gsmplus_critical_thinking
pairs_arith_v2.csv,4625,arithmetic,gsm8k_test_0516,train,retain,H1_same_topic,svamp
pairs_arith_v2.csv,4626,arithmetic,gsm8k_test_0516,train,retain,H3_predating,asdiv
pairs_arith_v2.csv,4627,arithmetic,gsm8k_test_0516,train,retain,R_random,truthfulqa
pairs_arith_v2.csv,4637,arithmetic,gsm8k_test_0518,train,remove,C0_exact,gsm8k_copy
pairs_arith_v2.csv,4638,arithmetic,gsm8k_test_0518,train,remove,C1_transformed,lmsys_rephrase
pairs_arith_v2.csv,4639,arithmetic,gsm8k_test_0518,train,remove,C2_answer_bearing,gsm8k_solution_frag
pairs_arith_v2.csv,4640,arithmetic,gsm8k_test_0518,train,retain,H2_same_template,gsmplus_numerical_substitution
pairs_arith_v2.csv,4641,arithmetic,gsm8k_test_0518,train,remove,C1_transformed,gsmplus_problem_understanding
pairs_arith_v2.csv,4642,arithmetic,gsm8k_test_0518,train,retain,H2_same_template,gsmplus_critical_thinking
pairs_arith_v2.csv,4643,arithmetic,gsm8k_test_0518,train,retain,H1_same_topic,svamp
pairs_arith_v2.csv,4644,arithmetic,gsm8k_test_0518,train,retain,H3_predating,asdiv
pairs_arith_v2.csv,4645,arithmetic,gsm8k_test_0518,train,retain,R_random,truthfulqa
pairs_arith_v2.csv,4655,arithmetic,gsm8k_test_0520,train,remove,C0_exact,gsm8k_copy
pairs_arith_v2.csv,4656,arithmetic,gsm8k_test_0520,train,remove,C1_transformed,lmsys_rephrase
pairs_arith_v2.csv,4657,arithmetic,gsm8k_test_0520,train,remove,C2_answer_bearing,gsm8k_solution_frag
pairs_arith_v2.csv,4658,arithmetic,gsm8k_test_0520,train,retain,H2_same_template,gsmplus_numerical_substitution
pairs_arith_v2.csv,4659,arithmetic,gsm8k_test_0520,train,remove,C1_transformed,gsmplus_problem_understanding
pairs_arith_v2.csv,4660,arithmetic,gsm8k_test_0520,train,retain,H2_same_template,gsmplus_critical_thinking
pairs_arith_v2.csv,4661,arithmetic,gsm8k_test_0520,train,retain,H1_same_topic,svamp
pairs_arith_v2.csv,4662,arithmetic,gsm8k_test_0520,train,retain,H3_predating,asdiv
pairs_arith_v2.csv,4663,arithmetic,gsm8k_test_0520,train,retain,R_random,truthfulqa
pairs_arith_v2.csv,4691,arithmetic,gsm8k_test_0524,train,remove,C0_exact,gsm8k_copy
pairs_arith_v2.csv,4692,arithmetic,gsm8k_test_0524,train,remove,C1_transformed,lmsys_rephrase
pairs_arith_v2.csv,4693,arithmetic,gsm8k_test_0524,train,remove,C2_answer_bearing,gsm8k_solution_frag
pairs_arith_v2.csv,4694,arithmetic,gsm8k_test_0524,train,remove,C1_transformed,gsmplus_problem_understanding
pairs_arith_v2.csv,4695,arithmetic,gsm8k_test_0524,train,retain,H2_same_template,gsmplus_critical_thinking
pairs_arith_v2.csv,4696,arithmetic,gsm8k_test_0524,train,retain,H1_same_topic,svamp
pairs_arith_v2.csv,4697,arithmetic,gsm8k_test_0524,train,retain,H3_predating,asdiv
pairs_arith_v2.csv,4698,arithmetic,gsm8k_test_0524,train,retain,R_random,truthfulqa
pairs_arith_v2.csv,4717,arithmetic,gsm8k_test_0527,train,remove,C0_exact,gsm8k_copy
pairs_arith_v2.csv,4718,arithmetic,gsm8k_test_0527,train,remove,C1_transformed,lmsys_rephrase
pairs_arith_v2.csv,4719,arithmetic,gsm8k_test_0527,train,remove,C2_answer_bearing,gsm8k_solution_frag
pairs_arith_v2.csv,4720,arithmetic,gsm8k_test_0527,train,retain,H2_same_template,gsmplus_numerical_substitution
pairs_arith_v2.csv,4721,arithmetic,gsm8k_test_0527,train,remove,C1_transformed,gsmplus_problem_understanding
pairs_arith_v2.csv,4722,arithmetic,gsm8k_test_0527,train,retain,H2_same_template,gsmplus_critical_thinking
pairs_arith_v2.csv,4723,arithmetic,gsm8k_test_0527,train,retain,H1_same_topic,svamp
pairs_arith_v2.csv,4724,arithmetic,gsm8k_test_0527,train,retain,H3_predating,asdiv
pairs_arith_v2.csv,4725,arithmetic,gsm8k_test_0527,train,retain,R_random,truthfulqa
pairs_arith_v2.csv,4735,arithmetic,gsm8k_test_0529,train,remove,C0_exact,gsm8k_copy
pairs_arith_v2.csv,4736,arithmetic,gsm8k_test_0529,train,remove,C1_transformed,lmsys_rephrase
pairs_arith_v2.csv,4737,arithmetic,gsm8k_test_0529,train,remove,C2_answer_bearing,gsm8k_solution_frag
pairs_arith_v2.csv,4738,arithmetic,gsm8k_test_0529,train,retain,H2_same_template,gsmplus_numerical_substitution
pairs_arith_v2.csv,4739,arithmetic,gsm8k_test_0529,train,remove,C1_transformed,gsmplus_problem_understanding
pairs_arith_v2.csv,4740,arithmetic,gsm8k_test_0529,train,retain,H2_same_template,gsmplus_critical_thinking
pairs_arith_v2.csv,4741,arithmetic,gsm8k_test_0529,train,retain,H1_same_topic,svamp
pairs_arith_v2.csv,4742,arithmetic,gsm8k_test_0529,train,retain,H3_predating,asdiv
pairs_arith_v2.csv,4743,arithmetic,gsm8k_test_0529,train,retain,R_random,truthfulqa
pairs_arith_v2.csv,4789,arithmetic,gsm8k_test_0535,train,remove,C0_exact,gsm8k_copy
pairs_arith_v2.csv,4790,arithmetic,gsm8k_test_0535,train,remove,C1_transformed,lmsys_rephrase
pairs_arith_v2.csv,4791,arithmetic,gsm8k_test_0535,train,remove,C2_answer_bearing,gsm8k_solution_frag
pairs_arith_v2.csv,4792,arithmetic,gsm8k_test_0535,train,retain,H2_same_template,gsmplus_numerical_substitution
pairs_arith_v2.csv,4793,arithmetic,gsm8k_test_0535,train,remove,C1_transformed,gsmplus_problem_understanding
pairs_arith_v2.csv,4794,arithmetic,gsm8k_test_0535,train,retain,H2_same_template,gsmplus_critical_thinking
pairs_arith_v2.csv,4795,arithmetic,gsm8k_test_0535,train,retain,H1_same_topic,svamp
pairs_arith_v2.csv,4796,arithmetic,gsm8k_test_0535,train,retain,H3_predating,asdiv
pairs_arith_v2.csv,4797,arithmetic,gsm8k_test_0535,train,retain,R_random,truthfulqa
pairs_arith_v2.csv,4861,arithmetic,gsm8k_test_0543,train,remove,C0_exact,gsm8k_copy
pairs_arith_v2.csv,4862,arithmetic,gsm8k_test_0543,train,remove,C1_transformed,lmsys_rephrase
pairs_arith_v2.csv,4863,arithmetic,gsm8k_test_0543,train,remove,C2_answer_bearing,gsm8k_solution_frag
pairs_arith_v2.csv,4864,arithmetic,gsm8k_test_0543,train,retain,H2_same_template,gsmplus_numerical_substitution
pairs_arith_v2.csv,4865,arithmetic,gsm8k_test_0543,train,remove,C1_transformed,gsmplus_problem_understanding
pairs_arith_v2.csv,4866,arithmetic,gsm8k_test_0543,train,retain,H2_same_template,gsmplus_critical_thinking
pairs_arith_v2.csv,4867,arithmetic,gsm8k_test_0543,train,retain,H1_same_topic,svamp
pairs_arith_v2.csv,4868,arithmetic,gsm8k_test_0543,train,retain,H3_predating,asdiv
pairs_arith_v2.csv,4869,arithmetic,gsm8k_test_0543,train,retain,R_random,truthfulqa
pairs_arith_v2.csv,4906,arithmetic,gsm8k_test_0548,train,remove,C0_exact,gsm8k_copy
pairs_arith_v2.csv,4907,arithmetic,gsm8k_test_0548,train,remove,C1_transformed,lmsys_rephrase
pairs_arith_v2.csv,4908,arithmetic,gsm8k_test_0548,train,remove,C2_answer_bearing,gsm8k_solution_frag
pairs_arith_v2.csv,4909,arithmetic,gsm8k_test_0548,train,retain,H2_same_template,gsmplus_numerical_substitution
pairs_arith_v2.csv,4910,arithmetic,gsm8k_test_0548,train,remove,C1_transformed,gsmplus_problem_understanding
pairs_arith_v2.csv,4911,arithmetic,gsm8k_test_0548,train,retain,H2_same_template,gsmplus_critical_thinking
pairs_arith_v2.csv,4912,arithmetic,gsm8k_test_0548,train,retain,H1_same_topic,svamp
pairs_arith_v2.csv,4913,arithmetic,gsm8k_test_0548,train,retain,H3_predating,asdiv
pairs_arith_v2.csv,4914,arithmetic,gsm8k_test_0548,train,retain,R_random,truthfulqa
pairs_arith_v2.csv,4924,arithmetic,gsm8k_test_0550,train,remove,C0_exact,gsm8k_copy
pairs_arith_v2.csv,4925,arithmetic,gsm8k_test_0550,train,remove,C1_transformed,lmsys_rephrase
pairs_arith_v2.csv,4926,arithmetic,gsm8k_test_0550,train,remove,C2_answer_bearing,gsm8k_solution_frag
pairs_arith_v2.csv,4927,arithmetic,gsm8k_test_0550,train,retain,H2_same_template,gsmplus_numerical_substitution
pairs_arith_v2.csv,4928,arithmetic,gsm8k_test_0550,train,remove,C1_transformed,gsmplus_problem_understanding
pairs_arith_v2.csv,4929,arithmetic,gsm8k_test_0550,train,retain,H2_same_template,gsmplus_critical_thinking
pairs_arith_v2.csv,4930,arithmetic,gsm8k_test_0550,train,retain,H1_same_topic,svamp
pairs_arith_v2.csv,4931,arithmetic,gsm8k_test_0550,train,retain,H3_predating,asdiv
pairs_arith_v2.csv,4932,arithmetic,gsm8k_test_0550,train,retain,R_random,truthfulqa
pairs_arith_v2.csv,4969,arithmetic,gsm8k_test_0555,train,remove,C0_exact,gsm8k_copy
pairs_arith_v2.csv,4970,arithmetic,gsm8k_test_0555,train,remove,C1_transformed,lmsys_rephrase
pairs_arith_v2.csv,4971,arithmetic,gsm8k_test_0555,train,remove,C2_answer_bearing,gsm8k_solution_frag
pairs_arith_v2.csv,4972,arithmetic,gsm8k_test_0555,train,remove,C1_transformed,gsmplus_problem_understanding
pairs_arith_v2.csv,4973,arithmetic,gsm8k_test_0555,train,retain,H2_same_template,gsmplus_critical_thinking
pairs_arith_v2.csv,4974,arithmetic,gsm8k_test_0555,train,retain,H1_same_topic,svamp
pairs_arith_v2.csv,4975,arithmetic,gsm8k_test_0555,train,retain,H3_predating,asdiv
pairs_arith_v2.csv,4976,arithmetic,gsm8k_test_0555,train,retain,R_random,truthfulqa
pairs_arith_v2.csv,4977,arithmetic,gsm8k_test_0556,train,remove,C0_exact,gsm8k_copy
pairs_arith_v2.csv,4978,arithmetic,gsm8k_test_0556,train,remove,C1_transformed,lmsys_rephrase
pairs_arith_v2.csv,4979,arithmetic,gsm8k_test_0556,train,remove,C2_answer_bearing,gsm8k_solution_frag
pairs_arith_v2.csv,4980,arithmetic,gsm8k_test_0556,train,retain,H2_same_template,gsmplus_numerical_substitution
pairs_arith_v2.csv,4981,arithmetic,gsm8k_test_0556,train,remove,C1_transformed,gsmplus_problem_understanding
pairs_arith_v2.csv,4982,arithmetic,gsm8k_test_0556,train,retain,H2_same_template,gsmplus_critical_thinking
pairs_arith_v2.csv,4983,arithmetic,gsm8k_test_0556,train,retain,H1_same_topic,svamp
pairs_arith_v2.csv,4984,arithmetic,gsm8k_test_0556,train,retain,H3_predating,asdiv
pairs_arith_v2.csv,4985,arithmetic,gsm8k_test_0556,train,retain,R_random,truthfulqa
pairs_arith_v2.csv,4995,arithmetic,gsm8k_test_0558,train,remove,C0_exact,gsm8k_copy
pairs_arith_v2.csv,4996,arithmetic,gsm8k_test_0558,train,remove,C1_transformed,lmsys_rephrase
pairs_arith_v2.csv,4997,arithmetic,gsm8k_test_0558,train,remove,C2_answer_bearing,gsm8k_solution_frag
pairs_arith_v2.csv,4998,arithmetic,gsm8k_test_0558,train,retain,H2_same_template,gsmplus_numerical_substitution
pairs_arith_v2.csv,4999,arithmetic,gsm8k_test_0558,train,remove,C1_transformed,gsmplus_problem_understanding
pairs_arith_v2.csv,5000,arithmetic,gsm8k_test_0558,train,retain,H2_same_template,gsmplus_critical_thinking
pairs_arith_v2.csv,5001,arithmetic,gsm8k_test_0558,train,retain,H1_same_topic,svamp
pairs_arith_v2.csv,5002,arithmetic,gsm8k_test_0558,train,retain,H3_predating,asdiv
pairs_arith_v2.csv,5003,arithmetic,gsm8k_test_0558,train,retain,R_random,truthfulqa
pairs_arith_v2.csv,5022,arithmetic,gsm8k_test_0561,train,remove,C0_exact,gsm8k_copy
pairs_arith_v2.csv,5023,arithmetic,gsm8k_test_0561,train,remove,C1_transformed,lmsys_rephrase
pairs_arith_v2.csv,5024,arithmetic,gsm8k_test_0561,train,remove,C2_answer_bearing,gsm8k_solution_frag
pairs_arith_v2.csv,5025,arithmetic,gsm8k_test_0561,train,retain,H2_same_template,gsmplus_numerical_substitution
pairs_arith_v2.csv,5026,arithmetic,gsm8k_test_0561,train,remove,C1_transformed,gsmplus_problem_understanding
pairs_arith_v2.csv,5027,arithmetic,gsm8k_test_0561,train,retain,H2_same_template,gsmplus_critical_thinking
pairs_arith_v2.csv,5028,arithmetic,gsm8k_test_0561,train,retain,H1_same_topic,svamp
pairs_arith_v2.csv,5029,arithmetic,gsm8k_test_0561,train,retain,H3_predating,asdiv
pairs_arith_v2.csv,5030,arithmetic,gsm8k_test_0561,train,retain,R_random,truthfulqa
pairs_arith_v2.csv,5031,arithmetic,gsm8k_test_0562,train,remove,C0_exact,gsm8k_copy
pairs_arith_v2.csv,5032,arithmetic,gsm8k_test_0562,train,remove,C1_transformed,lmsys_rephrase
pairs_arith_v2.csv,5033,arithmetic,gsm8k_test_0562,train,remove,C2_answer_bearing,gsm8k_solution_frag
pairs_arith_v2.csv,5034,arithmetic,gsm8k_test_0562,train,retain,H2_same_template,gsmplus_numerical_substitution
pairs_arith_v2.csv,5035,arithmetic,gsm8k_test_0562,train,remove,C1_transformed,gsmplus_problem_understanding
pairs_arith_v2.csv,5036,arithmetic,gsm8k_test_0562,train,retain,H2_same_template,gsmplus_critical_thinking
pairs_arith_v2.csv,5037,arithmetic,gsm8k_test_0562,train,retain,H1_same_topic,svamp
pairs_arith_v2.csv,5038,arithmetic,gsm8k_test_0562,train,retain,H3_predating,asdiv
pairs_arith_v2.csv,5039,arithmetic,gsm8k_test_0562,train,retain,R_random,truthfulqa
pairs_arith_v2.csv,5040,arithmetic,gsm8k_test_0563,train,remove,C0_exact,gsm8k_copy
pairs_arith_v2.csv,5041,arithmetic,gsm8k_test_0563,train,remove,C1_transformed,lmsys_rephrase
pairs_arith_v2.csv,5042,arithmetic,gsm8k_test_0563,train,remove,C2_answer_bearing,gsm8k_solution_frag
pairs_arith_v2.csv,5043,arithmetic,gsm8k_test_0563,train,retain,H2_same_template,gsmplus_numerical_substitution
pairs_arith_v2.csv,5044,arithmetic,gsm8k_test_0563,train,remove,C1_transformed,gsmplus_problem_understanding
pairs_arith_v2.csv,5045,arithmetic,gsm8k_test_0563,train,retain,H2_same_template,gsmplus_critical_thinking
pairs_arith_v2.csv,5046,arithmetic,gsm8k_test_0563,train,retain,H1_same_topic,svamp
pairs_arith_v2.csv,5047,arithmetic,gsm8k_test_0563,train,retain,H3_predating,asdiv
pairs_arith_v2.csv,5048,arithmetic,gsm8k_test_0563,train,retain,R_random,truthfulqa
pairs_arith_v2.csv,5049,arithmetic,gsm8k_test_0564,train,remove,C0_exact,gsm8k_copy
pairs_arith_v2.csv,5050,arithmetic,gsm8k_test_0564,train,remove,C1_transformed,lmsys_rephrase
pairs_arith_v2.csv,5051,arithmetic,gsm8k_test_0564,train,remove,C2_answer_bearing,gsm8k_solution_frag
pairs_arith_v2.csv,5052,arithmetic,gsm8k_test_0564,train,retain,H2_same_template,gsmplus_numerical_substitution
pairs_arith_v2.csv,5053,arithmetic,gsm8k_test_0564,train,remove,C1_transformed,gsmplus_problem_understanding
pairs_arith_v2.csv,5054,arithmetic,gsm8k_test_0564,train,retain,H2_same_template,gsmplus_critical_thinking
pairs_arith_v2.csv,5055,arithmetic,gsm8k_test_0564,train,retain,H1_same_topic,svamp
pairs_arith_v2.csv,5056,arithmetic,gsm8k_test_0564,train,retain,H3_predating,asdiv
pairs_arith_v2.csv,5057,arithmetic,gsm8k_test_0564,train,retain,R_random,truthfulqa
pairs_arith_v2.csv,5058,arithmetic,gsm8k_test_0565,train,remove,C0_exact,gsm8k_copy
pairs_arith_v2.csv,5059,arithmetic,gsm8k_test_0565,train,remove,C1_transformed,lmsys_rephrase
pairs_arith_v2.csv,5060,arithmetic,gsm8k_test_0565,train,remove,C2_answer_bearing,gsm8k_solution_frag
pairs_arith_v2.csv,5061,arithmetic,gsm8k_test_0565,train,retain,H2_same_template,gsmplus_numerical_substitution
pairs_arith_v2.csv,5062,arithmetic,gsm8k_test_0565,train,remove,C1_transformed,gsmplus_problem_understanding
pairs_arith_v2.csv,5063,arithmetic,gsm8k_test_0565,train,retain,H2_same_template,gsmplus_critical_thinking
pairs_arith_v2.csv,5064,arithmetic,gsm8k_test_0565,train,retain,H1_same_topic,svamp
pairs_arith_v2.csv,5065,arithmetic,gsm8k_test_0565,train,retain,H3_predating,asdiv
pairs_arith_v2.csv,5066,arithmetic,gsm8k_test_0565,train,retain,R_random,truthfulqa
pairs_arith_v2.csv,5067,arithmetic,gsm8k_test_0566,train,remove,C0_exact,gsm8k_copy
pairs_arith_v2.csv,5068,arithmetic,gsm8k_test_0566,train,remove,C1_transformed,lmsys_rephrase
pairs_arith_v2.csv,5069,arithmetic,gsm8k_test_0566,train,remove,C2_answer_bearing,gsm8k_solution_frag
pairs_arith_v2.csv,5070,arithmetic,gsm8k_test_0566,train,retain,H2_same_template,gsmplus_numerical_substitution
pairs_arith_v2.csv,5071,arithmetic,gsm8k_test_0566,train,remove,C1_transformed,gsmplus_problem_understanding
pairs_arith_v2.csv,5072,arithmetic,gsm8k_test_0566,train,retain,H2_same_template,gsmplus_critical_thinking
pairs_arith_v2.csv,5073,arithmetic,gsm8k_test_0566,train,retain,H1_same_topic,svamp
pairs_arith_v2.csv,5074,arithmetic,gsm8k_test_0566,train,retain,H3_predating,asdiv
pairs_arith_v2.csv,5075,arithmetic,gsm8k_test_0566,train,retain,R_random,truthfulqa
pairs_arith_v2.csv,5076,arithmetic,gsm8k_test_0567,train,remove,C0_exact,gsm8k_copy
pairs_arith_v2.csv,5077,arithmetic,gsm8k_test_0567,train,remove,C1_transformed,lmsys_rephrase
pairs_arith_v2.csv,5078,arithmetic,gsm8k_test_0567,train,remove,C2_answer_bearing,gsm8k_solution_frag
pairs_arith_v2.csv,5079,arithmetic,gsm8k_test_0567,train,retain,H2_same_template,gsmplus_numerical_substitution
pairs_arith_v2.csv,5080,arithmetic,gsm8k_test_0567,train,remove,C1_transformed,gsmplus_problem_understanding
pairs_arith_v2.csv,5081,arithmetic,gsm8k_test_0567,train,retain,H2_same_template,gsmplus_critical_thinking
pairs_arith_v2.csv,5082,arithmetic,gsm8k_test_0567,train,retain,H1_same_topic,svamp
pairs_arith_v2.csv,5083,arithmetic,gsm8k_test_0567,train,retain,H3_predating,asdiv
pairs_arith_v2.csv,5084,arithmetic,gsm8k_test_0567,train,retain,R_random,truthfulqa
pairs_arith_v2.csv,5094,arithmetic,gsm8k_test_0569,train,remove,C0_exact,gsm8k_copy
pairs_arith_v2.csv,5095,arithmetic,gsm8k_test_0569,train,remove,C1_transformed,lmsys_rephrase
pairs_arith_v2.csv,5096,arithmetic,gsm8k_test_0569,train,remove,C2_answer_bearing,gsm8k_solution_frag
pairs_arith_v2.csv,5097,arithmetic,gsm8k_test_0569,train,retain,H2_same_template,gsmplus_numerical_substitution
pairs_arith_v2.csv,5098,arithmetic,gsm8k_test_0569,train,remove,C1_transformed,gsmplus_problem_understanding
pairs_arith_v2.csv,5099,arithmetic,gsm8k_test_0569,train,retain,H2_same_template,gsmplus_critical_thinking
pairs_arith_v2.csv,5100,arithmetic,gsm8k_test_0569,train,retain,H1_same_topic,svamp
pairs_arith_v2.csv,5101,arithmetic,gsm8k_test_0569,train,retain,H3_predating,asdiv
pairs_arith_v2.csv,5102,arithmetic,gsm8k_test_0569,train,retain,R_random,truthfulqa
pairs_arith_v2.csv,5103,arithmetic,gsm8k_test_0570,train,remove,C0_exact,gsm8k_copy
pairs_arith_v2.csv,5104,arithmetic,gsm8k_test_0570,train,remove,C1_transformed,lmsys_rephrase
pairs_arith_v2.csv,5105,arithmetic,gsm8k_test_0570,train,remove,C2_answer_bearing,gsm8k_solution_frag
pairs_arith_v2.csv,5106,arithmetic,gsm8k_test_0570,train,retain,H2_same_template,gsmplus_numerical_substitution
pairs_arith_v2.csv,5107,arithmetic,gsm8k_test_0570,train,remove,C1_transformed,gsmplus_problem_understanding
pairs_arith_v2.csv,5108,arithmetic,gsm8k_test_0570,train,retain,H2_same_template,gsmplus_critical_thinking
pairs_arith_v2.csv,5109,arithmetic,gsm8k_test_0570,train,retain,H1_same_topic,svamp
pairs_arith_v2.csv,5110,arithmetic,gsm8k_test_0570,train,retain,H3_predating,asdiv
pairs_arith_v2.csv,5111,arithmetic,gsm8k_test_0570,train,retain,R_random,truthfulqa
pairs_arith_v2.csv,5121,arithmetic,gsm8k_test_0572,train,remove,C0_exact,gsm8k_copy
pairs_arith_v2.csv,5122,arithmetic,gsm8k_test_0572,train,remove,C1_transformed,lmsys_rephrase
pairs_arith_v2.csv,5123,arithmetic,gsm8k_test_0572,train,remove,C2_answer_bearing,gsm8k_solution_frag
pairs_arith_v2.csv,5124,arithmetic,gsm8k_test_0572,train,retain,H2_same_template,gsmplus_numerical_substitution
pairs_arith_v2.csv,5125,arithmetic,gsm8k_test_0572,train,remove,C1_transformed,gsmplus_problem_understanding
pairs_arith_v2.csv,5126,arithmetic,gsm8k_test_0572,train,retain,H2_same_template,gsmplus_critical_thinking
pairs_arith_v2.csv,5127,arithmetic,gsm8k_test_0572,train,retain,H1_same_topic,svamp
pairs_arith_v2.csv,5128,arithmetic,gsm8k_test_0572,train,retain,H3_predating,asdiv
pairs_arith_v2.csv,5129,arithmetic,gsm8k_test_0572,train,retain,R_random,truthfulqa
pairs_arith_v2.csv,5139,arithmetic,gsm8k_test_0574,train,remove,C0_exact,gsm8k_copy
pairs_arith_v2.csv,5140,arithmetic,gsm8k_test_0574,train,remove,C1_transformed,lmsys_rephrase
pairs_arith_v2.csv,5141,arithmetic,gsm8k_test_0574,train,remove,C2_answer_bearing,gsm8k_solution_frag
pairs_arith_v2.csv,5142,arithmetic,gsm8k_test_0574,train,retain,H2_same_template,gsmplus_numerical_substitution
pairs_arith_v2.csv,5143,arithmetic,gsm8k_test_0574,train,remove,C1_transformed,gsmplus_problem_understanding
pairs_arith_v2.csv,5144,arithmetic,gsm8k_test_0574,train,retain,H2_same_template,gsmplus_critical_thinking
pairs_arith_v2.csv,5145,arithmetic,gsm8k_test_0574,train,retain,H1_same_topic,svamp
pairs_arith_v2.csv,5146,arithmetic,gsm8k_test_0574,train,retain,H3_predating,asdiv
pairs_arith_v2.csv,5147,arithmetic,gsm8k_test_0574,train,retain,R_random,truthfulqa
pairs_arith_v2.csv,5148,arithmetic,gsm8k_test_0575,train,remove,C0_exact,gsm8k_copy
pairs_arith_v2.csv,5149,arithmetic,gsm8k_test_0575,train,remove,C1_transformed,lmsys_rephrase
pairs_arith_v2.csv,5150,arithmetic,gsm8k_test_0575,train,remove,C2_answer_bearing,gsm8k_solution_frag
pairs_arith_v2.csv,5151,arithmetic,gsm8k_test_0575,train,retain,H2_same_template,gsmplus_numerical_substitution
pairs_arith_v2.csv,5152,arithmetic,gsm8k_test_0575,train,remove,C1_transformed,gsmplus_problem_understanding
pairs_arith_v2.csv,5153,arithmetic,gsm8k_test_0575,train,retain,H2_same_template,gsmplus_critical_thinking
pairs_arith_v2.csv,5154,arithmetic,gsm8k_test_0575,train,retain,H1_same_topic,svamp
pairs_arith_v2.csv,5155,arithmetic,gsm8k_test_0575,train,retain,H3_predating,asdiv
pairs_arith_v2.csv,5156,arithmetic,gsm8k_test_0575,train,retain,R_random,truthfulqa
pairs_arith_v2.csv,5157,arithmetic,gsm8k_test_0576,train,remove,C0_exact,gsm8k_copy
pairs_arith_v2.csv,5158,arithmetic,gsm8k_test_0576,train,remove,C1_transformed,lmsys_rephrase
pairs_arith_v2.csv,5159,arithmetic,gsm8k_test_0576,train,remove,C2_answer_bearing,gsm8k_solution_frag
pairs_arith_v2.csv,5160,arithmetic,gsm8k_test_0576,train,retain,H2_same_template,gsmplus_numerical_substitution
pairs_arith_v2.csv,5161,arithmetic,gsm8k_test_0576,train,remove,C1_transformed,gsmplus_problem_understanding
pairs_arith_v2.csv,5162,arithmetic,gsm8k_test_0576,train,retain,H2_same_template,gsmplus_critical_thinking
pairs_arith_v2.csv,5163,arithmetic,gsm8k_test_0576,train,retain,H1_same_topic,svamp
pairs_arith_v2.csv,5164,arithmetic,gsm8k_test_0576,train,retain,H3_predating,asdiv
pairs_arith_v2.csv,5165,arithmetic,gsm8k_test_0576,train,retain,R_random,truthfulqa
pairs_arith_v2.csv,5193,arithmetic,gsm8k_test_0580,train,remove,C0_exact,gsm8k_copy
pairs_arith_v2.csv,5194,arithmetic,gsm8k_test_0580,train,remove,C1_transformed,lmsys_rephrase
pairs_arith_v2.csv,5195,arithmetic,gsm8k_test_0580,train,remove,C2_answer_bearing,gsm8k_solution_frag
pairs_arith_v2.csv,5196,arithmetic,gsm8k_test_0580,train,retain,H2_same_template,gsmplus_numerical_substitution
pairs_arith_v2.csv,5197,arithmetic,gsm8k_test_0580,train,remove,C1_transformed,gsmplus_problem_understanding
pairs_arith_v2.csv,5198,arithmetic,gsm8k_test_0580,train,retain,H2_same_template,gsmplus_critical_thinking
pairs_arith_v2.csv,5199,arithmetic,gsm8k_test_0580,train,retain,H1_same_topic,svamp
pairs_arith_v2.csv,5200,arithmetic,gsm8k_test_0580,train,retain,H3_predating,asdiv
pairs_arith_v2.csv,5201,arithmetic,gsm8k_test_0580,train,retain,R_random,truthfulqa
pairs_arith_v2.csv,5202,arithmetic,gsm8k_test_0581,train,remove,C0_exact,gsm8k_copy
pairs_arith_v2.csv,5203,arithmetic,gsm8k_test_0581,train,remove,C1_transformed,lmsys_rephrase
pairs_arith_v2.csv,5204,arithmetic,gsm8k_test_0581,train,remove,C2_answer_bearing,gsm8k_solution_frag
pairs_arith_v2.csv,5205,arithmetic,gsm8k_test_0581,train,retain,H2_same_template,gsmplus_numerical_substitution
pairs_arith_v2.csv,5206,arithmetic,gsm8k_test_0581,train,remove,C1_transformed,gsmplus_problem_understanding
pairs_arith_v2.csv,5207,arithmetic,gsm8k_test_0581,train,retain,H2_same_template,gsmplus_critical_thinking
pairs_arith_v2.csv,5208,arithmetic,gsm8k_test_0581,train,retain,H1_same_topic,svamp
pairs_arith_v2.csv,5209,arithmetic,gsm8k_test_0581,train,retain,H3_predating,asdiv
pairs_arith_v2.csv,5210,arithmetic,gsm8k_test_0581,train,retain,R_random,truthfulqa
pairs_arith_v2.csv,5247,arithmetic,gsm8k_test_0586,train,remove,C0_exact,gsm8k_copy
pairs_arith_v2.csv,5248,arithmetic,gsm8k_test_0586,train,remove,C1_transformed,lmsys_rephrase
pairs_arith_v2.csv,5249,arithmetic,gsm8k_test_0586,train,remove,C2_answer_bearing,gsm8k_solution_frag
pairs_arith_v2.csv,5250,arithmetic,gsm8k_test_0586,train,retain,H2_same_template,gsmplus_numerical_substitution
pairs_arith_v2.csv,5251,arithmetic,gsm8k_test_0586,train,remove,C1_transformed,gsmplus_problem_understanding
pairs_arith_v2.csv,5252,arithmetic,gsm8k_test_0586,train,retain,H2_same_template,gsmplus_critical_thinking
pairs_arith_v2.csv,5253,arithmetic,gsm8k_test_0586,train,retain,H1_same_topic,svamp
pairs_arith_v2.csv,5254,arithmetic,gsm8k_test_0586,train,retain,H3_predating,asdiv
pairs_arith_v2.csv,5255,arithmetic,gsm8k_test_0586,train,retain,R_random,truthfulqa
pairs_arith_v2.csv,5256,arithmetic,gsm8k_test_0587,train,remove,C0_exact,gsm8k_copy
pairs_arith_v2.csv,5257,arithmetic,gsm8k_test_0587,train,remove,C1_transformed,lmsys_rephrase
pairs_arith_v2.csv,5258,arithmetic,gsm8k_test_0587,train,remove,C2_answer_bearing,gsm8k_solution_frag
pairs_arith_v2.csv,5259,arithmetic,gsm8k_test_0587,train,retain,H2_same_template,gsmplus_numerical_substitution
pairs_arith_v2.csv,5260,arithmetic,gsm8k_test_0587,train,remove,C1_transformed,gsmplus_problem_understanding
pairs_arith_v2.csv,5261,arithmetic,gsm8k_test_0587,train,retain,H2_same_template,gsmplus_critical_thinking
pairs_arith_v2.csv,5262,arithmetic,gsm8k_test_0587,train,retain,H1_same_topic,svamp
pairs_arith_v2.csv,5263,arithmetic,gsm8k_test_0587,train,retain,H3_predating,asdiv
pairs_arith_v2.csv,5264,arithmetic,gsm8k_test_0587,train,retain,R_random,truthfulqa
pairs_arith_v2.csv,5265,arithmetic,gsm8k_test_0588,train,remove,C0_exact,gsm8k_copy
pairs_arith_v2.csv,5266,arithmetic,gsm8k_test_0588,train,remove,C1_transformed,lmsys_rephrase
pairs_arith_v2.csv,5267,arithmetic,gsm8k_test_0588,train,remove,C2_answer_bearing,gsm8k_solution_frag
pairs_arith_v2.csv,5268,arithmetic,gsm8k_test_0588,train,retain,H2_same_template,gsmplus_numerical_substitution
pairs_arith_v2.csv,5269,arithmetic,gsm8k_test_0588,train,remove,C1_transformed,gsmplus_problem_understanding
pairs_arith_v2.csv,5270,arithmetic,gsm8k_test_0588,train,retain,H2_same_template,gsmplus_critical_thinking
pairs_arith_v2.csv,5271,arithmetic,gsm8k_test_0588,train,retain,H1_same_topic,svamp
pairs_arith_v2.csv,5272,arithmetic,gsm8k_test_0588,train,retain,H3_predating,asdiv
pairs_arith_v2.csv,5273,arithmetic,gsm8k_test_0588,train,retain,R_random,truthfulqa
pairs_arith_v2.csv,5274,arithmetic,gsm8k_test_0589,train,remove,C0_exact,gsm8k_copy
pairs_arith_v2.csv,5275,arithmetic,gsm8k_test_0589,train,remove,C1_transformed,lmsys_rephrase
pairs_arith_v2.csv,5276,arithmetic,gsm8k_test_0589,train,remove,C2_answer_bearing,gsm8k_solution_frag
pairs_arith_v2.csv,5277,arithmetic,gsm8k_test_0589,train,retain,H2_same_template,gsmplus_numerical_substitution
pairs_arith_v2.csv,5278,arithmetic,gsm8k_test_0589,train,remove,C1_transformed,gsmplus_problem_understanding
pairs_arith_v2.csv,5279,arithmetic,gsm8k_test_0589,train,retain,H2_same_template,gsmplus_critical_thinking
pairs_arith_v2.csv,5280,arithmetic,gsm8k_test_0589,train,retain,H1_same_topic,svamp
pairs_arith_v2.csv,5281,arithmetic,gsm8k_test_0589,train,retain,H3_predating,asdiv
pairs_arith_v2.csv,5282,arithmetic,gsm8k_test_0589,train,retain,R_random,truthfulqa
pairs_arith_v2.csv,5310,arithmetic,gsm8k_test_0593,train,remove,C0_exact,gsm8k_copy
pairs_arith_v2.csv,5311,arithmetic,gsm8k_test_0593,train,remove,C1_transformed,lmsys_rephrase
pairs_arith_v2.csv,5312,arithmetic,gsm8k_test_0593,train,remove,C2_answer_bearing,gsm8k_solution_frag
pairs_arith_v2.csv,5313,arithmetic,gsm8k_test_0593,train,remove,C1_transformed,gsmplus_problem_understanding
pairs_arith_v2.csv,5314,arithmetic,gsm8k_test_0593,train,retain,H2_same_template,gsmplus_critical_thinking
pairs_arith_v2.csv,5315,arithmetic,gsm8k_test_0593,train,retain,H1_same_topic,svamp
pairs_arith_v2.csv,5316,arithmetic,gsm8k_test_0593,train,retain,H3_predating,asdiv
pairs_arith_v2.csv,5317,arithmetic,gsm8k_test_0593,train,retain,R_random,truthfulqa
pairs_arith_v2.csv,5318,arithmetic,gsm8k_test_0594,train,remove,C0_exact,gsm8k_copy
pairs_arith_v2.csv,5319,arithmetic,gsm8k_test_0594,train,remove,C1_transformed,lmsys_rephrase
pairs_arith_v2.csv,5320,arithmetic,gsm8k_test_0594,train,remove,C2_answer_bearing,gsm8k_solution_frag
pairs_arith_v2.csv,5321,arithmetic,gsm8k_test_0594,train,retain,H2_same_template,gsmplus_numerical_substitution
pairs_arith_v2.csv,5322,arithmetic,gsm8k_test_0594,train,remove,C1_transformed,gsmplus_problem_understanding
pairs_arith_v2.csv,5323,arithmetic,gsm8k_test_0594,train,retain,H2_same_template,gsmplus_critical_thinking
pairs_arith_v2.csv,5324,arithmetic,gsm8k_test_0594,train,retain,H1_same_topic,svamp
pairs_arith_v2.csv,5325,arithmetic,gsm8k_test_0594,train,retain,H3_predating,asdiv
pairs_arith_v2.csv,5326,arithmetic,gsm8k_test_0594,train,retain,R_random,truthfulqa
pairs_arith_v2.csv,5336,arithmetic,gsm8k_test_0596,train,remove,C0_exact,gsm8k_copy
pairs_arith_v2.csv,5337,arithmetic,gsm8k_test_0596,train,remove,C1_transformed,lmsys_rephrase
pairs_arith_v2.csv,5338,arithmetic,gsm8k_test_0596,train,remove,C2_answer_bearing,gsm8k_solution_frag
pairs_arith_v2.csv,5339,arithmetic,gsm8k_test_0596,train,retain,H2_same_template,gsmplus_numerical_substitution
pairs_arith_v2.csv,5340,arithmetic,gsm8k_test_0596,train,remove,C1_transformed,gsmplus_problem_understanding
pairs_arith_v2.csv,5341,arithmetic,gsm8k_test_0596,train,retain,H2_same_template,gsmplus_critical_thinking
pairs_arith_v2.csv,5342,arithmetic,gsm8k_test_0596,train,retain,H1_same_topic,svamp
pairs_arith_v2.csv,5343,arithmetic,gsm8k_test_0596,train,retain,H3_predating,asdiv
pairs_arith_v2.csv,5344,arithmetic,gsm8k_test_0596,train,retain,R_random,truthfulqa
pairs_arith_v2.csv,5345,arithmetic,gsm8k_test_0597,train,remove,C0_exact,gsm8k_copy
pairs_arith_v2.csv,5346,arithmetic,gsm8k_test_0597,train,remove,C1_transformed,lmsys_rephrase
pairs_arith_v2.csv,5347,arithmetic,gsm8k_test_0597,train,remove,C2_answer_bearing,gsm8k_solution_frag
pairs_arith_v2.csv,5348,arithmetic,gsm8k_test_0597,train,retain,H2_same_template,gsmplus_numerical_substitution
pairs_arith_v2.csv,5349,arithmetic,gsm8k_test_0597,train,remove,C1_transformed,gsmplus_problem_understanding
pairs_arith_v2.csv,5350,arithmetic,gsm8k_test_0597,train,retain,H2_same_template,gsmplus_critical_thinking
pairs_arith_v2.csv,5351,arithmetic,gsm8k_test_0597,train,retain,H1_same_topic,svamp
pairs_arith_v2.csv,5352,arithmetic,gsm8k_test_0597,train,retain,H3_predating,asdiv
pairs_arith_v2.csv,5353,arithmetic,gsm8k_test_0597,train,retain,R_random,truthfulqa
pairs_arith_v2.csv,5354,arithmetic,gsm8k_test_0598,train,remove,C0_exact,gsm8k_copy
pairs_arith_v2.csv,5355,arithmetic,gsm8k_test_0598,train,remove,C1_transformed,lmsys_rephrase
pairs_arith_v2.csv,5356,arithmetic,gsm8k_test_0598,train,remove,C2_answer_bearing,gsm8k_solution_frag
pairs_arith_v2.csv,5357,arithmetic,gsm8k_test_0598,train,retain,H2_same_template,gsmplus_numerical_substitution
pairs_arith_v2.csv,5358,arithmetic,gsm8k_test_0598,train,remove,C1_transformed,gsmplus_problem_understanding
pairs_arith_v2.csv,5359,arithmetic,gsm8k_test_0598,train,retain,H2_same_template,gsmplus_critical_thinking
pairs_arith_v2.csv,5360,arithmetic,gsm8k_test_0598,train,retain,H1_same_topic,svamp
pairs_arith_v2.csv,5361,arithmetic,gsm8k_test_0598,train,retain,H3_predating,asdiv
pairs_arith_v2.csv,5362,arithmetic,gsm8k_test_0598,train,retain,R_random,truthfulqa
pairs_arith_v2.csv,5363,arithmetic,gsm8k_test_0599,train,remove,C0_exact,gsm8k_copy
pairs_arith_v2.csv,5364,arithmetic,gsm8k_test_0599,train,remove,C1_transformed,lmsys_rephrase
pairs_arith_v2.csv,5365,arithmetic,gsm8k_test_0599,train,remove,C2_answer_bearing,gsm8k_solution_frag
pairs_arith_v2.csv,5366,arithmetic,gsm8k_test_0599,train,retain,H2_same_template,gsmplus_numerical_substitution
pairs_arith_v2.csv,5367,arithmetic,gsm8k_test_0599,train,remove,C1_transformed,gsmplus_problem_understanding
pairs_arith_v2.csv,5368,arithmetic,gsm8k_test_0599,train,retain,H2_same_template,gsmplus_critical_thinking
pairs_arith_v2.csv,5369,arithmetic,gsm8k_test_0599,train,retain,H1_same_topic,svamp
pairs_arith_v2.csv,5370,arithmetic,gsm8k_test_0599,train,retain,H3_predating,asdiv
pairs_arith_v2.csv,5371,arithmetic,gsm8k_test_0599,train,retain,R_random,truthfulqa
pairs_arith_v2.csv,5390,arithmetic,gsm8k_test_0602,train,remove,C0_exact,gsm8k_copy
pairs_arith_v2.csv,5391,arithmetic,gsm8k_test_0602,train,remove,C1_transformed,lmsys_rephrase
pairs_arith_v2.csv,5392,arithmetic,gsm8k_test_0602,train,remove,C2_answer_bearing,gsm8k_solution_frag
pairs_arith_v2.csv,5393,arithmetic,gsm8k_test_0602,train,remove,C1_transformed,gsmplus_problem_understanding
pairs_arith_v2.csv,5394,arithmetic,gsm8k_test_0602,train,retain,H2_same_template,gsmplus_critical_thinking
pairs_arith_v2.csv,5395,arithmetic,gsm8k_test_0602,train,retain,H1_same_topic,svamp
pairs_arith_v2.csv,5396,arithmetic,gsm8k_test_0602,train,retain,H3_predating,asdiv
pairs_arith_v2.csv,5397,arithmetic,gsm8k_test_0602,train,retain,R_random,truthfulqa
pairs_arith_v2.csv,5398,arithmetic,gsm8k_test_0603,train,remove,C0_exact,gsm8k_copy
pairs_arith_v2.csv,5399,arithmetic,gsm8k_test_0603,train,remove,C1_transformed,lmsys_rephrase
pairs_arith_v2.csv,5400,arithmetic,gsm8k_test_0603,train,remove,C2_answer_bearing,gsm8k_solution_frag
pairs_arith_v2.csv,5401,arithmetic,gsm8k_test_0603,train,retain,H2_same_template,gsmplus_numerical_substitution
pairs_arith_v2.csv,5402,arithmetic,gsm8k_test_0603,train,remove,C1_transformed,gsmplus_problem_understanding
pairs_arith_v2.csv,5403,arithmetic,gsm8k_test_0603,train,retain,H2_same_template,gsmplus_critical_thinking
pairs_arith_v2.csv,5404,arithmetic,gsm8k_test_0603,train,retain,H1_same_topic,svamp
pairs_arith_v2.csv,5405,arithmetic,gsm8k_test_0603,train,retain,H3_predating,asdiv
pairs_arith_v2.csv,5406,arithmetic,gsm8k_test_0603,train,retain,R_random,truthfulqa
pairs_arith_v2.csv,5443,arithmetic,gsm8k_test_0608,train,remove,C0_exact,gsm8k_copy
pairs_arith_v2.csv,5444,arithmetic,gsm8k_test_0608,train,remove,C1_transformed,lmsys_rephrase
pairs_arith_v2.csv,5445,arithmetic,gsm8k_test_0608,train,remove,C2_answer_bearing,gsm8k_solution_frag
pairs_arith_v2.csv,5446,arithmetic,gsm8k_test_0608,train,retain,H2_same_template,gsmplus_numerical_substitution
pairs_arith_v2.csv,5447,arithmetic,gsm8k_test_0608,train,remove,C1_transformed,gsmplus_problem_understanding
pairs_arith_v2.csv,5448,arithmetic,gsm8k_test_0608,train,retain,H2_same_template,gsmplus_critical_thinking
pairs_arith_v2.csv,5449,arithmetic,gsm8k_test_0608,train,retain,H1_same_topic,svamp
pairs_arith_v2.csv,5450,arithmetic,gsm8k_test_0608,train,retain,H3_predating,asdiv
pairs_arith_v2.csv,5451,arithmetic,gsm8k_test_0608,train,retain,R_random,truthfulqa
pairs_arith_v2.csv,5470,arithmetic,gsm8k_test_0611,train,remove,C0_exact,gsm8k_copy
pairs_arith_v2.csv,5471,arithmetic,gsm8k_test_0611,train,remove,C1_transformed,lmsys_rephrase
pairs_arith_v2.csv,5472,arithmetic,gsm8k_test_0611,train,remove,C2_answer_bearing,gsm8k_solution_frag
pairs_arith_v2.csv,5473,arithmetic,gsm8k_test_0611,train,retain,H2_same_template,gsmplus_numerical_substitution
pairs_arith_v2.csv,5474,arithmetic,gsm8k_test_0611,train,remove,C1_transformed,gsmplus_problem_understanding
pairs_arith_v2.csv,5475,arithmetic,gsm8k_test_0611,train,retain,H2_same_template,gsmplus_critical_thinking
pairs_arith_v2.csv,5476,arithmetic,gsm8k_test_0611,train,retain,H1_same_topic,svamp
pairs_arith_v2.csv,5477,arithmetic,gsm8k_test_0611,train,retain,H3_predating,asdiv
pairs_arith_v2.csv,5478,arithmetic,gsm8k_test_0611,train,retain,R_random,truthfulqa
pairs_arith_v2.csv,5479,arithmetic,gsm8k_test_0612,train,remove,C0_exact,gsm8k_copy
pairs_arith_v2.csv,5480,arithmetic,gsm8k_test_0612,train,remove,C1_transformed,lmsys_rephrase
pairs_arith_v2.csv,5481,arithmetic,gsm8k_test_0612,train,remove,C2_answer_bearing,gsm8k_solution_frag
pairs_arith_v2.csv,5482,arithmetic,gsm8k_test_0612,train,retain,H2_same_template,gsmplus_numerical_substitution
pairs_arith_v2.csv,5483,arithmetic,gsm8k_test_0612,train,remove,C1_transformed,gsmplus_problem_understanding
pairs_arith_v2.csv,5484,arithmetic,gsm8k_test_0612,train,retain,H2_same_template,gsmplus_critical_thinking
pairs_arith_v2.csv,5485,arithmetic,gsm8k_test_0612,train,retain,H1_same_topic,svamp
pairs_arith_v2.csv,5486,arithmetic,gsm8k_test_0612,train,retain,H3_predating,asdiv
pairs_arith_v2.csv,5487,arithmetic,gsm8k_test_0612,train,retain,R_random,truthfulqa
pairs_arith_v2.csv,5497,arithmetic,gsm8k_test_0614,train,remove,C0_exact,gsm8k_copy
pairs_arith_v2.csv,5498,arithmetic,gsm8k_test_0614,train,remove,C1_transformed,lmsys_rephrase
pairs_arith_v2.csv,5499,arithmetic,gsm8k_test_0614,train,remove,C2_answer_bearing,gsm8k_solution_frag
pairs_arith_v2.csv,5500,arithmetic,gsm8k_test_0614,train,retain,H2_same_template,gsmplus_numerical_substitution
pairs_arith_v2.csv,5501,arithmetic,gsm8k_test_0614,train,remove,C1_transformed,gsmplus_problem_understanding
pairs_arith_v2.csv,5502,arithmetic,gsm8k_test_0614,train,retain,H2_same_template,gsmplus_critical_thinking
pairs_arith_v2.csv,5503,arithmetic,gsm8k_test_0614,train,retain,H1_same_topic,svamp
pairs_arith_v2.csv,5504,arithmetic,gsm8k_test_0614,train,retain,H3_predating,asdiv
pairs_arith_v2.csv,5505,arithmetic,gsm8k_test_0614,train,retain,R_random,truthfulqa
pairs_arith_v2.csv,5541,arithmetic,gsm8k_test_0619,train,remove,C0_exact,gsm8k_copy
pairs_arith_v2.csv,5542,arithmetic,gsm8k_test_0619,train,remove,C1_transformed,lmsys_rephrase
pairs_arith_v2.csv,5543,arithmetic,gsm8k_test_0619,train,remove,C2_answer_bearing,gsm8k_solution_frag
pairs_arith_v2.csv,5544,arithmetic,gsm8k_test_0619,train,retain,H2_same_template,gsmplus_numerical_substitution
pairs_arith_v2.csv,5545,arithmetic,gsm8k_test_0619,train,remove,C1_transformed,gsmplus_problem_understanding
pairs_arith_v2.csv,5546,arithmetic,gsm8k_test_0619,train,retain,H2_same_template,gsmplus_critical_thinking
pairs_arith_v2.csv,5547,arithmetic,gsm8k_test_0619,train,retain,H1_same_topic,svamp
pairs_arith_v2.csv,5548,arithmetic,gsm8k_test_0619,train,retain,H3_predating,asdiv
pairs_arith_v2.csv,5549,arithmetic,gsm8k_test_0619,train,retain,R_random,truthfulqa
pairs_arith_v2.csv,5550,arithmetic,gsm8k_test_0620,train,remove,C0_exact,gsm8k_copy
pairs_arith_v2.csv,5551,arithmetic,gsm8k_test_0620,train,remove,C1_transformed,lmsys_rephrase
pairs_arith_v2.csv,5552,arithmetic,gsm8k_test_0620,train,remove,C2_answer_bearing,gsm8k_solution_frag
pairs_arith_v2.csv,5553,arithmetic,gsm8k_test_0620,train,retain,H2_same_template,gsmplus_numerical_substitution
pairs_arith_v2.csv,5554,arithmetic,gsm8k_test_0620,train,remove,C1_transformed,gsmplus_problem_understanding
pairs_arith_v2.csv,5555,arithmetic,gsm8k_test_0620,train,retain,H2_same_template,gsmplus_critical_thinking
pairs_arith_v2.csv,5556,arithmetic,gsm8k_test_0620,train,retain,H1_same_topic,svamp
pairs_arith_v2.csv,5557,arithmetic,gsm8k_test_0620,train,retain,H3_predating,asdiv
pairs_arith_v2.csv,5558,arithmetic,gsm8k_test_0620,train,retain,R_random,truthfulqa
pairs_arith_v2.csv,5595,arithmetic,gsm8k_test_0625,train,remove,C0_exact,gsm8k_copy
pairs_arith_v2.csv,5596,arithmetic,gsm8k_test_0625,train,remove,C1_transformed,lmsys_rephrase
pairs_arith_v2.csv,5597,arithmetic,gsm8k_test_0625,train,remove,C2_answer_bearing,gsm8k_solution_frag
pairs_arith_v2.csv,5598,arithmetic,gsm8k_test_0625,train,retain,H2_same_template,gsmplus_numerical_substitution
pairs_arith_v2.csv,5599,arithmetic,gsm8k_test_0625,train,remove,C1_transformed,gsmplus_problem_understanding
pairs_arith_v2.csv,5600,arithmetic,gsm8k_test_0625,train,retain,H2_same_template,gsmplus_critical_thinking
pairs_arith_v2.csv,5601,arithmetic,gsm8k_test_0625,train,retain,H1_same_topic,svamp
pairs_arith_v2.csv,5602,arithmetic,gsm8k_test_0625,train,retain,H3_predating,asdiv
pairs_arith_v2.csv,5603,arithmetic,gsm8k_test_0625,train,retain,R_random,truthfulqa
pairs_arith_v2.csv,5613,arithmetic,gsm8k_test_0627,train,remove,C0_exact,gsm8k_copy
pairs_arith_v2.csv,5614,arithmetic,gsm8k_test_0627,train,remove,C1_transformed,lmsys_rephrase
pairs_arith_v2.csv,5615,arithmetic,gsm8k_test_0627,train,remove,C2_answer_bearing,gsm8k_solution_frag
pairs_arith_v2.csv,5616,arithmetic,gsm8k_test_0627,train,retain,H2_same_template,gsmplus_numerical_substitution
pairs_arith_v2.csv,5617,arithmetic,gsm8k_test_0627,train,remove,C1_transformed,gsmplus_problem_understanding
pairs_arith_v2.csv,5618,arithmetic,gsm8k_test_0627,train,retain,H2_same_template,gsmplus_critical_thinking
pairs_arith_v2.csv,5619,arithmetic,gsm8k_test_0627,train,retain,H1_same_topic,svamp
pairs_arith_v2.csv,5620,arithmetic,gsm8k_test_0627,train,retain,H3_predating,asdiv
pairs_arith_v2.csv,5621,arithmetic,gsm8k_test_0627,train,retain,R_random,truthfulqa
pairs_arith_v2.csv,5649,arithmetic,gsm8k_test_0631,train,remove,C0_exact,gsm8k_copy
pairs_arith_v2.csv,5650,arithmetic,gsm8k_test_0631,train,remove,C1_transformed,lmsys_rephrase
pairs_arith_v2.csv,5651,arithmetic,gsm8k_test_0631,train,remove,C2_answer_bearing,gsm8k_solution_frag
pairs_arith_v2.csv,5652,arithmetic,gsm8k_test_0631,train,retain,H2_same_template,gsmplus_numerical_substitution
pairs_arith_v2.csv,5653,arithmetic,gsm8k_test_0631,train,remove,C1_transformed,gsmplus_problem_understanding
pairs_arith_v2.csv,5654,arithmetic,gsm8k_test_0631,train,retain,H2_same_template,gsmplus_critical_thinking
pairs_arith_v2.csv,5655,arithmetic,gsm8k_test_0631,train,retain,H1_same_topic,svamp
pairs_arith_v2.csv,5656,arithmetic,gsm8k_test_0631,train,retain,H3_predating,asdiv
pairs_arith_v2.csv,5657,arithmetic,gsm8k_test_0631,train,retain,R_random,truthfulqa
pairs_arith_v2.csv,5694,arithmetic,gsm8k_test_0636,train,remove,C0_exact,gsm8k_copy
pairs_arith_v2.csv,5695,arithmetic,gsm8k_test_0636,train,remove,C1_transformed,lmsys_rephrase
pairs_arith_v2.csv,5696,arithmetic,gsm8k_test_0636,train,remove,C2_answer_bearing,gsm8k_solution_frag
pairs_arith_v2.csv,5697,arithmetic,gsm8k_test_0636,train,retain,H2_same_template,gsmplus_numerical_substitution
pairs_arith_v2.csv,5698,arithmetic,gsm8k_test_0636,train,remove,C1_transformed,gsmplus_problem_understanding
pairs_arith_v2.csv,5699,arithmetic,gsm8k_test_0636,train,retain,H2_same_template,gsmplus_critical_thinking
pairs_arith_v2.csv,5700,arithmetic,gsm8k_test_0636,train,retain,H1_same_topic,svamp
pairs_arith_v2.csv,5701,arithmetic,gsm8k_test_0636,train,retain,H3_predating,asdiv
pairs_arith_v2.csv,5702,arithmetic,gsm8k_test_0636,train,retain,R_random,truthfulqa
pairs_arith_v2.csv,5739,arithmetic,gsm8k_test_0641,train,remove,C0_exact,gsm8k_copy
pairs_arith_v2.csv,5740,arithmetic,gsm8k_test_0641,train,remove,C1_transformed,lmsys_rephrase
pairs_arith_v2.csv,5741,arithmetic,gsm8k_test_0641,train,remove,C2_answer_bearing,gsm8k_solution_frag
pairs_arith_v2.csv,5742,arithmetic,gsm8k_test_0641,train,retain,H2_same_template,gsmplus_numerical_substitution
pairs_arith_v2.csv,5743,arithmetic,gsm8k_test_0641,train,remove,C1_transformed,gsmplus_problem_understanding
pairs_arith_v2.csv,5744,arithmetic,gsm8k_test_0641,train,retain,H2_same_template,gsmplus_critical_thinking
pairs_arith_v2.csv,5745,arithmetic,gsm8k_test_0641,train,retain,H1_same_topic,svamp
pairs_arith_v2.csv,5746,arithmetic,gsm8k_test_0641,train,retain,H3_predating,asdiv
pairs_arith_v2.csv,5747,arithmetic,gsm8k_test_0641,train,retain,R_random,truthfulqa
pairs_arith_v2.csv,5757,arithmetic,gsm8k_test_0643,train,remove,C0_exact,gsm8k_copy
pairs_arith_v2.csv,5758,arithmetic,gsm8k_test_0643,train,remove,C1_transformed,lmsys_rephrase
pairs_arith_v2.csv,5759,arithmetic,gsm8k_test_0643,train,remove,C2_answer_bearing,gsm8k_solution_frag
pairs_arith_v2.csv,5760,arithmetic,gsm8k_test_0643,train,retain,H2_same_template,gsmplus_numerical_substitution
pairs_arith_v2.csv,5761,arithmetic,gsm8k_test_0643,train,remove,C1_transformed,gsmplus_problem_understanding
pairs_arith_v2.csv,5762,arithmetic,gsm8k_test_0643,train,retain,H2_same_template,gsmplus_critical_thinking
pairs_arith_v2.csv,5763,arithmetic,gsm8k_test_0643,train,retain,H1_same_topic,svamp
pairs_arith_v2.csv,5764,arithmetic,gsm8k_test_0643,train,retain,H3_predating,asdiv
pairs_arith_v2.csv,5765,arithmetic,gsm8k_test_0643,train,retain,R_random,truthfulqa
pairs_arith_v2.csv,5775,arithmetic,gsm8k_test_0645,train,remove,C0_exact,gsm8k_copy
pairs_arith_v2.csv,5776,arithmetic,gsm8k_test_0645,train,remove,C1_transformed,lmsys_rephrase
pairs_arith_v2.csv,5777,arithmetic,gsm8k_test_0645,train,remove,C2_answer_bearing,gsm8k_solution_frag
pairs_arith_v2.csv,5778,arithmetic,gsm8k_test_0645,train,retain,H2_same_template,gsmplus_numerical_substitution
pairs_arith_v2.csv,5779,arithmetic,gsm8k_test_0645,train,remove,C1_transformed,gsmplus_problem_understanding
pairs_arith_v2.csv,5780,arithmetic,gsm8k_test_0645,train,retain,H2_same_template,gsmplus_critical_thinking
pairs_arith_v2.csv,5781,arithmetic,gsm8k_test_0645,train,retain,H1_same_topic,svamp
pairs_arith_v2.csv,5782,arithmetic,gsm8k_test_0645,train,retain,H3_predating,asdiv
pairs_arith_v2.csv,5783,arithmetic,gsm8k_test_0645,train,retain,R_random,truthfulqa
pairs_arith_v2.csv,5784,arithmetic,gsm8k_test_0646,train,remove,C0_exact,gsm8k_copy
pairs_arith_v2.csv,5785,arithmetic,gsm8k_test_0646,train,remove,C1_transformed,lmsys_rephrase
pairs_arith_v2.csv,5786,arithmetic,gsm8k_test_0646,train,remove,C2_answer_bearing,gsm8k_solution_frag
pairs_arith_v2.csv,5787,arithmetic,gsm8k_test_0646,train,retain,H2_same_template,gsmplus_numerical_substitution
pairs_arith_v2.csv,5788,arithmetic,gsm8k_test_0646,train,remove,C1_transformed,gsmplus_problem_understanding
pairs_arith_v2.csv,5789,arithmetic,gsm8k_test_0646,train,retain,H2_same_template,gsmplus_critical_thinking
pairs_arith_v2.csv,5790,arithmetic,gsm8k_test_0646,train,retain,H1_same_topic,svamp
pairs_arith_v2.csv,5791,arithmetic,gsm8k_test_0646,train,retain,H3_predating,asdiv
pairs_arith_v2.csv,5792,arithmetic,gsm8k_test_0646,train,retain,R_random,truthfulqa
pairs_arith_v2.csv,5802,arithmetic,gsm8k_test_0648,train,remove,C0_exact,gsm8k_copy
pairs_arith_v2.csv,5803,arithmetic,gsm8k_test_0648,train,remove,C1_transformed,lmsys_rephrase
pairs_arith_v2.csv,5804,arithmetic,gsm8k_test_0648,train,remove,C2_answer_bearing,gsm8k_solution_frag
pairs_arith_v2.csv,5805,arithmetic,gsm8k_test_0648,train,retain,H2_same_template,gsmplus_numerical_substitution
pairs_arith_v2.csv,5806,arithmetic,gsm8k_test_0648,train,remove,C1_transformed,gsmplus_problem_understanding
pairs_arith_v2.csv,5807,arithmetic,gsm8k_test_0648,train,retain,H2_same_template,gsmplus_critical_thinking
pairs_arith_v2.csv,5808,arithmetic,gsm8k_test_0648,train,retain,H1_same_topic,svamp
pairs_arith_v2.csv,5809,arithmetic,gsm8k_test_0648,train,retain,H3_predating,asdiv
pairs_arith_v2.csv,5810,arithmetic,gsm8k_test_0648,train,retain,R_random,truthfulqa
pairs_arith_v2.csv,5811,arithmetic,gsm8k_test_0649,train,remove,C0_exact,gsm8k_copy
pairs_arith_v2.csv,5812,arithmetic,gsm8k_test_0649,train,remove,C1_transformed,lmsys_rephrase
pairs_arith_v2.csv,5813,arithmetic,gsm8k_test_0649,train,remove,C2_answer_bearing,gsm8k_solution_frag
pairs_arith_v2.csv,5814,arithmetic,gsm8k_test_0649,train,retain,H2_same_template,gsmplus_numerical_substitution
pairs_arith_v2.csv,5815,arithmetic,gsm8k_test_0649,train,remove,C1_transformed,gsmplus_problem_understanding
pairs_arith_v2.csv,5816,arithmetic,gsm8k_test_0649,train,retain,H2_same_template,gsmplus_critical_thinking
pairs_arith_v2.csv,5817,arithmetic,gsm8k_test_0649,train,retain,H1_same_topic,svamp
pairs_arith_v2.csv,5818,arithmetic,gsm8k_test_0649,train,retain,H3_predating,asdiv
pairs_arith_v2.csv,5819,arithmetic,gsm8k_test_0649,train,retain,R_random,truthfulqa
pairs_arith_v2.csv,5820,arithmetic,gsm8k_test_0650,train,remove,C0_exact,gsm8k_copy
pairs_arith_v2.csv,5821,arithmetic,gsm8k_test_0650,train,remove,C1_transformed,lmsys_rephrase
pairs_arith_v2.csv,5822,arithmetic,gsm8k_test_0650,train,remove,C2_answer_bearing,gsm8k_solution_frag
pairs_arith_v2.csv,5823,arithmetic,gsm8k_test_0650,train,retain,H2_same_template,gsmplus_numerical_substitution
pairs_arith_v2.csv,5824,arithmetic,gsm8k_test_0650,train,remove,C1_transformed,gsmplus_problem_understanding
pairs_arith_v2.csv,5825,arithmetic,gsm8k_test_0650,train,retain,H2_same_template,gsmplus_critical_thinking
pairs_arith_v2.csv,5826,arithmetic,gsm8k_test_0650,train,retain,H1_same_topic,svamp
pairs_arith_v2.csv,5827,arithmetic,gsm8k_test_0650,train,retain,H3_predating,asdiv
pairs_arith_v2.csv,5828,arithmetic,gsm8k_test_0650,train,retain,R_random,truthfulqa
pairs_arith_v2.csv,5829,arithmetic,gsm8k_test_0651,train,remove,C0_exact,gsm8k_copy
pairs_arith_v2.csv,5830,arithmetic,gsm8k_test_0651,train,remove,C1_transformed,lmsys_rephrase
pairs_arith_v2.csv,5831,arithmetic,gsm8k_test_0651,train,remove,C2_answer_bearing,gsm8k_solution_frag
pairs_arith_v2.csv,5832,arithmetic,gsm8k_test_0651,train,retain,H2_same_template,gsmplus_numerical_substitution
pairs_arith_v2.csv,5833,arithmetic,gsm8k_test_0651,train,remove,C1_transformed,gsmplus_problem_understanding
pairs_arith_v2.csv,5834,arithmetic,gsm8k_test_0651,train,retain,H2_same_template,gsmplus_critical_thinking
pairs_arith_v2.csv,5835,arithmetic,gsm8k_test_0651,train,retain,H1_same_topic,svamp
pairs_arith_v2.csv,5836,arithmetic,gsm8k_test_0651,train,retain,H3_predating,asdiv
pairs_arith_v2.csv,5837,arithmetic,gsm8k_test_0651,train,retain,R_random,truthfulqa
pairs_arith_v2.csv,5847,arithmetic,gsm8k_test_0653,train,remove,C0_exact,gsm8k_copy
pairs_arith_v2.csv,5848,arithmetic,gsm8k_test_0653,train,remove,C1_transformed,lmsys_rephrase
pairs_arith_v2.csv,5849,arithmetic,gsm8k_test_0653,train,remove,C2_answer_bearing,gsm8k_solution_frag
pairs_arith_v2.csv,5850,arithmetic,gsm8k_test_0653,train,retain,H2_same_template,gsmplus_numerical_substitution
pairs_arith_v2.csv,5851,arithmetic,gsm8k_test_0653,train,remove,C1_transformed,gsmplus_problem_understanding
pairs_arith_v2.csv,5852,arithmetic,gsm8k_test_0653,train,retain,H2_same_template,gsmplus_critical_thinking
pairs_arith_v2.csv,5853,arithmetic,gsm8k_test_0653,train,retain,H1_same_topic,svamp
pairs_arith_v2.csv,5854,arithmetic,gsm8k_test_0653,train,retain,H3_predating,asdiv
pairs_arith_v2.csv,5855,arithmetic,gsm8k_test_0653,train,retain,R_random,truthfulqa
pairs_arith_v2.csv,5865,arithmetic,gsm8k_test_0655,train,remove,C0_exact,gsm8k_copy
pairs_arith_v2.csv,5866,arithmetic,gsm8k_test_0655,train,remove,C1_transformed,lmsys_rephrase
pairs_arith_v2.csv,5867,arithmetic,gsm8k_test_0655,train,remove,C2_answer_bearing,gsm8k_solution_frag
pairs_arith_v2.csv,5868,arithmetic,gsm8k_test_0655,train,retain,H2_same_template,gsmplus_numerical_substitution
pairs_arith_v2.csv,5869,arithmetic,gsm8k_test_0655,train,remove,C1_transformed,gsmplus_problem_understanding
pairs_arith_v2.csv,5870,arithmetic,gsm8k_test_0655,train,retain,H2_same_template,gsmplus_critical_thinking
pairs_arith_v2.csv,5871,arithmetic,gsm8k_test_0655,train,retain,H1_same_topic,svamp
pairs_arith_v2.csv,5872,arithmetic,gsm8k_test_0655,train,retain,H3_predating,asdiv
pairs_arith_v2.csv,5873,arithmetic,gsm8k_test_0655,train,retain,R_random,truthfulqa
pairs_arith_v2.csv,5883,arithmetic,gsm8k_test_0657,train,remove,C0_exact,gsm8k_copy
pairs_arith_v2.csv,5884,arithmetic,gsm8k_test_0657,train,remove,C1_transformed,lmsys_rephrase
pairs_arith_v2.csv,5885,arithmetic,gsm8k_test_0657,train,remove,C2_answer_bearing,gsm8k_solution_frag
pairs_arith_v2.csv,5886,arithmetic,gsm8k_test_0657,train,retain,H2_same_template,gsmplus_numerical_substitution
pairs_arith_v2.csv,5887,arithmetic,gsm8k_test_0657,train,remove,C1_transformed,gsmplus_problem_understanding
pairs_arith_v2.csv,5888,arithmetic,gsm8k_test_0657,train,retain,H2_same_template,gsmplus_critical_thinking
pairs_arith_v2.csv,5889,arithmetic,gsm8k_test_0657,train,retain,H1_same_topic,svamp
pairs_arith_v2.csv,5890,arithmetic,gsm8k_test_0657,train,retain,H3_predating,asdiv
pairs_arith_v2.csv,5891,arithmetic,gsm8k_test_0657,train,retain,R_random,truthfulqa
pairs_arith_v2.csv,5901,arithmetic,gsm8k_test_0659,train,remove,C0_exact,gsm8k_copy
pairs_arith_v2.csv,5902,arithmetic,gsm8k_test_0659,train,remove,C1_transformed,lmsys_rephrase
pairs_arith_v2.csv,5903,arithmetic,gsm8k_test_0659,train,remove,C2_answer_bearing,gsm8k_solution_frag
pairs_arith_v2.csv,5904,arithmetic,gsm8k_test_0659,train,retain,H2_same_template,gsmplus_numerical_substitution
pairs_arith_v2.csv,5905,arithmetic,gsm8k_test_0659,train,remove,C1_transformed,gsmplus_problem_understanding
pairs_arith_v2.csv,5906,arithmetic,gsm8k_test_0659,train,retain,H2_same_template,gsmplus_critical_thinking
pairs_arith_v2.csv,5907,arithmetic,gsm8k_test_0659,train,retain,H1_same_topic,svamp
pairs_arith_v2.csv,5908,arithmetic,gsm8k_test_0659,train,retain,H3_predating,asdiv
pairs_arith_v2.csv,5909,arithmetic,gsm8k_test_0659,train,retain,R_random,truthfulqa
pairs_arith_v2.csv,5910,arithmetic,gsm8k_test_0660,train,remove,C0_exact,gsm8k_copy
pairs_arith_v2.csv,5911,arithmetic,gsm8k_test_0660,train,remove,C1_transformed,lmsys_rephrase
pairs_arith_v2.csv,5912,arithmetic,gsm8k_test_0660,train,remove,C2_answer_bearing,gsm8k_solution_frag
pairs_arith_v2.csv,5913,arithmetic,gsm8k_test_0660,train,remove,C1_transformed,gsmplus_problem_understanding
pairs_arith_v2.csv,5914,arithmetic,gsm8k_test_0660,train,retain,H2_same_template,gsmplus_critical_thinking
pairs_arith_v2.csv,5915,arithmetic,gsm8k_test_0660,train,retain,H1_same_topic,svamp
pairs_arith_v2.csv,5916,arithmetic,gsm8k_test_0660,train,retain,H3_predating,asdiv
pairs_arith_v2.csv,5917,arithmetic,gsm8k_test_0660,train,retain,R_random,truthfulqa
pairs_arith_v2.csv,5944,arithmetic,gsm8k_test_0664,train,remove,C0_exact,gsm8k_copy
pairs_arith_v2.csv,5945,arithmetic,gsm8k_test_0664,train,remove,C1_transformed,lmsys_rephrase
pairs_arith_v2.csv,5946,arithmetic,gsm8k_test_0664,train,remove,C2_answer_bearing,gsm8k_solution_frag
pairs_arith_v2.csv,5947,arithmetic,gsm8k_test_0664,train,remove,C1_transformed,gsmplus_problem_understanding
pairs_arith_v2.csv,5948,arithmetic,gsm8k_test_0664,train,retain,H2_same_template,gsmplus_critical_thinking
pairs_arith_v2.csv,5949,arithmetic,gsm8k_test_0664,train,retain,H1_same_topic,svamp
pairs_arith_v2.csv,5950,arithmetic,gsm8k_test_0664,train,retain,H3_predating,asdiv
pairs_arith_v2.csv,5951,arithmetic,gsm8k_test_0664,train,retain,R_random,truthfulqa
pairs_arith_v2.csv,5961,arithmetic,gsm8k_test_0666,train,remove,C0_exact,gsm8k_copy
pairs_arith_v2.csv,5962,arithmetic,gsm8k_test_0666,train,remove,C1_transformed,lmsys_rephrase
pairs_arith_v2.csv,5963,arithmetic,gsm8k_test_0666,train,remove,C2_answer_bearing,gsm8k_solution_frag
pairs_arith_v2.csv,5964,arithmetic,gsm8k_test_0666,train,retain,H2_same_template,gsmplus_numerical_substitution
pairs_arith_v2.csv,5965,arithmetic,gsm8k_test_0666,train,remove,C1_transformed,gsmplus_problem_understanding
pairs_arith_v2.csv,5966,arithmetic,gsm8k_test_0666,train,retain,H2_same_template,gsmplus_critical_thinking
pairs_arith_v2.csv,5967,arithmetic,gsm8k_test_0666,train,retain,H1_same_topic,svamp
pairs_arith_v2.csv,5968,arithmetic,gsm8k_test_0666,train,retain,H3_predating,asdiv
pairs_arith_v2.csv,5969,arithmetic,gsm8k_test_0666,train,retain,R_random,truthfulqa
pairs_arith_v2.csv,5970,arithmetic,gsm8k_test_0667,train,remove,C0_exact,gsm8k_copy
pairs_arith_v2.csv,5971,arithmetic,gsm8k_test_0667,train,remove,C1_transformed,lmsys_rephrase
pairs_arith_v2.csv,5972,arithmetic,gsm8k_test_0667,train,remove,C2_answer_bearing,gsm8k_solution_frag
pairs_arith_v2.csv,5973,arithmetic,gsm8k_test_0667,train,retain,H2_same_template,gsmplus_numerical_substitution
pairs_arith_v2.csv,5974,arithmetic,gsm8k_test_0667,train,remove,C1_transformed,gsmplus_problem_understanding
pairs_arith_v2.csv,5975,arithmetic,gsm8k_test_0667,train,retain,H2_same_template,gsmplus_critical_thinking
pairs_arith_v2.csv,5976,arithmetic,gsm8k_test_0667,train,retain,H1_same_topic,svamp
pairs_arith_v2.csv,5977,arithmetic,gsm8k_test_0667,train,retain,H3_predating,asdiv
pairs_arith_v2.csv,5978,arithmetic,gsm8k_test_0667,train,retain,R_random,truthfulqa
pairs_arith_v2.csv,5979,arithmetic,gsm8k_test_0668,train,remove,C0_exact,gsm8k_copy
pairs_arith_v2.csv,5980,arithmetic,gsm8k_test_0668,train,remove,C1_transformed,lmsys_rephrase
pairs_arith_v2.csv,5981,arithmetic,gsm8k_test_0668,train,remove,C2_answer_bearing,gsm8k_solution_frag
pairs_arith_v2.csv,5982,arithmetic,gsm8k_test_0668,train,retain,H2_same_template,gsmplus_numerical_substitution
pairs_arith_v2.csv,5983,arithmetic,gsm8k_test_0668,train,remove,C1_transformed,gsmplus_problem_understanding
pairs_arith_v2.csv,5984,arithmetic,gsm8k_test_0668,train,retain,H2_same_template,gsmplus_critical_thinking
pairs_arith_v2.csv,5985,arithmetic,gsm8k_test_0668,train,retain,H1_same_topic,svamp
pairs_arith_v2.csv,5986,arithmetic,gsm8k_test_0668,train,retain,H3_predating,asdiv
pairs_arith_v2.csv,5987,arithmetic,gsm8k_test_0668,train,retain,R_random,truthfulqa
pairs_arith_v2.csv,5997,arithmetic,gsm8k_test_0670,train,remove,C0_exact,gsm8k_copy
pairs_arith_v2.csv,5998,arithmetic,gsm8k_test_0670,train,remove,C1_transformed,lmsys_rephrase
pairs_arith_v2.csv,5999,arithmetic,gsm8k_test_0670,train,remove,C2_answer_bearing,gsm8k_solution_frag
pairs_arith_v2.csv,6000,arithmetic,gsm8k_test_0670,train,retain,H2_same_template,gsmplus_numerical_substitution
pairs_arith_v2.csv,6001,arithmetic,gsm8k_test_0670,train,remove,C1_transformed,gsmplus_problem_understanding
pairs_arith_v2.csv,6002,arithmetic,gsm8k_test_0670,train,retain,H2_same_template,gsmplus_critical_thinking
pairs_arith_v2.csv,6003,arithmetic,gsm8k_test_0670,train,retain,H1_same_topic,svamp
pairs_arith_v2.csv,6004,arithmetic,gsm8k_test_0670,train,retain,H3_predating,asdiv
pairs_arith_v2.csv,6005,arithmetic,gsm8k_test_0670,train,retain,R_random,truthfulqa
pairs_arith_v2.csv,6006,arithmetic,gsm8k_test_0671,train,remove,C0_exact,gsm8k_copy
pairs_arith_v2.csv,6007,arithmetic,gsm8k_test_0671,train,remove,C1_transformed,lmsys_rephrase
pairs_arith_v2.csv,6008,arithmetic,gsm8k_test_0671,train,remove,C2_answer_bearing,gsm8k_solution_frag
pairs_arith_v2.csv,6009,arithmetic,gsm8k_test_0671,train,retain,H2_same_template,gsmplus_numerical_substitution
pairs_arith_v2.csv,6010,arithmetic,gsm8k_test_0671,train,remove,C1_transformed,gsmplus_problem_understanding
pairs_arith_v2.csv,6011,arithmetic,gsm8k_test_0671,train,retain,H2_same_template,gsmplus_critical_thinking
pairs_arith_v2.csv,6012,arithmetic,gsm8k_test_0671,train,retain,H1_same_topic,svamp
pairs_arith_v2.csv,6013,arithmetic,gsm8k_test_0671,train,retain,H3_predating,asdiv
pairs_arith_v2.csv,6014,arithmetic,gsm8k_test_0671,train,retain,R_random,truthfulqa
pairs_arith_v2.csv,6024,arithmetic,gsm8k_test_0673,train,remove,C0_exact,gsm8k_copy
pairs_arith_v2.csv,6025,arithmetic,gsm8k_test_0673,train,remove,C1_transformed,lmsys_rephrase
pairs_arith_v2.csv,6026,arithmetic,gsm8k_test_0673,train,remove,C2_answer_bearing,gsm8k_solution_frag
pairs_arith_v2.csv,6027,arithmetic,gsm8k_test_0673,train,retain,H2_same_template,gsmplus_numerical_substitution
pairs_arith_v2.csv,6028,arithmetic,gsm8k_test_0673,train,remove,C1_transformed,gsmplus_problem_understanding
pairs_arith_v2.csv,6029,arithmetic,gsm8k_test_0673,train,retain,H2_same_template,gsmplus_critical_thinking
pairs_arith_v2.csv,6030,arithmetic,gsm8k_test_0673,train,retain,H1_same_topic,svamp
pairs_arith_v2.csv,6031,arithmetic,gsm8k_test_0673,train,retain,H3_predating,asdiv
pairs_arith_v2.csv,6032,arithmetic,gsm8k_test_0673,train,retain,R_random,truthfulqa
pairs_arith_v2.csv,6042,arithmetic,gsm8k_test_0675,train,remove,C0_exact,gsm8k_copy
pairs_arith_v2.csv,6043,arithmetic,gsm8k_test_0675,train,remove,C1_transformed,lmsys_rephrase
pairs_arith_v2.csv,6044,arithmetic,gsm8k_test_0675,train,remove,C2_answer_bearing,gsm8k_solution_frag
pairs_arith_v2.csv,6045,arithmetic,gsm8k_test_0675,train,retain,H2_same_template,gsmplus_numerical_substitution
pairs_arith_v2.csv,6046,arithmetic,gsm8k_test_0675,train,remove,C1_transformed,gsmplus_problem_understanding
pairs_arith_v2.csv,6047,arithmetic,gsm8k_test_0675,train,retain,H2_same_template,gsmplus_critical_thinking
pairs_arith_v2.csv,6048,arithmetic,gsm8k_test_0675,train,retain,H1_same_topic,svamp
pairs_arith_v2.csv,6049,arithmetic,gsm8k_test_0675,train,retain,H3_predating,asdiv
pairs_arith_v2.csv,6050,arithmetic,gsm8k_test_0675,train,retain,R_random,truthfulqa
pairs_arith_v2.csv,6087,arithmetic,gsm8k_test_0680,train,remove,C0_exact,gsm8k_copy
pairs_arith_v2.csv,6088,arithmetic,gsm8k_test_0680,train,remove,C1_transformed,lmsys_rephrase
pairs_arith_v2.csv,6089,arithmetic,gsm8k_test_0680,train,remove,C2_answer_bearing,gsm8k_solution_frag
pairs_arith_v2.csv,6090,arithmetic,gsm8k_test_0680,train,retain,H2_same_template,gsmplus_numerical_substitution
pairs_arith_v2.csv,6091,arithmetic,gsm8k_test_0680,train,remove,C1_transformed,gsmplus_problem_understanding
pairs_arith_v2.csv,6092,arithmetic,gsm8k_test_0680,train,retain,H2_same_template,gsmplus_critical_thinking
pairs_arith_v2.csv,6093,arithmetic,gsm8k_test_0680,train,retain,H1_same_topic,svamp
pairs_arith_v2.csv,6094,arithmetic,gsm8k_test_0680,train,retain,H3_predating,asdiv
pairs_arith_v2.csv,6095,arithmetic,gsm8k_test_0680,train,retain,R_random,truthfulqa
pairs_arith_v2.csv,6096,arithmetic,gsm8k_test_0681,train,remove,C0_exact,gsm8k_copy
pairs_arith_v2.csv,6097,arithmetic,gsm8k_test_0681,train,remove,C1_transformed,lmsys_rephrase
pairs_arith_v2.csv,6098,arithmetic,gsm8k_test_0681,train,remove,C2_answer_bearing,gsm8k_solution_frag
pairs_arith_v2.csv,6099,arithmetic,gsm8k_test_0681,train,retain,H2_same_template,gsmplus_numerical_substitution
pairs_arith_v2.csv,6100,arithmetic,gsm8k_test_0681,train,remove,C1_transformed,gsmplus_problem_understanding
pairs_arith_v2.csv,6101,arithmetic,gsm8k_test_0681,train,retain,H2_same_template,gsmplus_critical_thinking
pairs_arith_v2.csv,6102,arithmetic,gsm8k_test_0681,train,retain,H1_same_topic,svamp
pairs_arith_v2.csv,6103,arithmetic,gsm8k_test_0681,train,retain,H3_predating,asdiv
pairs_arith_v2.csv,6104,arithmetic,gsm8k_test_0681,train,retain,R_random,truthfulqa
pairs_arith_v2.csv,6123,arithmetic,gsm8k_test_0684,train,remove,C0_exact,gsm8k_copy
pairs_arith_v2.csv,6124,arithmetic,gsm8k_test_0684,train,remove,C1_transformed,lmsys_rephrase
pairs_arith_v2.csv,6125,arithmetic,gsm8k_test_0684,train,remove,C2_answer_bearing,gsm8k_solution_frag
pairs_arith_v2.csv,6126,arithmetic,gsm8k_test_0684,train,retain,H2_same_template,gsmplus_numerical_substitution
pairs_arith_v2.csv,6127,arithmetic,gsm8k_test_0684,train,remove,C1_transformed,gsmplus_problem_understanding
pairs_arith_v2.csv,6128,arithmetic,gsm8k_test_0684,train,retain,H2_same_template,gsmplus_critical_thinking
pairs_arith_v2.csv,6129,arithmetic,gsm8k_test_0684,train,retain,H1_same_topic,svamp
pairs_arith_v2.csv,6130,arithmetic,gsm8k_test_0684,train,retain,H3_predating,asdiv
pairs_arith_v2.csv,6131,arithmetic,gsm8k_test_0684,train,retain,R_random,truthfulqa
pairs_arith_v2.csv,6141,arithmetic,gsm8k_test_0686,train,remove,C0_exact,gsm8k_copy
pairs_arith_v2.csv,6142,arithmetic,gsm8k_test_0686,train,remove,C1_transformed,lmsys_rephrase
pairs_arith_v2.csv,6143,arithmetic,gsm8k_test_0686,train,remove,C2_answer_bearing,gsm8k_solution_frag
pairs_arith_v2.csv,6144,arithmetic,gsm8k_test_0686,train,retain,H2_same_template,gsmplus_numerical_substitution
pairs_arith_v2.csv,6145,arithmetic,gsm8k_test_0686,train,remove,C1_transformed,gsmplus_problem_understanding
pairs_arith_v2.csv,6146,arithmetic,gsm8k_test_0686,train,retain,H2_same_template,gsmplus_critical_thinking
pairs_arith_v2.csv,6147,arithmetic,gsm8k_test_0686,train,retain,H1_same_topic,svamp
pairs_arith_v2.csv,6148,arithmetic,gsm8k_test_0686,train,retain,H3_predating,asdiv
pairs_arith_v2.csv,6149,arithmetic,gsm8k_test_0686,train,retain,R_random,truthfulqa
pairs_arith_v2.csv,6150,arithmetic,gsm8k_test_0687,train,remove,C0_exact,gsm8k_copy
pairs_arith_v2.csv,6151,arithmetic,gsm8k_test_0687,train,remove,C1_transformed,lmsys_rephrase
pairs_arith_v2.csv,6152,arithmetic,gsm8k_test_0687,train,remove,C2_answer_bearing,gsm8k_solution_frag
pairs_arith_v2.csv,6153,arithmetic,gsm8k_test_0687,train,retain,H2_same_template,gsmplus_numerical_substitution
pairs_arith_v2.csv,6154,arithmetic,gsm8k_test_0687,train,remove,C1_transformed,gsmplus_problem_understanding
pairs_arith_v2.csv,6155,arithmetic,gsm8k_test_0687,train,retain,H2_same_template,gsmplus_critical_thinking
pairs_arith_v2.csv,6156,arithmetic,gsm8k_test_0687,train,retain,H1_same_topic,svamp
pairs_arith_v2.csv,6157,arithmetic,gsm8k_test_0687,train,retain,H3_predating,asdiv
pairs_arith_v2.csv,6158,arithmetic,gsm8k_test_0687,train,retain,R_random,truthfulqa
pairs_arith_v2.csv,6159,arithmetic,gsm8k_test_0688,train,remove,C0_exact,gsm8k_copy
pairs_arith_v2.csv,6160,arithmetic,gsm8k_test_0688,train,remove,C1_transformed,lmsys_rephrase
pairs_arith_v2.csv,6161,arithmetic,gsm8k_test_0688,train,remove,C2_answer_bearing,gsm8k_solution_frag
pairs_arith_v2.csv,6162,arithmetic,gsm8k_test_0688,train,retain,H2_same_template,gsmplus_numerical_substitution
pairs_arith_v2.csv,6163,arithmetic,gsm8k_test_0688,train,remove,C1_transformed,gsmplus_problem_understanding
pairs_arith_v2.csv,6164,arithmetic,gsm8k_test_0688,train,retain,H2_same_template,gsmplus_critical_thinking
pairs_arith_v2.csv,6165,arithmetic,gsm8k_test_0688,train,retain,H1_same_topic,svamp
pairs_arith_v2.csv,6166,arithmetic,gsm8k_test_0688,train,retain,H3_predating,asdiv
pairs_arith_v2.csv,6167,arithmetic,gsm8k_test_0688,train,retain,R_random,truthfulqa
pairs_arith_v2.csv,6177,arithmetic,gsm8k_test_0690,train,remove,C0_exact,gsm8k_copy
pairs_arith_v2.csv,6178,arithmetic,gsm8k_test_0690,train,remove,C1_transformed,lmsys_rephrase
pairs_arith_v2.csv,6179,arithmetic,gsm8k_test_0690,train,remove,C2_answer_bearing,gsm8k_solution_frag
pairs_arith_v2.csv,6180,arithmetic,gsm8k_test_0690,train,retain,H2_same_template,gsmplus_numerical_substitution
pairs_arith_v2.csv,6181,arithmetic,gsm8k_test_0690,train,remove,C1_transformed,gsmplus_problem_understanding
pairs_arith_v2.csv,6182,arithmetic,gsm8k_test_0690,train,retain,H2_same_template,gsmplus_critical_thinking
pairs_arith_v2.csv,6183,arithmetic,gsm8k_test_0690,train,retain,H1_same_topic,svamp
pairs_arith_v2.csv,6184,arithmetic,gsm8k_test_0690,train,retain,H3_predating,asdiv
pairs_arith_v2.csv,6185,arithmetic,gsm8k_test_0690,train,retain,R_random,truthfulqa
pairs_arith_v2.csv,6186,arithmetic,gsm8k_test_0691,train,remove,C0_exact,gsm8k_copy
pairs_arith_v2.csv,6187,arithmetic,gsm8k_test_0691,train,remove,C1_transformed,lmsys_rephrase
pairs_arith_v2.csv,6188,arithmetic,gsm8k_test_0691,train,remove,C2_answer_bearing,gsm8k_solution_frag
pairs_arith_v2.csv,6189,arithmetic,gsm8k_test_0691,train,retain,H2_same_template,gsmplus_numerical_substitution
pairs_arith_v2.csv,6190,arithmetic,gsm8k_test_0691,train,remove,C1_transformed,gsmplus_problem_understanding
pairs_arith_v2.csv,6191,arithmetic,gsm8k_test_0691,train,retain,H2_same_template,gsmplus_critical_thinking
pairs_arith_v2.csv,6192,arithmetic,gsm8k_test_0691,train,retain,H1_same_topic,svamp
pairs_arith_v2.csv,6193,arithmetic,gsm8k_test_0691,train,retain,H3_predating,asdiv
pairs_arith_v2.csv,6194,arithmetic,gsm8k_test_0691,train,retain,R_random,truthfulqa
pairs_arith_v2.csv,6249,arithmetic,gsm8k_test_0698,train,remove,C0_exact,gsm8k_copy
pairs_arith_v2.csv,6250,arithmetic,gsm8k_test_0698,train,remove,C1_transformed,lmsys_rephrase
pairs_arith_v2.csv,6251,arithmetic,gsm8k_test_0698,train,remove,C2_answer_bearing,gsm8k_solution_frag
pairs_arith_v2.csv,6252,arithmetic,gsm8k_test_0698,train,retain,H2_same_template,gsmplus_numerical_substitution
pairs_arith_v2.csv,6253,arithmetic,gsm8k_test_0698,train,remove,C1_transformed,gsmplus_problem_understanding
pairs_arith_v2.csv,6254,arithmetic,gsm8k_test_0698,train,retain,H2_same_template,gsmplus_critical_thinking
pairs_arith_v2.csv,6255,arithmetic,gsm8k_test_0698,train,retain,H1_same_topic,svamp
pairs_arith_v2.csv,6256,arithmetic,gsm8k_test_0698,train,retain,H3_predating,asdiv
pairs_arith_v2.csv,6257,arithmetic,gsm8k_test_0698,train,retain,R_random,truthfulqa
pairs_arith_v2.csv,6312,arithmetic,gsm8k_test_0705,train,remove,C0_exact,gsm8k_copy
pairs_arith_v2.csv,6313,arithmetic,gsm8k_test_0705,train,remove,C1_transformed,lmsys_rephrase
pairs_arith_v2.csv,6314,arithmetic,gsm8k_test_0705,train,remove,C2_answer_bearing,gsm8k_solution_frag
pairs_arith_v2.csv,6315,arithmetic,gsm8k_test_0705,train,retain,H2_same_template,gsmplus_numerical_substitution
pairs_arith_v2.csv,6316,arithmetic,gsm8k_test_0705,train,remove,C1_transformed,gsmplus_problem_understanding
pairs_arith_v2.csv,6317,arithmetic,gsm8k_test_0705,train,retain,H2_same_template,gsmplus_critical_thinking
pairs_arith_v2.csv,6318,arithmetic,gsm8k_test_0705,train,retain,H1_same_topic,svamp
pairs_arith_v2.csv,6319,arithmetic,gsm8k_test_0705,train,retain,H3_predating,asdiv
pairs_arith_v2.csv,6320,arithmetic,gsm8k_test_0705,train,retain,R_random,truthfulqa
pairs_arith_v2.csv,6411,arithmetic,gsm8k_test_0716,train,remove,C0_exact,gsm8k_copy
pairs_arith_v2.csv,6412,arithmetic,gsm8k_test_0716,train,remove,C1_transformed,lmsys_rephrase
pairs_arith_v2.csv,6413,arithmetic,gsm8k_test_0716,train,remove,C2_answer_bearing,gsm8k_solution_frag
pairs_arith_v2.csv,6414,arithmetic,gsm8k_test_0716,train,retain,H2_same_template,gsmplus_numerical_substitution
pairs_arith_v2.csv,6415,arithmetic,gsm8k_test_0716,train,remove,C1_transformed,gsmplus_problem_understanding
pairs_arith_v2.csv,6416,arithmetic,gsm8k_test_0716,train,retain,H2_same_template,gsmplus_critical_thinking
pairs_arith_v2.csv,6417,arithmetic,gsm8k_test_0716,train,retain,H1_same_topic,svamp
pairs_arith_v2.csv,6418,arithmetic,gsm8k_test_0716,train,retain,H3_predating,asdiv
pairs_arith_v2.csv,6419,arithmetic,gsm8k_test_0716,train,retain,R_random,truthfulqa
pairs_arith_v2.csv,6420,arithmetic,gsm8k_test_0717,train,remove,C0_exact,gsm8k_copy
pairs_arith_v2.csv,6421,arithmetic,gsm8k_test_0717,train,remove,C1_transformed,lmsys_rephrase
pairs_arith_v2.csv,6422,arithmetic,gsm8k_test_0717,train,remove,C2_answer_bearing,gsm8k_solution_frag
pairs_arith_v2.csv,6423,arithmetic,gsm8k_test_0717,train,retain,H2_same_template,gsmplus_numerical_substitution
pairs_arith_v2.csv,6424,arithmetic,gsm8k_test_0717,train,remove,C1_transformed,gsmplus_problem_understanding
pairs_arith_v2.csv,6425,arithmetic,gsm8k_test_0717,train,retain,H2_same_template,gsmplus_critical_thinking
pairs_arith_v2.csv,6426,arithmetic,gsm8k_test_0717,train,retain,H1_same_topic,svamp
pairs_arith_v2.csv,6427,arithmetic,gsm8k_test_0717,train,retain,H3_predating,asdiv
pairs_arith_v2.csv,6428,arithmetic,gsm8k_test_0717,train,retain,R_random,truthfulqa
pairs_arith_v2.csv,6438,arithmetic,gsm8k_test_0719,train,remove,C0_exact,gsm8k_copy
pairs_arith_v2.csv,6439,arithmetic,gsm8k_test_0719,train,remove,C1_transformed,lmsys_rephrase
pairs_arith_v2.csv,6440,arithmetic,gsm8k_test_0719,train,remove,C2_answer_bearing,gsm8k_solution_frag
pairs_arith_v2.csv,6441,arithmetic,gsm8k_test_0719,train,retain,H2_same_template,gsmplus_numerical_substitution
pairs_arith_v2.csv,6442,arithmetic,gsm8k_test_0719,train,remove,C1_transformed,gsmplus_problem_understanding
pairs_arith_v2.csv,6443,arithmetic,gsm8k_test_0719,train,retain,H2_same_template,gsmplus_critical_thinking
pairs_arith_v2.csv,6444,arithmetic,gsm8k_test_0719,train,retain,H1_same_topic,svamp
pairs_arith_v2.csv,6445,arithmetic,gsm8k_test_0719,train,retain,H3_predating,asdiv
pairs_arith_v2.csv,6446,arithmetic,gsm8k_test_0719,train,retain,R_random,truthfulqa
pairs_arith_v2.csv,6447,arithmetic,gsm8k_test_0720,train,remove,C0_exact,gsm8k_copy
pairs_arith_v2.csv,6448,arithmetic,gsm8k_test_0720,train,remove,C1_transformed,lmsys_rephrase
pairs_arith_v2.csv,6449,arithmetic,gsm8k_test_0720,train,remove,C2_answer_bearing,gsm8k_solution_frag
pairs_arith_v2.csv,6450,arithmetic,gsm8k_test_0720,train,retain,H2_same_template,gsmplus_numerical_substitution
pairs_arith_v2.csv,6451,arithmetic,gsm8k_test_0720,train,remove,C1_transformed,gsmplus_problem_understanding
pairs_arith_v2.csv,6452,arithmetic,gsm8k_test_0720,train,retain,H2_same_template,gsmplus_critical_thinking
pairs_arith_v2.csv,6453,arithmetic,gsm8k_test_0720,train,retain,H1_same_topic,svamp
pairs_arith_v2.csv,6454,arithmetic,gsm8k_test_0720,train,retain,H3_predating,asdiv
pairs_arith_v2.csv,6455,arithmetic,gsm8k_test_0720,train,retain,R_random,truthfulqa
pairs_arith_v2.csv,6465,arithmetic,gsm8k_test_0722,train,remove,C0_exact,gsm8k_copy
pairs_arith_v2.csv,6466,arithmetic,gsm8k_test_0722,train,remove,C1_transformed,lmsys_rephrase
pairs_arith_v2.csv,6467,arithmetic,gsm8k_test_0722,train,remove,C2_answer_bearing,gsm8k_solution_frag
pairs_arith_v2.csv,6468,arithmetic,gsm8k_test_0722,train,retain,H2_same_template,gsmplus_numerical_substitution
pairs_arith_v2.csv,6469,arithmetic,gsm8k_test_0722,train,remove,C1_transformed,gsmplus_problem_understanding
pairs_arith_v2.csv,6470,arithmetic,gsm8k_test_0722,train,retain,H2_same_template,gsmplus_critical_thinking
pairs_arith_v2.csv,6471,arithmetic,gsm8k_test_0722,train,retain,H1_same_topic,svamp
pairs_arith_v2.csv,6472,arithmetic,gsm8k_test_0722,train,retain,H3_predating,asdiv
pairs_arith_v2.csv,6473,arithmetic,gsm8k_test_0722,train,retain,R_random,truthfulqa
pairs_arith_v2.csv,6474,arithmetic,gsm8k_test_0723,train,remove,C0_exact,gsm8k_copy
pairs_arith_v2.csv,6475,arithmetic,gsm8k_test_0723,train,remove,C1_transformed,lmsys_rephrase
pairs_arith_v2.csv,6476,arithmetic,gsm8k_test_0723,train,remove,C2_answer_bearing,gsm8k_solution_frag
pairs_arith_v2.csv,6477,arithmetic,gsm8k_test_0723,train,retain,H2_same_template,gsmplus_numerical_substitution
pairs_arith_v2.csv,6478,arithmetic,gsm8k_test_0723,train,remove,C1_transformed,gsmplus_problem_understanding
pairs_arith_v2.csv,6479,arithmetic,gsm8k_test_0723,train,retain,H2_same_template,gsmplus_critical_thinking
pairs_arith_v2.csv,6480,arithmetic,gsm8k_test_0723,train,retain,H1_same_topic,svamp
pairs_arith_v2.csv,6481,arithmetic,gsm8k_test_0723,train,retain,H3_predating,asdiv
pairs_arith_v2.csv,6482,arithmetic,gsm8k_test_0723,train,retain,R_random,truthfulqa
pairs_arith_v2.csv,6510,arithmetic,gsm8k_test_0727,train,remove,C0_exact,gsm8k_copy
pairs_arith_v2.csv,6512,arithmetic,gsm8k_test_0727,train,remove,C2_answer_bearing,gsm8k_solution_frag
pairs_arith_v2.csv,6513,arithmetic,gsm8k_test_0727,train,retain,H2_same_template,gsmplus_numerical_substitution
pairs_arith_v2.csv,6514,arithmetic,gsm8k_test_0727,train,remove,C1_transformed,gsmplus_problem_understanding
pairs_arith_v2.csv,6515,arithmetic,gsm8k_test_0727,train,retain,H2_same_template,gsmplus_critical_thinking
pairs_arith_v2.csv,6516,arithmetic,gsm8k_test_0727,train,retain,H1_same_topic,svamp
pairs_arith_v2.csv,6517,arithmetic,gsm8k_test_0727,train,retain,H3_predating,asdiv
pairs_arith_v2.csv,6518,arithmetic,gsm8k_test_0727,train,retain,R_random,truthfulqa
pairs_arith_v2.csv,6537,arithmetic,gsm8k_test_0730,train,remove,C0_exact,gsm8k_copy
pairs_arith_v2.csv,6538,arithmetic,gsm8k_test_0730,train,remove,C1_transformed,lmsys_rephrase
pairs_arith_v2.csv,6539,arithmetic,gsm8k_test_0730,train,remove,C2_answer_bearing,gsm8k_solution_frag
pairs_arith_v2.csv,6540,arithmetic,gsm8k_test_0730,train,retain,H2_same_template,gsmplus_numerical_substitution
pairs_arith_v2.csv,6541,arithmetic,gsm8k_test_0730,train,remove,C1_transformed,gsmplus_problem_understanding
pairs_arith_v2.csv,6542,arithmetic,gsm8k_test_0730,train,retain,H2_same_template,gsmplus_critical_thinking
pairs_arith_v2.csv,6543,arithmetic,gsm8k_test_0730,train,retain,H1_same_topic,svamp
pairs_arith_v2.csv,6544,arithmetic,gsm8k_test_0730,train,retain,H3_predating,asdiv
pairs_arith_v2.csv,6545,arithmetic,gsm8k_test_0730,train,retain,R_random,truthfulqa
pairs_arith_v2.csv,6555,arithmetic,gsm8k_test_0732,train,remove,C0_exact,gsm8k_copy
pairs_arith_v2.csv,6556,arithmetic,gsm8k_test_0732,train,remove,C1_transformed,lmsys_rephrase
pairs_arith_v2.csv,6557,arithmetic,gsm8k_test_0732,train,remove,C2_answer_bearing,gsm8k_solution_frag
pairs_arith_v2.csv,6558,arithmetic,gsm8k_test_0732,train,retain,H2_same_template,gsmplus_numerical_substitution
pairs_arith_v2.csv,6559,arithmetic,gsm8k_test_0732,train,remove,C1_transformed,gsmplus_problem_understanding
pairs_arith_v2.csv,6560,arithmetic,gsm8k_test_0732,train,retain,H2_same_template,gsmplus_critical_thinking
pairs_arith_v2.csv,6561,arithmetic,gsm8k_test_0732,train,retain,H1_same_topic,svamp
pairs_arith_v2.csv,6562,arithmetic,gsm8k_test_0732,train,retain,H3_predating,asdiv
pairs_arith_v2.csv,6563,arithmetic,gsm8k_test_0732,train,retain,R_random,truthfulqa
pairs_arith_v2.csv,6652,arithmetic,gsm8k_test_0743,train,remove,C0_exact,gsm8k_copy
pairs_arith_v2.csv,6653,arithmetic,gsm8k_test_0743,train,remove,C1_transformed,lmsys_rephrase
pairs_arith_v2.csv,6654,arithmetic,gsm8k_test_0743,train,remove,C2_answer_bearing,gsm8k_solution_frag
pairs_arith_v2.csv,6655,arithmetic,gsm8k_test_0743,train,retain,H2_same_template,gsmplus_numerical_substitution
pairs_arith_v2.csv,6656,arithmetic,gsm8k_test_0743,train,remove,C1_transformed,gsmplus_problem_understanding
pairs_arith_v2.csv,6657,arithmetic,gsm8k_test_0743,train,retain,H2_same_template,gsmplus_critical_thinking
pairs_arith_v2.csv,6658,arithmetic,gsm8k_test_0743,train,retain,H1_same_topic,svamp
pairs_arith_v2.csv,6659,arithmetic,gsm8k_test_0743,train,retain,H3_predating,asdiv
pairs_arith_v2.csv,6660,arithmetic,gsm8k_test_0743,train,retain,R_random,truthfulqa
pairs_arith_v2.csv,6661,arithmetic,gsm8k_test_0744,train,remove,C0_exact,gsm8k_copy
pairs_arith_v2.csv,6662,arithmetic,gsm8k_test_0744,train,remove,C1_transformed,lmsys_rephrase
pairs_arith_v2.csv,6663,arithmetic,gsm8k_test_0744,train,remove,C2_answer_bearing,gsm8k_solution_frag
pairs_arith_v2.csv,6664,arithmetic,gsm8k_test_0744,train,retain,H2_same_template,gsmplus_numerical_substitution
pairs_arith_v2.csv,6665,arithmetic,gsm8k_test_0744,train,remove,C1_transformed,gsmplus_problem_understanding
pairs_arith_v2.csv,6666,arithmetic,gsm8k_test_0744,train,retain,H2_same_template,gsmplus_critical_thinking
pairs_arith_v2.csv,6667,arithmetic,gsm8k_test_0744,train,retain,H1_same_topic,svamp
pairs_arith_v2.csv,6668,arithmetic,gsm8k_test_0744,train,retain,H3_predating,asdiv
pairs_arith_v2.csv,6669,arithmetic,gsm8k_test_0744,train,retain,R_random,truthfulqa
pairs_arith_v2.csv,6670,arithmetic,gsm8k_test_0745,train,remove,C0_exact,gsm8k_copy
pairs_arith_v2.csv,6671,arithmetic,gsm8k_test_0745,train,remove,C1_transformed,lmsys_rephrase
pairs_arith_v2.csv,6672,arithmetic,gsm8k_test_0745,train,remove,C2_answer_bearing,gsm8k_solution_frag
pairs_arith_v2.csv,6673,arithmetic,gsm8k_test_0745,train,retain,H2_same_template,gsmplus_numerical_substitution
pairs_arith_v2.csv,6674,arithmetic,gsm8k_test_0745,train,remove,C1_transformed,gsmplus_problem_understanding
pairs_arith_v2.csv,6675,arithmetic,gsm8k_test_0745,train,retain,H2_same_template,gsmplus_critical_thinking
pairs_arith_v2.csv,6676,arithmetic,gsm8k_test_0745,train,retain,H1_same_topic,svamp
pairs_arith_v2.csv,6677,arithmetic,gsm8k_test_0745,train,retain,H3_predating,asdiv
pairs_arith_v2.csv,6678,arithmetic,gsm8k_test_0745,train,retain,R_random,truthfulqa
pairs_arith_v2.csv,6679,arithmetic,gsm8k_test_0746,train,remove,C0_exact,gsm8k_copy
pairs_arith_v2.csv,6680,arithmetic,gsm8k_test_0746,train,remove,C1_transformed,lmsys_rephrase
pairs_arith_v2.csv,6681,arithmetic,gsm8k_test_0746,train,remove,C2_answer_bearing,gsm8k_solution_frag
pairs_arith_v2.csv,6682,arithmetic,gsm8k_test_0746,train,retain,H2_same_template,gsmplus_numerical_substitution
pairs_arith_v2.csv,6683,arithmetic,gsm8k_test_0746,train,remove,C1_transformed,gsmplus_problem_understanding
pairs_arith_v2.csv,6684,arithmetic,gsm8k_test_0746,train,retain,H2_same_template,gsmplus_critical_thinking
pairs_arith_v2.csv,6685,arithmetic,gsm8k_test_0746,train,retain,H1_same_topic,svamp
pairs_arith_v2.csv,6686,arithmetic,gsm8k_test_0746,train,retain,H3_predating,asdiv
pairs_arith_v2.csv,6687,arithmetic,gsm8k_test_0746,train,retain,R_random,truthfulqa
pairs_arith_v2.csv,6697,arithmetic,gsm8k_test_0748,train,remove,C0_exact,gsm8k_copy
pairs_arith_v2.csv,6698,arithmetic,gsm8k_test_0748,train,remove,C1_transformed,lmsys_rephrase
pairs_arith_v2.csv,6699,arithmetic,gsm8k_test_0748,train,remove,C2_answer_bearing,gsm8k_solution_frag
pairs_arith_v2.csv,6700,arithmetic,gsm8k_test_0748,train,retain,H2_same_template,gsmplus_numerical_substitution
pairs_arith_v2.csv,6701,arithmetic,gsm8k_test_0748,train,remove,C1_transformed,gsmplus_problem_understanding
pairs_arith_v2.csv,6702,arithmetic,gsm8k_test_0748,train,retain,H2_same_template,gsmplus_critical_thinking
pairs_arith_v2.csv,6703,arithmetic,gsm8k_test_0748,train,retain,H1_same_topic,svamp
pairs_arith_v2.csv,6704,arithmetic,gsm8k_test_0748,train,retain,H3_predating,asdiv
pairs_arith_v2.csv,6705,arithmetic,gsm8k_test_0748,train,retain,R_random,truthfulqa
pairs_arith_v2.csv,6706,arithmetic,gsm8k_test_0749,train,remove,C0_exact,gsm8k_copy
pairs_arith_v2.csv,6707,arithmetic,gsm8k_test_0749,train,remove,C1_transformed,lmsys_rephrase
pairs_arith_v2.csv,6708,arithmetic,gsm8k_test_0749,train,remove,C2_answer_bearing,gsm8k_solution_frag
pairs_arith_v2.csv,6709,arithmetic,gsm8k_test_0749,train,retain,H2_same_template,gsmplus_numerical_substitution
pairs_arith_v2.csv,6710,arithmetic,gsm8k_test_0749,train,remove,C1_transformed,gsmplus_problem_understanding
pairs_arith_v2.csv,6711,arithmetic,gsm8k_test_0749,train,retain,H2_same_template,gsmplus_critical_thinking
pairs_arith_v2.csv,6712,arithmetic,gsm8k_test_0749,train,retain,H1_same_topic,svamp
pairs_arith_v2.csv,6713,arithmetic,gsm8k_test_0749,train,retain,H3_predating,asdiv
pairs_arith_v2.csv,6714,arithmetic,gsm8k_test_0749,train,retain,R_random,truthfulqa
pairs_arith_v2.csv,6724,arithmetic,gsm8k_test_0751,train,remove,C0_exact,gsm8k_copy
pairs_arith_v2.csv,6725,arithmetic,gsm8k_test_0751,train,remove,C1_transformed,lmsys_rephrase
pairs_arith_v2.csv,6726,arithmetic,gsm8k_test_0751,train,remove,C2_answer_bearing,gsm8k_solution_frag
pairs_arith_v2.csv,6727,arithmetic,gsm8k_test_0751,train,retain,H2_same_template,gsmplus_numerical_substitution
pairs_arith_v2.csv,6728,arithmetic,gsm8k_test_0751,train,remove,C1_transformed,gsmplus_problem_understanding
pairs_arith_v2.csv,6729,arithmetic,gsm8k_test_0751,train,retain,H2_same_template,gsmplus_critical_thinking
pairs_arith_v2.csv,6730,arithmetic,gsm8k_test_0751,train,retain,H1_same_topic,svamp
pairs_arith_v2.csv,6731,arithmetic,gsm8k_test_0751,train,retain,H3_predating,asdiv
pairs_arith_v2.csv,6732,arithmetic,gsm8k_test_0751,train,retain,R_random,truthfulqa
pairs_arith_v2.csv,6778,arithmetic,gsm8k_test_0757,train,remove,C0_exact,gsm8k_copy
pairs_arith_v2.csv,6779,arithmetic,gsm8k_test_0757,train,remove,C1_transformed,lmsys_rephrase
pairs_arith_v2.csv,6780,arithmetic,gsm8k_test_0757,train,remove,C2_answer_bearing,gsm8k_solution_frag
pairs_arith_v2.csv,6781,arithmetic,gsm8k_test_0757,train,retain,H2_same_template,gsmplus_numerical_substitution
pairs_arith_v2.csv,6782,arithmetic,gsm8k_test_0757,train,remove,C1_transformed,gsmplus_problem_understanding
pairs_arith_v2.csv,6783,arithmetic,gsm8k_test_0757,train,retain,H2_same_template,gsmplus_critical_thinking
pairs_arith_v2.csv,6784,arithmetic,gsm8k_test_0757,train,retain,H1_same_topic,svamp
pairs_arith_v2.csv,6785,arithmetic,gsm8k_test_0757,train,retain,H3_predating,asdiv
pairs_arith_v2.csv,6786,arithmetic,gsm8k_test_0757,train,retain,R_random,truthfulqa
pairs_arith_v2.csv,6805,arithmetic,gsm8k_test_0760,train,remove,C0_exact,gsm8k_copy
pairs_arith_v2.csv,6806,arithmetic,gsm8k_test_0760,train,remove,C1_transformed,lmsys_rephrase
pairs_arith_v2.csv,6807,arithmetic,gsm8k_test_0760,train,remove,C2_answer_bearing,gsm8k_solution_frag
pairs_arith_v2.csv,6808,arithmetic,gsm8k_test_0760,train,retain,H2_same_template,gsmplus_numerical_substitution
pairs_arith_v2.csv,6809,arithmetic,gsm8k_test_0760,train,remove,C1_transformed,gsmplus_problem_understanding
pairs_arith_v2.csv,6810,arithmetic,gsm8k_test_0760,train,retain,H2_same_template,gsmplus_critical_thinking
pairs_arith_v2.csv,6811,arithmetic,gsm8k_test_0760,train,retain,H1_same_topic,svamp
pairs_arith_v2.csv,6812,arithmetic,gsm8k_test_0760,train,retain,H3_predating,asdiv
pairs_arith_v2.csv,6813,arithmetic,gsm8k_test_0760,train,retain,R_random,truthfulqa
pairs_arith_v2.csv,6823,arithmetic,gsm8k_test_0762,train,remove,C0_exact,gsm8k_copy
pairs_arith_v2.csv,6824,arithmetic,gsm8k_test_0762,train,remove,C1_transformed,lmsys_rephrase
pairs_arith_v2.csv,6825,arithmetic,gsm8k_test_0762,train,remove,C2_answer_bearing,gsm8k_solution_frag
pairs_arith_v2.csv,6826,arithmetic,gsm8k_test_0762,train,retain,H2_same_template,gsmplus_numerical_substitution
pairs_arith_v2.csv,6827,arithmetic,gsm8k_test_0762,train,remove,C1_transformed,gsmplus_problem_understanding
pairs_arith_v2.csv,6828,arithmetic,gsm8k_test_0762,train,retain,H2_same_template,gsmplus_critical_thinking
pairs_arith_v2.csv,6829,arithmetic,gsm8k_test_0762,train,retain,H1_same_topic,svamp
pairs_arith_v2.csv,6830,arithmetic,gsm8k_test_0762,train,retain,H3_predating,asdiv
pairs_arith_v2.csv,6831,arithmetic,gsm8k_test_0762,train,retain,R_random,truthfulqa
pairs_arith_v2.csv,6832,arithmetic,gsm8k_test_0763,train,remove,C0_exact,gsm8k_copy
pairs_arith_v2.csv,6833,arithmetic,gsm8k_test_0763,train,remove,C1_transformed,lmsys_rephrase
pairs_arith_v2.csv,6834,arithmetic,gsm8k_test_0763,train,remove,C2_answer_bearing,gsm8k_solution_frag
pairs_arith_v2.csv,6835,arithmetic,gsm8k_test_0763,train,retain,H2_same_template,gsmplus_numerical_substitution
pairs_arith_v2.csv,6836,arithmetic,gsm8k_test_0763,train,remove,C1_transformed,gsmplus_problem_understanding
pairs_arith_v2.csv,6837,arithmetic,gsm8k_test_0763,train,retain,H2_same_template,gsmplus_critical_thinking
pairs_arith_v2.csv,6838,arithmetic,gsm8k_test_0763,train,retain,H1_same_topic,svamp
pairs_arith_v2.csv,6839,arithmetic,gsm8k_test_0763,train,retain,H3_predating,asdiv
pairs_arith_v2.csv,6840,arithmetic,gsm8k_test_0763,train,retain,R_random,truthfulqa
pairs_arith_v2.csv,6841,arithmetic,gsm8k_test_0764,train,remove,C0_exact,gsm8k_copy
pairs_arith_v2.csv,6842,arithmetic,gsm8k_test_0764,train,remove,C1_transformed,lmsys_rephrase
pairs_arith_v2.csv,6843,arithmetic,gsm8k_test_0764,train,remove,C2_answer_bearing,gsm8k_solution_frag
pairs_arith_v2.csv,6844,arithmetic,gsm8k_test_0764,train,retain,H2_same_template,gsmplus_numerical_substitution
pairs_arith_v2.csv,6845,arithmetic,gsm8k_test_0764,train,remove,C1_transformed,gsmplus_problem_understanding
pairs_arith_v2.csv,6846,arithmetic,gsm8k_test_0764,train,retain,H2_same_template,gsmplus_critical_thinking
pairs_arith_v2.csv,6847,arithmetic,gsm8k_test_0764,train,retain,H1_same_topic,svamp
pairs_arith_v2.csv,6848,arithmetic,gsm8k_test_0764,train,retain,H3_predating,asdiv
pairs_arith_v2.csv,6849,arithmetic,gsm8k_test_0764,train,retain,R_random,truthfulqa
pairs_arith_v2.csv,6850,arithmetic,gsm8k_test_0765,train,remove,C0_exact,gsm8k_copy
pairs_arith_v2.csv,6851,arithmetic,gsm8k_test_0765,train,remove,C1_transformed,lmsys_rephrase
pairs_arith_v2.csv,6852,arithmetic,gsm8k_test_0765,train,remove,C2_answer_bearing,gsm8k_solution_frag
pairs_arith_v2.csv,6853,arithmetic,gsm8k_test_0765,train,retain,H2_same_template,gsmplus_numerical_substitution
pairs_arith_v2.csv,6854,arithmetic,gsm8k_test_0765,train,remove,C1_transformed,gsmplus_problem_understanding
pairs_arith_v2.csv,6855,arithmetic,gsm8k_test_0765,train,retain,H2_same_template,gsmplus_critical_thinking
pairs_arith_v2.csv,6856,arithmetic,gsm8k_test_0765,train,retain,H1_same_topic,svamp
pairs_arith_v2.csv,6857,arithmetic,gsm8k_test_0765,train,retain,H3_predating,asdiv
pairs_arith_v2.csv,6858,arithmetic,gsm8k_test_0765,train,retain,R_random,truthfulqa
pairs_arith_v2.csv,6886,arithmetic,gsm8k_test_0769,train,remove,C0_exact,gsm8k_copy
pairs_arith_v2.csv,6887,arithmetic,gsm8k_test_0769,train,remove,C1_transformed,lmsys_rephrase
pairs_arith_v2.csv,6888,arithmetic,gsm8k_test_0769,train,remove,C2_answer_bearing,gsm8k_solution_frag
pairs_arith_v2.csv,6889,arithmetic,gsm8k_test_0769,train,retain,H2_same_template,gsmplus_numerical_substitution
pairs_arith_v2.csv,6890,arithmetic,gsm8k_test_0769,train,remove,C1_transformed,gsmplus_problem_understanding
pairs_arith_v2.csv,6891,arithmetic,gsm8k_test_0769,train,retain,H2_same_template,gsmplus_critical_thinking
pairs_arith_v2.csv,6892,arithmetic,gsm8k_test_0769,train,retain,H1_same_topic,svamp
pairs_arith_v2.csv,6893,arithmetic,gsm8k_test_0769,train,retain,H3_predating,asdiv
pairs_arith_v2.csv,6894,arithmetic,gsm8k_test_0769,train,retain,R_random,truthfulqa
pairs_arith_v2.csv,6895,arithmetic,gsm8k_test_0770,train,remove,C0_exact,gsm8k_copy
pairs_arith_v2.csv,6896,arithmetic,gsm8k_test_0770,train,remove,C1_transformed,lmsys_rephrase
pairs_arith_v2.csv,6897,arithmetic,gsm8k_test_0770,train,remove,C2_answer_bearing,gsm8k_solution_frag
pairs_arith_v2.csv,6898,arithmetic,gsm8k_test_0770,train,retain,H2_same_template,gsmplus_numerical_substitution
pairs_arith_v2.csv,6899,arithmetic,gsm8k_test_0770,train,remove,C1_transformed,gsmplus_problem_understanding
pairs_arith_v2.csv,6900,arithmetic,gsm8k_test_0770,train,retain,H2_same_template,gsmplus_critical_thinking
pairs_arith_v2.csv,6901,arithmetic,gsm8k_test_0770,train,retain,H1_same_topic,svamp
pairs_arith_v2.csv,6902,arithmetic,gsm8k_test_0770,train,retain,H3_predating,asdiv
pairs_arith_v2.csv,6903,arithmetic,gsm8k_test_0770,train,retain,R_random,truthfulqa
pairs_arith_v2.csv,6904,arithmetic,gsm8k_test_0771,train,remove,C0_exact,gsm8k_copy
pairs_arith_v2.csv,6905,arithmetic,gsm8k_test_0771,train,remove,C1_transformed,lmsys_rephrase
pairs_arith_v2.csv,6906,arithmetic,gsm8k_test_0771,train,remove,C2_answer_bearing,gsm8k_solution_frag
pairs_arith_v2.csv,6907,arithmetic,gsm8k_test_0771,train,retain,H2_same_template,gsmplus_numerical_substitution
pairs_arith_v2.csv,6908,arithmetic,gsm8k_test_0771,train,remove,C1_transformed,gsmplus_problem_understanding
pairs_arith_v2.csv,6909,arithmetic,gsm8k_test_0771,train,retain,H2_same_template,gsmplus_critical_thinking
pairs_arith_v2.csv,6910,arithmetic,gsm8k_test_0771,train,retain,H1_same_topic,svamp
pairs_arith_v2.csv,6911,arithmetic,gsm8k_test_0771,train,retain,H3_predating,asdiv
pairs_arith_v2.csv,6912,arithmetic,gsm8k_test_0771,train,retain,R_random,truthfulqa
pairs_arith_v2.csv,6931,arithmetic,gsm8k_test_0774,train,remove,C0_exact,gsm8k_copy
pairs_arith_v2.csv,6932,arithmetic,gsm8k_test_0774,train,remove,C1_transformed,lmsys_rephrase
pairs_arith_v2.csv,6933,arithmetic,gsm8k_test_0774,train,remove,C2_answer_bearing,gsm8k_solution_frag
pairs_arith_v2.csv,6934,arithmetic,gsm8k_test_0774,train,remove,C1_transformed,gsmplus_problem_understanding
pairs_arith_v2.csv,6935,arithmetic,gsm8k_test_0774,train,retain,H2_same_template,gsmplus_critical_thinking
pairs_arith_v2.csv,6936,arithmetic,gsm8k_test_0774,train,retain,H1_same_topic,svamp
pairs_arith_v2.csv,6937,arithmetic,gsm8k_test_0774,train,retain,H3_predating,asdiv
pairs_arith_v2.csv,6938,arithmetic,gsm8k_test_0774,train,retain,R_random,truthfulqa
pairs_arith_v2.csv,6948,arithmetic,gsm8k_test_0776,train,remove,C0_exact,gsm8k_copy
pairs_arith_v2.csv,6949,arithmetic,gsm8k_test_0776,train,remove,C1_transformed,lmsys_rephrase
pairs_arith_v2.csv,6950,arithmetic,gsm8k_test_0776,train,remove,C2_answer_bearing,gsm8k_solution_frag
pairs_arith_v2.csv,6951,arithmetic,gsm8k_test_0776,train,retain,H2_same_template,gsmplus_numerical_substitution
pairs_arith_v2.csv,6952,arithmetic,gsm8k_test_0776,train,remove,C1_transformed,gsmplus_problem_understanding
pairs_arith_v2.csv,6953,arithmetic,gsm8k_test_0776,train,retain,H2_same_template,gsmplus_critical_thinking
pairs_arith_v2.csv,6954,arithmetic,gsm8k_test_0776,train,retain,H1_same_topic,svamp
pairs_arith_v2.csv,6955,arithmetic,gsm8k_test_0776,train,retain,H3_predating,asdiv
pairs_arith_v2.csv,6956,arithmetic,gsm8k_test_0776,train,retain,R_random,truthfulqa
pairs_arith_v2.csv,6975,arithmetic,gsm8k_test_0779,train,remove,C0_exact,gsm8k_copy
pairs_arith_v2.csv,6976,arithmetic,gsm8k_test_0779,train,remove,C1_transformed,lmsys_rephrase
pairs_arith_v2.csv,6977,arithmetic,gsm8k_test_0779,train,remove,C2_answer_bearing,gsm8k_solution_frag
pairs_arith_v2.csv,6978,arithmetic,gsm8k_test_0779,train,retain,H2_same_template,gsmplus_numerical_substitution
pairs_arith_v2.csv,6979,arithmetic,gsm8k_test_0779,train,remove,C1_transformed,gsmplus_problem_understanding
pairs_arith_v2.csv,6980,arithmetic,gsm8k_test_0779,train,retain,H2_same_template,gsmplus_critical_thinking
pairs_arith_v2.csv,6981,arithmetic,gsm8k_test_0779,train,retain,H1_same_topic,svamp
pairs_arith_v2.csv,6982,arithmetic,gsm8k_test_0779,train,retain,H3_predating,asdiv
pairs_arith_v2.csv,6983,arithmetic,gsm8k_test_0779,train,retain,R_random,truthfulqa
pairs_arith_v2.csv,6984,arithmetic,gsm8k_test_0780,train,remove,C0_exact,gsm8k_copy
pairs_arith_v2.csv,6985,arithmetic,gsm8k_test_0780,train,remove,C1_transformed,lmsys_rephrase
pairs_arith_v2.csv,6986,arithmetic,gsm8k_test_0780,train,remove,C2_answer_bearing,gsm8k_solution_frag
pairs_arith_v2.csv,6987,arithmetic,gsm8k_test_0780,train,retain,H2_same_template,gsmplus_numerical_substitution
pairs_arith_v2.csv,6988,arithmetic,gsm8k_test_0780,train,remove,C1_transformed,gsmplus_problem_understanding
pairs_arith_v2.csv,6989,arithmetic,gsm8k_test_0780,train,retain,H2_same_template,gsmplus_critical_thinking
pairs_arith_v2.csv,6990,arithmetic,gsm8k_test_0780,train,retain,H1_same_topic,svamp
pairs_arith_v2.csv,6991,arithmetic,gsm8k_test_0780,train,retain,H3_predating,asdiv
pairs_arith_v2.csv,6992,arithmetic,gsm8k_test_0780,train,retain,R_random,truthfulqa
pairs_arith_v2.csv,7011,arithmetic,gsm8k_test_0783,train,remove,C0_exact,gsm8k_copy
pairs_arith_v2.csv,7012,arithmetic,gsm8k_test_0783,train,remove,C1_transformed,lmsys_rephrase
pairs_arith_v2.csv,7013,arithmetic,gsm8k_test_0783,train,remove,C2_answer_bearing,gsm8k_solution_frag
pairs_arith_v2.csv,7014,arithmetic,gsm8k_test_0783,train,retain,H2_same_template,gsmplus_numerical_substitution
pairs_arith_v2.csv,7015,arithmetic,gsm8k_test_0783,train,remove,C1_transformed,gsmplus_problem_understanding
pairs_arith_v2.csv,7016,arithmetic,gsm8k_test_0783,train,retain,H2_same_template,gsmplus_critical_thinking
pairs_arith_v2.csv,7017,arithmetic,gsm8k_test_0783,train,retain,H1_same_topic,svamp
pairs_arith_v2.csv,7018,arithmetic,gsm8k_test_0783,train,retain,H3_predating,asdiv
pairs_arith_v2.csv,7019,arithmetic,gsm8k_test_0783,train,retain,R_random,truthfulqa
pairs_arith_v2.csv,7029,arithmetic,gsm8k_test_0785,train,remove,C0_exact,gsm8k_copy
pairs_arith_v2.csv,7030,arithmetic,gsm8k_test_0785,train,remove,C1_transformed,lmsys_rephrase
pairs_arith_v2.csv,7031,arithmetic,gsm8k_test_0785,train,remove,C2_answer_bearing,gsm8k_solution_frag
pairs_arith_v2.csv,7032,arithmetic,gsm8k_test_0785,train,retain,H2_same_template,gsmplus_numerical_substitution
pairs_arith_v2.csv,7033,arithmetic,gsm8k_test_0785,train,remove,C1_transformed,gsmplus_problem_understanding
pairs_arith_v2.csv,7034,arithmetic,gsm8k_test_0785,train,retain,H2_same_template,gsmplus_critical_thinking
pairs_arith_v2.csv,7035,arithmetic,gsm8k_test_0785,train,retain,H1_same_topic,svamp
pairs_arith_v2.csv,7036,arithmetic,gsm8k_test_0785,train,retain,H3_predating,asdiv
pairs_arith_v2.csv,7037,arithmetic,gsm8k_test_0785,train,retain,R_random,truthfulqa
pairs_arith_v2.csv,7038,arithmetic,gsm8k_test_0786,train,remove,C0_exact,gsm8k_copy
pairs_arith_v2.csv,7039,arithmetic,gsm8k_test_0786,train,remove,C1_transformed,lmsys_rephrase
pairs_arith_v2.csv,7040,arithmetic,gsm8k_test_0786,train,remove,C2_answer_bearing,gsm8k_solution_frag
pairs_arith_v2.csv,7041,arithmetic,gsm8k_test_0786,train,retain,H2_same_template,gsmplus_numerical_substitution
pairs_arith_v2.csv,7042,arithmetic,gsm8k_test_0786,train,remove,C1_transformed,gsmplus_problem_understanding
pairs_arith_v2.csv,7043,arithmetic,gsm8k_test_0786,train,retain,H2_same_template,gsmplus_critical_thinking
pairs_arith_v2.csv,7044,arithmetic,gsm8k_test_0786,train,retain,H1_same_topic,svamp
pairs_arith_v2.csv,7045,arithmetic,gsm8k_test_0786,train,retain,H3_predating,asdiv
pairs_arith_v2.csv,7046,arithmetic,gsm8k_test_0786,train,retain,R_random,truthfulqa
pairs_arith_v2.csv,7056,arithmetic,gsm8k_test_0788,train,remove,C0_exact,gsm8k_copy
pairs_arith_v2.csv,7057,arithmetic,gsm8k_test_0788,train,remove,C1_transformed,lmsys_rephrase
pairs_arith_v2.csv,7058,arithmetic,gsm8k_test_0788,train,remove,C2_answer_bearing,gsm8k_solution_frag
pairs_arith_v2.csv,7059,arithmetic,gsm8k_test_0788,train,retain,H2_same_template,gsmplus_numerical_substitution
pairs_arith_v2.csv,7060,arithmetic,gsm8k_test_0788,train,remove,C1_transformed,gsmplus_problem_understanding
pairs_arith_v2.csv,7061,arithmetic,gsm8k_test_0788,train,retain,H2_same_template,gsmplus_critical_thinking
pairs_arith_v2.csv,7062,arithmetic,gsm8k_test_0788,train,retain,H1_same_topic,svamp
pairs_arith_v2.csv,7063,arithmetic,gsm8k_test_0788,train,retain,H3_predating,asdiv
pairs_arith_v2.csv,7064,arithmetic,gsm8k_test_0788,train,retain,R_random,truthfulqa
pairs_arith_v2.csv,7092,arithmetic,gsm8k_test_0792,train,remove,C0_exact,gsm8k_copy
pairs_arith_v2.csv,7093,arithmetic,gsm8k_test_0792,train,remove,C1_transformed,lmsys_rephrase
pairs_arith_v2.csv,7094,arithmetic,gsm8k_test_0792,train,remove,C2_answer_bearing,gsm8k_solution_frag
pairs_arith_v2.csv,7095,arithmetic,gsm8k_test_0792,train,retain,H2_same_template,gsmplus_numerical_substitution
pairs_arith_v2.csv,7096,arithmetic,gsm8k_test_0792,train,remove,C1_transformed,gsmplus_problem_understanding
pairs_arith_v2.csv,7097,arithmetic,gsm8k_test_0792,train,retain,H2_same_template,gsmplus_critical_thinking
pairs_arith_v2.csv,7098,arithmetic,gsm8k_test_0792,train,retain,H1_same_topic,svamp
pairs_arith_v2.csv,7099,arithmetic,gsm8k_test_0792,train,retain,H3_predating,asdiv
pairs_arith_v2.csv,7100,arithmetic,gsm8k_test_0792,train,retain,R_random,truthfulqa
pairs_arith_v2.csv,7101,arithmetic,gsm8k_test_0793,train,remove,C0_exact,gsm8k_copy
pairs_arith_v2.csv,7102,arithmetic,gsm8k_test_0793,train,remove,C1_transformed,lmsys_rephrase
pairs_arith_v2.csv,7103,arithmetic,gsm8k_test_0793,train,remove,C2_answer_bearing,gsm8k_solution_frag
pairs_arith_v2.csv,7104,arithmetic,gsm8k_test_0793,train,retain,H2_same_template,gsmplus_numerical_substitution
pairs_arith_v2.csv,7105,arithmetic,gsm8k_test_0793,train,remove,C1_transformed,gsmplus_problem_understanding
pairs_arith_v2.csv,7106,arithmetic,gsm8k_test_0793,train,retain,H2_same_template,gsmplus_critical_thinking
pairs_arith_v2.csv,7107,arithmetic,gsm8k_test_0793,train,retain,H1_same_topic,svamp
pairs_arith_v2.csv,7108,arithmetic,gsm8k_test_0793,train,retain,H3_predating,asdiv
pairs_arith_v2.csv,7109,arithmetic,gsm8k_test_0793,train,retain,R_random,truthfulqa
pairs_arith_v2.csv,7119,arithmetic,gsm8k_test_0795,train,remove,C0_exact,gsm8k_copy
pairs_arith_v2.csv,7120,arithmetic,gsm8k_test_0795,train,remove,C1_transformed,lmsys_rephrase
pairs_arith_v2.csv,7121,arithmetic,gsm8k_test_0795,train,remove,C2_answer_bearing,gsm8k_solution_frag
pairs_arith_v2.csv,7122,arithmetic,gsm8k_test_0795,train,retain,H2_same_template,gsmplus_numerical_substitution
pairs_arith_v2.csv,7123,arithmetic,gsm8k_test_0795,train,remove,C1_transformed,gsmplus_problem_understanding
pairs_arith_v2.csv,7124,arithmetic,gsm8k_test_0795,train,retain,H2_same_template,gsmplus_critical_thinking
pairs_arith_v2.csv,7125,arithmetic,gsm8k_test_0795,train,retain,H1_same_topic,svamp
pairs_arith_v2.csv,7126,arithmetic,gsm8k_test_0795,train,retain,H3_predating,asdiv
pairs_arith_v2.csv,7127,arithmetic,gsm8k_test_0795,train,retain,R_random,truthfulqa
pairs_arith_v2.csv,7155,arithmetic,gsm8k_test_0799,train,remove,C0_exact,gsm8k_copy
pairs_arith_v2.csv,7156,arithmetic,gsm8k_test_0799,train,remove,C1_transformed,lmsys_rephrase
pairs_arith_v2.csv,7157,arithmetic,gsm8k_test_0799,train,remove,C2_answer_bearing,gsm8k_solution_frag
pairs_arith_v2.csv,7158,arithmetic,gsm8k_test_0799,train,retain,H2_same_template,gsmplus_numerical_substitution
pairs_arith_v2.csv,7159,arithmetic,gsm8k_test_0799,train,remove,C1_transformed,gsmplus_problem_understanding
pairs_arith_v2.csv,7160,arithmetic,gsm8k_test_0799,train,retain,H2_same_template,gsmplus_critical_thinking
pairs_arith_v2.csv,7161,arithmetic,gsm8k_test_0799,train,retain,H1_same_topic,svamp
pairs_arith_v2.csv,7162,arithmetic,gsm8k_test_0799,train,retain,H3_predating,asdiv
pairs_arith_v2.csv,7163,arithmetic,gsm8k_test_0799,train,retain,R_random,truthfulqa
pairs_arith_v2.csv,7164,arithmetic,gsm8k_test_0800,train,remove,C0_exact,gsm8k_copy
pairs_arith_v2.csv,7165,arithmetic,gsm8k_test_0800,train,remove,C1_transformed,lmsys_rephrase
pairs_arith_v2.csv,7166,arithmetic,gsm8k_test_0800,train,remove,C2_answer_bearing,gsm8k_solution_frag
pairs_arith_v2.csv,7167,arithmetic,gsm8k_test_0800,train,retain,H2_same_template,gsmplus_numerical_substitution
pairs_arith_v2.csv,7168,arithmetic,gsm8k_test_0800,train,remove,C1_transformed,gsmplus_problem_understanding
pairs_arith_v2.csv,7169,arithmetic,gsm8k_test_0800,train,retain,H2_same_template,gsmplus_critical_thinking
pairs_arith_v2.csv,7170,arithmetic,gsm8k_test_0800,train,retain,H1_same_topic,svamp
pairs_arith_v2.csv,7171,arithmetic,gsm8k_test_0800,train,retain,H3_predating,asdiv
pairs_arith_v2.csv,7172,arithmetic,gsm8k_test_0800,train,retain,R_random,truthfulqa
pairs_arith_v2.csv,7191,arithmetic,gsm8k_test_0803,train,remove,C0_exact,gsm8k_copy
pairs_arith_v2.csv,7192,arithmetic,gsm8k_test_0803,train,remove,C1_transformed,lmsys_rephrase
pairs_arith_v2.csv,7193,arithmetic,gsm8k_test_0803,train,remove,C2_answer_bearing,gsm8k_solution_frag
pairs_arith_v2.csv,7194,arithmetic,gsm8k_test_0803,train,retain,H2_same_template,gsmplus_numerical_substitution
pairs_arith_v2.csv,7195,arithmetic,gsm8k_test_0803,train,remove,C1_transformed,gsmplus_problem_understanding
pairs_arith_v2.csv,7196,arithmetic,gsm8k_test_0803,train,retain,H2_same_template,gsmplus_critical_thinking
pairs_arith_v2.csv,7197,arithmetic,gsm8k_test_0803,train,retain,H1_same_topic,svamp
pairs_arith_v2.csv,7198,arithmetic,gsm8k_test_0803,train,retain,H3_predating,asdiv
pairs_arith_v2.csv,7199,arithmetic,gsm8k_test_0803,train,retain,R_random,truthfulqa
pairs_arith_v2.csv,7236,arithmetic,gsm8k_test_0808,train,remove,C0_exact,gsm8k_copy
pairs_arith_v2.csv,7237,arithmetic,gsm8k_test_0808,train,remove,C1_transformed,lmsys_rephrase
pairs_arith_v2.csv,7238,arithmetic,gsm8k_test_0808,train,remove,C2_answer_bearing,gsm8k_solution_frag
pairs_arith_v2.csv,7239,arithmetic,gsm8k_test_0808,train,retain,H2_same_template,gsmplus_numerical_substitution
pairs_arith_v2.csv,7240,arithmetic,gsm8k_test_0808,train,remove,C1_transformed,gsmplus_problem_understanding
pairs_arith_v2.csv,7241,arithmetic,gsm8k_test_0808,train,retain,H2_same_template,gsmplus_critical_thinking
pairs_arith_v2.csv,7242,arithmetic,gsm8k_test_0808,train,retain,H1_same_topic,svamp
pairs_arith_v2.csv,7243,arithmetic,gsm8k_test_0808,train,retain,H3_predating,asdiv
pairs_arith_v2.csv,7244,arithmetic,gsm8k_test_0808,train,retain,R_random,truthfulqa
pairs_arith_v2.csv,7289,arithmetic,gsm8k_test_0814,train,remove,C0_exact,gsm8k_copy
pairs_arith_v2.csv,7290,arithmetic,gsm8k_test_0814,train,remove,C1_transformed,lmsys_rephrase
pairs_arith_v2.csv,7291,arithmetic,gsm8k_test_0814,train,remove,C2_answer_bearing,gsm8k_solution_frag
pairs_arith_v2.csv,7292,arithmetic,gsm8k_test_0814,train,retain,H2_same_template,gsmplus_numerical_substitution
pairs_arith_v2.csv,7293,arithmetic,gsm8k_test_0814,train,remove,C1_transformed,gsmplus_problem_understanding
pairs_arith_v2.csv,7294,arithmetic,gsm8k_test_0814,train,retain,H2_same_template,gsmplus_critical_thinking
pairs_arith_v2.csv,7295,arithmetic,gsm8k_test_0814,train,retain,H1_same_topic,svamp
pairs_arith_v2.csv,7296,arithmetic,gsm8k_test_0814,train,retain,H3_predating,asdiv
pairs_arith_v2.csv,7297,arithmetic,gsm8k_test_0814,train,retain,R_random,truthfulqa
pairs_arith_v2.csv,7298,arithmetic,gsm8k_test_0815,train,remove,C0_exact,gsm8k_copy
pairs_arith_v2.csv,7299,arithmetic,gsm8k_test_0815,train,remove,C1_transformed,lmsys_rephrase
pairs_arith_v2.csv,7300,arithmetic,gsm8k_test_0815,train,remove,C2_answer_bearing,gsm8k_solution_frag
pairs_arith_v2.csv,7301,arithmetic,gsm8k_test_0815,train,retain,H2_same_template,gsmplus_numerical_substitution
pairs_arith_v2.csv,7302,arithmetic,gsm8k_test_0815,train,remove,C1_transformed,gsmplus_problem_understanding
pairs_arith_v2.csv,7303,arithmetic,gsm8k_test_0815,train,retain,H2_same_template,gsmplus_critical_thinking
pairs_arith_v2.csv,7304,arithmetic,gsm8k_test_0815,train,retain,H1_same_topic,svamp
pairs_arith_v2.csv,7305,arithmetic,gsm8k_test_0815,train,retain,H3_predating,asdiv
pairs_arith_v2.csv,7306,arithmetic,gsm8k_test_0815,train,retain,R_random,truthfulqa
pairs_arith_v2.csv,7379,arithmetic,gsm8k_test_0824,train,remove,C0_exact,gsm8k_copy
pairs_arith_v2.csv,7380,arithmetic,gsm8k_test_0824,train,remove,C1_transformed,lmsys_rephrase
pairs_arith_v2.csv,7381,arithmetic,gsm8k_test_0824,train,remove,C2_answer_bearing,gsm8k_solution_frag
pairs_arith_v2.csv,7382,arithmetic,gsm8k_test_0824,train,retain,H2_same_template,gsmplus_numerical_substitution
pairs_arith_v2.csv,7383,arithmetic,gsm8k_test_0824,train,remove,C1_transformed,gsmplus_problem_understanding
pairs_arith_v2.csv,7384,arithmetic,gsm8k_test_0824,train,retain,H2_same_template,gsmplus_critical_thinking
pairs_arith_v2.csv,7385,arithmetic,gsm8k_test_0824,train,retain,H1_same_topic,svamp
pairs_arith_v2.csv,7386,arithmetic,gsm8k_test_0824,train,retain,H3_predating,asdiv
pairs_arith_v2.csv,7387,arithmetic,gsm8k_test_0824,train,retain,R_random,truthfulqa
pairs_arith_v2.csv,7388,arithmetic,gsm8k_test_0825,train,remove,C0_exact,gsm8k_copy
pairs_arith_v2.csv,7389,arithmetic,gsm8k_test_0825,train,remove,C1_transformed,lmsys_rephrase
pairs_arith_v2.csv,7390,arithmetic,gsm8k_test_0825,train,remove,C2_answer_bearing,gsm8k_solution_frag
pairs_arith_v2.csv,7391,arithmetic,gsm8k_test_0825,train,retain,H2_same_template,gsmplus_numerical_substitution
pairs_arith_v2.csv,7392,arithmetic,gsm8k_test_0825,train,remove,C1_transformed,gsmplus_problem_understanding
pairs_arith_v2.csv,7393,arithmetic,gsm8k_test_0825,train,retain,H2_same_template,gsmplus_critical_thinking
pairs_arith_v2.csv,7394,arithmetic,gsm8k_test_0825,train,retain,H1_same_topic,svamp
pairs_arith_v2.csv,7395,arithmetic,gsm8k_test_0825,train,retain,H3_predating,asdiv
pairs_arith_v2.csv,7396,arithmetic,gsm8k_test_0825,train,retain,R_random,truthfulqa
pairs_arith_v2.csv,7406,arithmetic,gsm8k_test_0827,train,remove,C0_exact,gsm8k_copy
pairs_arith_v2.csv,7407,arithmetic,gsm8k_test_0827,train,remove,C1_transformed,lmsys_rephrase
pairs_arith_v2.csv,7408,arithmetic,gsm8k_test_0827,train,remove,C2_answer_bearing,gsm8k_solution_frag
pairs_arith_v2.csv,7409,arithmetic,gsm8k_test_0827,train,retain,H2_same_template,gsmplus_numerical_substitution
pairs_arith_v2.csv,7410,arithmetic,gsm8k_test_0827,train,remove,C1_transformed,gsmplus_problem_understanding
pairs_arith_v2.csv,7411,arithmetic,gsm8k_test_0827,train,retain,H2_same_template,gsmplus_critical_thinking
pairs_arith_v2.csv,7412,arithmetic,gsm8k_test_0827,train,retain,H1_same_topic,svamp
pairs_arith_v2.csv,7413,arithmetic,gsm8k_test_0827,train,retain,H3_predating,asdiv
pairs_arith_v2.csv,7414,arithmetic,gsm8k_test_0827,train,retain,R_random,truthfulqa
pairs_arith_v2.csv,7415,arithmetic,gsm8k_test_0828,train,remove,C0_exact,gsm8k_copy
pairs_arith_v2.csv,7416,arithmetic,gsm8k_test_0828,train,remove,C1_transformed,lmsys_rephrase
pairs_arith_v2.csv,7417,arithmetic,gsm8k_test_0828,train,remove,C2_answer_bearing,gsm8k_solution_frag
pairs_arith_v2.csv,7418,arithmetic,gsm8k_test_0828,train,retain,H2_same_template,gsmplus_numerical_substitution
pairs_arith_v2.csv,7419,arithmetic,gsm8k_test_0828,train,remove,C1_transformed,gsmplus_problem_understanding
pairs_arith_v2.csv,7420,arithmetic,gsm8k_test_0828,train,retain,H2_same_template,gsmplus_critical_thinking
pairs_arith_v2.csv,7421,arithmetic,gsm8k_test_0828,train,retain,H1_same_topic,svamp
pairs_arith_v2.csv,7422,arithmetic,gsm8k_test_0828,train,retain,H3_predating,asdiv
pairs_arith_v2.csv,7423,arithmetic,gsm8k_test_0828,train,retain,R_random,truthfulqa
pairs_arith_v2.csv,7424,arithmetic,gsm8k_test_0829,train,remove,C0_exact,gsm8k_copy
pairs_arith_v2.csv,7425,arithmetic,gsm8k_test_0829,train,remove,C1_transformed,lmsys_rephrase
pairs_arith_v2.csv,7426,arithmetic,gsm8k_test_0829,train,remove,C2_answer_bearing,gsm8k_solution_frag
pairs_arith_v2.csv,7427,arithmetic,gsm8k_test_0829,train,retain,H2_same_template,gsmplus_numerical_substitution
pairs_arith_v2.csv,7428,arithmetic,gsm8k_test_0829,train,remove,C1_transformed,gsmplus_problem_understanding
pairs_arith_v2.csv,7429,arithmetic,gsm8k_test_0829,train,retain,H2_same_template,gsmplus_critical_thinking
pairs_arith_v2.csv,7430,arithmetic,gsm8k_test_0829,train,retain,H1_same_topic,svamp
pairs_arith_v2.csv,7431,arithmetic,gsm8k_test_0829,train,retain,H3_predating,asdiv
pairs_arith_v2.csv,7432,arithmetic,gsm8k_test_0829,train,retain,R_random,truthfulqa
pairs_arith_v2.csv,7433,arithmetic,gsm8k_test_0830,train,remove,C0_exact,gsm8k_copy
pairs_arith_v2.csv,7434,arithmetic,gsm8k_test_0830,train,remove,C1_transformed,lmsys_rephrase
pairs_arith_v2.csv,7435,arithmetic,gsm8k_test_0830,train,remove,C2_answer_bearing,gsm8k_solution_frag
pairs_arith_v2.csv,7436,arithmetic,gsm8k_test_0830,train,retain,H2_same_template,gsmplus_numerical_substitution
pairs_arith_v2.csv,7437,arithmetic,gsm8k_test_0830,train,remove,C1_transformed,gsmplus_problem_understanding
pairs_arith_v2.csv,7438,arithmetic,gsm8k_test_0830,train,retain,H2_same_template,gsmplus_critical_thinking
pairs_arith_v2.csv,7439,arithmetic,gsm8k_test_0830,train,retain,H1_same_topic,svamp
pairs_arith_v2.csv,7440,arithmetic,gsm8k_test_0830,train,retain,H3_predating,asdiv
pairs_arith_v2.csv,7441,arithmetic,gsm8k_test_0830,train,retain,R_random,truthfulqa
pairs_arith_v2.csv,7442,arithmetic,gsm8k_test_0831,train,remove,C0_exact,gsm8k_copy
pairs_arith_v2.csv,7443,arithmetic,gsm8k_test_0831,train,remove,C1_transformed,lmsys_rephrase
pairs_arith_v2.csv,7444,arithmetic,gsm8k_test_0831,train,remove,C2_answer_bearing,gsm8k_solution_frag
pairs_arith_v2.csv,7445,arithmetic,gsm8k_test_0831,train,retain,H2_same_template,gsmplus_numerical_substitution
pairs_arith_v2.csv,7446,arithmetic,gsm8k_test_0831,train,remove,C1_transformed,gsmplus_problem_understanding
pairs_arith_v2.csv,7447,arithmetic,gsm8k_test_0831,train,retain,H2_same_template,gsmplus_critical_thinking
pairs_arith_v2.csv,7448,arithmetic,gsm8k_test_0831,train,retain,H1_same_topic,svamp
pairs_arith_v2.csv,7449,arithmetic,gsm8k_test_0831,train,retain,H3_predating,asdiv
pairs_arith_v2.csv,7450,arithmetic,gsm8k_test_0831,train,retain,R_random,truthfulqa
pairs_arith_v2.csv,7469,arithmetic,gsm8k_test_0834,train,remove,C0_exact,gsm8k_copy
pairs_arith_v2.csv,7470,arithmetic,gsm8k_test_0834,train,remove,C1_transformed,lmsys_rephrase
pairs_arith_v2.csv,7471,arithmetic,gsm8k_test_0834,train,remove,C2_answer_bearing,gsm8k_solution_frag
pairs_arith_v2.csv,7472,arithmetic,gsm8k_test_0834,train,retain,H2_same_template,gsmplus_numerical_substitution
pairs_arith_v2.csv,7473,arithmetic,gsm8k_test_0834,train,remove,C1_transformed,gsmplus_problem_understanding
pairs_arith_v2.csv,7474,arithmetic,gsm8k_test_0834,train,retain,H2_same_template,gsmplus_critical_thinking
pairs_arith_v2.csv,7475,arithmetic,gsm8k_test_0834,train,retain,H1_same_topic,svamp
pairs_arith_v2.csv,7476,arithmetic,gsm8k_test_0834,train,retain,H3_predating,asdiv
pairs_arith_v2.csv,7477,arithmetic,gsm8k_test_0834,train,retain,R_random,truthfulqa
pairs_arith_v2.csv,7478,arithmetic,gsm8k_test_0835,train,remove,C0_exact,gsm8k_copy
pairs_arith_v2.csv,7479,arithmetic,gsm8k_test_0835,train,remove,C1_transformed,lmsys_rephrase
pairs_arith_v2.csv,7480,arithmetic,gsm8k_test_0835,train,remove,C2_answer_bearing,gsm8k_solution_frag
pairs_arith_v2.csv,7481,arithmetic,gsm8k_test_0835,train,retain,H2_same_template,gsmplus_numerical_substitution
pairs_arith_v2.csv,7482,arithmetic,gsm8k_test_0835,train,remove,C1_transformed,gsmplus_problem_understanding
pairs_arith_v2.csv,7483,arithmetic,gsm8k_test_0835,train,retain,H2_same_template,gsmplus_critical_thinking
pairs_arith_v2.csv,7484,arithmetic,gsm8k_test_0835,train,retain,H1_same_topic,svamp
pairs_arith_v2.csv,7485,arithmetic,gsm8k_test_0835,train,retain,H3_predating,asdiv
pairs_arith_v2.csv,7486,arithmetic,gsm8k_test_0835,train,retain,R_random,truthfulqa
pairs_arith_v2.csv,7487,arithmetic,gsm8k_test_0836,train,remove,C0_exact,gsm8k_copy
pairs_arith_v2.csv,7488,arithmetic,gsm8k_test_0836,train,remove,C1_transformed,lmsys_rephrase
pairs_arith_v2.csv,7489,arithmetic,gsm8k_test_0836,train,remove,C2_answer_bearing,gsm8k_solution_frag
pairs_arith_v2.csv,7490,arithmetic,gsm8k_test_0836,train,retain,H2_same_template,gsmplus_numerical_substitution
pairs_arith_v2.csv,7491,arithmetic,gsm8k_test_0836,train,remove,C1_transformed,gsmplus_problem_understanding
pairs_arith_v2.csv,7492,arithmetic,gsm8k_test_0836,train,retain,H2_same_template,gsmplus_critical_thinking
pairs_arith_v2.csv,7493,arithmetic,gsm8k_test_0836,train,retain,H1_same_topic,svamp
pairs_arith_v2.csv,7494,arithmetic,gsm8k_test_0836,train,retain,H3_predating,asdiv
pairs_arith_v2.csv,7495,arithmetic,gsm8k_test_0836,train,retain,R_random,truthfulqa
pairs_arith_v2.csv,7496,arithmetic,gsm8k_test_0837,train,remove,C0_exact,gsm8k_copy
pairs_arith_v2.csv,7497,arithmetic,gsm8k_test_0837,train,remove,C1_transformed,lmsys_rephrase
pairs_arith_v2.csv,7498,arithmetic,gsm8k_test_0837,train,remove,C2_answer_bearing,gsm8k_solution_frag
pairs_arith_v2.csv,7499,arithmetic,gsm8k_test_0837,train,retain,H2_same_template,gsmplus_numerical_substitution
pairs_arith_v2.csv,7500,arithmetic,gsm8k_test_0837,train,remove,C1_transformed,gsmplus_problem_understanding
pairs_arith_v2.csv,7501,arithmetic,gsm8k_test_0837,train,retain,H2_same_template,gsmplus_critical_thinking
pairs_arith_v2.csv,7502,arithmetic,gsm8k_test_0837,train,retain,H1_same_topic,svamp
pairs_arith_v2.csv,7503,arithmetic,gsm8k_test_0837,train,retain,H3_predating,asdiv
pairs_arith_v2.csv,7504,arithmetic,gsm8k_test_0837,train,retain,R_random,truthfulqa
pairs_arith_v2.csv,7505,arithmetic,gsm8k_test_0838,train,remove,C0_exact,gsm8k_copy
pairs_arith_v2.csv,7506,arithmetic,gsm8k_test_0838,train,remove,C1_transformed,lmsys_rephrase
pairs_arith_v2.csv,7507,arithmetic,gsm8k_test_0838,train,remove,C2_answer_bearing,gsm8k_solution_frag
pairs_arith_v2.csv,7508,arithmetic,gsm8k_test_0838,train,retain,H2_same_template,gsmplus_numerical_substitution
pairs_arith_v2.csv,7509,arithmetic,gsm8k_test_0838,train,remove,C1_transformed,gsmplus_problem_understanding
pairs_arith_v2.csv,7510,arithmetic,gsm8k_test_0838,train,retain,H2_same_template,gsmplus_critical_thinking
pairs_arith_v2.csv,7511,arithmetic,gsm8k_test_0838,train,retain,H1_same_topic,svamp
pairs_arith_v2.csv,7512,arithmetic,gsm8k_test_0838,train,retain,H3_predating,asdiv
pairs_arith_v2.csv,7513,arithmetic,gsm8k_test_0838,train,retain,R_random,truthfulqa
pairs_arith_v2.csv,7523,arithmetic,gsm8k_test_0840,train,remove,C0_exact,gsm8k_copy
pairs_arith_v2.csv,7524,arithmetic,gsm8k_test_0840,train,remove,C1_transformed,lmsys_rephrase
pairs_arith_v2.csv,7525,arithmetic,gsm8k_test_0840,train,remove,C2_answer_bearing,gsm8k_solution_frag
pairs_arith_v2.csv,7526,arithmetic,gsm8k_test_0840,train,retain,H2_same_template,gsmplus_numerical_substitution
pairs_arith_v2.csv,7527,arithmetic,gsm8k_test_0840,train,remove,C1_transformed,gsmplus_problem_understanding
pairs_arith_v2.csv,7528,arithmetic,gsm8k_test_0840,train,retain,H2_same_template,gsmplus_critical_thinking
pairs_arith_v2.csv,7529,arithmetic,gsm8k_test_0840,train,retain,H1_same_topic,svamp
pairs_arith_v2.csv,7530,arithmetic,gsm8k_test_0840,train,retain,H3_predating,asdiv
pairs_arith_v2.csv,7531,arithmetic,gsm8k_test_0840,train,retain,R_random,truthfulqa
pairs_arith_v2.csv,7532,arithmetic,gsm8k_test_0841,train,remove,C0_exact,gsm8k_copy
pairs_arith_v2.csv,7533,arithmetic,gsm8k_test_0841,train,remove,C1_transformed,lmsys_rephrase
pairs_arith_v2.csv,7534,arithmetic,gsm8k_test_0841,train,remove,C2_answer_bearing,gsm8k_solution_frag
pairs_arith_v2.csv,7535,arithmetic,gsm8k_test_0841,train,retain,H2_same_template,gsmplus_numerical_substitution
pairs_arith_v2.csv,7536,arithmetic,gsm8k_test_0841,train,remove,C1_transformed,gsmplus_problem_understanding
pairs_arith_v2.csv,7537,arithmetic,gsm8k_test_0841,train,retain,H2_same_template,gsmplus_critical_thinking
pairs_arith_v2.csv,7538,arithmetic,gsm8k_test_0841,train,retain,H1_same_topic,svamp
pairs_arith_v2.csv,7539,arithmetic,gsm8k_test_0841,train,retain,H3_predating,asdiv
pairs_arith_v2.csv,7540,arithmetic,gsm8k_test_0841,train,retain,R_random,truthfulqa
pairs_arith_v2.csv,7541,arithmetic,gsm8k_test_0842,train,remove,C0_exact,gsm8k_copy
pairs_arith_v2.csv,7542,arithmetic,gsm8k_test_0842,train,remove,C1_transformed,lmsys_rephrase
pairs_arith_v2.csv,7543,arithmetic,gsm8k_test_0842,train,remove,C2_answer_bearing,gsm8k_solution_frag
pairs_arith_v2.csv,7544,arithmetic,gsm8k_test_0842,train,remove,C1_transformed,gsmplus_problem_understanding
pairs_arith_v2.csv,7545,arithmetic,gsm8k_test_0842,train,retain,H2_same_template,gsmplus_critical_thinking
pairs_arith_v2.csv,7546,arithmetic,gsm8k_test_0842,train,retain,H1_same_topic,svamp
pairs_arith_v2.csv,7547,arithmetic,gsm8k_test_0842,train,retain,H3_predating,asdiv
pairs_arith_v2.csv,7548,arithmetic,gsm8k_test_0842,train,retain,R_random,truthfulqa
pairs_arith_v2.csv,7549,arithmetic,gsm8k_test_0843,train,remove,C0_exact,gsm8k_copy
pairs_arith_v2.csv,7550,arithmetic,gsm8k_test_0843,train,remove,C1_transformed,lmsys_rephrase
pairs_arith_v2.csv,7551,arithmetic,gsm8k_test_0843,train,remove,C2_answer_bearing,gsm8k_solution_frag
pairs_arith_v2.csv,7552,arithmetic,gsm8k_test_0843,train,retain,H2_same_template,gsmplus_numerical_substitution
pairs_arith_v2.csv,7553,arithmetic,gsm8k_test_0843,train,remove,C1_transformed,gsmplus_problem_understanding
pairs_arith_v2.csv,7554,arithmetic,gsm8k_test_0843,train,retain,H2_same_template,gsmplus_critical_thinking
pairs_arith_v2.csv,7555,arithmetic,gsm8k_test_0843,train,retain,H1_same_topic,svamp
pairs_arith_v2.csv,7556,arithmetic,gsm8k_test_0843,train,retain,H3_predating,asdiv
pairs_arith_v2.csv,7557,arithmetic,gsm8k_test_0843,train,retain,R_random,truthfulqa
pairs_arith_v2.csv,7558,arithmetic,gsm8k_test_0844,train,remove,C0_exact,gsm8k_copy
pairs_arith_v2.csv,7559,arithmetic,gsm8k_test_0844,train,remove,C1_transformed,lmsys_rephrase
pairs_arith_v2.csv,7560,arithmetic,gsm8k_test_0844,train,remove,C2_answer_bearing,gsm8k_solution_frag
pairs_arith_v2.csv,7561,arithmetic,gsm8k_test_0844,train,retain,H2_same_template,gsmplus_numerical_substitution
pairs_arith_v2.csv,7562,arithmetic,gsm8k_test_0844,train,remove,C1_transformed,gsmplus_problem_understanding
pairs_arith_v2.csv,7563,arithmetic,gsm8k_test_0844,train,retain,H2_same_template,gsmplus_critical_thinking
pairs_arith_v2.csv,7564,arithmetic,gsm8k_test_0844,train,retain,H1_same_topic,svamp
pairs_arith_v2.csv,7565,arithmetic,gsm8k_test_0844,train,retain,H3_predating,asdiv
pairs_arith_v2.csv,7566,arithmetic,gsm8k_test_0844,train,retain,R_random,truthfulqa
pairs_arith_v2.csv,7576,arithmetic,gsm8k_test_0846,train,remove,C0_exact,gsm8k_copy
pairs_arith_v2.csv,7577,arithmetic,gsm8k_test_0846,train,remove,C1_transformed,lmsys_rephrase
pairs_arith_v2.csv,7578,arithmetic,gsm8k_test_0846,train,remove,C2_answer_bearing,gsm8k_solution_frag
pairs_arith_v2.csv,7579,arithmetic,gsm8k_test_0846,train,retain,H2_same_template,gsmplus_numerical_substitution
pairs_arith_v2.csv,7580,arithmetic,gsm8k_test_0846,train,remove,C1_transformed,gsmplus_problem_understanding
pairs_arith_v2.csv,7581,arithmetic,gsm8k_test_0846,train,retain,H2_same_template,gsmplus_critical_thinking
pairs_arith_v2.csv,7582,arithmetic,gsm8k_test_0846,train,retain,H1_same_topic,svamp
pairs_arith_v2.csv,7583,arithmetic,gsm8k_test_0846,train,retain,H3_predating,asdiv
pairs_arith_v2.csv,7584,arithmetic,gsm8k_test_0846,train,retain,R_random,truthfulqa
pairs_arith_v2.csv,7594,arithmetic,gsm8k_test_0848,train,remove,C0_exact,gsm8k_copy
pairs_arith_v2.csv,7595,arithmetic,gsm8k_test_0848,train,remove,C1_transformed,lmsys_rephrase
pairs_arith_v2.csv,7596,arithmetic,gsm8k_test_0848,train,remove,C2_answer_bearing,gsm8k_solution_frag
pairs_arith_v2.csv,7597,arithmetic,gsm8k_test_0848,train,retain,H2_same_template,gsmplus_numerical_substitution
pairs_arith_v2.csv,7598,arithmetic,gsm8k_test_0848,train,remove,C1_transformed,gsmplus_problem_understanding
pairs_arith_v2.csv,7599,arithmetic,gsm8k_test_0848,train,retain,H2_same_template,gsmplus_critical_thinking
pairs_arith_v2.csv,7600,arithmetic,gsm8k_test_0848,train,retain,H1_same_topic,svamp
pairs_arith_v2.csv,7601,arithmetic,gsm8k_test_0848,train,retain,H3_predating,asdiv
pairs_arith_v2.csv,7602,arithmetic,gsm8k_test_0848,train,retain,R_random,truthfulqa
pairs_arith_v2.csv,7603,arithmetic,gsm8k_test_0849,train,remove,C0_exact,gsm8k_copy
pairs_arith_v2.csv,7604,arithmetic,gsm8k_test_0849,train,remove,C1_transformed,lmsys_rephrase
pairs_arith_v2.csv,7605,arithmetic,gsm8k_test_0849,train,remove,C2_answer_bearing,gsm8k_solution_frag
pairs_arith_v2.csv,7606,arithmetic,gsm8k_test_0849,train,retain,H2_same_template,gsmplus_numerical_substitution
pairs_arith_v2.csv,7607,arithmetic,gsm8k_test_0849,train,remove,C1_transformed,gsmplus_problem_understanding
pairs_arith_v2.csv,7608,arithmetic,gsm8k_test_0849,train,retain,H2_same_template,gsmplus_critical_thinking
pairs_arith_v2.csv,7609,arithmetic,gsm8k_test_0849,train,retain,H1_same_topic,svamp
pairs_arith_v2.csv,7610,arithmetic,gsm8k_test_0849,train,retain,H3_predating,asdiv
pairs_arith_v2.csv,7611,arithmetic,gsm8k_test_0849,train,retain,R_random,truthfulqa
pairs_arith_v2.csv,7612,arithmetic,gsm8k_test_0850,train,remove,C0_exact,gsm8k_copy
pairs_arith_v2.csv,7613,arithmetic,gsm8k_test_0850,train,remove,C1_transformed,lmsys_rephrase
pairs_arith_v2.csv,7614,arithmetic,gsm8k_test_0850,train,remove,C2_answer_bearing,gsm8k_solution_frag
pairs_arith_v2.csv,7615,arithmetic,gsm8k_test_0850,train,retain,H2_same_template,gsmplus_numerical_substitution
pairs_arith_v2.csv,7616,arithmetic,gsm8k_test_0850,train,remove,C1_transformed,gsmplus_problem_understanding
pairs_arith_v2.csv,7617,arithmetic,gsm8k_test_0850,train,retain,H2_same_template,gsmplus_critical_thinking
pairs_arith_v2.csv,7618,arithmetic,gsm8k_test_0850,train,retain,H1_same_topic,svamp
pairs_arith_v2.csv,7619,arithmetic,gsm8k_test_0850,train,retain,H3_predating,asdiv
pairs_arith_v2.csv,7620,arithmetic,gsm8k_test_0850,train,retain,R_random,truthfulqa
pairs_arith_v2.csv,7629,arithmetic,gsm8k_test_0852,train,remove,C0_exact,gsm8k_copy
pairs_arith_v2.csv,7630,arithmetic,gsm8k_test_0852,train,remove,C1_transformed,lmsys_rephrase
pairs_arith_v2.csv,7631,arithmetic,gsm8k_test_0852,train,remove,C2_answer_bearing,gsm8k_solution_frag
pairs_arith_v2.csv,7632,arithmetic,gsm8k_test_0852,train,retain,H2_same_template,gsmplus_numerical_substitution
pairs_arith_v2.csv,7633,arithmetic,gsm8k_test_0852,train,remove,C1_transformed,gsmplus_problem_understanding
pairs_arith_v2.csv,7634,arithmetic,gsm8k_test_0852,train,retain,H2_same_template,gsmplus_critical_thinking
pairs_arith_v2.csv,7635,arithmetic,gsm8k_test_0852,train,retain,H1_same_topic,svamp
pairs_arith_v2.csv,7636,arithmetic,gsm8k_test_0852,train,retain,H3_predating,asdiv
pairs_arith_v2.csv,7637,arithmetic,gsm8k_test_0852,train,retain,R_random,truthfulqa
pairs_arith_v2.csv,7655,arithmetic,gsm8k_test_0855,train,remove,C0_exact,gsm8k_copy
pairs_arith_v2.csv,7656,arithmetic,gsm8k_test_0855,train,remove,C1_transformed,lmsys_rephrase
pairs_arith_v2.csv,7657,arithmetic,gsm8k_test_0855,train,remove,C2_answer_bearing,gsm8k_solution_frag
pairs_arith_v2.csv,7658,arithmetic,gsm8k_test_0855,train,retain,H2_same_template,gsmplus_numerical_substitution
pairs_arith_v2.csv,7659,arithmetic,gsm8k_test_0855,train,remove,C1_transformed,gsmplus_problem_understanding
pairs_arith_v2.csv,7660,arithmetic,gsm8k_test_0855,train,retain,H2_same_template,gsmplus_critical_thinking
pairs_arith_v2.csv,7661,arithmetic,gsm8k_test_0855,train,retain,H1_same_topic,svamp
pairs_arith_v2.csv,7662,arithmetic,gsm8k_test_0855,train,retain,H3_predating,asdiv
pairs_arith_v2.csv,7663,arithmetic,gsm8k_test_0855,train,retain,R_random,truthfulqa
pairs_arith_v2.csv,7787,arithmetic,gsm8k_test_0870,train,remove,C0_exact,gsm8k_copy
pairs_arith_v2.csv,7788,arithmetic,gsm8k_test_0870,train,remove,C1_transformed,lmsys_rephrase
pairs_arith_v2.csv,7789,arithmetic,gsm8k_test_0870,train,remove,C2_answer_bearing,gsm8k_solution_frag
pairs_arith_v2.csv,7790,arithmetic,gsm8k_test_0870,train,retain,H2_same_template,gsmplus_numerical_substitution
pairs_arith_v2.csv,7791,arithmetic,gsm8k_test_0870,train,remove,C1_transformed,gsmplus_problem_understanding
pairs_arith_v2.csv,7792,arithmetic,gsm8k_test_0870,train,retain,H2_same_template,gsmplus_critical_thinking
pairs_arith_v2.csv,7793,arithmetic,gsm8k_test_0870,train,retain,H1_same_topic,svamp
pairs_arith_v2.csv,7794,arithmetic,gsm8k_test_0870,train,retain,H3_predating,asdiv
pairs_arith_v2.csv,7795,arithmetic,gsm8k_test_0870,train,retain,R_random,truthfulqa
pairs_arith_v2.csv,7805,arithmetic,gsm8k_test_0872,train,remove,C0_exact,gsm8k_copy
pairs_arith_v2.csv,7806,arithmetic,gsm8k_test_0872,train,remove,C1_transformed,lmsys_rephrase
pairs_arith_v2.csv,7807,arithmetic,gsm8k_test_0872,train,remove,C2_answer_bearing,gsm8k_solution_frag
pairs_arith_v2.csv,7808,arithmetic,gsm8k_test_0872,train,retain,H2_same_template,gsmplus_numerical_substitution
pairs_arith_v2.csv,7809,arithmetic,gsm8k_test_0872,train,remove,C1_transformed,gsmplus_problem_understanding
pairs_arith_v2.csv,7810,arithmetic,gsm8k_test_0872,train,retain,H2_same_template,gsmplus_critical_thinking
pairs_arith_v2.csv,7811,arithmetic,gsm8k_test_0872,train,retain,H1_same_topic,svamp
pairs_arith_v2.csv,7812,arithmetic,gsm8k_test_0872,train,retain,H3_predating,asdiv
pairs_arith_v2.csv,7813,arithmetic,gsm8k_test_0872,train,retain,R_random,truthfulqa
pairs_arith_v2.csv,7832,arithmetic,gsm8k_test_0875,train,remove,C0_exact,gsm8k_copy
pairs_arith_v2.csv,7833,arithmetic,gsm8k_test_0875,train,remove,C1_transformed,lmsys_rephrase
pairs_arith_v2.csv,7834,arithmetic,gsm8k_test_0875,train,remove,C2_answer_bearing,gsm8k_solution_frag
pairs_arith_v2.csv,7835,arithmetic,gsm8k_test_0875,train,retain,H2_same_template,gsmplus_numerical_substitution
pairs_arith_v2.csv,7836,arithmetic,gsm8k_test_0875,train,remove,C1_transformed,gsmplus_problem_understanding
pairs_arith_v2.csv,7837,arithmetic,gsm8k_test_0875,train,retain,H2_same_template,gsmplus_critical_thinking
pairs_arith_v2.csv,7838,arithmetic,gsm8k_test_0875,train,retain,H1_same_topic,svamp
pairs_arith_v2.csv,7839,arithmetic,gsm8k_test_0875,train,retain,H3_predating,asdiv
pairs_arith_v2.csv,7840,arithmetic,gsm8k_test_0875,train,retain,R_random,truthfulqa
pairs_arith_v2.csv,7859,arithmetic,gsm8k_test_0878,train,remove,C0_exact,gsm8k_copy
pairs_arith_v2.csv,7860,arithmetic,gsm8k_test_0878,train,remove,C1_transformed,lmsys_rephrase
pairs_arith_v2.csv,7861,arithmetic,gsm8k_test_0878,train,remove,C2_answer_bearing,gsm8k_solution_frag
pairs_arith_v2.csv,7862,arithmetic,gsm8k_test_0878,train,retain,H2_same_template,gsmplus_numerical_substitution
pairs_arith_v2.csv,7863,arithmetic,gsm8k_test_0878,train,remove,C1_transformed,gsmplus_problem_understanding
pairs_arith_v2.csv,7864,arithmetic,gsm8k_test_0878,train,retain,H2_same_template,gsmplus_critical_thinking
pairs_arith_v2.csv,7865,arithmetic,gsm8k_test_0878,train,retain,H1_same_topic,svamp
pairs_arith_v2.csv,7866,arithmetic,gsm8k_test_0878,train,retain,H3_predating,asdiv
pairs_arith_v2.csv,7867,arithmetic,gsm8k_test_0878,train,retain,R_random,truthfulqa
pairs_arith_v2.csv,7922,arithmetic,gsm8k_test_0885,train,remove,C0_exact,gsm8k_copy
pairs_arith_v2.csv,7923,arithmetic,gsm8k_test_0885,train,remove,C1_transformed,lmsys_rephrase
pairs_arith_v2.csv,7924,arithmetic,gsm8k_test_0885,train,remove,C2_answer_bearing,gsm8k_solution_frag
pairs_arith_v2.csv,7925,arithmetic,gsm8k_test_0885,train,retain,H2_same_template,gsmplus_numerical_substitution
pairs_arith_v2.csv,7926,arithmetic,gsm8k_test_0885,train,remove,C1_transformed,gsmplus_problem_understanding
pairs_arith_v2.csv,7927,arithmetic,gsm8k_test_0885,train,retain,H2_same_template,gsmplus_critical_thinking
pairs_arith_v2.csv,7928,arithmetic,gsm8k_test_0885,train,retain,H1_same_topic,svamp
pairs_arith_v2.csv,7929,arithmetic,gsm8k_test_0885,train,retain,H3_predating,asdiv
pairs_arith_v2.csv,7930,arithmetic,gsm8k_test_0885,train,retain,R_random,truthfulqa
pairs_arith_v2.csv,7985,arithmetic,gsm8k_test_0892,train,remove,C0_exact,gsm8k_copy
pairs_arith_v2.csv,7986,arithmetic,gsm8k_test_0892,train,remove,C1_transformed,lmsys_rephrase
pairs_arith_v2.csv,7987,arithmetic,gsm8k_test_0892,train,remove,C2_answer_bearing,gsm8k_solution_frag
pairs_arith_v2.csv,7988,arithmetic,gsm8k_test_0892,train,remove,C1_transformed,gsmplus_problem_understanding
pairs_arith_v2.csv,7989,arithmetic,gsm8k_test_0892,train,retain,H2_same_template,gsmplus_critical_thinking
pairs_arith_v2.csv,7990,arithmetic,gsm8k_test_0892,train,retain,H1_same_topic,svamp
pairs_arith_v2.csv,7991,arithmetic,gsm8k_test_0892,train,retain,H3_predating,asdiv
pairs_arith_v2.csv,7992,arithmetic,gsm8k_test_0892,train,retain,R_random,truthfulqa
pairs_arith_v2.csv,7993,arithmetic,gsm8k_test_0893,train,remove,C0_exact,gsm8k_copy
pairs_arith_v2.csv,7994,arithmetic,gsm8k_test_0893,train,remove,C1_transformed,lmsys_rephrase
pairs_arith_v2.csv,7995,arithmetic,gsm8k_test_0893,train,remove,C2_answer_bearing,gsm8k_solution_frag
pairs_arith_v2.csv,7996,arithmetic,gsm8k_test_0893,train,retain,H2_same_template,gsmplus_numerical_substitution
pairs_arith_v2.csv,7997,arithmetic,gsm8k_test_0893,train,remove,C1_transformed,gsmplus_problem_understanding
pairs_arith_v2.csv,7998,arithmetic,gsm8k_test_0893,train,retain,H2_same_template,gsmplus_critical_thinking
pairs_arith_v2.csv,7999,arithmetic,gsm8k_test_0893,train,retain,H1_same_topic,svamp
pairs_arith_v2.csv,8000,arithmetic,gsm8k_test_0893,train,retain,H3_predating,asdiv
pairs_arith_v2.csv,8001,arithmetic,gsm8k_test_0893,train,retain,R_random,truthfulqa
pairs_arith_v2.csv,8002,arithmetic,gsm8k_test_0894,train,remove,C0_exact,gsm8k_copy
pairs_arith_v2.csv,8003,arithmetic,gsm8k_test_0894,train,remove,C1_transformed,lmsys_rephrase
pairs_arith_v2.csv,8004,arithmetic,gsm8k_test_0894,train,remove,C2_answer_bearing,gsm8k_solution_frag
pairs_arith_v2.csv,8005,arithmetic,gsm8k_test_0894,train,remove,C1_transformed,gsmplus_problem_understanding
pairs_arith_v2.csv,8006,arithmetic,gsm8k_test_0894,train,retain,H2_same_template,gsmplus_critical_thinking
pairs_arith_v2.csv,8007,arithmetic,gsm8k_test_0894,train,retain,H1_same_topic,svamp
pairs_arith_v2.csv,8008,arithmetic,gsm8k_test_0894,train,retain,H3_predating,asdiv
pairs_arith_v2.csv,8009,arithmetic,gsm8k_test_0894,train,retain,R_random,truthfulqa
pairs_arith_v2.csv,8010,arithmetic,gsm8k_test_0895,train,remove,C0_exact,gsm8k_copy
pairs_arith_v2.csv,8011,arithmetic,gsm8k_test_0895,train,remove,C1_transformed,lmsys_rephrase
pairs_arith_v2.csv,8012,arithmetic,gsm8k_test_0895,train,remove,C2_answer_bearing,gsm8k_solution_frag
pairs_arith_v2.csv,8013,arithmetic,gsm8k_test_0895,train,retain,H2_same_template,gsmplus_numerical_substitution
pairs_arith_v2.csv,8014,arithmetic,gsm8k_test_0895,train,remove,C1_transformed,gsmplus_problem_understanding
pairs_arith_v2.csv,8015,arithmetic,gsm8k_test_0895,train,retain,H2_same_template,gsmplus_critical_thinking
pairs_arith_v2.csv,8016,arithmetic,gsm8k_test_0895,train,retain,H1_same_topic,svamp
pairs_arith_v2.csv,8017,arithmetic,gsm8k_test_0895,train,retain,H3_predating,asdiv
pairs_arith_v2.csv,8018,arithmetic,gsm8k_test_0895,train,retain,R_random,truthfulqa
pairs_arith_v2.csv,8019,arithmetic,gsm8k_test_0896,train,remove,C0_exact,gsm8k_copy
pairs_arith_v2.csv,8020,arithmetic,gsm8k_test_0896,train,remove,C1_transformed,lmsys_rephrase
pairs_arith_v2.csv,8021,arithmetic,gsm8k_test_0896,train,remove,C2_answer_bearing,gsm8k_solution_frag
pairs_arith_v2.csv,8022,arithmetic,gsm8k_test_0896,train,retain,H2_same_template,gsmplus_numerical_substitution
pairs_arith_v2.csv,8023,arithmetic,gsm8k_test_0896,train,remove,C1_transformed,gsmplus_problem_understanding
pairs_arith_v2.csv,8024,arithmetic,gsm8k_test_0896,train,retain,H2_same_template,gsmplus_critical_thinking
pairs_arith_v2.csv,8025,arithmetic,gsm8k_test_0896,train,retain,H1_same_topic,svamp
pairs_arith_v2.csv,8026,arithmetic,gsm8k_test_0896,train,retain,H3_predating,asdiv
pairs_arith_v2.csv,8027,arithmetic,gsm8k_test_0896,train,retain,R_random,truthfulqa
pairs_arith_v2.csv,8064,arithmetic,gsm8k_test_0901,train,remove,C0_exact,gsm8k_copy
pairs_arith_v2.csv,8065,arithmetic,gsm8k_test_0901,train,remove,C1_transformed,lmsys_rephrase
pairs_arith_v2.csv,8066,arithmetic,gsm8k_test_0901,train,remove,C2_answer_bearing,gsm8k_solution_frag
pairs_arith_v2.csv,8067,arithmetic,gsm8k_test_0901,train,remove,C1_transformed,gsmplus_problem_understanding
pairs_arith_v2.csv,8068,arithmetic,gsm8k_test_0901,train,retain,H2_same_template,gsmplus_critical_thinking
pairs_arith_v2.csv,8069,arithmetic,gsm8k_test_0901,train,retain,H1_same_topic,svamp
pairs_arith_v2.csv,8070,arithmetic,gsm8k_test_0901,train,retain,H3_predating,asdiv
pairs_arith_v2.csv,8071,arithmetic,gsm8k_test_0901,train,retain,R_random,truthfulqa
pairs_arith_v2.csv,8116,arithmetic,gsm8k_test_0907,train,remove,C0_exact,gsm8k_copy
pairs_arith_v2.csv,8117,arithmetic,gsm8k_test_0907,train,remove,C1_transformed,lmsys_rephrase
pairs_arith_v2.csv,8118,arithmetic,gsm8k_test_0907,train,remove,C2_answer_bearing,gsm8k_solution_frag
pairs_arith_v2.csv,8119,arithmetic,gsm8k_test_0907,train,retain,H2_same_template,gsmplus_numerical_substitution
pairs_arith_v2.csv,8120,arithmetic,gsm8k_test_0907,train,remove,C1_transformed,gsmplus_problem_understanding
pairs_arith_v2.csv,8121,arithmetic,gsm8k_test_0907,train,retain,H2_same_template,gsmplus_critical_thinking
pairs_arith_v2.csv,8122,arithmetic,gsm8k_test_0907,train,retain,H1_same_topic,svamp
pairs_arith_v2.csv,8123,arithmetic,gsm8k_test_0907,train,retain,H3_predating,asdiv
pairs_arith_v2.csv,8124,arithmetic,gsm8k_test_0907,train,retain,R_random,truthfulqa
pairs_arith_v2.csv,8134,arithmetic,gsm8k_test_0909,train,remove,C0_exact,gsm8k_copy
pairs_arith_v2.csv,8135,arithmetic,gsm8k_test_0909,train,remove,C1_transformed,lmsys_rephrase
pairs_arith_v2.csv,8136,arithmetic,gsm8k_test_0909,train,remove,C2_answer_bearing,gsm8k_solution_frag
pairs_arith_v2.csv,8137,arithmetic,gsm8k_test_0909,train,retain,H2_same_template,gsmplus_numerical_substitution
pairs_arith_v2.csv,8138,arithmetic,gsm8k_test_0909,train,remove,C1_transformed,gsmplus_problem_understanding
pairs_arith_v2.csv,8139,arithmetic,gsm8k_test_0909,train,retain,H2_same_template,gsmplus_critical_thinking
pairs_arith_v2.csv,8140,arithmetic,gsm8k_test_0909,train,retain,H1_same_topic,svamp
pairs_arith_v2.csv,8141,arithmetic,gsm8k_test_0909,train,retain,H3_predating,asdiv
pairs_arith_v2.csv,8142,arithmetic,gsm8k_test_0909,train,retain,R_random,truthfulqa
pairs_arith_v2.csv,8152,arithmetic,gsm8k_test_0911,train,remove,C0_exact,gsm8k_copy
pairs_arith_v2.csv,8153,arithmetic,gsm8k_test_0911,train,remove,C1_transformed,lmsys_rephrase
pairs_arith_v2.csv,8154,arithmetic,gsm8k_test_0911,train,remove,C2_answer_bearing,gsm8k_solution_frag
pairs_arith_v2.csv,8155,arithmetic,gsm8k_test_0911,train,retain,H2_same_template,gsmplus_numerical_substitution
pairs_arith_v2.csv,8156,arithmetic,gsm8k_test_0911,train,remove,C1_transformed,gsmplus_problem_understanding
pairs_arith_v2.csv,8157,arithmetic,gsm8k_test_0911,train,retain,H2_same_template,gsmplus_critical_thinking
pairs_arith_v2.csv,8158,arithmetic,gsm8k_test_0911,train,retain,H1_same_topic,svamp
pairs_arith_v2.csv,8159,arithmetic,gsm8k_test_0911,train,retain,H3_predating,asdiv
pairs_arith_v2.csv,8160,arithmetic,gsm8k_test_0911,train,retain,R_random,truthfulqa
pairs_arith_v2.csv,8170,arithmetic,gsm8k_test_0913,train,remove,C0_exact,gsm8k_copy
pairs_arith_v2.csv,8171,arithmetic,gsm8k_test_0913,train,remove,C1_transformed,lmsys_rephrase
pairs_arith_v2.csv,8172,arithmetic,gsm8k_test_0913,train,remove,C2_answer_bearing,gsm8k_solution_frag
pairs_arith_v2.csv,8173,arithmetic,gsm8k_test_0913,train,retain,H2_same_template,gsmplus_numerical_substitution
pairs_arith_v2.csv,8174,arithmetic,gsm8k_test_0913,train,remove,C1_transformed,gsmplus_problem_understanding
pairs_arith_v2.csv,8175,arithmetic,gsm8k_test_0913,train,retain,H2_same_template,gsmplus_critical_thinking
pairs_arith_v2.csv,8176,arithmetic,gsm8k_test_0913,train,retain,H1_same_topic,svamp
pairs_arith_v2.csv,8177,arithmetic,gsm8k_test_0913,train,retain,H3_predating,asdiv
pairs_arith_v2.csv,8178,arithmetic,gsm8k_test_0913,train,retain,R_random,truthfulqa
pairs_arith_v2.csv,8188,arithmetic,gsm8k_test_0915,train,remove,C0_exact,gsm8k_copy
pairs_arith_v2.csv,8189,arithmetic,gsm8k_test_0915,train,remove,C1_transformed,lmsys_rephrase
pairs_arith_v2.csv,8190,arithmetic,gsm8k_test_0915,train,remove,C2_answer_bearing,gsm8k_solution_frag
pairs_arith_v2.csv,8191,arithmetic,gsm8k_test_0915,train,retain,H2_same_template,gsmplus_numerical_substitution
pairs_arith_v2.csv,8192,arithmetic,gsm8k_test_0915,train,remove,C1_transformed,gsmplus_problem_understanding
pairs_arith_v2.csv,8193,arithmetic,gsm8k_test_0915,train,retain,H2_same_template,gsmplus_critical_thinking
pairs_arith_v2.csv,8194,arithmetic,gsm8k_test_0915,train,retain,H1_same_topic,svamp
pairs_arith_v2.csv,8195,arithmetic,gsm8k_test_0915,train,retain,H3_predating,asdiv
pairs_arith_v2.csv,8196,arithmetic,gsm8k_test_0915,train,retain,R_random,truthfulqa
pairs_arith_v2.csv,8197,arithmetic,gsm8k_test_0916,train,remove,C0_exact,gsm8k_copy
pairs_arith_v2.csv,8198,arithmetic,gsm8k_test_0916,train,remove,C1_transformed,lmsys_rephrase
pairs_arith_v2.csv,8199,arithmetic,gsm8k_test_0916,train,remove,C2_answer_bearing,gsm8k_solution_frag
pairs_arith_v2.csv,8200,arithmetic,gsm8k_test_0916,train,retain,H2_same_template,gsmplus_numerical_substitution
pairs_arith_v2.csv,8201,arithmetic,gsm8k_test_0916,train,remove,C1_transformed,gsmplus_problem_understanding
pairs_arith_v2.csv,8202,arithmetic,gsm8k_test_0916,train,retain,H2_same_template,gsmplus_critical_thinking
pairs_arith_v2.csv,8203,arithmetic,gsm8k_test_0916,train,retain,H1_same_topic,svamp
pairs_arith_v2.csv,8204,arithmetic,gsm8k_test_0916,train,retain,H3_predating,asdiv
pairs_arith_v2.csv,8205,arithmetic,gsm8k_test_0916,train,retain,R_random,truthfulqa
pairs_arith_v2.csv,8206,arithmetic,gsm8k_test_0917,train,remove,C0_exact,gsm8k_copy
pairs_arith_v2.csv,8207,arithmetic,gsm8k_test_0917,train,remove,C1_transformed,lmsys_rephrase
pairs_arith_v2.csv,8208,arithmetic,gsm8k_test_0917,train,remove,C2_answer_bearing,gsm8k_solution_frag
pairs_arith_v2.csv,8209,arithmetic,gsm8k_test_0917,train,retain,H2_same_template,gsmplus_numerical_substitution
pairs_arith_v2.csv,8210,arithmetic,gsm8k_test_0917,train,remove,C1_transformed,gsmplus_problem_understanding
pairs_arith_v2.csv,8211,arithmetic,gsm8k_test_0917,train,retain,H2_same_template,gsmplus_critical_thinking
pairs_arith_v2.csv,8212,arithmetic,gsm8k_test_0917,train,retain,H1_same_topic,svamp
pairs_arith_v2.csv,8213,arithmetic,gsm8k_test_0917,train,retain,H3_predating,asdiv
pairs_arith_v2.csv,8214,arithmetic,gsm8k_test_0917,train,retain,R_random,truthfulqa
pairs_arith_v2.csv,8215,arithmetic,gsm8k_test_0918,train,remove,C0_exact,gsm8k_copy
pairs_arith_v2.csv,8216,arithmetic,gsm8k_test_0918,train,remove,C1_transformed,lmsys_rephrase
pairs_arith_v2.csv,8217,arithmetic,gsm8k_test_0918,train,remove,C2_answer_bearing,gsm8k_solution_frag
pairs_arith_v2.csv,8218,arithmetic,gsm8k_test_0918,train,retain,H2_same_template,gsmplus_numerical_substitution
pairs_arith_v2.csv,8219,arithmetic,gsm8k_test_0918,train,remove,C1_transformed,gsmplus_problem_understanding
pairs_arith_v2.csv,8220,arithmetic,gsm8k_test_0918,train,retain,H2_same_template,gsmplus_critical_thinking
pairs_arith_v2.csv,8221,arithmetic,gsm8k_test_0918,train,retain,H1_same_topic,svamp
pairs_arith_v2.csv,8222,arithmetic,gsm8k_test_0918,train,retain,H3_predating,asdiv
pairs_arith_v2.csv,8223,arithmetic,gsm8k_test_0918,train,retain,R_random,truthfulqa
pairs_arith_v2.csv,8233,arithmetic,gsm8k_test_0920,train,remove,C0_exact,gsm8k_copy
pairs_arith_v2.csv,8234,arithmetic,gsm8k_test_0920,train,remove,C1_transformed,lmsys_rephrase
pairs_arith_v2.csv,8235,arithmetic,gsm8k_test_0920,train,remove,C2_answer_bearing,gsm8k_solution_frag
pairs_arith_v2.csv,8236,arithmetic,gsm8k_test_0920,train,retain,H2_same_template,gsmplus_numerical_substitution
pairs_arith_v2.csv,8237,arithmetic,gsm8k_test_0920,train,remove,C1_transformed,gsmplus_problem_understanding
pairs_arith_v2.csv,8238,arithmetic,gsm8k_test_0920,train,retain,H2_same_template,gsmplus_critical_thinking
pairs_arith_v2.csv,8239,arithmetic,gsm8k_test_0920,train,retain,H1_same_topic,svamp
pairs_arith_v2.csv,8240,arithmetic,gsm8k_test_0920,train,retain,H3_predating,asdiv
pairs_arith_v2.csv,8241,arithmetic,gsm8k_test_0920,train,retain,R_random,truthfulqa
pairs_arith_v2.csv,8242,arithmetic,gsm8k_test_0921,train,remove,C0_exact,gsm8k_copy
pairs_arith_v2.csv,8243,arithmetic,gsm8k_test_0921,train,remove,C1_transformed,lmsys_rephrase
pairs_arith_v2.csv,8244,arithmetic,gsm8k_test_0921,train,remove,C2_answer_bearing,gsm8k_solution_frag
pairs_arith_v2.csv,8245,arithmetic,gsm8k_test_0921,train,remove,C1_transformed,gsmplus_problem_understanding
pairs_arith_v2.csv,8246,arithmetic,gsm8k_test_0921,train,retain,H2_same_template,gsmplus_critical_thinking
pairs_arith_v2.csv,8247,arithmetic,gsm8k_test_0921,train,retain,H1_same_topic,svamp
pairs_arith_v2.csv,8248,arithmetic,gsm8k_test_0921,train,retain,H3_predating,asdiv
pairs_arith_v2.csv,8249,arithmetic,gsm8k_test_0921,train,retain,R_random,truthfulqa
pairs_arith_v2.csv,8250,arithmetic,gsm8k_test_0922,train,remove,C0_exact,gsm8k_copy
pairs_arith_v2.csv,8251,arithmetic,gsm8k_test_0922,train,remove,C1_transformed,lmsys_rephrase
pairs_arith_v2.csv,8252,arithmetic,gsm8k_test_0922,train,remove,C2_answer_bearing,gsm8k_solution_frag
pairs_arith_v2.csv,8253,arithmetic,gsm8k_test_0922,train,remove,C1_transformed,gsmplus_problem_understanding
pairs_arith_v2.csv,8254,arithmetic,gsm8k_test_0922,train,retain,H2_same_template,gsmplus_critical_thinking
pairs_arith_v2.csv,8255,arithmetic,gsm8k_test_0922,train,retain,H1_same_topic,svamp
pairs_arith_v2.csv,8256,arithmetic,gsm8k_test_0922,train,retain,H3_predating,asdiv
pairs_arith_v2.csv,8257,arithmetic,gsm8k_test_0922,train,retain,R_random,truthfulqa
pairs_arith_v2.csv,8258,arithmetic,gsm8k_test_0923,train,remove,C0_exact,gsm8k_copy
pairs_arith_v2.csv,8259,arithmetic,gsm8k_test_0923,train,remove,C1_transformed,lmsys_rephrase
pairs_arith_v2.csv,8260,arithmetic,gsm8k_test_0923,train,remove,C2_answer_bearing,gsm8k_solution_frag
pairs_arith_v2.csv,8261,arithmetic,gsm8k_test_0923,train,retain,H2_same_template,gsmplus_numerical_substitution
pairs_arith_v2.csv,8262,arithmetic,gsm8k_test_0923,train,remove,C1_transformed,gsmplus_problem_understanding
pairs_arith_v2.csv,8263,arithmetic,gsm8k_test_0923,train,retain,H2_same_template,gsmplus_critical_thinking
pairs_arith_v2.csv,8264,arithmetic,gsm8k_test_0923,train,retain,H1_same_topic,svamp
pairs_arith_v2.csv,8265,arithmetic,gsm8k_test_0923,train,retain,H3_predating,asdiv
pairs_arith_v2.csv,8266,arithmetic,gsm8k_test_0923,train,retain,R_random,truthfulqa
pairs_arith_v2.csv,8267,arithmetic,gsm8k_test_0924,train,remove,C0_exact,gsm8k_copy
pairs_arith_v2.csv,8268,arithmetic,gsm8k_test_0924,train,remove,C1_transformed,lmsys_rephrase
pairs_arith_v2.csv,8269,arithmetic,gsm8k_test_0924,train,remove,C2_answer_bearing,gsm8k_solution_frag
pairs_arith_v2.csv,8270,arithmetic,gsm8k_test_0924,train,retain,H2_same_template,gsmplus_numerical_substitution
pairs_arith_v2.csv,8271,arithmetic,gsm8k_test_0924,train,remove,C1_transformed,gsmplus_problem_understanding
pairs_arith_v2.csv,8272,arithmetic,gsm8k_test_0924,train,retain,H2_same_template,gsmplus_critical_thinking
pairs_arith_v2.csv,8273,arithmetic,gsm8k_test_0924,train,retain,H1_same_topic,svamp
pairs_arith_v2.csv,8274,arithmetic,gsm8k_test_0924,train,retain,H3_predating,asdiv
pairs_arith_v2.csv,8275,arithmetic,gsm8k_test_0924,train,retain,R_random,truthfulqa
pairs_arith_v2.csv,8285,arithmetic,gsm8k_test_0926,train,remove,C0_exact,gsm8k_copy
pairs_arith_v2.csv,8286,arithmetic,gsm8k_test_0926,train,remove,C1_transformed,lmsys_rephrase
pairs_arith_v2.csv,8287,arithmetic,gsm8k_test_0926,train,remove,C2_answer_bearing,gsm8k_solution_frag
pairs_arith_v2.csv,8288,arithmetic,gsm8k_test_0926,train,retain,H2_same_template,gsmplus_numerical_substitution
pairs_arith_v2.csv,8289,arithmetic,gsm8k_test_0926,train,remove,C1_transformed,gsmplus_problem_understanding
pairs_arith_v2.csv,8290,arithmetic,gsm8k_test_0926,train,retain,H2_same_template,gsmplus_critical_thinking
pairs_arith_v2.csv,8291,arithmetic,gsm8k_test_0926,train,retain,H1_same_topic,svamp
pairs_arith_v2.csv,8292,arithmetic,gsm8k_test_0926,train,retain,H3_predating,asdiv
pairs_arith_v2.csv,8293,arithmetic,gsm8k_test_0926,train,retain,R_random,truthfulqa
pairs_arith_v2.csv,8339,arithmetic,gsm8k_test_0932,train,remove,C0_exact,gsm8k_copy
pairs_arith_v2.csv,8340,arithmetic,gsm8k_test_0932,train,remove,C1_transformed,lmsys_rephrase
pairs_arith_v2.csv,8341,arithmetic,gsm8k_test_0932,train,remove,C2_answer_bearing,gsm8k_solution_frag
pairs_arith_v2.csv,8342,arithmetic,gsm8k_test_0932,train,retain,H2_same_template,gsmplus_numerical_substitution
pairs_arith_v2.csv,8343,arithmetic,gsm8k_test_0932,train,remove,C1_transformed,gsmplus_problem_understanding
pairs_arith_v2.csv,8344,arithmetic,gsm8k_test_0932,train,retain,H2_same_template,gsmplus_critical_thinking
pairs_arith_v2.csv,8345,arithmetic,gsm8k_test_0932,train,retain,H1_same_topic,svamp
pairs_arith_v2.csv,8346,arithmetic,gsm8k_test_0932,train,retain,H3_predating,asdiv
pairs_arith_v2.csv,8347,arithmetic,gsm8k_test_0932,train,retain,R_random,truthfulqa
pairs_arith_v2.csv,8357,arithmetic,gsm8k_test_0934,train,remove,C0_exact,gsm8k_copy
pairs_arith_v2.csv,8358,arithmetic,gsm8k_test_0934,train,remove,C1_transformed,lmsys_rephrase
pairs_arith_v2.csv,8359,arithmetic,gsm8k_test_0934,train,remove,C2_answer_bearing,gsm8k_solution_frag
pairs_arith_v2.csv,8360,arithmetic,gsm8k_test_0934,train,retain,H2_same_template,gsmplus_numerical_substitution
pairs_arith_v2.csv,8361,arithmetic,gsm8k_test_0934,train,remove,C1_transformed,gsmplus_problem_understanding
pairs_arith_v2.csv,8362,arithmetic,gsm8k_test_0934,train,retain,H2_same_template,gsmplus_critical_thinking
pairs_arith_v2.csv,8363,arithmetic,gsm8k_test_0934,train,retain,H1_same_topic,svamp
pairs_arith_v2.csv,8364,arithmetic,gsm8k_test_0934,train,retain,H3_predating,asdiv
pairs_arith_v2.csv,8365,arithmetic,gsm8k_test_0934,train,retain,R_random,truthfulqa
pairs_arith_v2.csv,8375,arithmetic,gsm8k_test_0936,train,remove,C0_exact,gsm8k_copy
pairs_arith_v2.csv,8376,arithmetic,gsm8k_test_0936,train,remove,C1_transformed,lmsys_rephrase
pairs_arith_v2.csv,8377,arithmetic,gsm8k_test_0936,train,remove,C2_answer_bearing,gsm8k_solution_frag
pairs_arith_v2.csv,8378,arithmetic,gsm8k_test_0936,train,retain,H2_same_template,gsmplus_numerical_substitution
pairs_arith_v2.csv,8379,arithmetic,gsm8k_test_0936,train,remove,C1_transformed,gsmplus_problem_understanding
pairs_arith_v2.csv,8380,arithmetic,gsm8k_test_0936,train,retain,H2_same_template,gsmplus_critical_thinking
pairs_arith_v2.csv,8381,arithmetic,gsm8k_test_0936,train,retain,H1_same_topic,svamp
pairs_arith_v2.csv,8382,arithmetic,gsm8k_test_0936,train,retain,H3_predating,asdiv
pairs_arith_v2.csv,8383,arithmetic,gsm8k_test_0936,train,retain,R_random,truthfulqa
pairs_arith_v2.csv,8384,arithmetic,gsm8k_test_0937,train,remove,C0_exact,gsm8k_copy
pairs_arith_v2.csv,8385,arithmetic,gsm8k_test_0937,train,remove,C1_transformed,lmsys_rephrase
pairs_arith_v2.csv,8386,arithmetic,gsm8k_test_0937,train,remove,C2_answer_bearing,gsm8k_solution_frag
pairs_arith_v2.csv,8387,arithmetic,gsm8k_test_0937,train,retain,H2_same_template,gsmplus_numerical_substitution
pairs_arith_v2.csv,8388,arithmetic,gsm8k_test_0937,train,remove,C1_transformed,gsmplus_problem_understanding
pairs_arith_v2.csv,8389,arithmetic,gsm8k_test_0937,train,retain,H2_same_template,gsmplus_critical_thinking
pairs_arith_v2.csv,8390,arithmetic,gsm8k_test_0937,train,retain,H1_same_topic,svamp
pairs_arith_v2.csv,8391,arithmetic,gsm8k_test_0937,train,retain,H3_predating,asdiv
pairs_arith_v2.csv,8392,arithmetic,gsm8k_test_0937,train,retain,R_random,truthfulqa
pairs_arith_v2.csv,8420,arithmetic,gsm8k_test_0941,train,remove,C0_exact,gsm8k_copy
pairs_arith_v2.csv,8421,arithmetic,gsm8k_test_0941,train,remove,C1_transformed,lmsys_rephrase
pairs_arith_v2.csv,8422,arithmetic,gsm8k_test_0941,train,remove,C2_answer_bearing,gsm8k_solution_frag
pairs_arith_v2.csv,8423,arithmetic,gsm8k_test_0941,train,retain,H2_same_template,gsmplus_numerical_substitution
pairs_arith_v2.csv,8424,arithmetic,gsm8k_test_0941,train,remove,C1_transformed,gsmplus_problem_understanding
pairs_arith_v2.csv,8425,arithmetic,gsm8k_test_0941,train,retain,H2_same_template,gsmplus_critical_thinking
pairs_arith_v2.csv,8426,arithmetic,gsm8k_test_0941,train,retain,H1_same_topic,svamp
pairs_arith_v2.csv,8427,arithmetic,gsm8k_test_0941,train,retain,H3_predating,asdiv
pairs_arith_v2.csv,8428,arithmetic,gsm8k_test_0941,train,retain,R_random,truthfulqa
pairs_arith_v2.csv,8438,arithmetic,gsm8k_test_0943,train,remove,C0_exact,gsm8k_copy
pairs_arith_v2.csv,8439,arithmetic,gsm8k_test_0943,train,remove,C1_transformed,lmsys_rephrase
pairs_arith_v2.csv,8440,arithmetic,gsm8k_test_0943,train,remove,C2_answer_bearing,gsm8k_solution_frag
pairs_arith_v2.csv,8441,arithmetic,gsm8k_test_0943,train,retain,H2_same_template,gsmplus_numerical_substitution
pairs_arith_v2.csv,8442,arithmetic,gsm8k_test_0943,train,remove,C1_transformed,gsmplus_problem_understanding
pairs_arith_v2.csv,8443,arithmetic,gsm8k_test_0943,train,retain,H2_same_template,gsmplus_critical_thinking
pairs_arith_v2.csv,8444,arithmetic,gsm8k_test_0943,train,retain,H1_same_topic,svamp
pairs_arith_v2.csv,8445,arithmetic,gsm8k_test_0943,train,retain,H3_predating,asdiv
pairs_arith_v2.csv,8446,arithmetic,gsm8k_test_0943,train,retain,R_random,truthfulqa
pairs_arith_v2.csv,8456,arithmetic,gsm8k_test_0945,train,remove,C0_exact,gsm8k_copy
pairs_arith_v2.csv,8457,arithmetic,gsm8k_test_0945,train,remove,C1_transformed,lmsys_rephrase
pairs_arith_v2.csv,8458,arithmetic,gsm8k_test_0945,train,remove,C2_answer_bearing,gsm8k_solution_frag
pairs_arith_v2.csv,8459,arithmetic,gsm8k_test_0945,train,retain,H2_same_template,gsmplus_numerical_substitution
pairs_arith_v2.csv,8460,arithmetic,gsm8k_test_0945,train,remove,C1_transformed,gsmplus_problem_understanding
pairs_arith_v2.csv,8461,arithmetic,gsm8k_test_0945,train,retain,H2_same_template,gsmplus_critical_thinking
pairs_arith_v2.csv,8462,arithmetic,gsm8k_test_0945,train,retain,H1_same_topic,svamp
pairs_arith_v2.csv,8463,arithmetic,gsm8k_test_0945,train,retain,H3_predating,asdiv
pairs_arith_v2.csv,8464,arithmetic,gsm8k_test_0945,train,retain,R_random,truthfulqa
pairs_arith_v2.csv,8473,arithmetic,gsm8k_test_0947,train,remove,C0_exact,gsm8k_copy
pairs_arith_v2.csv,8474,arithmetic,gsm8k_test_0947,train,remove,C1_transformed,lmsys_rephrase
pairs_arith_v2.csv,8475,arithmetic,gsm8k_test_0947,train,remove,C2_answer_bearing,gsm8k_solution_frag
pairs_arith_v2.csv,8476,arithmetic,gsm8k_test_0947,train,retain,H2_same_template,gsmplus_numerical_substitution
pairs_arith_v2.csv,8477,arithmetic,gsm8k_test_0947,train,remove,C1_transformed,gsmplus_problem_understanding
pairs_arith_v2.csv,8478,arithmetic,gsm8k_test_0947,train,retain,H2_same_template,gsmplus_critical_thinking
pairs_arith_v2.csv,8479,arithmetic,gsm8k_test_0947,train,retain,H1_same_topic,svamp
pairs_arith_v2.csv,8480,arithmetic,gsm8k_test_0947,train,retain,H3_predating,asdiv
pairs_arith_v2.csv,8481,arithmetic,gsm8k_test_0947,train,retain,R_random,truthfulqa
pairs_arith_v2.csv,8491,arithmetic,gsm8k_test_0949,train,remove,C0_exact,gsm8k_copy
pairs_arith_v2.csv,8492,arithmetic,gsm8k_test_0949,train,remove,C1_transformed,lmsys_rephrase
pairs_arith_v2.csv,8493,arithmetic,gsm8k_test_0949,train,remove,C2_answer_bearing,gsm8k_solution_frag
pairs_arith_v2.csv,8494,arithmetic,gsm8k_test_0949,train,retain,H2_same_template,gsmplus_numerical_substitution
pairs_arith_v2.csv,8495,arithmetic,gsm8k_test_0949,train,remove,C1_transformed,gsmplus_problem_understanding
pairs_arith_v2.csv,8496,arithmetic,gsm8k_test_0949,train,retain,H2_same_template,gsmplus_critical_thinking
pairs_arith_v2.csv,8497,arithmetic,gsm8k_test_0949,train,retain,H1_same_topic,svamp
pairs_arith_v2.csv,8498,arithmetic,gsm8k_test_0949,train,retain,H3_predating,asdiv
pairs_arith_v2.csv,8499,arithmetic,gsm8k_test_0949,train,retain,R_random,truthfulqa
pairs_arith_v2.csv,8500,arithmetic,gsm8k_test_0950,train,remove,C0_exact,gsm8k_copy
pairs_arith_v2.csv,8501,arithmetic,gsm8k_test_0950,train,remove,C1_transformed,lmsys_rephrase
pairs_arith_v2.csv,8502,arithmetic,gsm8k_test_0950,train,remove,C2_answer_bearing,gsm8k_solution_frag
pairs_arith_v2.csv,8503,arithmetic,gsm8k_test_0950,train,retain,H2_same_template,gsmplus_numerical_substitution
pairs_arith_v2.csv,8504,arithmetic,gsm8k_test_0950,train,remove,C1_transformed,gsmplus_problem_understanding
pairs_arith_v2.csv,8505,arithmetic,gsm8k_test_0950,train,retain,H2_same_template,gsmplus_critical_thinking
pairs_arith_v2.csv,8506,arithmetic,gsm8k_test_0950,train,retain,H1_same_topic,svamp
pairs_arith_v2.csv,8507,arithmetic,gsm8k_test_0950,train,retain,H3_predating,asdiv
pairs_arith_v2.csv,8508,arithmetic,gsm8k_test_0950,train,retain,R_random,truthfulqa
pairs_arith_v2.csv,8518,arithmetic,gsm8k_test_0952,train,remove,C0_exact,gsm8k_copy
pairs_arith_v2.csv,8519,arithmetic,gsm8k_test_0952,train,remove,C1_transformed,lmsys_rephrase
pairs_arith_v2.csv,8520,arithmetic,gsm8k_test_0952,train,remove,C2_answer_bearing,gsm8k_solution_frag
pairs_arith_v2.csv,8521,arithmetic,gsm8k_test_0952,train,retain,H2_same_template,gsmplus_numerical_substitution
pairs_arith_v2.csv,8522,arithmetic,gsm8k_test_0952,train,remove,C1_transformed,gsmplus_problem_understanding
pairs_arith_v2.csv,8523,arithmetic,gsm8k_test_0952,train,retain,H2_same_template,gsmplus_critical_thinking
pairs_arith_v2.csv,8524,arithmetic,gsm8k_test_0952,train,retain,H1_same_topic,svamp
pairs_arith_v2.csv,8525,arithmetic,gsm8k_test_0952,train,retain,H3_predating,asdiv
pairs_arith_v2.csv,8526,arithmetic,gsm8k_test_0952,train,retain,R_random,truthfulqa
pairs_arith_v2.csv,8527,arithmetic,gsm8k_test_0953,train,remove,C0_exact,gsm8k_copy
pairs_arith_v2.csv,8528,arithmetic,gsm8k_test_0953,train,remove,C1_transformed,lmsys_rephrase
pairs_arith_v2.csv,8529,arithmetic,gsm8k_test_0953,train,remove,C2_answer_bearing,gsm8k_solution_frag
pairs_arith_v2.csv,8530,arithmetic,gsm8k_test_0953,train,retain,H2_same_template,gsmplus_numerical_substitution
pairs_arith_v2.csv,8531,arithmetic,gsm8k_test_0953,train,remove,C1_transformed,gsmplus_problem_understanding
pairs_arith_v2.csv,8532,arithmetic,gsm8k_test_0953,train,retain,H2_same_template,gsmplus_critical_thinking
pairs_arith_v2.csv,8533,arithmetic,gsm8k_test_0953,train,retain,H1_same_topic,svamp
pairs_arith_v2.csv,8534,arithmetic,gsm8k_test_0953,train,retain,H3_predating,asdiv
pairs_arith_v2.csv,8535,arithmetic,gsm8k_test_0953,train,retain,R_random,truthfulqa
pairs_arith_v2.csv,8536,arithmetic,gsm8k_test_0954,train,remove,C0_exact,gsm8k_copy
pairs_arith_v2.csv,8537,arithmetic,gsm8k_test_0954,train,remove,C1_transformed,lmsys_rephrase
pairs_arith_v2.csv,8538,arithmetic,gsm8k_test_0954,train,remove,C2_answer_bearing,gsm8k_solution_frag
pairs_arith_v2.csv,8539,arithmetic,gsm8k_test_0954,train,retain,H2_same_template,gsmplus_numerical_substitution
pairs_arith_v2.csv,8540,arithmetic,gsm8k_test_0954,train,remove,C1_transformed,gsmplus_problem_understanding
pairs_arith_v2.csv,8541,arithmetic,gsm8k_test_0954,train,retain,H2_same_template,gsmplus_critical_thinking
pairs_arith_v2.csv,8542,arithmetic,gsm8k_test_0954,train,retain,H1_same_topic,svamp
pairs_arith_v2.csv,8543,arithmetic,gsm8k_test_0954,train,retain,H3_predating,asdiv
pairs_arith_v2.csv,8544,arithmetic,gsm8k_test_0954,train,retain,R_random,truthfulqa
pairs_arith_v2.csv,8590,arithmetic,gsm8k_test_0960,train,remove,C0_exact,gsm8k_copy
pairs_arith_v2.csv,8591,arithmetic,gsm8k_test_0960,train,remove,C1_transformed,lmsys_rephrase
pairs_arith_v2.csv,8592,arithmetic,gsm8k_test_0960,train,remove,C2_answer_bearing,gsm8k_solution_frag
pairs_arith_v2.csv,8593,arithmetic,gsm8k_test_0960,train,retain,H2_same_template,gsmplus_numerical_substitution
pairs_arith_v2.csv,8594,arithmetic,gsm8k_test_0960,train,remove,C1_transformed,gsmplus_problem_understanding
pairs_arith_v2.csv,8595,arithmetic,gsm8k_test_0960,train,retain,H2_same_template,gsmplus_critical_thinking
pairs_arith_v2.csv,8596,arithmetic,gsm8k_test_0960,train,retain,H1_same_topic,svamp
pairs_arith_v2.csv,8597,arithmetic,gsm8k_test_0960,train,retain,H3_predating,asdiv
pairs_arith_v2.csv,8598,arithmetic,gsm8k_test_0960,train,retain,R_random,truthfulqa
pairs_arith_v2.csv,8608,arithmetic,gsm8k_test_0962,train,remove,C0_exact,gsm8k_copy
pairs_arith_v2.csv,8609,arithmetic,gsm8k_test_0962,train,remove,C1_transformed,lmsys_rephrase
pairs_arith_v2.csv,8610,arithmetic,gsm8k_test_0962,train,remove,C2_answer_bearing,gsm8k_solution_frag
pairs_arith_v2.csv,8611,arithmetic,gsm8k_test_0962,train,retain,H2_same_template,gsmplus_numerical_substitution
pairs_arith_v2.csv,8612,arithmetic,gsm8k_test_0962,train,remove,C1_transformed,gsmplus_problem_understanding
pairs_arith_v2.csv,8613,arithmetic,gsm8k_test_0962,train,retain,H2_same_template,gsmplus_critical_thinking
pairs_arith_v2.csv,8614,arithmetic,gsm8k_test_0962,train,retain,H1_same_topic,svamp
pairs_arith_v2.csv,8615,arithmetic,gsm8k_test_0962,train,retain,H3_predating,asdiv
pairs_arith_v2.csv,8616,arithmetic,gsm8k_test_0962,train,retain,R_random,truthfulqa
pairs_arith_v2.csv,8617,arithmetic,gsm8k_test_0963,train,remove,C0_exact,gsm8k_copy
pairs_arith_v2.csv,8618,arithmetic,gsm8k_test_0963,train,remove,C1_transformed,lmsys_rephrase
pairs_arith_v2.csv,8619,arithmetic,gsm8k_test_0963,train,remove,C2_answer_bearing,gsm8k_solution_frag
pairs_arith_v2.csv,8620,arithmetic,gsm8k_test_0963,train,retain,H2_same_template,gsmplus_numerical_substitution
pairs_arith_v2.csv,8621,arithmetic,gsm8k_test_0963,train,remove,C1_transformed,gsmplus_problem_understanding
pairs_arith_v2.csv,8622,arithmetic,gsm8k_test_0963,train,retain,H2_same_template,gsmplus_critical_thinking
pairs_arith_v2.csv,8623,arithmetic,gsm8k_test_0963,train,retain,H1_same_topic,svamp
pairs_arith_v2.csv,8624,arithmetic,gsm8k_test_0963,train,retain,H3_predating,asdiv
pairs_arith_v2.csv,8625,arithmetic,gsm8k_test_0963,train,retain,R_random,truthfulqa
pairs_arith_v2.csv,8635,arithmetic,gsm8k_test_0965,train,remove,C0_exact,gsm8k_copy
pairs_arith_v2.csv,8636,arithmetic,gsm8k_test_0965,train,remove,C1_transformed,lmsys_rephrase
pairs_arith_v2.csv,8637,arithmetic,gsm8k_test_0965,train,remove,C2_answer_bearing,gsm8k_solution_frag
pairs_arith_v2.csv,8638,arithmetic,gsm8k_test_0965,train,retain,H2_same_template,gsmplus_numerical_substitution
pairs_arith_v2.csv,8639,arithmetic,gsm8k_test_0965,train,remove,C1_transformed,gsmplus_problem_understanding
pairs_arith_v2.csv,8640,arithmetic,gsm8k_test_0965,train,retain,H2_same_template,gsmplus_critical_thinking
pairs_arith_v2.csv,8641,arithmetic,gsm8k_test_0965,train,retain,H1_same_topic,svamp
pairs_arith_v2.csv,8642,arithmetic,gsm8k_test_0965,train,retain,H3_predating,asdiv
pairs_arith_v2.csv,8643,arithmetic,gsm8k_test_0965,train,retain,R_random,truthfulqa
pairs_arith_v2.csv,8662,arithmetic,gsm8k_test_0968,train,remove,C0_exact,gsm8k_copy
pairs_arith_v2.csv,8663,arithmetic,gsm8k_test_0968,train,remove,C1_transformed,lmsys_rephrase
pairs_arith_v2.csv,8664,arithmetic,gsm8k_test_0968,train,remove,C2_answer_bearing,gsm8k_solution_frag
pairs_arith_v2.csv,8665,arithmetic,gsm8k_test_0968,train,retain,H2_same_template,gsmplus_numerical_substitution
pairs_arith_v2.csv,8666,arithmetic,gsm8k_test_0968,train,remove,C1_transformed,gsmplus_problem_understanding
pairs_arith_v2.csv,8667,arithmetic,gsm8k_test_0968,train,retain,H2_same_template,gsmplus_critical_thinking
pairs_arith_v2.csv,8668,arithmetic,gsm8k_test_0968,train,retain,H1_same_topic,svamp
pairs_arith_v2.csv,8669,arithmetic,gsm8k_test_0968,train,retain,H3_predating,asdiv
pairs_arith_v2.csv,8670,arithmetic,gsm8k_test_0968,train,retain,R_random,truthfulqa
pairs_arith_v2.csv,8680,arithmetic,gsm8k_test_0970,train,remove,C0_exact,gsm8k_copy
pairs_arith_v2.csv,8681,arithmetic,gsm8k_test_0970,train,remove,C1_transformed,lmsys_rephrase
pairs_arith_v2.csv,8682,arithmetic,gsm8k_test_0970,train,remove,C2_answer_bearing,gsm8k_solution_frag
pairs_arith_v2.csv,8683,arithmetic,gsm8k_test_0970,train,retain,H2_same_template,gsmplus_numerical_substitution
pairs_arith_v2.csv,8684,arithmetic,gsm8k_test_0970,train,remove,C1_transformed,gsmplus_problem_understanding
pairs_arith_v2.csv,8685,arithmetic,gsm8k_test_0970,train,retain,H2_same_template,gsmplus_critical_thinking
pairs_arith_v2.csv,8686,arithmetic,gsm8k_test_0970,train,retain,H1_same_topic,svamp
pairs_arith_v2.csv,8687,arithmetic,gsm8k_test_0970,train,retain,H3_predating,asdiv
pairs_arith_v2.csv,8688,arithmetic,gsm8k_test_0970,train,retain,R_random,truthfulqa
pairs_arith_v2.csv,8689,arithmetic,gsm8k_test_0971,train,remove,C0_exact,gsm8k_copy
pairs_arith_v2.csv,8690,arithmetic,gsm8k_test_0971,train,remove,C1_transformed,lmsys_rephrase
pairs_arith_v2.csv,8691,arithmetic,gsm8k_test_0971,train,remove,C2_answer_bearing,gsm8k_solution_frag
pairs_arith_v2.csv,8692,arithmetic,gsm8k_test_0971,train,retain,H2_same_template,gsmplus_numerical_substitution
pairs_arith_v2.csv,8693,arithmetic,gsm8k_test_0971,train,remove,C1_transformed,gsmplus_problem_understanding
pairs_arith_v2.csv,8694,arithmetic,gsm8k_test_0971,train,retain,H2_same_template,gsmplus_critical_thinking
pairs_arith_v2.csv,8695,arithmetic,gsm8k_test_0971,train,retain,H1_same_topic,svamp
pairs_arith_v2.csv,8696,arithmetic,gsm8k_test_0971,train,retain,H3_predating,asdiv
pairs_arith_v2.csv,8697,arithmetic,gsm8k_test_0971,train,retain,R_random,truthfulqa
pairs_arith_v2.csv,8716,arithmetic,gsm8k_test_0974,train,remove,C0_exact,gsm8k_copy
pairs_arith_v2.csv,8717,arithmetic,gsm8k_test_0974,train,remove,C1_transformed,lmsys_rephrase
pairs_arith_v2.csv,8718,arithmetic,gsm8k_test_0974,train,remove,C2_answer_bearing,gsm8k_solution_frag
pairs_arith_v2.csv,8719,arithmetic,gsm8k_test_0974,train,remove,C1_transformed,gsmplus_problem_understanding
pairs_arith_v2.csv,8720,arithmetic,gsm8k_test_0974,train,retain,H2_same_template,gsmplus_critical_thinking
pairs_arith_v2.csv,8721,arithmetic,gsm8k_test_0974,train,retain,H1_same_topic,svamp
pairs_arith_v2.csv,8722,arithmetic,gsm8k_test_0974,train,retain,H3_predating,asdiv
pairs_arith_v2.csv,8723,arithmetic,gsm8k_test_0974,train,retain,R_random,truthfulqa
pairs_arith_v2.csv,8724,arithmetic,gsm8k_test_0975,train,remove,C0_exact,gsm8k_copy
pairs_arith_v2.csv,8725,arithmetic,gsm8k_test_0975,train,remove,C1_transformed,lmsys_rephrase
pairs_arith_v2.csv,8726,arithmetic,gsm8k_test_0975,train,remove,C2_answer_bearing,gsm8k_solution_frag
pairs_arith_v2.csv,8727,arithmetic,gsm8k_test_0975,train,remove,C1_transformed,gsmplus_problem_understanding
pairs_arith_v2.csv,8728,arithmetic,gsm8k_test_0975,train,retain,H2_same_template,gsmplus_critical_thinking
pairs_arith_v2.csv,8729,arithmetic,gsm8k_test_0975,train,retain,H1_same_topic,svamp
pairs_arith_v2.csv,8730,arithmetic,gsm8k_test_0975,train,retain,H3_predating,asdiv
pairs_arith_v2.csv,8731,arithmetic,gsm8k_test_0975,train,retain,R_random,truthfulqa
pairs_arith_v2.csv,8759,arithmetic,gsm8k_test_0979,train,remove,C0_exact,gsm8k_copy
pairs_arith_v2.csv,8760,arithmetic,gsm8k_test_0979,train,remove,C1_transformed,lmsys_rephrase
pairs_arith_v2.csv,8761,arithmetic,gsm8k_test_0979,train,remove,C2_answer_bearing,gsm8k_solution_frag
pairs_arith_v2.csv,8762,arithmetic,gsm8k_test_0979,train,retain,H2_same_template,gsmplus_numerical_substitution
pairs_arith_v2.csv,8763,arithmetic,gsm8k_test_0979,train,remove,C1_transformed,gsmplus_problem_understanding
pairs_arith_v2.csv,8764,arithmetic,gsm8k_test_0979,train,retain,H2_same_template,gsmplus_critical_thinking
pairs_arith_v2.csv,8765,arithmetic,gsm8k_test_0979,train,retain,H1_same_topic,svamp
pairs_arith_v2.csv,8766,arithmetic,gsm8k_test_0979,train,retain,H3_predating,asdiv
pairs_arith_v2.csv,8767,arithmetic,gsm8k_test_0979,train,retain,R_random,truthfulqa
pairs_arith_v2.csv,8839,arithmetic,gsm8k_test_0988,train,remove,C0_exact,gsm8k_copy
pairs_arith_v2.csv,8840,arithmetic,gsm8k_test_0988,train,remove,C1_transformed,lmsys_rephrase
pairs_arith_v2.csv,8841,arithmetic,gsm8k_test_0988,train,remove,C2_answer_bearing,gsm8k_solution_frag
pairs_arith_v2.csv,8842,arithmetic,gsm8k_test_0988,train,retain,H2_same_template,gsmplus_numerical_substitution
pairs_arith_v2.csv,8843,arithmetic,gsm8k_test_0988,train,remove,C1_transformed,gsmplus_problem_understanding
pairs_arith_v2.csv,8844,arithmetic,gsm8k_test_0988,train,retain,H2_same_template,gsmplus_critical_thinking
pairs_arith_v2.csv,8845,arithmetic,gsm8k_test_0988,train,retain,H1_same_topic,svamp
pairs_arith_v2.csv,8846,arithmetic,gsm8k_test_0988,train,retain,H3_predating,asdiv
pairs_arith_v2.csv,8847,arithmetic,gsm8k_test_0988,train,retain,R_random,truthfulqa
pairs_arith_v2.csv,8848,arithmetic,gsm8k_test_0989,train,remove,C0_exact,gsm8k_copy
pairs_arith_v2.csv,8849,arithmetic,gsm8k_test_0989,train,remove,C1_transformed,lmsys_rephrase
pairs_arith_v2.csv,8850,arithmetic,gsm8k_test_0989,train,remove,C2_answer_bearing,gsm8k_solution_frag
pairs_arith_v2.csv,8851,arithmetic,gsm8k_test_0989,train,retain,H2_same_template,gsmplus_numerical_substitution
pairs_arith_v2.csv,8852,arithmetic,gsm8k_test_0989,train,remove,C1_transformed,gsmplus_problem_understanding
pairs_arith_v2.csv,8853,arithmetic,gsm8k_test_0989,train,retain,H2_same_template,gsmplus_critical_thinking
pairs_arith_v2.csv,8854,arithmetic,gsm8k_test_0989,train,retain,H1_same_topic,svamp
pairs_arith_v2.csv,8855,arithmetic,gsm8k_test_0989,train,retain,H3_predating,asdiv
pairs_arith_v2.csv,8856,arithmetic,gsm8k_test_0989,train,retain,R_random,truthfulqa
pairs_arith_v2.csv,8857,arithmetic,gsm8k_test_0990,train,remove,C0_exact,gsm8k_copy
pairs_arith_v2.csv,8858,arithmetic,gsm8k_test_0990,train,remove,C1_transformed,lmsys_rephrase
pairs_arith_v2.csv,8859,arithmetic,gsm8k_test_0990,train,remove,C2_answer_bearing,gsm8k_solution_frag
pairs_arith_v2.csv,8860,arithmetic,gsm8k_test_0990,train,retain,H2_same_template,gsmplus_numerical_substitution
pairs_arith_v2.csv,8861,arithmetic,gsm8k_test_0990,train,remove,C1_transformed,gsmplus_problem_understanding
pairs_arith_v2.csv,8862,arithmetic,gsm8k_test_0990,train,retain,H2_same_template,gsmplus_critical_thinking
pairs_arith_v2.csv,8863,arithmetic,gsm8k_test_0990,train,retain,H1_same_topic,svamp
pairs_arith_v2.csv,8864,arithmetic,gsm8k_test_0990,train,retain,H3_predating,asdiv
pairs_arith_v2.csv,8865,arithmetic,gsm8k_test_0990,train,retain,R_random,truthfulqa
pairs_arith_v2.csv,8866,arithmetic,gsm8k_test_0991,train,remove,C0_exact,gsm8k_copy
pairs_arith_v2.csv,8867,arithmetic,gsm8k_test_0991,train,remove,C1_transformed,lmsys_rephrase
pairs_arith_v2.csv,8868,arithmetic,gsm8k_test_0991,train,remove,C2_answer_bearing,gsm8k_solution_frag
pairs_arith_v2.csv,8869,arithmetic,gsm8k_test_0991,train,retain,H2_same_template,gsmplus_numerical_substitution
pairs_arith_v2.csv,8870,arithmetic,gsm8k_test_0991,train,remove,C1_transformed,gsmplus_problem_understanding
pairs_arith_v2.csv,8871,arithmetic,gsm8k_test_0991,train,retain,H2_same_template,gsmplus_critical_thinking
pairs_arith_v2.csv,8872,arithmetic,gsm8k_test_0991,train,retain,H1_same_topic,svamp
pairs_arith_v2.csv,8873,arithmetic,gsm8k_test_0991,train,retain,H3_predating,asdiv
pairs_arith_v2.csv,8874,arithmetic,gsm8k_test_0991,train,retain,R_random,truthfulqa
pairs_arith_v2.csv,8875,arithmetic,gsm8k_test_0992,train,remove,C0_exact,gsm8k_copy
pairs_arith_v2.csv,8876,arithmetic,gsm8k_test_0992,train,remove,C1_transformed,lmsys_rephrase
pairs_arith_v2.csv,8877,arithmetic,gsm8k_test_0992,train,remove,C2_answer_bearing,gsm8k_solution_frag
pairs_arith_v2.csv,8878,arithmetic,gsm8k_test_0992,train,retain,H2_same_template,gsmplus_numerical_substitution
pairs_arith_v2.csv,8879,arithmetic,gsm8k_test_0992,train,remove,C1_transformed,gsmplus_problem_understanding
pairs_arith_v2.csv,8880,arithmetic,gsm8k_test_0992,train,retain,H2_same_template,gsmplus_critical_thinking
pairs_arith_v2.csv,8881,arithmetic,gsm8k_test_0992,train,retain,H1_same_topic,svamp
pairs_arith_v2.csv,8882,arithmetic,gsm8k_test_0992,train,retain,H3_predating,asdiv
pairs_arith_v2.csv,8883,arithmetic,gsm8k_test_0992,train,retain,R_random,truthfulqa
pairs_arith_v2.csv,8893,arithmetic,gsm8k_test_0994,train,remove,C0_exact,gsm8k_copy
pairs_arith_v2.csv,8894,arithmetic,gsm8k_test_0994,train,remove,C1_transformed,lmsys_rephrase
pairs_arith_v2.csv,8895,arithmetic,gsm8k_test_0994,train,remove,C2_answer_bearing,gsm8k_solution_frag
pairs_arith_v2.csv,8896,arithmetic,gsm8k_test_0994,train,retain,H2_same_template,gsmplus_numerical_substitution
pairs_arith_v2.csv,8897,arithmetic,gsm8k_test_0994,train,remove,C1_transformed,gsmplus_problem_understanding
pairs_arith_v2.csv,8898,arithmetic,gsm8k_test_0994,train,retain,H2_same_template,gsmplus_critical_thinking
pairs_arith_v2.csv,8899,arithmetic,gsm8k_test_0994,train,retain,H1_same_topic,svamp
pairs_arith_v2.csv,8900,arithmetic,gsm8k_test_0994,train,retain,H3_predating,asdiv
pairs_arith_v2.csv,8901,arithmetic,gsm8k_test_0994,train,retain,R_random,truthfulqa
pairs_arith_v2.csv,8911,arithmetic,gsm8k_test_0996,train,remove,C0_exact,gsm8k_copy
pairs_arith_v2.csv,8912,arithmetic,gsm8k_test_0996,train,remove,C1_transformed,lmsys_rephrase
pairs_arith_v2.csv,8913,arithmetic,gsm8k_test_0996,train,remove,C2_answer_bearing,gsm8k_solution_frag
pairs_arith_v2.csv,8914,arithmetic,gsm8k_test_0996,train,remove,C1_transformed,gsmplus_problem_understanding
pairs_arith_v2.csv,8915,arithmetic,gsm8k_test_0996,train,retain,H2_same_template,gsmplus_critical_thinking
pairs_arith_v2.csv,8916,arithmetic,gsm8k_test_0996,train,retain,H1_same_topic,svamp
pairs_arith_v2.csv,8917,arithmetic,gsm8k_test_0996,train,retain,H3_predating,asdiv
pairs_arith_v2.csv,8918,arithmetic,gsm8k_test_0996,train,retain,R_random,truthfulqa
pairs_arith_v2.csv,8972,arithmetic,gsm8k_test_1003,train,remove,C0_exact,gsm8k_copy
pairs_arith_v2.csv,8973,arithmetic,gsm8k_test_1003,train,remove,C1_transformed,lmsys_rephrase
pairs_arith_v2.csv,8974,arithmetic,gsm8k_test_1003,train,remove,C2_answer_bearing,gsm8k_solution_frag
pairs_arith_v2.csv,8975,arithmetic,gsm8k_test_1003,train,retain,H2_same_template,gsmplus_numerical_substitution
pairs_arith_v2.csv,8976,arithmetic,gsm8k_test_1003,train,remove,C1_transformed,gsmplus_problem_understanding
pairs_arith_v2.csv,8977,arithmetic,gsm8k_test_1003,train,retain,H2_same_template,gsmplus_critical_thinking
pairs_arith_v2.csv,8978,arithmetic,gsm8k_test_1003,train,retain,H1_same_topic,svamp
pairs_arith_v2.csv,8979,arithmetic,gsm8k_test_1003,train,retain,H3_predating,asdiv
pairs_arith_v2.csv,8980,arithmetic,gsm8k_test_1003,train,retain,R_random,truthfulqa
pairs_arith_v2.csv,8981,arithmetic,gsm8k_test_1004,train,remove,C0_exact,gsm8k_copy
pairs_arith_v2.csv,8982,arithmetic,gsm8k_test_1004,train,remove,C1_transformed,lmsys_rephrase
pairs_arith_v2.csv,8983,arithmetic,gsm8k_test_1004,train,remove,C2_answer_bearing,gsm8k_solution_frag
pairs_arith_v2.csv,8984,arithmetic,gsm8k_test_1004,train,retain,H2_same_template,gsmplus_numerical_substitution
pairs_arith_v2.csv,8985,arithmetic,gsm8k_test_1004,train,remove,C1_transformed,gsmplus_problem_understanding
pairs_arith_v2.csv,8986,arithmetic,gsm8k_test_1004,train,retain,H2_same_template,gsmplus_critical_thinking
pairs_arith_v2.csv,8987,arithmetic,gsm8k_test_1004,train,retain,H1_same_topic,svamp
pairs_arith_v2.csv,8988,arithmetic,gsm8k_test_1004,train,retain,H3_predating,asdiv
pairs_arith_v2.csv,8989,arithmetic,gsm8k_test_1004,train,retain,R_random,truthfulqa
pairs_arith_v2.csv,8990,arithmetic,gsm8k_test_1005,train,remove,C0_exact,gsm8k_copy
pairs_arith_v2.csv,8991,arithmetic,gsm8k_test_1005,train,remove,C1_transformed,lmsys_rephrase
pairs_arith_v2.csv,8992,arithmetic,gsm8k_test_1005,train,remove,C2_answer_bearing,gsm8k_solution_frag
pairs_arith_v2.csv,8993,arithmetic,gsm8k_test_1005,train,retain,H2_same_template,gsmplus_numerical_substitution
pairs_arith_v2.csv,8994,arithmetic,gsm8k_test_1005,train,remove,C1_transformed,gsmplus_problem_understanding
pairs_arith_v2.csv,8995,arithmetic,gsm8k_test_1005,train,retain,H2_same_template,gsmplus_critical_thinking
pairs_arith_v2.csv,8996,arithmetic,gsm8k_test_1005,train,retain,H1_same_topic,svamp
pairs_arith_v2.csv,8997,arithmetic,gsm8k_test_1005,train,retain,H3_predating,asdiv
pairs_arith_v2.csv,8998,arithmetic,gsm8k_test_1005,train,retain,R_random,truthfulqa
pairs_arith_v2.csv,9017,arithmetic,gsm8k_test_1008,train,remove,C0_exact,gsm8k_copy
pairs_arith_v2.csv,9018,arithmetic,gsm8k_test_1008,train,remove,C1_transformed,lmsys_rephrase
pairs_arith_v2.csv,9019,arithmetic,gsm8k_test_1008,train,remove,C2_answer_bearing,gsm8k_solution_frag
pairs_arith_v2.csv,9020,arithmetic,gsm8k_test_1008,train,retain,H2_same_template,gsmplus_numerical_substitution
pairs_arith_v2.csv,9021,arithmetic,gsm8k_test_1008,train,remove,C1_transformed,gsmplus_problem_understanding
pairs_arith_v2.csv,9022,arithmetic,gsm8k_test_1008,train,retain,H2_same_template,gsmplus_critical_thinking
pairs_arith_v2.csv,9023,arithmetic,gsm8k_test_1008,train,retain,H1_same_topic,svamp
pairs_arith_v2.csv,9024,arithmetic,gsm8k_test_1008,train,retain,H3_predating,asdiv
pairs_arith_v2.csv,9025,arithmetic,gsm8k_test_1008,train,retain,R_random,truthfulqa
pairs_arith_v2.csv,9053,arithmetic,gsm8k_test_1012,train,remove,C0_exact,gsm8k_copy
pairs_arith_v2.csv,9054,arithmetic,gsm8k_test_1012,train,remove,C1_transformed,lmsys_rephrase
pairs_arith_v2.csv,9055,arithmetic,gsm8k_test_1012,train,remove,C2_answer_bearing,gsm8k_solution_frag
pairs_arith_v2.csv,9056,arithmetic,gsm8k_test_1012,train,retain,H2_same_template,gsmplus_numerical_substitution
pairs_arith_v2.csv,9057,arithmetic,gsm8k_test_1012,train,remove,C1_transformed,gsmplus_problem_understanding
pairs_arith_v2.csv,9058,arithmetic,gsm8k_test_1012,train,retain,H2_same_template,gsmplus_critical_thinking
pairs_arith_v2.csv,9059,arithmetic,gsm8k_test_1012,train,retain,H1_same_topic,svamp
pairs_arith_v2.csv,9060,arithmetic,gsm8k_test_1012,train,retain,H3_predating,asdiv
pairs_arith_v2.csv,9061,arithmetic,gsm8k_test_1012,train,retain,R_random,truthfulqa
pairs_arith_v2.csv,9089,arithmetic,gsm8k_test_1016,train,remove,C0_exact,gsm8k_copy
pairs_arith_v2.csv,9090,arithmetic,gsm8k_test_1016,train,remove,C1_transformed,lmsys_rephrase
pairs_arith_v2.csv,9091,arithmetic,gsm8k_test_1016,train,remove,C2_answer_bearing,gsm8k_solution_frag
pairs_arith_v2.csv,9092,arithmetic,gsm8k_test_1016,train,retain,H2_same_template,gsmplus_numerical_substitution
pairs_arith_v2.csv,9093,arithmetic,gsm8k_test_1016,train,remove,C1_transformed,gsmplus_problem_understanding
pairs_arith_v2.csv,9094,arithmetic,gsm8k_test_1016,train,retain,H2_same_template,gsmplus_critical_thinking
pairs_arith_v2.csv,9095,arithmetic,gsm8k_test_1016,train,retain,H1_same_topic,svamp
pairs_arith_v2.csv,9096,arithmetic,gsm8k_test_1016,train,retain,H3_predating,asdiv
pairs_arith_v2.csv,9097,arithmetic,gsm8k_test_1016,train,retain,R_random,truthfulqa
pairs_arith_v2.csv,9107,arithmetic,gsm8k_test_1018,train,remove,C0_exact,gsm8k_copy
pairs_arith_v2.csv,9108,arithmetic,gsm8k_test_1018,train,remove,C1_transformed,lmsys_rephrase
pairs_arith_v2.csv,9109,arithmetic,gsm8k_test_1018,train,remove,C2_answer_bearing,gsm8k_solution_frag
pairs_arith_v2.csv,9110,arithmetic,gsm8k_test_1018,train,retain,H2_same_template,gsmplus_numerical_substitution
pairs_arith_v2.csv,9111,arithmetic,gsm8k_test_1018,train,remove,C1_transformed,gsmplus_problem_understanding
pairs_arith_v2.csv,9112,arithmetic,gsm8k_test_1018,train,retain,H2_same_template,gsmplus_critical_thinking
pairs_arith_v2.csv,9113,arithmetic,gsm8k_test_1018,train,retain,H1_same_topic,svamp
pairs_arith_v2.csv,9114,arithmetic,gsm8k_test_1018,train,retain,H3_predating,asdiv
pairs_arith_v2.csv,9115,arithmetic,gsm8k_test_1018,train,retain,R_random,truthfulqa
pairs_arith_v2.csv,9134,arithmetic,gsm8k_test_1021,train,remove,C0_exact,gsm8k_copy
pairs_arith_v2.csv,9135,arithmetic,gsm8k_test_1021,train,remove,C1_transformed,lmsys_rephrase
pairs_arith_v2.csv,9136,arithmetic,gsm8k_test_1021,train,remove,C2_answer_bearing,gsm8k_solution_frag
pairs_arith_v2.csv,9137,arithmetic,gsm8k_test_1021,train,retain,H2_same_template,gsmplus_numerical_substitution
pairs_arith_v2.csv,9138,arithmetic,gsm8k_test_1021,train,remove,C1_transformed,gsmplus_problem_understanding
pairs_arith_v2.csv,9139,arithmetic,gsm8k_test_1021,train,retain,H2_same_template,gsmplus_critical_thinking
pairs_arith_v2.csv,9140,arithmetic,gsm8k_test_1021,train,retain,H1_same_topic,svamp
pairs_arith_v2.csv,9141,arithmetic,gsm8k_test_1021,train,retain,H3_predating,asdiv
pairs_arith_v2.csv,9142,arithmetic,gsm8k_test_1021,train,retain,R_random,truthfulqa
pairs_arith_v2.csv,9170,arithmetic,gsm8k_test_1025,train,remove,C0_exact,gsm8k_copy
pairs_arith_v2.csv,9171,arithmetic,gsm8k_test_1025,train,remove,C1_transformed,lmsys_rephrase
pairs_arith_v2.csv,9172,arithmetic,gsm8k_test_1025,train,remove,C2_answer_bearing,gsm8k_solution_frag
pairs_arith_v2.csv,9173,arithmetic,gsm8k_test_1025,train,retain,H2_same_template,gsmplus_numerical_substitution
pairs_arith_v2.csv,9174,arithmetic,gsm8k_test_1025,train,remove,C1_transformed,gsmplus_problem_understanding
pairs_arith_v2.csv,9175,arithmetic,gsm8k_test_1025,train,retain,H2_same_template,gsmplus_critical_thinking
pairs_arith_v2.csv,9176,arithmetic,gsm8k_test_1025,train,retain,H1_same_topic,svamp
pairs_arith_v2.csv,9177,arithmetic,gsm8k_test_1025,train,retain,H3_predating,asdiv
pairs_arith_v2.csv,9178,arithmetic,gsm8k_test_1025,train,retain,R_random,truthfulqa
pairs_arith_v2.csv,9215,arithmetic,gsm8k_test_1030,train,remove,C0_exact,gsm8k_copy
pairs_arith_v2.csv,9216,arithmetic,gsm8k_test_1030,train,remove,C1_transformed,lmsys_rephrase
pairs_arith_v2.csv,9217,arithmetic,gsm8k_test_1030,train,remove,C2_answer_bearing,gsm8k_solution_frag
pairs_arith_v2.csv,9218,arithmetic,gsm8k_test_1030,train,retain,H2_same_template,gsmplus_numerical_substitution
pairs_arith_v2.csv,9219,arithmetic,gsm8k_test_1030,train,remove,C1_transformed,gsmplus_problem_understanding
pairs_arith_v2.csv,9220,arithmetic,gsm8k_test_1030,train,retain,H2_same_template,gsmplus_critical_thinking
pairs_arith_v2.csv,9221,arithmetic,gsm8k_test_1030,train,retain,H1_same_topic,svamp
pairs_arith_v2.csv,9222,arithmetic,gsm8k_test_1030,train,retain,H3_predating,asdiv
pairs_arith_v2.csv,9223,arithmetic,gsm8k_test_1030,train,retain,R_random,truthfulqa
pairs_arith_v2.csv,9224,arithmetic,gsm8k_test_1031,train,remove,C0_exact,gsm8k_copy
pairs_arith_v2.csv,9225,arithmetic,gsm8k_test_1031,train,remove,C1_transformed,lmsys_rephrase
pairs_arith_v2.csv,9226,arithmetic,gsm8k_test_1031,train,remove,C2_answer_bearing,gsm8k_solution_frag
pairs_arith_v2.csv,9227,arithmetic,gsm8k_test_1031,train,retain,H2_same_template,gsmplus_numerical_substitution
pairs_arith_v2.csv,9228,arithmetic,gsm8k_test_1031,train,remove,C1_transformed,gsmplus_problem_understanding
pairs_arith_v2.csv,9229,arithmetic,gsm8k_test_1031,train,retain,H2_same_template,gsmplus_critical_thinking
pairs_arith_v2.csv,9230,arithmetic,gsm8k_test_1031,train,retain,H1_same_topic,svamp
pairs_arith_v2.csv,9231,arithmetic,gsm8k_test_1031,train,retain,H3_predating,asdiv
pairs_arith_v2.csv,9232,arithmetic,gsm8k_test_1031,train,retain,R_random,truthfulqa
pairs_arith_v2.csv,9233,arithmetic,gsm8k_test_1032,train,remove,C0_exact,gsm8k_copy
pairs_arith_v2.csv,9234,arithmetic,gsm8k_test_1032,train,remove,C1_transformed,lmsys_rephrase
pairs_arith_v2.csv,9235,arithmetic,gsm8k_test_1032,train,remove,C2_answer_bearing,gsm8k_solution_frag
pairs_arith_v2.csv,9236,arithmetic,gsm8k_test_1032,train,retain,H2_same_template,gsmplus_numerical_substitution
pairs_arith_v2.csv,9237,arithmetic,gsm8k_test_1032,train,remove,C1_transformed,gsmplus_problem_understanding
pairs_arith_v2.csv,9238,arithmetic,gsm8k_test_1032,train,retain,H2_same_template,gsmplus_critical_thinking
pairs_arith_v2.csv,9239,arithmetic,gsm8k_test_1032,train,retain,H1_same_topic,svamp
pairs_arith_v2.csv,9240,arithmetic,gsm8k_test_1032,train,retain,H3_predating,asdiv
pairs_arith_v2.csv,9241,arithmetic,gsm8k_test_1032,train,retain,R_random,truthfulqa
pairs_arith_v2.csv,9242,arithmetic,gsm8k_test_1033,train,remove,C0_exact,gsm8k_copy
pairs_arith_v2.csv,9243,arithmetic,gsm8k_test_1033,train,remove,C1_transformed,lmsys_rephrase
pairs_arith_v2.csv,9244,arithmetic,gsm8k_test_1033,train,remove,C2_answer_bearing,gsm8k_solution_frag
pairs_arith_v2.csv,9245,arithmetic,gsm8k_test_1033,train,retain,H2_same_template,gsmplus_numerical_substitution
pairs_arith_v2.csv,9246,arithmetic,gsm8k_test_1033,train,remove,C1_transformed,gsmplus_problem_understanding
pairs_arith_v2.csv,9247,arithmetic,gsm8k_test_1033,train,retain,H2_same_template,gsmplus_critical_thinking
pairs_arith_v2.csv,9248,arithmetic,gsm8k_test_1033,train,retain,H1_same_topic,svamp
pairs_arith_v2.csv,9249,arithmetic,gsm8k_test_1033,train,retain,H3_predating,asdiv
pairs_arith_v2.csv,9250,arithmetic,gsm8k_test_1033,train,retain,R_random,truthfulqa
pairs_arith_v2.csv,9251,arithmetic,gsm8k_test_1034,train,remove,C0_exact,gsm8k_copy
pairs_arith_v2.csv,9252,arithmetic,gsm8k_test_1034,train,remove,C1_transformed,lmsys_rephrase
pairs_arith_v2.csv,9253,arithmetic,gsm8k_test_1034,train,remove,C2_answer_bearing,gsm8k_solution_frag
pairs_arith_v2.csv,9254,arithmetic,gsm8k_test_1034,train,retain,H2_same_template,gsmplus_numerical_substitution
pairs_arith_v2.csv,9255,arithmetic,gsm8k_test_1034,train,remove,C1_transformed,gsmplus_problem_understanding
pairs_arith_v2.csv,9256,arithmetic,gsm8k_test_1034,train,retain,H2_same_template,gsmplus_critical_thinking
pairs_arith_v2.csv,9257,arithmetic,gsm8k_test_1034,train,retain,H1_same_topic,svamp
pairs_arith_v2.csv,9258,arithmetic,gsm8k_test_1034,train,retain,H3_predating,asdiv
pairs_arith_v2.csv,9259,arithmetic,gsm8k_test_1034,train,retain,R_random,truthfulqa
pairs_arith_v2.csv,9269,arithmetic,gsm8k_test_1036,train,remove,C0_exact,gsm8k_copy
pairs_arith_v2.csv,9270,arithmetic,gsm8k_test_1036,train,remove,C1_transformed,lmsys_rephrase
pairs_arith_v2.csv,9271,arithmetic,gsm8k_test_1036,train,remove,C2_answer_bearing,gsm8k_solution_frag
pairs_arith_v2.csv,9272,arithmetic,gsm8k_test_1036,train,retain,H2_same_template,gsmplus_numerical_substitution
pairs_arith_v2.csv,9273,arithmetic,gsm8k_test_1036,train,remove,C1_transformed,gsmplus_problem_understanding
pairs_arith_v2.csv,9274,arithmetic,gsm8k_test_1036,train,retain,H2_same_template,gsmplus_critical_thinking
pairs_arith_v2.csv,9275,arithmetic,gsm8k_test_1036,train,retain,H1_same_topic,svamp
pairs_arith_v2.csv,9276,arithmetic,gsm8k_test_1036,train,retain,H3_predating,asdiv
pairs_arith_v2.csv,9277,arithmetic,gsm8k_test_1036,train,retain,R_random,truthfulqa
pairs_arith_v2.csv,9278,arithmetic,gsm8k_test_1037,train,remove,C0_exact,gsm8k_copy
pairs_arith_v2.csv,9279,arithmetic,gsm8k_test_1037,train,remove,C1_transformed,lmsys_rephrase
pairs_arith_v2.csv,9280,arithmetic,gsm8k_test_1037,train,remove,C2_answer_bearing,gsm8k_solution_frag
pairs_arith_v2.csv,9281,arithmetic,gsm8k_test_1037,train,retain,H2_same_template,gsmplus_numerical_substitution
pairs_arith_v2.csv,9282,arithmetic,gsm8k_test_1037,train,remove,C1_transformed,gsmplus_problem_understanding
pairs_arith_v2.csv,9283,arithmetic,gsm8k_test_1037,train,retain,H2_same_template,gsmplus_critical_thinking
pairs_arith_v2.csv,9284,arithmetic,gsm8k_test_1037,train,retain,H1_same_topic,svamp
pairs_arith_v2.csv,9285,arithmetic,gsm8k_test_1037,train,retain,H3_predating,asdiv
pairs_arith_v2.csv,9286,arithmetic,gsm8k_test_1037,train,retain,R_random,truthfulqa
pairs_arith_v2.csv,9287,arithmetic,gsm8k_test_1038,train,remove,C0_exact,gsm8k_copy
pairs_arith_v2.csv,9288,arithmetic,gsm8k_test_1038,train,remove,C1_transformed,lmsys_rephrase
pairs_arith_v2.csv,9289,arithmetic,gsm8k_test_1038,train,remove,C2_answer_bearing,gsm8k_solution_frag
pairs_arith_v2.csv,9290,arithmetic,gsm8k_test_1038,train,retain,H2_same_template,gsmplus_numerical_substitution
pairs_arith_v2.csv,9291,arithmetic,gsm8k_test_1038,train,remove,C1_transformed,gsmplus_problem_understanding
pairs_arith_v2.csv,9292,arithmetic,gsm8k_test_1038,train,retain,H2_same_template,gsmplus_critical_thinking
pairs_arith_v2.csv,9293,arithmetic,gsm8k_test_1038,train,retain,H1_same_topic,svamp
pairs_arith_v2.csv,9294,arithmetic,gsm8k_test_1038,train,retain,H3_predating,asdiv
pairs_arith_v2.csv,9295,arithmetic,gsm8k_test_1038,train,retain,R_random,truthfulqa
pairs_arith_v2.csv,9296,arithmetic,gsm8k_test_1039,train,remove,C0_exact,gsm8k_copy
pairs_arith_v2.csv,9297,arithmetic,gsm8k_test_1039,train,remove,C1_transformed,lmsys_rephrase
pairs_arith_v2.csv,9298,arithmetic,gsm8k_test_1039,train,remove,C2_answer_bearing,gsm8k_solution_frag
pairs_arith_v2.csv,9299,arithmetic,gsm8k_test_1039,train,retain,H2_same_template,gsmplus_numerical_substitution
pairs_arith_v2.csv,9300,arithmetic,gsm8k_test_1039,train,remove,C1_transformed,gsmplus_problem_understanding
pairs_arith_v2.csv,9301,arithmetic,gsm8k_test_1039,train,retain,H2_same_template,gsmplus_critical_thinking
pairs_arith_v2.csv,9302,arithmetic,gsm8k_test_1039,train,retain,H1_same_topic,svamp
pairs_arith_v2.csv,9303,arithmetic,gsm8k_test_1039,train,retain,H3_predating,asdiv
pairs_arith_v2.csv,9304,arithmetic,gsm8k_test_1039,train,retain,R_random,truthfulqa
pairs_arith_v2.csv,9305,arithmetic,gsm8k_test_1040,train,remove,C0_exact,gsm8k_copy
pairs_arith_v2.csv,9306,arithmetic,gsm8k_test_1040,train,remove,C1_transformed,lmsys_rephrase
pairs_arith_v2.csv,9307,arithmetic,gsm8k_test_1040,train,remove,C2_answer_bearing,gsm8k_solution_frag
pairs_arith_v2.csv,9308,arithmetic,gsm8k_test_1040,train,retain,H2_same_template,gsmplus_numerical_substitution
pairs_arith_v2.csv,9309,arithmetic,gsm8k_test_1040,train,remove,C1_transformed,gsmplus_problem_understanding
pairs_arith_v2.csv,9310,arithmetic,gsm8k_test_1040,train,retain,H2_same_template,gsmplus_critical_thinking
pairs_arith_v2.csv,9311,arithmetic,gsm8k_test_1040,train,retain,H1_same_topic,svamp
pairs_arith_v2.csv,9312,arithmetic,gsm8k_test_1040,train,retain,H3_predating,asdiv
pairs_arith_v2.csv,9313,arithmetic,gsm8k_test_1040,train,retain,R_random,truthfulqa
pairs_arith_v2.csv,9332,arithmetic,gsm8k_test_1043,train,remove,C0_exact,gsm8k_copy
pairs_arith_v2.csv,9333,arithmetic,gsm8k_test_1043,train,remove,C1_transformed,lmsys_rephrase
pairs_arith_v2.csv,9334,arithmetic,gsm8k_test_1043,train,remove,C2_answer_bearing,gsm8k_solution_frag
pairs_arith_v2.csv,9335,arithmetic,gsm8k_test_1043,train,retain,H2_same_template,gsmplus_numerical_substitution
pairs_arith_v2.csv,9336,arithmetic,gsm8k_test_1043,train,remove,C1_transformed,gsmplus_problem_understanding
pairs_arith_v2.csv,9337,arithmetic,gsm8k_test_1043,train,retain,H2_same_template,gsmplus_critical_thinking
pairs_arith_v2.csv,9338,arithmetic,gsm8k_test_1043,train,retain,H1_same_topic,svamp
pairs_arith_v2.csv,9339,arithmetic,gsm8k_test_1043,train,retain,H3_predating,asdiv
pairs_arith_v2.csv,9340,arithmetic,gsm8k_test_1043,train,retain,R_random,truthfulqa
pairs_arith_v2.csv,9341,arithmetic,gsm8k_test_1044,train,remove,C0_exact,gsm8k_copy
pairs_arith_v2.csv,9342,arithmetic,gsm8k_test_1044,train,remove,C1_transformed,lmsys_rephrase
pairs_arith_v2.csv,9343,arithmetic,gsm8k_test_1044,train,remove,C2_answer_bearing,gsm8k_solution_frag
pairs_arith_v2.csv,9344,arithmetic,gsm8k_test_1044,train,remove,C1_transformed,gsmplus_problem_understanding
pairs_arith_v2.csv,9345,arithmetic,gsm8k_test_1044,train,retain,H2_same_template,gsmplus_critical_thinking
pairs_arith_v2.csv,9346,arithmetic,gsm8k_test_1044,train,retain,H1_same_topic,svamp
pairs_arith_v2.csv,9347,arithmetic,gsm8k_test_1044,train,retain,H3_predating,asdiv
pairs_arith_v2.csv,9348,arithmetic,gsm8k_test_1044,train,retain,R_random,truthfulqa
pairs_arith_v2.csv,9394,arithmetic,gsm8k_test_1050,train,remove,C0_exact,gsm8k_copy
pairs_arith_v2.csv,9395,arithmetic,gsm8k_test_1050,train,remove,C1_transformed,lmsys_rephrase
pairs_arith_v2.csv,9396,arithmetic,gsm8k_test_1050,train,remove,C2_answer_bearing,gsm8k_solution_frag
pairs_arith_v2.csv,9397,arithmetic,gsm8k_test_1050,train,retain,H2_same_template,gsmplus_numerical_substitution
pairs_arith_v2.csv,9398,arithmetic,gsm8k_test_1050,train,remove,C1_transformed,gsmplus_problem_understanding
pairs_arith_v2.csv,9399,arithmetic,gsm8k_test_1050,train,retain,H2_same_template,gsmplus_critical_thinking
pairs_arith_v2.csv,9400,arithmetic,gsm8k_test_1050,train,retain,H1_same_topic,svamp
pairs_arith_v2.csv,9401,arithmetic,gsm8k_test_1050,train,retain,H3_predating,asdiv
pairs_arith_v2.csv,9402,arithmetic,gsm8k_test_1050,train,retain,R_random,truthfulqa
pairs_arith_v2.csv,9403,arithmetic,gsm8k_test_1051,train,remove,C0_exact,gsm8k_copy
pairs_arith_v2.csv,9404,arithmetic,gsm8k_test_1051,train,remove,C1_transformed,lmsys_rephrase
pairs_arith_v2.csv,9405,arithmetic,gsm8k_test_1051,train,remove,C2_answer_bearing,gsm8k_solution_frag
pairs_arith_v2.csv,9406,arithmetic,gsm8k_test_1051,train,retain,H2_same_template,gsmplus_numerical_substitution
pairs_arith_v2.csv,9407,arithmetic,gsm8k_test_1051,train,remove,C1_transformed,gsmplus_problem_understanding
pairs_arith_v2.csv,9408,arithmetic,gsm8k_test_1051,train,retain,H2_same_template,gsmplus_critical_thinking
pairs_arith_v2.csv,9409,arithmetic,gsm8k_test_1051,train,retain,H1_same_topic,svamp
pairs_arith_v2.csv,9410,arithmetic,gsm8k_test_1051,train,retain,H3_predating,asdiv
pairs_arith_v2.csv,9411,arithmetic,gsm8k_test_1051,train,retain,R_random,truthfulqa
pairs_arith_v2.csv,9421,arithmetic,gsm8k_test_1053,train,remove,C0_exact,gsm8k_copy
pairs_arith_v2.csv,9422,arithmetic,gsm8k_test_1053,train,remove,C1_transformed,lmsys_rephrase
pairs_arith_v2.csv,9423,arithmetic,gsm8k_test_1053,train,remove,C2_answer_bearing,gsm8k_solution_frag
pairs_arith_v2.csv,9424,arithmetic,gsm8k_test_1053,train,retain,H2_same_template,gsmplus_numerical_substitution
pairs_arith_v2.csv,9425,arithmetic,gsm8k_test_1053,train,remove,C1_transformed,gsmplus_problem_understanding
pairs_arith_v2.csv,9426,arithmetic,gsm8k_test_1053,train,retain,H2_same_template,gsmplus_critical_thinking
pairs_arith_v2.csv,9427,arithmetic,gsm8k_test_1053,train,retain,H1_same_topic,svamp
pairs_arith_v2.csv,9428,arithmetic,gsm8k_test_1053,train,retain,H3_predating,asdiv
pairs_arith_v2.csv,9429,arithmetic,gsm8k_test_1053,train,retain,R_random,truthfulqa
pairs_arith_v2.csv,9430,arithmetic,gsm8k_test_1054,train,remove,C0_exact,gsm8k_copy
pairs_arith_v2.csv,9431,arithmetic,gsm8k_test_1054,train,remove,C1_transformed,lmsys_rephrase
pairs_arith_v2.csv,9432,arithmetic,gsm8k_test_1054,train,remove,C2_answer_bearing,gsm8k_solution_frag
pairs_arith_v2.csv,9433,arithmetic,gsm8k_test_1054,train,retain,H2_same_template,gsmplus_numerical_substitution
pairs_arith_v2.csv,9434,arithmetic,gsm8k_test_1054,train,remove,C1_transformed,gsmplus_problem_understanding
pairs_arith_v2.csv,9435,arithmetic,gsm8k_test_1054,train,retain,H2_same_template,gsmplus_critical_thinking
pairs_arith_v2.csv,9436,arithmetic,gsm8k_test_1054,train,retain,H1_same_topic,svamp
pairs_arith_v2.csv,9437,arithmetic,gsm8k_test_1054,train,retain,H3_predating,asdiv
pairs_arith_v2.csv,9438,arithmetic,gsm8k_test_1054,train,retain,R_random,truthfulqa
pairs_arith_v2.csv,9448,arithmetic,gsm8k_test_1056,train,remove,C0_exact,gsm8k_copy
pairs_arith_v2.csv,9449,arithmetic,gsm8k_test_1056,train,remove,C1_transformed,lmsys_rephrase
pairs_arith_v2.csv,9450,arithmetic,gsm8k_test_1056,train,remove,C2_answer_bearing,gsm8k_solution_frag
pairs_arith_v2.csv,9451,arithmetic,gsm8k_test_1056,train,remove,C1_transformed,gsmplus_problem_understanding
pairs_arith_v2.csv,9452,arithmetic,gsm8k_test_1056,train,retain,H2_same_template,gsmplus_critical_thinking
pairs_arith_v2.csv,9453,arithmetic,gsm8k_test_1056,train,retain,H1_same_topic,svamp
pairs_arith_v2.csv,9454,arithmetic,gsm8k_test_1056,train,retain,H3_predating,asdiv
pairs_arith_v2.csv,9455,arithmetic,gsm8k_test_1056,train,retain,R_random,truthfulqa
pairs_arith_v2.csv,9474,arithmetic,gsm8k_test_1059,train,remove,C0_exact,gsm8k_copy
pairs_arith_v2.csv,9475,arithmetic,gsm8k_test_1059,train,remove,C1_transformed,lmsys_rephrase
pairs_arith_v2.csv,9476,arithmetic,gsm8k_test_1059,train,remove,C2_answer_bearing,gsm8k_solution_frag
pairs_arith_v2.csv,9477,arithmetic,gsm8k_test_1059,train,remove,C1_transformed,gsmplus_problem_understanding
pairs_arith_v2.csv,9478,arithmetic,gsm8k_test_1059,train,retain,H2_same_template,gsmplus_critical_thinking
pairs_arith_v2.csv,9479,arithmetic,gsm8k_test_1059,train,retain,H1_same_topic,svamp
pairs_arith_v2.csv,9480,arithmetic,gsm8k_test_1059,train,retain,H3_predating,asdiv
pairs_arith_v2.csv,9481,arithmetic,gsm8k_test_1059,train,retain,R_random,truthfulqa
pairs_arith_v2.csv,9482,arithmetic,gsm8k_test_1060,train,remove,C0_exact,gsm8k_copy
pairs_arith_v2.csv,9483,arithmetic,gsm8k_test_1060,train,remove,C1_transformed,lmsys_rephrase
pairs_arith_v2.csv,9484,arithmetic,gsm8k_test_1060,train,remove,C2_answer_bearing,gsm8k_solution_frag
pairs_arith_v2.csv,9485,arithmetic,gsm8k_test_1060,train,retain,H2_same_template,gsmplus_numerical_substitution
pairs_arith_v2.csv,9486,arithmetic,gsm8k_test_1060,train,remove,C1_transformed,gsmplus_problem_understanding
pairs_arith_v2.csv,9487,arithmetic,gsm8k_test_1060,train,retain,H2_same_template,gsmplus_critical_thinking
pairs_arith_v2.csv,9488,arithmetic,gsm8k_test_1060,train,retain,H1_same_topic,svamp
pairs_arith_v2.csv,9489,arithmetic,gsm8k_test_1060,train,retain,H3_predating,asdiv
pairs_arith_v2.csv,9490,arithmetic,gsm8k_test_1060,train,retain,R_random,truthfulqa
pairs_arith_v2.csv,9554,arithmetic,gsm8k_test_1068,train,remove,C0_exact,gsm8k_copy
pairs_arith_v2.csv,9555,arithmetic,gsm8k_test_1068,train,remove,C1_transformed,lmsys_rephrase
pairs_arith_v2.csv,9556,arithmetic,gsm8k_test_1068,train,remove,C2_answer_bearing,gsm8k_solution_frag
pairs_arith_v2.csv,9557,arithmetic,gsm8k_test_1068,train,retain,H2_same_template,gsmplus_numerical_substitution
pairs_arith_v2.csv,9558,arithmetic,gsm8k_test_1068,train,remove,C1_transformed,gsmplus_problem_understanding
pairs_arith_v2.csv,9559,arithmetic,gsm8k_test_1068,train,retain,H2_same_template,gsmplus_critical_thinking
pairs_arith_v2.csv,9560,arithmetic,gsm8k_test_1068,train,retain,H1_same_topic,svamp
pairs_arith_v2.csv,9561,arithmetic,gsm8k_test_1068,train,retain,H3_predating,asdiv
pairs_arith_v2.csv,9562,arithmetic,gsm8k_test_1068,train,retain,R_random,truthfulqa
pairs_arith_v2.csv,9571,arithmetic,gsm8k_test_1070,train,remove,C0_exact,gsm8k_copy
pairs_arith_v2.csv,9572,arithmetic,gsm8k_test_1070,train,remove,C1_transformed,lmsys_rephrase
pairs_arith_v2.csv,9573,arithmetic,gsm8k_test_1070,train,remove,C2_answer_bearing,gsm8k_solution_frag
pairs_arith_v2.csv,9574,arithmetic,gsm8k_test_1070,train,retain,H2_same_template,gsmplus_numerical_substitution
pairs_arith_v2.csv,9575,arithmetic,gsm8k_test_1070,train,remove,C1_transformed,gsmplus_problem_understanding
pairs_arith_v2.csv,9576,arithmetic,gsm8k_test_1070,train,retain,H2_same_template,gsmplus_critical_thinking
pairs_arith_v2.csv,9577,arithmetic,gsm8k_test_1070,train,retain,H1_same_topic,svamp
pairs_arith_v2.csv,9578,arithmetic,gsm8k_test_1070,train,retain,H3_predating,asdiv
pairs_arith_v2.csv,9579,arithmetic,gsm8k_test_1070,train,retain,R_random,truthfulqa
pairs_arith_v2.csv,9598,arithmetic,gsm8k_test_1073,train,remove,C0_exact,gsm8k_copy
pairs_arith_v2.csv,9599,arithmetic,gsm8k_test_1073,train,remove,C1_transformed,lmsys_rephrase
pairs_arith_v2.csv,9600,arithmetic,gsm8k_test_1073,train,remove,C2_answer_bearing,gsm8k_solution_frag
pairs_arith_v2.csv,9601,arithmetic,gsm8k_test_1073,train,retain,H2_same_template,gsmplus_numerical_substitution
pairs_arith_v2.csv,9602,arithmetic,gsm8k_test_1073,train,remove,C1_transformed,gsmplus_problem_understanding
pairs_arith_v2.csv,9603,arithmetic,gsm8k_test_1073,train,retain,H2_same_template,gsmplus_critical_thinking
pairs_arith_v2.csv,9604,arithmetic,gsm8k_test_1073,train,retain,H1_same_topic,svamp
pairs_arith_v2.csv,9605,arithmetic,gsm8k_test_1073,train,retain,H3_predating,asdiv
pairs_arith_v2.csv,9606,arithmetic,gsm8k_test_1073,train,retain,R_random,truthfulqa
pairs_arith_v2.csv,9607,arithmetic,gsm8k_test_1074,train,remove,C0_exact,gsm8k_copy
pairs_arith_v2.csv,9608,arithmetic,gsm8k_test_1074,train,remove,C1_transformed,lmsys_rephrase
pairs_arith_v2.csv,9609,arithmetic,gsm8k_test_1074,train,remove,C2_answer_bearing,gsm8k_solution_frag
pairs_arith_v2.csv,9610,arithmetic,gsm8k_test_1074,train,retain,H2_same_template,gsmplus_numerical_substitution
pairs_arith_v2.csv,9611,arithmetic,gsm8k_test_1074,train,remove,C1_transformed,gsmplus_problem_understanding
pairs_arith_v2.csv,9612,arithmetic,gsm8k_test_1074,train,retain,H2_same_template,gsmplus_critical_thinking
pairs_arith_v2.csv,9613,arithmetic,gsm8k_test_1074,train,retain,H1_same_topic,svamp
pairs_arith_v2.csv,9614,arithmetic,gsm8k_test_1074,train,retain,H3_predating,asdiv
pairs_arith_v2.csv,9615,arithmetic,gsm8k_test_1074,train,retain,R_random,truthfulqa
pairs_arith_v2.csv,9670,arithmetic,gsm8k_test_1081,train,remove,C0_exact,gsm8k_copy
pairs_arith_v2.csv,9671,arithmetic,gsm8k_test_1081,train,remove,C1_transformed,lmsys_rephrase
pairs_arith_v2.csv,9672,arithmetic,gsm8k_test_1081,train,remove,C2_answer_bearing,gsm8k_solution_frag
pairs_arith_v2.csv,9673,arithmetic,gsm8k_test_1081,train,retain,H2_same_template,gsmplus_numerical_substitution
pairs_arith_v2.csv,9674,arithmetic,gsm8k_test_1081,train,remove,C1_transformed,gsmplus_problem_understanding
pairs_arith_v2.csv,9675,arithmetic,gsm8k_test_1081,train,retain,H2_same_template,gsmplus_critical_thinking
pairs_arith_v2.csv,9676,arithmetic,gsm8k_test_1081,train,retain,H1_same_topic,svamp
pairs_arith_v2.csv,9677,arithmetic,gsm8k_test_1081,train,retain,H3_predating,asdiv
pairs_arith_v2.csv,9678,arithmetic,gsm8k_test_1081,train,retain,R_random,truthfulqa
pairs_arith_v2.csv,9679,arithmetic,gsm8k_test_1082,train,remove,C0_exact,gsm8k_copy
pairs_arith_v2.csv,9680,arithmetic,gsm8k_test_1082,train,remove,C1_transformed,lmsys_rephrase
pairs_arith_v2.csv,9681,arithmetic,gsm8k_test_1082,train,remove,C2_answer_bearing,gsm8k_solution_frag
pairs_arith_v2.csv,9682,arithmetic,gsm8k_test_1082,train,retain,H2_same_template,gsmplus_numerical_substitution
pairs_arith_v2.csv,9683,arithmetic,gsm8k_test_1082,train,remove,C1_transformed,gsmplus_problem_understanding
pairs_arith_v2.csv,9684,arithmetic,gsm8k_test_1082,train,retain,H2_same_template,gsmplus_critical_thinking
pairs_arith_v2.csv,9685,arithmetic,gsm8k_test_1082,train,retain,H1_same_topic,svamp
pairs_arith_v2.csv,9686,arithmetic,gsm8k_test_1082,train,retain,H3_predating,asdiv
pairs_arith_v2.csv,9687,arithmetic,gsm8k_test_1082,train,retain,R_random,truthfulqa
pairs_arith_v2.csv,9715,arithmetic,gsm8k_test_1086,train,remove,C0_exact,gsm8k_copy
pairs_arith_v2.csv,9716,arithmetic,gsm8k_test_1086,train,remove,C1_transformed,lmsys_rephrase
pairs_arith_v2.csv,9717,arithmetic,gsm8k_test_1086,train,remove,C2_answer_bearing,gsm8k_solution_frag
pairs_arith_v2.csv,9718,arithmetic,gsm8k_test_1086,train,retain,H2_same_template,gsmplus_numerical_substitution
pairs_arith_v2.csv,9719,arithmetic,gsm8k_test_1086,train,remove,C1_transformed,gsmplus_problem_understanding
pairs_arith_v2.csv,9720,arithmetic,gsm8k_test_1086,train,retain,H2_same_template,gsmplus_critical_thinking
pairs_arith_v2.csv,9721,arithmetic,gsm8k_test_1086,train,retain,H1_same_topic,svamp
pairs_arith_v2.csv,9722,arithmetic,gsm8k_test_1086,train,retain,H3_predating,asdiv
pairs_arith_v2.csv,9723,arithmetic,gsm8k_test_1086,train,retain,R_random,truthfulqa
pairs_arith_v2.csv,9742,arithmetic,gsm8k_test_1089,train,remove,C0_exact,gsm8k_copy
pairs_arith_v2.csv,9743,arithmetic,gsm8k_test_1089,train,remove,C1_transformed,lmsys_rephrase
pairs_arith_v2.csv,9744,arithmetic,gsm8k_test_1089,train,remove,C2_answer_bearing,gsm8k_solution_frag
pairs_arith_v2.csv,9745,arithmetic,gsm8k_test_1089,train,retain,H2_same_template,gsmplus_numerical_substitution
pairs_arith_v2.csv,9746,arithmetic,gsm8k_test_1089,train,remove,C1_transformed,gsmplus_problem_understanding
pairs_arith_v2.csv,9747,arithmetic,gsm8k_test_1089,train,retain,H2_same_template,gsmplus_critical_thinking
pairs_arith_v2.csv,9748,arithmetic,gsm8k_test_1089,train,retain,H1_same_topic,svamp
pairs_arith_v2.csv,9749,arithmetic,gsm8k_test_1089,train,retain,H3_predating,asdiv
pairs_arith_v2.csv,9750,arithmetic,gsm8k_test_1089,train,retain,R_random,truthfulqa
pairs_arith_v2.csv,9751,arithmetic,gsm8k_test_1090,train,remove,C0_exact,gsm8k_copy
pairs_arith_v2.csv,9752,arithmetic,gsm8k_test_1090,train,remove,C1_transformed,lmsys_rephrase
pairs_arith_v2.csv,9753,arithmetic,gsm8k_test_1090,train,remove,C2_answer_bearing,gsm8k_solution_frag
pairs_arith_v2.csv,9754,arithmetic,gsm8k_test_1090,train,retain,H2_same_template,gsmplus_numerical_substitution
pairs_arith_v2.csv,9755,arithmetic,gsm8k_test_1090,train,remove,C1_transformed,gsmplus_problem_understanding
pairs_arith_v2.csv,9756,arithmetic,gsm8k_test_1090,train,retain,H2_same_template,gsmplus_critical_thinking
pairs_arith_v2.csv,9757,arithmetic,gsm8k_test_1090,train,retain,H1_same_topic,svamp
pairs_arith_v2.csv,9758,arithmetic,gsm8k_test_1090,train,retain,H3_predating,asdiv
pairs_arith_v2.csv,9759,arithmetic,gsm8k_test_1090,train,retain,R_random,truthfulqa
pairs_arith_v2.csv,9760,arithmetic,gsm8k_test_1091,train,remove,C0_exact,gsm8k_copy
pairs_arith_v2.csv,9761,arithmetic,gsm8k_test_1091,train,remove,C1_transformed,lmsys_rephrase
pairs_arith_v2.csv,9762,arithmetic,gsm8k_test_1091,train,remove,C2_answer_bearing,gsm8k_solution_frag
pairs_arith_v2.csv,9763,arithmetic,gsm8k_test_1091,train,retain,H2_same_template,gsmplus_numerical_substitution
pairs_arith_v2.csv,9764,arithmetic,gsm8k_test_1091,train,remove,C1_transformed,gsmplus_problem_understanding
pairs_arith_v2.csv,9765,arithmetic,gsm8k_test_1091,train,retain,H2_same_template,gsmplus_critical_thinking
pairs_arith_v2.csv,9766,arithmetic,gsm8k_test_1091,train,retain,H1_same_topic,svamp
pairs_arith_v2.csv,9767,arithmetic,gsm8k_test_1091,train,retain,H3_predating,asdiv
pairs_arith_v2.csv,9768,arithmetic,gsm8k_test_1091,train,retain,R_random,truthfulqa
pairs_arith_v2.csv,9796,arithmetic,gsm8k_test_1095,train,remove,C0_exact,gsm8k_copy
pairs_arith_v2.csv,9797,arithmetic,gsm8k_test_1095,train,remove,C1_transformed,lmsys_rephrase
pairs_arith_v2.csv,9798,arithmetic,gsm8k_test_1095,train,remove,C2_answer_bearing,gsm8k_solution_frag
pairs_arith_v2.csv,9799,arithmetic,gsm8k_test_1095,train,retain,H2_same_template,gsmplus_numerical_substitution
pairs_arith_v2.csv,9800,arithmetic,gsm8k_test_1095,train,remove,C1_transformed,gsmplus_problem_understanding
pairs_arith_v2.csv,9801,arithmetic,gsm8k_test_1095,train,retain,H2_same_template,gsmplus_critical_thinking
pairs_arith_v2.csv,9802,arithmetic,gsm8k_test_1095,train,retain,H1_same_topic,svamp
pairs_arith_v2.csv,9803,arithmetic,gsm8k_test_1095,train,retain,H3_predating,asdiv
pairs_arith_v2.csv,9804,arithmetic,gsm8k_test_1095,train,retain,R_random,truthfulqa
pairs_arith_v2.csv,9841,arithmetic,gsm8k_test_1100,train,remove,C0_exact,gsm8k_copy
pairs_arith_v2.csv,9842,arithmetic,gsm8k_test_1100,train,remove,C1_transformed,lmsys_rephrase
pairs_arith_v2.csv,9843,arithmetic,gsm8k_test_1100,train,remove,C2_answer_bearing,gsm8k_solution_frag
pairs_arith_v2.csv,9844,arithmetic,gsm8k_test_1100,train,retain,H2_same_template,gsmplus_numerical_substitution
pairs_arith_v2.csv,9845,arithmetic,gsm8k_test_1100,train,remove,C1_transformed,gsmplus_problem_understanding
pairs_arith_v2.csv,9846,arithmetic,gsm8k_test_1100,train,retain,H2_same_template,gsmplus_critical_thinking
pairs_arith_v2.csv,9847,arithmetic,gsm8k_test_1100,train,retain,H1_same_topic,svamp
pairs_arith_v2.csv,9848,arithmetic,gsm8k_test_1100,train,retain,H3_predating,asdiv
pairs_arith_v2.csv,9849,arithmetic,gsm8k_test_1100,train,retain,R_random,truthfulqa
pairs_arith_v2.csv,9850,arithmetic,gsm8k_test_1101,train,remove,C0_exact,gsm8k_copy
pairs_arith_v2.csv,9851,arithmetic,gsm8k_test_1101,train,remove,C1_transformed,lmsys_rephrase
pairs_arith_v2.csv,9852,arithmetic,gsm8k_test_1101,train,remove,C2_answer_bearing,gsm8k_solution_frag
pairs_arith_v2.csv,9853,arithmetic,gsm8k_test_1101,train,retain,H2_same_template,gsmplus_numerical_substitution
pairs_arith_v2.csv,9854,arithmetic,gsm8k_test_1101,train,remove,C1_transformed,gsmplus_problem_understanding
pairs_arith_v2.csv,9855,arithmetic,gsm8k_test_1101,train,retain,H2_same_template,gsmplus_critical_thinking
pairs_arith_v2.csv,9856,arithmetic,gsm8k_test_1101,train,retain,H1_same_topic,svamp
pairs_arith_v2.csv,9857,arithmetic,gsm8k_test_1101,train,retain,H3_predating,asdiv
pairs_arith_v2.csv,9858,arithmetic,gsm8k_test_1101,train,retain,R_random,truthfulqa
pairs_arith_v2.csv,9886,arithmetic,gsm8k_test_1105,train,remove,C0_exact,gsm8k_copy
pairs_arith_v2.csv,9887,arithmetic,gsm8k_test_1105,train,remove,C1_transformed,lmsys_rephrase
pairs_arith_v2.csv,9888,arithmetic,gsm8k_test_1105,train,remove,C2_answer_bearing,gsm8k_solution_frag
pairs_arith_v2.csv,9889,arithmetic,gsm8k_test_1105,train,retain,H2_same_template,gsmplus_numerical_substitution
pairs_arith_v2.csv,9890,arithmetic,gsm8k_test_1105,train,remove,C1_transformed,gsmplus_problem_understanding
pairs_arith_v2.csv,9891,arithmetic,gsm8k_test_1105,train,retain,H2_same_template,gsmplus_critical_thinking
pairs_arith_v2.csv,9892,arithmetic,gsm8k_test_1105,train,retain,H1_same_topic,svamp
pairs_arith_v2.csv,9893,arithmetic,gsm8k_test_1105,train,retain,H3_predating,asdiv
pairs_arith_v2.csv,9894,arithmetic,gsm8k_test_1105,train,retain,R_random,truthfulqa
pairs_arith_v2.csv,9913,arithmetic,gsm8k_test_1108,train,remove,C0_exact,gsm8k_copy
pairs_arith_v2.csv,9914,arithmetic,gsm8k_test_1108,train,remove,C1_transformed,lmsys_rephrase
pairs_arith_v2.csv,9915,arithmetic,gsm8k_test_1108,train,remove,C2_answer_bearing,gsm8k_solution_frag
pairs_arith_v2.csv,9916,arithmetic,gsm8k_test_1108,train,remove,C1_transformed,gsmplus_problem_understanding
pairs_arith_v2.csv,9917,arithmetic,gsm8k_test_1108,train,retain,H2_same_template,gsmplus_critical_thinking
pairs_arith_v2.csv,9918,arithmetic,gsm8k_test_1108,train,retain,H1_same_topic,svamp
pairs_arith_v2.csv,9919,arithmetic,gsm8k_test_1108,train,retain,H3_predating,asdiv
pairs_arith_v2.csv,9920,arithmetic,gsm8k_test_1108,train,retain,R_random,truthfulqa
pairs_arith_v2.csv,9930,arithmetic,gsm8k_test_1110,train,remove,C0_exact,gsm8k_copy
pairs_arith_v2.csv,9931,arithmetic,gsm8k_test_1110,train,remove,C1_transformed,lmsys_rephrase
pairs_arith_v2.csv,9932,arithmetic,gsm8k_test_1110,train,remove,C2_answer_bearing,gsm8k_solution_frag
pairs_arith_v2.csv,9933,arithmetic,gsm8k_test_1110,train,retain,H2_same_template,gsmplus_numerical_substitution
pairs_arith_v2.csv,9934,arithmetic,gsm8k_test_1110,train,remove,C1_transformed,gsmplus_problem_understanding
pairs_arith_v2.csv,9935,arithmetic,gsm8k_test_1110,train,retain,H2_same_template,gsmplus_critical_thinking
pairs_arith_v2.csv,9936,arithmetic,gsm8k_test_1110,train,retain,H1_same_topic,svamp
pairs_arith_v2.csv,9937,arithmetic,gsm8k_test_1110,train,retain,H3_predating,asdiv
pairs_arith_v2.csv,9938,arithmetic,gsm8k_test_1110,train,retain,R_random,truthfulqa
pairs_arith_v2.csv,9939,arithmetic,gsm8k_test_1111,train,remove,C0_exact,gsm8k_copy
pairs_arith_v2.csv,9940,arithmetic,gsm8k_test_1111,train,remove,C1_transformed,lmsys_rephrase
pairs_arith_v2.csv,9941,arithmetic,gsm8k_test_1111,train,remove,C2_answer_bearing,gsm8k_solution_frag
pairs_arith_v2.csv,9942,arithmetic,gsm8k_test_1111,train,retain,H2_same_template,gsmplus_numerical_substitution
pairs_arith_v2.csv,9943,arithmetic,gsm8k_test_1111,train,remove,C1_transformed,gsmplus_problem_understanding
pairs_arith_v2.csv,9944,arithmetic,gsm8k_test_1111,train,retain,H2_same_template,gsmplus_critical_thinking
pairs_arith_v2.csv,9945,arithmetic,gsm8k_test_1111,train,retain,H1_same_topic,svamp
pairs_arith_v2.csv,9946,arithmetic,gsm8k_test_1111,train,retain,H3_predating,asdiv
pairs_arith_v2.csv,9947,arithmetic,gsm8k_test_1111,train,retain,R_random,truthfulqa
pairs_arith_v2.csv,9948,arithmetic,gsm8k_test_1112,train,remove,C0_exact,gsm8k_copy
pairs_arith_v2.csv,9949,arithmetic,gsm8k_test_1112,train,remove,C1_transformed,lmsys_rephrase
pairs_arith_v2.csv,9950,arithmetic,gsm8k_test_1112,train,remove,C2_answer_bearing,gsm8k_solution_frag
pairs_arith_v2.csv,9951,arithmetic,gsm8k_test_1112,train,retain,H2_same_template,gsmplus_numerical_substitution
pairs_arith_v2.csv,9952,arithmetic,gsm8k_test_1112,train,remove,C1_transformed,gsmplus_problem_understanding
pairs_arith_v2.csv,9953,arithmetic,gsm8k_test_1112,train,retain,H2_same_template,gsmplus_critical_thinking
pairs_arith_v2.csv,9954,arithmetic,gsm8k_test_1112,train,retain,H1_same_topic,svamp
pairs_arith_v2.csv,9955,arithmetic,gsm8k_test_1112,train,retain,H3_predating,asdiv
pairs_arith_v2.csv,9956,arithmetic,gsm8k_test_1112,train,retain,R_random,truthfulqa
pairs_arith_v2.csv,9993,arithmetic,gsm8k_test_1117,train,remove,C0_exact,gsm8k_copy
pairs_arith_v2.csv,9994,arithmetic,gsm8k_test_1117,train,remove,C1_transformed,lmsys_rephrase
pairs_arith_v2.csv,9995,arithmetic,gsm8k_test_1117,train,remove,C2_answer_bearing,gsm8k_solution_frag
pairs_arith_v2.csv,9996,arithmetic,gsm8k_test_1117,train,retain,H2_same_template,gsmplus_numerical_substitution
pairs_arith_v2.csv,9997,arithmetic,gsm8k_test_1117,train,remove,C1_transformed,gsmplus_problem_understanding
pairs_arith_v2.csv,9998,arithmetic,gsm8k_test_1117,train,retain,H2_same_template,gsmplus_critical_thinking
pairs_arith_v2.csv,9999,arithmetic,gsm8k_test_1117,train,retain,H1_same_topic,svamp
pairs_arith_v2.csv,10000,arithmetic,gsm8k_test_1117,train,retain,H3_predating,asdiv
pairs_arith_v2.csv,10001,arithmetic,gsm8k_test_1117,train,retain,R_random,truthfulqa
pairs_arith_v2.csv,10108,arithmetic,gsm8k_test_1130,train,remove,C0_exact,gsm8k_copy
pairs_arith_v2.csv,10109,arithmetic,gsm8k_test_1130,train,remove,C1_transformed,lmsys_rephrase
pairs_arith_v2.csv,10110,arithmetic,gsm8k_test_1130,train,remove,C2_answer_bearing,gsm8k_solution_frag
pairs_arith_v2.csv,10111,arithmetic,gsm8k_test_1130,train,retain,H2_same_template,gsmplus_numerical_substitution
pairs_arith_v2.csv,10112,arithmetic,gsm8k_test_1130,train,remove,C1_transformed,gsmplus_problem_understanding
pairs_arith_v2.csv,10113,arithmetic,gsm8k_test_1130,train,retain,H2_same_template,gsmplus_critical_thinking
pairs_arith_v2.csv,10114,arithmetic,gsm8k_test_1130,train,retain,H1_same_topic,svamp
pairs_arith_v2.csv,10115,arithmetic,gsm8k_test_1130,train,retain,H3_predating,asdiv
pairs_arith_v2.csv,10116,arithmetic,gsm8k_test_1130,train,retain,R_random,truthfulqa
pairs_arith_v2.csv,10126,arithmetic,gsm8k_test_1132,train,remove,C0_exact,gsm8k_copy
pairs_arith_v2.csv,10127,arithmetic,gsm8k_test_1132,train,remove,C1_transformed,lmsys_rephrase
pairs_arith_v2.csv,10128,arithmetic,gsm8k_test_1132,train,remove,C2_answer_bearing,gsm8k_solution_frag
pairs_arith_v2.csv,10129,arithmetic,gsm8k_test_1132,train,retain,H2_same_template,gsmplus_numerical_substitution
pairs_arith_v2.csv,10130,arithmetic,gsm8k_test_1132,train,remove,C1_transformed,gsmplus_problem_understanding
pairs_arith_v2.csv,10131,arithmetic,gsm8k_test_1132,train,retain,H2_same_template,gsmplus_critical_thinking
pairs_arith_v2.csv,10132,arithmetic,gsm8k_test_1132,train,retain,H1_same_topic,svamp
pairs_arith_v2.csv,10133,arithmetic,gsm8k_test_1132,train,retain,H3_predating,asdiv
pairs_arith_v2.csv,10134,arithmetic,gsm8k_test_1132,train,retain,R_random,truthfulqa
pairs_arith_v2.csv,10135,arithmetic,gsm8k_test_1133,train,remove,C0_exact,gsm8k_copy
pairs_arith_v2.csv,10136,arithmetic,gsm8k_test_1133,train,remove,C1_transformed,lmsys_rephrase
pairs_arith_v2.csv,10137,arithmetic,gsm8k_test_1133,train,remove,C2_answer_bearing,gsm8k_solution_frag
pairs_arith_v2.csv,10138,arithmetic,gsm8k_test_1133,train,retain,H2_same_template,gsmplus_numerical_substitution
pairs_arith_v2.csv,10139,arithmetic,gsm8k_test_1133,train,remove,C1_transformed,gsmplus_problem_understanding
pairs_arith_v2.csv,10140,arithmetic,gsm8k_test_1133,train,retain,H2_same_template,gsmplus_critical_thinking
pairs_arith_v2.csv,10141,arithmetic,gsm8k_test_1133,train,retain,H1_same_topic,svamp
pairs_arith_v2.csv,10142,arithmetic,gsm8k_test_1133,train,retain,H3_predating,asdiv
pairs_arith_v2.csv,10143,arithmetic,gsm8k_test_1133,train,retain,R_random,truthfulqa
pairs_arith_v2.csv,10153,arithmetic,gsm8k_test_1135,train,remove,C0_exact,gsm8k_copy
pairs_arith_v2.csv,10154,arithmetic,gsm8k_test_1135,train,remove,C1_transformed,lmsys_rephrase
pairs_arith_v2.csv,10155,arithmetic,gsm8k_test_1135,train,remove,C2_answer_bearing,gsm8k_solution_frag
pairs_arith_v2.csv,10156,arithmetic,gsm8k_test_1135,train,retain,H2_same_template,gsmplus_numerical_substitution
pairs_arith_v2.csv,10157,arithmetic,gsm8k_test_1135,train,remove,C1_transformed,gsmplus_problem_understanding
pairs_arith_v2.csv,10158,arithmetic,gsm8k_test_1135,train,retain,H2_same_template,gsmplus_critical_thinking
pairs_arith_v2.csv,10159,arithmetic,gsm8k_test_1135,train,retain,H1_same_topic,svamp
pairs_arith_v2.csv,10160,arithmetic,gsm8k_test_1135,train,retain,H3_predating,asdiv
pairs_arith_v2.csv,10161,arithmetic,gsm8k_test_1135,train,retain,R_random,truthfulqa
pairs_arith_v2.csv,10180,arithmetic,gsm8k_test_1138,train,remove,C0_exact,gsm8k_copy
pairs_arith_v2.csv,10181,arithmetic,gsm8k_test_1138,train,remove,C1_transformed,lmsys_rephrase
pairs_arith_v2.csv,10182,arithmetic,gsm8k_test_1138,train,remove,C2_answer_bearing,gsm8k_solution_frag
pairs_arith_v2.csv,10183,arithmetic,gsm8k_test_1138,train,retain,H2_same_template,gsmplus_numerical_substitution
pairs_arith_v2.csv,10184,arithmetic,gsm8k_test_1138,train,remove,C1_transformed,gsmplus_problem_understanding
pairs_arith_v2.csv,10185,arithmetic,gsm8k_test_1138,train,retain,H2_same_template,gsmplus_critical_thinking
pairs_arith_v2.csv,10186,arithmetic,gsm8k_test_1138,train,retain,H1_same_topic,svamp
pairs_arith_v2.csv,10187,arithmetic,gsm8k_test_1138,train,retain,H3_predating,asdiv
pairs_arith_v2.csv,10188,arithmetic,gsm8k_test_1138,train,retain,R_random,truthfulqa
pairs_arith_v2.csv,10216,arithmetic,gsm8k_test_1142,train,remove,C0_exact,gsm8k_copy
pairs_arith_v2.csv,10217,arithmetic,gsm8k_test_1142,train,remove,C1_transformed,lmsys_rephrase
pairs_arith_v2.csv,10218,arithmetic,gsm8k_test_1142,train,remove,C2_answer_bearing,gsm8k_solution_frag
pairs_arith_v2.csv,10219,arithmetic,gsm8k_test_1142,train,retain,H2_same_template,gsmplus_numerical_substitution
pairs_arith_v2.csv,10220,arithmetic,gsm8k_test_1142,train,remove,C1_transformed,gsmplus_problem_understanding
pairs_arith_v2.csv,10221,arithmetic,gsm8k_test_1142,train,retain,H2_same_template,gsmplus_critical_thinking
pairs_arith_v2.csv,10222,arithmetic,gsm8k_test_1142,train,retain,H1_same_topic,svamp
pairs_arith_v2.csv,10223,arithmetic,gsm8k_test_1142,train,retain,H3_predating,asdiv
pairs_arith_v2.csv,10224,arithmetic,gsm8k_test_1142,train,retain,R_random,truthfulqa
pairs_arith_v2.csv,10225,arithmetic,gsm8k_test_1143,train,remove,C0_exact,gsm8k_copy
pairs_arith_v2.csv,10226,arithmetic,gsm8k_test_1143,train,remove,C1_transformed,lmsys_rephrase
pairs_arith_v2.csv,10227,arithmetic,gsm8k_test_1143,train,remove,C2_answer_bearing,gsm8k_solution_frag
pairs_arith_v2.csv,10228,arithmetic,gsm8k_test_1143,train,retain,H2_same_template,gsmplus_numerical_substitution
pairs_arith_v2.csv,10229,arithmetic,gsm8k_test_1143,train,remove,C1_transformed,gsmplus_problem_understanding
pairs_arith_v2.csv,10230,arithmetic,gsm8k_test_1143,train,retain,H2_same_template,gsmplus_critical_thinking
pairs_arith_v2.csv,10231,arithmetic,gsm8k_test_1143,train,retain,H1_same_topic,svamp
pairs_arith_v2.csv,10232,arithmetic,gsm8k_test_1143,train,retain,H3_predating,asdiv
pairs_arith_v2.csv,10233,arithmetic,gsm8k_test_1143,train,retain,R_random,truthfulqa
pairs_arith_v2.csv,10243,arithmetic,gsm8k_test_1145,train,remove,C0_exact,gsm8k_copy
pairs_arith_v2.csv,10244,arithmetic,gsm8k_test_1145,train,remove,C1_transformed,lmsys_rephrase
pairs_arith_v2.csv,10245,arithmetic,gsm8k_test_1145,train,remove,C2_answer_bearing,gsm8k_solution_frag
pairs_arith_v2.csv,10246,arithmetic,gsm8k_test_1145,train,retain,H2_same_template,gsmplus_numerical_substitution
pairs_arith_v2.csv,10247,arithmetic,gsm8k_test_1145,train,remove,C1_transformed,gsmplus_problem_understanding
pairs_arith_v2.csv,10248,arithmetic,gsm8k_test_1145,train,retain,H2_same_template,gsmplus_critical_thinking
pairs_arith_v2.csv,10249,arithmetic,gsm8k_test_1145,train,retain,H1_same_topic,svamp
pairs_arith_v2.csv,10250,arithmetic,gsm8k_test_1145,train,retain,H3_predating,asdiv
pairs_arith_v2.csv,10251,arithmetic,gsm8k_test_1145,train,retain,R_random,truthfulqa
pairs_arith_v2.csv,10322,arithmetic,gsm8k_test_1154,train,remove,C0_exact,gsm8k_copy
pairs_arith_v2.csv,10323,arithmetic,gsm8k_test_1154,train,remove,C1_transformed,lmsys_rephrase
pairs_arith_v2.csv,10324,arithmetic,gsm8k_test_1154,train,remove,C2_answer_bearing,gsm8k_solution_frag
pairs_arith_v2.csv,10325,arithmetic,gsm8k_test_1154,train,retain,H2_same_template,gsmplus_numerical_substitution
pairs_arith_v2.csv,10326,arithmetic,gsm8k_test_1154,train,remove,C1_transformed,gsmplus_problem_understanding
pairs_arith_v2.csv,10327,arithmetic,gsm8k_test_1154,train,retain,H2_same_template,gsmplus_critical_thinking
pairs_arith_v2.csv,10328,arithmetic,gsm8k_test_1154,train,retain,H1_same_topic,svamp
pairs_arith_v2.csv,10329,arithmetic,gsm8k_test_1154,train,retain,H3_predating,asdiv
pairs_arith_v2.csv,10330,arithmetic,gsm8k_test_1154,train,retain,R_random,truthfulqa
pairs_arith_v2.csv,10331,arithmetic,gsm8k_test_1155,train,remove,C0_exact,gsm8k_copy
pairs_arith_v2.csv,10332,arithmetic,gsm8k_test_1155,train,remove,C1_transformed,lmsys_rephrase
pairs_arith_v2.csv,10333,arithmetic,gsm8k_test_1155,train,remove,C2_answer_bearing,gsm8k_solution_frag
pairs_arith_v2.csv,10334,arithmetic,gsm8k_test_1155,train,retain,H2_same_template,gsmplus_numerical_substitution
pairs_arith_v2.csv,10335,arithmetic,gsm8k_test_1155,train,remove,C1_transformed,gsmplus_problem_understanding
pairs_arith_v2.csv,10336,arithmetic,gsm8k_test_1155,train,retain,H2_same_template,gsmplus_critical_thinking
pairs_arith_v2.csv,10337,arithmetic,gsm8k_test_1155,train,retain,H1_same_topic,svamp
pairs_arith_v2.csv,10338,arithmetic,gsm8k_test_1155,train,retain,H3_predating,asdiv
pairs_arith_v2.csv,10339,arithmetic,gsm8k_test_1155,train,retain,R_random,truthfulqa
pairs_arith_v2.csv,10358,arithmetic,gsm8k_test_1158,train,remove,C0_exact,gsm8k_copy
pairs_arith_v2.csv,10359,arithmetic,gsm8k_test_1158,train,remove,C1_transformed,lmsys_rephrase
pairs_arith_v2.csv,10360,arithmetic,gsm8k_test_1158,train,remove,C2_answer_bearing,gsm8k_solution_frag
pairs_arith_v2.csv,10361,arithmetic,gsm8k_test_1158,train,retain,H2_same_template,gsmplus_numerical_substitution
pairs_arith_v2.csv,10362,arithmetic,gsm8k_test_1158,train,remove,C1_transformed,gsmplus_problem_understanding
pairs_arith_v2.csv,10363,arithmetic,gsm8k_test_1158,train,retain,H2_same_template,gsmplus_critical_thinking
pairs_arith_v2.csv,10364,arithmetic,gsm8k_test_1158,train,retain,H1_same_topic,svamp
pairs_arith_v2.csv,10365,arithmetic,gsm8k_test_1158,train,retain,H3_predating,asdiv
pairs_arith_v2.csv,10366,arithmetic,gsm8k_test_1158,train,retain,R_random,truthfulqa
pairs_arith_v2.csv,10367,arithmetic,gsm8k_test_1159,train,remove,C0_exact,gsm8k_copy
pairs_arith_v2.csv,10368,arithmetic,gsm8k_test_1159,train,remove,C1_transformed,lmsys_rephrase
pairs_arith_v2.csv,10369,arithmetic,gsm8k_test_1159,train,remove,C2_answer_bearing,gsm8k_solution_frag
pairs_arith_v2.csv,10370,arithmetic,gsm8k_test_1159,train,remove,C1_transformed,gsmplus_problem_understanding
pairs_arith_v2.csv,10371,arithmetic,gsm8k_test_1159,train,retain,H2_same_template,gsmplus_critical_thinking
pairs_arith_v2.csv,10372,arithmetic,gsm8k_test_1159,train,retain,H1_same_topic,svamp
pairs_arith_v2.csv,10373,arithmetic,gsm8k_test_1159,train,retain,H3_predating,asdiv
pairs_arith_v2.csv,10374,arithmetic,gsm8k_test_1159,train,retain,R_random,truthfulqa
pairs_arith_v2.csv,10384,arithmetic,gsm8k_test_1161,train,remove,C0_exact,gsm8k_copy
pairs_arith_v2.csv,10385,arithmetic,gsm8k_test_1161,train,remove,C1_transformed,lmsys_rephrase
pairs_arith_v2.csv,10386,arithmetic,gsm8k_test_1161,train,remove,C2_answer_bearing,gsm8k_solution_frag
pairs_arith_v2.csv,10387,arithmetic,gsm8k_test_1161,train,retain,H2_same_template,gsmplus_numerical_substitution
pairs_arith_v2.csv,10388,arithmetic,gsm8k_test_1161,train,remove,C1_transformed,gsmplus_problem_understanding
pairs_arith_v2.csv,10389,arithmetic,gsm8k_test_1161,train,retain,H2_same_template,gsmplus_critical_thinking
pairs_arith_v2.csv,10390,arithmetic,gsm8k_test_1161,train,retain,H1_same_topic,svamp
pairs_arith_v2.csv,10391,arithmetic,gsm8k_test_1161,train,retain,H3_predating,asdiv
pairs_arith_v2.csv,10392,arithmetic,gsm8k_test_1161,train,retain,R_random,truthfulqa
pairs_arith_v2.csv,10393,arithmetic,gsm8k_test_1162,train,remove,C0_exact,gsm8k_copy
pairs_arith_v2.csv,10394,arithmetic,gsm8k_test_1162,train,remove,C1_transformed,lmsys_rephrase
pairs_arith_v2.csv,10395,arithmetic,gsm8k_test_1162,train,remove,C2_answer_bearing,gsm8k_solution_frag
pairs_arith_v2.csv,10396,arithmetic,gsm8k_test_1162,train,retain,H2_same_template,gsmplus_numerical_substitution
pairs_arith_v2.csv,10397,arithmetic,gsm8k_test_1162,train,remove,C1_transformed,gsmplus_problem_understanding
pairs_arith_v2.csv,10398,arithmetic,gsm8k_test_1162,train,retain,H2_same_template,gsmplus_critical_thinking
pairs_arith_v2.csv,10399,arithmetic,gsm8k_test_1162,train,retain,H1_same_topic,svamp
pairs_arith_v2.csv,10400,arithmetic,gsm8k_test_1162,train,retain,H3_predating,asdiv
pairs_arith_v2.csv,10401,arithmetic,gsm8k_test_1162,train,retain,R_random,truthfulqa
pairs_arith_v2.csv,10447,arithmetic,gsm8k_test_1168,train,remove,C0_exact,gsm8k_copy
pairs_arith_v2.csv,10448,arithmetic,gsm8k_test_1168,train,remove,C1_transformed,lmsys_rephrase
pairs_arith_v2.csv,10449,arithmetic,gsm8k_test_1168,train,remove,C2_answer_bearing,gsm8k_solution_frag
pairs_arith_v2.csv,10450,arithmetic,gsm8k_test_1168,train,retain,H2_same_template,gsmplus_numerical_substitution
pairs_arith_v2.csv,10451,arithmetic,gsm8k_test_1168,train,remove,C1_transformed,gsmplus_problem_understanding
pairs_arith_v2.csv,10452,arithmetic,gsm8k_test_1168,train,retain,H2_same_template,gsmplus_critical_thinking
pairs_arith_v2.csv,10453,arithmetic,gsm8k_test_1168,train,retain,H1_same_topic,svamp
pairs_arith_v2.csv,10454,arithmetic,gsm8k_test_1168,train,retain,H3_predating,asdiv
pairs_arith_v2.csv,10455,arithmetic,gsm8k_test_1168,train,retain,R_random,truthfulqa
pairs_arith_v2.csv,10492,arithmetic,gsm8k_test_1173,train,remove,C0_exact,gsm8k_copy
pairs_arith_v2.csv,10493,arithmetic,gsm8k_test_1173,train,remove,C1_transformed,lmsys_rephrase
pairs_arith_v2.csv,10494,arithmetic,gsm8k_test_1173,train,remove,C2_answer_bearing,gsm8k_solution_frag
pairs_arith_v2.csv,10495,arithmetic,gsm8k_test_1173,train,retain,H2_same_template,gsmplus_numerical_substitution
pairs_arith_v2.csv,10496,arithmetic,gsm8k_test_1173,train,remove,C1_transformed,gsmplus_problem_understanding
pairs_arith_v2.csv,10497,arithmetic,gsm8k_test_1173,train,retain,H2_same_template,gsmplus_critical_thinking
pairs_arith_v2.csv,10498,arithmetic,gsm8k_test_1173,train,retain,H1_same_topic,svamp
pairs_arith_v2.csv,10499,arithmetic,gsm8k_test_1173,train,retain,H3_predating,asdiv
pairs_arith_v2.csv,10500,arithmetic,gsm8k_test_1173,train,retain,R_random,truthfulqa
pairs_arith_v2.csv,10537,arithmetic,gsm8k_test_1178,train,remove,C0_exact,gsm8k_copy
pairs_arith_v2.csv,10538,arithmetic,gsm8k_test_1178,train,remove,C1_transformed,lmsys_rephrase
pairs_arith_v2.csv,10539,arithmetic,gsm8k_test_1178,train,remove,C2_answer_bearing,gsm8k_solution_frag
pairs_arith_v2.csv,10540,arithmetic,gsm8k_test_1178,train,remove,C1_transformed,gsmplus_problem_understanding
pairs_arith_v2.csv,10541,arithmetic,gsm8k_test_1178,train,retain,H2_same_template,gsmplus_critical_thinking
pairs_arith_v2.csv,10542,arithmetic,gsm8k_test_1178,train,retain,H1_same_topic,svamp
pairs_arith_v2.csv,10543,arithmetic,gsm8k_test_1178,train,retain,H3_predating,asdiv
pairs_arith_v2.csv,10544,arithmetic,gsm8k_test_1178,train,retain,R_random,truthfulqa
pairs_arith_v2.csv,10562,arithmetic,gsm8k_test_1181,train,remove,C0_exact,gsm8k_copy
pairs_arith_v2.csv,10563,arithmetic,gsm8k_test_1181,train,remove,C1_transformed,lmsys_rephrase
pairs_arith_v2.csv,10564,arithmetic,gsm8k_test_1181,train,remove,C2_answer_bearing,gsm8k_solution_frag
pairs_arith_v2.csv,10565,arithmetic,gsm8k_test_1181,train,retain,H2_same_template,gsmplus_numerical_substitution
pairs_arith_v2.csv,10566,arithmetic,gsm8k_test_1181,train,remove,C1_transformed,gsmplus_problem_understanding
pairs_arith_v2.csv,10567,arithmetic,gsm8k_test_1181,train,retain,H2_same_template,gsmplus_critical_thinking
pairs_arith_v2.csv,10568,arithmetic,gsm8k_test_1181,train,retain,H1_same_topic,svamp
pairs_arith_v2.csv,10569,arithmetic,gsm8k_test_1181,train,retain,H3_predating,asdiv
pairs_arith_v2.csv,10570,arithmetic,gsm8k_test_1181,train,retain,R_random,truthfulqa
pairs_arith_v2.csv,10571,arithmetic,gsm8k_test_1182,train,remove,C0_exact,gsm8k_copy
pairs_arith_v2.csv,10572,arithmetic,gsm8k_test_1182,train,remove,C1_transformed,lmsys_rephrase
pairs_arith_v2.csv,10573,arithmetic,gsm8k_test_1182,train,remove,C2_answer_bearing,gsm8k_solution_frag
pairs_arith_v2.csv,10574,arithmetic,gsm8k_test_1182,train,remove,C1_transformed,gsmplus_problem_understanding
pairs_arith_v2.csv,10575,arithmetic,gsm8k_test_1182,train,retain,H2_same_template,gsmplus_critical_thinking
pairs_arith_v2.csv,10576,arithmetic,gsm8k_test_1182,train,retain,H1_same_topic,svamp
pairs_arith_v2.csv,10577,arithmetic,gsm8k_test_1182,train,retain,H3_predating,asdiv
pairs_arith_v2.csv,10578,arithmetic,gsm8k_test_1182,train,retain,R_random,truthfulqa
pairs_arith_v2.csv,10597,arithmetic,gsm8k_test_1185,train,remove,C0_exact,gsm8k_copy
pairs_arith_v2.csv,10598,arithmetic,gsm8k_test_1185,train,remove,C1_transformed,lmsys_rephrase
pairs_arith_v2.csv,10599,arithmetic,gsm8k_test_1185,train,remove,C2_answer_bearing,gsm8k_solution_frag
pairs_arith_v2.csv,10600,arithmetic,gsm8k_test_1185,train,retain,H2_same_template,gsmplus_numerical_substitution
pairs_arith_v2.csv,10601,arithmetic,gsm8k_test_1185,train,remove,C1_transformed,gsmplus_problem_understanding
pairs_arith_v2.csv,10602,arithmetic,gsm8k_test_1185,train,retain,H2_same_template,gsmplus_critical_thinking
pairs_arith_v2.csv,10603,arithmetic,gsm8k_test_1185,train,retain,H1_same_topic,svamp
pairs_arith_v2.csv,10604,arithmetic,gsm8k_test_1185,train,retain,H3_predating,asdiv
pairs_arith_v2.csv,10605,arithmetic,gsm8k_test_1185,train,retain,R_random,truthfulqa
pairs_arith_v2.csv,10668,arithmetic,gsm8k_test_1193,train,remove,C0_exact,gsm8k_copy
pairs_arith_v2.csv,10669,arithmetic,gsm8k_test_1193,train,remove,C1_transformed,lmsys_rephrase
pairs_arith_v2.csv,10670,arithmetic,gsm8k_test_1193,train,remove,C2_answer_bearing,gsm8k_solution_frag
pairs_arith_v2.csv,10671,arithmetic,gsm8k_test_1193,train,retain,H2_same_template,gsmplus_numerical_substitution
pairs_arith_v2.csv,10672,arithmetic,gsm8k_test_1193,train,remove,C1_transformed,gsmplus_problem_understanding
pairs_arith_v2.csv,10673,arithmetic,gsm8k_test_1193,train,retain,H2_same_template,gsmplus_critical_thinking
pairs_arith_v2.csv,10674,arithmetic,gsm8k_test_1193,train,retain,H1_same_topic,svamp
pairs_arith_v2.csv,10675,arithmetic,gsm8k_test_1193,train,retain,H3_predating,asdiv
pairs_arith_v2.csv,10676,arithmetic,gsm8k_test_1193,train,retain,R_random,truthfulqa
pairs_arith_v2.csv,10704,arithmetic,gsm8k_test_1197,train,remove,C0_exact,gsm8k_copy
pairs_arith_v2.csv,10705,arithmetic,gsm8k_test_1197,train,remove,C1_transformed,lmsys_rephrase
pairs_arith_v2.csv,10706,arithmetic,gsm8k_test_1197,train,remove,C2_answer_bearing,gsm8k_solution_frag
pairs_arith_v2.csv,10707,arithmetic,gsm8k_test_1197,train,retain,H2_same_template,gsmplus_numerical_substitution
pairs_arith_v2.csv,10708,arithmetic,gsm8k_test_1197,train,remove,C1_transformed,gsmplus_problem_understanding
pairs_arith_v2.csv,10709,arithmetic,gsm8k_test_1197,train,retain,H2_same_template,gsmplus_critical_thinking
pairs_arith_v2.csv,10710,arithmetic,gsm8k_test_1197,train,retain,H1_same_topic,svamp
pairs_arith_v2.csv,10711,arithmetic,gsm8k_test_1197,train,retain,H3_predating,asdiv
pairs_arith_v2.csv,10712,arithmetic,gsm8k_test_1197,train,retain,R_random,truthfulqa
pairs_arith_v2.csv,10722,arithmetic,gsm8k_test_1199,train,remove,C0_exact,gsm8k_copy
pairs_arith_v2.csv,10723,arithmetic,gsm8k_test_1199,train,remove,C1_transformed,lmsys_rephrase
pairs_arith_v2.csv,10724,arithmetic,gsm8k_test_1199,train,remove,C2_answer_bearing,gsm8k_solution_frag
pairs_arith_v2.csv,10725,arithmetic,gsm8k_test_1199,train,retain,H2_same_template,gsmplus_numerical_substitution
pairs_arith_v2.csv,10726,arithmetic,gsm8k_test_1199,train,remove,C1_transformed,gsmplus_problem_understanding
pairs_arith_v2.csv,10727,arithmetic,gsm8k_test_1199,train,retain,H2_same_template,gsmplus_critical_thinking
pairs_arith_v2.csv,10728,arithmetic,gsm8k_test_1199,train,retain,H1_same_topic,svamp
pairs_arith_v2.csv,10729,arithmetic,gsm8k_test_1199,train,retain,H3_predating,asdiv
pairs_arith_v2.csv,10730,arithmetic,gsm8k_test_1199,train,retain,R_random,truthfulqa
pairs_arith_v2.csv,10748,arithmetic,gsm8k_test_1202,train,remove,C0_exact,gsm8k_copy
pairs_arith_v2.csv,10749,arithmetic,gsm8k_test_1202,train,remove,C1_transformed,lmsys_rephrase
pairs_arith_v2.csv,10750,arithmetic,gsm8k_test_1202,train,remove,C2_answer_bearing,gsm8k_solution_frag
pairs_arith_v2.csv,10751,arithmetic,gsm8k_test_1202,train,remove,C1_transformed,gsmplus_problem_understanding
pairs_arith_v2.csv,10752,arithmetic,gsm8k_test_1202,train,retain,H2_same_template,gsmplus_critical_thinking
pairs_arith_v2.csv,10753,arithmetic,gsm8k_test_1202,train,retain,H1_same_topic,svamp
pairs_arith_v2.csv,10754,arithmetic,gsm8k_test_1202,train,retain,H3_predating,asdiv
pairs_arith_v2.csv,10755,arithmetic,gsm8k_test_1202,train,retain,R_random,truthfulqa
pairs_arith_v2.csv,10792,arithmetic,gsm8k_test_1207,train,remove,C0_exact,gsm8k_copy
pairs_arith_v2.csv,10793,arithmetic,gsm8k_test_1207,train,remove,C1_transformed,lmsys_rephrase
pairs_arith_v2.csv,10794,arithmetic,gsm8k_test_1207,train,remove,C2_answer_bearing,gsm8k_solution_frag
pairs_arith_v2.csv,10795,arithmetic,gsm8k_test_1207,train,retain,H2_same_template,gsmplus_numerical_substitution
pairs_arith_v2.csv,10796,arithmetic,gsm8k_test_1207,train,remove,C1_transformed,gsmplus_problem_understanding
pairs_arith_v2.csv,10797,arithmetic,gsm8k_test_1207,train,retain,H2_same_template,gsmplus_critical_thinking
pairs_arith_v2.csv,10798,arithmetic,gsm8k_test_1207,train,retain,H1_same_topic,svamp
pairs_arith_v2.csv,10799,arithmetic,gsm8k_test_1207,train,retain,H3_predating,asdiv
pairs_arith_v2.csv,10800,arithmetic,gsm8k_test_1207,train,retain,R_random,truthfulqa
pairs_arith_v2.csv,10837,arithmetic,gsm8k_test_1212,train,remove,C0_exact,gsm8k_copy
pairs_arith_v2.csv,10838,arithmetic,gsm8k_test_1212,train,remove,C1_transformed,lmsys_rephrase
pairs_arith_v2.csv,10839,arithmetic,gsm8k_test_1212,train,remove,C2_answer_bearing,gsm8k_solution_frag
pairs_arith_v2.csv,10840,arithmetic,gsm8k_test_1212,train,retain,H2_same_template,gsmplus_numerical_substitution
pairs_arith_v2.csv,10841,arithmetic,gsm8k_test_1212,train,remove,C1_transformed,gsmplus_problem_understanding
pairs_arith_v2.csv,10842,arithmetic,gsm8k_test_1212,train,retain,H2_same_template,gsmplus_critical_thinking
pairs_arith_v2.csv,10843,arithmetic,gsm8k_test_1212,train,retain,H1_same_topic,svamp
pairs_arith_v2.csv,10844,arithmetic,gsm8k_test_1212,train,retain,H3_predating,asdiv
pairs_arith_v2.csv,10845,arithmetic,gsm8k_test_1212,train,retain,R_random,truthfulqa
pairs_arith_v2.csv,10891,arithmetic,gsm8k_test_1218,train,remove,C0_exact,gsm8k_copy
pairs_arith_v2.csv,10892,arithmetic,gsm8k_test_1218,train,remove,C1_transformed,lmsys_rephrase
pairs_arith_v2.csv,10893,arithmetic,gsm8k_test_1218,train,remove,C2_answer_bearing,gsm8k_solution_frag
pairs_arith_v2.csv,10894,arithmetic,gsm8k_test_1218,train,retain,H2_same_template,gsmplus_numerical_substitution
pairs_arith_v2.csv,10895,arithmetic,gsm8k_test_1218,train,remove,C1_transformed,gsmplus_problem_understanding
pairs_arith_v2.csv,10896,arithmetic,gsm8k_test_1218,train,retain,H2_same_template,gsmplus_critical_thinking
pairs_arith_v2.csv,10897,arithmetic,gsm8k_test_1218,train,retain,H1_same_topic,svamp
pairs_arith_v2.csv,10898,arithmetic,gsm8k_test_1218,train,retain,H3_predating,asdiv
pairs_arith_v2.csv,10899,arithmetic,gsm8k_test_1218,train,retain,R_random,truthfulqa
pairs_arith_v2.csv,10900,arithmetic,gsm8k_test_1219,train,remove,C0_exact,gsm8k_copy
pairs_arith_v2.csv,10901,arithmetic,gsm8k_test_1219,train,remove,C1_transformed,lmsys_rephrase
pairs_arith_v2.csv,10902,arithmetic,gsm8k_test_1219,train,remove,C2_answer_bearing,gsm8k_solution_frag
pairs_arith_v2.csv,10903,arithmetic,gsm8k_test_1219,train,retain,H2_same_template,gsmplus_numerical_substitution
pairs_arith_v2.csv,10904,arithmetic,gsm8k_test_1219,train,remove,C1_transformed,gsmplus_problem_understanding
pairs_arith_v2.csv,10905,arithmetic,gsm8k_test_1219,train,retain,H2_same_template,gsmplus_critical_thinking
pairs_arith_v2.csv,10906,arithmetic,gsm8k_test_1219,train,retain,H1_same_topic,svamp
pairs_arith_v2.csv,10907,arithmetic,gsm8k_test_1219,train,retain,H3_predating,asdiv
pairs_arith_v2.csv,10908,arithmetic,gsm8k_test_1219,train,retain,R_random,truthfulqa
pairs_arith_v2.csv,10927,arithmetic,gsm8k_test_1222,train,remove,C0_exact,gsm8k_copy
pairs_arith_v2.csv,10928,arithmetic,gsm8k_test_1222,train,remove,C1_transformed,lmsys_rephrase
pairs_arith_v2.csv,10929,arithmetic,gsm8k_test_1222,train,remove,C2_answer_bearing,gsm8k_solution_frag
pairs_arith_v2.csv,10930,arithmetic,gsm8k_test_1222,train,retain,H2_same_template,gsmplus_numerical_substitution
pairs_arith_v2.csv,10931,arithmetic,gsm8k_test_1222,train,remove,C1_transformed,gsmplus_problem_understanding
pairs_arith_v2.csv,10932,arithmetic,gsm8k_test_1222,train,retain,H2_same_template,gsmplus_critical_thinking
pairs_arith_v2.csv,10933,arithmetic,gsm8k_test_1222,train,retain,H1_same_topic,svamp
pairs_arith_v2.csv,10934,arithmetic,gsm8k_test_1222,train,retain,H3_predating,asdiv
pairs_arith_v2.csv,10935,arithmetic,gsm8k_test_1222,train,retain,R_random,truthfulqa
pairs_arith_v2.csv,10945,arithmetic,gsm8k_test_1224,train,remove,C0_exact,gsm8k_copy
pairs_arith_v2.csv,10946,arithmetic,gsm8k_test_1224,train,remove,C1_transformed,lmsys_rephrase
pairs_arith_v2.csv,10947,arithmetic,gsm8k_test_1224,train,remove,C2_answer_bearing,gsm8k_solution_frag
pairs_arith_v2.csv,10948,arithmetic,gsm8k_test_1224,train,retain,H2_same_template,gsmplus_numerical_substitution
pairs_arith_v2.csv,10949,arithmetic,gsm8k_test_1224,train,remove,C1_transformed,gsmplus_problem_understanding
pairs_arith_v2.csv,10950,arithmetic,gsm8k_test_1224,train,retain,H2_same_template,gsmplus_critical_thinking
pairs_arith_v2.csv,10951,arithmetic,gsm8k_test_1224,train,retain,H1_same_topic,svamp
pairs_arith_v2.csv,10952,arithmetic,gsm8k_test_1224,train,retain,H3_predating,asdiv
pairs_arith_v2.csv,10953,arithmetic,gsm8k_test_1224,train,retain,R_random,truthfulqa
pairs_arith_v2.csv,10954,arithmetic,gsm8k_test_1225,train,remove,C0_exact,gsm8k_copy
pairs_arith_v2.csv,10955,arithmetic,gsm8k_test_1225,train,remove,C1_transformed,lmsys_rephrase
pairs_arith_v2.csv,10956,arithmetic,gsm8k_test_1225,train,remove,C2_answer_bearing,gsm8k_solution_frag
pairs_arith_v2.csv,10957,arithmetic,gsm8k_test_1225,train,retain,H2_same_template,gsmplus_numerical_substitution
pairs_arith_v2.csv,10958,arithmetic,gsm8k_test_1225,train,remove,C1_transformed,gsmplus_problem_understanding
pairs_arith_v2.csv,10959,arithmetic,gsm8k_test_1225,train,retain,H2_same_template,gsmplus_critical_thinking
pairs_arith_v2.csv,10960,arithmetic,gsm8k_test_1225,train,retain,H1_same_topic,svamp
pairs_arith_v2.csv,10961,arithmetic,gsm8k_test_1225,train,retain,H3_predating,asdiv
pairs_arith_v2.csv,10962,arithmetic,gsm8k_test_1225,train,retain,R_random,truthfulqa
pairs_arith_v2.csv,10999,arithmetic,gsm8k_test_1230,train,remove,C0_exact,gsm8k_copy
pairs_arith_v2.csv,11000,arithmetic,gsm8k_test_1230,train,remove,C1_transformed,lmsys_rephrase
pairs_arith_v2.csv,11001,arithmetic,gsm8k_test_1230,train,remove,C2_answer_bearing,gsm8k_solution_frag
pairs_arith_v2.csv,11002,arithmetic,gsm8k_test_1230,train,retain,H2_same_template,gsmplus_numerical_substitution
pairs_arith_v2.csv,11003,arithmetic,gsm8k_test_1230,train,remove,C1_transformed,gsmplus_problem_understanding
pairs_arith_v2.csv,11004,arithmetic,gsm8k_test_1230,train,retain,H2_same_template,gsmplus_critical_thinking
pairs_arith_v2.csv,11005,arithmetic,gsm8k_test_1230,train,retain,H1_same_topic,svamp
pairs_arith_v2.csv,11006,arithmetic,gsm8k_test_1230,train,retain,H3_predating,asdiv
pairs_arith_v2.csv,11007,arithmetic,gsm8k_test_1230,train,retain,R_random,truthfulqa
pairs_arith_v2.csv,11044,arithmetic,gsm8k_test_1235,train,remove,C0_exact,gsm8k_copy
pairs_arith_v2.csv,11045,arithmetic,gsm8k_test_1235,train,remove,C1_transformed,lmsys_rephrase
pairs_arith_v2.csv,11046,arithmetic,gsm8k_test_1235,train,remove,C2_answer_bearing,gsm8k_solution_frag
pairs_arith_v2.csv,11047,arithmetic,gsm8k_test_1235,train,retain,H2_same_template,gsmplus_numerical_substitution
pairs_arith_v2.csv,11048,arithmetic,gsm8k_test_1235,train,remove,C1_transformed,gsmplus_problem_understanding
pairs_arith_v2.csv,11049,arithmetic,gsm8k_test_1235,train,retain,H2_same_template,gsmplus_critical_thinking
pairs_arith_v2.csv,11050,arithmetic,gsm8k_test_1235,train,retain,H1_same_topic,svamp
pairs_arith_v2.csv,11051,arithmetic,gsm8k_test_1235,train,retain,H3_predating,asdiv
pairs_arith_v2.csv,11052,arithmetic,gsm8k_test_1235,train,retain,R_random,truthfulqa
pairs_arith_v2.csv,11080,arithmetic,gsm8k_test_1239,train,remove,C0_exact,gsm8k_copy
pairs_arith_v2.csv,11081,arithmetic,gsm8k_test_1239,train,remove,C1_transformed,lmsys_rephrase
pairs_arith_v2.csv,11082,arithmetic,gsm8k_test_1239,train,remove,C2_answer_bearing,gsm8k_solution_frag
pairs_arith_v2.csv,11083,arithmetic,gsm8k_test_1239,train,retain,H2_same_template,gsmplus_numerical_substitution
pairs_arith_v2.csv,11084,arithmetic,gsm8k_test_1239,train,remove,C1_transformed,gsmplus_problem_understanding
pairs_arith_v2.csv,11085,arithmetic,gsm8k_test_1239,train,retain,H2_same_template,gsmplus_critical_thinking
pairs_arith_v2.csv,11086,arithmetic,gsm8k_test_1239,train,retain,H1_same_topic,svamp
pairs_arith_v2.csv,11087,arithmetic,gsm8k_test_1239,train,retain,H3_predating,asdiv
pairs_arith_v2.csv,11088,arithmetic,gsm8k_test_1239,train,retain,R_random,truthfulqa
pairs_arith_v2.csv,11089,arithmetic,gsm8k_test_1240,train,remove,C0_exact,gsm8k_copy
pairs_arith_v2.csv,11090,arithmetic,gsm8k_test_1240,train,remove,C1_transformed,lmsys_rephrase
pairs_arith_v2.csv,11091,arithmetic,gsm8k_test_1240,train,remove,C2_answer_bearing,gsm8k_solution_frag
pairs_arith_v2.csv,11092,arithmetic,gsm8k_test_1240,train,retain,H2_same_template,gsmplus_numerical_substitution
pairs_arith_v2.csv,11093,arithmetic,gsm8k_test_1240,train,remove,C1_transformed,gsmplus_problem_understanding
pairs_arith_v2.csv,11094,arithmetic,gsm8k_test_1240,train,retain,H2_same_template,gsmplus_critical_thinking
pairs_arith_v2.csv,11095,arithmetic,gsm8k_test_1240,train,retain,H1_same_topic,svamp
pairs_arith_v2.csv,11096,arithmetic,gsm8k_test_1240,train,retain,H3_predating,asdiv
pairs_arith_v2.csv,11097,arithmetic,gsm8k_test_1240,train,retain,R_random,truthfulqa
pairs_arith_v2.csv,11098,arithmetic,gsm8k_test_1241,train,remove,C0_exact,gsm8k_copy
pairs_arith_v2.csv,11099,arithmetic,gsm8k_test_1241,train,remove,C1_transformed,lmsys_rephrase
pairs_arith_v2.csv,11100,arithmetic,gsm8k_test_1241,train,remove,C2_answer_bearing,gsm8k_solution_frag
pairs_arith_v2.csv,11101,arithmetic,gsm8k_test_1241,train,retain,H2_same_template,gsmplus_numerical_substitution
pairs_arith_v2.csv,11102,arithmetic,gsm8k_test_1241,train,remove,C1_transformed,gsmplus_problem_understanding
pairs_arith_v2.csv,11103,arithmetic,gsm8k_test_1241,train,retain,H2_same_template,gsmplus_critical_thinking
pairs_arith_v2.csv,11104,arithmetic,gsm8k_test_1241,train,retain,H1_same_topic,svamp
pairs_arith_v2.csv,11105,arithmetic,gsm8k_test_1241,train,retain,H3_predating,asdiv
pairs_arith_v2.csv,11106,arithmetic,gsm8k_test_1241,train,retain,R_random,truthfulqa
pairs_arith_v2.csv,11107,arithmetic,gsm8k_test_1242,train,remove,C0_exact,gsm8k_copy
pairs_arith_v2.csv,11108,arithmetic,gsm8k_test_1242,train,remove,C1_transformed,lmsys_rephrase
pairs_arith_v2.csv,11109,arithmetic,gsm8k_test_1242,train,remove,C2_answer_bearing,gsm8k_solution_frag
pairs_arith_v2.csv,11110,arithmetic,gsm8k_test_1242,train,retain,H2_same_template,gsmplus_numerical_substitution
pairs_arith_v2.csv,11111,arithmetic,gsm8k_test_1242,train,remove,C1_transformed,gsmplus_problem_understanding
pairs_arith_v2.csv,11112,arithmetic,gsm8k_test_1242,train,retain,H2_same_template,gsmplus_critical_thinking
pairs_arith_v2.csv,11113,arithmetic,gsm8k_test_1242,train,retain,H1_same_topic,svamp
pairs_arith_v2.csv,11114,arithmetic,gsm8k_test_1242,train,retain,H3_predating,asdiv
pairs_arith_v2.csv,11115,arithmetic,gsm8k_test_1242,train,retain,R_random,truthfulqa
pairs_arith_v2.csv,11152,arithmetic,gsm8k_test_1247,train,remove,C0_exact,gsm8k_copy
pairs_arith_v2.csv,11153,arithmetic,gsm8k_test_1247,train,remove,C1_transformed,lmsys_rephrase
pairs_arith_v2.csv,11154,arithmetic,gsm8k_test_1247,train,remove,C2_answer_bearing,gsm8k_solution_frag
pairs_arith_v2.csv,11155,arithmetic,gsm8k_test_1247,train,retain,H2_same_template,gsmplus_numerical_substitution
pairs_arith_v2.csv,11156,arithmetic,gsm8k_test_1247,train,remove,C1_transformed,gsmplus_problem_understanding
pairs_arith_v2.csv,11157,arithmetic,gsm8k_test_1247,train,retain,H2_same_template,gsmplus_critical_thinking
pairs_arith_v2.csv,11158,arithmetic,gsm8k_test_1247,train,retain,H1_same_topic,svamp
pairs_arith_v2.csv,11159,arithmetic,gsm8k_test_1247,train,retain,H3_predating,asdiv
pairs_arith_v2.csv,11160,arithmetic,gsm8k_test_1247,train,retain,R_random,truthfulqa
pairs_arith_v2.csv,11161,arithmetic,gsm8k_test_1248,train,remove,C0_exact,gsm8k_copy
pairs_arith_v2.csv,11162,arithmetic,gsm8k_test_1248,train,remove,C1_transformed,lmsys_rephrase
pairs_arith_v2.csv,11163,arithmetic,gsm8k_test_1248,train,remove,C2_answer_bearing,gsm8k_solution_frag
pairs_arith_v2.csv,11164,arithmetic,gsm8k_test_1248,train,retain,H2_same_template,gsmplus_numerical_substitution
pairs_arith_v2.csv,11165,arithmetic,gsm8k_test_1248,train,remove,C1_transformed,gsmplus_problem_understanding
pairs_arith_v2.csv,11166,arithmetic,gsm8k_test_1248,train,retain,H2_same_template,gsmplus_critical_thinking
pairs_arith_v2.csv,11167,arithmetic,gsm8k_test_1248,train,retain,H1_same_topic,svamp
pairs_arith_v2.csv,11168,arithmetic,gsm8k_test_1248,train,retain,H3_predating,asdiv
pairs_arith_v2.csv,11169,arithmetic,gsm8k_test_1248,train,retain,R_random,truthfulqa
pairs_arith_v2.csv,11206,arithmetic,gsm8k_test_1253,train,remove,C0_exact,gsm8k_copy
pairs_arith_v2.csv,11207,arithmetic,gsm8k_test_1253,train,remove,C1_transformed,lmsys_rephrase
pairs_arith_v2.csv,11208,arithmetic,gsm8k_test_1253,train,remove,C2_answer_bearing,gsm8k_solution_frag
pairs_arith_v2.csv,11209,arithmetic,gsm8k_test_1253,train,retain,H2_same_template,gsmplus_numerical_substitution
pairs_arith_v2.csv,11210,arithmetic,gsm8k_test_1253,train,remove,C1_transformed,gsmplus_problem_understanding
pairs_arith_v2.csv,11211,arithmetic,gsm8k_test_1253,train,retain,H2_same_template,gsmplus_critical_thinking
pairs_arith_v2.csv,11212,arithmetic,gsm8k_test_1253,train,retain,H1_same_topic,svamp
pairs_arith_v2.csv,11213,arithmetic,gsm8k_test_1253,train,retain,H3_predating,asdiv
pairs_arith_v2.csv,11214,arithmetic,gsm8k_test_1253,train,retain,R_random,truthfulqa
pairs_arith_v2.csv,11215,arithmetic,gsm8k_test_1254,train,remove,C0_exact,gsm8k_copy
pairs_arith_v2.csv,11216,arithmetic,gsm8k_test_1254,train,remove,C1_transformed,lmsys_rephrase
pairs_arith_v2.csv,11217,arithmetic,gsm8k_test_1254,train,remove,C2_answer_bearing,gsm8k_solution_frag
pairs_arith_v2.csv,11218,arithmetic,gsm8k_test_1254,train,retain,H2_same_template,gsmplus_numerical_substitution
pairs_arith_v2.csv,11219,arithmetic,gsm8k_test_1254,train,remove,C1_transformed,gsmplus_problem_understanding
pairs_arith_v2.csv,11220,arithmetic,gsm8k_test_1254,train,retain,H2_same_template,gsmplus_critical_thinking
pairs_arith_v2.csv,11221,arithmetic,gsm8k_test_1254,train,retain,H1_same_topic,svamp
pairs_arith_v2.csv,11222,arithmetic,gsm8k_test_1254,train,retain,H3_predating,asdiv
pairs_arith_v2.csv,11223,arithmetic,gsm8k_test_1254,train,retain,R_random,truthfulqa
pairs_arith_v2.csv,11250,arithmetic,gsm8k_test_1258,train,remove,C0_exact,gsm8k_copy
pairs_arith_v2.csv,11251,arithmetic,gsm8k_test_1258,train,remove,C1_transformed,lmsys_rephrase
pairs_arith_v2.csv,11252,arithmetic,gsm8k_test_1258,train,remove,C2_answer_bearing,gsm8k_solution_frag
pairs_arith_v2.csv,11253,arithmetic,gsm8k_test_1258,train,retain,H2_same_template,gsmplus_numerical_substitution
pairs_arith_v2.csv,11254,arithmetic,gsm8k_test_1258,train,remove,C1_transformed,gsmplus_problem_understanding
pairs_arith_v2.csv,11255,arithmetic,gsm8k_test_1258,train,retain,H2_same_template,gsmplus_critical_thinking
pairs_arith_v2.csv,11256,arithmetic,gsm8k_test_1258,train,retain,H1_same_topic,svamp
pairs_arith_v2.csv,11257,arithmetic,gsm8k_test_1258,train,retain,H3_predating,asdiv
pairs_arith_v2.csv,11258,arithmetic,gsm8k_test_1258,train,retain,R_random,truthfulqa
pairs_arith_v2.csv,11259,arithmetic,gsm8k_test_1259,train,remove,C0_exact,gsm8k_copy
pairs_arith_v2.csv,11260,arithmetic,gsm8k_test_1259,train,remove,C1_transformed,lmsys_rephrase
pairs_arith_v2.csv,11261,arithmetic,gsm8k_test_1259,train,remove,C2_answer_bearing,gsm8k_solution_frag
pairs_arith_v2.csv,11262,arithmetic,gsm8k_test_1259,train,retain,H2_same_template,gsmplus_numerical_substitution
pairs_arith_v2.csv,11263,arithmetic,gsm8k_test_1259,train,remove,C1_transformed,gsmplus_problem_understanding
pairs_arith_v2.csv,11264,arithmetic,gsm8k_test_1259,train,retain,H2_same_template,gsmplus_critical_thinking
pairs_arith_v2.csv,11265,arithmetic,gsm8k_test_1259,train,retain,H1_same_topic,svamp
pairs_arith_v2.csv,11266,arithmetic,gsm8k_test_1259,train,retain,H3_predating,asdiv
pairs_arith_v2.csv,11267,arithmetic,gsm8k_test_1259,train,retain,R_random,truthfulqa
pairs_arith_v2.csv,11277,arithmetic,gsm8k_test_1261,train,remove,C0_exact,gsm8k_copy
pairs_arith_v2.csv,11278,arithmetic,gsm8k_test_1261,train,remove,C1_transformed,lmsys_rephrase
pairs_arith_v2.csv,11279,arithmetic,gsm8k_test_1261,train,remove,C2_answer_bearing,gsm8k_solution_frag
pairs_arith_v2.csv,11280,arithmetic,gsm8k_test_1261,train,retain,H2_same_template,gsmplus_numerical_substitution
pairs_arith_v2.csv,11281,arithmetic,gsm8k_test_1261,train,remove,C1_transformed,gsmplus_problem_understanding
pairs_arith_v2.csv,11282,arithmetic,gsm8k_test_1261,train,retain,H2_same_template,gsmplus_critical_thinking
pairs_arith_v2.csv,11283,arithmetic,gsm8k_test_1261,train,retain,H1_same_topic,svamp
pairs_arith_v2.csv,11284,arithmetic,gsm8k_test_1261,train,retain,H3_predating,asdiv
pairs_arith_v2.csv,11285,arithmetic,gsm8k_test_1261,train,retain,R_random,truthfulqa
pairs_arith_v2.csv,11295,arithmetic,gsm8k_test_1263,train,remove,C0_exact,gsm8k_copy
pairs_arith_v2.csv,11296,arithmetic,gsm8k_test_1263,train,remove,C1_transformed,lmsys_rephrase
pairs_arith_v2.csv,11297,arithmetic,gsm8k_test_1263,train,remove,C2_answer_bearing,gsm8k_solution_frag
pairs_arith_v2.csv,11298,arithmetic,gsm8k_test_1263,train,retain,H2_same_template,gsmplus_numerical_substitution
pairs_arith_v2.csv,11299,arithmetic,gsm8k_test_1263,train,remove,C1_transformed,gsmplus_problem_understanding
pairs_arith_v2.csv,11300,arithmetic,gsm8k_test_1263,train,retain,H2_same_template,gsmplus_critical_thinking
pairs_arith_v2.csv,11301,arithmetic,gsm8k_test_1263,train,retain,H1_same_topic,svamp
pairs_arith_v2.csv,11302,arithmetic,gsm8k_test_1263,train,retain,H3_predating,asdiv
pairs_arith_v2.csv,11303,arithmetic,gsm8k_test_1263,train,retain,R_random,truthfulqa
pairs_arith_v2.csv,11331,arithmetic,gsm8k_test_1267,train,remove,C0_exact,gsm8k_copy
pairs_arith_v2.csv,11332,arithmetic,gsm8k_test_1267,train,remove,C1_transformed,lmsys_rephrase
pairs_arith_v2.csv,11333,arithmetic,gsm8k_test_1267,train,remove,C2_answer_bearing,gsm8k_solution_frag
pairs_arith_v2.csv,11334,arithmetic,gsm8k_test_1267,train,retain,H2_same_template,gsmplus_numerical_substitution
pairs_arith_v2.csv,11335,arithmetic,gsm8k_test_1267,train,remove,C1_transformed,gsmplus_problem_understanding
pairs_arith_v2.csv,11336,arithmetic,gsm8k_test_1267,train,retain,H2_same_template,gsmplus_critical_thinking
pairs_arith_v2.csv,11337,arithmetic,gsm8k_test_1267,train,retain,H1_same_topic,svamp
pairs_arith_v2.csv,11338,arithmetic,gsm8k_test_1267,train,retain,H3_predating,asdiv
pairs_arith_v2.csv,11339,arithmetic,gsm8k_test_1267,train,retain,R_random,truthfulqa
pairs_arith_v2.csv,11340,arithmetic,gsm8k_test_1268,train,remove,C0_exact,gsm8k_copy
pairs_arith_v2.csv,11341,arithmetic,gsm8k_test_1268,train,remove,C1_transformed,lmsys_rephrase
pairs_arith_v2.csv,11342,arithmetic,gsm8k_test_1268,train,remove,C2_answer_bearing,gsm8k_solution_frag
pairs_arith_v2.csv,11343,arithmetic,gsm8k_test_1268,train,retain,H2_same_template,gsmplus_numerical_substitution
pairs_arith_v2.csv,11344,arithmetic,gsm8k_test_1268,train,remove,C1_transformed,gsmplus_problem_understanding
pairs_arith_v2.csv,11345,arithmetic,gsm8k_test_1268,train,retain,H2_same_template,gsmplus_critical_thinking
pairs_arith_v2.csv,11346,arithmetic,gsm8k_test_1268,train,retain,H1_same_topic,svamp
pairs_arith_v2.csv,11347,arithmetic,gsm8k_test_1268,train,retain,H3_predating,asdiv
pairs_arith_v2.csv,11348,arithmetic,gsm8k_test_1268,train,retain,R_random,truthfulqa
pairs_arith_v2.csv,11385,arithmetic,gsm8k_test_1273,train,remove,C0_exact,gsm8k_copy
pairs_arith_v2.csv,11386,arithmetic,gsm8k_test_1273,train,remove,C1_transformed,lmsys_rephrase
pairs_arith_v2.csv,11387,arithmetic,gsm8k_test_1273,train,remove,C2_answer_bearing,gsm8k_solution_frag
pairs_arith_v2.csv,11388,arithmetic,gsm8k_test_1273,train,retain,H2_same_template,gsmplus_numerical_substitution
pairs_arith_v2.csv,11389,arithmetic,gsm8k_test_1273,train,remove,C1_transformed,gsmplus_problem_understanding
pairs_arith_v2.csv,11390,arithmetic,gsm8k_test_1273,train,retain,H2_same_template,gsmplus_critical_thinking
pairs_arith_v2.csv,11391,arithmetic,gsm8k_test_1273,train,retain,H1_same_topic,svamp
pairs_arith_v2.csv,11392,arithmetic,gsm8k_test_1273,train,retain,H3_predating,asdiv
pairs_arith_v2.csv,11393,arithmetic,gsm8k_test_1273,train,retain,R_random,truthfulqa
pairs_arith_v2.csv,11403,arithmetic,gsm8k_test_1275,train,remove,C0_exact,gsm8k_copy
pairs_arith_v2.csv,11404,arithmetic,gsm8k_test_1275,train,remove,C1_transformed,lmsys_rephrase
pairs_arith_v2.csv,11405,arithmetic,gsm8k_test_1275,train,remove,C2_answer_bearing,gsm8k_solution_frag
pairs_arith_v2.csv,11406,arithmetic,gsm8k_test_1275,train,retain,H2_same_template,gsmplus_numerical_substitution
pairs_arith_v2.csv,11407,arithmetic,gsm8k_test_1275,train,remove,C1_transformed,gsmplus_problem_understanding
pairs_arith_v2.csv,11408,arithmetic,gsm8k_test_1275,train,retain,H2_same_template,gsmplus_critical_thinking
pairs_arith_v2.csv,11409,arithmetic,gsm8k_test_1275,train,retain,H1_same_topic,svamp
pairs_arith_v2.csv,11410,arithmetic,gsm8k_test_1275,train,retain,H3_predating,asdiv
pairs_arith_v2.csv,11411,arithmetic,gsm8k_test_1275,train,retain,R_random,truthfulqa
pairs_arith_v2.csv,11412,arithmetic,gsm8k_test_1276,train,remove,C0_exact,gsm8k_copy
pairs_arith_v2.csv,11413,arithmetic,gsm8k_test_1276,train,remove,C1_transformed,lmsys_rephrase
pairs_arith_v2.csv,11414,arithmetic,gsm8k_test_1276,train,remove,C2_answer_bearing,gsm8k_solution_frag
pairs_arith_v2.csv,11415,arithmetic,gsm8k_test_1276,train,retain,H2_same_template,gsmplus_numerical_substitution
pairs_arith_v2.csv,11416,arithmetic,gsm8k_test_1276,train,remove,C1_transformed,gsmplus_problem_understanding
pairs_arith_v2.csv,11417,arithmetic,gsm8k_test_1276,train,retain,H2_same_template,gsmplus_critical_thinking
pairs_arith_v2.csv,11418,arithmetic,gsm8k_test_1276,train,retain,H1_same_topic,svamp
pairs_arith_v2.csv,11419,arithmetic,gsm8k_test_1276,train,retain,H3_predating,asdiv
pairs_arith_v2.csv,11420,arithmetic,gsm8k_test_1276,train,retain,R_random,truthfulqa
pairs_arith_v2.csv,11430,arithmetic,gsm8k_test_1278,train,remove,C0_exact,gsm8k_copy
pairs_arith_v2.csv,11431,arithmetic,gsm8k_test_1278,train,remove,C1_transformed,lmsys_rephrase
pairs_arith_v2.csv,11432,arithmetic,gsm8k_test_1278,train,remove,C2_answer_bearing,gsm8k_solution_frag
pairs_arith_v2.csv,11433,arithmetic,gsm8k_test_1278,train,retain,H2_same_template,gsmplus_numerical_substitution
pairs_arith_v2.csv,11434,arithmetic,gsm8k_test_1278,train,remove,C1_transformed,gsmplus_problem_understanding
pairs_arith_v2.csv,11435,arithmetic,gsm8k_test_1278,train,retain,H2_same_template,gsmplus_critical_thinking
pairs_arith_v2.csv,11436,arithmetic,gsm8k_test_1278,train,retain,H1_same_topic,svamp
pairs_arith_v2.csv,11437,arithmetic,gsm8k_test_1278,train,retain,H3_predating,asdiv
pairs_arith_v2.csv,11438,arithmetic,gsm8k_test_1278,train,retain,R_random,truthfulqa
pairs_arith_v2.csv,11457,arithmetic,gsm8k_test_1281,train,remove,C0_exact,gsm8k_copy
pairs_arith_v2.csv,11458,arithmetic,gsm8k_test_1281,train,remove,C1_transformed,lmsys_rephrase
pairs_arith_v2.csv,11459,arithmetic,gsm8k_test_1281,train,remove,C2_answer_bearing,gsm8k_solution_frag
pairs_arith_v2.csv,11460,arithmetic,gsm8k_test_1281,train,retain,H2_same_template,gsmplus_numerical_substitution
pairs_arith_v2.csv,11461,arithmetic,gsm8k_test_1281,train,remove,C1_transformed,gsmplus_problem_understanding
pairs_arith_v2.csv,11462,arithmetic,gsm8k_test_1281,train,retain,H2_same_template,gsmplus_critical_thinking
pairs_arith_v2.csv,11463,arithmetic,gsm8k_test_1281,train,retain,H1_same_topic,svamp
pairs_arith_v2.csv,11464,arithmetic,gsm8k_test_1281,train,retain,H3_predating,asdiv
pairs_arith_v2.csv,11465,arithmetic,gsm8k_test_1281,train,retain,R_random,truthfulqa
pairs_arith_v2.csv,11484,arithmetic,gsm8k_test_1284,train,remove,C0_exact,gsm8k_copy
pairs_arith_v2.csv,11485,arithmetic,gsm8k_test_1284,train,remove,C1_transformed,lmsys_rephrase
pairs_arith_v2.csv,11486,arithmetic,gsm8k_test_1284,train,remove,C2_answer_bearing,gsm8k_solution_frag
pairs_arith_v2.csv,11487,arithmetic,gsm8k_test_1284,train,retain,H2_same_template,gsmplus_numerical_substitution
pairs_arith_v2.csv,11488,arithmetic,gsm8k_test_1284,train,remove,C1_transformed,gsmplus_problem_understanding
pairs_arith_v2.csv,11489,arithmetic,gsm8k_test_1284,train,retain,H2_same_template,gsmplus_critical_thinking
pairs_arith_v2.csv,11490,arithmetic,gsm8k_test_1284,train,retain,H1_same_topic,svamp
pairs_arith_v2.csv,11491,arithmetic,gsm8k_test_1284,train,retain,H3_predating,asdiv
pairs_arith_v2.csv,11492,arithmetic,gsm8k_test_1284,train,retain,R_random,truthfulqa
pairs_arith_v2.csv,11493,arithmetic,gsm8k_test_1285,train,remove,C0_exact,gsm8k_copy
pairs_arith_v2.csv,11494,arithmetic,gsm8k_test_1285,train,remove,C1_transformed,lmsys_rephrase
pairs_arith_v2.csv,11495,arithmetic,gsm8k_test_1285,train,remove,C2_answer_bearing,gsm8k_solution_frag
pairs_arith_v2.csv,11496,arithmetic,gsm8k_test_1285,train,retain,H2_same_template,gsmplus_numerical_substitution
pairs_arith_v2.csv,11497,arithmetic,gsm8k_test_1285,train,remove,C1_transformed,gsmplus_problem_understanding
pairs_arith_v2.csv,11498,arithmetic,gsm8k_test_1285,train,retain,H2_same_template,gsmplus_critical_thinking
pairs_arith_v2.csv,11499,arithmetic,gsm8k_test_1285,train,retain,H1_same_topic,svamp
pairs_arith_v2.csv,11500,arithmetic,gsm8k_test_1285,train,retain,H3_predating,asdiv
pairs_arith_v2.csv,11501,arithmetic,gsm8k_test_1285,train,retain,R_random,truthfulqa
pairs_arith_v2.csv,11502,arithmetic,gsm8k_test_1286,train,remove,C0_exact,gsm8k_copy
pairs_arith_v2.csv,11503,arithmetic,gsm8k_test_1286,train,remove,C1_transformed,lmsys_rephrase
pairs_arith_v2.csv,11504,arithmetic,gsm8k_test_1286,train,remove,C2_answer_bearing,gsm8k_solution_frag
pairs_arith_v2.csv,11505,arithmetic,gsm8k_test_1286,train,retain,H2_same_template,gsmplus_numerical_substitution
pairs_arith_v2.csv,11506,arithmetic,gsm8k_test_1286,train,remove,C1_transformed,gsmplus_problem_understanding
pairs_arith_v2.csv,11507,arithmetic,gsm8k_test_1286,train,retain,H2_same_template,gsmplus_critical_thinking
pairs_arith_v2.csv,11508,arithmetic,gsm8k_test_1286,train,retain,H1_same_topic,svamp
pairs_arith_v2.csv,11509,arithmetic,gsm8k_test_1286,train,retain,H3_predating,asdiv
pairs_arith_v2.csv,11510,arithmetic,gsm8k_test_1286,train,retain,R_random,truthfulqa
pairs_arith_v2.csv,11511,arithmetic,gsm8k_test_1287,train,remove,C0_exact,gsm8k_copy
pairs_arith_v2.csv,11512,arithmetic,gsm8k_test_1287,train,remove,C1_transformed,lmsys_rephrase
pairs_arith_v2.csv,11513,arithmetic,gsm8k_test_1287,train,remove,C2_answer_bearing,gsm8k_solution_frag
pairs_arith_v2.csv,11514,arithmetic,gsm8k_test_1287,train,retain,H2_same_template,gsmplus_numerical_substitution
pairs_arith_v2.csv,11515,arithmetic,gsm8k_test_1287,train,remove,C1_transformed,gsmplus_problem_understanding
pairs_arith_v2.csv,11516,arithmetic,gsm8k_test_1287,train,retain,H2_same_template,gsmplus_critical_thinking
pairs_arith_v2.csv,11517,arithmetic,gsm8k_test_1287,train,retain,H1_same_topic,svamp
pairs_arith_v2.csv,11518,arithmetic,gsm8k_test_1287,train,retain,H3_predating,asdiv
pairs_arith_v2.csv,11519,arithmetic,gsm8k_test_1287,train,retain,R_random,truthfulqa
pairs_arith_v2.csv,11520,arithmetic,gsm8k_test_1288,train,remove,C0_exact,gsm8k_copy
pairs_arith_v2.csv,11521,arithmetic,gsm8k_test_1288,train,remove,C1_transformed,lmsys_rephrase
pairs_arith_v2.csv,11522,arithmetic,gsm8k_test_1288,train,remove,C2_answer_bearing,gsm8k_solution_frag
pairs_arith_v2.csv,11523,arithmetic,gsm8k_test_1288,train,retain,H2_same_template,gsmplus_numerical_substitution
pairs_arith_v2.csv,11524,arithmetic,gsm8k_test_1288,train,remove,C1_transformed,gsmplus_problem_understanding
pairs_arith_v2.csv,11525,arithmetic,gsm8k_test_1288,train,retain,H2_same_template,gsmplus_critical_thinking
pairs_arith_v2.csv,11526,arithmetic,gsm8k_test_1288,train,retain,H1_same_topic,svamp
pairs_arith_v2.csv,11527,arithmetic,gsm8k_test_1288,train,retain,H3_predating,asdiv
pairs_arith_v2.csv,11528,arithmetic,gsm8k_test_1288,train,retain,R_random,truthfulqa
pairs_arith_v2.csv,11529,arithmetic,gsm8k_test_1289,train,remove,C0_exact,gsm8k_copy
pairs_arith_v2.csv,11530,arithmetic,gsm8k_test_1289,train,remove,C1_transformed,lmsys_rephrase
pairs_arith_v2.csv,11531,arithmetic,gsm8k_test_1289,train,remove,C2_answer_bearing,gsm8k_solution_frag
pairs_arith_v2.csv,11532,arithmetic,gsm8k_test_1289,train,retain,H2_same_template,gsmplus_numerical_substitution
pairs_arith_v2.csv,11533,arithmetic,gsm8k_test_1289,train,remove,C1_transformed,gsmplus_problem_understanding
pairs_arith_v2.csv,11534,arithmetic,gsm8k_test_1289,train,retain,H2_same_template,gsmplus_critical_thinking
pairs_arith_v2.csv,11535,arithmetic,gsm8k_test_1289,train,retain,H1_same_topic,svamp
pairs_arith_v2.csv,11536,arithmetic,gsm8k_test_1289,train,retain,H3_predating,asdiv
pairs_arith_v2.csv,11537,arithmetic,gsm8k_test_1289,train,retain,R_random,truthfulqa
pairs_arith_v2.csv,11574,arithmetic,gsm8k_test_1294,train,remove,C0_exact,gsm8k_copy
pairs_arith_v2.csv,11575,arithmetic,gsm8k_test_1294,train,remove,C1_transformed,lmsys_rephrase
pairs_arith_v2.csv,11576,arithmetic,gsm8k_test_1294,train,remove,C2_answer_bearing,gsm8k_solution_frag
pairs_arith_v2.csv,11577,arithmetic,gsm8k_test_1294,train,retain,H2_same_template,gsmplus_numerical_substitution
pairs_arith_v2.csv,11578,arithmetic,gsm8k_test_1294,train,remove,C1_transformed,gsmplus_problem_understanding
pairs_arith_v2.csv,11579,arithmetic,gsm8k_test_1294,train,retain,H2_same_template,gsmplus_critical_thinking
pairs_arith_v2.csv,11580,arithmetic,gsm8k_test_1294,train,retain,H1_same_topic,svamp
pairs_arith_v2.csv,11581,arithmetic,gsm8k_test_1294,train,retain,H3_predating,asdiv
pairs_arith_v2.csv,11582,arithmetic,gsm8k_test_1294,train,retain,R_random,truthfulqa
pairs_arith_v2.csv,11583,arithmetic,gsm8k_test_1295,train,remove,C0_exact,gsm8k_copy
pairs_arith_v2.csv,11584,arithmetic,gsm8k_test_1295,train,remove,C1_transformed,lmsys_rephrase
pairs_arith_v2.csv,11585,arithmetic,gsm8k_test_1295,train,remove,C2_answer_bearing,gsm8k_solution_frag
pairs_arith_v2.csv,11586,arithmetic,gsm8k_test_1295,train,retain,H2_same_template,gsmplus_numerical_substitution
pairs_arith_v2.csv,11587,arithmetic,gsm8k_test_1295,train,remove,C1_transformed,gsmplus_problem_understanding
pairs_arith_v2.csv,11588,arithmetic,gsm8k_test_1295,train,retain,H2_same_template,gsmplus_critical_thinking
pairs_arith_v2.csv,11589,arithmetic,gsm8k_test_1295,train,retain,H1_same_topic,svamp
pairs_arith_v2.csv,11590,arithmetic,gsm8k_test_1295,train,retain,H3_predating,asdiv
pairs_arith_v2.csv,11591,arithmetic,gsm8k_test_1295,train,retain,R_random,truthfulqa
pairs_arith_v2.csv,11601,arithmetic,gsm8k_test_1297,train,remove,C0_exact,gsm8k_copy
pairs_arith_v2.csv,11602,arithmetic,gsm8k_test_1297,train,remove,C1_transformed,lmsys_rephrase
pairs_arith_v2.csv,11603,arithmetic,gsm8k_test_1297,train,remove,C2_answer_bearing,gsm8k_solution_frag
pairs_arith_v2.csv,11604,arithmetic,gsm8k_test_1297,train,retain,H2_same_template,gsmplus_numerical_substitution
pairs_arith_v2.csv,11605,arithmetic,gsm8k_test_1297,train,remove,C1_transformed,gsmplus_problem_understanding
pairs_arith_v2.csv,11606,arithmetic,gsm8k_test_1297,train,retain,H2_same_template,gsmplus_critical_thinking
pairs_arith_v2.csv,11607,arithmetic,gsm8k_test_1297,train,retain,H1_same_topic,svamp
pairs_arith_v2.csv,11608,arithmetic,gsm8k_test_1297,train,retain,H3_predating,asdiv
pairs_arith_v2.csv,11609,arithmetic,gsm8k_test_1297,train,retain,R_random,truthfulqa
pairs_arith_v2.csv,11619,arithmetic,gsm8k_test_1299,train,remove,C0_exact,gsm8k_copy
pairs_arith_v2.csv,11620,arithmetic,gsm8k_test_1299,train,remove,C1_transformed,lmsys_rephrase
pairs_arith_v2.csv,11621,arithmetic,gsm8k_test_1299,train,remove,C2_answer_bearing,gsm8k_solution_frag
pairs_arith_v2.csv,11622,arithmetic,gsm8k_test_1299,train,retain,H2_same_template,gsmplus_numerical_substitution
pairs_arith_v2.csv,11623,arithmetic,gsm8k_test_1299,train,remove,C1_transformed,gsmplus_problem_understanding
pairs_arith_v2.csv,11624,arithmetic,gsm8k_test_1299,train,retain,H2_same_template,gsmplus_critical_thinking
pairs_arith_v2.csv,11625,arithmetic,gsm8k_test_1299,train,retain,H1_same_topic,svamp
pairs_arith_v2.csv,11626,arithmetic,gsm8k_test_1299,train,retain,H3_predating,asdiv
pairs_arith_v2.csv,11627,arithmetic,gsm8k_test_1299,train,retain,R_random,truthfulqa
pairs_arith_v2.csv,11655,arithmetic,gsm8k_test_1303,train,remove,C0_exact,gsm8k_copy
pairs_arith_v2.csv,11656,arithmetic,gsm8k_test_1303,train,remove,C1_transformed,lmsys_rephrase
pairs_arith_v2.csv,11657,arithmetic,gsm8k_test_1303,train,remove,C2_answer_bearing,gsm8k_solution_frag
pairs_arith_v2.csv,11658,arithmetic,gsm8k_test_1303,train,retain,H2_same_template,gsmplus_numerical_substitution
pairs_arith_v2.csv,11659,arithmetic,gsm8k_test_1303,train,remove,C1_transformed,gsmplus_problem_understanding
pairs_arith_v2.csv,11660,arithmetic,gsm8k_test_1303,train,retain,H2_same_template,gsmplus_critical_thinking
pairs_arith_v2.csv,11661,arithmetic,gsm8k_test_1303,train,retain,H1_same_topic,svamp
pairs_arith_v2.csv,11662,arithmetic,gsm8k_test_1303,train,retain,H3_predating,asdiv
pairs_arith_v2.csv,11663,arithmetic,gsm8k_test_1303,train,retain,R_random,truthfulqa
pairs_arith_v2.csv,11664,arithmetic,gsm8k_test_1304,train,remove,C0_exact,gsm8k_copy
pairs_arith_v2.csv,11665,arithmetic,gsm8k_test_1304,train,remove,C1_transformed,lmsys_rephrase
pairs_arith_v2.csv,11666,arithmetic,gsm8k_test_1304,train,remove,C2_answer_bearing,gsm8k_solution_frag
pairs_arith_v2.csv,11667,arithmetic,gsm8k_test_1304,train,retain,H2_same_template,gsmplus_numerical_substitution
pairs_arith_v2.csv,11668,arithmetic,gsm8k_test_1304,train,remove,C1_transformed,gsmplus_problem_understanding
pairs_arith_v2.csv,11669,arithmetic,gsm8k_test_1304,train,retain,H2_same_template,gsmplus_critical_thinking
pairs_arith_v2.csv,11670,arithmetic,gsm8k_test_1304,train,retain,H1_same_topic,svamp
pairs_arith_v2.csv,11671,arithmetic,gsm8k_test_1304,train,retain,H3_predating,asdiv
pairs_arith_v2.csv,11672,arithmetic,gsm8k_test_1304,train,retain,R_random,truthfulqa
pairs_arith_v2.csv,11700,arithmetic,gsm8k_test_1308,train,remove,C0_exact,gsm8k_copy
pairs_arith_v2.csv,11701,arithmetic,gsm8k_test_1308,train,remove,C1_transformed,lmsys_rephrase
pairs_arith_v2.csv,11702,arithmetic,gsm8k_test_1308,train,remove,C2_answer_bearing,gsm8k_solution_frag
pairs_arith_v2.csv,11703,arithmetic,gsm8k_test_1308,train,retain,H2_same_template,gsmplus_numerical_substitution
pairs_arith_v2.csv,11704,arithmetic,gsm8k_test_1308,train,remove,C1_transformed,gsmplus_problem_understanding
pairs_arith_v2.csv,11705,arithmetic,gsm8k_test_1308,train,retain,H2_same_template,gsmplus_critical_thinking
pairs_arith_v2.csv,11706,arithmetic,gsm8k_test_1308,train,retain,H1_same_topic,svamp
pairs_arith_v2.csv,11707,arithmetic,gsm8k_test_1308,train,retain,H3_predating,asdiv
pairs_arith_v2.csv,11708,arithmetic,gsm8k_test_1308,train,retain,R_random,truthfulqa
pairs_arith_v2.csv,11736,arithmetic,gsm8k_test_1312,train,remove,C0_exact,gsm8k_copy
pairs_arith_v2.csv,11737,arithmetic,gsm8k_test_1312,train,remove,C1_transformed,lmsys_rephrase
pairs_arith_v2.csv,11738,arithmetic,gsm8k_test_1312,train,remove,C2_answer_bearing,gsm8k_solution_frag
pairs_arith_v2.csv,11739,arithmetic,gsm8k_test_1312,train,retain,H2_same_template,gsmplus_numerical_substitution
pairs_arith_v2.csv,11740,arithmetic,gsm8k_test_1312,train,remove,C1_transformed,gsmplus_problem_understanding
pairs_arith_v2.csv,11741,arithmetic,gsm8k_test_1312,train,retain,H2_same_template,gsmplus_critical_thinking
pairs_arith_v2.csv,11742,arithmetic,gsm8k_test_1312,train,retain,H1_same_topic,svamp
pairs_arith_v2.csv,11743,arithmetic,gsm8k_test_1312,train,retain,H3_predating,asdiv
pairs_arith_v2.csv,11744,arithmetic,gsm8k_test_1312,train,retain,R_random,truthfulqa
pairs_arith_v2.csv,11754,arithmetic,gsm8k_test_1314,train,remove,C0_exact,gsm8k_copy
pairs_arith_v2.csv,11755,arithmetic,gsm8k_test_1314,train,remove,C1_transformed,lmsys_rephrase
pairs_arith_v2.csv,11756,arithmetic,gsm8k_test_1314,train,remove,C2_answer_bearing,gsm8k_solution_frag
pairs_arith_v2.csv,11757,arithmetic,gsm8k_test_1314,train,retain,H2_same_template,gsmplus_numerical_substitution
pairs_arith_v2.csv,11758,arithmetic,gsm8k_test_1314,train,remove,C1_transformed,gsmplus_problem_understanding
pairs_arith_v2.csv,11759,arithmetic,gsm8k_test_1314,train,retain,H2_same_template,gsmplus_critical_thinking
pairs_arith_v2.csv,11760,arithmetic,gsm8k_test_1314,train,retain,H1_same_topic,svamp
pairs_arith_v2.csv,11761,arithmetic,gsm8k_test_1314,train,retain,H3_predating,asdiv
pairs_arith_v2.csv,11762,arithmetic,gsm8k_test_1314,train,retain,R_random,truthfulqa
pairs_arith_v2.csv,11763,arithmetic,gsm8k_test_1315,train,remove,C0_exact,gsm8k_copy
pairs_arith_v2.csv,11764,arithmetic,gsm8k_test_1315,train,remove,C1_transformed,lmsys_rephrase
pairs_arith_v2.csv,11765,arithmetic,gsm8k_test_1315,train,remove,C2_answer_bearing,gsm8k_solution_frag
pairs_arith_v2.csv,11766,arithmetic,gsm8k_test_1315,train,retain,H2_same_template,gsmplus_numerical_substitution
pairs_arith_v2.csv,11767,arithmetic,gsm8k_test_1315,train,remove,C1_transformed,gsmplus_problem_understanding
pairs_arith_v2.csv,11768,arithmetic,gsm8k_test_1315,train,retain,H2_same_template,gsmplus_critical_thinking
pairs_arith_v2.csv,11769,arithmetic,gsm8k_test_1315,train,retain,H1_same_topic,svamp
pairs_arith_v2.csv,11770,arithmetic,gsm8k_test_1315,train,retain,H3_predating,asdiv
pairs_arith_v2.csv,11771,arithmetic,gsm8k_test_1315,train,retain,R_random,truthfulqa
pairs_arith_v2.csv,11772,arithmetic,gsm8k_test_1316,train,remove,C0_exact,gsm8k_copy
pairs_arith_v2.csv,11773,arithmetic,gsm8k_test_1316,train,remove,C1_transformed,lmsys_rephrase
pairs_arith_v2.csv,11774,arithmetic,gsm8k_test_1316,train,remove,C2_answer_bearing,gsm8k_solution_frag
pairs_arith_v2.csv,11775,arithmetic,gsm8k_test_1316,train,retain,H2_same_template,gsmplus_numerical_substitution
pairs_arith_v2.csv,11776,arithmetic,gsm8k_test_1316,train,remove,C1_transformed,gsmplus_problem_understanding
pairs_arith_v2.csv,11777,arithmetic,gsm8k_test_1316,train,retain,H2_same_template,gsmplus_critical_thinking
pairs_arith_v2.csv,11778,arithmetic,gsm8k_test_1316,train,retain,H1_same_topic,svamp
pairs_arith_v2.csv,11779,arithmetic,gsm8k_test_1316,train,retain,H3_predating,asdiv
pairs_arith_v2.csv,11780,arithmetic,gsm8k_test_1316,train,retain,R_random,truthfulqa
pairs_arith_v2.csv,11781,arithmetic,gsm8k_test_1317,train,remove,C0_exact,gsm8k_copy
pairs_arith_v2.csv,11782,arithmetic,gsm8k_test_1317,train,remove,C1_transformed,lmsys_rephrase
pairs_arith_v2.csv,11783,arithmetic,gsm8k_test_1317,train,remove,C2_answer_bearing,gsm8k_solution_frag
pairs_arith_v2.csv,11784,arithmetic,gsm8k_test_1317,train,retain,H2_same_template,gsmplus_numerical_substitution
pairs_arith_v2.csv,11785,arithmetic,gsm8k_test_1317,train,remove,C1_transformed,gsmplus_problem_understanding
pairs_arith_v2.csv,11786,arithmetic,gsm8k_test_1317,train,retain,H2_same_template,gsmplus_critical_thinking
pairs_arith_v2.csv,11787,arithmetic,gsm8k_test_1317,train,retain,H1_same_topic,svamp
pairs_arith_v2.csv,11788,arithmetic,gsm8k_test_1317,train,retain,H3_predating,asdiv
pairs_arith_v2.csv,11789,arithmetic,gsm8k_test_1317,train,retain,R_random,truthfulqa
pairs_arith_v2.csv,11807,arithmetic,gsm8k_test_0184,train,retain,H2_gsm_symbolic,gsm_symbolic
pairs_arith_v2.csv,11808,arithmetic,gsm8k_test_0184,train,retain,H2_gsm_symbolic,gsm_symbolic
pairs_arith_v2.csv,11809,arithmetic,gsm8k_test_0184,train,retain,H2_gsm_symbolic_p1,gsm_symbolic_p1
pairs_arith_v2.csv,11810,arithmetic,gsm8k_test_0184,train,retain,H2_gsm_symbolic_p2,gsm_symbolic_p2
pairs_arith_v2.csv,11819,arithmetic,gsm8k_test_0116,train,retain,H2_gsm_symbolic,gsm_symbolic
pairs_arith_v2.csv,11820,arithmetic,gsm8k_test_0116,train,retain,H2_gsm_symbolic,gsm_symbolic
pairs_arith_v2.csv,11821,arithmetic,gsm8k_test_0116,train,retain,H2_gsm_symbolic_p1,gsm_symbolic_p1
pairs_arith_v2.csv,11822,arithmetic,gsm8k_test_0116,train,retain,H2_gsm_symbolic_p2,gsm_symbolic_p2
pairs_arith_v2.csv,11823,arithmetic,gsm8k_test_0145,train,retain,H2_gsm_symbolic,gsm_symbolic
pairs_arith_v2.csv,11824,arithmetic,gsm8k_test_0145,train,retain,H2_gsm_symbolic,gsm_symbolic
pairs_arith_v2.csv,11825,arithmetic,gsm8k_test_0145,train,retain,H2_gsm_symbolic_p1,gsm_symbolic_p1
pairs_arith_v2.csv,11826,arithmetic,gsm8k_test_0145,train,retain,H2_gsm_symbolic_p2,gsm_symbolic_p2
pairs_arith_v2.csv,11827,arithmetic,gsm8k_test_0459,train,retain,H2_gsm_symbolic,gsm_symbolic
pairs_arith_v2.csv,11828,arithmetic,gsm8k_test_0459,train,retain,H2_gsm_symbolic,gsm_symbolic
pairs_arith_v2.csv,11829,arithmetic,gsm8k_test_0459,train,retain,H2_gsm_symbolic_p1,gsm_symbolic_p1
pairs_arith_v2.csv,11830,arithmetic,gsm8k_test_0459,train,retain,H2_gsm_symbolic_p2,gsm_symbolic_p2
pairs_arith_v2.csv,11831,arithmetic,gsm8k_test_0269,train,retain,H2_gsm_symbolic,gsm_symbolic
pairs_arith_v2.csv,11832,arithmetic,gsm8k_test_0269,train,retain,H2_gsm_symbolic,gsm_symbolic
pairs_arith_v2.csv,11833,arithmetic,gsm8k_test_0269,train,retain,H2_gsm_symbolic_p1,gsm_symbolic_p1
pairs_arith_v2.csv,11834,arithmetic,gsm8k_test_0269,train,retain,H2_gsm_symbolic_p2,gsm_symbolic_p2
pairs_arith_v2.csv,11855,arithmetic,gsm8k_test_0684,train,retain,H2_gsm_symbolic,gsm_symbolic
pairs_arith_v2.csv,11856,arithmetic,gsm8k_test_0684,train,retain,H2_gsm_symbolic,gsm_symbolic
pairs_arith_v2.csv,11857,arithmetic,gsm8k_test_0684,train,retain,H2_gsm_symbolic_p1,gsm_symbolic_p1
pairs_arith_v2.csv,11858,arithmetic,gsm8k_test_0684,train,retain,H2_gsm_symbolic_p2,gsm_symbolic_p2
pairs_arith_v2.csv,11859,arithmetic,gsm8k_test_0458,train,retain,H2_gsm_symbolic,gsm_symbolic
pairs_arith_v2.csv,11860,arithmetic,gsm8k_test_0458,train,retain,H2_gsm_symbolic,gsm_symbolic
pairs_arith_v2.csv,11861,arithmetic,gsm8k_test_0458,train,retain,H2_gsm_symbolic_p1,gsm_symbolic_p1
pairs_arith_v2.csv,11862,arithmetic,gsm8k_test_0458,train,retain,H2_gsm_symbolic_p2,gsm_symbolic_p2
pairs_arith_v2.csv,11867,arithmetic,gsm8k_test_1133,train,retain,H2_gsm_symbolic,gsm_symbolic
pairs_arith_v2.csv,11868,arithmetic,gsm8k_test_1133,train,retain,H2_gsm_symbolic,gsm_symbolic
pairs_arith_v2.csv,11869,arithmetic,gsm8k_test_1133,train,retain,H2_gsm_symbolic_p1,gsm_symbolic_p1
pairs_arith_v2.csv,11870,arithmetic,gsm8k_test_1133,train,retain,H2_gsm_symbolic_p2,gsm_symbolic_p2
pairs_arith_v2.csv,11875,arithmetic,gsm8k_test_1021,train,retain,H2_gsm_symbolic,gsm_symbolic
pairs_arith_v2.csv,11876,arithmetic,gsm8k_test_1021,train,retain,H2_gsm_symbolic,gsm_symbolic
pairs_arith_v2.csv,11877,arithmetic,gsm8k_test_1021,train,retain,H2_gsm_symbolic_p1,gsm_symbolic_p1
pairs_arith_v2.csv,11878,arithmetic,gsm8k_test_1021,train,retain,H2_gsm_symbolic_p2,gsm_symbolic_p2
pairs_arith_v2.csv,11883,arithmetic,gsm8k_test_0107,train,retain,H2_gsm_symbolic,gsm_symbolic
pairs_arith_v2.csv,11884,arithmetic,gsm8k_test_0107,train,retain,H2_gsm_symbolic,gsm_symbolic
pairs_arith_v2.csv,11885,arithmetic,gsm8k_test_0107,train,retain,H2_gsm_symbolic_p1,gsm_symbolic_p1
pairs_arith_v2.csv,11886,arithmetic,gsm8k_test_0107,train,retain,H2_gsm_symbolic_p2,gsm_symbolic_p2
pairs_arith_v2.csv,11887,arithmetic,gsm8k_test_0125,train,retain,H2_gsm_symbolic,gsm_symbolic
pairs_arith_v2.csv,11888,arithmetic,gsm8k_test_0125,train,retain,H2_gsm_symbolic,gsm_symbolic
pairs_arith_v2.csv,11889,arithmetic,gsm8k_test_0125,train,retain,H2_gsm_symbolic_p1,gsm_symbolic_p1
pairs_arith_v2.csv,11890,arithmetic,gsm8k_test_0125,train,retain,H2_gsm_symbolic_p2,gsm_symbolic_p2
pairs_arith_v2.csv,11891,arithmetic,gsm8k_test_0520,train,retain,H2_gsm_symbolic,gsm_symbolic
pairs_arith_v2.csv,11892,arithmetic,gsm8k_test_0520,train,retain,H2_gsm_symbolic,gsm_symbolic
pairs_arith_v2.csv,11893,arithmetic,gsm8k_test_0520,train,retain,H2_gsm_symbolic_p1,gsm_symbolic_p1
pairs_arith_v2.csv,11894,arithmetic,gsm8k_test_0520,train,retain,H2_gsm_symbolic_p2,gsm_symbolic_p2
pairs_arith_v2.csv,11915,arithmetic,gsm8k_test_0496,train,retain,H2_gsm_symbolic,gsm_symbolic
pairs_arith_v2.csv,11916,arithmetic,gsm8k_test_0496,train,retain,H2_gsm_symbolic,gsm_symbolic
pairs_arith_v2.csv,11917,arithmetic,gsm8k_test_0496,train,retain,H2_gsm_symbolic_p1,gsm_symbolic_p1
pairs_arith_v2.csv,11918,arithmetic,gsm8k_test_0496,train,retain,H2_gsm_symbolic_p2,gsm_symbolic_p2
pairs_arith_v2.csv,11927,arithmetic,gsm8k_test_0265,train,retain,H2_gsm_symbolic,gsm_symbolic
pairs_arith_v2.csv,11928,arithmetic,gsm8k_test_0265,train,retain,H2_gsm_symbolic,gsm_symbolic
pairs_arith_v2.csv,11929,arithmetic,gsm8k_test_0265,train,retain,H2_gsm_symbolic_p1,gsm_symbolic_p1
pairs_arith_v2.csv,11930,arithmetic,gsm8k_test_0265,train,retain,H2_gsm_symbolic_p2,gsm_symbolic_p2
pairs_arith_v2.csv,11935,arithmetic,gsm8k_test_0266,train,retain,H2_gsm_symbolic,gsm_symbolic
pairs_arith_v2.csv,11936,arithmetic,gsm8k_test_0266,train,retain,H2_gsm_symbolic,gsm_symbolic
pairs_arith_v2.csv,11937,arithmetic,gsm8k_test_0266,train,retain,H2_gsm_symbolic_p1,gsm_symbolic_p1
pairs_arith_v2.csv,11938,arithmetic,gsm8k_test_0266,train,retain,H2_gsm_symbolic_p2,gsm_symbolic_p2
pairs_arith_v2.csv,11939,arithmetic,gsm8k_test_0788,train,retain,H2_gsm_symbolic,gsm_symbolic
pairs_arith_v2.csv,11940,arithmetic,gsm8k_test_0788,train,retain,H2_gsm_symbolic,gsm_symbolic
pairs_arith_v2.csv,11941,arithmetic,gsm8k_test_0788,train,retain,H2_gsm_symbolic_p1,gsm_symbolic_p1
pairs_arith_v2.csv,11942,arithmetic,gsm8k_test_0788,train,retain,H2_gsm_symbolic_p2,gsm_symbolic_p2
pairs_arith_v2.csv,11943,arithmetic,gsm8k_test_0011,train,retain,H2_gsm_symbolic,gsm_symbolic
pairs_arith_v2.csv,11944,arithmetic,gsm8k_test_0011,train,retain,H2_gsm_symbolic,gsm_symbolic
pairs_arith_v2.csv,11945,arithmetic,gsm8k_test_0011,train,retain,H2_gsm_symbolic_p1,gsm_symbolic_p1
pairs_arith_v2.csv,11946,arithmetic,gsm8k_test_0011,train,retain,H2_gsm_symbolic_p2,gsm_symbolic_p2
pairs_arith_v2.csv,11947,arithmetic,gsm8k_test_0921,train,retain,H2_gsm_symbolic,gsm_symbolic
pairs_arith_v2.csv,11948,arithmetic,gsm8k_test_0921,train,retain,H2_gsm_symbolic,gsm_symbolic
pairs_arith_v2.csv,11949,arithmetic,gsm8k_test_0921,train,retain,H2_gsm_symbolic_p1,gsm_symbolic_p1
pairs_arith_v2.csv,11950,arithmetic,gsm8k_test_0921,train,retain,H2_gsm_symbolic_p2,gsm_symbolic_p2
pairs_arith_v2.csv,11951,arithmetic,gsm8k_test_0799,train,retain,H2_gsm_symbolic,gsm_symbolic
pairs_arith_v2.csv,11952,arithmetic,gsm8k_test_0799,train,retain,H2_gsm_symbolic,gsm_symbolic
pairs_arith_v2.csv,11953,arithmetic,gsm8k_test_0799,train,retain,H2_gsm_symbolic_p1,gsm_symbolic_p1
pairs_arith_v2.csv,11954,arithmetic,gsm8k_test_0799,train,retain,H2_gsm_symbolic_p2,gsm_symbolic_p2
pairs_arith_v2.csv,11955,arithmetic,gsm8k_test_1239,train,retain,H2_gsm_symbolic,gsm_symbolic
pairs_arith_v2.csv,11956,arithmetic,gsm8k_test_1239,train,retain,H2_gsm_symbolic,gsm_symbolic
pairs_arith_v2.csv,11957,arithmetic,gsm8k_test_1239,train,retain,H2_gsm_symbolic_p1,gsm_symbolic_p1
pairs_arith_v2.csv,11958,arithmetic,gsm8k_test_1239,train,retain,H2_gsm_symbolic_p2,gsm_symbolic_p2
pairs_arith_v2.csv,11959,arithmetic,gsm8k_test_0410,train,retain,H2_gsm_symbolic,gsm_symbolic
pairs_arith_v2.csv,11960,arithmetic,gsm8k_test_0410,train,retain,H2_gsm_symbolic,gsm_symbolic
pairs_arith_v2.csv,11961,arithmetic,gsm8k_test_0410,train,retain,H2_gsm_symbolic_p1,gsm_symbolic_p1
pairs_arith_v2.csv,11962,arithmetic,gsm8k_test_0410,train,retain,H2_gsm_symbolic_p2,gsm_symbolic_p2
pairs_arith_v2.csv,11963,arithmetic,gsm8k_test_1268,train,retain,H2_gsm_symbolic,gsm_symbolic
pairs_arith_v2.csv,11964,arithmetic,gsm8k_test_1268,train,retain,H2_gsm_symbolic,gsm_symbolic
pairs_arith_v2.csv,11965,arithmetic,gsm8k_test_1268,train,retain,H2_gsm_symbolic_p1,gsm_symbolic_p1
pairs_arith_v2.csv,11966,arithmetic,gsm8k_test_1268,train,retain,H2_gsm_symbolic_p2,gsm_symbolic_p2
pairs_arith_v2.csv,11983,arithmetic,gsm8k_test_1031,train,retain,H2_gsm_symbolic,gsm_symbolic
pairs_arith_v2.csv,11984,arithmetic,gsm8k_test_1031,train,retain,H2_gsm_symbolic,gsm_symbolic
pairs_arith_v2.csv,11985,arithmetic,gsm8k_test_1031,train,retain,H2_gsm_symbolic_p1,gsm_symbolic_p1
pairs_arith_v2.csv,11986,arithmetic,gsm8k_test_1031,train,retain,H2_gsm_symbolic_p2,gsm_symbolic_p2
pairs_arith_v2.csv,11991,arithmetic,gsm8k_test_0989,train,retain,H2_gsm_symbolic,gsm_symbolic
pairs_arith_v2.csv,11992,arithmetic,gsm8k_test_0989,train,retain,H2_gsm_symbolic,gsm_symbolic
pairs_arith_v2.csv,11993,arithmetic,gsm8k_test_0989,train,retain,H2_gsm_symbolic_p1,gsm_symbolic_p1
pairs_arith_v2.csv,11994,arithmetic,gsm8k_test_0989,train,retain,H2_gsm_symbolic_p2,gsm_symbolic_p2
pairs_arith_v2.csv,11999,arithmetic,gsm8k_test_0440,train,retain,H2_gsm_symbolic,gsm_symbolic
pairs_arith_v2.csv,12000,arithmetic,gsm8k_test_0440,train,retain,H2_gsm_symbolic,gsm_symbolic
pairs_arith_v2.csv,12001,arithmetic,gsm8k_test_0440,train,retain,H2_gsm_symbolic_p1,gsm_symbolic_p1
pairs_arith_v2.csv,12002,arithmetic,gsm8k_test_0074,train,retain,H2_gsm_symbolic,gsm_symbolic
pairs_arith_v2.csv,12003,arithmetic,gsm8k_test_0074,train,retain,H2_gsm_symbolic,gsm_symbolic
pairs_arith_v2.csv,12004,arithmetic,gsm8k_test_0074,train,retain,H2_gsm_symbolic_p1,gsm_symbolic_p1
pairs_arith_v2.csv,12005,arithmetic,gsm8k_test_0843,train,retain,H2_gsm_symbolic,gsm_symbolic
pairs_arith_v2.csv,12006,arithmetic,gsm8k_test_0843,train,retain,H2_gsm_symbolic,gsm_symbolic
pairs_arith_v2.csv,12007,arithmetic,gsm8k_test_0843,train,retain,H2_gsm_symbolic_p1,gsm_symbolic_p1
pairs_arith_v2.csv,12008,arithmetic,gsm8k_test_0800,train,retain,H2_gsm_symbolic,gsm_symbolic
pairs_arith_v2.csv,12009,arithmetic,gsm8k_test_0800,train,retain,H2_gsm_symbolic,gsm_symbolic
pairs_arith_v2.csv,12010,arithmetic,gsm8k_test_0800,train,retain,H2_gsm_symbolic_p1,gsm_symbolic_p1
pairs_arith_v2.csv,12026,arithmetic,gsm8k_test_0020,train,retain,H2_gsm_symbolic,gsm_symbolic
pairs_arith_v2.csv,12027,arithmetic,gsm8k_test_0020,train,retain,H2_gsm_symbolic,gsm_symbolic
pairs_arith_v2.csv,12028,arithmetic,gsm8k_test_0020,train,retain,H2_gsm_symbolic_p1,gsm_symbolic_p1
pairs_arith_v2.csv,12032,arithmetic,gsm8k_test_1247,train,retain,H2_gsm_symbolic,gsm_symbolic
pairs_arith_v2.csv,12033,arithmetic,gsm8k_test_1247,train,retain,H2_gsm_symbolic,gsm_symbolic
pairs_arith_v2.csv,12034,arithmetic,gsm8k_test_1247,train,retain,H2_gsm_symbolic_p1,gsm_symbolic_p1
pairs_arith_v2.csv,12035,arithmetic,gsm8k_test_0456,train,retain,H2_gsm_symbolic,gsm_symbolic
pairs_arith_v2.csv,12036,arithmetic,gsm8k_test_0456,train,retain,H2_gsm_symbolic,gsm_symbolic
pairs_arith_v2.csv,12037,arithmetic,gsm8k_test_0456,train,retain,H2_gsm_symbolic_p1,gsm_symbolic_p1
pairs_arith_v2.csv,12050,arithmetic,gsm8k_test_1275,train,retain,H2_gsm_symbolic,gsm_symbolic
pairs_arith_v2.csv,12051,arithmetic,gsm8k_test_1275,train,retain,H2_gsm_symbolic,gsm_symbolic
pairs_arith_v2.csv,12052,arithmetic,gsm8k_test_1275,train,retain,H2_gsm_symbolic_p1,gsm_symbolic_p1
pairs_arith_v2.csv,12053,arithmetic,gsm8k_test_0220,train,retain,H2_gsm_symbolic,gsm_symbolic
pairs_arith_v2.csv,12054,arithmetic,gsm8k_test_0220,train,retain,H2_gsm_symbolic,gsm_symbolic
pairs_arith_v2.csv,12055,arithmetic,gsm8k_test_0220,train,retain,H2_gsm_symbolic_p1,gsm_symbolic_p1
pairs_arith_v2.csv,12056,arithmetic,gsm8k_test_0300,train,retain,H2_gsm_symbolic,gsm_symbolic
pairs_arith_v2.csv,12057,arithmetic,gsm8k_test_0300,train,retain,H2_gsm_symbolic,gsm_symbolic
pairs_arith_v2.csv,12058,arithmetic,gsm8k_test_0300,train,retain,H2_gsm_symbolic_p1,gsm_symbolic_p1
pairs_arith_v2.csv,12062,arithmetic,gsm8k_test_0937,train,retain,H2_gsm_symbolic,gsm_symbolic
pairs_arith_v2.csv,12063,arithmetic,gsm8k_test_0937,train,retain,H2_gsm_symbolic,gsm_symbolic
pairs_arith_v2.csv,12064,arithmetic,gsm8k_test_0937,train,retain,H2_gsm_symbolic_p1,gsm_symbolic_p1
pairs_arith_v2.csv,12068,arithmetic,gsm8k_test_0991,train,retain,H2_gsm_symbolic,gsm_symbolic
pairs_arith_v2.csv,12069,arithmetic,gsm8k_test_0991,train,retain,H2_gsm_symbolic,gsm_symbolic
pairs_arith_v2.csv,12070,arithmetic,gsm8k_test_0991,train,retain,H2_gsm_symbolic_p1,gsm_symbolic_p1
pairs_arith_v2.csv,12071,arithmetic,gsm8k_test_0364,train,retain,H2_gsm_symbolic,gsm_symbolic
pairs_arith_v2.csv,12072,arithmetic,gsm8k_test_0364,train,retain,H2_gsm_symbolic,gsm_symbolic
pairs_arith_v2.csv,12073,arithmetic,gsm8k_test_0364,train,retain,H2_gsm_symbolic_p1,gsm_symbolic_p1
pairs_arith_v2.csv,12074,arithmetic,gsm8k_test_1111,train,retain,H2_gsm_symbolic,gsm_symbolic
pairs_arith_v2.csv,12075,arithmetic,gsm8k_test_1111,train,retain,H2_gsm_symbolic,gsm_symbolic
pairs_arith_v2.csv,12076,arithmetic,gsm8k_test_1111,train,retain,H2_gsm_symbolic_p1,gsm_symbolic_p1
pairs_arith_v2.csv,12077,arithmetic,gsm8k_test_1207,train,retain,H2_gsm_symbolic,gsm_symbolic
pairs_arith_v2.csv,12078,arithmetic,gsm8k_test_1207,train,retain,H2_gsm_symbolic,gsm_symbolic
pairs_arith_v2.csv,12079,arithmetic,gsm8k_test_1207,train,retain,H2_gsm_symbolic_p1,gsm_symbolic_p1
pairs_arith_v2.csv,12080,arithmetic,gsm8k_test_0655,train,retain,H2_gsm_symbolic,gsm_symbolic
pairs_arith_v2.csv,12081,arithmetic,gsm8k_test_0655,train,retain,H2_gsm_symbolic,gsm_symbolic
pairs_arith_v2.csv,12082,arithmetic,gsm8k_test_0655,train,retain,H2_gsm_symbolic_p1,gsm_symbolic_p1
pairs_arith_v2.csv,12086,arithmetic,gsm8k_test_1074,train,retain,H2_gsm_symbolic,gsm_symbolic
pairs_arith_v2.csv,12087,arithmetic,gsm8k_test_1074,train,retain,H2_gsm_symbolic,gsm_symbolic
pairs_arith_v2.csv,12088,arithmetic,gsm8k_test_1074,train,retain,H2_gsm_symbolic_p1,gsm_symbolic_p1
pairs_arith_v2.csv,12089,arithmetic,gsm8k_test_0434,train,retain,H2_gsm_symbolic,gsm_symbolic
pairs_arith_v2.csv,12090,arithmetic,gsm8k_test_0434,train,retain,H2_gsm_symbolic,gsm_symbolic
pairs_arith_v2.csv,12091,arithmetic,gsm8k_test_0434,train,retain,H2_gsm_symbolic_p1,gsm_symbolic_p1
pairs_arith_v2.csv,12092,arithmetic,gsm8k_test_1025,train,retain,H2_gsm_symbolic,gsm_symbolic
pairs_arith_v2.csv,12093,arithmetic,gsm8k_test_1025,train,retain,H2_gsm_symbolic,gsm_symbolic
pairs_arith_v2.csv,12094,arithmetic,gsm8k_test_1025,train,retain,H2_gsm_symbolic_p1,gsm_symbolic_p1
pairs_arith_v2.csv,12095,arithmetic,gsm8k_test_0320,train,retain,H2_gsm_symbolic,gsm_symbolic
pairs_arith_v2.csv,12096,arithmetic,gsm8k_test_0320,train,retain,H2_gsm_symbolic,gsm_symbolic
pairs_arith_v2.csv,12097,arithmetic,gsm8k_test_0320,train,retain,H2_gsm_symbolic_p1,gsm_symbolic_p1
pairs_arith_v2.csv,12101,arithmetic,gsm8k_test_0336,train,retain,H2_gsm_symbolic,gsm_symbolic
pairs_arith_v2.csv,12102,arithmetic,gsm8k_test_0336,train,retain,H2_gsm_symbolic,gsm_symbolic
pairs_arith_v2.csv,12103,arithmetic,gsm8k_test_0336,train,retain,H2_gsm_symbolic_p1,gsm_symbolic_p1
pairs_arith_v2.csv,12107,arithmetic,gsm8k_test_1053,train,retain,H2_gsm_symbolic,gsm_symbolic
pairs_arith_v2.csv,12108,arithmetic,gsm8k_test_1053,train,retain,H2_gsm_symbolic,gsm_symbolic
pairs_arith_v2.csv,12109,arithmetic,gsm8k_test_1053,train,retain,H2_gsm_symbolic_p1,gsm_symbolic_p1
pairs_arith_v2.csv,12113,arithmetic,gsm8k_test_0039,train,retain,H2_gsm_symbolic,gsm_symbolic
pairs_arith_v2.csv,12114,arithmetic,gsm8k_test_0039,train,retain,H2_gsm_symbolic,gsm_symbolic
pairs_arith_v2.csv,12115,arithmetic,gsm8k_test_0039,train,retain,H2_gsm_symbolic_p1,gsm_symbolic_p1
pairs_arith_v2.csv,12134,arithmetic,gsm8k_test_0918,train,retain,H2_gsm_symbolic,gsm_symbolic
pairs_arith_v2.csv,12135,arithmetic,gsm8k_test_0918,train,retain,H2_gsm_symbolic,gsm_symbolic
pairs_arith_v2.csv,12136,arithmetic,gsm8k_test_0918,train,retain,H2_gsm_symbolic_p1,gsm_symbolic_p1
pairs_arith_v2.csv,12137,arithmetic,gsm8k_test_0357,train,retain,H2_gsm_symbolic,gsm_symbolic
pairs_arith_v2.csv,12138,arithmetic,gsm8k_test_0357,train,retain,H2_gsm_symbolic,gsm_symbolic
pairs_arith_v2.csv,12139,arithmetic,gsm8k_test_0357,train,retain,H2_gsm_symbolic_p1,gsm_symbolic_p1
pairs_arith_v2.csv,12140,arithmetic,gsm8k_test_0636,train,retain,H2_gsm_symbolic,gsm_symbolic
pairs_arith_v2.csv,12141,arithmetic,gsm8k_test_0636,train,retain,H2_gsm_symbolic,gsm_symbolic
pairs_arith_v2.csv,12142,arithmetic,gsm8k_test_0636,train,retain,H2_gsm_symbolic_p1,gsm_symbolic_p1
pairs_mcq_v2.csv,35,mcq,mmlu_abstract_algebra_0006,train,remove,C0_exact,mmlu_copy
pairs_mcq_v2.csv,36,mcq,mmlu_abstract_algebra_0006,train,remove,C1_transformed,lmsys_rephrase
pairs_mcq_v2.csv,37,mcq,mmlu_abstract_algebra_0006,train,remove,C2_answer_bearing,mmlu_answer_frag
pairs_mcq_v2.csv,38,mcq,mmlu_abstract_algebra_0006,train,retain,H1_same_topic,mmlu_same_subject_other_item
pairs_mcq_v2.csv,39,mcq,mmlu_abstract_algebra_0006,train,retain,H3_predating,logiqa
pairs_mcq_v2.csv,40,mcq,mmlu_abstract_algebra_0006,train,retain,R_random,svamp
pairs_mcq_v2.csv,47,mcq,mmlu_abstract_algebra_0008,train,remove,C0_exact,mmlu_copy
pairs_mcq_v2.csv,48,mcq,mmlu_abstract_algebra_0008,train,remove,C1_transformed,lmsys_rephrase
pairs_mcq_v2.csv,49,mcq,mmlu_abstract_algebra_0008,train,remove,C2_answer_bearing,mmlu_answer_frag
pairs_mcq_v2.csv,50,mcq,mmlu_abstract_algebra_0008,train,retain,H1_same_topic,mmlu_same_subject_other_item
pairs_mcq_v2.csv,51,mcq,mmlu_abstract_algebra_0008,train,retain,H3_predating,logiqa
pairs_mcq_v2.csv,52,mcq,mmlu_abstract_algebra_0008,train,retain,R_random,svamp
pairs_mcq_v2.csv,59,mcq,mmlu_abstract_algebra_0010,train,remove,C0_exact,mmlu_copy
pairs_mcq_v2.csv,60,mcq,mmlu_abstract_algebra_0010,train,remove,C1_transformed,lmsys_rephrase
pairs_mcq_v2.csv,61,mcq,mmlu_abstract_algebra_0010,train,remove,C2_answer_bearing,mmlu_answer_frag
pairs_mcq_v2.csv,62,mcq,mmlu_abstract_algebra_0010,train,retain,H1_same_topic,mmlu_same_subject_other_item
pairs_mcq_v2.csv,63,mcq,mmlu_abstract_algebra_0010,train,retain,H3_predating,logiqa
pairs_mcq_v2.csv,64,mcq,mmlu_abstract_algebra_0010,train,retain,R_random,svamp
pairs_mcq_v2.csv,65,mcq,mmlu_abstract_algebra_0011,train,remove,C0_exact,mmlu_copy
pairs_mcq_v2.csv,66,mcq,mmlu_abstract_algebra_0011,train,remove,C1_transformed,lmsys_rephrase
pairs_mcq_v2.csv,67,mcq,mmlu_abstract_algebra_0011,train,remove,C2_answer_bearing,mmlu_answer_frag
pairs_mcq_v2.csv,68,mcq,mmlu_abstract_algebra_0011,train,retain,H1_same_topic,mmlu_same_subject_other_item
pairs_mcq_v2.csv,69,mcq,mmlu_abstract_algebra_0011,train,retain,H3_predating,logiqa
pairs_mcq_v2.csv,70,mcq,mmlu_abstract_algebra_0011,train,retain,R_random,svamp
pairs_mcq_v2.csv,71,mcq,mmlu_abstract_algebra_0012,train,remove,C0_exact,mmlu_copy
pairs_mcq_v2.csv,72,mcq,mmlu_abstract_algebra_0012,train,remove,C1_transformed,lmsys_rephrase
pairs_mcq_v2.csv,73,mcq,mmlu_abstract_algebra_0012,train,remove,C2_answer_bearing,mmlu_answer_frag
pairs_mcq_v2.csv,74,mcq,mmlu_abstract_algebra_0012,train,retain,H1_same_topic,mmlu_same_subject_other_item
pairs_mcq_v2.csv,75,mcq,mmlu_abstract_algebra_0012,train,retain,H3_predating,logiqa
pairs_mcq_v2.csv,76,mcq,mmlu_abstract_algebra_0012,train,retain,R_random,svamp
pairs_mcq_v2.csv,83,mcq,mmlu_abstract_algebra_0014,train,remove,C0_exact,mmlu_copy
pairs_mcq_v2.csv,84,mcq,mmlu_abstract_algebra_0014,train,remove,C1_transformed,lmsys_rephrase
pairs_mcq_v2.csv,85,mcq,mmlu_abstract_algebra_0014,train,remove,C2_answer_bearing,mmlu_answer_frag
pairs_mcq_v2.csv,86,mcq,mmlu_abstract_algebra_0014,train,retain,H1_same_topic,mmlu_same_subject_other_item
pairs_mcq_v2.csv,87,mcq,mmlu_abstract_algebra_0014,train,retain,H3_predating,logiqa
pairs_mcq_v2.csv,88,mcq,mmlu_abstract_algebra_0014,train,retain,R_random,svamp
pairs_mcq_v2.csv,89,mcq,mmlu_abstract_algebra_0015,train,remove,C0_exact,mmlu_copy
pairs_mcq_v2.csv,90,mcq,mmlu_abstract_algebra_0015,train,remove,C1_transformed,lmsys_rephrase
pairs_mcq_v2.csv,91,mcq,mmlu_abstract_algebra_0015,train,remove,C2_answer_bearing,mmlu_answer_frag
pairs_mcq_v2.csv,92,mcq,mmlu_abstract_algebra_0015,train,retain,H1_same_topic,mmlu_same_subject_other_item
pairs_mcq_v2.csv,93,mcq,mmlu_abstract_algebra_0015,train,retain,H3_predating,logiqa
pairs_mcq_v2.csv,94,mcq,mmlu_abstract_algebra_0015,train,retain,R_random,svamp
pairs_mcq_v2.csv,95,mcq,mmlu_abstract_algebra_0016,train,remove,C0_exact,mmlu_copy
pairs_mcq_v2.csv,96,mcq,mmlu_abstract_algebra_0016,train,remove,C1_transformed,lmsys_rephrase
pairs_mcq_v2.csv,97,mcq,mmlu_abstract_algebra_0016,train,remove,C2_answer_bearing,mmlu_answer_frag
pairs_mcq_v2.csv,98,mcq,mmlu_abstract_algebra_0016,train,retain,H1_same_topic,mmlu_same_subject_other_item
pairs_mcq_v2.csv,99,mcq,mmlu_abstract_algebra_0016,train,retain,H3_predating,logiqa
pairs_mcq_v2.csv,100,mcq,mmlu_abstract_algebra_0016,train,retain,R_random,svamp
pairs_mcq_v2.csv,101,mcq,mmlu_abstract_algebra_0017,train,remove,C0_exact,mmlu_copy
pairs_mcq_v2.csv,102,mcq,mmlu_abstract_algebra_0017,train,remove,C1_transformed,lmsys_rephrase
pairs_mcq_v2.csv,103,mcq,mmlu_abstract_algebra_0017,train,remove,C2_answer_bearing,mmlu_answer_frag
pairs_mcq_v2.csv,104,mcq,mmlu_abstract_algebra_0017,train,retain,H1_same_topic,mmlu_same_subject_other_item
pairs_mcq_v2.csv,105,mcq,mmlu_abstract_algebra_0017,train,retain,H3_predating,logiqa
pairs_mcq_v2.csv,106,mcq,mmlu_abstract_algebra_0017,train,retain,R_random,svamp
pairs_mcq_v2.csv,107,mcq,mmlu_abstract_algebra_0018,train,remove,C0_exact,mmlu_copy
pairs_mcq_v2.csv,108,mcq,mmlu_abstract_algebra_0018,train,remove,C1_transformed,lmsys_rephrase
pairs_mcq_v2.csv,109,mcq,mmlu_abstract_algebra_0018,train,remove,C2_answer_bearing,mmlu_answer_frag
pairs_mcq_v2.csv,110,mcq,mmlu_abstract_algebra_0018,train,retain,H1_same_topic,mmlu_same_subject_other_item
pairs_mcq_v2.csv,111,mcq,mmlu_abstract_algebra_0018,train,retain,H3_predating,logiqa
pairs_mcq_v2.csv,112,mcq,mmlu_abstract_algebra_0018,train,retain,R_random,svamp
pairs_mcq_v2.csv,125,mcq,mmlu_abstract_algebra_0021,train,remove,C0_exact,mmlu_copy
pairs_mcq_v2.csv,126,mcq,mmlu_abstract_algebra_0021,train,remove,C1_transformed,lmsys_rephrase
pairs_mcq_v2.csv,127,mcq,mmlu_abstract_algebra_0021,train,remove,C2_answer_bearing,mmlu_answer_frag
pairs_mcq_v2.csv,128,mcq,mmlu_abstract_algebra_0021,train,retain,H1_same_topic,mmlu_same_subject_other_item
pairs_mcq_v2.csv,129,mcq,mmlu_abstract_algebra_0021,train,retain,H3_predating,logiqa
pairs_mcq_v2.csv,130,mcq,mmlu_abstract_algebra_0021,train,retain,R_random,svamp
pairs_mcq_v2.csv,131,mcq,mmlu_abstract_algebra_0022,train,remove,C0_exact,mmlu_copy
pairs_mcq_v2.csv,132,mcq,mmlu_abstract_algebra_0022,train,remove,C1_transformed,lmsys_rephrase
pairs_mcq_v2.csv,133,mcq,mmlu_abstract_algebra_0022,train,remove,C2_answer_bearing,mmlu_answer_frag
pairs_mcq_v2.csv,134,mcq,mmlu_abstract_algebra_0022,train,retain,H1_same_topic,mmlu_same_subject_other_item
pairs_mcq_v2.csv,135,mcq,mmlu_abstract_algebra_0022,train,retain,H3_predating,logiqa
pairs_mcq_v2.csv,136,mcq,mmlu_abstract_algebra_0022,train,retain,R_random,svamp
pairs_mcq_v2.csv,137,mcq,mmlu_abstract_algebra_0023,train,remove,C0_exact,mmlu_copy
pairs_mcq_v2.csv,138,mcq,mmlu_abstract_algebra_0023,train,remove,C1_transformed,lmsys_rephrase
pairs_mcq_v2.csv,139,mcq,mmlu_abstract_algebra_0023,train,remove,C2_answer_bearing,mmlu_answer_frag
pairs_mcq_v2.csv,140,mcq,mmlu_abstract_algebra_0023,train,retain,H1_same_topic,mmlu_same_subject_other_item
pairs_mcq_v2.csv,141,mcq,mmlu_abstract_algebra_0023,train,retain,H3_predating,logiqa
pairs_mcq_v2.csv,142,mcq,mmlu_abstract_algebra_0023,train,retain,R_random,svamp
pairs_mcq_v2.csv,143,mcq,mmlu_abstract_algebra_0024,train,remove,C0_exact,mmlu_copy
pairs_mcq_v2.csv,144,mcq,mmlu_abstract_algebra_0024,train,remove,C1_transformed,lmsys_rephrase
pairs_mcq_v2.csv,145,mcq,mmlu_abstract_algebra_0024,train,remove,C2_answer_bearing,mmlu_answer_frag
pairs_mcq_v2.csv,146,mcq,mmlu_abstract_algebra_0024,train,retain,H1_same_topic,mmlu_same_subject_other_item
pairs_mcq_v2.csv,147,mcq,mmlu_abstract_algebra_0024,train,retain,H3_predating,logiqa
pairs_mcq_v2.csv,148,mcq,mmlu_abstract_algebra_0024,train,retain,R_random,svamp
pairs_mcq_v2.csv,161,mcq,mmlu_abstract_algebra_0027,train,remove,C0_exact,mmlu_copy
pairs_mcq_v2.csv,162,mcq,mmlu_abstract_algebra_0027,train,remove,C1_transformed,lmsys_rephrase
pairs_mcq_v2.csv,163,mcq,mmlu_abstract_algebra_0027,train,remove,C2_answer_bearing,mmlu_answer_frag
pairs_mcq_v2.csv,164,mcq,mmlu_abstract_algebra_0027,train,retain,H1_same_topic,mmlu_same_subject_other_item
pairs_mcq_v2.csv,165,mcq,mmlu_abstract_algebra_0027,train,retain,H3_predating,logiqa
pairs_mcq_v2.csv,166,mcq,mmlu_abstract_algebra_0027,train,retain,R_random,svamp
pairs_mcq_v2.csv,167,mcq,mmlu_abstract_algebra_0028,train,remove,C0_exact,mmlu_copy
pairs_mcq_v2.csv,168,mcq,mmlu_abstract_algebra_0028,train,remove,C1_transformed,lmsys_rephrase
pairs_mcq_v2.csv,169,mcq,mmlu_abstract_algebra_0028,train,remove,C2_answer_bearing,mmlu_answer_frag
pairs_mcq_v2.csv,170,mcq,mmlu_abstract_algebra_0028,train,retain,H1_same_topic,mmlu_same_subject_other_item
pairs_mcq_v2.csv,171,mcq,mmlu_abstract_algebra_0028,train,retain,H3_predating,logiqa
pairs_mcq_v2.csv,172,mcq,mmlu_abstract_algebra_0028,train,retain,R_random,svamp
pairs_mcq_v2.csv,202,mcq,mmlu_abstract_algebra_0034,train,remove,C0_exact,mmlu_copy
pairs_mcq_v2.csv,203,mcq,mmlu_abstract_algebra_0034,train,remove,C1_transformed,lmsys_rephrase
pairs_mcq_v2.csv,204,mcq,mmlu_abstract_algebra_0034,train,remove,C2_answer_bearing,mmlu_answer_frag
pairs_mcq_v2.csv,205,mcq,mmlu_abstract_algebra_0034,train,retain,H1_same_topic,mmlu_same_subject_other_item
pairs_mcq_v2.csv,206,mcq,mmlu_abstract_algebra_0034,train,retain,H3_predating,logiqa
pairs_mcq_v2.csv,207,mcq,mmlu_abstract_algebra_0034,train,retain,R_random,svamp
pairs_mcq_v2.csv,214,mcq,mmlu_abstract_algebra_0036,train,remove,C0_exact,mmlu_copy
pairs_mcq_v2.csv,215,mcq,mmlu_abstract_algebra_0036,train,remove,C1_transformed,lmsys_rephrase
pairs_mcq_v2.csv,216,mcq,mmlu_abstract_algebra_0036,train,remove,C2_answer_bearing,mmlu_answer_frag
pairs_mcq_v2.csv,217,mcq,mmlu_abstract_algebra_0036,train,retain,H1_same_topic,mmlu_same_subject_other_item
pairs_mcq_v2.csv,218,mcq,mmlu_abstract_algebra_0036,train,retain,H3_predating,logiqa
pairs_mcq_v2.csv,219,mcq,mmlu_abstract_algebra_0036,train,retain,R_random,svamp
pairs_mcq_v2.csv,225,mcq,mmlu_abstract_algebra_0038,train,remove,C0_exact,mmlu_copy
pairs_mcq_v2.csv,226,mcq,mmlu_abstract_algebra_0038,train,remove,C1_transformed,lmsys_rephrase
pairs_mcq_v2.csv,227,mcq,mmlu_abstract_algebra_0038,train,remove,C2_answer_bearing,mmlu_answer_frag
pairs_mcq_v2.csv,228,mcq,mmlu_abstract_algebra_0038,train,retain,H1_same_topic,mmlu_same_subject_other_item
pairs_mcq_v2.csv,229,mcq,mmlu_abstract_algebra_0038,train,retain,H3_predating,logiqa
pairs_mcq_v2.csv,230,mcq,mmlu_abstract_algebra_0038,train,retain,R_random,svamp
pairs_mcq_v2.csv,249,mcq,mmlu_abstract_algebra_0042,train,remove,C0_exact,mmlu_copy
pairs_mcq_v2.csv,250,mcq,mmlu_abstract_algebra_0042,train,remove,C1_transformed,lmsys_rephrase
pairs_mcq_v2.csv,251,mcq,mmlu_abstract_algebra_0042,train,remove,C2_answer_bearing,mmlu_answer_frag
pairs_mcq_v2.csv,252,mcq,mmlu_abstract_algebra_0042,train,retain,H1_same_topic,mmlu_same_subject_other_item
pairs_mcq_v2.csv,253,mcq,mmlu_abstract_algebra_0042,train,retain,H3_predating,logiqa
pairs_mcq_v2.csv,254,mcq,mmlu_abstract_algebra_0042,train,retain,R_random,svamp
pairs_mcq_v2.csv,261,mcq,mmlu_abstract_algebra_0044,train,remove,C0_exact,mmlu_copy
pairs_mcq_v2.csv,262,mcq,mmlu_abstract_algebra_0044,train,remove,C2_answer_bearing,mmlu_answer_frag
pairs_mcq_v2.csv,263,mcq,mmlu_abstract_algebra_0044,train,retain,H1_same_topic,mmlu_same_subject_other_item
pairs_mcq_v2.csv,264,mcq,mmlu_abstract_algebra_0044,train,retain,H3_predating,logiqa
pairs_mcq_v2.csv,265,mcq,mmlu_abstract_algebra_0044,train,retain,R_random,svamp
pairs_mcq_v2.csv,296,mcq,mmlu_abstract_algebra_0050,train,remove,C0_exact,mmlu_copy
pairs_mcq_v2.csv,297,mcq,mmlu_abstract_algebra_0050,train,remove,C1_transformed,lmsys_rephrase
pairs_mcq_v2.csv,298,mcq,mmlu_abstract_algebra_0050,train,remove,C2_answer_bearing,mmlu_answer_frag
pairs_mcq_v2.csv,299,mcq,mmlu_abstract_algebra_0050,train,retain,H1_same_topic,mmlu_same_subject_other_item
pairs_mcq_v2.csv,300,mcq,mmlu_abstract_algebra_0050,train,retain,H3_predating,logiqa
pairs_mcq_v2.csv,301,mcq,mmlu_abstract_algebra_0050,train,retain,R_random,svamp
pairs_mcq_v2.csv,308,mcq,mmlu_abstract_algebra_0052,train,remove,C0_exact,mmlu_copy
pairs_mcq_v2.csv,309,mcq,mmlu_abstract_algebra_0052,train,remove,C1_transformed,lmsys_rephrase
pairs_mcq_v2.csv,310,mcq,mmlu_abstract_algebra_0052,train,remove,C2_answer_bearing,mmlu_answer_frag
pairs_mcq_v2.csv,311,mcq,mmlu_abstract_algebra_0052,train,retain,H1_same_topic,mmlu_same_subject_other_item
pairs_mcq_v2.csv,312,mcq,mmlu_abstract_algebra_0052,train,retain,H3_predating,logiqa
pairs_mcq_v2.csv,313,mcq,mmlu_abstract_algebra_0052,train,retain,R_random,svamp
pairs_mcq_v2.csv,332,mcq,mmlu_abstract_algebra_0056,train,remove,C0_exact,mmlu_copy
pairs_mcq_v2.csv,333,mcq,mmlu_abstract_algebra_0056,train,remove,C1_transformed,lmsys_rephrase
pairs_mcq_v2.csv,334,mcq,mmlu_abstract_algebra_0056,train,remove,C2_answer_bearing,mmlu_answer_frag
pairs_mcq_v2.csv,335,mcq,mmlu_abstract_algebra_0056,train,retain,H1_same_topic,mmlu_same_subject_other_item
pairs_mcq_v2.csv,336,mcq,mmlu_abstract_algebra_0056,train,retain,H3_predating,logiqa
pairs_mcq_v2.csv,337,mcq,mmlu_abstract_algebra_0056,train,retain,R_random,svamp
pairs_mcq_v2.csv,356,mcq,mmlu_abstract_algebra_0060,train,remove,C0_exact,mmlu_copy
pairs_mcq_v2.csv,357,mcq,mmlu_abstract_algebra_0060,train,remove,C1_transformed,lmsys_rephrase
pairs_mcq_v2.csv,358,mcq,mmlu_abstract_algebra_0060,train,remove,C2_answer_bearing,mmlu_answer_frag
pairs_mcq_v2.csv,359,mcq,mmlu_abstract_algebra_0060,train,retain,H1_same_topic,mmlu_same_subject_other_item
pairs_mcq_v2.csv,360,mcq,mmlu_abstract_algebra_0060,train,retain,H3_predating,logiqa
pairs_mcq_v2.csv,361,mcq,mmlu_abstract_algebra_0060,train,retain,R_random,svamp
pairs_mcq_v2.csv,362,mcq,mmlu_abstract_algebra_0061,train,remove,C0_exact,mmlu_copy
pairs_mcq_v2.csv,363,mcq,mmlu_abstract_algebra_0061,train,remove,C1_transformed,lmsys_rephrase
pairs_mcq_v2.csv,364,mcq,mmlu_abstract_algebra_0061,train,remove,C2_answer_bearing,mmlu_answer_frag
pairs_mcq_v2.csv,365,mcq,mmlu_abstract_algebra_0061,train,retain,H1_same_topic,mmlu_same_subject_other_item
pairs_mcq_v2.csv,366,mcq,mmlu_abstract_algebra_0061,train,retain,H3_predating,logiqa
pairs_mcq_v2.csv,367,mcq,mmlu_abstract_algebra_0061,train,retain,R_random,svamp
pairs_mcq_v2.csv,368,mcq,mmlu_abstract_algebra_0062,train,remove,C0_exact,mmlu_copy
pairs_mcq_v2.csv,369,mcq,mmlu_abstract_algebra_0062,train,remove,C1_transformed,lmsys_rephrase
pairs_mcq_v2.csv,370,mcq,mmlu_abstract_algebra_0062,train,remove,C2_answer_bearing,mmlu_answer_frag
pairs_mcq_v2.csv,371,mcq,mmlu_abstract_algebra_0062,train,retain,H1_same_topic,mmlu_same_subject_other_item
pairs_mcq_v2.csv,372,mcq,mmlu_abstract_algebra_0062,train,retain,H3_predating,logiqa
pairs_mcq_v2.csv,373,mcq,mmlu_abstract_algebra_0062,train,retain,R_random,svamp
pairs_mcq_v2.csv,380,mcq,mmlu_abstract_algebra_0064,train,remove,C0_exact,mmlu_copy
pairs_mcq_v2.csv,381,mcq,mmlu_abstract_algebra_0064,train,remove,C1_transformed,lmsys_rephrase
pairs_mcq_v2.csv,382,mcq,mmlu_abstract_algebra_0064,train,remove,C2_answer_bearing,mmlu_answer_frag
pairs_mcq_v2.csv,383,mcq,mmlu_abstract_algebra_0064,train,retain,H1_same_topic,mmlu_same_subject_other_item
pairs_mcq_v2.csv,384,mcq,mmlu_abstract_algebra_0064,train,retain,H3_predating,logiqa
pairs_mcq_v2.csv,385,mcq,mmlu_abstract_algebra_0064,train,retain,R_random,svamp
pairs_mcq_v2.csv,386,mcq,mmlu_abstract_algebra_0065,train,remove,C0_exact,mmlu_copy
pairs_mcq_v2.csv,387,mcq,mmlu_abstract_algebra_0065,train,remove,C1_transformed,lmsys_rephrase
pairs_mcq_v2.csv,388,mcq,mmlu_abstract_algebra_0065,train,remove,C2_answer_bearing,mmlu_answer_frag
pairs_mcq_v2.csv,389,mcq,mmlu_abstract_algebra_0065,train,retain,H1_same_topic,mmlu_same_subject_other_item
pairs_mcq_v2.csv,390,mcq,mmlu_abstract_algebra_0065,train,retain,H3_predating,logiqa
pairs_mcq_v2.csv,391,mcq,mmlu_abstract_algebra_0065,train,retain,R_random,svamp
pairs_mcq_v2.csv,398,mcq,mmlu_abstract_algebra_0067,train,remove,C0_exact,mmlu_copy
pairs_mcq_v2.csv,399,mcq,mmlu_abstract_algebra_0067,train,remove,C1_transformed,lmsys_rephrase
pairs_mcq_v2.csv,400,mcq,mmlu_abstract_algebra_0067,train,remove,C2_answer_bearing,mmlu_answer_frag
pairs_mcq_v2.csv,401,mcq,mmlu_abstract_algebra_0067,train,retain,H1_same_topic,mmlu_same_subject_other_item
pairs_mcq_v2.csv,402,mcq,mmlu_abstract_algebra_0067,train,retain,H3_predating,logiqa
pairs_mcq_v2.csv,403,mcq,mmlu_abstract_algebra_0067,train,retain,R_random,svamp
pairs_mcq_v2.csv,404,mcq,mmlu_abstract_algebra_0068,train,remove,C0_exact,mmlu_copy
pairs_mcq_v2.csv,405,mcq,mmlu_abstract_algebra_0068,train,remove,C1_transformed,lmsys_rephrase
pairs_mcq_v2.csv,406,mcq,mmlu_abstract_algebra_0068,train,remove,C2_answer_bearing,mmlu_answer_frag
pairs_mcq_v2.csv,407,mcq,mmlu_abstract_algebra_0068,train,retain,H1_same_topic,mmlu_same_subject_other_item
pairs_mcq_v2.csv,408,mcq,mmlu_abstract_algebra_0068,train,retain,H3_predating,logiqa
pairs_mcq_v2.csv,409,mcq,mmlu_abstract_algebra_0068,train,retain,R_random,svamp
pairs_mcq_v2.csv,410,mcq,mmlu_abstract_algebra_0069,train,remove,C0_exact,mmlu_copy
pairs_mcq_v2.csv,411,mcq,mmlu_abstract_algebra_0069,train,remove,C1_transformed,lmsys_rephrase
pairs_mcq_v2.csv,412,mcq,mmlu_abstract_algebra_0069,train,remove,C2_answer_bearing,mmlu_answer_frag
pairs_mcq_v2.csv,413,mcq,mmlu_abstract_algebra_0069,train,retain,H1_same_topic,mmlu_same_subject_other_item
pairs_mcq_v2.csv,414,mcq,mmlu_abstract_algebra_0069,train,retain,H3_predating,logiqa
pairs_mcq_v2.csv,415,mcq,mmlu_abstract_algebra_0069,train,retain,R_random,svamp
pairs_mcq_v2.csv,440,mcq,mmlu_abstract_algebra_0074,train,remove,C0_exact,mmlu_copy
pairs_mcq_v2.csv,441,mcq,mmlu_abstract_algebra_0074,train,remove,C1_transformed,lmsys_rephrase
pairs_mcq_v2.csv,442,mcq,mmlu_abstract_algebra_0074,train,remove,C2_answer_bearing,mmlu_answer_frag
pairs_mcq_v2.csv,443,mcq,mmlu_abstract_algebra_0074,train,retain,H1_same_topic,mmlu_same_subject_other_item
pairs_mcq_v2.csv,444,mcq,mmlu_abstract_algebra_0074,train,retain,H3_predating,logiqa
pairs_mcq_v2.csv,445,mcq,mmlu_abstract_algebra_0074,train,retain,R_random,svamp
pairs_mcq_v2.csv,452,mcq,mmlu_abstract_algebra_0076,train,remove,C0_exact,mmlu_copy
pairs_mcq_v2.csv,453,mcq,mmlu_abstract_algebra_0076,train,remove,C1_transformed,lmsys_rephrase
pairs_mcq_v2.csv,454,mcq,mmlu_abstract_algebra_0076,train,remove,C2_answer_bearing,mmlu_answer_frag
pairs_mcq_v2.csv,455,mcq,mmlu_abstract_algebra_0076,train,retain,H1_same_topic,mmlu_same_subject_other_item
pairs_mcq_v2.csv,456,mcq,mmlu_abstract_algebra_0076,train,retain,H3_predating,logiqa
pairs_mcq_v2.csv,457,mcq,mmlu_abstract_algebra_0076,train,retain,R_random,svamp
pairs_mcq_v2.csv,458,mcq,mmlu_abstract_algebra_0077,train,remove,C0_exact,mmlu_copy
pairs_mcq_v2.csv,459,mcq,mmlu_abstract_algebra_0077,train,remove,C1_transformed,lmsys_rephrase
pairs_mcq_v2.csv,460,mcq,mmlu_abstract_algebra_0077,train,remove,C2_answer_bearing,mmlu_answer_frag
pairs_mcq_v2.csv,461,mcq,mmlu_abstract_algebra_0077,train,retain,H1_same_topic,mmlu_same_subject_other_item
pairs_mcq_v2.csv,462,mcq,mmlu_abstract_algebra_0077,train,retain,H3_predating,logiqa
pairs_mcq_v2.csv,463,mcq,mmlu_abstract_algebra_0077,train,retain,R_random,svamp
pairs_mcq_v2.csv,476,mcq,mmlu_abstract_algebra_0080,train,remove,C0_exact,mmlu_copy
pairs_mcq_v2.csv,477,mcq,mmlu_abstract_algebra_0080,train,remove,C1_transformed,lmsys_rephrase
pairs_mcq_v2.csv,478,mcq,mmlu_abstract_algebra_0080,train,remove,C2_answer_bearing,mmlu_answer_frag
pairs_mcq_v2.csv,479,mcq,mmlu_abstract_algebra_0080,train,retain,H1_same_topic,mmlu_same_subject_other_item
pairs_mcq_v2.csv,480,mcq,mmlu_abstract_algebra_0080,train,retain,H3_predating,logiqa
pairs_mcq_v2.csv,481,mcq,mmlu_abstract_algebra_0080,train,retain,R_random,svamp
pairs_mcq_v2.csv,500,mcq,mmlu_abstract_algebra_0084,train,remove,C0_exact,mmlu_copy
pairs_mcq_v2.csv,501,mcq,mmlu_abstract_algebra_0084,train,remove,C1_transformed,lmsys_rephrase
pairs_mcq_v2.csv,502,mcq,mmlu_abstract_algebra_0084,train,remove,C2_answer_bearing,mmlu_answer_frag
pairs_mcq_v2.csv,503,mcq,mmlu_abstract_algebra_0084,train,retain,H1_same_topic,mmlu_same_subject_other_item
pairs_mcq_v2.csv,504,mcq,mmlu_abstract_algebra_0084,train,retain,H3_predating,logiqa
pairs_mcq_v2.csv,505,mcq,mmlu_abstract_algebra_0084,train,retain,R_random,svamp
pairs_mcq_v2.csv,506,mcq,mmlu_abstract_algebra_0085,train,remove,C0_exact,mmlu_copy
pairs_mcq_v2.csv,507,mcq,mmlu_abstract_algebra_0085,train,remove,C1_transformed,lmsys_rephrase
pairs_mcq_v2.csv,508,mcq,mmlu_abstract_algebra_0085,train,remove,C2_answer_bearing,mmlu_answer_frag
pairs_mcq_v2.csv,509,mcq,mmlu_abstract_algebra_0085,train,retain,H1_same_topic,mmlu_same_subject_other_item
pairs_mcq_v2.csv,510,mcq,mmlu_abstract_algebra_0085,train,retain,H3_predating,logiqa
pairs_mcq_v2.csv,511,mcq,mmlu_abstract_algebra_0085,train,retain,R_random,svamp
pairs_mcq_v2.csv,512,mcq,mmlu_abstract_algebra_0086,train,remove,C0_exact,mmlu_copy
pairs_mcq_v2.csv,513,mcq,mmlu_abstract_algebra_0086,train,remove,C1_transformed,lmsys_rephrase
pairs_mcq_v2.csv,514,mcq,mmlu_abstract_algebra_0086,train,remove,C2_answer_bearing,mmlu_answer_frag
pairs_mcq_v2.csv,515,mcq,mmlu_abstract_algebra_0086,train,retain,H1_same_topic,mmlu_same_subject_other_item
pairs_mcq_v2.csv,516,mcq,mmlu_abstract_algebra_0086,train,retain,H3_predating,logiqa
pairs_mcq_v2.csv,517,mcq,mmlu_abstract_algebra_0086,train,retain,R_random,svamp
pairs_mcq_v2.csv,518,mcq,mmlu_abstract_algebra_0087,train,remove,C0_exact,mmlu_copy
pairs_mcq_v2.csv,519,mcq,mmlu_abstract_algebra_0087,train,remove,C1_transformed,lmsys_rephrase
pairs_mcq_v2.csv,520,mcq,mmlu_abstract_algebra_0087,train,remove,C2_answer_bearing,mmlu_answer_frag
pairs_mcq_v2.csv,521,mcq,mmlu_abstract_algebra_0087,train,retain,H1_same_topic,mmlu_same_subject_other_item
pairs_mcq_v2.csv,522,mcq,mmlu_abstract_algebra_0087,train,retain,H3_predating,logiqa
pairs_mcq_v2.csv,523,mcq,mmlu_abstract_algebra_0087,train,retain,R_random,svamp
pairs_mcq_v2.csv,524,mcq,mmlu_abstract_algebra_0088,train,remove,C0_exact,mmlu_copy
pairs_mcq_v2.csv,525,mcq,mmlu_abstract_algebra_0088,train,remove,C1_transformed,lmsys_rephrase
pairs_mcq_v2.csv,526,mcq,mmlu_abstract_algebra_0088,train,remove,C2_answer_bearing,mmlu_answer_frag
pairs_mcq_v2.csv,527,mcq,mmlu_abstract_algebra_0088,train,retain,H1_same_topic,mmlu_same_subject_other_item
pairs_mcq_v2.csv,528,mcq,mmlu_abstract_algebra_0088,train,retain,H3_predating,logiqa
pairs_mcq_v2.csv,529,mcq,mmlu_abstract_algebra_0088,train,retain,R_random,svamp
pairs_mcq_v2.csv,536,mcq,mmlu_abstract_algebra_0090,train,remove,C0_exact,mmlu_copy
pairs_mcq_v2.csv,537,mcq,mmlu_abstract_algebra_0090,train,remove,C1_transformed,lmsys_rephrase
pairs_mcq_v2.csv,538,mcq,mmlu_abstract_algebra_0090,train,remove,C2_answer_bearing,mmlu_answer_frag
pairs_mcq_v2.csv,539,mcq,mmlu_abstract_algebra_0090,train,retain,H1_same_topic,mmlu_same_subject_other_item
pairs_mcq_v2.csv,540,mcq,mmlu_abstract_algebra_0090,train,retain,H3_predating,logiqa
pairs_mcq_v2.csv,541,mcq,mmlu_abstract_algebra_0090,train,retain,R_random,svamp
pairs_mcq_v2.csv,554,mcq,mmlu_abstract_algebra_0093,train,remove,C0_exact,mmlu_copy
pairs_mcq_v2.csv,555,mcq,mmlu_abstract_algebra_0093,train,remove,C1_transformed,lmsys_rephrase
pairs_mcq_v2.csv,556,mcq,mmlu_abstract_algebra_0093,train,remove,C2_answer_bearing,mmlu_answer_frag
pairs_mcq_v2.csv,557,mcq,mmlu_abstract_algebra_0093,train,retain,H1_same_topic,mmlu_same_subject_other_item
pairs_mcq_v2.csv,558,mcq,mmlu_abstract_algebra_0093,train,retain,H3_predating,logiqa
pairs_mcq_v2.csv,559,mcq,mmlu_abstract_algebra_0093,train,retain,R_random,svamp
pairs_mcq_v2.csv,566,mcq,mmlu_abstract_algebra_0095,train,remove,C0_exact,mmlu_copy
pairs_mcq_v2.csv,567,mcq,mmlu_abstract_algebra_0095,train,remove,C1_transformed,lmsys_rephrase
pairs_mcq_v2.csv,568,mcq,mmlu_abstract_algebra_0095,train,remove,C2_answer_bearing,mmlu_answer_frag
pairs_mcq_v2.csv,569,mcq,mmlu_abstract_algebra_0095,train,retain,H1_same_topic,mmlu_same_subject_other_item
pairs_mcq_v2.csv,570,mcq,mmlu_abstract_algebra_0095,train,retain,H3_predating,logiqa
pairs_mcq_v2.csv,571,mcq,mmlu_abstract_algebra_0095,train,retain,R_random,svamp
pairs_mcq_v2.csv,572,mcq,mmlu_abstract_algebra_0096,train,remove,C0_exact,mmlu_copy
pairs_mcq_v2.csv,573,mcq,mmlu_abstract_algebra_0096,train,remove,C1_transformed,lmsys_rephrase
pairs_mcq_v2.csv,574,mcq,mmlu_abstract_algebra_0096,train,remove,C2_answer_bearing,mmlu_answer_frag
pairs_mcq_v2.csv,575,mcq,mmlu_abstract_algebra_0096,train,retain,H1_same_topic,mmlu_same_subject_other_item
pairs_mcq_v2.csv,576,mcq,mmlu_abstract_algebra_0096,train,retain,H3_predating,logiqa
pairs_mcq_v2.csv,577,mcq,mmlu_abstract_algebra_0096,train,retain,R_random,svamp
pairs_mcq_v2.csv,607,mcq,mmlu_high_school_us_history_0002,train,remove,C0_exact,mmlu_copy
pairs_mcq_v2.csv,608,mcq,mmlu_high_school_us_history_0002,train,remove,C1_transformed,lmsys_rephrase
pairs_mcq_v2.csv,609,mcq,mmlu_high_school_us_history_0002,train,remove,C2_answer_bearing,mmlu_answer_frag
pairs_mcq_v2.csv,610,mcq,mmlu_high_school_us_history_0002,train,retain,H1_same_topic,mmlu_same_subject_other_item
pairs_mcq_v2.csv,611,mcq,mmlu_high_school_us_history_0002,train,retain,H3_predating,logiqa
pairs_mcq_v2.csv,612,mcq,mmlu_high_school_us_history_0002,train,retain,R_random,svamp
pairs_mcq_v2.csv,625,mcq,mmlu_high_school_us_history_0005,train,remove,C0_exact,mmlu_copy
pairs_mcq_v2.csv,626,mcq,mmlu_high_school_us_history_0005,train,remove,C1_transformed,lmsys_rephrase
pairs_mcq_v2.csv,627,mcq,mmlu_high_school_us_history_0005,train,remove,C2_answer_bearing,mmlu_answer_frag
pairs_mcq_v2.csv,628,mcq,mmlu_high_school_us_history_0005,train,retain,H1_same_topic,mmlu_same_subject_other_item
pairs_mcq_v2.csv,629,mcq,mmlu_high_school_us_history_0005,train,retain,H3_predating,logiqa
pairs_mcq_v2.csv,630,mcq,mmlu_high_school_us_history_0005,train,retain,R_random,svamp
pairs_mcq_v2.csv,631,mcq,mmlu_high_school_us_history_0006,train,remove,C0_exact,mmlu_copy
pairs_mcq_v2.csv,632,mcq,mmlu_high_school_us_history_0006,train,remove,C1_transformed,lmsys_rephrase
pairs_mcq_v2.csv,633,mcq,mmlu_high_school_us_history_0006,train,remove,C2_answer_bearing,mmlu_answer_frag
pairs_mcq_v2.csv,634,mcq,mmlu_high_school_us_history_0006,train,retain,H1_same_topic,mmlu_same_subject_other_item
pairs_mcq_v2.csv,635,mcq,mmlu_high_school_us_history_0006,train,retain,H3_predating,logiqa
pairs_mcq_v2.csv,636,mcq,mmlu_high_school_us_history_0006,train,retain,R_random,svamp
pairs_mcq_v2.csv,637,mcq,mmlu_high_school_us_history_0007,train,remove,C0_exact,mmlu_copy
pairs_mcq_v2.csv,638,mcq,mmlu_high_school_us_history_0007,train,remove,C1_transformed,lmsys_rephrase
pairs_mcq_v2.csv,639,mcq,mmlu_high_school_us_history_0007,train,remove,C2_answer_bearing,mmlu_answer_frag
pairs_mcq_v2.csv,640,mcq,mmlu_high_school_us_history_0007,train,retain,H1_same_topic,mmlu_same_subject_other_item
pairs_mcq_v2.csv,641,mcq,mmlu_high_school_us_history_0007,train,retain,H3_predating,logiqa
pairs_mcq_v2.csv,642,mcq,mmlu_high_school_us_history_0007,train,retain,R_random,svamp
pairs_mcq_v2.csv,643,mcq,mmlu_high_school_us_history_0008,train,remove,C0_exact,mmlu_copy
pairs_mcq_v2.csv,644,mcq,mmlu_high_school_us_history_0008,train,remove,C1_transformed,lmsys_rephrase
pairs_mcq_v2.csv,645,mcq,mmlu_high_school_us_history_0008,train,remove,C2_answer_bearing,mmlu_answer_frag
pairs_mcq_v2.csv,646,mcq,mmlu_high_school_us_history_0008,train,retain,H1_same_topic,mmlu_same_subject_other_item
pairs_mcq_v2.csv,647,mcq,mmlu_high_school_us_history_0008,train,retain,H3_predating,logiqa
pairs_mcq_v2.csv,648,mcq,mmlu_high_school_us_history_0008,train,retain,R_random,svamp
pairs_mcq_v2.csv,649,mcq,mmlu_high_school_us_history_0009,train,remove,C0_exact,mmlu_copy
pairs_mcq_v2.csv,650,mcq,mmlu_high_school_us_history_0009,train,remove,C1_transformed,lmsys_rephrase
pairs_mcq_v2.csv,651,mcq,mmlu_high_school_us_history_0009,train,remove,C2_answer_bearing,mmlu_answer_frag
pairs_mcq_v2.csv,652,mcq,mmlu_high_school_us_history_0009,train,retain,H1_same_topic,mmlu_same_subject_other_item
pairs_mcq_v2.csv,653,mcq,mmlu_high_school_us_history_0009,train,retain,H3_predating,logiqa
pairs_mcq_v2.csv,654,mcq,mmlu_high_school_us_history_0009,train,retain,R_random,svamp
pairs_mcq_v2.csv,667,mcq,mmlu_high_school_us_history_0012,train,remove,C0_exact,mmlu_copy
pairs_mcq_v2.csv,668,mcq,mmlu_high_school_us_history_0012,train,remove,C1_transformed,lmsys_rephrase
pairs_mcq_v2.csv,669,mcq,mmlu_high_school_us_history_0012,train,remove,C2_answer_bearing,mmlu_answer_frag
pairs_mcq_v2.csv,670,mcq,mmlu_high_school_us_history_0012,train,retain,H1_same_topic,mmlu_same_subject_other_item
pairs_mcq_v2.csv,671,mcq,mmlu_high_school_us_history_0012,train,retain,H3_predating,logiqa
pairs_mcq_v2.csv,672,mcq,mmlu_high_school_us_history_0012,train,retain,R_random,svamp
pairs_mcq_v2.csv,679,mcq,mmlu_high_school_us_history_0014,train,remove,C0_exact,mmlu_copy
pairs_mcq_v2.csv,680,mcq,mmlu_high_school_us_history_0014,train,remove,C1_transformed,lmsys_rephrase
pairs_mcq_v2.csv,681,mcq,mmlu_high_school_us_history_0014,train,remove,C2_answer_bearing,mmlu_answer_frag
pairs_mcq_v2.csv,682,mcq,mmlu_high_school_us_history_0014,train,retain,H1_same_topic,mmlu_same_subject_other_item
pairs_mcq_v2.csv,683,mcq,mmlu_high_school_us_history_0014,train,retain,H3_predating,logiqa
pairs_mcq_v2.csv,684,mcq,mmlu_high_school_us_history_0014,train,retain,R_random,svamp
pairs_mcq_v2.csv,685,mcq,mmlu_high_school_us_history_0015,train,remove,C0_exact,mmlu_copy
pairs_mcq_v2.csv,686,mcq,mmlu_high_school_us_history_0015,train,remove,C1_transformed,lmsys_rephrase
pairs_mcq_v2.csv,687,mcq,mmlu_high_school_us_history_0015,train,remove,C2_answer_bearing,mmlu_answer_frag
pairs_mcq_v2.csv,688,mcq,mmlu_high_school_us_history_0015,train,retain,H1_same_topic,mmlu_same_subject_other_item
pairs_mcq_v2.csv,689,mcq,mmlu_high_school_us_history_0015,train,retain,H3_predating,logiqa
pairs_mcq_v2.csv,690,mcq,mmlu_high_school_us_history_0015,train,retain,R_random,svamp
pairs_mcq_v2.csv,691,mcq,mmlu_high_school_us_history_0016,train,remove,C0_exact,mmlu_copy
pairs_mcq_v2.csv,692,mcq,mmlu_high_school_us_history_0016,train,remove,C1_transformed,lmsys_rephrase
pairs_mcq_v2.csv,693,mcq,mmlu_high_school_us_history_0016,train,remove,C2_answer_bearing,mmlu_answer_frag
pairs_mcq_v2.csv,694,mcq,mmlu_high_school_us_history_0016,train,retain,H1_same_topic,mmlu_same_subject_other_item
pairs_mcq_v2.csv,695,mcq,mmlu_high_school_us_history_0016,train,retain,H3_predating,logiqa
pairs_mcq_v2.csv,696,mcq,mmlu_high_school_us_history_0016,train,retain,R_random,svamp
pairs_mcq_v2.csv,726,mcq,mmlu_high_school_us_history_0022,train,remove,C0_exact,mmlu_copy
pairs_mcq_v2.csv,727,mcq,mmlu_high_school_us_history_0022,train,remove,C1_transformed,lmsys_rephrase
pairs_mcq_v2.csv,728,mcq,mmlu_high_school_us_history_0022,train,remove,C2_answer_bearing,mmlu_answer_frag
pairs_mcq_v2.csv,729,mcq,mmlu_high_school_us_history_0022,train,retain,H1_same_topic,mmlu_same_subject_other_item
pairs_mcq_v2.csv,730,mcq,mmlu_high_school_us_history_0022,train,retain,H3_predating,logiqa
pairs_mcq_v2.csv,731,mcq,mmlu_high_school_us_history_0022,train,retain,R_random,svamp
pairs_mcq_v2.csv,732,mcq,mmlu_high_school_us_history_0023,train,remove,C0_exact,mmlu_copy
pairs_mcq_v2.csv,733,mcq,mmlu_high_school_us_history_0023,train,remove,C1_transformed,lmsys_rephrase
pairs_mcq_v2.csv,734,mcq,mmlu_high_school_us_history_0023,train,remove,C2_answer_bearing,mmlu_answer_frag
pairs_mcq_v2.csv,735,mcq,mmlu_high_school_us_history_0023,train,retain,H1_same_topic,mmlu_same_subject_other_item
pairs_mcq_v2.csv,736,mcq,mmlu_high_school_us_history_0023,train,retain,H3_predating,logiqa
pairs_mcq_v2.csv,737,mcq,mmlu_high_school_us_history_0023,train,retain,R_random,svamp
pairs_mcq_v2.csv,738,mcq,mmlu_high_school_us_history_0024,train,remove,C0_exact,mmlu_copy
pairs_mcq_v2.csv,739,mcq,mmlu_high_school_us_history_0024,train,remove,C1_transformed,lmsys_rephrase
pairs_mcq_v2.csv,740,mcq,mmlu_high_school_us_history_0024,train,remove,C2_answer_bearing,mmlu_answer_frag
pairs_mcq_v2.csv,741,mcq,mmlu_high_school_us_history_0024,train,retain,H1_same_topic,mmlu_same_subject_other_item
pairs_mcq_v2.csv,742,mcq,mmlu_high_school_us_history_0024,train,retain,H3_predating,logiqa
pairs_mcq_v2.csv,743,mcq,mmlu_high_school_us_history_0024,train,retain,R_random,svamp
pairs_mcq_v2.csv,744,mcq,mmlu_high_school_us_history_0025,train,remove,C0_exact,mmlu_copy
pairs_mcq_v2.csv,745,mcq,mmlu_high_school_us_history_0025,train,remove,C1_transformed,lmsys_rephrase
pairs_mcq_v2.csv,746,mcq,mmlu_high_school_us_history_0025,train,remove,C2_answer_bearing,mmlu_answer_frag
pairs_mcq_v2.csv,747,mcq,mmlu_high_school_us_history_0025,train,retain,H1_same_topic,mmlu_same_subject_other_item
pairs_mcq_v2.csv,748,mcq,mmlu_high_school_us_history_0025,train,retain,H3_predating,logiqa
pairs_mcq_v2.csv,749,mcq,mmlu_high_school_us_history_0025,train,retain,R_random,svamp
pairs_mcq_v2.csv,791,mcq,mmlu_high_school_us_history_0033,train,remove,C0_exact,mmlu_copy
pairs_mcq_v2.csv,792,mcq,mmlu_high_school_us_history_0033,train,remove,C1_transformed,lmsys_rephrase
pairs_mcq_v2.csv,793,mcq,mmlu_high_school_us_history_0033,train,remove,C2_answer_bearing,mmlu_answer_frag
pairs_mcq_v2.csv,794,mcq,mmlu_high_school_us_history_0033,train,retain,H1_same_topic,mmlu_same_subject_other_item
pairs_mcq_v2.csv,795,mcq,mmlu_high_school_us_history_0033,train,retain,H3_predating,logiqa
pairs_mcq_v2.csv,796,mcq,mmlu_high_school_us_history_0033,train,retain,R_random,svamp
pairs_mcq_v2.csv,803,mcq,mmlu_high_school_us_history_0035,train,remove,C0_exact,mmlu_copy
pairs_mcq_v2.csv,804,mcq,mmlu_high_school_us_history_0035,train,remove,C1_transformed,lmsys_rephrase
pairs_mcq_v2.csv,805,mcq,mmlu_high_school_us_history_0035,train,remove,C2_answer_bearing,mmlu_answer_frag
pairs_mcq_v2.csv,806,mcq,mmlu_high_school_us_history_0035,train,retain,H1_same_topic,mmlu_same_subject_other_item
pairs_mcq_v2.csv,807,mcq,mmlu_high_school_us_history_0035,train,retain,H3_predating,logiqa
pairs_mcq_v2.csv,808,mcq,mmlu_high_school_us_history_0035,train,retain,R_random,svamp
pairs_mcq_v2.csv,809,mcq,mmlu_high_school_us_history_0036,train,remove,C0_exact,mmlu_copy
pairs_mcq_v2.csv,810,mcq,mmlu_high_school_us_history_0036,train,remove,C1_transformed,lmsys_rephrase
pairs_mcq_v2.csv,811,mcq,mmlu_high_school_us_history_0036,train,remove,C2_answer_bearing,mmlu_answer_frag
pairs_mcq_v2.csv,812,mcq,mmlu_high_school_us_history_0036,train,retain,H1_same_topic,mmlu_same_subject_other_item
pairs_mcq_v2.csv,813,mcq,mmlu_high_school_us_history_0036,train,retain,H3_predating,logiqa
pairs_mcq_v2.csv,814,mcq,mmlu_high_school_us_history_0036,train,retain,R_random,svamp
pairs_mcq_v2.csv,821,mcq,mmlu_high_school_us_history_0038,train,remove,C0_exact,mmlu_copy
pairs_mcq_v2.csv,822,mcq,mmlu_high_school_us_history_0038,train,remove,C1_transformed,lmsys_rephrase
pairs_mcq_v2.csv,823,mcq,mmlu_high_school_us_history_0038,train,remove,C2_answer_bearing,mmlu_answer_frag
pairs_mcq_v2.csv,824,mcq,mmlu_high_school_us_history_0038,train,retain,H1_same_topic,mmlu_same_subject_other_item
pairs_mcq_v2.csv,825,mcq,mmlu_high_school_us_history_0038,train,retain,H3_predating,logiqa
pairs_mcq_v2.csv,826,mcq,mmlu_high_school_us_history_0038,train,retain,R_random,svamp
pairs_mcq_v2.csv,827,mcq,mmlu_high_school_us_history_0039,train,remove,C0_exact,mmlu_copy
pairs_mcq_v2.csv,828,mcq,mmlu_high_school_us_history_0039,train,remove,C1_transformed,lmsys_rephrase
pairs_mcq_v2.csv,829,mcq,mmlu_high_school_us_history_0039,train,remove,C2_answer_bearing,mmlu_answer_frag
pairs_mcq_v2.csv,830,mcq,mmlu_high_school_us_history_0039,train,retain,H1_same_topic,mmlu_same_subject_other_item
pairs_mcq_v2.csv,831,mcq,mmlu_high_school_us_history_0039,train,retain,H3_predating,logiqa
pairs_mcq_v2.csv,832,mcq,mmlu_high_school_us_history_0039,train,retain,R_random,svamp
pairs_mcq_v2.csv,839,mcq,mmlu_high_school_us_history_0041,train,remove,C0_exact,mmlu_copy
pairs_mcq_v2.csv,840,mcq,mmlu_high_school_us_history_0041,train,remove,C1_transformed,lmsys_rephrase
pairs_mcq_v2.csv,841,mcq,mmlu_high_school_us_history_0041,train,remove,C2_answer_bearing,mmlu_answer_frag
pairs_mcq_v2.csv,842,mcq,mmlu_high_school_us_history_0041,train,retain,H1_same_topic,mmlu_same_subject_other_item
pairs_mcq_v2.csv,843,mcq,mmlu_high_school_us_history_0041,train,retain,H3_predating,logiqa
pairs_mcq_v2.csv,844,mcq,mmlu_high_school_us_history_0041,train,retain,R_random,svamp
pairs_mcq_v2.csv,851,mcq,mmlu_high_school_us_history_0043,train,remove,C0_exact,mmlu_copy
pairs_mcq_v2.csv,852,mcq,mmlu_high_school_us_history_0043,train,remove,C1_transformed,lmsys_rephrase
pairs_mcq_v2.csv,853,mcq,mmlu_high_school_us_history_0043,train,remove,C2_answer_bearing,mmlu_answer_frag
pairs_mcq_v2.csv,854,mcq,mmlu_high_school_us_history_0043,train,retain,H1_same_topic,mmlu_same_subject_other_item
pairs_mcq_v2.csv,855,mcq,mmlu_high_school_us_history_0043,train,retain,H3_predating,logiqa
pairs_mcq_v2.csv,856,mcq,mmlu_high_school_us_history_0043,train,retain,R_random,svamp
pairs_mcq_v2.csv,880,mcq,mmlu_high_school_us_history_0048,train,remove,C0_exact,mmlu_copy
pairs_mcq_v2.csv,881,mcq,mmlu_high_school_us_history_0048,train,remove,C1_transformed,lmsys_rephrase
pairs_mcq_v2.csv,882,mcq,mmlu_high_school_us_history_0048,train,remove,C2_answer_bearing,mmlu_answer_frag
pairs_mcq_v2.csv,883,mcq,mmlu_high_school_us_history_0048,train,retain,H1_same_topic,mmlu_same_subject_other_item
pairs_mcq_v2.csv,884,mcq,mmlu_high_school_us_history_0048,train,retain,H3_predating,logiqa
pairs_mcq_v2.csv,885,mcq,mmlu_high_school_us_history_0048,train,retain,R_random,svamp
pairs_mcq_v2.csv,904,mcq,mmlu_high_school_us_history_0052,train,remove,C0_exact,mmlu_copy
pairs_mcq_v2.csv,905,mcq,mmlu_high_school_us_history_0052,train,remove,C1_transformed,lmsys_rephrase
pairs_mcq_v2.csv,906,mcq,mmlu_high_school_us_history_0052,train,remove,C2_answer_bearing,mmlu_answer_frag
pairs_mcq_v2.csv,907,mcq,mmlu_high_school_us_history_0052,train,retain,H1_same_topic,mmlu_same_subject_other_item
pairs_mcq_v2.csv,908,mcq,mmlu_high_school_us_history_0052,train,retain,H3_predating,logiqa
pairs_mcq_v2.csv,909,mcq,mmlu_high_school_us_history_0052,train,retain,R_random,svamp
pairs_mcq_v2.csv,934,mcq,mmlu_high_school_us_history_0057,train,remove,C0_exact,mmlu_copy
pairs_mcq_v2.csv,935,mcq,mmlu_high_school_us_history_0057,train,remove,C1_transformed,lmsys_rephrase
pairs_mcq_v2.csv,936,mcq,mmlu_high_school_us_history_0057,train,remove,C2_answer_bearing,mmlu_answer_frag
pairs_mcq_v2.csv,937,mcq,mmlu_high_school_us_history_0057,train,retain,H1_same_topic,mmlu_same_subject_other_item
pairs_mcq_v2.csv,938,mcq,mmlu_high_school_us_history_0057,train,retain,H3_predating,logiqa
pairs_mcq_v2.csv,939,mcq,mmlu_high_school_us_history_0057,train,retain,R_random,svamp
pairs_mcq_v2.csv,964,mcq,mmlu_high_school_us_history_0062,train,remove,C0_exact,mmlu_copy
pairs_mcq_v2.csv,965,mcq,mmlu_high_school_us_history_0062,train,remove,C1_transformed,lmsys_rephrase
pairs_mcq_v2.csv,966,mcq,mmlu_high_school_us_history_0062,train,remove,C2_answer_bearing,mmlu_answer_frag
pairs_mcq_v2.csv,967,mcq,mmlu_high_school_us_history_0062,train,retain,H1_same_topic,mmlu_same_subject_other_item
pairs_mcq_v2.csv,968,mcq,mmlu_high_school_us_history_0062,train,retain,H3_predating,logiqa
pairs_mcq_v2.csv,969,mcq,mmlu_high_school_us_history_0062,train,retain,R_random,svamp
pairs_mcq_v2.csv,970,mcq,mmlu_high_school_us_history_0063,train,remove,C0_exact,mmlu_copy
pairs_mcq_v2.csv,971,mcq,mmlu_high_school_us_history_0063,train,remove,C1_transformed,lmsys_rephrase
pairs_mcq_v2.csv,972,mcq,mmlu_high_school_us_history_0063,train,remove,C2_answer_bearing,mmlu_answer_frag
pairs_mcq_v2.csv,973,mcq,mmlu_high_school_us_history_0063,train,retain,H1_same_topic,mmlu_same_subject_other_item
pairs_mcq_v2.csv,974,mcq,mmlu_high_school_us_history_0063,train,retain,H3_predating,logiqa
pairs_mcq_v2.csv,975,mcq,mmlu_high_school_us_history_0063,train,retain,R_random,svamp
pairs_mcq_v2.csv,982,mcq,mmlu_high_school_us_history_0065,train,remove,C0_exact,mmlu_copy
pairs_mcq_v2.csv,983,mcq,mmlu_high_school_us_history_0065,train,remove,C1_transformed,lmsys_rephrase
pairs_mcq_v2.csv,984,mcq,mmlu_high_school_us_history_0065,train,remove,C2_answer_bearing,mmlu_answer_frag
pairs_mcq_v2.csv,985,mcq,mmlu_high_school_us_history_0065,train,retain,H1_same_topic,mmlu_same_subject_other_item
pairs_mcq_v2.csv,986,mcq,mmlu_high_school_us_history_0065,train,retain,H3_predating,logiqa
pairs_mcq_v2.csv,987,mcq,mmlu_high_school_us_history_0065,train,retain,R_random,svamp
pairs_mcq_v2.csv,994,mcq,mmlu_high_school_us_history_0067,train,remove,C0_exact,mmlu_copy
pairs_mcq_v2.csv,995,mcq,mmlu_high_school_us_history_0067,train,remove,C1_transformed,lmsys_rephrase
pairs_mcq_v2.csv,996,mcq,mmlu_high_school_us_history_0067,train,remove,C2_answer_bearing,mmlu_answer_frag
pairs_mcq_v2.csv,997,mcq,mmlu_high_school_us_history_0067,train,retain,H1_same_topic,mmlu_same_subject_other_item
pairs_mcq_v2.csv,998,mcq,mmlu_high_school_us_history_0067,train,retain,H3_predating,logiqa
pairs_mcq_v2.csv,999,mcq,mmlu_high_school_us_history_0067,train,retain,R_random,svamp
pairs_mcq_v2.csv,1030,mcq,mmlu_high_school_us_history_0073,train,remove,C0_exact,mmlu_copy
pairs_mcq_v2.csv,1031,mcq,mmlu_high_school_us_history_0073,train,remove,C1_transformed,lmsys_rephrase
pairs_mcq_v2.csv,1032,mcq,mmlu_high_school_us_history_0073,train,remove,C2_answer_bearing,mmlu_answer_frag
pairs_mcq_v2.csv,1033,mcq,mmlu_high_school_us_history_0073,train,retain,H1_same_topic,mmlu_same_subject_other_item
pairs_mcq_v2.csv,1034,mcq,mmlu_high_school_us_history_0073,train,retain,H3_predating,logiqa
pairs_mcq_v2.csv,1035,mcq,mmlu_high_school_us_history_0073,train,retain,R_random,svamp
pairs_mcq_v2.csv,1060,mcq,mmlu_high_school_us_history_0078,train,remove,C0_exact,mmlu_copy
pairs_mcq_v2.csv,1061,mcq,mmlu_high_school_us_history_0078,train,remove,C1_transformed,lmsys_rephrase
pairs_mcq_v2.csv,1062,mcq,mmlu_high_school_us_history_0078,train,remove,C2_answer_bearing,mmlu_answer_frag
pairs_mcq_v2.csv,1063,mcq,mmlu_high_school_us_history_0078,train,retain,H1_same_topic,mmlu_same_subject_other_item
pairs_mcq_v2.csv,1064,mcq,mmlu_high_school_us_history_0078,train,retain,H3_predating,logiqa
pairs_mcq_v2.csv,1065,mcq,mmlu_high_school_us_history_0078,train,retain,R_random,svamp
pairs_mcq_v2.csv,1078,mcq,mmlu_high_school_us_history_0081,train,remove,C0_exact,mmlu_copy
pairs_mcq_v2.csv,1079,mcq,mmlu_high_school_us_history_0081,train,remove,C1_transformed,lmsys_rephrase
pairs_mcq_v2.csv,1080,mcq,mmlu_high_school_us_history_0081,train,remove,C2_answer_bearing,mmlu_answer_frag
pairs_mcq_v2.csv,1081,mcq,mmlu_high_school_us_history_0081,train,retain,H1_same_topic,mmlu_same_subject_other_item
pairs_mcq_v2.csv,1082,mcq,mmlu_high_school_us_history_0081,train,retain,H3_predating,logiqa
pairs_mcq_v2.csv,1083,mcq,mmlu_high_school_us_history_0081,train,retain,R_random,svamp
pairs_mcq_v2.csv,1084,mcq,mmlu_high_school_us_history_0082,train,remove,C0_exact,mmlu_copy
pairs_mcq_v2.csv,1085,mcq,mmlu_high_school_us_history_0082,train,remove,C1_transformed,lmsys_rephrase
pairs_mcq_v2.csv,1086,mcq,mmlu_high_school_us_history_0082,train,remove,C2_answer_bearing,mmlu_answer_frag
pairs_mcq_v2.csv,1087,mcq,mmlu_high_school_us_history_0082,train,retain,H1_same_topic,mmlu_same_subject_other_item
pairs_mcq_v2.csv,1088,mcq,mmlu_high_school_us_history_0082,train,retain,H3_predating,logiqa
pairs_mcq_v2.csv,1089,mcq,mmlu_high_school_us_history_0082,train,retain,R_random,svamp
pairs_mcq_v2.csv,1108,mcq,mmlu_high_school_us_history_0086,train,remove,C0_exact,mmlu_copy
pairs_mcq_v2.csv,1109,mcq,mmlu_high_school_us_history_0086,train,remove,C1_transformed,lmsys_rephrase
pairs_mcq_v2.csv,1110,mcq,mmlu_high_school_us_history_0086,train,remove,C2_answer_bearing,mmlu_answer_frag
pairs_mcq_v2.csv,1111,mcq,mmlu_high_school_us_history_0086,train,retain,H1_same_topic,mmlu_same_subject_other_item
pairs_mcq_v2.csv,1112,mcq,mmlu_high_school_us_history_0086,train,retain,H3_predating,logiqa
pairs_mcq_v2.csv,1113,mcq,mmlu_high_school_us_history_0086,train,retain,R_random,svamp
pairs_mcq_v2.csv,1126,mcq,mmlu_high_school_us_history_0089,train,remove,C0_exact,mmlu_copy
pairs_mcq_v2.csv,1127,mcq,mmlu_high_school_us_history_0089,train,remove,C1_transformed,lmsys_rephrase
pairs_mcq_v2.csv,1128,mcq,mmlu_high_school_us_history_0089,train,remove,C2_answer_bearing,mmlu_answer_frag
pairs_mcq_v2.csv,1129,mcq,mmlu_high_school_us_history_0089,train,retain,H1_same_topic,mmlu_same_subject_other_item
pairs_mcq_v2.csv,1130,mcq,mmlu_high_school_us_history_0089,train,retain,H3_predating,logiqa
pairs_mcq_v2.csv,1131,mcq,mmlu_high_school_us_history_0089,train,retain,R_random,svamp
pairs_mcq_v2.csv,1143,mcq,mmlu_high_school_us_history_0092,train,remove,C0_exact,mmlu_copy
pairs_mcq_v2.csv,1144,mcq,mmlu_high_school_us_history_0092,train,remove,C1_transformed,lmsys_rephrase
pairs_mcq_v2.csv,1145,mcq,mmlu_high_school_us_history_0092,train,remove,C2_answer_bearing,mmlu_answer_frag
pairs_mcq_v2.csv,1146,mcq,mmlu_high_school_us_history_0092,train,retain,H1_same_topic,mmlu_same_subject_other_item
pairs_mcq_v2.csv,1147,mcq,mmlu_high_school_us_history_0092,train,retain,H3_predating,logiqa
pairs_mcq_v2.csv,1148,mcq,mmlu_high_school_us_history_0092,train,retain,R_random,svamp
pairs_mcq_v2.csv,1155,mcq,mmlu_high_school_us_history_0094,train,remove,C0_exact,mmlu_copy
pairs_mcq_v2.csv,1156,mcq,mmlu_high_school_us_history_0094,train,remove,C1_transformed,lmsys_rephrase
pairs_mcq_v2.csv,1157,mcq,mmlu_high_school_us_history_0094,train,remove,C2_answer_bearing,mmlu_answer_frag
pairs_mcq_v2.csv,1158,mcq,mmlu_high_school_us_history_0094,train,retain,H1_same_topic,mmlu_same_subject_other_item
pairs_mcq_v2.csv,1159,mcq,mmlu_high_school_us_history_0094,train,retain,H3_predating,logiqa
pairs_mcq_v2.csv,1160,mcq,mmlu_high_school_us_history_0094,train,retain,R_random,svamp
pairs_mcq_v2.csv,1161,mcq,mmlu_high_school_us_history_0095,train,remove,C0_exact,mmlu_copy
pairs_mcq_v2.csv,1162,mcq,mmlu_high_school_us_history_0095,train,remove,C1_transformed,lmsys_rephrase
pairs_mcq_v2.csv,1163,mcq,mmlu_high_school_us_history_0095,train,remove,C2_answer_bearing,mmlu_answer_frag
pairs_mcq_v2.csv,1164,mcq,mmlu_high_school_us_history_0095,train,retain,H1_same_topic,mmlu_same_subject_other_item
pairs_mcq_v2.csv,1165,mcq,mmlu_high_school_us_history_0095,train,retain,H3_predating,logiqa
pairs_mcq_v2.csv,1166,mcq,mmlu_high_school_us_history_0095,train,retain,R_random,svamp
pairs_mcq_v2.csv,1167,mcq,mmlu_high_school_us_history_0096,train,remove,C0_exact,mmlu_copy
pairs_mcq_v2.csv,1168,mcq,mmlu_high_school_us_history_0096,train,remove,C1_transformed,lmsys_rephrase
pairs_mcq_v2.csv,1169,mcq,mmlu_high_school_us_history_0096,train,remove,C2_answer_bearing,mmlu_answer_frag
pairs_mcq_v2.csv,1170,mcq,mmlu_high_school_us_history_0096,train,retain,H1_same_topic,mmlu_same_subject_other_item
pairs_mcq_v2.csv,1171,mcq,mmlu_high_school_us_history_0096,train,retain,H3_predating,logiqa
pairs_mcq_v2.csv,1172,mcq,mmlu_high_school_us_history_0096,train,retain,R_random,svamp
pairs_mcq_v2.csv,1173,mcq,mmlu_high_school_us_history_0097,train,remove,C0_exact,mmlu_copy
pairs_mcq_v2.csv,1174,mcq,mmlu_high_school_us_history_0097,train,remove,C1_transformed,lmsys_rephrase
pairs_mcq_v2.csv,1175,mcq,mmlu_high_school_us_history_0097,train,remove,C2_answer_bearing,mmlu_answer_frag
pairs_mcq_v2.csv,1176,mcq,mmlu_high_school_us_history_0097,train,retain,H1_same_topic,mmlu_same_subject_other_item
pairs_mcq_v2.csv,1177,mcq,mmlu_high_school_us_history_0097,train,retain,H3_predating,logiqa
pairs_mcq_v2.csv,1178,mcq,mmlu_high_school_us_history_0097,train,retain,R_random,svamp
pairs_mcq_v2.csv,1208,mcq,mmlu_high_school_us_history_0103,train,remove,C0_exact,mmlu_copy
pairs_mcq_v2.csv,1209,mcq,mmlu_high_school_us_history_0103,train,remove,C1_transformed,lmsys_rephrase
pairs_mcq_v2.csv,1210,mcq,mmlu_high_school_us_history_0103,train,remove,C2_answer_bearing,mmlu_answer_frag
pairs_mcq_v2.csv,1211,mcq,mmlu_high_school_us_history_0103,train,retain,H1_same_topic,mmlu_same_subject_other_item
pairs_mcq_v2.csv,1212,mcq,mmlu_high_school_us_history_0103,train,retain,H3_predating,logiqa
pairs_mcq_v2.csv,1213,mcq,mmlu_high_school_us_history_0103,train,retain,R_random,svamp
pairs_mcq_v2.csv,1220,mcq,mmlu_high_school_us_history_0105,train,remove,C0_exact,mmlu_copy
pairs_mcq_v2.csv,1221,mcq,mmlu_high_school_us_history_0105,train,remove,C1_transformed,lmsys_rephrase
pairs_mcq_v2.csv,1222,mcq,mmlu_high_school_us_history_0105,train,remove,C2_answer_bearing,mmlu_answer_frag
pairs_mcq_v2.csv,1223,mcq,mmlu_high_school_us_history_0105,train,retain,H1_same_topic,mmlu_same_subject_other_item
pairs_mcq_v2.csv,1224,mcq,mmlu_high_school_us_history_0105,train,retain,H3_predating,logiqa
pairs_mcq_v2.csv,1225,mcq,mmlu_high_school_us_history_0105,train,retain,R_random,svamp
pairs_mcq_v2.csv,1226,mcq,mmlu_high_school_us_history_0106,train,remove,C0_exact,mmlu_copy
pairs_mcq_v2.csv,1227,mcq,mmlu_high_school_us_history_0106,train,remove,C2_answer_bearing,mmlu_answer_frag
pairs_mcq_v2.csv,1228,mcq,mmlu_high_school_us_history_0106,train,retain,H1_same_topic,mmlu_same_subject_other_item
pairs_mcq_v2.csv,1229,mcq,mmlu_high_school_us_history_0106,train,retain,H3_predating,logiqa
pairs_mcq_v2.csv,1230,mcq,mmlu_high_school_us_history_0106,train,retain,R_random,svamp
pairs_mcq_v2.csv,1231,mcq,mmlu_high_school_us_history_0107,train,remove,C0_exact,mmlu_copy
pairs_mcq_v2.csv,1232,mcq,mmlu_high_school_us_history_0107,train,remove,C1_transformed,lmsys_rephrase
pairs_mcq_v2.csv,1233,mcq,mmlu_high_school_us_history_0107,train,remove,C2_answer_bearing,mmlu_answer_frag
pairs_mcq_v2.csv,1234,mcq,mmlu_high_school_us_history_0107,train,retain,H1_same_topic,mmlu_same_subject_other_item
pairs_mcq_v2.csv,1235,mcq,mmlu_high_school_us_history_0107,train,retain,H3_predating,logiqa
pairs_mcq_v2.csv,1236,mcq,mmlu_high_school_us_history_0107,train,retain,R_random,svamp
pairs_mcq_v2.csv,1249,mcq,mmlu_high_school_us_history_0110,train,remove,C0_exact,mmlu_copy
pairs_mcq_v2.csv,1250,mcq,mmlu_high_school_us_history_0110,train,remove,C1_transformed,lmsys_rephrase
pairs_mcq_v2.csv,1251,mcq,mmlu_high_school_us_history_0110,train,remove,C2_answer_bearing,mmlu_answer_frag
pairs_mcq_v2.csv,1252,mcq,mmlu_high_school_us_history_0110,train,retain,H1_same_topic,mmlu_same_subject_other_item
pairs_mcq_v2.csv,1253,mcq,mmlu_high_school_us_history_0110,train,retain,H3_predating,logiqa
pairs_mcq_v2.csv,1254,mcq,mmlu_high_school_us_history_0110,train,retain,R_random,svamp
pairs_mcq_v2.csv,1261,mcq,mmlu_high_school_us_history_0112,train,remove,C0_exact,mmlu_copy
pairs_mcq_v2.csv,1262,mcq,mmlu_high_school_us_history_0112,train,remove,C1_transformed,lmsys_rephrase
pairs_mcq_v2.csv,1263,mcq,mmlu_high_school_us_history_0112,train,remove,C2_answer_bearing,mmlu_answer_frag
pairs_mcq_v2.csv,1264,mcq,mmlu_high_school_us_history_0112,train,retain,H1_same_topic,mmlu_same_subject_other_item
pairs_mcq_v2.csv,1265,mcq,mmlu_high_school_us_history_0112,train,retain,H3_predating,logiqa
pairs_mcq_v2.csv,1266,mcq,mmlu_high_school_us_history_0112,train,retain,R_random,svamp
pairs_mcq_v2.csv,1279,mcq,mmlu_high_school_us_history_0115,train,remove,C0_exact,mmlu_copy
pairs_mcq_v2.csv,1280,mcq,mmlu_high_school_us_history_0115,train,remove,C1_transformed,lmsys_rephrase
pairs_mcq_v2.csv,1281,mcq,mmlu_high_school_us_history_0115,train,remove,C2_answer_bearing,mmlu_answer_frag
pairs_mcq_v2.csv,1282,mcq,mmlu_high_school_us_history_0115,train,retain,H1_same_topic,mmlu_same_subject_other_item
pairs_mcq_v2.csv,1283,mcq,mmlu_high_school_us_history_0115,train,retain,H3_predating,logiqa
pairs_mcq_v2.csv,1284,mcq,mmlu_high_school_us_history_0115,train,retain,R_random,svamp
pairs_mcq_v2.csv,1285,mcq,mmlu_high_school_us_history_0116,train,remove,C0_exact,mmlu_copy
pairs_mcq_v2.csv,1286,mcq,mmlu_high_school_us_history_0116,train,remove,C1_transformed,lmsys_rephrase
pairs_mcq_v2.csv,1287,mcq,mmlu_high_school_us_history_0116,train,remove,C2_answer_bearing,mmlu_answer_frag
pairs_mcq_v2.csv,1288,mcq,mmlu_high_school_us_history_0116,train,retain,H1_same_topic,mmlu_same_subject_other_item
pairs_mcq_v2.csv,1289,mcq,mmlu_high_school_us_history_0116,train,retain,H3_predating,logiqa
pairs_mcq_v2.csv,1290,mcq,mmlu_high_school_us_history_0116,train,retain,R_random,svamp
pairs_mcq_v2.csv,1308,mcq,mmlu_high_school_us_history_0120,train,remove,C0_exact,mmlu_copy
pairs_mcq_v2.csv,1309,mcq,mmlu_high_school_us_history_0120,train,remove,C1_transformed,lmsys_rephrase
pairs_mcq_v2.csv,1310,mcq,mmlu_high_school_us_history_0120,train,remove,C2_answer_bearing,mmlu_answer_frag
pairs_mcq_v2.csv,1311,mcq,mmlu_high_school_us_history_0120,train,retain,H1_same_topic,mmlu_same_subject_other_item
pairs_mcq_v2.csv,1312,mcq,mmlu_high_school_us_history_0120,train,retain,H3_predating,logiqa
pairs_mcq_v2.csv,1313,mcq,mmlu_high_school_us_history_0120,train,retain,R_random,svamp
pairs_mcq_v2.csv,1314,mcq,mmlu_high_school_us_history_0121,train,remove,C0_exact,mmlu_copy
pairs_mcq_v2.csv,1315,mcq,mmlu_high_school_us_history_0121,train,remove,C1_transformed,lmsys_rephrase
pairs_mcq_v2.csv,1316,mcq,mmlu_high_school_us_history_0121,train,remove,C2_answer_bearing,mmlu_answer_frag
pairs_mcq_v2.csv,1317,mcq,mmlu_high_school_us_history_0121,train,retain,H1_same_topic,mmlu_same_subject_other_item
pairs_mcq_v2.csv,1318,mcq,mmlu_high_school_us_history_0121,train,retain,H3_predating,logiqa
pairs_mcq_v2.csv,1319,mcq,mmlu_high_school_us_history_0121,train,retain,R_random,svamp
pairs_mcq_v2.csv,1320,mcq,mmlu_high_school_us_history_0122,train,remove,C0_exact,mmlu_copy
pairs_mcq_v2.csv,1321,mcq,mmlu_high_school_us_history_0122,train,remove,C1_transformed,lmsys_rephrase
pairs_mcq_v2.csv,1322,mcq,mmlu_high_school_us_history_0122,train,remove,C2_answer_bearing,mmlu_answer_frag
pairs_mcq_v2.csv,1323,mcq,mmlu_high_school_us_history_0122,train,retain,H1_same_topic,mmlu_same_subject_other_item
pairs_mcq_v2.csv,1324,mcq,mmlu_high_school_us_history_0122,train,retain,H3_predating,logiqa
pairs_mcq_v2.csv,1325,mcq,mmlu_high_school_us_history_0122,train,retain,R_random,svamp
pairs_mcq_v2.csv,1326,mcq,mmlu_high_school_us_history_0123,train,remove,C0_exact,mmlu_copy
pairs_mcq_v2.csv,1327,mcq,mmlu_high_school_us_history_0123,train,remove,C1_transformed,lmsys_rephrase
pairs_mcq_v2.csv,1328,mcq,mmlu_high_school_us_history_0123,train,remove,C2_answer_bearing,mmlu_answer_frag
pairs_mcq_v2.csv,1329,mcq,mmlu_high_school_us_history_0123,train,retain,H1_same_topic,mmlu_same_subject_other_item
pairs_mcq_v2.csv,1330,mcq,mmlu_high_school_us_history_0123,train,retain,H3_predating,logiqa
pairs_mcq_v2.csv,1331,mcq,mmlu_high_school_us_history_0123,train,retain,R_random,svamp
pairs_mcq_v2.csv,1332,mcq,mmlu_high_school_us_history_0124,train,remove,C0_exact,mmlu_copy
pairs_mcq_v2.csv,1333,mcq,mmlu_high_school_us_history_0124,train,remove,C1_transformed,lmsys_rephrase
pairs_mcq_v2.csv,1334,mcq,mmlu_high_school_us_history_0124,train,remove,C2_answer_bearing,mmlu_answer_frag
pairs_mcq_v2.csv,1335,mcq,mmlu_high_school_us_history_0124,train,retain,H1_same_topic,mmlu_same_subject_other_item
pairs_mcq_v2.csv,1336,mcq,mmlu_high_school_us_history_0124,train,retain,H3_predating,logiqa
pairs_mcq_v2.csv,1337,mcq,mmlu_high_school_us_history_0124,train,retain,R_random,svamp
pairs_mcq_v2.csv,1338,mcq,mmlu_high_school_us_history_0125,train,remove,C0_exact,mmlu_copy
pairs_mcq_v2.csv,1339,mcq,mmlu_high_school_us_history_0125,train,remove,C1_transformed,lmsys_rephrase
pairs_mcq_v2.csv,1340,mcq,mmlu_high_school_us_history_0125,train,remove,C2_answer_bearing,mmlu_answer_frag
pairs_mcq_v2.csv,1341,mcq,mmlu_high_school_us_history_0125,train,retain,H1_same_topic,mmlu_same_subject_other_item
pairs_mcq_v2.csv,1342,mcq,mmlu_high_school_us_history_0125,train,retain,H3_predating,logiqa
pairs_mcq_v2.csv,1343,mcq,mmlu_high_school_us_history_0125,train,retain,R_random,svamp
pairs_mcq_v2.csv,1344,mcq,mmlu_high_school_us_history_0126,train,remove,C0_exact,mmlu_copy
pairs_mcq_v2.csv,1345,mcq,mmlu_high_school_us_history_0126,train,remove,C1_transformed,lmsys_rephrase
pairs_mcq_v2.csv,1346,mcq,mmlu_high_school_us_history_0126,train,remove,C2_answer_bearing,mmlu_answer_frag
pairs_mcq_v2.csv,1347,mcq,mmlu_high_school_us_history_0126,train,retain,H1_same_topic,mmlu_same_subject_other_item
pairs_mcq_v2.csv,1348,mcq,mmlu_high_school_us_history_0126,train,retain,H3_predating,logiqa
pairs_mcq_v2.csv,1349,mcq,mmlu_high_school_us_history_0126,train,retain,R_random,svamp
pairs_mcq_v2.csv,1379,mcq,mmlu_high_school_us_history_0132,train,remove,C0_exact,mmlu_copy
pairs_mcq_v2.csv,1380,mcq,mmlu_high_school_us_history_0132,train,remove,C1_transformed,lmsys_rephrase
pairs_mcq_v2.csv,1381,mcq,mmlu_high_school_us_history_0132,train,remove,C2_answer_bearing,mmlu_answer_frag
pairs_mcq_v2.csv,1382,mcq,mmlu_high_school_us_history_0132,train,retain,H1_same_topic,mmlu_same_subject_other_item
pairs_mcq_v2.csv,1383,mcq,mmlu_high_school_us_history_0132,train,retain,H3_predating,logiqa
pairs_mcq_v2.csv,1384,mcq,mmlu_high_school_us_history_0132,train,retain,R_random,svamp
pairs_mcq_v2.csv,1385,mcq,mmlu_high_school_us_history_0133,train,remove,C0_exact,mmlu_copy
pairs_mcq_v2.csv,1386,mcq,mmlu_high_school_us_history_0133,train,remove,C1_transformed,lmsys_rephrase
pairs_mcq_v2.csv,1387,mcq,mmlu_high_school_us_history_0133,train,remove,C2_answer_bearing,mmlu_answer_frag
pairs_mcq_v2.csv,1388,mcq,mmlu_high_school_us_history_0133,train,retain,H1_same_topic,mmlu_same_subject_other_item
pairs_mcq_v2.csv,1389,mcq,mmlu_high_school_us_history_0133,train,retain,H3_predating,logiqa
pairs_mcq_v2.csv,1390,mcq,mmlu_high_school_us_history_0133,train,retain,R_random,svamp
pairs_mcq_v2.csv,1397,mcq,mmlu_high_school_us_history_0135,train,remove,C0_exact,mmlu_copy
pairs_mcq_v2.csv,1398,mcq,mmlu_high_school_us_history_0135,train,remove,C1_transformed,lmsys_rephrase
pairs_mcq_v2.csv,1399,mcq,mmlu_high_school_us_history_0135,train,remove,C2_answer_bearing,mmlu_answer_frag
pairs_mcq_v2.csv,1400,mcq,mmlu_high_school_us_history_0135,train,retain,H1_same_topic,mmlu_same_subject_other_item
pairs_mcq_v2.csv,1401,mcq,mmlu_high_school_us_history_0135,train,retain,H3_predating,logiqa
pairs_mcq_v2.csv,1402,mcq,mmlu_high_school_us_history_0135,train,retain,R_random,svamp
pairs_mcq_v2.csv,1403,mcq,mmlu_high_school_us_history_0136,train,remove,C0_exact,mmlu_copy
pairs_mcq_v2.csv,1404,mcq,mmlu_high_school_us_history_0136,train,remove,C1_transformed,lmsys_rephrase
pairs_mcq_v2.csv,1405,mcq,mmlu_high_school_us_history_0136,train,remove,C2_answer_bearing,mmlu_answer_frag
pairs_mcq_v2.csv,1406,mcq,mmlu_high_school_us_history_0136,train,retain,H1_same_topic,mmlu_same_subject_other_item
pairs_mcq_v2.csv,1407,mcq,mmlu_high_school_us_history_0136,train,retain,H3_predating,logiqa
pairs_mcq_v2.csv,1408,mcq,mmlu_high_school_us_history_0136,train,retain,R_random,svamp
pairs_mcq_v2.csv,1415,mcq,mmlu_high_school_us_history_0138,train,remove,C0_exact,mmlu_copy
pairs_mcq_v2.csv,1416,mcq,mmlu_high_school_us_history_0138,train,remove,C1_transformed,lmsys_rephrase
pairs_mcq_v2.csv,1417,mcq,mmlu_high_school_us_history_0138,train,remove,C2_answer_bearing,mmlu_answer_frag
pairs_mcq_v2.csv,1418,mcq,mmlu_high_school_us_history_0138,train,retain,H1_same_topic,mmlu_same_subject_other_item
pairs_mcq_v2.csv,1419,mcq,mmlu_high_school_us_history_0138,train,retain,H3_predating,logiqa
pairs_mcq_v2.csv,1420,mcq,mmlu_high_school_us_history_0138,train,retain,R_random,svamp
pairs_mcq_v2.csv,1421,mcq,mmlu_high_school_us_history_0139,train,remove,C0_exact,mmlu_copy
pairs_mcq_v2.csv,1422,mcq,mmlu_high_school_us_history_0139,train,remove,C1_transformed,lmsys_rephrase
pairs_mcq_v2.csv,1423,mcq,mmlu_high_school_us_history_0139,train,remove,C2_answer_bearing,mmlu_answer_frag
pairs_mcq_v2.csv,1424,mcq,mmlu_high_school_us_history_0139,train,retain,H1_same_topic,mmlu_same_subject_other_item
pairs_mcq_v2.csv,1425,mcq,mmlu_high_school_us_history_0139,train,retain,H3_predating,logiqa
pairs_mcq_v2.csv,1426,mcq,mmlu_high_school_us_history_0139,train,retain,R_random,svamp
pairs_mcq_v2.csv,1427,mcq,mmlu_high_school_us_history_0140,train,remove,C0_exact,mmlu_copy
pairs_mcq_v2.csv,1428,mcq,mmlu_high_school_us_history_0140,train,remove,C1_transformed,lmsys_rephrase
pairs_mcq_v2.csv,1429,mcq,mmlu_high_school_us_history_0140,train,remove,C2_answer_bearing,mmlu_answer_frag
pairs_mcq_v2.csv,1430,mcq,mmlu_high_school_us_history_0140,train,retain,H1_same_topic,mmlu_same_subject_other_item
pairs_mcq_v2.csv,1431,mcq,mmlu_high_school_us_history_0140,train,retain,H3_predating,logiqa
pairs_mcq_v2.csv,1432,mcq,mmlu_high_school_us_history_0140,train,retain,R_random,svamp
pairs_mcq_v2.csv,1433,mcq,mmlu_high_school_us_history_0141,train,remove,C0_exact,mmlu_copy
pairs_mcq_v2.csv,1434,mcq,mmlu_high_school_us_history_0141,train,remove,C1_transformed,lmsys_rephrase
pairs_mcq_v2.csv,1435,mcq,mmlu_high_school_us_history_0141,train,remove,C2_answer_bearing,mmlu_answer_frag
pairs_mcq_v2.csv,1436,mcq,mmlu_high_school_us_history_0141,train,retain,H1_same_topic,mmlu_same_subject_other_item
pairs_mcq_v2.csv,1437,mcq,mmlu_high_school_us_history_0141,train,retain,H3_predating,logiqa
pairs_mcq_v2.csv,1438,mcq,mmlu_high_school_us_history_0141,train,retain,R_random,svamp
pairs_mcq_v2.csv,1451,mcq,mmlu_high_school_us_history_0144,train,remove,C0_exact,mmlu_copy
pairs_mcq_v2.csv,1452,mcq,mmlu_high_school_us_history_0144,train,remove,C1_transformed,lmsys_rephrase
pairs_mcq_v2.csv,1453,mcq,mmlu_high_school_us_history_0144,train,remove,C2_answer_bearing,mmlu_answer_frag
pairs_mcq_v2.csv,1454,mcq,mmlu_high_school_us_history_0144,train,retain,H1_same_topic,mmlu_same_subject_other_item
pairs_mcq_v2.csv,1455,mcq,mmlu_high_school_us_history_0144,train,retain,H3_predating,logiqa
pairs_mcq_v2.csv,1456,mcq,mmlu_high_school_us_history_0144,train,retain,R_random,svamp
pairs_mcq_v2.csv,1457,mcq,mmlu_high_school_us_history_0145,train,remove,C0_exact,mmlu_copy
pairs_mcq_v2.csv,1458,mcq,mmlu_high_school_us_history_0145,train,remove,C1_transformed,lmsys_rephrase
pairs_mcq_v2.csv,1459,mcq,mmlu_high_school_us_history_0145,train,remove,C2_answer_bearing,mmlu_answer_frag
pairs_mcq_v2.csv,1460,mcq,mmlu_high_school_us_history_0145,train,retain,H1_same_topic,mmlu_same_subject_other_item
pairs_mcq_v2.csv,1461,mcq,mmlu_high_school_us_history_0145,train,retain,H3_predating,logiqa
pairs_mcq_v2.csv,1462,mcq,mmlu_high_school_us_history_0145,train,retain,R_random,svamp
pairs_mcq_v2.csv,1481,mcq,mmlu_high_school_us_history_0149,train,remove,C0_exact,mmlu_copy
pairs_mcq_v2.csv,1482,mcq,mmlu_high_school_us_history_0149,train,remove,C1_transformed,lmsys_rephrase
pairs_mcq_v2.csv,1483,mcq,mmlu_high_school_us_history_0149,train,remove,C2_answer_bearing,mmlu_answer_frag
pairs_mcq_v2.csv,1484,mcq,mmlu_high_school_us_history_0149,train,retain,H1_same_topic,mmlu_same_subject_other_item
pairs_mcq_v2.csv,1485,mcq,mmlu_high_school_us_history_0149,train,retain,H3_predating,logiqa
pairs_mcq_v2.csv,1486,mcq,mmlu_high_school_us_history_0149,train,retain,R_random,svamp
pairs_mcq_v2.csv,1510,mcq,mmlu_high_school_us_history_0154,train,remove,C0_exact,mmlu_copy
pairs_mcq_v2.csv,1511,mcq,mmlu_high_school_us_history_0154,train,remove,C1_transformed,lmsys_rephrase
pairs_mcq_v2.csv,1512,mcq,mmlu_high_school_us_history_0154,train,remove,C2_answer_bearing,mmlu_answer_frag
pairs_mcq_v2.csv,1513,mcq,mmlu_high_school_us_history_0154,train,retain,H1_same_topic,mmlu_same_subject_other_item
pairs_mcq_v2.csv,1514,mcq,mmlu_high_school_us_history_0154,train,retain,H3_predating,logiqa
pairs_mcq_v2.csv,1515,mcq,mmlu_high_school_us_history_0154,train,retain,R_random,svamp
pairs_mcq_v2.csv,1522,mcq,mmlu_high_school_us_history_0156,train,remove,C0_exact,mmlu_copy
pairs_mcq_v2.csv,1523,mcq,mmlu_high_school_us_history_0156,train,remove,C1_transformed,lmsys_rephrase
pairs_mcq_v2.csv,1524,mcq,mmlu_high_school_us_history_0156,train,remove,C2_answer_bearing,mmlu_answer_frag
pairs_mcq_v2.csv,1525,mcq,mmlu_high_school_us_history_0156,train,retain,H1_same_topic,mmlu_same_subject_other_item
pairs_mcq_v2.csv,1526,mcq,mmlu_high_school_us_history_0156,train,retain,H3_predating,logiqa
pairs_mcq_v2.csv,1527,mcq,mmlu_high_school_us_history_0156,train,retain,R_random,svamp
pairs_mcq_v2.csv,1534,mcq,mmlu_high_school_us_history_0158,train,remove,C0_exact,mmlu_copy
pairs_mcq_v2.csv,1535,mcq,mmlu_high_school_us_history_0158,train,remove,C1_transformed,lmsys_rephrase
pairs_mcq_v2.csv,1536,mcq,mmlu_high_school_us_history_0158,train,remove,C2_answer_bearing,mmlu_answer_frag
pairs_mcq_v2.csv,1537,mcq,mmlu_high_school_us_history_0158,train,retain,H1_same_topic,mmlu_same_subject_other_item
pairs_mcq_v2.csv,1538,mcq,mmlu_high_school_us_history_0158,train,retain,H3_predating,logiqa
pairs_mcq_v2.csv,1539,mcq,mmlu_high_school_us_history_0158,train,retain,R_random,svamp
pairs_mcq_v2.csv,1540,mcq,mmlu_high_school_us_history_0159,train,remove,C0_exact,mmlu_copy
pairs_mcq_v2.csv,1541,mcq,mmlu_high_school_us_history_0159,train,remove,C1_transformed,lmsys_rephrase
pairs_mcq_v2.csv,1542,mcq,mmlu_high_school_us_history_0159,train,remove,C2_answer_bearing,mmlu_answer_frag
pairs_mcq_v2.csv,1543,mcq,mmlu_high_school_us_history_0159,train,retain,H1_same_topic,mmlu_same_subject_other_item
pairs_mcq_v2.csv,1544,mcq,mmlu_high_school_us_history_0159,train,retain,H3_predating,logiqa
pairs_mcq_v2.csv,1545,mcq,mmlu_high_school_us_history_0159,train,retain,R_random,svamp
pairs_mcq_v2.csv,1546,mcq,mmlu_high_school_us_history_0160,train,remove,C0_exact,mmlu_copy
pairs_mcq_v2.csv,1547,mcq,mmlu_high_school_us_history_0160,train,remove,C1_transformed,lmsys_rephrase
pairs_mcq_v2.csv,1548,mcq,mmlu_high_school_us_history_0160,train,remove,C2_answer_bearing,mmlu_answer_frag
pairs_mcq_v2.csv,1549,mcq,mmlu_high_school_us_history_0160,train,retain,H1_same_topic,mmlu_same_subject_other_item
pairs_mcq_v2.csv,1550,mcq,mmlu_high_school_us_history_0160,train,retain,H3_predating,logiqa
pairs_mcq_v2.csv,1551,mcq,mmlu_high_school_us_history_0160,train,retain,R_random,svamp
pairs_mcq_v2.csv,1564,mcq,mmlu_high_school_us_history_0163,train,remove,C0_exact,mmlu_copy
pairs_mcq_v2.csv,1565,mcq,mmlu_high_school_us_history_0163,train,remove,C1_transformed,lmsys_rephrase
pairs_mcq_v2.csv,1566,mcq,mmlu_high_school_us_history_0163,train,remove,C2_answer_bearing,mmlu_answer_frag
pairs_mcq_v2.csv,1567,mcq,mmlu_high_school_us_history_0163,train,retain,H1_same_topic,mmlu_same_subject_other_item
pairs_mcq_v2.csv,1568,mcq,mmlu_high_school_us_history_0163,train,retain,H3_predating,logiqa
pairs_mcq_v2.csv,1569,mcq,mmlu_high_school_us_history_0163,train,retain,R_random,svamp
pairs_mcq_v2.csv,1594,mcq,mmlu_high_school_us_history_0168,train,remove,C0_exact,mmlu_copy
pairs_mcq_v2.csv,1595,mcq,mmlu_high_school_us_history_0168,train,remove,C1_transformed,lmsys_rephrase
pairs_mcq_v2.csv,1596,mcq,mmlu_high_school_us_history_0168,train,remove,C2_answer_bearing,mmlu_answer_frag
pairs_mcq_v2.csv,1597,mcq,mmlu_high_school_us_history_0168,train,retain,H1_same_topic,mmlu_same_subject_other_item
pairs_mcq_v2.csv,1598,mcq,mmlu_high_school_us_history_0168,train,retain,H3_predating,logiqa
pairs_mcq_v2.csv,1599,mcq,mmlu_high_school_us_history_0168,train,retain,R_random,svamp
pairs_mcq_v2.csv,1600,mcq,mmlu_high_school_us_history_0169,train,remove,C0_exact,mmlu_copy
pairs_mcq_v2.csv,1601,mcq,mmlu_high_school_us_history_0169,train,remove,C1_transformed,lmsys_rephrase
pairs_mcq_v2.csv,1602,mcq,mmlu_high_school_us_history_0169,train,remove,C2_answer_bearing,mmlu_answer_frag
pairs_mcq_v2.csv,1603,mcq,mmlu_high_school_us_history_0169,train,retain,H1_same_topic,mmlu_same_subject_other_item
pairs_mcq_v2.csv,1604,mcq,mmlu_high_school_us_history_0169,train,retain,H3_predating,logiqa
pairs_mcq_v2.csv,1605,mcq,mmlu_high_school_us_history_0169,train,retain,R_random,svamp
pairs_mcq_v2.csv,1612,mcq,mmlu_high_school_us_history_0171,train,remove,C0_exact,mmlu_copy
pairs_mcq_v2.csv,1613,mcq,mmlu_high_school_us_history_0171,train,remove,C1_transformed,lmsys_rephrase
pairs_mcq_v2.csv,1614,mcq,mmlu_high_school_us_history_0171,train,remove,C2_answer_bearing,mmlu_answer_frag
pairs_mcq_v2.csv,1615,mcq,mmlu_high_school_us_history_0171,train,retain,H1_same_topic,mmlu_same_subject_other_item
pairs_mcq_v2.csv,1616,mcq,mmlu_high_school_us_history_0171,train,retain,H3_predating,logiqa
pairs_mcq_v2.csv,1617,mcq,mmlu_high_school_us_history_0171,train,retain,R_random,svamp
pairs_mcq_v2.csv,1630,mcq,mmlu_high_school_us_history_0174,train,remove,C0_exact,mmlu_copy
pairs_mcq_v2.csv,1631,mcq,mmlu_high_school_us_history_0174,train,remove,C1_transformed,lmsys_rephrase
pairs_mcq_v2.csv,1632,mcq,mmlu_high_school_us_history_0174,train,remove,C2_answer_bearing,mmlu_answer_frag
pairs_mcq_v2.csv,1633,mcq,mmlu_high_school_us_history_0174,train,retain,H1_same_topic,mmlu_same_subject_other_item
pairs_mcq_v2.csv,1634,mcq,mmlu_high_school_us_history_0174,train,retain,H3_predating,logiqa
pairs_mcq_v2.csv,1635,mcq,mmlu_high_school_us_history_0174,train,retain,R_random,svamp
pairs_mcq_v2.csv,1636,mcq,mmlu_high_school_us_history_0175,train,remove,C0_exact,mmlu_copy
pairs_mcq_v2.csv,1637,mcq,mmlu_high_school_us_history_0175,train,remove,C1_transformed,lmsys_rephrase
pairs_mcq_v2.csv,1638,mcq,mmlu_high_school_us_history_0175,train,remove,C2_answer_bearing,mmlu_answer_frag
pairs_mcq_v2.csv,1639,mcq,mmlu_high_school_us_history_0175,train,retain,H1_same_topic,mmlu_same_subject_other_item
pairs_mcq_v2.csv,1640,mcq,mmlu_high_school_us_history_0175,train,retain,H3_predating,logiqa
pairs_mcq_v2.csv,1641,mcq,mmlu_high_school_us_history_0175,train,retain,R_random,svamp
pairs_mcq_v2.csv,1648,mcq,mmlu_high_school_us_history_0177,train,remove,C0_exact,mmlu_copy
pairs_mcq_v2.csv,1649,mcq,mmlu_high_school_us_history_0177,train,remove,C1_transformed,lmsys_rephrase
pairs_mcq_v2.csv,1650,mcq,mmlu_high_school_us_history_0177,train,remove,C2_answer_bearing,mmlu_answer_frag
pairs_mcq_v2.csv,1651,mcq,mmlu_high_school_us_history_0177,train,retain,H1_same_topic,mmlu_same_subject_other_item
pairs_mcq_v2.csv,1652,mcq,mmlu_high_school_us_history_0177,train,retain,H3_predating,logiqa
pairs_mcq_v2.csv,1653,mcq,mmlu_high_school_us_history_0177,train,retain,R_random,svamp
pairs_mcq_v2.csv,1678,mcq,mmlu_high_school_us_history_0182,train,remove,C0_exact,mmlu_copy
pairs_mcq_v2.csv,1679,mcq,mmlu_high_school_us_history_0182,train,remove,C1_transformed,lmsys_rephrase
pairs_mcq_v2.csv,1680,mcq,mmlu_high_school_us_history_0182,train,remove,C2_answer_bearing,mmlu_answer_frag
pairs_mcq_v2.csv,1681,mcq,mmlu_high_school_us_history_0182,train,retain,H1_same_topic,mmlu_same_subject_other_item
pairs_mcq_v2.csv,1682,mcq,mmlu_high_school_us_history_0182,train,retain,H3_predating,logiqa
pairs_mcq_v2.csv,1683,mcq,mmlu_high_school_us_history_0182,train,retain,R_random,svamp
pairs_mcq_v2.csv,1701,mcq,mmlu_high_school_us_history_0186,train,remove,C0_exact,mmlu_copy
pairs_mcq_v2.csv,1702,mcq,mmlu_high_school_us_history_0186,train,remove,C1_transformed,lmsys_rephrase
pairs_mcq_v2.csv,1703,mcq,mmlu_high_school_us_history_0186,train,remove,C2_answer_bearing,mmlu_answer_frag
pairs_mcq_v2.csv,1704,mcq,mmlu_high_school_us_history_0186,train,retain,H1_same_topic,mmlu_same_subject_other_item
pairs_mcq_v2.csv,1705,mcq,mmlu_high_school_us_history_0186,train,retain,H3_predating,logiqa
pairs_mcq_v2.csv,1706,mcq,mmlu_high_school_us_history_0186,train,retain,R_random,svamp
pairs_mcq_v2.csv,1712,mcq,mmlu_high_school_us_history_0188,train,remove,C0_exact,mmlu_copy
pairs_mcq_v2.csv,1713,mcq,mmlu_high_school_us_history_0188,train,remove,C1_transformed,lmsys_rephrase
pairs_mcq_v2.csv,1714,mcq,mmlu_high_school_us_history_0188,train,remove,C2_answer_bearing,mmlu_answer_frag
pairs_mcq_v2.csv,1715,mcq,mmlu_high_school_us_history_0188,train,retain,H1_same_topic,mmlu_same_subject_other_item
pairs_mcq_v2.csv,1716,mcq,mmlu_high_school_us_history_0188,train,retain,H3_predating,logiqa
pairs_mcq_v2.csv,1717,mcq,mmlu_high_school_us_history_0188,train,retain,R_random,svamp
pairs_mcq_v2.csv,1730,mcq,mmlu_high_school_us_history_0191,train,remove,C0_exact,mmlu_copy
pairs_mcq_v2.csv,1731,mcq,mmlu_high_school_us_history_0191,train,remove,C1_transformed,lmsys_rephrase
pairs_mcq_v2.csv,1732,mcq,mmlu_high_school_us_history_0191,train,remove,C2_answer_bearing,mmlu_answer_frag
pairs_mcq_v2.csv,1733,mcq,mmlu_high_school_us_history_0191,train,retain,H1_same_topic,mmlu_same_subject_other_item
pairs_mcq_v2.csv,1734,mcq,mmlu_high_school_us_history_0191,train,retain,H3_predating,logiqa
pairs_mcq_v2.csv,1735,mcq,mmlu_high_school_us_history_0191,train,retain,R_random,svamp
pairs_mcq_v2.csv,1742,mcq,mmlu_high_school_us_history_0193,train,remove,C0_exact,mmlu_copy
pairs_mcq_v2.csv,1743,mcq,mmlu_high_school_us_history_0193,train,remove,C1_transformed,lmsys_rephrase
pairs_mcq_v2.csv,1744,mcq,mmlu_high_school_us_history_0193,train,remove,C2_answer_bearing,mmlu_answer_frag
pairs_mcq_v2.csv,1745,mcq,mmlu_high_school_us_history_0193,train,retain,H1_same_topic,mmlu_same_subject_other_item
pairs_mcq_v2.csv,1746,mcq,mmlu_high_school_us_history_0193,train,retain,H3_predating,logiqa
pairs_mcq_v2.csv,1747,mcq,mmlu_high_school_us_history_0193,train,retain,R_random,svamp
pairs_mcq_v2.csv,1760,mcq,mmlu_high_school_us_history_0196,train,remove,C0_exact,mmlu_copy
pairs_mcq_v2.csv,1761,mcq,mmlu_high_school_us_history_0196,train,remove,C1_transformed,lmsys_rephrase
pairs_mcq_v2.csv,1762,mcq,mmlu_high_school_us_history_0196,train,remove,C2_answer_bearing,mmlu_answer_frag
pairs_mcq_v2.csv,1763,mcq,mmlu_high_school_us_history_0196,train,retain,H1_same_topic,mmlu_same_subject_other_item
pairs_mcq_v2.csv,1764,mcq,mmlu_high_school_us_history_0196,train,retain,H3_predating,logiqa
pairs_mcq_v2.csv,1765,mcq,mmlu_high_school_us_history_0196,train,retain,R_random,svamp
pairs_mcq_v2.csv,1766,mcq,mmlu_high_school_us_history_0197,train,remove,C0_exact,mmlu_copy
pairs_mcq_v2.csv,1767,mcq,mmlu_high_school_us_history_0197,train,remove,C1_transformed,lmsys_rephrase
pairs_mcq_v2.csv,1768,mcq,mmlu_high_school_us_history_0197,train,remove,C2_answer_bearing,mmlu_answer_frag
pairs_mcq_v2.csv,1769,mcq,mmlu_high_school_us_history_0197,train,retain,H1_same_topic,mmlu_same_subject_other_item
pairs_mcq_v2.csv,1770,mcq,mmlu_high_school_us_history_0197,train,retain,H3_predating,logiqa
pairs_mcq_v2.csv,1771,mcq,mmlu_high_school_us_history_0197,train,retain,R_random,svamp
pairs_mcq_v2.csv,1772,mcq,mmlu_high_school_us_history_0198,train,remove,C0_exact,mmlu_copy
pairs_mcq_v2.csv,1773,mcq,mmlu_high_school_us_history_0198,train,remove,C1_transformed,lmsys_rephrase
pairs_mcq_v2.csv,1774,mcq,mmlu_high_school_us_history_0198,train,remove,C2_answer_bearing,mmlu_answer_frag
pairs_mcq_v2.csv,1775,mcq,mmlu_high_school_us_history_0198,train,retain,H1_same_topic,mmlu_same_subject_other_item
pairs_mcq_v2.csv,1776,mcq,mmlu_high_school_us_history_0198,train,retain,H3_predating,logiqa
pairs_mcq_v2.csv,1777,mcq,mmlu_high_school_us_history_0198,train,retain,R_random,svamp
pairs_mcq_v2.csv,1802,mcq,mmlu_high_school_us_history_0203,train,remove,C0_exact,mmlu_copy
pairs_mcq_v2.csv,1803,mcq,mmlu_high_school_us_history_0203,train,remove,C1_transformed,lmsys_rephrase
pairs_mcq_v2.csv,1804,mcq,mmlu_high_school_us_history_0203,train,remove,C2_answer_bearing,mmlu_answer_frag
pairs_mcq_v2.csv,1805,mcq,mmlu_high_school_us_history_0203,train,retain,H1_same_topic,mmlu_same_subject_other_item
pairs_mcq_v2.csv,1806,mcq,mmlu_high_school_us_history_0203,train,retain,H3_predating,logiqa
pairs_mcq_v2.csv,1807,mcq,mmlu_high_school_us_history_0203,train,retain,R_random,svamp
pairs_mcq_v2.csv,1814,mcq,mmlu_sociology_0001,train,remove,C0_exact,mmlu_copy
pairs_mcq_v2.csv,1815,mcq,mmlu_sociology_0001,train,remove,C1_transformed,lmsys_rephrase
pairs_mcq_v2.csv,1816,mcq,mmlu_sociology_0001,train,remove,C2_answer_bearing,mmlu_answer_frag
pairs_mcq_v2.csv,1817,mcq,mmlu_sociology_0001,train,retain,H1_same_topic,mmlu_same_subject_other_item
pairs_mcq_v2.csv,1818,mcq,mmlu_sociology_0001,train,retain,H3_predating,logiqa
pairs_mcq_v2.csv,1819,mcq,mmlu_sociology_0001,train,retain,R_random,svamp
pairs_mcq_v2.csv,1826,mcq,mmlu_sociology_0003,train,remove,C0_exact,mmlu_copy
pairs_mcq_v2.csv,1827,mcq,mmlu_sociology_0003,train,remove,C1_transformed,lmsys_rephrase
pairs_mcq_v2.csv,1828,mcq,mmlu_sociology_0003,train,remove,C2_answer_bearing,mmlu_answer_frag
pairs_mcq_v2.csv,1829,mcq,mmlu_sociology_0003,train,retain,H1_same_topic,mmlu_same_subject_other_item
pairs_mcq_v2.csv,1830,mcq,mmlu_sociology_0003,train,retain,H3_predating,logiqa
pairs_mcq_v2.csv,1831,mcq,mmlu_sociology_0003,train,retain,R_random,svamp
pairs_mcq_v2.csv,1874,mcq,mmlu_sociology_0011,train,remove,C0_exact,mmlu_copy
pairs_mcq_v2.csv,1875,mcq,mmlu_sociology_0011,train,remove,C1_transformed,lmsys_rephrase
pairs_mcq_v2.csv,1876,mcq,mmlu_sociology_0011,train,remove,C2_answer_bearing,mmlu_answer_frag
pairs_mcq_v2.csv,1877,mcq,mmlu_sociology_0011,train,retain,H1_same_topic,mmlu_same_subject_other_item
pairs_mcq_v2.csv,1878,mcq,mmlu_sociology_0011,train,retain,H3_predating,logiqa
pairs_mcq_v2.csv,1879,mcq,mmlu_sociology_0011,train,retain,R_random,svamp
pairs_mcq_v2.csv,1880,mcq,mmlu_sociology_0012,train,remove,C0_exact,mmlu_copy
pairs_mcq_v2.csv,1881,mcq,mmlu_sociology_0012,train,remove,C1_transformed,lmsys_rephrase
pairs_mcq_v2.csv,1882,mcq,mmlu_sociology_0012,train,remove,C2_answer_bearing,mmlu_answer_frag
pairs_mcq_v2.csv,1883,mcq,mmlu_sociology_0012,train,retain,H1_same_topic,mmlu_same_subject_other_item
pairs_mcq_v2.csv,1884,mcq,mmlu_sociology_0012,train,retain,H3_predating,logiqa
pairs_mcq_v2.csv,1885,mcq,mmlu_sociology_0012,train,retain,R_random,svamp
pairs_mcq_v2.csv,1904,mcq,mmlu_sociology_0016,train,remove,C0_exact,mmlu_copy
pairs_mcq_v2.csv,1905,mcq,mmlu_sociology_0016,train,remove,C2_answer_bearing,mmlu_answer_frag
pairs_mcq_v2.csv,1906,mcq,mmlu_sociology_0016,train,retain,H1_same_topic,mmlu_same_subject_other_item
pairs_mcq_v2.csv,1907,mcq,mmlu_sociology_0016,train,retain,H3_predating,logiqa
pairs_mcq_v2.csv,1908,mcq,mmlu_sociology_0016,train,retain,R_random,svamp
pairs_mcq_v2.csv,1915,mcq,mmlu_sociology_0018,train,remove,C0_exact,mmlu_copy
pairs_mcq_v2.csv,1916,mcq,mmlu_sociology_0018,train,remove,C1_transformed,lmsys_rephrase
pairs_mcq_v2.csv,1917,mcq,mmlu_sociology_0018,train,remove,C2_answer_bearing,mmlu_answer_frag
pairs_mcq_v2.csv,1918,mcq,mmlu_sociology_0018,train,retain,H1_same_topic,mmlu_same_subject_other_item
pairs_mcq_v2.csv,1919,mcq,mmlu_sociology_0018,train,retain,H3_predating,logiqa
pairs_mcq_v2.csv,1920,mcq,mmlu_sociology_0018,train,retain,R_random,svamp
pairs_mcq_v2.csv,1939,mcq,mmlu_sociology_0022,train,remove,C0_exact,mmlu_copy
pairs_mcq_v2.csv,1940,mcq,mmlu_sociology_0022,train,remove,C1_transformed,lmsys_rephrase
pairs_mcq_v2.csv,1941,mcq,mmlu_sociology_0022,train,remove,C2_answer_bearing,mmlu_answer_frag
pairs_mcq_v2.csv,1942,mcq,mmlu_sociology_0022,train,retain,H1_same_topic,mmlu_same_subject_other_item
pairs_mcq_v2.csv,1943,mcq,mmlu_sociology_0022,train,retain,H3_predating,logiqa
pairs_mcq_v2.csv,1944,mcq,mmlu_sociology_0022,train,retain,R_random,svamp
pairs_mcq_v2.csv,1945,mcq,mmlu_sociology_0023,train,remove,C0_exact,mmlu_copy
pairs_mcq_v2.csv,1946,mcq,mmlu_sociology_0023,train,remove,C1_transformed,lmsys_rephrase
pairs_mcq_v2.csv,1947,mcq,mmlu_sociology_0023,train,remove,C2_answer_bearing,mmlu_answer_frag
pairs_mcq_v2.csv,1948,mcq,mmlu_sociology_0023,train,retain,H1_same_topic,mmlu_same_subject_other_item
pairs_mcq_v2.csv,1949,mcq,mmlu_sociology_0023,train,retain,H3_predating,logiqa
pairs_mcq_v2.csv,1950,mcq,mmlu_sociology_0023,train,retain,R_random,svamp
pairs_mcq_v2.csv,1963,mcq,mmlu_sociology_0026,train,remove,C0_exact,mmlu_copy
pairs_mcq_v2.csv,1964,mcq,mmlu_sociology_0026,train,remove,C1_transformed,lmsys_rephrase
pairs_mcq_v2.csv,1965,mcq,mmlu_sociology_0026,train,remove,C2_answer_bearing,mmlu_answer_frag
pairs_mcq_v2.csv,1966,mcq,mmlu_sociology_0026,train,retain,H1_same_topic,mmlu_same_subject_other_item
pairs_mcq_v2.csv,1967,mcq,mmlu_sociology_0026,train,retain,H3_predating,logiqa
pairs_mcq_v2.csv,1968,mcq,mmlu_sociology_0026,train,retain,R_random,svamp
pairs_mcq_v2.csv,1975,mcq,mmlu_sociology_0028,train,remove,C0_exact,mmlu_copy
pairs_mcq_v2.csv,1976,mcq,mmlu_sociology_0028,train,remove,C1_transformed,lmsys_rephrase
pairs_mcq_v2.csv,1977,mcq,mmlu_sociology_0028,train,remove,C2_answer_bearing,mmlu_answer_frag
pairs_mcq_v2.csv,1978,mcq,mmlu_sociology_0028,train,retain,H1_same_topic,mmlu_same_subject_other_item
pairs_mcq_v2.csv,1979,mcq,mmlu_sociology_0028,train,retain,H3_predating,logiqa
pairs_mcq_v2.csv,1980,mcq,mmlu_sociology_0028,train,retain,R_random,svamp
pairs_mcq_v2.csv,1987,mcq,mmlu_sociology_0030,train,remove,C0_exact,mmlu_copy
pairs_mcq_v2.csv,1988,mcq,mmlu_sociology_0030,train,remove,C1_transformed,lmsys_rephrase
pairs_mcq_v2.csv,1989,mcq,mmlu_sociology_0030,train,remove,C2_answer_bearing,mmlu_answer_frag
pairs_mcq_v2.csv,1990,mcq,mmlu_sociology_0030,train,retain,H1_same_topic,mmlu_same_subject_other_item
pairs_mcq_v2.csv,1991,mcq,mmlu_sociology_0030,train,retain,H3_predating,logiqa
pairs_mcq_v2.csv,1992,mcq,mmlu_sociology_0030,train,retain,R_random,svamp
pairs_mcq_v2.csv,1993,mcq,mmlu_sociology_0031,train,remove,C0_exact,mmlu_copy
pairs_mcq_v2.csv,1994,mcq,mmlu_sociology_0031,train,remove,C1_transformed,lmsys_rephrase
pairs_mcq_v2.csv,1995,mcq,mmlu_sociology_0031,train,remove,C2_answer_bearing,mmlu_answer_frag
pairs_mcq_v2.csv,1996,mcq,mmlu_sociology_0031,train,retain,H1_same_topic,mmlu_same_subject_other_item
pairs_mcq_v2.csv,1997,mcq,mmlu_sociology_0031,train,retain,H3_predating,logiqa
pairs_mcq_v2.csv,1998,mcq,mmlu_sociology_0031,train,retain,R_random,svamp
pairs_mcq_v2.csv,2005,mcq,mmlu_sociology_0033,train,remove,C0_exact,mmlu_copy
pairs_mcq_v2.csv,2006,mcq,mmlu_sociology_0033,train,remove,C1_transformed,lmsys_rephrase
pairs_mcq_v2.csv,2007,mcq,mmlu_sociology_0033,train,remove,C2_answer_bearing,mmlu_answer_frag
pairs_mcq_v2.csv,2008,mcq,mmlu_sociology_0033,train,retain,H1_same_topic,mmlu_same_subject_other_item
pairs_mcq_v2.csv,2009,mcq,mmlu_sociology_0033,train,retain,H3_predating,logiqa
pairs_mcq_v2.csv,2010,mcq,mmlu_sociology_0033,train,retain,R_random,svamp
pairs_mcq_v2.csv,2023,mcq,mmlu_sociology_0036,train,remove,C0_exact,mmlu_copy
pairs_mcq_v2.csv,2024,mcq,mmlu_sociology_0036,train,remove,C1_transformed,lmsys_rephrase
pairs_mcq_v2.csv,2025,mcq,mmlu_sociology_0036,train,remove,C2_answer_bearing,mmlu_answer_frag
pairs_mcq_v2.csv,2026,mcq,mmlu_sociology_0036,train,retain,H1_same_topic,mmlu_same_subject_other_item
pairs_mcq_v2.csv,2027,mcq,mmlu_sociology_0036,train,retain,H3_predating,logiqa
pairs_mcq_v2.csv,2028,mcq,mmlu_sociology_0036,train,retain,R_random,svamp
pairs_mcq_v2.csv,2035,mcq,mmlu_sociology_0038,train,remove,C0_exact,mmlu_copy
pairs_mcq_v2.csv,2036,mcq,mmlu_sociology_0038,train,remove,C1_transformed,lmsys_rephrase
pairs_mcq_v2.csv,2037,mcq,mmlu_sociology_0038,train,remove,C2_answer_bearing,mmlu_answer_frag
pairs_mcq_v2.csv,2038,mcq,mmlu_sociology_0038,train,retain,H1_same_topic,mmlu_same_subject_other_item
pairs_mcq_v2.csv,2039,mcq,mmlu_sociology_0038,train,retain,H3_predating,logiqa
pairs_mcq_v2.csv,2040,mcq,mmlu_sociology_0038,train,retain,R_random,svamp
pairs_mcq_v2.csv,2070,mcq,mmlu_sociology_0044,train,remove,C0_exact,mmlu_copy
pairs_mcq_v2.csv,2071,mcq,mmlu_sociology_0044,train,remove,C1_transformed,lmsys_rephrase
pairs_mcq_v2.csv,2072,mcq,mmlu_sociology_0044,train,remove,C2_answer_bearing,mmlu_answer_frag
pairs_mcq_v2.csv,2073,mcq,mmlu_sociology_0044,train,retain,H1_same_topic,mmlu_same_subject_other_item
pairs_mcq_v2.csv,2074,mcq,mmlu_sociology_0044,train,retain,H3_predating,logiqa
pairs_mcq_v2.csv,2075,mcq,mmlu_sociology_0044,train,retain,R_random,svamp
pairs_mcq_v2.csv,2094,mcq,mmlu_sociology_0048,train,remove,C0_exact,mmlu_copy
pairs_mcq_v2.csv,2095,mcq,mmlu_sociology_0048,train,remove,C1_transformed,lmsys_rephrase
pairs_mcq_v2.csv,2096,mcq,mmlu_sociology_0048,train,remove,C2_answer_bearing,mmlu_answer_frag
pairs_mcq_v2.csv,2097,mcq,mmlu_sociology_0048,train,retain,H1_same_topic,mmlu_same_subject_other_item
pairs_mcq_v2.csv,2098,mcq,mmlu_sociology_0048,train,retain,H3_predating,logiqa
pairs_mcq_v2.csv,2099,mcq,mmlu_sociology_0048,train,retain,R_random,svamp
pairs_mcq_v2.csv,2100,mcq,mmlu_sociology_0049,train,remove,C0_exact,mmlu_copy
pairs_mcq_v2.csv,2101,mcq,mmlu_sociology_0049,train,remove,C1_transformed,lmsys_rephrase
pairs_mcq_v2.csv,2102,mcq,mmlu_sociology_0049,train,remove,C2_answer_bearing,mmlu_answer_frag
pairs_mcq_v2.csv,2103,mcq,mmlu_sociology_0049,train,retain,H1_same_topic,mmlu_same_subject_other_item
pairs_mcq_v2.csv,2104,mcq,mmlu_sociology_0049,train,retain,H3_predating,logiqa
pairs_mcq_v2.csv,2105,mcq,mmlu_sociology_0049,train,retain,R_random,svamp
pairs_mcq_v2.csv,2106,mcq,mmlu_sociology_0050,train,remove,C0_exact,mmlu_copy
pairs_mcq_v2.csv,2107,mcq,mmlu_sociology_0050,train,remove,C1_transformed,lmsys_rephrase
pairs_mcq_v2.csv,2108,mcq,mmlu_sociology_0050,train,remove,C2_answer_bearing,mmlu_answer_frag
pairs_mcq_v2.csv,2109,mcq,mmlu_sociology_0050,train,retain,H1_same_topic,mmlu_same_subject_other_item
pairs_mcq_v2.csv,2110,mcq,mmlu_sociology_0050,train,retain,H3_predating,logiqa
pairs_mcq_v2.csv,2111,mcq,mmlu_sociology_0050,train,retain,R_random,svamp
pairs_mcq_v2.csv,2118,mcq,mmlu_sociology_0052,train,remove,C0_exact,mmlu_copy
pairs_mcq_v2.csv,2119,mcq,mmlu_sociology_0052,train,remove,C1_transformed,lmsys_rephrase
pairs_mcq_v2.csv,2120,mcq,mmlu_sociology_0052,train,remove,C2_answer_bearing,mmlu_answer_frag
pairs_mcq_v2.csv,2121,mcq,mmlu_sociology_0052,train,retain,H1_same_topic,mmlu_same_subject_other_item
pairs_mcq_v2.csv,2122,mcq,mmlu_sociology_0052,train,retain,H3_predating,logiqa
pairs_mcq_v2.csv,2123,mcq,mmlu_sociology_0052,train,retain,R_random,svamp
pairs_mcq_v2.csv,2166,mcq,mmlu_sociology_0060,train,remove,C0_exact,mmlu_copy
pairs_mcq_v2.csv,2167,mcq,mmlu_sociology_0060,train,remove,C1_transformed,lmsys_rephrase
pairs_mcq_v2.csv,2168,mcq,mmlu_sociology_0060,train,remove,C2_answer_bearing,mmlu_answer_frag
pairs_mcq_v2.csv,2169,mcq,mmlu_sociology_0060,train,retain,H1_same_topic,mmlu_same_subject_other_item
pairs_mcq_v2.csv,2170,mcq,mmlu_sociology_0060,train,retain,H3_predating,logiqa
pairs_mcq_v2.csv,2171,mcq,mmlu_sociology_0060,train,retain,R_random,svamp
pairs_mcq_v2.csv,2178,mcq,mmlu_sociology_0062,train,remove,C0_exact,mmlu_copy
pairs_mcq_v2.csv,2179,mcq,mmlu_sociology_0062,train,remove,C1_transformed,lmsys_rephrase
pairs_mcq_v2.csv,2180,mcq,mmlu_sociology_0062,train,remove,C2_answer_bearing,mmlu_answer_frag
pairs_mcq_v2.csv,2181,mcq,mmlu_sociology_0062,train,retain,H1_same_topic,mmlu_same_subject_other_item
pairs_mcq_v2.csv,2182,mcq,mmlu_sociology_0062,train,retain,H3_predating,logiqa
pairs_mcq_v2.csv,2183,mcq,mmlu_sociology_0062,train,retain,R_random,svamp
pairs_mcq_v2.csv,2184,mcq,mmlu_sociology_0063,train,remove,C0_exact,mmlu_copy
pairs_mcq_v2.csv,2185,mcq,mmlu_sociology_0063,train,remove,C1_transformed,lmsys_rephrase
pairs_mcq_v2.csv,2186,mcq,mmlu_sociology_0063,train,remove,C2_answer_bearing,mmlu_answer_frag
pairs_mcq_v2.csv,2187,mcq,mmlu_sociology_0063,train,retain,H1_same_topic,mmlu_same_subject_other_item
pairs_mcq_v2.csv,2188,mcq,mmlu_sociology_0063,train,retain,H3_predating,logiqa
pairs_mcq_v2.csv,2189,mcq,mmlu_sociology_0063,train,retain,R_random,svamp
pairs_mcq_v2.csv,2196,mcq,mmlu_sociology_0065,train,remove,C0_exact,mmlu_copy
pairs_mcq_v2.csv,2197,mcq,mmlu_sociology_0065,train,remove,C1_transformed,lmsys_rephrase
pairs_mcq_v2.csv,2198,mcq,mmlu_sociology_0065,train,remove,C2_answer_bearing,mmlu_answer_frag
pairs_mcq_v2.csv,2199,mcq,mmlu_sociology_0065,train,retain,H1_same_topic,mmlu_same_subject_other_item
pairs_mcq_v2.csv,2200,mcq,mmlu_sociology_0065,train,retain,H3_predating,logiqa
pairs_mcq_v2.csv,2201,mcq,mmlu_sociology_0065,train,retain,R_random,svamp
pairs_mcq_v2.csv,2237,mcq,mmlu_sociology_0072,train,remove,C0_exact,mmlu_copy
pairs_mcq_v2.csv,2238,mcq,mmlu_sociology_0072,train,remove,C1_transformed,lmsys_rephrase
pairs_mcq_v2.csv,2239,mcq,mmlu_sociology_0072,train,remove,C2_answer_bearing,mmlu_answer_frag
pairs_mcq_v2.csv,2240,mcq,mmlu_sociology_0072,train,retain,H1_same_topic,mmlu_same_subject_other_item
pairs_mcq_v2.csv,2241,mcq,mmlu_sociology_0072,train,retain,H3_predating,logiqa
pairs_mcq_v2.csv,2242,mcq,mmlu_sociology_0072,train,retain,R_random,svamp
pairs_mcq_v2.csv,2243,mcq,mmlu_sociology_0073,train,remove,C0_exact,mmlu_copy
pairs_mcq_v2.csv,2244,mcq,mmlu_sociology_0073,train,remove,C1_transformed,lmsys_rephrase
pairs_mcq_v2.csv,2245,mcq,mmlu_sociology_0073,train,remove,C2_answer_bearing,mmlu_answer_frag
pairs_mcq_v2.csv,2246,mcq,mmlu_sociology_0073,train,retain,H1_same_topic,mmlu_same_subject_other_item
pairs_mcq_v2.csv,2247,mcq,mmlu_sociology_0073,train,retain,H3_predating,logiqa
pairs_mcq_v2.csv,2248,mcq,mmlu_sociology_0073,train,retain,R_random,svamp
pairs_mcq_v2.csv,2267,mcq,mmlu_sociology_0077,train,remove,C0_exact,mmlu_copy
pairs_mcq_v2.csv,2268,mcq,mmlu_sociology_0077,train,remove,C1_transformed,lmsys_rephrase
pairs_mcq_v2.csv,2269,mcq,mmlu_sociology_0077,train,remove,C2_answer_bearing,mmlu_answer_frag
pairs_mcq_v2.csv,2270,mcq,mmlu_sociology_0077,train,retain,H1_same_topic,mmlu_same_subject_other_item
pairs_mcq_v2.csv,2271,mcq,mmlu_sociology_0077,train,retain,H3_predating,logiqa
pairs_mcq_v2.csv,2272,mcq,mmlu_sociology_0077,train,retain,R_random,svamp
pairs_mcq_v2.csv,2309,mcq,mmlu_sociology_0084,train,remove,C0_exact,mmlu_copy
pairs_mcq_v2.csv,2310,mcq,mmlu_sociology_0084,train,remove,C1_transformed,lmsys_rephrase
pairs_mcq_v2.csv,2311,mcq,mmlu_sociology_0084,train,remove,C2_answer_bearing,mmlu_answer_frag
pairs_mcq_v2.csv,2312,mcq,mmlu_sociology_0084,train,retain,H1_same_topic,mmlu_same_subject_other_item
pairs_mcq_v2.csv,2313,mcq,mmlu_sociology_0084,train,retain,H3_predating,logiqa
pairs_mcq_v2.csv,2314,mcq,mmlu_sociology_0084,train,retain,R_random,svamp
pairs_mcq_v2.csv,2315,mcq,mmlu_sociology_0085,train,remove,C0_exact,mmlu_copy
pairs_mcq_v2.csv,2316,mcq,mmlu_sociology_0085,train,remove,C1_transformed,lmsys_rephrase
pairs_mcq_v2.csv,2317,mcq,mmlu_sociology_0085,train,remove,C2_answer_bearing,mmlu_answer_frag
pairs_mcq_v2.csv,2318,mcq,mmlu_sociology_0085,train,retain,H1_same_topic,mmlu_same_subject_other_item
pairs_mcq_v2.csv,2319,mcq,mmlu_sociology_0085,train,retain,H3_predating,logiqa
pairs_mcq_v2.csv,2320,mcq,mmlu_sociology_0085,train,retain,R_random,svamp
pairs_mcq_v2.csv,2339,mcq,mmlu_sociology_0089,train,remove,C0_exact,mmlu_copy
pairs_mcq_v2.csv,2340,mcq,mmlu_sociology_0089,train,remove,C1_transformed,lmsys_rephrase
pairs_mcq_v2.csv,2341,mcq,mmlu_sociology_0089,train,remove,C2_answer_bearing,mmlu_answer_frag
pairs_mcq_v2.csv,2342,mcq,mmlu_sociology_0089,train,retain,H1_same_topic,mmlu_same_subject_other_item
pairs_mcq_v2.csv,2343,mcq,mmlu_sociology_0089,train,retain,H3_predating,logiqa
pairs_mcq_v2.csv,2344,mcq,mmlu_sociology_0089,train,retain,R_random,svamp
pairs_mcq_v2.csv,2345,mcq,mmlu_sociology_0090,train,remove,C0_exact,mmlu_copy
pairs_mcq_v2.csv,2346,mcq,mmlu_sociology_0090,train,remove,C1_transformed,lmsys_rephrase
pairs_mcq_v2.csv,2347,mcq,mmlu_sociology_0090,train,remove,C2_answer_bearing,mmlu_answer_frag
pairs_mcq_v2.csv,2348,mcq,mmlu_sociology_0090,train,retain,H1_same_topic,mmlu_same_subject_other_item
pairs_mcq_v2.csv,2349,mcq,mmlu_sociology_0090,train,retain,H3_predating,logiqa
pairs_mcq_v2.csv,2350,mcq,mmlu_sociology_0090,train,retain,R_random,svamp
pairs_mcq_v2.csv,2381,mcq,mmlu_sociology_0096,train,remove,C0_exact,mmlu_copy
pairs_mcq_v2.csv,2382,mcq,mmlu_sociology_0096,train,remove,C1_transformed,lmsys_rephrase
pairs_mcq_v2.csv,2383,mcq,mmlu_sociology_0096,train,remove,C2_answer_bearing,mmlu_answer_frag
pairs_mcq_v2.csv,2384,mcq,mmlu_sociology_0096,train,retain,H1_same_topic,mmlu_same_subject_other_item
pairs_mcq_v2.csv,2385,mcq,mmlu_sociology_0096,train,retain,H3_predating,logiqa
pairs_mcq_v2.csv,2386,mcq,mmlu_sociology_0096,train,retain,R_random,svamp
pairs_mcq_v2.csv,2393,mcq,mmlu_sociology_0098,train,remove,C0_exact,mmlu_copy
pairs_mcq_v2.csv,2394,mcq,mmlu_sociology_0098,train,remove,C1_transformed,lmsys_rephrase
pairs_mcq_v2.csv,2395,mcq,mmlu_sociology_0098,train,remove,C2_answer_bearing,mmlu_answer_frag
pairs_mcq_v2.csv,2396,mcq,mmlu_sociology_0098,train,retain,H1_same_topic,mmlu_same_subject_other_item
pairs_mcq_v2.csv,2397,mcq,mmlu_sociology_0098,train,retain,H3_predating,logiqa
pairs_mcq_v2.csv,2398,mcq,mmlu_sociology_0098,train,retain,R_random,svamp
pairs_mcq_v2.csv,2399,mcq,mmlu_sociology_0099,train,remove,C0_exact,mmlu_copy
pairs_mcq_v2.csv,2400,mcq,mmlu_sociology_0099,train,remove,C1_transformed,lmsys_rephrase
pairs_mcq_v2.csv,2401,mcq,mmlu_sociology_0099,train,remove,C2_answer_bearing,mmlu_answer_frag
pairs_mcq_v2.csv,2402,mcq,mmlu_sociology_0099,train,retain,H1_same_topic,mmlu_same_subject_other_item
pairs_mcq_v2.csv,2403,mcq,mmlu_sociology_0099,train,retain,H3_predating,logiqa
pairs_mcq_v2.csv,2404,mcq,mmlu_sociology_0099,train,retain,R_random,svamp
pairs_mcq_v2.csv,2435,mcq,mmlu_sociology_0105,train,remove,C0_exact,mmlu_copy
pairs_mcq_v2.csv,2436,mcq,mmlu_sociology_0105,train,remove,C1_transformed,lmsys_rephrase
pairs_mcq_v2.csv,2437,mcq,mmlu_sociology_0105,train,remove,C2_answer_bearing,mmlu_answer_frag
pairs_mcq_v2.csv,2438,mcq,mmlu_sociology_0105,train,retain,H1_same_topic,mmlu_same_subject_other_item
pairs_mcq_v2.csv,2439,mcq,mmlu_sociology_0105,train,retain,H3_predating,logiqa
pairs_mcq_v2.csv,2440,mcq,mmlu_sociology_0105,train,retain,R_random,svamp
pairs_mcq_v2.csv,2441,mcq,mmlu_sociology_0106,train,remove,C0_exact,mmlu_copy
pairs_mcq_v2.csv,2442,mcq,mmlu_sociology_0106,train,remove,C1_transformed,lmsys_rephrase
pairs_mcq_v2.csv,2443,mcq,mmlu_sociology_0106,train,remove,C2_answer_bearing,mmlu_answer_frag
pairs_mcq_v2.csv,2444,mcq,mmlu_sociology_0106,train,retain,H1_same_topic,mmlu_same_subject_other_item
pairs_mcq_v2.csv,2445,mcq,mmlu_sociology_0106,train,retain,H3_predating,logiqa
pairs_mcq_v2.csv,2446,mcq,mmlu_sociology_0106,train,retain,R_random,svamp
pairs_mcq_v2.csv,2447,mcq,mmlu_sociology_0107,train,remove,C0_exact,mmlu_copy
pairs_mcq_v2.csv,2448,mcq,mmlu_sociology_0107,train,remove,C1_transformed,lmsys_rephrase
pairs_mcq_v2.csv,2449,mcq,mmlu_sociology_0107,train,remove,C2_answer_bearing,mmlu_answer_frag
pairs_mcq_v2.csv,2450,mcq,mmlu_sociology_0107,train,retain,H1_same_topic,mmlu_same_subject_other_item
pairs_mcq_v2.csv,2451,mcq,mmlu_sociology_0107,train,retain,H3_predating,logiqa
pairs_mcq_v2.csv,2452,mcq,mmlu_sociology_0107,train,retain,R_random,svamp
pairs_mcq_v2.csv,2465,mcq,mmlu_sociology_0110,train,remove,C0_exact,mmlu_copy
pairs_mcq_v2.csv,2466,mcq,mmlu_sociology_0110,train,remove,C1_transformed,lmsys_rephrase
pairs_mcq_v2.csv,2467,mcq,mmlu_sociology_0110,train,remove,C2_answer_bearing,mmlu_answer_frag
pairs_mcq_v2.csv,2468,mcq,mmlu_sociology_0110,train,retain,H1_same_topic,mmlu_same_subject_other_item
pairs_mcq_v2.csv,2469,mcq,mmlu_sociology_0110,train,retain,H3_predating,logiqa
pairs_mcq_v2.csv,2470,mcq,mmlu_sociology_0110,train,retain,R_random,svamp
pairs_mcq_v2.csv,2471,mcq,mmlu_sociology_0111,train,remove,C0_exact,mmlu_copy
pairs_mcq_v2.csv,2472,mcq,mmlu_sociology_0111,train,remove,C1_transformed,lmsys_rephrase
pairs_mcq_v2.csv,2473,mcq,mmlu_sociology_0111,train,remove,C2_answer_bearing,mmlu_answer_frag
pairs_mcq_v2.csv,2474,mcq,mmlu_sociology_0111,train,retain,H1_same_topic,mmlu_same_subject_other_item
pairs_mcq_v2.csv,2475,mcq,mmlu_sociology_0111,train,retain,H3_predating,logiqa
pairs_mcq_v2.csv,2476,mcq,mmlu_sociology_0111,train,retain,R_random,svamp
pairs_mcq_v2.csv,2477,mcq,mmlu_sociology_0112,train,remove,C0_exact,mmlu_copy
pairs_mcq_v2.csv,2478,mcq,mmlu_sociology_0112,train,remove,C1_transformed,lmsys_rephrase
pairs_mcq_v2.csv,2479,mcq,mmlu_sociology_0112,train,remove,C2_answer_bearing,mmlu_answer_frag
pairs_mcq_v2.csv,2480,mcq,mmlu_sociology_0112,train,retain,H1_same_topic,mmlu_same_subject_other_item
pairs_mcq_v2.csv,2481,mcq,mmlu_sociology_0112,train,retain,H3_predating,logiqa
pairs_mcq_v2.csv,2482,mcq,mmlu_sociology_0112,train,retain,R_random,svamp
pairs_mcq_v2.csv,2483,mcq,mmlu_sociology_0113,train,remove,C0_exact,mmlu_copy
pairs_mcq_v2.csv,2484,mcq,mmlu_sociology_0113,train,remove,C1_transformed,lmsys_rephrase
pairs_mcq_v2.csv,2485,mcq,mmlu_sociology_0113,train,remove,C2_answer_bearing,mmlu_answer_frag
pairs_mcq_v2.csv,2486,mcq,mmlu_sociology_0113,train,retain,H1_same_topic,mmlu_same_subject_other_item
pairs_mcq_v2.csv,2487,mcq,mmlu_sociology_0113,train,retain,H3_predating,logiqa
pairs_mcq_v2.csv,2488,mcq,mmlu_sociology_0113,train,retain,R_random,svamp
pairs_mcq_v2.csv,2501,mcq,mmlu_sociology_0116,train,remove,C0_exact,mmlu_copy
pairs_mcq_v2.csv,2502,mcq,mmlu_sociology_0116,train,remove,C1_transformed,lmsys_rephrase
pairs_mcq_v2.csv,2503,mcq,mmlu_sociology_0116,train,remove,C2_answer_bearing,mmlu_answer_frag
pairs_mcq_v2.csv,2504,mcq,mmlu_sociology_0116,train,retain,H1_same_topic,mmlu_same_subject_other_item
pairs_mcq_v2.csv,2505,mcq,mmlu_sociology_0116,train,retain,H3_predating,logiqa
pairs_mcq_v2.csv,2506,mcq,mmlu_sociology_0116,train,retain,R_random,svamp
pairs_mcq_v2.csv,2507,mcq,mmlu_sociology_0117,train,remove,C0_exact,mmlu_copy
pairs_mcq_v2.csv,2508,mcq,mmlu_sociology_0117,train,remove,C1_transformed,lmsys_rephrase
pairs_mcq_v2.csv,2509,mcq,mmlu_sociology_0117,train,remove,C2_answer_bearing,mmlu_answer_frag
pairs_mcq_v2.csv,2510,mcq,mmlu_sociology_0117,train,retain,H1_same_topic,mmlu_same_subject_other_item
pairs_mcq_v2.csv,2511,mcq,mmlu_sociology_0117,train,retain,H3_predating,logiqa
pairs_mcq_v2.csv,2512,mcq,mmlu_sociology_0117,train,retain,R_random,svamp
pairs_mcq_v2.csv,2525,mcq,mmlu_sociology_0120,train,remove,C0_exact,mmlu_copy
pairs_mcq_v2.csv,2526,mcq,mmlu_sociology_0120,train,remove,C1_transformed,lmsys_rephrase
pairs_mcq_v2.csv,2527,mcq,mmlu_sociology_0120,train,remove,C2_answer_bearing,mmlu_answer_frag
pairs_mcq_v2.csv,2528,mcq,mmlu_sociology_0120,train,retain,H1_same_topic,mmlu_same_subject_other_item
pairs_mcq_v2.csv,2529,mcq,mmlu_sociology_0120,train,retain,H3_predating,logiqa
pairs_mcq_v2.csv,2530,mcq,mmlu_sociology_0120,train,retain,R_random,svamp
pairs_mcq_v2.csv,2537,mcq,mmlu_sociology_0122,train,remove,C0_exact,mmlu_copy
pairs_mcq_v2.csv,2538,mcq,mmlu_sociology_0122,train,remove,C1_transformed,lmsys_rephrase
pairs_mcq_v2.csv,2539,mcq,mmlu_sociology_0122,train,remove,C2_answer_bearing,mmlu_answer_frag
pairs_mcq_v2.csv,2540,mcq,mmlu_sociology_0122,train,retain,H1_same_topic,mmlu_same_subject_other_item
pairs_mcq_v2.csv,2541,mcq,mmlu_sociology_0122,train,retain,H3_predating,logiqa
pairs_mcq_v2.csv,2542,mcq,mmlu_sociology_0122,train,retain,R_random,svamp
pairs_mcq_v2.csv,2543,mcq,mmlu_sociology_0123,train,remove,C0_exact,mmlu_copy
pairs_mcq_v2.csv,2544,mcq,mmlu_sociology_0123,train,remove,C1_transformed,lmsys_rephrase
pairs_mcq_v2.csv,2545,mcq,mmlu_sociology_0123,train,remove,C2_answer_bearing,mmlu_answer_frag
pairs_mcq_v2.csv,2546,mcq,mmlu_sociology_0123,train,retain,H1_same_topic,mmlu_same_subject_other_item
pairs_mcq_v2.csv,2547,mcq,mmlu_sociology_0123,train,retain,H3_predating,logiqa
pairs_mcq_v2.csv,2548,mcq,mmlu_sociology_0123,train,retain,R_random,svamp
pairs_mcq_v2.csv,2561,mcq,mmlu_sociology_0126,train,remove,C0_exact,mmlu_copy
pairs_mcq_v2.csv,2562,mcq,mmlu_sociology_0126,train,remove,C1_transformed,lmsys_rephrase
pairs_mcq_v2.csv,2563,mcq,mmlu_sociology_0126,train,remove,C2_answer_bearing,mmlu_answer_frag
pairs_mcq_v2.csv,2564,mcq,mmlu_sociology_0126,train,retain,H1_same_topic,mmlu_same_subject_other_item
pairs_mcq_v2.csv,2565,mcq,mmlu_sociology_0126,train,retain,H3_predating,logiqa
pairs_mcq_v2.csv,2566,mcq,mmlu_sociology_0126,train,retain,R_random,svamp
pairs_mcq_v2.csv,2573,mcq,mmlu_sociology_0128,train,remove,C0_exact,mmlu_copy
pairs_mcq_v2.csv,2574,mcq,mmlu_sociology_0128,train,remove,C1_transformed,lmsys_rephrase
pairs_mcq_v2.csv,2575,mcq,mmlu_sociology_0128,train,remove,C2_answer_bearing,mmlu_answer_frag
pairs_mcq_v2.csv,2576,mcq,mmlu_sociology_0128,train,retain,H1_same_topic,mmlu_same_subject_other_item
pairs_mcq_v2.csv,2577,mcq,mmlu_sociology_0128,train,retain,H3_predating,logiqa
pairs_mcq_v2.csv,2578,mcq,mmlu_sociology_0128,train,retain,R_random,svamp
pairs_mcq_v2.csv,2579,mcq,mmlu_sociology_0129,train,remove,C0_exact,mmlu_copy
pairs_mcq_v2.csv,2580,mcq,mmlu_sociology_0129,train,remove,C1_transformed,lmsys_rephrase
pairs_mcq_v2.csv,2581,mcq,mmlu_sociology_0129,train,remove,C2_answer_bearing,mmlu_answer_frag
pairs_mcq_v2.csv,2582,mcq,mmlu_sociology_0129,train,retain,H1_same_topic,mmlu_same_subject_other_item
pairs_mcq_v2.csv,2583,mcq,mmlu_sociology_0129,train,retain,H3_predating,logiqa
pairs_mcq_v2.csv,2584,mcq,mmlu_sociology_0129,train,retain,R_random,svamp
pairs_mcq_v2.csv,2627,mcq,mmlu_sociology_0137,train,remove,C0_exact,mmlu_copy
pairs_mcq_v2.csv,2628,mcq,mmlu_sociology_0137,train,remove,C1_transformed,lmsys_rephrase
pairs_mcq_v2.csv,2629,mcq,mmlu_sociology_0137,train,remove,C2_answer_bearing,mmlu_answer_frag
pairs_mcq_v2.csv,2630,mcq,mmlu_sociology_0137,train,retain,H1_same_topic,mmlu_same_subject_other_item
pairs_mcq_v2.csv,2631,mcq,mmlu_sociology_0137,train,retain,H3_predating,logiqa
pairs_mcq_v2.csv,2632,mcq,mmlu_sociology_0137,train,retain,R_random,svamp
pairs_mcq_v2.csv,2639,mcq,mmlu_sociology_0139,train,remove,C0_exact,mmlu_copy
pairs_mcq_v2.csv,2640,mcq,mmlu_sociology_0139,train,remove,C1_transformed,lmsys_rephrase
pairs_mcq_v2.csv,2641,mcq,mmlu_sociology_0139,train,remove,C2_answer_bearing,mmlu_answer_frag
pairs_mcq_v2.csv,2642,mcq,mmlu_sociology_0139,train,retain,H1_same_topic,mmlu_same_subject_other_item
pairs_mcq_v2.csv,2643,mcq,mmlu_sociology_0139,train,retain,H3_predating,logiqa
pairs_mcq_v2.csv,2644,mcq,mmlu_sociology_0139,train,retain,R_random,svamp
pairs_mcq_v2.csv,2657,mcq,mmlu_sociology_0142,train,remove,C0_exact,mmlu_copy
pairs_mcq_v2.csv,2658,mcq,mmlu_sociology_0142,train,remove,C1_transformed,lmsys_rephrase
pairs_mcq_v2.csv,2659,mcq,mmlu_sociology_0142,train,remove,C2_answer_bearing,mmlu_answer_frag
pairs_mcq_v2.csv,2660,mcq,mmlu_sociology_0142,train,retain,H1_same_topic,mmlu_same_subject_other_item
pairs_mcq_v2.csv,2661,mcq,mmlu_sociology_0142,train,retain,H3_predating,logiqa
pairs_mcq_v2.csv,2662,mcq,mmlu_sociology_0142,train,retain,R_random,svamp
pairs_mcq_v2.csv,2675,mcq,mmlu_sociology_0145,train,remove,C0_exact,mmlu_copy
pairs_mcq_v2.csv,2676,mcq,mmlu_sociology_0145,train,remove,C1_transformed,lmsys_rephrase
pairs_mcq_v2.csv,2677,mcq,mmlu_sociology_0145,train,remove,C2_answer_bearing,mmlu_answer_frag
pairs_mcq_v2.csv,2678,mcq,mmlu_sociology_0145,train,retain,H1_same_topic,mmlu_same_subject_other_item
pairs_mcq_v2.csv,2679,mcq,mmlu_sociology_0145,train,retain,H3_predating,logiqa
pairs_mcq_v2.csv,2680,mcq,mmlu_sociology_0145,train,retain,R_random,svamp
pairs_mcq_v2.csv,2687,mcq,mmlu_sociology_0147,train,remove,C0_exact,mmlu_copy
pairs_mcq_v2.csv,2688,mcq,mmlu_sociology_0147,train,remove,C1_transformed,lmsys_rephrase
pairs_mcq_v2.csv,2689,mcq,mmlu_sociology_0147,train,remove,C2_answer_bearing,mmlu_answer_frag
pairs_mcq_v2.csv,2690,mcq,mmlu_sociology_0147,train,retain,H1_same_topic,mmlu_same_subject_other_item
pairs_mcq_v2.csv,2691,mcq,mmlu_sociology_0147,train,retain,H3_predating,logiqa
pairs_mcq_v2.csv,2692,mcq,mmlu_sociology_0147,train,retain,R_random,svamp
pairs_mcq_v2.csv,2711,mcq,mmlu_sociology_0151,train,remove,C0_exact,mmlu_copy
pairs_mcq_v2.csv,2712,mcq,mmlu_sociology_0151,train,remove,C1_transformed,lmsys_rephrase
pairs_mcq_v2.csv,2713,mcq,mmlu_sociology_0151,train,remove,C2_answer_bearing,mmlu_answer_frag
pairs_mcq_v2.csv,2714,mcq,mmlu_sociology_0151,train,retain,H1_same_topic,mmlu_same_subject_other_item
pairs_mcq_v2.csv,2715,mcq,mmlu_sociology_0151,train,retain,H3_predating,logiqa
pairs_mcq_v2.csv,2716,mcq,mmlu_sociology_0151,train,retain,R_random,svamp
pairs_mcq_v2.csv,2717,mcq,mmlu_sociology_0152,train,remove,C0_exact,mmlu_copy
pairs_mcq_v2.csv,2718,mcq,mmlu_sociology_0152,train,remove,C1_transformed,lmsys_rephrase
pairs_mcq_v2.csv,2719,mcq,mmlu_sociology_0152,train,remove,C2_answer_bearing,mmlu_answer_frag
pairs_mcq_v2.csv,2720,mcq,mmlu_sociology_0152,train,retain,H1_same_topic,mmlu_same_subject_other_item
pairs_mcq_v2.csv,2721,mcq,mmlu_sociology_0152,train,retain,H3_predating,logiqa
pairs_mcq_v2.csv,2722,mcq,mmlu_sociology_0152,train,retain,R_random,svamp
pairs_mcq_v2.csv,2723,mcq,mmlu_sociology_0153,train,remove,C0_exact,mmlu_copy
pairs_mcq_v2.csv,2724,mcq,mmlu_sociology_0153,train,remove,C1_transformed,lmsys_rephrase
pairs_mcq_v2.csv,2725,mcq,mmlu_sociology_0153,train,remove,C2_answer_bearing,mmlu_answer_frag
pairs_mcq_v2.csv,2726,mcq,mmlu_sociology_0153,train,retain,H1_same_topic,mmlu_same_subject_other_item
pairs_mcq_v2.csv,2727,mcq,mmlu_sociology_0153,train,retain,H3_predating,logiqa
pairs_mcq_v2.csv,2728,mcq,mmlu_sociology_0153,train,retain,R_random,svamp
pairs_mcq_v2.csv,2729,mcq,mmlu_sociology_0154,train,remove,C0_exact,mmlu_copy
pairs_mcq_v2.csv,2730,mcq,mmlu_sociology_0154,train,remove,C1_transformed,lmsys_rephrase
pairs_mcq_v2.csv,2731,mcq,mmlu_sociology_0154,train,remove,C2_answer_bearing,mmlu_answer_frag
pairs_mcq_v2.csv,2732,mcq,mmlu_sociology_0154,train,retain,H1_same_topic,mmlu_same_subject_other_item
pairs_mcq_v2.csv,2733,mcq,mmlu_sociology_0154,train,retain,H3_predating,logiqa
pairs_mcq_v2.csv,2734,mcq,mmlu_sociology_0154,train,retain,R_random,svamp
pairs_mcq_v2.csv,2747,mcq,mmlu_sociology_0157,train,remove,C0_exact,mmlu_copy
pairs_mcq_v2.csv,2748,mcq,mmlu_sociology_0157,train,remove,C1_transformed,lmsys_rephrase
pairs_mcq_v2.csv,2749,mcq,mmlu_sociology_0157,train,remove,C2_answer_bearing,mmlu_answer_frag
pairs_mcq_v2.csv,2750,mcq,mmlu_sociology_0157,train,retain,H1_same_topic,mmlu_same_subject_other_item
pairs_mcq_v2.csv,2751,mcq,mmlu_sociology_0157,train,retain,H3_predating,logiqa
pairs_mcq_v2.csv,2752,mcq,mmlu_sociology_0157,train,retain,R_random,svamp
pairs_mcq_v2.csv,2759,mcq,mmlu_sociology_0159,train,remove,C0_exact,mmlu_copy
pairs_mcq_v2.csv,2760,mcq,mmlu_sociology_0159,train,remove,C1_transformed,lmsys_rephrase
pairs_mcq_v2.csv,2761,mcq,mmlu_sociology_0159,train,remove,C2_answer_bearing,mmlu_answer_frag
pairs_mcq_v2.csv,2762,mcq,mmlu_sociology_0159,train,retain,H1_same_topic,mmlu_same_subject_other_item
pairs_mcq_v2.csv,2763,mcq,mmlu_sociology_0159,train,retain,H3_predating,logiqa
pairs_mcq_v2.csv,2764,mcq,mmlu_sociology_0159,train,retain,R_random,svamp
pairs_mcq_v2.csv,2795,mcq,mmlu_sociology_0165,train,remove,C0_exact,mmlu_copy
pairs_mcq_v2.csv,2796,mcq,mmlu_sociology_0165,train,remove,C1_transformed,lmsys_rephrase
pairs_mcq_v2.csv,2797,mcq,mmlu_sociology_0165,train,remove,C2_answer_bearing,mmlu_answer_frag
pairs_mcq_v2.csv,2798,mcq,mmlu_sociology_0165,train,retain,H1_same_topic,mmlu_same_subject_other_item
pairs_mcq_v2.csv,2799,mcq,mmlu_sociology_0165,train,retain,H3_predating,logiqa
pairs_mcq_v2.csv,2800,mcq,mmlu_sociology_0165,train,retain,R_random,svamp
pairs_mcq_v2.csv,2807,mcq,mmlu_sociology_0167,train,remove,C0_exact,mmlu_copy
pairs_mcq_v2.csv,2808,mcq,mmlu_sociology_0167,train,remove,C1_transformed,lmsys_rephrase
pairs_mcq_v2.csv,2809,mcq,mmlu_sociology_0167,train,remove,C2_answer_bearing,mmlu_answer_frag
pairs_mcq_v2.csv,2810,mcq,mmlu_sociology_0167,train,retain,H1_same_topic,mmlu_same_subject_other_item
pairs_mcq_v2.csv,2811,mcq,mmlu_sociology_0167,train,retain,H3_predating,logiqa
pairs_mcq_v2.csv,2812,mcq,mmlu_sociology_0167,train,retain,R_random,svamp
pairs_mcq_v2.csv,2813,mcq,mmlu_sociology_0168,train,remove,C0_exact,mmlu_copy
pairs_mcq_v2.csv,2814,mcq,mmlu_sociology_0168,train,remove,C1_transformed,lmsys_rephrase
pairs_mcq_v2.csv,2815,mcq,mmlu_sociology_0168,train,remove,C2_answer_bearing,mmlu_answer_frag
pairs_mcq_v2.csv,2816,mcq,mmlu_sociology_0168,train,retain,H1_same_topic,mmlu_same_subject_other_item
pairs_mcq_v2.csv,2817,mcq,mmlu_sociology_0168,train,retain,H3_predating,logiqa
pairs_mcq_v2.csv,2818,mcq,mmlu_sociology_0168,train,retain,R_random,svamp
pairs_mcq_v2.csv,2837,mcq,mmlu_sociology_0172,train,remove,C0_exact,mmlu_copy
pairs_mcq_v2.csv,2838,mcq,mmlu_sociology_0172,train,remove,C1_transformed,lmsys_rephrase
pairs_mcq_v2.csv,2839,mcq,mmlu_sociology_0172,train,remove,C2_answer_bearing,mmlu_answer_frag
pairs_mcq_v2.csv,2840,mcq,mmlu_sociology_0172,train,retain,H1_same_topic,mmlu_same_subject_other_item
pairs_mcq_v2.csv,2841,mcq,mmlu_sociology_0172,train,retain,H3_predating,logiqa
pairs_mcq_v2.csv,2842,mcq,mmlu_sociology_0172,train,retain,R_random,svamp
pairs_mcq_v2.csv,2861,mcq,mmlu_sociology_0176,train,remove,C0_exact,mmlu_copy
pairs_mcq_v2.csv,2862,mcq,mmlu_sociology_0176,train,remove,C2_answer_bearing,mmlu_answer_frag
pairs_mcq_v2.csv,2863,mcq,mmlu_sociology_0176,train,retain,H1_same_topic,mmlu_same_subject_other_item
pairs_mcq_v2.csv,2864,mcq,mmlu_sociology_0176,train,retain,H3_predating,logiqa
pairs_mcq_v2.csv,2865,mcq,mmlu_sociology_0176,train,retain,R_random,svamp
pairs_mcq_v2.csv,2866,mcq,mmlu_sociology_0177,train,remove,C0_exact,mmlu_copy
pairs_mcq_v2.csv,2867,mcq,mmlu_sociology_0177,train,remove,C1_transformed,lmsys_rephrase
pairs_mcq_v2.csv,2868,mcq,mmlu_sociology_0177,train,remove,C2_answer_bearing,mmlu_answer_frag
pairs_mcq_v2.csv,2869,mcq,mmlu_sociology_0177,train,retain,H1_same_topic,mmlu_same_subject_other_item
pairs_mcq_v2.csv,2870,mcq,mmlu_sociology_0177,train,retain,H3_predating,logiqa
pairs_mcq_v2.csv,2871,mcq,mmlu_sociology_0177,train,retain,R_random,svamp
pairs_mcq_v2.csv,2902,mcq,mmlu_sociology_0183,train,remove,C0_exact,mmlu_copy
pairs_mcq_v2.csv,2903,mcq,mmlu_sociology_0183,train,remove,C1_transformed,lmsys_rephrase
pairs_mcq_v2.csv,2904,mcq,mmlu_sociology_0183,train,remove,C2_answer_bearing,mmlu_answer_frag
pairs_mcq_v2.csv,2905,mcq,mmlu_sociology_0183,train,retain,H1_same_topic,mmlu_same_subject_other_item
pairs_mcq_v2.csv,2906,mcq,mmlu_sociology_0183,train,retain,H3_predating,logiqa
pairs_mcq_v2.csv,2907,mcq,mmlu_sociology_0183,train,retain,R_random,svamp
pairs_mcq_v2.csv,2932,mcq,mmlu_sociology_0188,train,remove,C0_exact,mmlu_copy
pairs_mcq_v2.csv,2933,mcq,mmlu_sociology_0188,train,remove,C1_transformed,lmsys_rephrase
pairs_mcq_v2.csv,2934,mcq,mmlu_sociology_0188,train,remove,C2_answer_bearing,mmlu_answer_frag
pairs_mcq_v2.csv,2935,mcq,mmlu_sociology_0188,train,retain,H1_same_topic,mmlu_same_subject_other_item
pairs_mcq_v2.csv,2936,mcq,mmlu_sociology_0188,train,retain,H3_predating,logiqa
pairs_mcq_v2.csv,2937,mcq,mmlu_sociology_0188,train,retain,R_random,svamp
pairs_mcq_v2.csv,2938,mcq,mmlu_sociology_0189,train,remove,C0_exact,mmlu_copy
pairs_mcq_v2.csv,2939,mcq,mmlu_sociology_0189,train,remove,C1_transformed,lmsys_rephrase
pairs_mcq_v2.csv,2940,mcq,mmlu_sociology_0189,train,remove,C2_answer_bearing,mmlu_answer_frag
pairs_mcq_v2.csv,2941,mcq,mmlu_sociology_0189,train,retain,H1_same_topic,mmlu_same_subject_other_item
pairs_mcq_v2.csv,2942,mcq,mmlu_sociology_0189,train,retain,H3_predating,logiqa
pairs_mcq_v2.csv,2943,mcq,mmlu_sociology_0189,train,retain,R_random,svamp
pairs_mcq_v2.csv,2950,mcq,mmlu_sociology_0191,train,remove,C0_exact,mmlu_copy
pairs_mcq_v2.csv,2951,mcq,mmlu_sociology_0191,train,remove,C1_transformed,lmsys_rephrase
pairs_mcq_v2.csv,2952,mcq,mmlu_sociology_0191,train,remove,C2_answer_bearing,mmlu_answer_frag
pairs_mcq_v2.csv,2953,mcq,mmlu_sociology_0191,train,retain,H1_same_topic,mmlu_same_subject_other_item
pairs_mcq_v2.csv,2954,mcq,mmlu_sociology_0191,train,retain,H3_predating,logiqa
pairs_mcq_v2.csv,2955,mcq,mmlu_sociology_0191,train,retain,R_random,svamp
pairs_mcq_v2.csv,2956,mcq,mmlu_sociology_0192,train,remove,C0_exact,mmlu_copy
pairs_mcq_v2.csv,2957,mcq,mmlu_sociology_0192,train,remove,C1_transformed,lmsys_rephrase
pairs_mcq_v2.csv,2958,mcq,mmlu_sociology_0192,train,remove,C2_answer_bearing,mmlu_answer_frag
pairs_mcq_v2.csv,2959,mcq,mmlu_sociology_0192,train,retain,H1_same_topic,mmlu_same_subject_other_item
pairs_mcq_v2.csv,2960,mcq,mmlu_sociology_0192,train,retain,H3_predating,logiqa
pairs_mcq_v2.csv,2961,mcq,mmlu_sociology_0192,train,retain,R_random,svamp
pairs_mcq_v2.csv,3016,mcq,mmlu_abstract_algebra_0006,train,remove,C1_sr,mmlu_sr_qa
pairs_mcq_v2.csv,3018,mcq,mmlu_abstract_algebra_0008,train,remove,C1_sr,mmlu_sr_qa
pairs_mcq_v2.csv,3020,mcq,mmlu_abstract_algebra_0010,train,remove,C1_sr,mmlu_sr_qa
pairs_mcq_v2.csv,3021,mcq,mmlu_abstract_algebra_0011,train,remove,C1_sr,mmlu_sr_qa
pairs_mcq_v2.csv,3022,mcq,mmlu_abstract_algebra_0012,train,remove,C1_sr,mmlu_sr_qa
pairs_mcq_v2.csv,3024,mcq,mmlu_abstract_algebra_0014,train,remove,C1_sr,mmlu_sr_qa
pairs_mcq_v2.csv,3025,mcq,mmlu_abstract_algebra_0015,train,remove,C1_sr,mmlu_sr_qa
pairs_mcq_v2.csv,3026,mcq,mmlu_abstract_algebra_0016,train,remove,C1_sr,mmlu_sr_qa
pairs_mcq_v2.csv,3027,mcq,mmlu_abstract_algebra_0017,train,remove,C1_sr,mmlu_sr_qa
pairs_mcq_v2.csv,3028,mcq,mmlu_abstract_algebra_0018,train,remove,C1_sr,mmlu_sr_qa
pairs_mcq_v2.csv,3031,mcq,mmlu_abstract_algebra_0021,train,remove,C1_sr,mmlu_sr_qa
pairs_mcq_v2.csv,3032,mcq,mmlu_abstract_algebra_0022,train,remove,C1_sr,mmlu_sr_qa
pairs_mcq_v2.csv,3033,mcq,mmlu_abstract_algebra_0023,train,remove,C1_sr,mmlu_sr_qa
pairs_mcq_v2.csv,3034,mcq,mmlu_abstract_algebra_0024,train,remove,C1_sr,mmlu_sr_qa
pairs_mcq_v2.csv,3037,mcq,mmlu_abstract_algebra_0027,train,remove,C1_sr,mmlu_sr_qa
pairs_mcq_v2.csv,3038,mcq,mmlu_abstract_algebra_0028,train,remove,C1_sr,mmlu_sr_qa
pairs_mcq_v2.csv,3044,mcq,mmlu_abstract_algebra_0034,train,remove,C1_sr,mmlu_sr_qa
pairs_mcq_v2.csv,3046,mcq,mmlu_abstract_algebra_0036,train,remove,C1_sr,mmlu_sr_qa
pairs_mcq_v2.csv,3048,mcq,mmlu_abstract_algebra_0038,train,remove,C1_sr,mmlu_sr_qa
pairs_mcq_v2.csv,3052,mcq,mmlu_abstract_algebra_0042,train,remove,C1_sr,mmlu_sr_qa
pairs_mcq_v2.csv,3054,mcq,mmlu_abstract_algebra_0044,train,remove,C1_sr,mmlu_sr_qa
pairs_mcq_v2.csv,3060,mcq,mmlu_abstract_algebra_0050,train,remove,C1_sr,mmlu_sr_qa
pairs_mcq_v2.csv,3062,mcq,mmlu_abstract_algebra_0052,train,remove,C1_sr,mmlu_sr_qa
pairs_mcq_v2.csv,3066,mcq,mmlu_abstract_algebra_0056,train,remove,C1_sr,mmlu_sr_qa
pairs_mcq_v2.csv,3070,mcq,mmlu_abstract_algebra_0060,train,remove,C1_sr,mmlu_sr_qa
pairs_mcq_v2.csv,3071,mcq,mmlu_abstract_algebra_0061,train,remove,C1_sr,mmlu_sr_qa
pairs_mcq_v2.csv,3072,mcq,mmlu_abstract_algebra_0062,train,remove,C1_sr,mmlu_sr_qa
pairs_mcq_v2.csv,3074,mcq,mmlu_abstract_algebra_0064,train,remove,C1_sr,mmlu_sr_qa
pairs_mcq_v2.csv,3075,mcq,mmlu_abstract_algebra_0065,train,remove,C1_sr,mmlu_sr_qa
pairs_mcq_v2.csv,3077,mcq,mmlu_abstract_algebra_0067,train,remove,C1_sr,mmlu_sr_qa
pairs_mcq_v2.csv,3078,mcq,mmlu_abstract_algebra_0068,train,remove,C1_sr,mmlu_sr_qa
pairs_mcq_v2.csv,3079,mcq,mmlu_abstract_algebra_0069,train,remove,C1_sr,mmlu_sr_qa
pairs_mcq_v2.csv,3084,mcq,mmlu_abstract_algebra_0074,train,remove,C1_sr,mmlu_sr_qa
pairs_mcq_v2.csv,3086,mcq,mmlu_abstract_algebra_0076,train,remove,C1_sr,mmlu_sr_qa
pairs_mcq_v2.csv,3087,mcq,mmlu_abstract_algebra_0077,train,remove,C1_sr,mmlu_sr_qa
pairs_mcq_v2.csv,3090,mcq,mmlu_abstract_algebra_0080,train,remove,C1_sr,mmlu_sr_qa
pairs_mcq_v2.csv,3094,mcq,mmlu_abstract_algebra_0084,train,remove,C1_sr,mmlu_sr_qa
pairs_mcq_v2.csv,3095,mcq,mmlu_abstract_algebra_0085,train,remove,C1_sr,mmlu_sr_qa
pairs_mcq_v2.csv,3096,mcq,mmlu_abstract_algebra_0086,train,remove,C1_sr,mmlu_sr_qa
pairs_mcq_v2.csv,3097,mcq,mmlu_abstract_algebra_0087,train,remove,C1_sr,mmlu_sr_qa
pairs_mcq_v2.csv,3098,mcq,mmlu_abstract_algebra_0088,train,remove,C1_sr,mmlu_sr_qa
pairs_mcq_v2.csv,3100,mcq,mmlu_abstract_algebra_0090,train,remove,C1_sr,mmlu_sr_qa
pairs_mcq_v2.csv,3103,mcq,mmlu_abstract_algebra_0093,train,remove,C1_sr,mmlu_sr_qa
pairs_mcq_v2.csv,3105,mcq,mmlu_abstract_algebra_0095,train,remove,C1_sr,mmlu_sr_qa
pairs_mcq_v2.csv,3106,mcq,mmlu_abstract_algebra_0096,train,remove,C1_sr,mmlu_sr_qa
pairs_mcq_v2.csv,3112,mcq,mmlu_high_school_us_history_0002,train,remove,C1_sr,mmlu_sr_qa
pairs_mcq_v2.csv,3115,mcq,mmlu_high_school_us_history_0005,train,remove,C1_sr,mmlu_sr_qa
pairs_mcq_v2.csv,3116,mcq,mmlu_high_school_us_history_0006,train,remove,C1_sr,mmlu_sr_qa
pairs_mcq_v2.csv,3117,mcq,mmlu_high_school_us_history_0007,train,remove,C1_sr,mmlu_sr_qa
pairs_mcq_v2.csv,3118,mcq,mmlu_high_school_us_history_0008,train,remove,C1_sr,mmlu_sr_qa
pairs_mcq_v2.csv,3119,mcq,mmlu_high_school_us_history_0009,train,remove,C1_sr,mmlu_sr_qa
pairs_mcq_v2.csv,3122,mcq,mmlu_high_school_us_history_0012,train,remove,C1_sr,mmlu_sr_qa
pairs_mcq_v2.csv,3124,mcq,mmlu_high_school_us_history_0014,train,remove,C1_sr,mmlu_sr_qa
pairs_mcq_v2.csv,3125,mcq,mmlu_high_school_us_history_0015,train,remove,C1_sr,mmlu_sr_qa
pairs_mcq_v2.csv,3126,mcq,mmlu_high_school_us_history_0016,train,remove,C1_sr,mmlu_sr_qa
pairs_mcq_v2.csv,3132,mcq,mmlu_high_school_us_history_0022,train,remove,C1_sr,mmlu_sr_qa
pairs_mcq_v2.csv,3133,mcq,mmlu_high_school_us_history_0023,train,remove,C1_sr,mmlu_sr_qa
pairs_mcq_v2.csv,3134,mcq,mmlu_high_school_us_history_0024,train,remove,C1_sr,mmlu_sr_qa
pairs_mcq_v2.csv,3135,mcq,mmlu_high_school_us_history_0025,train,remove,C1_sr,mmlu_sr_qa
pairs_mcq_v2.csv,3143,mcq,mmlu_high_school_us_history_0033,train,remove,C1_sr,mmlu_sr_qa
pairs_mcq_v2.csv,3145,mcq,mmlu_high_school_us_history_0035,train,remove,C1_sr,mmlu_sr_qa
pairs_mcq_v2.csv,3146,mcq,mmlu_high_school_us_history_0036,train,remove,C1_sr,mmlu_sr_qa
pairs_mcq_v2.csv,3148,mcq,mmlu_high_school_us_history_0038,train,remove,C1_sr,mmlu_sr_qa
pairs_mcq_v2.csv,3149,mcq,mmlu_high_school_us_history_0039,train,remove,C1_sr,mmlu_sr_qa
pairs_mcq_v2.csv,3151,mcq,mmlu_high_school_us_history_0041,train,remove,C1_sr,mmlu_sr_qa
pairs_mcq_v2.csv,3153,mcq,mmlu_high_school_us_history_0043,train,remove,C1_sr,mmlu_sr_qa
pairs_mcq_v2.csv,3158,mcq,mmlu_high_school_us_history_0048,train,remove,C1_sr,mmlu_sr_qa
pairs_mcq_v2.csv,3162,mcq,mmlu_high_school_us_history_0052,train,remove,C1_sr,mmlu_sr_qa
pairs_mcq_v2.csv,3167,mcq,mmlu_high_school_us_history_0057,train,remove,C1_sr,mmlu_sr_qa
pairs_mcq_v2.csv,3172,mcq,mmlu_high_school_us_history_0062,train,remove,C1_sr,mmlu_sr_qa
pairs_mcq_v2.csv,3173,mcq,mmlu_high_school_us_history_0063,train,remove,C1_sr,mmlu_sr_qa
pairs_mcq_v2.csv,3175,mcq,mmlu_high_school_us_history_0065,train,remove,C1_sr,mmlu_sr_qa
pairs_mcq_v2.csv,3177,mcq,mmlu_high_school_us_history_0067,train,remove,C1_sr,mmlu_sr_qa
pairs_mcq_v2.csv,3183,mcq,mmlu_high_school_us_history_0073,train,remove,C1_sr,mmlu_sr_qa
pairs_mcq_v2.csv,3188,mcq,mmlu_high_school_us_history_0078,train,remove,C1_sr,mmlu_sr_qa
pairs_mcq_v2.csv,3191,mcq,mmlu_high_school_us_history_0081,train,remove,C1_sr,mmlu_sr_qa
pairs_mcq_v2.csv,3192,mcq,mmlu_high_school_us_history_0082,train,remove,C1_sr,mmlu_sr_qa
pairs_mcq_v2.csv,3196,mcq,mmlu_high_school_us_history_0086,train,remove,C1_sr,mmlu_sr_qa
pairs_mcq_v2.csv,3199,mcq,mmlu_high_school_us_history_0089,train,remove,C1_sr,mmlu_sr_qa
pairs_mcq_v2.csv,3202,mcq,mmlu_high_school_us_history_0092,train,remove,C1_sr,mmlu_sr_qa
pairs_mcq_v2.csv,3204,mcq,mmlu_high_school_us_history_0094,train,remove,C1_sr,mmlu_sr_qa
pairs_mcq_v2.csv,3205,mcq,mmlu_high_school_us_history_0095,train,remove,C1_sr,mmlu_sr_qa
pairs_mcq_v2.csv,3206,mcq,mmlu_high_school_us_history_0096,train,remove,C1_sr,mmlu_sr_qa
pairs_mcq_v2.csv,3207,mcq,mmlu_high_school_us_history_0097,train,remove,C1_sr,mmlu_sr_qa
pairs_mcq_v2.csv,3213,mcq,mmlu_high_school_us_history_0103,train,remove,C1_sr,mmlu_sr_qa
pairs_mcq_v2.csv,3215,mcq,mmlu_high_school_us_history_0105,train,remove,C1_sr,mmlu_sr_qa
pairs_mcq_v2.csv,3216,mcq,mmlu_high_school_us_history_0106,train,remove,C1_sr,mmlu_sr_qa
pairs_mcq_v2.csv,3217,mcq,mmlu_high_school_us_history_0107,train,remove,C1_sr,mmlu_sr_qa
pairs_mcq_v2.csv,3220,mcq,mmlu_high_school_us_history_0110,train,remove,C1_sr,mmlu_sr_qa
pairs_mcq_v2.csv,3222,mcq,mmlu_high_school_us_history_0112,train,remove,C1_sr,mmlu_sr_qa
pairs_mcq_v2.csv,3225,mcq,mmlu_high_school_us_history_0115,train,remove,C1_sr,mmlu_sr_qa
pairs_mcq_v2.csv,3226,mcq,mmlu_high_school_us_history_0116,train,remove,C1_sr,mmlu_sr_qa
pairs_mcq_v2.csv,3230,mcq,mmlu_high_school_us_history_0120,train,remove,C1_sr,mmlu_sr_qa
pairs_mcq_v2.csv,3231,mcq,mmlu_high_school_us_history_0121,train,remove,C1_sr,mmlu_sr_qa
pairs_mcq_v2.csv,3232,mcq,mmlu_high_school_us_history_0122,train,remove,C1_sr,mmlu_sr_qa
pairs_mcq_v2.csv,3233,mcq,mmlu_high_school_us_history_0123,train,remove,C1_sr,mmlu_sr_qa
pairs_mcq_v2.csv,3234,mcq,mmlu_high_school_us_history_0124,train,remove,C1_sr,mmlu_sr_qa
pairs_mcq_v2.csv,3235,mcq,mmlu_high_school_us_history_0125,train,remove,C1_sr,mmlu_sr_qa
pairs_mcq_v2.csv,3236,mcq,mmlu_high_school_us_history_0126,train,remove,C1_sr,mmlu_sr_qa
pairs_mcq_v2.csv,3242,mcq,mmlu_high_school_us_history_0132,train,remove,C1_sr,mmlu_sr_qa
pairs_mcq_v2.csv,3243,mcq,mmlu_high_school_us_history_0133,train,remove,C1_sr,mmlu_sr_qa
pairs_mcq_v2.csv,3245,mcq,mmlu_high_school_us_history_0135,train,remove,C1_sr,mmlu_sr_qa
pairs_mcq_v2.csv,3246,mcq,mmlu_high_school_us_history_0136,train,remove,C1_sr,mmlu_sr_qa
pairs_mcq_v2.csv,3248,mcq,mmlu_high_school_us_history_0138,train,remove,C1_sr,mmlu_sr_qa
pairs_mcq_v2.csv,3249,mcq,mmlu_high_school_us_history_0139,train,remove,C1_sr,mmlu_sr_qa
pairs_mcq_v2.csv,3250,mcq,mmlu_high_school_us_history_0140,train,remove,C1_sr,mmlu_sr_qa
pairs_mcq_v2.csv,3251,mcq,mmlu_high_school_us_history_0141,train,remove,C1_sr,mmlu_sr_qa
pairs_mcq_v2.csv,3254,mcq,mmlu_high_school_us_history_0144,train,remove,C1_sr,mmlu_sr_qa
pairs_mcq_v2.csv,3255,mcq,mmlu_high_school_us_history_0145,train,remove,C1_sr,mmlu_sr_qa
pairs_mcq_v2.csv,3259,mcq,mmlu_high_school_us_history_0149,train,remove,C1_sr,mmlu_sr_qa
pairs_mcq_v2.csv,3264,mcq,mmlu_high_school_us_history_0154,train,remove,C1_sr,mmlu_sr_qa
pairs_mcq_v2.csv,3266,mcq,mmlu_high_school_us_history_0156,train,remove,C1_sr,mmlu_sr_qa
pairs_mcq_v2.csv,3268,mcq,mmlu_high_school_us_history_0158,train,remove,C1_sr,mmlu_sr_qa
pairs_mcq_v2.csv,3269,mcq,mmlu_high_school_us_history_0159,train,remove,C1_sr,mmlu_sr_qa
pairs_mcq_v2.csv,3270,mcq,mmlu_high_school_us_history_0160,train,remove,C1_sr,mmlu_sr_qa
pairs_mcq_v2.csv,3273,mcq,mmlu_high_school_us_history_0163,train,remove,C1_sr,mmlu_sr_qa
pairs_mcq_v2.csv,3278,mcq,mmlu_high_school_us_history_0168,train,remove,C1_sr,mmlu_sr_qa
pairs_mcq_v2.csv,3279,mcq,mmlu_high_school_us_history_0169,train,remove,C1_sr,mmlu_sr_qa
pairs_mcq_v2.csv,3281,mcq,mmlu_high_school_us_history_0171,train,remove,C1_sr,mmlu_sr_qa
pairs_mcq_v2.csv,3284,mcq,mmlu_high_school_us_history_0174,train,remove,C1_sr,mmlu_sr_qa
pairs_mcq_v2.csv,3285,mcq,mmlu_high_school_us_history_0175,train,remove,C1_sr,mmlu_sr_qa
pairs_mcq_v2.csv,3287,mcq,mmlu_high_school_us_history_0177,train,remove,C1_sr,mmlu_sr_qa
pairs_mcq_v2.csv,3292,mcq,mmlu_high_school_us_history_0182,train,remove,C1_sr,mmlu_sr_qa
pairs_mcq_v2.csv,3296,mcq,mmlu_high_school_us_history_0186,train,remove,C1_sr,mmlu_sr_qa
pairs_mcq_v2.csv,3298,mcq,mmlu_high_school_us_history_0188,train,remove,C1_sr,mmlu_sr_qa
pairs_mcq_v2.csv,3301,mcq,mmlu_high_school_us_history_0191,train,remove,C1_sr,mmlu_sr_qa
pairs_mcq_v2.csv,3303,mcq,mmlu_high_school_us_history_0193,train,remove,C1_sr,mmlu_sr_qa
pairs_mcq_v2.csv,3306,mcq,mmlu_high_school_us_history_0196,train,remove,C1_sr,mmlu_sr_qa
pairs_mcq_v2.csv,3307,mcq,mmlu_high_school_us_history_0197,train,remove,C1_sr,mmlu_sr_qa
pairs_mcq_v2.csv,3308,mcq,mmlu_high_school_us_history_0198,train,remove,C1_sr,mmlu_sr_qa
pairs_mcq_v2.csv,3313,mcq,mmlu_high_school_us_history_0203,train,remove,C1_sr,mmlu_sr_qa
pairs_mcq_v2.csv,3315,mcq,mmlu_sociology_0001,train,remove,C1_sr,mmlu_sr_qa
pairs_mcq_v2.csv,3317,mcq,mmlu_sociology_0003,train,remove,C1_sr,mmlu_sr_qa
pairs_mcq_v2.csv,3325,mcq,mmlu_sociology_0011,train,remove,C1_sr,mmlu_sr_qa
pairs_mcq_v2.csv,3326,mcq,mmlu_sociology_0012,train,remove,C1_sr,mmlu_sr_qa
pairs_mcq_v2.csv,3330,mcq,mmlu_sociology_0016,train,remove,C1_sr,mmlu_sr_qa
pairs_mcq_v2.csv,3332,mcq,mmlu_sociology_0018,train,remove,C1_sr,mmlu_sr_qa
pairs_mcq_v2.csv,3336,mcq,mmlu_sociology_0022,train,remove,C1_sr,mmlu_sr_qa
pairs_mcq_v2.csv,3337,mcq,mmlu_sociology_0023,train,remove,C1_sr,mmlu_sr_qa
pairs_mcq_v2.csv,3340,mcq,mmlu_sociology_0026,train,remove,C1_sr,mmlu_sr_qa
pairs_mcq_v2.csv,3342,mcq,mmlu_sociology_0028,train,remove,C1_sr,mmlu_sr_qa
pairs_mcq_v2.csv,3344,mcq,mmlu_sociology_0030,train,remove,C1_sr,mmlu_sr_qa
pairs_mcq_v2.csv,3345,mcq,mmlu_sociology_0031,train,remove,C1_sr,mmlu_sr_qa
pairs_mcq_v2.csv,3347,mcq,mmlu_sociology_0033,train,remove,C1_sr,mmlu_sr_qa
pairs_mcq_v2.csv,3350,mcq,mmlu_sociology_0036,train,remove,C1_sr,mmlu_sr_qa
pairs_mcq_v2.csv,3352,mcq,mmlu_sociology_0038,train,remove,C1_sr,mmlu_sr_qa
pairs_mcq_v2.csv,3358,mcq,mmlu_sociology_0044,train,remove,C1_sr,mmlu_sr_qa
pairs_mcq_v2.csv,3362,mcq,mmlu_sociology_0048,train,remove,C1_sr,mmlu_sr_qa
pairs_mcq_v2.csv,3363,mcq,mmlu_sociology_0049,train,remove,C1_sr,mmlu_sr_qa
pairs_mcq_v2.csv,3364,mcq,mmlu_sociology_0050,train,remove,C1_sr,mmlu_sr_qa
pairs_mcq_v2.csv,3366,mcq,mmlu_sociology_0052,train,remove,C1_sr,mmlu_sr_qa
pairs_mcq_v2.csv,3374,mcq,mmlu_sociology_0060,train,remove,C1_sr,mmlu_sr_qa
pairs_mcq_v2.csv,3376,mcq,mmlu_sociology_0062,train,remove,C1_sr,mmlu_sr_qa
pairs_mcq_v2.csv,3377,mcq,mmlu_sociology_0063,train,remove,C1_sr,mmlu_sr_qa
pairs_mcq_v2.csv,3379,mcq,mmlu_sociology_0065,train,remove,C1_sr,mmlu_sr_qa
pairs_mcq_v2.csv,3386,mcq,mmlu_sociology_0072,train,remove,C1_sr,mmlu_sr_qa
pairs_mcq_v2.csv,3387,mcq,mmlu_sociology_0073,train,remove,C1_sr,mmlu_sr_qa
pairs_mcq_v2.csv,3391,mcq,mmlu_sociology_0077,train,remove,C1_sr,mmlu_sr_qa
pairs_mcq_v2.csv,3398,mcq,mmlu_sociology_0084,train,remove,C1_sr,mmlu_sr_qa
pairs_mcq_v2.csv,3399,mcq,mmlu_sociology_0085,train,remove,C1_sr,mmlu_sr_qa
pairs_mcq_v2.csv,3403,mcq,mmlu_sociology_0089,train,remove,C1_sr,mmlu_sr_qa
pairs_mcq_v2.csv,3404,mcq,mmlu_sociology_0090,train,remove,C1_sr,mmlu_sr_qa
pairs_mcq_v2.csv,3410,mcq,mmlu_sociology_0096,train,remove,C1_sr,mmlu_sr_qa
pairs_mcq_v2.csv,3412,mcq,mmlu_sociology_0098,train,remove,C1_sr,mmlu_sr_qa
pairs_mcq_v2.csv,3413,mcq,mmlu_sociology_0099,train,remove,C1_sr,mmlu_sr_qa
pairs_mcq_v2.csv,3419,mcq,mmlu_sociology_0105,train,remove,C1_sr,mmlu_sr_qa
pairs_mcq_v2.csv,3420,mcq,mmlu_sociology_0106,train,remove,C1_sr,mmlu_sr_qa
pairs_mcq_v2.csv,3421,mcq,mmlu_sociology_0107,train,remove,C1_sr,mmlu_sr_qa
pairs_mcq_v2.csv,3424,mcq,mmlu_sociology_0110,train,remove,C1_sr,mmlu_sr_qa
pairs_mcq_v2.csv,3425,mcq,mmlu_sociology_0111,train,remove,C1_sr,mmlu_sr_qa
pairs_mcq_v2.csv,3426,mcq,mmlu_sociology_0112,train,remove,C1_sr,mmlu_sr_qa
pairs_mcq_v2.csv,3427,mcq,mmlu_sociology_0113,train,remove,C1_sr,mmlu_sr_qa
pairs_mcq_v2.csv,3430,mcq,mmlu_sociology_0116,train,remove,C1_sr,mmlu_sr_qa
pairs_mcq_v2.csv,3431,mcq,mmlu_sociology_0117,train,remove,C1_sr,mmlu_sr_qa
pairs_mcq_v2.csv,3434,mcq,mmlu_sociology_0120,train,remove,C1_sr,mmlu_sr_qa
pairs_mcq_v2.csv,3436,mcq,mmlu_sociology_0122,train,remove,C1_sr,mmlu_sr_qa
pairs_mcq_v2.csv,3437,mcq,mmlu_sociology_0123,train,remove,C1_sr,mmlu_sr_qa
pairs_mcq_v2.csv,3440,mcq,mmlu_sociology_0126,train,remove,C1_sr,mmlu_sr_qa
pairs_mcq_v2.csv,3442,mcq,mmlu_sociology_0128,train,remove,C1_sr,mmlu_sr_qa
pairs_mcq_v2.csv,3443,mcq,mmlu_sociology_0129,train,remove,C1_sr,mmlu_sr_qa
pairs_mcq_v2.csv,3451,mcq,mmlu_sociology_0137,train,remove,C1_sr,mmlu_sr_qa
pairs_mcq_v2.csv,3453,mcq,mmlu_sociology_0139,train,remove,C1_sr,mmlu_sr_qa
pairs_mcq_v2.csv,3456,mcq,mmlu_sociology_0142,train,remove,C1_sr,mmlu_sr_qa
pairs_mcq_v2.csv,3459,mcq,mmlu_sociology_0145,train,remove,C1_sr,mmlu_sr_qa
pairs_mcq_v2.csv,3461,mcq,mmlu_sociology_0147,train,remove,C1_sr,mmlu_sr_qa
pairs_mcq_v2.csv,3465,mcq,mmlu_sociology_0151,train,remove,C1_sr,mmlu_sr_qa
pairs_mcq_v2.csv,3466,mcq,mmlu_sociology_0152,train,remove,C1_sr,mmlu_sr_qa
pairs_mcq_v2.csv,3467,mcq,mmlu_sociology_0153,train,remove,C1_sr,mmlu_sr_qa
pairs_mcq_v2.csv,3468,mcq,mmlu_sociology_0154,train,remove,C1_sr,mmlu_sr_qa
pairs_mcq_v2.csv,3471,mcq,mmlu_sociology_0157,train,remove,C1_sr,mmlu_sr_qa
pairs_mcq_v2.csv,3473,mcq,mmlu_sociology_0159,train,remove,C1_sr,mmlu_sr_qa
pairs_mcq_v2.csv,3479,mcq,mmlu_sociology_0165,train,remove,C1_sr,mmlu_sr_qa
pairs_mcq_v2.csv,3481,mcq,mmlu_sociology_0167,train,remove,C1_sr,mmlu_sr_qa
pairs_mcq_v2.csv,3482,mcq,mmlu_sociology_0168,train,remove,C1_sr,mmlu_sr_qa
pairs_mcq_v2.csv,3486,mcq,mmlu_sociology_0172,train,remove,C1_sr,mmlu_sr_qa
pairs_mcq_v2.csv,3490,mcq,mmlu_sociology_0176,train,remove,C1_sr,mmlu_sr_qa
pairs_mcq_v2.csv,3491,mcq,mmlu_sociology_0177,train,remove,C1_sr,mmlu_sr_qa
pairs_mcq_v2.csv,3497,mcq,mmlu_sociology_0183,train,remove,C1_sr,mmlu_sr_qa
pairs_mcq_v2.csv,3502,mcq,mmlu_sociology_0188,train,remove,C1_sr,mmlu_sr_qa
pairs_mcq_v2.csv,3503,mcq,mmlu_sociology_0189,train,remove,C1_sr,mmlu_sr_qa
pairs_mcq_v2.csv,3505,mcq,mmlu_sociology_0191,train,remove,C1_sr,mmlu_sr_qa
pairs_mcq_v2.csv,3506,mcq,mmlu_sociology_0192,train,remove,C1_sr,mmlu_sr_qa
pairs_math_v2.csv,6,math,math_2,train,remove,C0_exact,math_copy
pairs_math_v2.csv,7,math,math_2,train,remove,C2_answer_bearing,math_solution_frag
pairs_math_v2.csv,8,math,math_2,train,retain,H2_perturb_simple,math_perturb_simple
pairs_math_v2.csv,9,math,math_2,train,retain,H2_perturb_hard,math_perturb_hard
pairs_math_v2.csv,10,math,math_2,train,retain,H1_same_topic,math_same_type
pairs_math_v2.csv,11,math,math_2,train,retain,R_random,math_random
pairs_math_v2.csv,12,math,math_3,train,remove,C0_exact,math_copy
pairs_math_v2.csv,13,math,math_3,train,remove,C2_answer_bearing,math_solution_frag
pairs_math_v2.csv,14,math,math_3,train,retain,H2_perturb_simple,math_perturb_simple
pairs_math_v2.csv,15,math,math_3,train,retain,H2_perturb_hard,math_perturb_hard
pairs_math_v2.csv,16,math,math_3,train,retain,H1_same_topic,math_same_type
pairs_math_v2.csv,17,math,math_3,train,retain,R_random,math_random
pairs_math_v2.csv,24,math,math_6,train,remove,C0_exact,math_copy
pairs_math_v2.csv,25,math,math_6,train,remove,C2_answer_bearing,math_solution_frag
pairs_math_v2.csv,26,math,math_6,train,retain,H2_perturb_simple,math_perturb_simple
pairs_math_v2.csv,27,math,math_6,train,retain,H2_perturb_hard,math_perturb_hard
pairs_math_v2.csv,28,math,math_6,train,retain,H1_same_topic,math_same_type
pairs_math_v2.csv,29,math,math_6,train,retain,R_random,math_random
pairs_math_v2.csv,84,math,math_17,train,remove,C0_exact,math_copy
pairs_math_v2.csv,85,math,math_17,train,remove,C2_answer_bearing,math_solution_frag
pairs_math_v2.csv,86,math,math_17,train,retain,H2_perturb_simple,math_perturb_simple
pairs_math_v2.csv,87,math,math_17,train,retain,H2_perturb_hard,math_perturb_hard
pairs_math_v2.csv,88,math,math_17,train,retain,H1_same_topic,math_same_type
pairs_math_v2.csv,89,math,math_17,train,retain,R_random,math_random
pairs_math_v2.csv,96,math,math_20,train,remove,C0_exact,math_copy
pairs_math_v2.csv,97,math,math_20,train,remove,C2_answer_bearing,math_solution_frag
pairs_math_v2.csv,98,math,math_20,train,retain,H2_perturb_simple,math_perturb_simple
pairs_math_v2.csv,99,math,math_20,train,retain,H2_perturb_hard,math_perturb_hard
pairs_math_v2.csv,100,math,math_20,train,retain,H1_same_topic,math_same_type
pairs_math_v2.csv,101,math,math_20,train,retain,R_random,math_random
pairs_math_v2.csv,108,math,math_23,train,remove,C0_exact,math_copy
pairs_math_v2.csv,109,math,math_23,train,remove,C2_answer_bearing,math_solution_frag
pairs_math_v2.csv,110,math,math_23,train,retain,H2_perturb_simple,math_perturb_simple
pairs_math_v2.csv,111,math,math_23,train,retain,H2_perturb_hard,math_perturb_hard
pairs_math_v2.csv,112,math,math_23,train,retain,H1_same_topic,math_same_type
pairs_math_v2.csv,113,math,math_23,train,retain,R_random,math_random
pairs_math_v2.csv,150,math,math_249,train,remove,C0_exact,math_copy
pairs_math_v2.csv,151,math,math_249,train,remove,C2_answer_bearing,math_solution_frag
pairs_math_v2.csv,152,math,math_249,train,retain,H2_perturb_simple,math_perturb_simple
pairs_math_v2.csv,153,math,math_249,train,retain,H2_perturb_hard,math_perturb_hard
pairs_math_v2.csv,154,math,math_249,train,retain,H1_same_topic,math_same_type
pairs_math_v2.csv,155,math,math_249,train,retain,R_random,math_random
pairs_math_v2.csv,156,math,math_254,train,remove,C0_exact,math_copy
pairs_math_v2.csv,157,math,math_254,train,remove,C2_answer_bearing,math_solution_frag
pairs_math_v2.csv,158,math,math_254,train,retain,H2_perturb_simple,math_perturb_simple
pairs_math_v2.csv,159,math,math_254,train,retain,H2_perturb_hard,math_perturb_hard
pairs_math_v2.csv,160,math,math_254,train,retain,H1_same_topic,math_same_type
pairs_math_v2.csv,161,math,math_254,train,retain,R_random,math_random
pairs_math_v2.csv,186,math,math_267,train,remove,C0_exact,math_copy
pairs_math_v2.csv,187,math,math_267,train,remove,C2_answer_bearing,math_solution_frag
pairs_math_v2.csv,188,math,math_267,train,retain,H2_perturb_simple,math_perturb_simple
pairs_math_v2.csv,189,math,math_267,train,retain,H2_perturb_hard,math_perturb_hard
pairs_math_v2.csv,190,math,math_267,train,retain,H1_same_topic,math_same_type
pairs_math_v2.csv,191,math,math_267,train,retain,R_random,math_random
pairs_math_v2.csv,222,math,math_293,train,remove,C0_exact,math_copy
pairs_math_v2.csv,223,math,math_293,train,remove,C2_answer_bearing,math_solution_frag
pairs_math_v2.csv,224,math,math_293,train,retain,H2_perturb_simple,math_perturb_simple
pairs_math_v2.csv,225,math,math_293,train,retain,H2_perturb_hard,math_perturb_hard
pairs_math_v2.csv,226,math,math_293,train,retain,H1_same_topic,math_same_type
pairs_math_v2.csv,227,math,math_293,train,retain,R_random,math_random
pairs_math_v2.csv,270,math,math_498,train,remove,C0_exact,math_copy
pairs_math_v2.csv,271,math,math_498,train,remove,C2_answer_bearing,math_solution_frag
pairs_math_v2.csv,272,math,math_498,train,retain,H2_perturb_simple,math_perturb_simple
pairs_math_v2.csv,273,math,math_498,train,retain,H2_perturb_hard,math_perturb_hard
pairs_math_v2.csv,274,math,math_498,train,retain,H1_same_topic,math_same_type
pairs_math_v2.csv,275,math,math_498,train,retain,R_random,math_random
pairs_math_v2.csv,282,math,math_509,train,remove,C0_exact,math_copy
pairs_math_v2.csv,283,math,math_509,train,remove,C2_answer_bearing,math_solution_frag
pairs_math_v2.csv,284,math,math_509,train,retain,H2_perturb_simple,math_perturb_simple
pairs_math_v2.csv,285,math,math_509,train,retain,H2_perturb_hard,math_perturb_hard
pairs_math_v2.csv,286,math,math_509,train,retain,H1_same_topic,math_same_type
pairs_math_v2.csv,287,math,math_509,train,retain,R_random,math_random
pairs_math_v2.csv,300,math,math_529,train,remove,C0_exact,math_copy
pairs_math_v2.csv,301,math,math_529,train,remove,C2_answer_bearing,math_solution_frag
pairs_math_v2.csv,302,math,math_529,train,retain,H2_perturb_simple,math_perturb_simple
pairs_math_v2.csv,303,math,math_529,train,retain,H2_perturb_hard,math_perturb_hard
pairs_math_v2.csv,304,math,math_529,train,retain,H1_same_topic,math_same_type
pairs_math_v2.csv,305,math,math_529,train,retain,R_random,math_random
pairs_math_v2.csv,318,math,math_567,train,remove,C0_exact,math_copy
pairs_math_v2.csv,319,math,math_567,train,remove,C2_answer_bearing,math_solution_frag
pairs_math_v2.csv,320,math,math_567,train,retain,H2_perturb_simple,math_perturb_simple
pairs_math_v2.csv,321,math,math_567,train,retain,H2_perturb_hard,math_perturb_hard
pairs_math_v2.csv,322,math,math_567,train,retain,H1_same_topic,math_same_type
pairs_math_v2.csv,323,math,math_567,train,retain,R_random,math_random
pairs_math_v2.csv,324,math,math_569,train,remove,C0_exact,math_copy
pairs_math_v2.csv,325,math,math_569,train,remove,C2_answer_bearing,math_solution_frag
pairs_math_v2.csv,326,math,math_569,train,retain,H2_perturb_simple,math_perturb_simple
pairs_math_v2.csv,327,math,math_569,train,retain,H2_perturb_hard,math_perturb_hard
pairs_math_v2.csv,328,math,math_569,train,retain,H1_same_topic,math_same_type
pairs_math_v2.csv,329,math,math_569,train,retain,R_random,math_random
pairs_math_v2.csv,336,math,math_590,train,remove,C0_exact,math_copy
pairs_math_v2.csv,337,math,math_590,train,remove,C2_answer_bearing,math_solution_frag
pairs_math_v2.csv,338,math,math_590,train,retain,H2_perturb_simple,math_perturb_simple
pairs_math_v2.csv,339,math,math_590,train,retain,H2_perturb_hard,math_perturb_hard
pairs_math_v2.csv,340,math,math_590,train,retain,H1_same_topic,math_same_type
pairs_math_v2.csv,341,math,math_590,train,retain,R_random,math_random
pairs_math_v2.csv,342,math,math_600,train,remove,C0_exact,math_copy
pairs_math_v2.csv,343,math,math_600,train,remove,C2_answer_bearing,math_solution_frag
pairs_math_v2.csv,344,math,math_600,train,retain,H2_perturb_simple,math_perturb_simple
pairs_math_v2.csv,345,math,math_600,train,retain,H2_perturb_hard,math_perturb_hard
pairs_math_v2.csv,346,math,math_600,train,retain,H1_same_topic,math_same_type
pairs_math_v2.csv,347,math,math_600,train,retain,R_random,math_random
pairs_math_v2.csv,348,math,math_607,train,remove,C0_exact,math_copy
pairs_math_v2.csv,349,math,math_607,train,remove,C2_answer_bearing,math_solution_frag
pairs_math_v2.csv,350,math,math_607,train,retain,H2_perturb_simple,math_perturb_simple
pairs_math_v2.csv,351,math,math_607,train,retain,H2_perturb_hard,math_perturb_hard
pairs_math_v2.csv,352,math,math_607,train,retain,H1_same_topic,math_same_type
pairs_math_v2.csv,353,math,math_607,train,retain,R_random,math_random
pairs_math_v2.csv,372,math,math_726,train,remove,C0_exact,math_copy
pairs_math_v2.csv,373,math,math_726,train,remove,C2_answer_bearing,math_solution_frag
pairs_math_v2.csv,374,math,math_726,train,retain,H2_perturb_simple,math_perturb_simple
pairs_math_v2.csv,375,math,math_726,train,retain,H2_perturb_hard,math_perturb_hard
pairs_math_v2.csv,376,math,math_726,train,retain,H1_same_topic,math_same_type
pairs_math_v2.csv,377,math,math_726,train,retain,R_random,math_random
pairs_math_v2.csv,384,math,math_729,train,remove,C0_exact,math_copy
pairs_math_v2.csv,385,math,math_729,train,remove,C2_answer_bearing,math_solution_frag
pairs_math_v2.csv,386,math,math_729,train,retain,H2_perturb_simple,math_perturb_simple
pairs_math_v2.csv,387,math,math_729,train,retain,H2_perturb_hard,math_perturb_hard
pairs_math_v2.csv,388,math,math_729,train,retain,H1_same_topic,math_same_type
pairs_math_v2.csv,389,math,math_729,train,retain,R_random,math_random
pairs_math_v2.csv,390,math,math_731,train,remove,C0_exact,math_copy
pairs_math_v2.csv,391,math,math_731,train,remove,C2_answer_bearing,math_solution_frag
pairs_math_v2.csv,392,math,math_731,train,retain,H2_perturb_simple,math_perturb_simple
pairs_math_v2.csv,393,math,math_731,train,retain,H2_perturb_hard,math_perturb_hard
pairs_math_v2.csv,394,math,math_731,train,retain,H1_same_topic,math_same_type
pairs_math_v2.csv,395,math,math_731,train,retain,R_random,math_random
pairs_math_v2.csv,402,math,math_734,train,remove,C0_exact,math_copy
pairs_math_v2.csv,403,math,math_734,train,remove,C2_answer_bearing,math_solution_frag
pairs_math_v2.csv,404,math,math_734,train,retain,H2_perturb_simple,math_perturb_simple
pairs_math_v2.csv,405,math,math_734,train,retain,H2_perturb_hard,math_perturb_hard
pairs_math_v2.csv,406,math,math_734,train,retain,H1_same_topic,math_same_type
pairs_math_v2.csv,407,math,math_734,train,retain,R_random,math_random
pairs_math_v2.csv,408,math,math_736,train,remove,C0_exact,math_copy
pairs_math_v2.csv,409,math,math_736,train,remove,C2_answer_bearing,math_solution_frag
pairs_math_v2.csv,410,math,math_736,train,retain,H2_perturb_simple,math_perturb_simple
pairs_math_v2.csv,411,math,math_736,train,retain,H2_perturb_hard,math_perturb_hard
pairs_math_v2.csv,412,math,math_736,train,retain,H1_same_topic,math_same_type
pairs_math_v2.csv,413,math,math_736,train,retain,R_random,math_random
pairs_math_v2.csv,420,math,math_739,train,remove,C0_exact,math_copy
pairs_math_v2.csv,421,math,math_739,train,remove,C2_answer_bearing,math_solution_frag
pairs_math_v2.csv,422,math,math_739,train,retain,H2_perturb_simple,math_perturb_simple
pairs_math_v2.csv,423,math,math_739,train,retain,H2_perturb_hard,math_perturb_hard
pairs_math_v2.csv,424,math,math_739,train,retain,H1_same_topic,math_same_type
pairs_math_v2.csv,425,math,math_739,train,retain,R_random,math_random
pairs_math_v2.csv,426,math,math_741,train,remove,C0_exact,math_copy
pairs_math_v2.csv,427,math,math_741,train,remove,C2_answer_bearing,math_solution_frag
pairs_math_v2.csv,428,math,math_741,train,retain,H2_perturb_simple,math_perturb_simple
pairs_math_v2.csv,429,math,math_741,train,retain,H2_perturb_hard,math_perturb_hard
pairs_math_v2.csv,430,math,math_741,train,retain,H1_same_topic,math_same_type
pairs_math_v2.csv,431,math,math_741,train,retain,R_random,math_random
pairs_math_v2.csv,432,math,math_744,train,remove,C0_exact,math_copy
pairs_math_v2.csv,433,math,math_744,train,remove,C2_answer_bearing,math_solution_frag
pairs_math_v2.csv,434,math,math_744,train,retain,H2_perturb_simple,math_perturb_simple
pairs_math_v2.csv,435,math,math_744,train,retain,H2_perturb_hard,math_perturb_hard
pairs_math_v2.csv,436,math,math_744,train,retain,H1_same_topic,math_same_type
pairs_math_v2.csv,437,math,math_744,train,retain,R_random,math_random
pairs_math_v2.csv,450,math,math_749,train,remove,C0_exact,math_copy
pairs_math_v2.csv,451,math,math_749,train,remove,C2_answer_bearing,math_solution_frag
pairs_math_v2.csv,452,math,math_749,train,retain,H2_perturb_simple,math_perturb_simple
pairs_math_v2.csv,453,math,math_749,train,retain,H2_perturb_hard,math_perturb_hard
pairs_math_v2.csv,454,math,math_749,train,retain,H1_same_topic,math_same_type
pairs_math_v2.csv,455,math,math_749,train,retain,R_random,math_random
pairs_math_v2.csv,456,math,math_750,train,remove,C0_exact,math_copy
pairs_math_v2.csv,457,math,math_750,train,remove,C2_answer_bearing,math_solution_frag
pairs_math_v2.csv,458,math,math_750,train,retain,H2_perturb_simple,math_perturb_simple
pairs_math_v2.csv,459,math,math_750,train,retain,H2_perturb_hard,math_perturb_hard
pairs_math_v2.csv,460,math,math_750,train,retain,H1_same_topic,math_same_type
pairs_math_v2.csv,461,math,math_750,train,retain,R_random,math_random
pairs_math_v2.csv,480,math,math_765,train,remove,C0_exact,math_copy
pairs_math_v2.csv,481,math,math_765,train,remove,C2_answer_bearing,math_solution_frag
pairs_math_v2.csv,482,math,math_765,train,retain,H2_perturb_simple,math_perturb_simple
pairs_math_v2.csv,483,math,math_765,train,retain,H2_perturb_hard,math_perturb_hard
pairs_math_v2.csv,484,math,math_765,train,retain,H1_same_topic,math_same_type
pairs_math_v2.csv,485,math,math_765,train,retain,R_random,math_random
pairs_math_v2.csv,498,math,math_966,train,remove,C0_exact,math_copy
pairs_math_v2.csv,499,math,math_966,train,remove,C2_answer_bearing,math_solution_frag
pairs_math_v2.csv,500,math,math_966,train,retain,H2_perturb_simple,math_perturb_simple
pairs_math_v2.csv,501,math,math_966,train,retain,H2_perturb_hard,math_perturb_hard
pairs_math_v2.csv,502,math,math_966,train,retain,H1_same_topic,math_same_type
pairs_math_v2.csv,503,math,math_966,train,retain,R_random,math_random
pairs_math_v2.csv,516,math,math_971,train,remove,C0_exact,math_copy
pairs_math_v2.csv,517,math,math_971,train,remove,C2_answer_bearing,math_solution_frag
pairs_math_v2.csv,518,math,math_971,train,retain,H2_perturb_simple,math_perturb_simple
pairs_math_v2.csv,519,math,math_971,train,retain,H2_perturb_hard,math_perturb_hard
pairs_math_v2.csv,520,math,math_971,train,retain,H1_same_topic,math_same_type
pairs_math_v2.csv,521,math,math_971,train,retain,R_random,math_random
pairs_math_v2.csv,522,math,math_974,train,remove,C0_exact,math_copy
pairs_math_v2.csv,523,math,math_974,train,remove,C2_answer_bearing,math_solution_frag
pairs_math_v2.csv,524,math,math_974,train,retain,H2_perturb_simple,math_perturb_simple
pairs_math_v2.csv,525,math,math_974,train,retain,H2_perturb_hard,math_perturb_hard
pairs_math_v2.csv,526,math,math_974,train,retain,H1_same_topic,math_same_type
pairs_math_v2.csv,527,math,math_974,train,retain,R_random,math_random
pairs_math_v2.csv,528,math,math_975,train,remove,C0_exact,math_copy
pairs_math_v2.csv,529,math,math_975,train,remove,C2_answer_bearing,math_solution_frag
pairs_math_v2.csv,530,math,math_975,train,retain,H2_perturb_simple,math_perturb_simple
pairs_math_v2.csv,531,math,math_975,train,retain,H2_perturb_hard,math_perturb_hard
pairs_math_v2.csv,532,math,math_975,train,retain,H1_same_topic,math_same_type
pairs_math_v2.csv,533,math,math_975,train,retain,R_random,math_random
pairs_math_v2.csv,534,math,math_976,train,remove,C0_exact,math_copy
pairs_math_v2.csv,535,math,math_976,train,remove,C2_answer_bearing,math_solution_frag
pairs_math_v2.csv,536,math,math_976,train,retain,H2_perturb_simple,math_perturb_simple
pairs_math_v2.csv,537,math,math_976,train,retain,H2_perturb_hard,math_perturb_hard
pairs_math_v2.csv,538,math,math_976,train,retain,H1_same_topic,math_same_type
pairs_math_v2.csv,539,math,math_976,train,retain,R_random,math_random
pairs_math_v2.csv,552,math,math_981,train,remove,C0_exact,math_copy
pairs_math_v2.csv,553,math,math_981,train,remove,C2_answer_bearing,math_solution_frag
pairs_math_v2.csv,554,math,math_981,train,retain,H2_perturb_simple,math_perturb_simple
pairs_math_v2.csv,555,math,math_981,train,retain,H2_perturb_hard,math_perturb_hard
pairs_math_v2.csv,556,math,math_981,train,retain,H1_same_topic,math_same_type
pairs_math_v2.csv,557,math,math_981,train,retain,R_random,math_random
pairs_math_v2.csv,558,math,math_982,train,remove,C0_exact,math_copy
pairs_math_v2.csv,559,math,math_982,train,remove,C2_answer_bearing,math_solution_frag
pairs_math_v2.csv,560,math,math_982,train,retain,H2_perturb_simple,math_perturb_simple
pairs_math_v2.csv,561,math,math_982,train,retain,H2_perturb_hard,math_perturb_hard
pairs_math_v2.csv,562,math,math_982,train,retain,H1_same_topic,math_same_type
pairs_math_v2.csv,563,math,math_982,train,retain,R_random,math_random
pairs_math_v2.csv,570,math,math_985,train,remove,C0_exact,math_copy
pairs_math_v2.csv,571,math,math_985,train,remove,C2_answer_bearing,math_solution_frag
pairs_math_v2.csv,572,math,math_985,train,retain,H2_perturb_simple,math_perturb_simple
pairs_math_v2.csv,573,math,math_985,train,retain,H2_perturb_hard,math_perturb_hard
pairs_math_v2.csv,574,math,math_985,train,retain,H1_same_topic,math_same_type
pairs_math_v2.csv,575,math,math_985,train,retain,R_random,math_random
pairs_math_v2.csv,582,math,math_990,train,remove,C0_exact,math_copy
pairs_math_v2.csv,583,math,math_990,train,remove,C2_answer_bearing,math_solution_frag
pairs_math_v2.csv,584,math,math_990,train,retain,H2_perturb_simple,math_perturb_simple
pairs_math_v2.csv,585,math,math_990,train,retain,H2_perturb_hard,math_perturb_hard
pairs_math_v2.csv,586,math,math_990,train,retain,H1_same_topic,math_same_type
pairs_math_v2.csv,587,math,math_990,train,retain,R_random,math_random
pairs_math_v2.csv,588,math,math_991,train,remove,C0_exact,math_copy
pairs_math_v2.csv,589,math,math_991,train,remove,C2_answer_bearing,math_solution_frag
pairs_math_v2.csv,590,math,math_991,train,retain,H2_perturb_simple,math_perturb_simple
pairs_math_v2.csv,591,math,math_991,train,retain,H2_perturb_hard,math_perturb_hard
pairs_math_v2.csv,592,math,math_991,train,retain,H1_same_topic,math_same_type
pairs_math_v2.csv,593,math,math_991,train,retain,R_random,math_random
pairs_math_v2.csv,606,math,math_996,train,remove,C0_exact,math_copy
pairs_math_v2.csv,607,math,math_996,train,remove,C2_answer_bearing,math_solution_frag
pairs_math_v2.csv,608,math,math_996,train,retain,H2_perturb_simple,math_perturb_simple
pairs_math_v2.csv,609,math,math_996,train,retain,H2_perturb_hard,math_perturb_hard
pairs_math_v2.csv,610,math,math_996,train,retain,H1_same_topic,math_same_type
pairs_math_v2.csv,611,math,math_996,train,retain,R_random,math_random
pairs_math_v2.csv,612,math,math_1002,train,remove,C0_exact,math_copy
pairs_math_v2.csv,613,math,math_1002,train,remove,C2_answer_bearing,math_solution_frag
pairs_math_v2.csv,614,math,math_1002,train,retain,H2_perturb_simple,math_perturb_simple
pairs_math_v2.csv,615,math,math_1002,train,retain,H2_perturb_hard,math_perturb_hard
pairs_math_v2.csv,616,math,math_1002,train,retain,H1_same_topic,math_same_type
pairs_math_v2.csv,617,math,math_1002,train,retain,R_random,math_random
pairs_math_v2.csv,648,math,math_1210,train,remove,C0_exact,math_copy
pairs_math_v2.csv,649,math,math_1210,train,remove,C2_answer_bearing,math_solution_frag
pairs_math_v2.csv,650,math,math_1210,train,retain,H2_perturb_simple,math_perturb_simple
pairs_math_v2.csv,651,math,math_1210,train,retain,H2_perturb_hard,math_perturb_hard
pairs_math_v2.csv,652,math,math_1210,train,retain,H1_same_topic,math_same_type
pairs_math_v2.csv,653,math,math_1210,train,retain,R_random,math_random
pairs_math_v2.csv,660,math,math_1213,train,remove,C0_exact,math_copy
pairs_math_v2.csv,661,math,math_1213,train,remove,C2_answer_bearing,math_solution_frag
pairs_math_v2.csv,662,math,math_1213,train,retain,H2_perturb_simple,math_perturb_simple
pairs_math_v2.csv,663,math,math_1213,train,retain,H2_perturb_hard,math_perturb_hard
pairs_math_v2.csv,664,math,math_1213,train,retain,H1_same_topic,math_same_type
pairs_math_v2.csv,665,math,math_1213,train,retain,R_random,math_random
pairs_math_v2.csv,666,math,math_1214,train,remove,C0_exact,math_copy
pairs_math_v2.csv,667,math,math_1214,train,remove,C2_answer_bearing,math_solution_frag
pairs_math_v2.csv,668,math,math_1214,train,retain,H2_perturb_simple,math_perturb_simple
pairs_math_v2.csv,669,math,math_1214,train,retain,H2_perturb_hard,math_perturb_hard
pairs_math_v2.csv,670,math,math_1214,train,retain,H1_same_topic,math_same_type
pairs_math_v2.csv,671,math,math_1214,train,retain,R_random,math_random
pairs_math_v2.csv,678,math,math_1216,train,remove,C0_exact,math_copy
pairs_math_v2.csv,679,math,math_1216,train,remove,C2_answer_bearing,math_solution_frag
pairs_math_v2.csv,680,math,math_1216,train,retain,H2_perturb_simple,math_perturb_simple
pairs_math_v2.csv,681,math,math_1216,train,retain,H2_perturb_hard,math_perturb_hard
pairs_math_v2.csv,682,math,math_1216,train,retain,H1_same_topic,math_same_type
pairs_math_v2.csv,683,math,math_1216,train,retain,R_random,math_random
pairs_math_v2.csv,696,math,math_1219,train,remove,C0_exact,math_copy
pairs_math_v2.csv,697,math,math_1219,train,remove,C2_answer_bearing,math_solution_frag
pairs_math_v2.csv,698,math,math_1219,train,retain,H2_perturb_simple,math_perturb_simple
pairs_math_v2.csv,699,math,math_1219,train,retain,H2_perturb_hard,math_perturb_hard
pairs_math_v2.csv,700,math,math_1219,train,retain,H1_same_topic,math_same_type
pairs_math_v2.csv,701,math,math_1219,train,retain,R_random,math_random
pairs_math_v2.csv,702,math,math_1220,train,remove,C0_exact,math_copy
pairs_math_v2.csv,703,math,math_1220,train,remove,C2_answer_bearing,math_solution_frag
pairs_math_v2.csv,704,math,math_1220,train,retain,H2_perturb_simple,math_perturb_simple
pairs_math_v2.csv,705,math,math_1220,train,retain,H2_perturb_hard,math_perturb_hard
pairs_math_v2.csv,706,math,math_1220,train,retain,H1_same_topic,math_same_type
pairs_math_v2.csv,707,math,math_1220,train,retain,R_random,math_random
pairs_math_v2.csv,708,math,math_1221,train,remove,C0_exact,math_copy
pairs_math_v2.csv,709,math,math_1221,train,remove,C2_answer_bearing,math_solution_frag
pairs_math_v2.csv,710,math,math_1221,train,retain,H2_perturb_simple,math_perturb_simple
pairs_math_v2.csv,711,math,math_1221,train,retain,H2_perturb_hard,math_perturb_hard
pairs_math_v2.csv,712,math,math_1221,train,retain,H1_same_topic,math_same_type
pairs_math_v2.csv,713,math,math_1221,train,retain,R_random,math_random
pairs_math_v2.csv,714,math,math_1222,train,remove,C0_exact,math_copy
pairs_math_v2.csv,715,math,math_1222,train,remove,C2_answer_bearing,math_solution_frag
pairs_math_v2.csv,716,math,math_1222,train,retain,H2_perturb_simple,math_perturb_simple
pairs_math_v2.csv,717,math,math_1222,train,retain,H2_perturb_hard,math_perturb_hard
pairs_math_v2.csv,718,math,math_1222,train,retain,H1_same_topic,math_same_type
pairs_math_v2.csv,719,math,math_1222,train,retain,R_random,math_random
pairs_math_v2.csv,726,math,math_1224,train,remove,C0_exact,math_copy
pairs_math_v2.csv,727,math,math_1224,train,remove,C2_answer_bearing,math_solution_frag
pairs_math_v2.csv,728,math,math_1224,train,retain,H2_perturb_simple,math_perturb_simple
pairs_math_v2.csv,729,math,math_1224,train,retain,H2_perturb_hard,math_perturb_hard
pairs_math_v2.csv,730,math,math_1224,train,retain,H1_same_topic,math_same_type
pairs_math_v2.csv,731,math,math_1224,train,retain,R_random,math_random
pairs_math_v2.csv,744,math,math_1228,train,remove,C0_exact,math_copy
pairs_math_v2.csv,745,math,math_1228,train,remove,C2_answer_bearing,math_solution_frag
pairs_math_v2.csv,746,math,math_1228,train,retain,H2_perturb_simple,math_perturb_simple
pairs_math_v2.csv,747,math,math_1228,train,retain,H2_perturb_hard,math_perturb_hard
pairs_math_v2.csv,748,math,math_1228,train,retain,H1_same_topic,math_same_type
pairs_math_v2.csv,749,math,math_1228,train,retain,R_random,math_random
pairs_math_v2.csv,768,math,math_1689,train,remove,C0_exact,math_copy
pairs_math_v2.csv,769,math,math_1689,train,remove,C2_answer_bearing,math_solution_frag
pairs_math_v2.csv,770,math,math_1689,train,retain,H2_perturb_simple,math_perturb_simple
pairs_math_v2.csv,771,math,math_1689,train,retain,H2_perturb_hard,math_perturb_hard
pairs_math_v2.csv,772,math,math_1689,train,retain,H1_same_topic,math_same_type
pairs_math_v2.csv,773,math,math_1689,train,retain,R_random,math_random
pairs_math_v2.csv,774,math,math_1691,train,remove,C0_exact,math_copy
pairs_math_v2.csv,775,math,math_1691,train,remove,C2_answer_bearing,math_solution_frag
pairs_math_v2.csv,776,math,math_1691,train,retain,H2_perturb_simple,math_perturb_simple
pairs_math_v2.csv,777,math,math_1691,train,retain,H2_perturb_hard,math_perturb_hard
pairs_math_v2.csv,778,math,math_1691,train,retain,H1_same_topic,math_same_type
pairs_math_v2.csv,779,math,math_1691,train,retain,R_random,math_random
pairs_math_v2.csv,804,math,math_1699,train,remove,C0_exact,math_copy
pairs_math_v2.csv,805,math,math_1699,train,remove,C2_answer_bearing,math_solution_frag
pairs_math_v2.csv,806,math,math_1699,train,retain,H2_perturb_simple,math_perturb_simple
pairs_math_v2.csv,807,math,math_1699,train,retain,H2_perturb_hard,math_perturb_hard
pairs_math_v2.csv,808,math,math_1699,train,retain,H1_same_topic,math_same_type
pairs_math_v2.csv,809,math,math_1699,train,retain,R_random,math_random
pairs_math_v2.csv,858,math,math_1724,train,remove,C0_exact,math_copy
pairs_math_v2.csv,859,math,math_1724,train,remove,C2_answer_bearing,math_solution_frag
pairs_math_v2.csv,860,math,math_1724,train,retain,H2_perturb_simple,math_perturb_simple
pairs_math_v2.csv,861,math,math_1724,train,retain,H2_perturb_hard,math_perturb_hard
pairs_math_v2.csv,862,math,math_1724,train,retain,H1_same_topic,math_same_type
pairs_math_v2.csv,863,math,math_1724,train,retain,R_random,math_random
pairs_math_v2.csv,864,math,math_1727,train,remove,C0_exact,math_copy
pairs_math_v2.csv,865,math,math_1727,train,remove,C2_answer_bearing,math_solution_frag
pairs_math_v2.csv,866,math,math_1727,train,retain,H2_perturb_simple,math_perturb_simple
pairs_math_v2.csv,867,math,math_1727,train,retain,H2_perturb_hard,math_perturb_hard
pairs_math_v2.csv,868,math,math_1727,train,retain,H1_same_topic,math_same_type
pairs_math_v2.csv,869,math,math_1727,train,retain,R_random,math_random
pairs_math_v2.csv,876,math,math_1748,train,remove,C0_exact,math_copy
pairs_math_v2.csv,877,math,math_1748,train,remove,C2_answer_bearing,math_solution_frag
pairs_math_v2.csv,878,math,math_1748,train,retain,H2_perturb_simple,math_perturb_simple
pairs_math_v2.csv,879,math,math_1748,train,retain,H2_perturb_hard,math_perturb_hard
pairs_math_v2.csv,880,math,math_1748,train,retain,H1_same_topic,math_same_type
pairs_math_v2.csv,881,math,math_1748,train,retain,R_random,math_random
pairs_math_v2.csv,888,math,math_1940,train,remove,C0_exact,math_copy
pairs_math_v2.csv,889,math,math_1940,train,remove,C2_answer_bearing,math_solution_frag
pairs_math_v2.csv,890,math,math_1940,train,retain,H2_perturb_simple,math_perturb_simple
pairs_math_v2.csv,891,math,math_1940,train,retain,H2_perturb_hard,math_perturb_hard
pairs_math_v2.csv,892,math,math_1940,train,retain,H1_same_topic,math_same_type
pairs_math_v2.csv,893,math,math_1940,train,retain,R_random,math_random
pairs_math_v2.csv,912,math,math_1964,train,remove,C0_exact,math_copy
pairs_math_v2.csv,913,math,math_1964,train,remove,C2_answer_bearing,math_solution_frag
pairs_math_v2.csv,914,math,math_1964,train,retain,H2_perturb_simple,math_perturb_simple
pairs_math_v2.csv,915,math,math_1964,train,retain,H2_perturb_hard,math_perturb_hard
pairs_math_v2.csv,916,math,math_1964,train,retain,H1_same_topic,math_same_type
pairs_math_v2.csv,917,math,math_1964,train,retain,R_random,math_random
pairs_math_v2.csv,924,math,math_1982,train,remove,C0_exact,math_copy
pairs_math_v2.csv,925,math,math_1982,train,remove,C2_answer_bearing,math_solution_frag
pairs_math_v2.csv,926,math,math_1982,train,retain,H2_perturb_simple,math_perturb_simple
pairs_math_v2.csv,927,math,math_1982,train,retain,H2_perturb_hard,math_perturb_hard
pairs_math_v2.csv,928,math,math_1982,train,retain,H1_same_topic,math_same_type
pairs_math_v2.csv,929,math,math_1982,train,retain,R_random,math_random
pairs_math_v2.csv,936,math,math_1997,train,remove,C0_exact,math_copy
pairs_math_v2.csv,937,math,math_1997,train,remove,C2_answer_bearing,math_solution_frag
pairs_math_v2.csv,938,math,math_1997,train,retain,H2_perturb_simple,math_perturb_simple
pairs_math_v2.csv,939,math,math_1997,train,retain,H2_perturb_hard,math_perturb_hard
pairs_math_v2.csv,940,math,math_1997,train,retain,H1_same_topic,math_same_type
pairs_math_v2.csv,941,math,math_1997,train,retain,R_random,math_random
pairs_math_v2.csv,942,math,math_2007,train,remove,C0_exact,math_copy
pairs_math_v2.csv,943,math,math_2007,train,remove,C2_answer_bearing,math_solution_frag
pairs_math_v2.csv,944,math,math_2007,train,retain,H2_perturb_simple,math_perturb_simple
pairs_math_v2.csv,945,math,math_2007,train,retain,H2_perturb_hard,math_perturb_hard
pairs_math_v2.csv,946,math,math_2007,train,retain,H1_same_topic,math_same_type
pairs_math_v2.csv,947,math,math_2007,train,retain,R_random,math_random
pairs_math_v2.csv,948,math,math_2017,train,remove,C0_exact,math_copy
pairs_math_v2.csv,949,math,math_2017,train,remove,C2_answer_bearing,math_solution_frag
pairs_math_v2.csv,950,math,math_2017,train,retain,H2_perturb_simple,math_perturb_simple
pairs_math_v2.csv,951,math,math_2017,train,retain,H2_perturb_hard,math_perturb_hard
pairs_math_v2.csv,952,math,math_2017,train,retain,H1_same_topic,math_same_type
pairs_math_v2.csv,953,math,math_2017,train,retain,R_random,math_random
pairs_math_v2.csv,960,math,math_2038,train,remove,C0_exact,math_copy
pairs_math_v2.csv,961,math,math_2038,train,remove,C2_answer_bearing,math_solution_frag
pairs_math_v2.csv,962,math,math_2038,train,retain,H2_perturb_simple,math_perturb_simple
pairs_math_v2.csv,963,math,math_2038,train,retain,H2_perturb_hard,math_perturb_hard
pairs_math_v2.csv,964,math,math_2038,train,retain,H1_same_topic,math_same_type
pairs_math_v2.csv,965,math,math_2038,train,retain,R_random,math_random
pairs_math_v2.csv,966,math,math_2041,train,remove,C0_exact,math_copy
pairs_math_v2.csv,967,math,math_2041,train,remove,C2_answer_bearing,math_solution_frag
pairs_math_v2.csv,968,math,math_2041,train,retain,H2_perturb_simple,math_perturb_simple
pairs_math_v2.csv,969,math,math_2041,train,retain,H2_perturb_hard,math_perturb_hard
pairs_math_v2.csv,970,math,math_2041,train,retain,H1_same_topic,math_same_type
pairs_math_v2.csv,971,math,math_2041,train,retain,R_random,math_random
pairs_math_v2.csv,972,math,math_2061,train,remove,C0_exact,math_copy
pairs_math_v2.csv,973,math,math_2061,train,remove,C2_answer_bearing,math_solution_frag
pairs_math_v2.csv,974,math,math_2061,train,retain,H2_perturb_simple,math_perturb_simple
pairs_math_v2.csv,975,math,math_2061,train,retain,H2_perturb_hard,math_perturb_hard
pairs_math_v2.csv,976,math,math_2061,train,retain,H1_same_topic,math_same_type
pairs_math_v2.csv,977,math,math_2061,train,retain,R_random,math_random
pairs_math_v2.csv,990,math,math_2100,train,remove,C0_exact,math_copy
pairs_math_v2.csv,991,math,math_2100,train,remove,C2_answer_bearing,math_solution_frag
pairs_math_v2.csv,992,math,math_2100,train,retain,H2_perturb_simple,math_perturb_simple
pairs_math_v2.csv,993,math,math_2100,train,retain,H2_perturb_hard,math_perturb_hard
pairs_math_v2.csv,994,math,math_2100,train,retain,H1_same_topic,math_same_type
pairs_math_v2.csv,995,math,math_2100,train,retain,R_random,math_random
pairs_math_v2.csv,996,math,math_2110,train,remove,C0_exact,math_copy
pairs_math_v2.csv,997,math,math_2110,train,remove,C2_answer_bearing,math_solution_frag
pairs_math_v2.csv,998,math,math_2110,train,retain,H2_perturb_simple,math_perturb_simple
pairs_math_v2.csv,999,math,math_2110,train,retain,H2_perturb_hard,math_perturb_hard
pairs_math_v2.csv,1000,math,math_2110,train,retain,H1_same_topic,math_same_type
pairs_math_v2.csv,1001,math,math_2110,train,retain,R_random,math_random
pairs_math_v2.csv,1002,math,math_2120,train,remove,C0_exact,math_copy
pairs_math_v2.csv,1003,math,math_2120,train,remove,C2_answer_bearing,math_solution_frag
pairs_math_v2.csv,1004,math,math_2120,train,retain,H2_perturb_simple,math_perturb_simple
pairs_math_v2.csv,1005,math,math_2120,train,retain,H2_perturb_hard,math_perturb_hard
pairs_math_v2.csv,1006,math,math_2120,train,retain,H1_same_topic,math_same_type
pairs_math_v2.csv,1007,math,math_2120,train,retain,R_random,math_random
pairs_math_v2.csv,1014,math,math_2172,train,remove,C0_exact,math_copy
pairs_math_v2.csv,1015,math,math_2172,train,remove,C2_answer_bearing,math_solution_frag
pairs_math_v2.csv,1016,math,math_2172,train,retain,H2_perturb_simple,math_perturb_simple
pairs_math_v2.csv,1017,math,math_2172,train,retain,H2_perturb_hard,math_perturb_hard
pairs_math_v2.csv,1018,math,math_2172,train,retain,H1_same_topic,math_same_type
pairs_math_v2.csv,1019,math,math_2172,train,retain,R_random,math_random
pairs_math_v2.csv,1020,math,math_2173,train,remove,C0_exact,math_copy
pairs_math_v2.csv,1021,math,math_2173,train,remove,C2_answer_bearing,math_solution_frag
pairs_math_v2.csv,1022,math,math_2173,train,retain,H2_perturb_simple,math_perturb_simple
pairs_math_v2.csv,1023,math,math_2173,train,retain,H2_perturb_hard,math_perturb_hard
pairs_math_v2.csv,1024,math,math_2173,train,retain,H1_same_topic,math_same_type
pairs_math_v2.csv,1025,math,math_2173,train,retain,R_random,math_random
pairs_math_v2.csv,1026,math,math_2174,train,remove,C0_exact,math_copy
pairs_math_v2.csv,1027,math,math_2174,train,remove,C2_answer_bearing,math_solution_frag
pairs_math_v2.csv,1028,math,math_2174,train,retain,H2_perturb_simple,math_perturb_simple
pairs_math_v2.csv,1029,math,math_2174,train,retain,H2_perturb_hard,math_perturb_hard
pairs_math_v2.csv,1030,math,math_2174,train,retain,H1_same_topic,math_same_type
pairs_math_v2.csv,1031,math,math_2174,train,retain,R_random,math_random
pairs_math_v2.csv,1062,math,math_2181,train,remove,C0_exact,math_copy
pairs_math_v2.csv,1063,math,math_2181,train,remove,C2_answer_bearing,math_solution_frag
pairs_math_v2.csv,1064,math,math_2181,train,retain,H2_perturb_simple,math_perturb_simple
pairs_math_v2.csv,1065,math,math_2181,train,retain,H2_perturb_hard,math_perturb_hard
pairs_math_v2.csv,1066,math,math_2181,train,retain,H1_same_topic,math_same_type
pairs_math_v2.csv,1067,math,math_2181,train,retain,R_random,math_random
pairs_math_v2.csv,1092,math,math_2186,train,remove,C0_exact,math_copy
pairs_math_v2.csv,1093,math,math_2186,train,remove,C2_answer_bearing,math_solution_frag
pairs_math_v2.csv,1094,math,math_2186,train,retain,H2_perturb_simple,math_perturb_simple
pairs_math_v2.csv,1095,math,math_2186,train,retain,H2_perturb_hard,math_perturb_hard
pairs_math_v2.csv,1096,math,math_2186,train,retain,H1_same_topic,math_same_type
pairs_math_v2.csv,1097,math,math_2186,train,retain,R_random,math_random
pairs_math_v2.csv,1116,math,math_2191,train,remove,C0_exact,math_copy
pairs_math_v2.csv,1117,math,math_2191,train,remove,C2_answer_bearing,math_solution_frag
pairs_math_v2.csv,1118,math,math_2191,train,retain,H2_perturb_simple,math_perturb_simple
pairs_math_v2.csv,1119,math,math_2191,train,retain,H2_perturb_hard,math_perturb_hard
pairs_math_v2.csv,1120,math,math_2191,train,retain,H1_same_topic,math_same_type
pairs_math_v2.csv,1121,math,math_2191,train,retain,R_random,math_random
pairs_math_v2.csv,1134,math,math_2196,train,remove,C0_exact,math_copy
pairs_math_v2.csv,1135,math,math_2196,train,remove,C2_answer_bearing,math_solution_frag
pairs_math_v2.csv,1136,math,math_2196,train,retain,H2_perturb_simple,math_perturb_simple
pairs_math_v2.csv,1137,math,math_2196,train,retain,H2_perturb_hard,math_perturb_hard
pairs_math_v2.csv,1138,math,math_2196,train,retain,H1_same_topic,math_same_type
pairs_math_v2.csv,1139,math,math_2196,train,retain,R_random,math_random
pairs_math_v2.csv,1146,math,math_2412,train,remove,C0_exact,math_copy
pairs_math_v2.csv,1147,math,math_2412,train,remove,C2_answer_bearing,math_solution_frag
pairs_math_v2.csv,1148,math,math_2412,train,retain,H2_perturb_simple,math_perturb_simple
pairs_math_v2.csv,1149,math,math_2412,train,retain,H2_perturb_hard,math_perturb_hard
pairs_math_v2.csv,1150,math,math_2412,train,retain,H1_same_topic,math_same_type
pairs_math_v2.csv,1151,math,math_2412,train,retain,R_random,math_random
pairs_math_v2.csv,1170,math,math_2417,train,remove,C0_exact,math_copy
pairs_math_v2.csv,1171,math,math_2417,train,remove,C2_answer_bearing,math_solution_frag
pairs_math_v2.csv,1172,math,math_2417,train,retain,H2_perturb_simple,math_perturb_simple
pairs_math_v2.csv,1173,math,math_2417,train,retain,H2_perturb_hard,math_perturb_hard
pairs_math_v2.csv,1174,math,math_2417,train,retain,H1_same_topic,math_same_type
pairs_math_v2.csv,1175,math,math_2417,train,retain,R_random,math_random
pairs_math_v2.csv,1176,math,math_2419,train,remove,C0_exact,math_copy
pairs_math_v2.csv,1177,math,math_2419,train,remove,C2_answer_bearing,math_solution_frag
pairs_math_v2.csv,1178,math,math_2419,train,retain,H2_perturb_simple,math_perturb_simple
pairs_math_v2.csv,1179,math,math_2419,train,retain,H2_perturb_hard,math_perturb_hard
pairs_math_v2.csv,1180,math,math_2419,train,retain,H1_same_topic,math_same_type
pairs_math_v2.csv,1181,math,math_2419,train,retain,R_random,math_random
pairs_math_v2.csv,1188,math,math_2423,train,remove,C0_exact,math_copy
pairs_math_v2.csv,1189,math,math_2423,train,remove,C2_answer_bearing,math_solution_frag
pairs_math_v2.csv,1190,math,math_2423,train,retain,H2_perturb_simple,math_perturb_simple
pairs_math_v2.csv,1191,math,math_2423,train,retain,H2_perturb_hard,math_perturb_hard
pairs_math_v2.csv,1192,math,math_2423,train,retain,H1_same_topic,math_same_type
pairs_math_v2.csv,1193,math,math_2423,train,retain,R_random,math_random
pairs_math_v2.csv,1194,math,math_2424,train,remove,C0_exact,math_copy
pairs_math_v2.csv,1195,math,math_2424,train,remove,C2_answer_bearing,math_solution_frag
pairs_math_v2.csv,1196,math,math_2424,train,retain,H2_perturb_simple,math_perturb_simple
pairs_math_v2.csv,1197,math,math_2424,train,retain,H2_perturb_hard,math_perturb_hard
pairs_math_v2.csv,1198,math,math_2424,train,retain,H1_same_topic,math_same_type
pairs_math_v2.csv,1199,math,math_2424,train,retain,R_random,math_random
pairs_math_v2.csv,1200,math,math_2425,train,remove,C0_exact,math_copy
pairs_math_v2.csv,1201,math,math_2425,train,remove,C2_answer_bearing,math_solution_frag
pairs_math_v2.csv,1202,math,math_2425,train,retain,H2_perturb_simple,math_perturb_simple
pairs_math_v2.csv,1203,math,math_2425,train,retain,H2_perturb_hard,math_perturb_hard
pairs_math_v2.csv,1204,math,math_2425,train,retain,H1_same_topic,math_same_type
pairs_math_v2.csv,1205,math,math_2425,train,retain,R_random,math_random
pairs_math_v2.csv,1212,math,math_2428,train,remove,C0_exact,math_copy
pairs_math_v2.csv,1213,math,math_2428,train,remove,C2_answer_bearing,math_solution_frag
pairs_math_v2.csv,1214,math,math_2428,train,retain,H2_perturb_simple,math_perturb_simple
pairs_math_v2.csv,1215,math,math_2428,train,retain,H2_perturb_hard,math_perturb_hard
pairs_math_v2.csv,1216,math,math_2428,train,retain,H1_same_topic,math_same_type
pairs_math_v2.csv,1217,math,math_2428,train,retain,R_random,math_random
pairs_math_v2.csv,1218,math,math_2429,train,remove,C0_exact,math_copy
pairs_math_v2.csv,1219,math,math_2429,train,remove,C2_answer_bearing,math_solution_frag
pairs_math_v2.csv,1220,math,math_2429,train,retain,H2_perturb_simple,math_perturb_simple
pairs_math_v2.csv,1221,math,math_2429,train,retain,H2_perturb_hard,math_perturb_hard
pairs_math_v2.csv,1222,math,math_2429,train,retain,H1_same_topic,math_same_type
pairs_math_v2.csv,1223,math,math_2429,train,retain,R_random,math_random
pairs_math_v2.csv,1242,math,math_2433,train,remove,C0_exact,math_copy
pairs_math_v2.csv,1243,math,math_2433,train,remove,C2_answer_bearing,math_solution_frag
pairs_math_v2.csv,1244,math,math_2433,train,retain,H2_perturb_simple,math_perturb_simple
pairs_math_v2.csv,1245,math,math_2433,train,retain,H2_perturb_hard,math_perturb_hard
pairs_math_v2.csv,1246,math,math_2433,train,retain,H1_same_topic,math_same_type
pairs_math_v2.csv,1247,math,math_2433,train,retain,R_random,math_random
pairs_math_v2.csv,1266,math,math_2437,train,remove,C0_exact,math_copy
pairs_math_v2.csv,1267,math,math_2437,train,remove,C2_answer_bearing,math_solution_frag
pairs_math_v2.csv,1268,math,math_2437,train,retain,H2_perturb_simple,math_perturb_simple
pairs_math_v2.csv,1269,math,math_2437,train,retain,H2_perturb_hard,math_perturb_hard
pairs_math_v2.csv,1270,math,math_2437,train,retain,H1_same_topic,math_same_type
pairs_math_v2.csv,1271,math,math_2437,train,retain,R_random,math_random
pairs_math_v2.csv,1290,math,math_2656,train,remove,C0_exact,math_copy
pairs_math_v2.csv,1291,math,math_2656,train,remove,C2_answer_bearing,math_solution_frag
pairs_math_v2.csv,1292,math,math_2656,train,retain,H2_perturb_simple,math_perturb_simple
pairs_math_v2.csv,1293,math,math_2656,train,retain,H2_perturb_hard,math_perturb_hard
pairs_math_v2.csv,1294,math,math_2656,train,retain,H1_same_topic,math_same_type
pairs_math_v2.csv,1295,math,math_2656,train,retain,R_random,math_random
pairs_math_v2.csv,1302,math,math_2661,train,remove,C0_exact,math_copy
pairs_math_v2.csv,1303,math,math_2661,train,remove,C2_answer_bearing,math_solution_frag
pairs_math_v2.csv,1304,math,math_2661,train,retain,H2_perturb_simple,math_perturb_simple
pairs_math_v2.csv,1305,math,math_2661,train,retain,H2_perturb_hard,math_perturb_hard
pairs_math_v2.csv,1306,math,math_2661,train,retain,H1_same_topic,math_same_type
pairs_math_v2.csv,1307,math,math_2661,train,retain,R_random,math_random
pairs_math_v2.csv,1308,math,math_2663,train,remove,C0_exact,math_copy
pairs_math_v2.csv,1309,math,math_2663,train,remove,C2_answer_bearing,math_solution_frag
pairs_math_v2.csv,1310,math,math_2663,train,retain,H2_perturb_simple,math_perturb_simple
pairs_math_v2.csv,1311,math,math_2663,train,retain,H2_perturb_hard,math_perturb_hard
pairs_math_v2.csv,1312,math,math_2663,train,retain,H1_same_topic,math_same_type
pairs_math_v2.csv,1313,math,math_2663,train,retain,R_random,math_random
pairs_math_v2.csv,1338,math,math_2675,train,remove,C0_exact,math_copy
pairs_math_v2.csv,1339,math,math_2675,train,remove,C2_answer_bearing,math_solution_frag
pairs_math_v2.csv,1340,math,math_2675,train,retain,H2_perturb_simple,math_perturb_simple
pairs_math_v2.csv,1341,math,math_2675,train,retain,H2_perturb_hard,math_perturb_hard
pairs_math_v2.csv,1342,math,math_2675,train,retain,H1_same_topic,math_same_type
pairs_math_v2.csv,1343,math,math_2675,train,retain,R_random,math_random
pairs_math_v2.csv,1350,math,math_2679,train,remove,C0_exact,math_copy
pairs_math_v2.csv,1351,math,math_2679,train,remove,C2_answer_bearing,math_solution_frag
pairs_math_v2.csv,1352,math,math_2679,train,retain,H2_perturb_simple,math_perturb_simple
pairs_math_v2.csv,1353,math,math_2679,train,retain,H2_perturb_hard,math_perturb_hard
pairs_math_v2.csv,1354,math,math_2679,train,retain,H1_same_topic,math_same_type
pairs_math_v2.csv,1355,math,math_2679,train,retain,R_random,math_random
pairs_math_v2.csv,1386,math,math_3134,train,remove,C0_exact,math_copy
pairs_math_v2.csv,1387,math,math_3134,train,remove,C2_answer_bearing,math_solution_frag
pairs_math_v2.csv,1388,math,math_3134,train,retain,H2_perturb_simple,math_perturb_simple
pairs_math_v2.csv,1389,math,math_3134,train,retain,H2_perturb_hard,math_perturb_hard
pairs_math_v2.csv,1390,math,math_3134,train,retain,H1_same_topic,math_same_type
pairs_math_v2.csv,1391,math,math_3134,train,retain,R_random,math_random
pairs_math_v2.csv,1392,math,math_3136,train,remove,C0_exact,math_copy
pairs_math_v2.csv,1393,math,math_3136,train,remove,C2_answer_bearing,math_solution_frag
pairs_math_v2.csv,1394,math,math_3136,train,retain,H2_perturb_simple,math_perturb_simple
pairs_math_v2.csv,1395,math,math_3136,train,retain,H2_perturb_hard,math_perturb_hard
pairs_math_v2.csv,1396,math,math_3136,train,retain,H1_same_topic,math_same_type
pairs_math_v2.csv,1397,math,math_3136,train,retain,R_random,math_random
pairs_math_v2.csv,1410,math,math_3142,train,remove,C0_exact,math_copy
pairs_math_v2.csv,1411,math,math_3142,train,remove,C2_answer_bearing,math_solution_frag
pairs_math_v2.csv,1412,math,math_3142,train,retain,H2_perturb_simple,math_perturb_simple
pairs_math_v2.csv,1413,math,math_3142,train,retain,H2_perturb_hard,math_perturb_hard
pairs_math_v2.csv,1414,math,math_3142,train,retain,H1_same_topic,math_same_type
pairs_math_v2.csv,1415,math,math_3142,train,retain,R_random,math_random
pairs_math_v2.csv,1416,math,math_3145,train,remove,C0_exact,math_copy
pairs_math_v2.csv,1417,math,math_3145,train,remove,C2_answer_bearing,math_solution_frag
pairs_math_v2.csv,1418,math,math_3145,train,retain,H2_perturb_simple,math_perturb_simple
pairs_math_v2.csv,1419,math,math_3145,train,retain,H2_perturb_hard,math_perturb_hard
pairs_math_v2.csv,1420,math,math_3145,train,retain,H1_same_topic,math_same_type
pairs_math_v2.csv,1421,math,math_3145,train,retain,R_random,math_random
pairs_math_v2.csv,1422,math,math_3146,train,remove,C0_exact,math_copy
pairs_math_v2.csv,1423,math,math_3146,train,remove,C2_answer_bearing,math_solution_frag
pairs_math_v2.csv,1424,math,math_3146,train,retain,H2_perturb_simple,math_perturb_simple
pairs_math_v2.csv,1425,math,math_3146,train,retain,H2_perturb_hard,math_perturb_hard
pairs_math_v2.csv,1426,math,math_3146,train,retain,H1_same_topic,math_same_type
pairs_math_v2.csv,1427,math,math_3146,train,retain,R_random,math_random
pairs_math_v2.csv,1434,math,math_3149,train,remove,C0_exact,math_copy
pairs_math_v2.csv,1435,math,math_3149,train,remove,C2_answer_bearing,math_solution_frag
pairs_math_v2.csv,1436,math,math_3149,train,retain,H2_perturb_simple,math_perturb_simple
pairs_math_v2.csv,1437,math,math_3149,train,retain,H2_perturb_hard,math_perturb_hard
pairs_math_v2.csv,1438,math,math_3149,train,retain,H1_same_topic,math_same_type
pairs_math_v2.csv,1439,math,math_3149,train,retain,R_random,math_random
pairs_math_v2.csv,1476,math,math_3173,train,remove,C0_exact,math_copy
pairs_math_v2.csv,1477,math,math_3173,train,remove,C2_answer_bearing,math_solution_frag
pairs_math_v2.csv,1478,math,math_3173,train,retain,H2_perturb_simple,math_perturb_simple
pairs_math_v2.csv,1479,math,math_3173,train,retain,H2_perturb_hard,math_perturb_hard
pairs_math_v2.csv,1480,math,math_3173,train,retain,H1_same_topic,math_same_type
pairs_math_v2.csv,1481,math,math_3173,train,retain,R_random,math_random
pairs_math_v2.csv,1488,math,math_3178,train,remove,C0_exact,math_copy
pairs_math_v2.csv,1489,math,math_3178,train,remove,C2_answer_bearing,math_solution_frag
pairs_math_v2.csv,1490,math,math_3178,train,retain,H2_perturb_simple,math_perturb_simple
pairs_math_v2.csv,1491,math,math_3178,train,retain,H2_perturb_hard,math_perturb_hard
pairs_math_v2.csv,1492,math,math_3178,train,retain,H1_same_topic,math_same_type
pairs_math_v2.csv,1493,math,math_3178,train,retain,R_random,math_random
pairs_math_v2.csv,1494,math,math_3188,train,remove,C0_exact,math_copy
pairs_math_v2.csv,1495,math,math_3188,train,remove,C2_answer_bearing,math_solution_frag
pairs_math_v2.csv,1496,math,math_3188,train,retain,H2_perturb_simple,math_perturb_simple
pairs_math_v2.csv,1497,math,math_3188,train,retain,H2_perturb_hard,math_perturb_hard
pairs_math_v2.csv,1498,math,math_3188,train,retain,H1_same_topic,math_same_type
pairs_math_v2.csv,1499,math,math_3188,train,retain,R_random,math_random
pairs_math_v2.csv,1500,math,math_3194,train,remove,C0_exact,math_copy
pairs_math_v2.csv,1501,math,math_3194,train,remove,C2_answer_bearing,math_solution_frag
pairs_math_v2.csv,1502,math,math_3194,train,retain,H2_perturb_simple,math_perturb_simple
pairs_math_v2.csv,1503,math,math_3194,train,retain,H2_perturb_hard,math_perturb_hard
pairs_math_v2.csv,1504,math,math_3194,train,retain,H1_same_topic,math_same_type
pairs_math_v2.csv,1505,math,math_3194,train,retain,R_random,math_random
