source_csv,source_csv_row,family,group_id,part,decision_label,relation,candidate_source
pairs_arith_v2.csv,18,arithmetic,gsm8k_test_0002,train,remove,C0_exact,gsm8k_copy
pairs_arith_v2.csv,19,arithmetic,gsm8k_test_0002,train,remove,C1_transformed,lmsys_rephrase
pairs_arith_v2.csv,20,arithmetic,gsm8k_test_0002,train,remove,C2_answer_bearing,gsm8k_solution_frag
pairs_arith_v2.csv,21,arithmetic,gsm8k_test_0002,train,retain,H2_same_template,gsmplus_numerical_substitution
pairs_arith_v2.csv,22,arithmetic,gsm8k_test_0002,train,remove,C1_transformed,gsmplus_problem_understanding
pairs_arith_v2.csv,23,arithmetic,gsm8k_test_0002,train,retain,H2_same_template,gsmplus_critical_thinking
pairs_arith_v2.csv,24,arithmetic,gsm8k_test_0002,train,retain,H1_same_topic,svamp
pairs_arith_v2.csv,25,arithmetic,gsm8k_test_0002,train,retain,H3_predating,asdiv
pairs_arith_v2.csv,26,arithmetic,gsm8k_test_0002,train,retain,R_random,truthfulqa
pairs_arith_v2.csv,45,arithmetic,gsm8k_test_0005,train,remove,C0_exact,gsm8k_copy
pairs_arith_v2.csv,46,arithmetic,gsm8k_test_0005,train,remove,C1_transformed,lmsys_rephrase
pairs_arith_v2.csv,47,arithmetic,gsm8k_test_0005,train,remove,C2_answer_bearing,gsm8k_solution_frag
pairs_arith_v2.csv,48,arithmetic,gsm8k_test_0005,train,retain,H2_same_template,gsmplus_numerical_substitution
pairs_arith_v2.csv,49,arithmetic,gsm8k_test_0005,train,remove,C1_transformed,gsmplus_problem_understanding
pairs_arith_v2.csv,50,arithmetic,gsm8k_test_0005,train,retain,H2_same_template,gsmplus_critical_thinking
pairs_arith_v2.csv,51,arithmetic,gsm8k_test_0005,train,retain,H1_same_topic,svamp
pairs_arith_v2.csv,52,arithmetic,gsm8k_test_0005,train,retain,H3_predating,asdiv
pairs_arith_v2.csv,53,arithmetic,gsm8k_test_0005,train,retain,R_random,truthfulqa
pairs_arith_v2.csv,54,arithmetic,gsm8k_test_0006,train,remove,C0_exact,gsm8k_copy
pairs_arith_v2.csv,55,arithmetic,gsm8k_test_0006,train,remove,C1_transformed,lmsys_rephrase
pairs_arith_v2.csv,56,arithmetic,gsm8k_test_0006,train,remove,C2_answer_bearing,gsm8k_solution_frag
pairs_arith_v2.csv,57,arithmetic,gsm8k_test_0006,train,retain,H2_same_template,gsmplus_numerical_substitution
pairs_arith_v2.csv,58,arithmetic,gsm8k_test_0006,train,remove,C1_transformed,gsmplus_problem_understanding
pairs_arith_v2.csv,59,arithmetic,gsm8k_test_0006,train,retain,H2_same_template,gsmplus_critical_thinking
pairs_arith_v2.csv,60,arithmetic,gsm8k_test_0006,train,retain,H1_same_topic,svamp
pairs_arith_v2.csv,61,arithmetic,gsm8k_test_0006,train,retain,H3_predating,asdiv
pairs_arith_v2.csv,62,arithmetic,gsm8k_test_0006,train,retain,R_random,truthfulqa
pairs_arith_v2.csv,63,arithmetic,gsm8k_test_0007,train,remove,C0_exact,gsm8k_copy
pairs_arith_v2.csv,64,arithmetic,gsm8k_test_0007,train,remove,C1_transformed,lmsys_rephrase
pairs_arith_v2.csv,65,arithmetic,gsm8k_test_0007,train,remove,C2_answer_bearing,gsm8k_solution_frag
pairs_arith_v2.csv,66,arithmetic,gsm8k_test_0007,train,retain,H2_same_template,gsmplus_numerical_substitution
pairs_arith_v2.csv,67,arithmetic,gsm8k_test_0007,train,remove,C1_transformed,gsmplus_problem_understanding
pairs_arith_v2.csv,68,arithmetic,gsm8k_test_0007,train,retain,H2_same_template,gsmplus_critical_thinking
pairs_arith_v2.csv,69,arithmetic,gsm8k_test_0007,train,retain,H1_same_topic,svamp
pairs_arith_v2.csv,70,arithmetic,gsm8k_test_0007,train,retain,H3_predating,asdiv
pairs_arith_v2.csv,71,arithmetic,gsm8k_test_0007,train,retain,R_random,truthfulqa
pairs_arith_v2.csv,108,arithmetic,gsm8k_test_0012,train,remove,C0_exact,gsm8k_copy
pairs_arith_v2.csv,109,arithmetic,gsm8k_test_0012,train,remove,C1_transformed,lmsys_rephrase
pairs_arith_v2.csv,110,arithmetic,gsm8k_test_0012,train,remove,C2_answer_bearing,gsm8k_solution_frag
pairs_arith_v2.csv,111,arithmetic,gsm8k_test_0012,train,retain,H2_same_template,gsmplus_numerical_substitution
pairs_arith_v2.csv,112,arithmetic,gsm8k_test_0012,train,remove,C1_transformed,gsmplus_problem_understanding
pairs_arith_v2.csv,113,arithmetic,gsm8k_test_0012,train,retain,H2_same_template,gsmplus_critical_thinking
pairs_arith_v2.csv,114,arithmetic,gsm8k_test_0012,train,retain,H1_same_topic,svamp
pairs_arith_v2.csv,115,arithmetic,gsm8k_test_0012,train,retain,H3_predating,asdiv
pairs_arith_v2.csv,116,arithmetic,gsm8k_test_0012,train,retain,R_random,truthfulqa
pairs_arith_v2.csv,125,arithmetic,gsm8k_test_0014,train,remove,C0_exact,gsm8k_copy
pairs_arith_v2.csv,126,arithmetic,gsm8k_test_0014,train,remove,C1_transformed,lmsys_rephrase
pairs_arith_v2.csv,127,arithmetic,gsm8k_test_0014,train,remove,C2_answer_bearing,gsm8k_solution_frag
pairs_arith_v2.csv,128,arithmetic,gsm8k_test_0014,train,retain,H2_same_template,gsmplus_numerical_substitution
pairs_arith_v2.csv,129,arithmetic,gsm8k_test_0014,train,remove,C1_transformed,gsmplus_problem_understanding
pairs_arith_v2.csv,130,arithmetic,gsm8k_test_0014,train,retain,H2_same_template,gsmplus_critical_thinking
pairs_arith_v2.csv,131,arithmetic,gsm8k_test_0014,train,retain,H1_same_topic,svamp
pairs_arith_v2.csv,132,arithmetic,gsm8k_test_0014,train,retain,H3_predating,asdiv
pairs_arith_v2.csv,133,arithmetic,gsm8k_test_0014,train,retain,R_random,truthfulqa
pairs_arith_v2.csv,161,arithmetic,gsm8k_test_0018,train,remove,C0_exact,gsm8k_copy
pairs_arith_v2.csv,162,arithmetic,gsm8k_test_0018,train,remove,C1_transformed,lmsys_rephrase
pairs_arith_v2.csv,163,arithmetic,gsm8k_test_0018,train,remove,C2_answer_bearing,gsm8k_solution_frag
pairs_arith_v2.csv,164,arithmetic,gsm8k_test_0018,train,retain,H2_same_template,gsmplus_numerical_substitution
pairs_arith_v2.csv,165,arithmetic,gsm8k_test_0018,train,remove,C1_transformed,gsmplus_problem_understanding
pairs_arith_v2.csv,166,arithmetic,gsm8k_test_0018,train,retain,H2_same_template,gsmplus_critical_thinking
pairs_arith_v2.csv,167,arithmetic,gsm8k_test_0018,train,retain,H1_same_topic,svamp
pairs_arith_v2.csv,168,arithmetic,gsm8k_test_0018,train,retain,H3_predating,asdiv
pairs_arith_v2.csv,169,arithmetic,gsm8k_test_0018,train,retain,R_random,truthfulqa
pairs_arith_v2.csv,188,arithmetic,gsm8k_test_0021,train,remove,C0_exact,gsm8k_copy
pairs_arith_v2.csv,189,arithmetic,gsm8k_test_0021,train,remove,C1_transformed,lmsys_rephrase
pairs_arith_v2.csv,190,arithmetic,gsm8k_test_0021,train,remove,C2_answer_bearing,gsm8k_solution_frag
pairs_arith_v2.csv,191,arithmetic,gsm8k_test_0021,train,retain,H2_same_template,gsmplus_numerical_substitution
pairs_arith_v2.csv,192,arithmetic,gsm8k_test_0021,train,remove,C1_transformed,gsmplus_problem_understanding
pairs_arith_v2.csv,193,arithmetic,gsm8k_test_0021,train,retain,H2_same_template,gsmplus_critical_thinking
pairs_arith_v2.csv,194,arithmetic,gsm8k_test_0021,train,retain,H1_same_topic,svamp
pairs_arith_v2.csv,195,arithmetic,gsm8k_test_0021,train,retain,H3_predating,asdiv
pairs_arith_v2.csv,196,arithmetic,gsm8k_test_0021,train,retain,R_random,truthfulqa
pairs_arith_v2.csv,197,arithmetic,gsm8k_test_0022,train,remove,C0_exact,gsm8k_copy
pairs_arith_v2.csv,198,arithmetic,gsm8k_test_0022,train,remove,C1_transformed,lmsys_rephrase
pairs_arith_v2.csv,199,arithmetic,gsm8k_test_0022,train,remove,C2_answer_bearing,gsm8k_solution_frag
pairs_arith_v2.csv,200,arithmetic,gsm8k_test_0022,train,retain,H2_same_template,gsmplus_numerical_substitution
pairs_arith_v2.csv,201,arithmetic,gsm8k_test_0022,train,remove,C1_transformed,gsmplus_problem_understanding
pairs_arith_v2.csv,202,arithmetic,gsm8k_test_0022,train,retain,H2_same_template,gsmplus_critical_thinking
pairs_arith_v2.csv,203,arithmetic,gsm8k_test_0022,train,retain,H1_same_topic,svamp
pairs_arith_v2.csv,204,arithmetic,gsm8k_test_0022,train,retain,H3_predating,asdiv
pairs_arith_v2.csv,205,arithmetic,gsm8k_test_0022,train,retain,R_random,truthfulqa
pairs_arith_v2.csv,296,arithmetic,gsm8k_test_0033,train,remove,C0_exact,gsm8k_copy
pairs_arith_v2.csv,297,arithmetic,gsm8k_test_0033,train,remove,C1_transformed,lmsys_rephrase
pairs_arith_v2.csv,298,arithmetic,gsm8k_test_0033,train,remove,C2_answer_bearing,gsm8k_solution_frag
pairs_arith_v2.csv,299,arithmetic,gsm8k_test_0033,train,retain,H2_same_template,gsmplus_numerical_substitution
pairs_arith_v2.csv,300,arithmetic,gsm8k_test_0033,train,remove,C1_transformed,gsmplus_problem_understanding
pairs_arith_v2.csv,301,arithmetic,gsm8k_test_0033,train,retain,H2_same_template,gsmplus_critical_thinking
pairs_arith_v2.csv,302,arithmetic,gsm8k_test_0033,train,retain,H1_same_topic,svamp
pairs_arith_v2.csv,303,arithmetic,gsm8k_test_0033,train,retain,H3_predating,asdiv
pairs_arith_v2.csv,304,arithmetic,gsm8k_test_0033,train,retain,R_random,truthfulqa
pairs_arith_v2.csv,314,arithmetic,gsm8k_test_0035,train,remove,C0_exact,gsm8k_copy
pairs_arith_v2.csv,315,arithmetic,gsm8k_test_0035,train,remove,C1_transformed,lmsys_rephrase
pairs_arith_v2.csv,316,arithmetic,gsm8k_test_0035,train,remove,C2_answer_bearing,gsm8k_solution_frag
pairs_arith_v2.csv,317,arithmetic,gsm8k_test_0035,train,retain,H2_same_template,gsmplus_numerical_substitution
pairs_arith_v2.csv,318,arithmetic,gsm8k_test_0035,train,remove,C1_transformed,gsmplus_problem_understanding
pairs_arith_v2.csv,319,arithmetic,gsm8k_test_0035,train,retain,H2_same_template,gsmplus_critical_thinking
pairs_arith_v2.csv,320,arithmetic,gsm8k_test_0035,train,retain,H1_same_topic,svamp
pairs_arith_v2.csv,321,arithmetic,gsm8k_test_0035,train,retain,H3_predating,asdiv
pairs_arith_v2.csv,322,arithmetic,gsm8k_test_0035,train,retain,R_random,truthfulqa
pairs_arith_v2.csv,332,arithmetic,gsm8k_test_0037,train,remove,C0_exact,gsm8k_copy
pairs_arith_v2.csv,333,arithmetic,gsm8k_test_0037,train,remove,C1_transformed,lmsys_rephrase
pairs_arith_v2.csv,334,arithmetic,gsm8k_test_0037,train,remove,C2_answer_bearing,gsm8k_solution_frag
pairs_arith_v2.csv,335,arithmetic,gsm8k_test_0037,train,retain,H2_same_template,gsmplus_numerical_substitution
pairs_arith_v2.csv,336,arithmetic,gsm8k_test_0037,train,remove,C1_transformed,gsmplus_problem_understanding
pairs_arith_v2.csv,337,arithmetic,gsm8k_test_0037,train,retain,H2_same_template,gsmplus_critical_thinking
pairs_arith_v2.csv,338,arithmetic,gsm8k_test_0037,train,retain,H1_same_topic,svamp
pairs_arith_v2.csv,339,arithmetic,gsm8k_test_0037,train,retain,H3_predating,asdiv
pairs_arith_v2.csv,340,arithmetic,gsm8k_test_0037,train,retain,R_random,truthfulqa
pairs_arith_v2.csv,359,arithmetic,gsm8k_test_0040,train,remove,C0_exact,gsm8k_copy
pairs_arith_v2.csv,360,arithmetic,gsm8k_test_0040,train,remove,C1_transformed,lmsys_rephrase
pairs_arith_v2.csv,361,arithmetic,gsm8k_test_0040,train,remove,C2_answer_bearing,gsm8k_solution_frag
pairs_arith_v2.csv,362,arithmetic,gsm8k_test_0040,train,retain,H2_same_template,gsmplus_numerical_substitution
pairs_arith_v2.csv,363,arithmetic,gsm8k_test_0040,train,remove,C1_transformed,gsmplus_problem_understanding
pairs_arith_v2.csv,364,arithmetic,gsm8k_test_0040,train,retain,H2_same_template,gsmplus_critical_thinking
pairs_arith_v2.csv,365,arithmetic,gsm8k_test_0040,train,retain,H1_same_topic,svamp
pairs_arith_v2.csv,366,arithmetic,gsm8k_test_0040,train,retain,H3_predating,asdiv
pairs_arith_v2.csv,367,arithmetic,gsm8k_test_0040,train,retain,R_random,truthfulqa
pairs_arith_v2.csv,377,arithmetic,gsm8k_test_0042,train,remove,C0_exact,gsm8k_copy
pairs_arith_v2.csv,378,arithmetic,gsm8k_test_0042,train,remove,C1_transformed,lmsys_rephrase
pairs_arith_v2.csv,379,arithmetic,gsm8k_test_0042,train,remove,C2_answer_bearing,gsm8k_solution_frag
pairs_arith_v2.csv,380,arithmetic,gsm8k_test_0042,train,retain,H2_same_template,gsmplus_numerical_substitution
pairs_arith_v2.csv,381,arithmetic,gsm8k_test_0042,train,remove,C1_transformed,gsmplus_problem_understanding
pairs_arith_v2.csv,382,arithmetic,gsm8k_test_0042,train,retain,H2_same_template,gsmplus_critical_thinking
pairs_arith_v2.csv,383,arithmetic,gsm8k_test_0042,train,retain,H1_same_topic,svamp
pairs_arith_v2.csv,384,arithmetic,gsm8k_test_0042,train,retain,H3_predating,asdiv
pairs_arith_v2.csv,385,arithmetic,gsm8k_test_0042,train,retain,R_random,truthfulqa
pairs_arith_v2.csv,386,arithmetic,gsm8k_test_0043,train,remove,C0_exact,gsm8k_copy
pairs_arith_v2.csv,387,arithmetic,gsm8k_test_0043,train,remove,C1_transformed,lmsys_rephrase
pairs_arith_v2.csv,388,arithmetic,gsm8k_test_0043,train,remove,C2_answer_bearing,gsm8k_solution_frag
pairs_arith_v2.csv,389,arithmetic,gsm8k_test_0043,train,retain,H2_same_template,gsmplus_numerical_substitution
pairs_arith_v2.csv,390,arithmetic,gsm8k_test_0043,train,remove,C1_transformed,gsmplus_problem_understanding
pairs_arith_v2.csv,391,arithmetic,gsm8k_test_0043,train,retain,H2_same_template,gsmplus_critical_thinking
pairs_arith_v2.csv,392,arithmetic,gsm8k_test_0043,train,retain,H1_same_topic,svamp
pairs_arith_v2.csv,393,arithmetic,gsm8k_test_0043,train,retain,H3_predating,asdiv
pairs_arith_v2.csv,394,arithmetic,gsm8k_test_0043,train,retain,R_random,truthfulqa
pairs_arith_v2.csv,449,arithmetic,gsm8k_test_0050,train,remove,C0_exact,gsm8k_copy
pairs_arith_v2.csv,450,arithmetic,gsm8k_test_0050,train,remove,C1_transformed,lmsys_rephrase
pairs_arith_v2.csv,451,arithmetic,gsm8k_test_0050,train,remove,C2_answer_bearing,gsm8k_solution_frag
pairs_arith_v2.csv,452,arithmetic,gsm8k_test_0050,train,retain,H2_same_template,gsmplus_numerical_substitution
pairs_arith_v2.csv,453,arithmetic,gsm8k_test_0050,train,remove,C1_transformed,gsmplus_problem_understanding
pairs_arith_v2.csv,454,arithmetic,gsm8k_test_0050,train,retain,H2_same_template,gsmplus_critical_thinking
pairs_arith_v2.csv,455,arithmetic,gsm8k_test_0050,train,retain,H1_same_topic,svamp
pairs_arith_v2.csv,456,arithmetic,gsm8k_test_0050,train,retain,H3_predating,asdiv
pairs_arith_v2.csv,457,arithmetic,gsm8k_test_0050,train,retain,R_random,truthfulqa
pairs_arith_v2.csv,466,arithmetic,gsm8k_test_0052,train,remove,C0_exact,gsm8k_copy
pairs_arith_v2.csv,467,arithmetic,gsm8k_test_0052,train,remove,C1_transformed,lmsys_rephrase
pairs_arith_v2.csv,468,arithmetic,gsm8k_test_0052,train,remove,C2_answer_bearing,gsm8k_solution_frag
pairs_arith_v2.csv,469,arithmetic,gsm8k_test_0052,train,retain,H2_same_template,gsmplus_numerical_substitution
pairs_arith_v2.csv,470,arithmetic,gsm8k_test_0052,train,remove,C1_transformed,gsmplus_problem_understanding
pairs_arith_v2.csv,471,arithmetic,gsm8k_test_0052,train,retain,H2_same_template,gsmplus_critical_thinking
pairs_arith_v2.csv,472,arithmetic,gsm8k_test_0052,train,retain,H1_same_topic,svamp
pairs_arith_v2.csv,473,arithmetic,gsm8k_test_0052,train,retain,H3_predating,asdiv
pairs_arith_v2.csv,474,arithmetic,gsm8k_test_0052,train,retain,R_random,truthfulqa
pairs_arith_v2.csv,510,arithmetic,gsm8k_test_0057,train,remove,C0_exact,gsm8k_copy
pairs_arith_v2.csv,511,arithmetic,gsm8k_test_0057,train,remove,C1_transformed,lmsys_rephrase
pairs_arith_v2.csv,512,arithmetic,gsm8k_test_0057,train,remove,C2_answer_bearing,gsm8k_solution_frag
pairs_arith_v2.csv,513,arithmetic,gsm8k_test_0057,train,retain,H2_same_template,gsmplus_numerical_substitution
pairs_arith_v2.csv,514,arithmetic,gsm8k_test_0057,train,remove,C1_transformed,gsmplus_problem_understanding
pairs_arith_v2.csv,515,arithmetic,gsm8k_test_0057,train,retain,H2_same_template,gsmplus_critical_thinking
pairs_arith_v2.csv,516,arithmetic,gsm8k_test_0057,train,retain,H1_same_topic,svamp
pairs_arith_v2.csv,517,arithmetic,gsm8k_test_0057,train,retain,H3_predating,asdiv
pairs_arith_v2.csv,518,arithmetic,gsm8k_test_0057,train,retain,R_random,truthfulqa
pairs_arith_v2.csv,519,arithmetic,gsm8k_test_0058,train,remove,C0_exact,gsm8k_copy
pairs_arith_v2.csv,520,arithmetic,gsm8k_test_0058,train,remove,C1_transformed,lmsys_rephrase
pairs_arith_v2.csv,521,arithmetic,gsm8k_test_0058,train,remove,C2_answer_bearing,gsm8k_solution_frag
pairs_arith_v2.csv,522,arithmetic,gsm8k_test_0058,train,retain,H2_same_template,gsmplus_numerical_substitution
pairs_arith_v2.csv,523,arithmetic,gsm8k_test_0058,train,remove,C1_transformed,gsmplus_problem_understanding
pairs_arith_v2.csv,524,arithmetic,gsm8k_test_0058,train,retain,H2_same_template,gsmplus_critical_thinking
pairs_arith_v2.csv,525,arithmetic,gsm8k_test_0058,train,retain,H1_same_topic,svamp
pairs_arith_v2.csv,526,arithmetic,gsm8k_test_0058,train,retain,H3_predating,asdiv
pairs_arith_v2.csv,527,arithmetic,gsm8k_test_0058,train,retain,R_random,truthfulqa
pairs_arith_v2.csv,528,arithmetic,gsm8k_test_0059,train,remove,C0_exact,gsm8k_copy
pairs_arith_v2.csv,529,arithmetic,gsm8k_test_0059,train,remove,C1_transformed,lmsys_rephrase
pairs_arith_v2.csv,530,arithmetic,gsm8k_test_0059,train,remove,C2_answer_bearing,gsm8k_solution_frag
pairs_arith_v2.csv,531,arithmetic,gsm8k_test_0059,train,retain,H2_same_template,gsmplus_numerical_substitution
pairs_arith_v2.csv,532,arithmetic,gsm8k_test_0059,train,remove,C1_transformed,gsmplus_problem_understanding
pairs_arith_v2.csv,533,arithmetic,gsm8k_test_0059,train,retain,H2_same_template,gsmplus_critical_thinking
pairs_arith_v2.csv,534,arithmetic,gsm8k_test_0059,train,retain,H1_same_topic,svamp
pairs_arith_v2.csv,535,arithmetic,gsm8k_test_0059,train,retain,H3_predating,asdiv
pairs_arith_v2.csv,536,arithmetic,gsm8k_test_0059,train,retain,R_random,truthfulqa
pairs_arith_v2.csv,573,arithmetic,gsm8k_test_0064,train,remove,C0_exact,gsm8k_copy
pairs_arith_v2.csv,574,arithmetic,gsm8k_test_0064,train,remove,C1_transformed,lmsys_rephrase
pairs_arith_v2.csv,575,arithmetic,gsm8k_test_0064,train,remove,C2_answer_bearing,gsm8k_solution_frag
pairs_arith_v2.csv,576,arithmetic,gsm8k_test_0064,train,retain,H2_same_template,gsmplus_numerical_substitution
pairs_arith_v2.csv,577,arithmetic,gsm8k_test_0064,train,remove,C1_transformed,gsmplus_problem_understanding
pairs_arith_v2.csv,578,arithmetic,gsm8k_test_0064,train,retain,H2_same_template,gsmplus_critical_thinking
pairs_arith_v2.csv,579,arithmetic,gsm8k_test_0064,train,retain,H1_same_topic,svamp
pairs_arith_v2.csv,580,arithmetic,gsm8k_test_0064,train,retain,H3_predating,asdiv
pairs_arith_v2.csv,581,arithmetic,gsm8k_test_0064,train,retain,R_random,truthfulqa
pairs_arith_v2.csv,627,arithmetic,gsm8k_test_0070,train,remove,C0_exact,gsm8k_copy
pairs_arith_v2.csv,628,arithmetic,gsm8k_test_0070,train,remove,C1_transformed,lmsys_rephrase
pairs_arith_v2.csv,629,arithmetic,gsm8k_test_0070,train,remove,C2_answer_bearing,gsm8k_solution_frag
pairs_arith_v2.csv,630,arithmetic,gsm8k_test_0070,train,retain,H2_same_template,gsmplus_numerical_substitution
pairs_arith_v2.csv,631,arithmetic,gsm8k_test_0070,train,remove,C1_transformed,gsmplus_problem_understanding
pairs_arith_v2.csv,632,arithmetic,gsm8k_test_0070,train,retain,H2_same_template,gsmplus_critical_thinking
pairs_arith_v2.csv,633,arithmetic,gsm8k_test_0070,train,retain,H1_same_topic,svamp
pairs_arith_v2.csv,634,arithmetic,gsm8k_test_0070,train,retain,H3_predating,asdiv
pairs_arith_v2.csv,635,arithmetic,gsm8k_test_0070,train,retain,R_random,truthfulqa
pairs_arith_v2.csv,636,arithmetic,gsm8k_test_0071,train,remove,C0_exact,gsm8k_copy
pairs_arith_v2.csv,637,arithmetic,gsm8k_test_0071,train,remove,C1_transformed,lmsys_rephrase
pairs_arith_v2.csv,638,arithmetic,gsm8k_test_0071,train,remove,C2_answer_bearing,gsm8k_solution_frag
pairs_arith_v2.csv,639,arithmetic,gsm8k_test_0071,train,retain,H2_same_template,gsmplus_numerical_substitution
pairs_arith_v2.csv,640,arithmetic,gsm8k_test_0071,train,remove,C1_transformed,gsmplus_problem_understanding
pairs_arith_v2.csv,641,arithmetic,gsm8k_test_0071,train,retain,H2_same_template,gsmplus_critical_thinking
pairs_arith_v2.csv,642,arithmetic,gsm8k_test_0071,train,retain,H1_same_topic,svamp
pairs_arith_v2.csv,643,arithmetic,gsm8k_test_0071,train,retain,H3_predating,asdiv
pairs_arith_v2.csv,644,arithmetic,gsm8k_test_0071,train,retain,R_random,truthfulqa
pairs_arith_v2.csv,654,arithmetic,gsm8k_test_0073,train,remove,C0_exact,gsm8k_copy
pairs_arith_v2.csv,655,arithmetic,gsm8k_test_0073,train,remove,C1_transformed,lmsys_rephrase
pairs_arith_v2.csv,656,arithmetic,gsm8k_test_0073,train,remove,C2_answer_bearing,gsm8k_solution_frag
pairs_arith_v2.csv,657,arithmetic,gsm8k_test_0073,train,retain,H2_same_template,gsmplus_numerical_substitution
pairs_arith_v2.csv,658,arithmetic,gsm8k_test_0073,train,remove,C1_transformed,gsmplus_problem_understanding
pairs_arith_v2.csv,659,arithmetic,gsm8k_test_0073,train,retain,H2_same_template,gsmplus_critical_thinking
pairs_arith_v2.csv,660,arithmetic,gsm8k_test_0073,train,retain,H1_same_topic,svamp
pairs_arith_v2.csv,661,arithmetic,gsm8k_test_0073,train,retain,H3_predating,asdiv
pairs_arith_v2.csv,662,arithmetic,gsm8k_test_0073,train,retain,R_random,truthfulqa
pairs_arith_v2.csv,672,arithmetic,gsm8k_test_0075,train,remove,C0_exact,gsm8k_copy
pairs_arith_v2.csv,673,arithmetic,gsm8k_test_0075,train,remove,C1_transformed,lmsys_rephrase
pairs_arith_v2.csv,674,arithmetic,gsm8k_test_0075,train,remove,C2_answer_bearing,gsm8k_solution_frag
pairs_arith_v2.csv,675,arithmetic,gsm8k_test_0075,train,retain,H2_same_template,gsmplus_numerical_substitution
pairs_arith_v2.csv,676,arithmetic,gsm8k_test_0075,train,remove,C1_transformed,gsmplus_problem_understanding
pairs_arith_v2.csv,677,arithmetic,gsm8k_test_0075,train,retain,H2_same_template,gsmplus_critical_thinking
pairs_arith_v2.csv,678,arithmetic,gsm8k_test_0075,train,retain,H1_same_topic,svamp
pairs_arith_v2.csv,679,arithmetic,gsm8k_test_0075,train,retain,H3_predating,asdiv
pairs_arith_v2.csv,680,arithmetic,gsm8k_test_0075,train,retain,R_random,truthfulqa
pairs_arith_v2.csv,681,arithmetic,gsm8k_test_0076,train,remove,C0_exact,gsm8k_copy
pairs_arith_v2.csv,682,arithmetic,gsm8k_test_0076,train,remove,C1_transformed,lmsys_rephrase
pairs_arith_v2.csv,683,arithmetic,gsm8k_test_0076,train,remove,C2_answer_bearing,gsm8k_solution_frag
pairs_arith_v2.csv,684,arithmetic,gsm8k_test_0076,train,retain,H2_same_template,gsmplus_numerical_substitution
pairs_arith_v2.csv,685,arithmetic,gsm8k_test_0076,train,remove,C1_transformed,gsmplus_problem_understanding
pairs_arith_v2.csv,686,arithmetic,gsm8k_test_0076,train,retain,H2_same_template,gsmplus_critical_thinking
pairs_arith_v2.csv,687,arithmetic,gsm8k_test_0076,train,retain,H1_same_topic,svamp
pairs_arith_v2.csv,688,arithmetic,gsm8k_test_0076,train,retain,H3_predating,asdiv
pairs_arith_v2.csv,689,arithmetic,gsm8k_test_0076,train,retain,R_random,truthfulqa
pairs_arith_v2.csv,708,arithmetic,gsm8k_test_0079,train,remove,C0_exact,gsm8k_copy
pairs_arith_v2.csv,709,arithmetic,gsm8k_test_0079,train,remove,C1_transformed,lmsys_rephrase
pairs_arith_v2.csv,710,arithmetic,gsm8k_test_0079,train,remove,C2_answer_bearing,gsm8k_solution_frag
pairs_arith_v2.csv,711,arithmetic,gsm8k_test_0079,train,retain,H2_same_template,gsmplus_numerical_substitution
pairs_arith_v2.csv,712,arithmetic,gsm8k_test_0079,train,remove,C1_transformed,gsmplus_problem_understanding
pairs_arith_v2.csv,713,arithmetic,gsm8k_test_0079,train,retain,H2_same_template,gsmplus_critical_thinking
pairs_arith_v2.csv,714,arithmetic,gsm8k_test_0079,train,retain,H1_same_topic,svamp
pairs_arith_v2.csv,715,arithmetic,gsm8k_test_0079,train,retain,H3_predating,asdiv
pairs_arith_v2.csv,716,arithmetic,gsm8k_test_0079,train,retain,R_random,truthfulqa
pairs_arith_v2.csv,717,arithmetic,gsm8k_test_0080,train,remove,C0_exact,gsm8k_copy
pairs_arith_v2.csv,718,arithmetic,gsm8k_test_0080,train,remove,C1_transformed,lmsys_rephrase
pairs_arith_v2.csv,719,arithmetic,gsm8k_test_0080,train,remove,C2_answer_bearing,gsm8k_solution_frag
pairs_arith_v2.csv,720,arithmetic,gsm8k_test_0080,train,retain,H2_same_template,gsmplus_numerical_substitution
pairs_arith_v2.csv,721,arithmetic,gsm8k_test_0080,train,remove,C1_transformed,gsmplus_problem_understanding
pairs_arith_v2.csv,722,arithmetic,gsm8k_test_0080,train,retain,H2_same_template,gsmplus_critical_thinking
pairs_arith_v2.csv,723,arithmetic,gsm8k_test_0080,train,retain,H1_same_topic,svamp
pairs_arith_v2.csv,724,arithmetic,gsm8k_test_0080,train,retain,H3_predating,asdiv
pairs_arith_v2.csv,725,arithmetic,gsm8k_test_0080,train,retain,R_random,truthfulqa
pairs_arith_v2.csv,726,arithmetic,gsm8k_test_0081,train,remove,C0_exact,gsm8k_copy
pairs_arith_v2.csv,727,arithmetic,gsm8k_test_0081,train,remove,C1_transformed,lmsys_rephrase
pairs_arith_v2.csv,728,arithmetic,gsm8k_test_0081,train,remove,C2_answer_bearing,gsm8k_solution_frag
pairs_arith_v2.csv,729,arithmetic,gsm8k_test_0081,train,retain,H2_same_template,gsmplus_numerical_substitution
pairs_arith_v2.csv,730,arithmetic,gsm8k_test_0081,train,remove,C1_transformed,gsmplus_problem_understanding
pairs_arith_v2.csv,731,arithmetic,gsm8k_test_0081,train,retain,H2_same_template,gsmplus_critical_thinking
pairs_arith_v2.csv,732,arithmetic,gsm8k_test_0081,train,retain,H1_same_topic,svamp
pairs_arith_v2.csv,733,arithmetic,gsm8k_test_0081,train,retain,H3_predating,asdiv
pairs_arith_v2.csv,734,arithmetic,gsm8k_test_0081,train,retain,R_random,truthfulqa
pairs_arith_v2.csv,771,arithmetic,gsm8k_test_0086,train,remove,C0_exact,gsm8k_copy
pairs_arith_v2.csv,772,arithmetic,gsm8k_test_0086,train,remove,C1_transformed,lmsys_rephrase
pairs_arith_v2.csv,773,arithmetic,gsm8k_test_0086,train,remove,C2_answer_bearing,gsm8k_solution_frag
pairs_arith_v2.csv,774,arithmetic,gsm8k_test_0086,train,retain,H2_same_template,gsmplus_numerical_substitution
pairs_arith_v2.csv,775,arithmetic,gsm8k_test_0086,train,remove,C1_transformed,gsmplus_problem_understanding
pairs_arith_v2.csv,776,arithmetic,gsm8k_test_0086,train,retain,H2_same_template,gsmplus_critical_thinking
pairs_arith_v2.csv,777,arithmetic,gsm8k_test_0086,train,retain,H1_same_topic,svamp
pairs_arith_v2.csv,778,arithmetic,gsm8k_test_0086,train,retain,H3_predating,asdiv
pairs_arith_v2.csv,779,arithmetic,gsm8k_test_0086,train,retain,R_random,truthfulqa
pairs_arith_v2.csv,789,arithmetic,gsm8k_test_0088,train,remove,C0_exact,gsm8k_copy
pairs_arith_v2.csv,790,arithmetic,gsm8k_test_0088,train,remove,C1_transformed,lmsys_rephrase
pairs_arith_v2.csv,791,arithmetic,gsm8k_test_0088,train,remove,C2_answer_bearing,gsm8k_solution_frag
pairs_arith_v2.csv,792,arithmetic,gsm8k_test_0088,train,retain,H2_same_template,gsmplus_numerical_substitution
pairs_arith_v2.csv,793,arithmetic,gsm8k_test_0088,train,remove,C1_transformed,gsmplus_problem_understanding
pairs_arith_v2.csv,794,arithmetic,gsm8k_test_0088,train,retain,H2_same_template,gsmplus_critical_thinking
pairs_arith_v2.csv,795,arithmetic,gsm8k_test_0088,train,retain,H1_same_topic,svamp
pairs_arith_v2.csv,796,arithmetic,gsm8k_test_0088,train,retain,H3_predating,asdiv
pairs_arith_v2.csv,797,arithmetic,gsm8k_test_0088,train,retain,R_random,truthfulqa
pairs_arith_v2.csv,816,arithmetic,gsm8k_test_0091,train,remove,C0_exact,gsm8k_copy
pairs_arith_v2.csv,817,arithmetic,gsm8k_test_0091,train,remove,C1_transformed,lmsys_rephrase
pairs_arith_v2.csv,818,arithmetic,gsm8k_test_0091,train,remove,C2_answer_bearing,gsm8k_solution_frag
pairs_arith_v2.csv,819,arithmetic,gsm8k_test_0091,train,retain,H2_same_template,gsmplus_numerical_substitution
pairs_arith_v2.csv,820,arithmetic,gsm8k_test_0091,train,remove,C1_transformed,gsmplus_problem_understanding
pairs_arith_v2.csv,821,arithmetic,gsm8k_test_0091,train,retain,H2_same_template,gsmplus_critical_thinking
pairs_arith_v2.csv,822,arithmetic,gsm8k_test_0091,train,retain,H1_same_topic,svamp
pairs_arith_v2.csv,823,arithmetic,gsm8k_test_0091,train,retain,H3_predating,asdiv
pairs_arith_v2.csv,824,arithmetic,gsm8k_test_0091,train,retain,R_random,truthfulqa
pairs_arith_v2.csv,861,arithmetic,gsm8k_test_0096,train,remove,C0_exact,gsm8k_copy
pairs_arith_v2.csv,862,arithmetic,gsm8k_test_0096,train,remove,C1_transformed,lmsys_rephrase
pairs_arith_v2.csv,863,arithmetic,gsm8k_test_0096,train,remove,C2_answer_bearing,gsm8k_solution_frag
pairs_arith_v2.csv,864,arithmetic,gsm8k_test_0096,train,retain,H2_same_template,gsmplus_numerical_substitution
pairs_arith_v2.csv,865,arithmetic,gsm8k_test_0096,train,remove,C1_transformed,gsmplus_problem_understanding
pairs_arith_v2.csv,866,arithmetic,gsm8k_test_0096,train,retain,H2_same_template,gsmplus_critical_thinking
pairs_arith_v2.csv,867,arithmetic,gsm8k_test_0096,train,retain,H1_same_topic,svamp
pairs_arith_v2.csv,868,arithmetic,gsm8k_test_0096,train,retain,H3_predating,asdiv
pairs_arith_v2.csv,869,arithmetic,gsm8k_test_0096,train,retain,R_random,truthfulqa
pairs_arith_v2.csv,879,arithmetic,gsm8k_test_0098,train,remove,C0_exact,gsm8k_copy
pairs_arith_v2.csv,880,arithmetic,gsm8k_test_0098,train,remove,C1_transformed,lmsys_rephrase
pairs_arith_v2.csv,881,arithmetic,gsm8k_test_0098,train,remove,C2_answer_bearing,gsm8k_solution_frag
pairs_arith_v2.csv,882,arithmetic,gsm8k_test_0098,train,retain,H2_same_template,gsmplus_numerical_substitution
pairs_arith_v2.csv,883,arithmetic,gsm8k_test_0098,train,remove,C1_transformed,gsmplus_problem_understanding
pairs_arith_v2.csv,884,arithmetic,gsm8k_test_0098,train,retain,H2_same_template,gsmplus_critical_thinking
pairs_arith_v2.csv,885,arithmetic,gsm8k_test_0098,train,retain,H1_same_topic,svamp
pairs_arith_v2.csv,886,arithmetic,gsm8k_test_0098,train,retain,H3_predating,asdiv
pairs_arith_v2.csv,887,arithmetic,gsm8k_test_0098,train,retain,R_random,truthfulqa
pairs_arith_v2.csv,914,arithmetic,gsm8k_test_0102,train,remove,C0_exact,gsm8k_copy
pairs_arith_v2.csv,915,arithmetic,gsm8k_test_0102,train,remove,C1_transformed,lmsys_rephrase
pairs_arith_v2.csv,916,arithmetic,gsm8k_test_0102,train,remove,C2_answer_bearing,gsm8k_solution_frag
pairs_arith_v2.csv,917,arithmetic,gsm8k_test_0102,train,retain,H2_same_template,gsmplus_numerical_substitution
pairs_arith_v2.csv,918,arithmetic,gsm8k_test_0102,train,remove,C1_transformed,gsmplus_problem_understanding
pairs_arith_v2.csv,919,arithmetic,gsm8k_test_0102,train,retain,H2_same_template,gsmplus_critical_thinking
pairs_arith_v2.csv,920,arithmetic,gsm8k_test_0102,train,retain,H1_same_topic,svamp
pairs_arith_v2.csv,921,arithmetic,gsm8k_test_0102,train,retain,H3_predating,asdiv
pairs_arith_v2.csv,922,arithmetic,gsm8k_test_0102,train,retain,R_random,truthfulqa
pairs_arith_v2.csv,932,arithmetic,gsm8k_test_0104,train,remove,C0_exact,gsm8k_copy
pairs_arith_v2.csv,933,arithmetic,gsm8k_test_0104,train,remove,C1_transformed,lmsys_rephrase
pairs_arith_v2.csv,934,arithmetic,gsm8k_test_0104,train,remove,C2_answer_bearing,gsm8k_solution_frag
pairs_arith_v2.csv,935,arithmetic,gsm8k_test_0104,train,retain,H2_same_template,gsmplus_numerical_substitution
pairs_arith_v2.csv,936,arithmetic,gsm8k_test_0104,train,remove,C1_transformed,gsmplus_problem_understanding
pairs_arith_v2.csv,937,arithmetic,gsm8k_test_0104,train,retain,H2_same_template,gsmplus_critical_thinking
pairs_arith_v2.csv,938,arithmetic,gsm8k_test_0104,train,retain,H1_same_topic,svamp
pairs_arith_v2.csv,939,arithmetic,gsm8k_test_0104,train,retain,H3_predating,asdiv
pairs_arith_v2.csv,940,arithmetic,gsm8k_test_0104,train,retain,R_random,truthfulqa
pairs_arith_v2.csv,950,arithmetic,gsm8k_test_0106,train,remove,C0_exact,gsm8k_copy
pairs_arith_v2.csv,951,arithmetic,gsm8k_test_0106,train,remove,C1_transformed,lmsys_rephrase
pairs_arith_v2.csv,952,arithmetic,gsm8k_test_0106,train,remove,C2_answer_bearing,gsm8k_solution_frag
pairs_arith_v2.csv,953,arithmetic,gsm8k_test_0106,train,retain,H2_same_template,gsmplus_numerical_substitution
pairs_arith_v2.csv,954,arithmetic,gsm8k_test_0106,train,remove,C1_transformed,gsmplus_problem_understanding
pairs_arith_v2.csv,955,arithmetic,gsm8k_test_0106,train,retain,H2_same_template,gsmplus_critical_thinking
pairs_arith_v2.csv,956,arithmetic,gsm8k_test_0106,train,retain,H1_same_topic,svamp
pairs_arith_v2.csv,957,arithmetic,gsm8k_test_0106,train,retain,H3_predating,asdiv
pairs_arith_v2.csv,958,arithmetic,gsm8k_test_0106,train,retain,R_random,truthfulqa
pairs_arith_v2.csv,977,arithmetic,gsm8k_test_0109,train,remove,C0_exact,gsm8k_copy
pairs_arith_v2.csv,978,arithmetic,gsm8k_test_0109,train,remove,C1_transformed,lmsys_rephrase
pairs_arith_v2.csv,979,arithmetic,gsm8k_test_0109,train,remove,C2_answer_bearing,gsm8k_solution_frag
pairs_arith_v2.csv,980,arithmetic,gsm8k_test_0109,train,retain,H2_same_template,gsmplus_numerical_substitution
pairs_arith_v2.csv,981,arithmetic,gsm8k_test_0109,train,remove,C1_transformed,gsmplus_problem_understanding
pairs_arith_v2.csv,982,arithmetic,gsm8k_test_0109,train,retain,H2_same_template,gsmplus_critical_thinking
pairs_arith_v2.csv,983,arithmetic,gsm8k_test_0109,train,retain,H1_same_topic,svamp
pairs_arith_v2.csv,984,arithmetic,gsm8k_test_0109,train,retain,H3_predating,asdiv
pairs_arith_v2.csv,985,arithmetic,gsm8k_test_0109,train,retain,R_random,truthfulqa
pairs_arith_v2.csv,1022,arithmetic,gsm8k_test_0114,train,remove,C0_exact,gsm8k_copy
pairs_arith_v2.csv,1023,arithmetic,gsm8k_test_0114,train,remove,C1_transformed,lmsys_rephrase
pairs_arith_v2.csv,1024,arithmetic,gsm8k_test_0114,train,remove,C2_answer_bearing,gsm8k_solution_frag
pairs_arith_v2.csv,1025,arithmetic,gsm8k_test_0114,train,retain,H2_same_template,gsmplus_numerical_substitution
pairs_arith_v2.csv,1026,arithmetic,gsm8k_test_0114,train,remove,C1_transformed,gsmplus_problem_understanding
pairs_arith_v2.csv,1027,arithmetic,gsm8k_test_0114,train,retain,H2_same_template,gsmplus_critical_thinking
pairs_arith_v2.csv,1028,arithmetic,gsm8k_test_0114,train,retain,H1_same_topic,svamp
pairs_arith_v2.csv,1029,arithmetic,gsm8k_test_0114,train,retain,H3_predating,asdiv
pairs_arith_v2.csv,1030,arithmetic,gsm8k_test_0114,train,retain,R_random,truthfulqa
pairs_arith_v2.csv,1076,arithmetic,gsm8k_test_0120,train,remove,C0_exact,gsm8k_copy
pairs_arith_v2.csv,1077,arithmetic,gsm8k_test_0120,train,remove,C1_transformed,lmsys_rephrase
pairs_arith_v2.csv,1078,arithmetic,gsm8k_test_0120,train,remove,C2_answer_bearing,gsm8k_solution_frag
pairs_arith_v2.csv,1079,arithmetic,gsm8k_test_0120,train,retain,H2_same_template,gsmplus_numerical_substitution
pairs_arith_v2.csv,1080,arithmetic,gsm8k_test_0120,train,remove,C1_transformed,gsmplus_problem_understanding
pairs_arith_v2.csv,1081,arithmetic,gsm8k_test_0120,train,retain,H2_same_template,gsmplus_critical_thinking
pairs_arith_v2.csv,1082,arithmetic,gsm8k_test_0120,train,retain,H1_same_topic,svamp
pairs_arith_v2.csv,1083,arithmetic,gsm8k_test_0120,train,retain,H3_predating,asdiv
pairs_arith_v2.csv,1084,arithmetic,gsm8k_test_0120,train,retain,R_random,truthfulqa
pairs_arith_v2.csv,1094,arithmetic,gsm8k_test_0122,train,remove,C0_exact,gsm8k_copy
pairs_arith_v2.csv,1095,arithmetic,gsm8k_test_0122,train,remove,C1_transformed,lmsys_rephrase
pairs_arith_v2.csv,1096,arithmetic,gsm8k_test_0122,train,remove,C2_answer_bearing,gsm8k_solution_frag
pairs_arith_v2.csv,1097,arithmetic,gsm8k_test_0122,train,retain,H2_same_template,gsmplus_numerical_substitution
pairs_arith_v2.csv,1098,arithmetic,gsm8k_test_0122,train,remove,C1_transformed,gsmplus_problem_understanding
pairs_arith_v2.csv,1099,arithmetic,gsm8k_test_0122,train,retain,H2_same_template,gsmplus_critical_thinking
pairs_arith_v2.csv,1100,arithmetic,gsm8k_test_0122,train,retain,H1_same_topic,svamp
pairs_arith_v2.csv,1101,arithmetic,gsm8k_test_0122,train,retain,H3_predating,asdiv
pairs_arith_v2.csv,1102,arithmetic,gsm8k_test_0122,train,retain,R_random,truthfulqa
pairs_arith_v2.csv,1120,arithmetic,gsm8k_test_0125,train,remove,C0_exact,gsm8k_copy
pairs_arith_v2.csv,1121,arithmetic,gsm8k_test_0125,train,remove,C1_transformed,lmsys_rephrase
pairs_arith_v2.csv,1122,arithmetic,gsm8k_test_0125,train,remove,C2_answer_bearing,gsm8k_solution_frag
pairs_arith_v2.csv,1123,arithmetic,gsm8k_test_0125,train,retain,H2_same_template,gsmplus_numerical_substitution
pairs_arith_v2.csv,1124,arithmetic,gsm8k_test_0125,train,remove,C1_transformed,gsmplus_problem_understanding
pairs_arith_v2.csv,1125,arithmetic,gsm8k_test_0125,train,retain,H2_same_template,gsmplus_critical_thinking
pairs_arith_v2.csv,1126,arithmetic,gsm8k_test_0125,train,retain,H1_same_topic,svamp
pairs_arith_v2.csv,1127,arithmetic,gsm8k_test_0125,train,retain,H3_predating,asdiv
pairs_arith_v2.csv,1128,arithmetic,gsm8k_test_0125,train,retain,R_random,truthfulqa
pairs_arith_v2.csv,1147,arithmetic,gsm8k_test_0128,train,remove,C0_exact,gsm8k_copy
pairs_arith_v2.csv,1148,arithmetic,gsm8k_test_0128,train,remove,C1_transformed,lmsys_rephrase
pairs_arith_v2.csv,1149,arithmetic,gsm8k_test_0128,train,remove,C2_answer_bearing,gsm8k_solution_frag
pairs_arith_v2.csv,1150,arithmetic,gsm8k_test_0128,train,retain,H2_same_template,gsmplus_numerical_substitution
pairs_arith_v2.csv,1151,arithmetic,gsm8k_test_0128,train,remove,C1_transformed,gsmplus_problem_understanding
pairs_arith_v2.csv,1152,arithmetic,gsm8k_test_0128,train,retain,H2_same_template,gsmplus_critical_thinking
pairs_arith_v2.csv,1153,arithmetic,gsm8k_test_0128,train,retain,H1_same_topic,svamp
pairs_arith_v2.csv,1154,arithmetic,gsm8k_test_0128,train,retain,H3_predating,asdiv
pairs_arith_v2.csv,1155,arithmetic,gsm8k_test_0128,train,retain,R_random,truthfulqa
pairs_arith_v2.csv,1165,arithmetic,gsm8k_test_0130,train,remove,C0_exact,gsm8k_copy
pairs_arith_v2.csv,1166,arithmetic,gsm8k_test_0130,train,remove,C1_transformed,lmsys_rephrase
pairs_arith_v2.csv,1167,arithmetic,gsm8k_test_0130,train,remove,C2_answer_bearing,gsm8k_solution_frag
pairs_arith_v2.csv,1168,arithmetic,gsm8k_test_0130,train,retain,H2_same_template,gsmplus_numerical_substitution
pairs_arith_v2.csv,1169,arithmetic,gsm8k_test_0130,train,remove,C1_transformed,gsmplus_problem_understanding
pairs_arith_v2.csv,1170,arithmetic,gsm8k_test_0130,train,retain,H2_same_template,gsmplus_critical_thinking
pairs_arith_v2.csv,1171,arithmetic,gsm8k_test_0130,train,retain,H1_same_topic,svamp
pairs_arith_v2.csv,1172,arithmetic,gsm8k_test_0130,train,retain,H3_predating,asdiv
pairs_arith_v2.csv,1173,arithmetic,gsm8k_test_0130,train,retain,R_random,truthfulqa
pairs_arith_v2.csv,1174,arithmetic,gsm8k_test_0131,train,remove,C0_exact,gsm8k_copy
pairs_arith_v2.csv,1175,arithmetic,gsm8k_test_0131,train,remove,C1_transformed,lmsys_rephrase
pairs_arith_v2.csv,1176,arithmetic,gsm8k_test_0131,train,remove,C2_answer_bearing,gsm8k_solution_frag
pairs_arith_v2.csv,1177,arithmetic,gsm8k_test_0131,train,retain,H2_same_template,gsmplus_numerical_substitution
pairs_arith_v2.csv,1178,arithmetic,gsm8k_test_0131,train,remove,C1_transformed,gsmplus_problem_understanding
pairs_arith_v2.csv,1179,arithmetic,gsm8k_test_0131,train,retain,H2_same_template,gsmplus_critical_thinking
pairs_arith_v2.csv,1180,arithmetic,gsm8k_test_0131,train,retain,H1_same_topic,svamp
pairs_arith_v2.csv,1181,arithmetic,gsm8k_test_0131,train,retain,H3_predating,asdiv
pairs_arith_v2.csv,1182,arithmetic,gsm8k_test_0131,train,retain,R_random,truthfulqa
pairs_arith_v2.csv,1208,arithmetic,gsm8k_test_0135,train,remove,C0_exact,gsm8k_copy
pairs_arith_v2.csv,1209,arithmetic,gsm8k_test_0135,train,remove,C1_transformed,lmsys_rephrase
pairs_arith_v2.csv,1210,arithmetic,gsm8k_test_0135,train,remove,C2_answer_bearing,gsm8k_solution_frag
pairs_arith_v2.csv,1211,arithmetic,gsm8k_test_0135,train,retain,H2_same_template,gsmplus_numerical_substitution
pairs_arith_v2.csv,1212,arithmetic,gsm8k_test_0135,train,remove,C1_transformed,gsmplus_problem_understanding
pairs_arith_v2.csv,1213,arithmetic,gsm8k_test_0135,train,retain,H2_same_template,gsmplus_critical_thinking
pairs_arith_v2.csv,1214,arithmetic,gsm8k_test_0135,train,retain,H1_same_topic,svamp
pairs_arith_v2.csv,1215,arithmetic,gsm8k_test_0135,train,retain,H3_predating,asdiv
pairs_arith_v2.csv,1216,arithmetic,gsm8k_test_0135,train,retain,R_random,truthfulqa
pairs_arith_v2.csv,1217,arithmetic,gsm8k_test_0136,train,remove,C0_exact,gsm8k_copy
pairs_arith_v2.csv,1218,arithmetic,gsm8k_test_0136,train,remove,C1_transformed,lmsys_rephrase
pairs_arith_v2.csv,1219,arithmetic,gsm8k_test_0136,train,remove,C2_answer_bearing,gsm8k_solution_frag
pairs_arith_v2.csv,1220,arithmetic,gsm8k_test_0136,train,remove,C1_transformed,gsmplus_problem_understanding
pairs_arith_v2.csv,1221,arithmetic,gsm8k_test_0136,train,retain,H2_same_template,gsmplus_critical_thinking
pairs_arith_v2.csv,1222,arithmetic,gsm8k_test_0136,train,retain,H1_same_topic,svamp
pairs_arith_v2.csv,1223,arithmetic,gsm8k_test_0136,train,retain,H3_predating,asdiv
pairs_arith_v2.csv,1224,arithmetic,gsm8k_test_0136,train,retain,R_random,truthfulqa
pairs_arith_v2.csv,1225,arithmetic,gsm8k_test_0137,train,remove,C0_exact,gsm8k_copy
pairs_arith_v2.csv,1226,arithmetic,gsm8k_test_0137,train,remove,C1_transformed,lmsys_rephrase
pairs_arith_v2.csv,1227,arithmetic,gsm8k_test_0137,train,remove,C2_answer_bearing,gsm8k_solution_frag
pairs_arith_v2.csv,1228,arithmetic,gsm8k_test_0137,train,retain,H2_same_template,gsmplus_numerical_substitution
pairs_arith_v2.csv,1229,arithmetic,gsm8k_test_0137,train,remove,C1_transformed,gsmplus_problem_understanding
pairs_arith_v2.csv,1230,arithmetic,gsm8k_test_0137,train,retain,H2_same_template,gsmplus_critical_thinking
pairs_arith_v2.csv,1231,arithmetic,gsm8k_test_0137,train,retain,H1_same_topic,svamp
pairs_arith_v2.csv,1232,arithmetic,gsm8k_test_0137,train,retain,H3_predating,asdiv
pairs_arith_v2.csv,1233,arithmetic,gsm8k_test_0137,train,retain,R_random,truthfulqa
pairs_arith_v2.csv,1243,arithmetic,gsm8k_test_0139,train,remove,C0_exact,gsm8k_copy
pairs_arith_v2.csv,1244,arithmetic,gsm8k_test_0139,train,remove,C1_transformed,lmsys_rephrase
pairs_arith_v2.csv,1245,arithmetic,gsm8k_test_0139,train,remove,C2_answer_bearing,gsm8k_solution_frag
pairs_arith_v2.csv,1246,arithmetic,gsm8k_test_0139,train,retain,H2_same_template,gsmplus_numerical_substitution
pairs_arith_v2.csv,1247,arithmetic,gsm8k_test_0139,train,remove,C1_transformed,gsmplus_problem_understanding
pairs_arith_v2.csv,1248,arithmetic,gsm8k_test_0139,train,retain,H2_same_template,gsmplus_critical_thinking
pairs_arith_v2.csv,1249,arithmetic,gsm8k_test_0139,train,retain,H1_same_topic,svamp
pairs_arith_v2.csv,1250,arithmetic,gsm8k_test_0139,train,retain,H3_predating,asdiv
pairs_arith_v2.csv,1251,arithmetic,gsm8k_test_0139,train,retain,R_random,truthfulqa
pairs_arith_v2.csv,1252,arithmetic,gsm8k_test_0140,train,remove,C0_exact,gsm8k_copy
pairs_arith_v2.csv,1253,arithmetic,gsm8k_test_0140,train,remove,C1_transformed,lmsys_rephrase
pairs_arith_v2.csv,1254,arithmetic,gsm8k_test_0140,train,remove,C2_answer_bearing,gsm8k_solution_frag
pairs_arith_v2.csv,1255,arithmetic,gsm8k_test_0140,train,remove,C1_transformed,gsmplus_problem_understanding
pairs_arith_v2.csv,1256,arithmetic,gsm8k_test_0140,train,retain,H2_same_template,gsmplus_critical_thinking
pairs_arith_v2.csv,1257,arithmetic,gsm8k_test_0140,train,retain,H1_same_topic,svamp
pairs_arith_v2.csv,1258,arithmetic,gsm8k_test_0140,train,retain,H3_predating,asdiv
pairs_arith_v2.csv,1259,arithmetic,gsm8k_test_0140,train,retain,R_random,truthfulqa
pairs_arith_v2.csv,1260,arithmetic,gsm8k_test_0141,train,remove,C0_exact,gsm8k_copy
pairs_arith_v2.csv,1261,arithmetic,gsm8k_test_0141,train,remove,C1_transformed,lmsys_rephrase
pairs_arith_v2.csv,1262,arithmetic,gsm8k_test_0141,train,remove,C2_answer_bearing,gsm8k_solution_frag
pairs_arith_v2.csv,1263,arithmetic,gsm8k_test_0141,train,retain,H2_same_template,gsmplus_numerical_substitution
pairs_arith_v2.csv,1264,arithmetic,gsm8k_test_0141,train,remove,C1_transformed,gsmplus_problem_understanding
pairs_arith_v2.csv,1265,arithmetic,gsm8k_test_0141,train,retain,H2_same_template,gsmplus_critical_thinking
pairs_arith_v2.csv,1266,arithmetic,gsm8k_test_0141,train,retain,H1_same_topic,svamp
pairs_arith_v2.csv,1267,arithmetic,gsm8k_test_0141,train,retain,H3_predating,asdiv
pairs_arith_v2.csv,1268,arithmetic,gsm8k_test_0141,train,retain,R_random,truthfulqa
pairs_arith_v2.csv,1269,arithmetic,gsm8k_test_0142,train,remove,C0_exact,gsm8k_copy
pairs_arith_v2.csv,1270,arithmetic,gsm8k_test_0142,train,remove,C1_transformed,lmsys_rephrase
pairs_arith_v2.csv,1271,arithmetic,gsm8k_test_0142,train,remove,C2_answer_bearing,gsm8k_solution_frag
pairs_arith_v2.csv,1272,arithmetic,gsm8k_test_0142,train,retain,H2_same_template,gsmplus_numerical_substitution
pairs_arith_v2.csv,1273,arithmetic,gsm8k_test_0142,train,remove,C1_transformed,gsmplus_problem_understanding
pairs_arith_v2.csv,1274,arithmetic,gsm8k_test_0142,train,retain,H2_same_template,gsmplus_critical_thinking
pairs_arith_v2.csv,1275,arithmetic,gsm8k_test_0142,train,retain,H1_same_topic,svamp
pairs_arith_v2.csv,1276,arithmetic,gsm8k_test_0142,train,retain,H3_predating,asdiv
pairs_arith_v2.csv,1277,arithmetic,gsm8k_test_0142,train,retain,R_random,truthfulqa
pairs_arith_v2.csv,1278,arithmetic,gsm8k_test_0143,train,remove,C0_exact,gsm8k_copy
pairs_arith_v2.csv,1279,arithmetic,gsm8k_test_0143,train,remove,C1_transformed,lmsys_rephrase
pairs_arith_v2.csv,1280,arithmetic,gsm8k_test_0143,train,remove,C2_answer_bearing,gsm8k_solution_frag
pairs_arith_v2.csv,1281,arithmetic,gsm8k_test_0143,train,retain,H2_same_template,gsmplus_numerical_substitution
pairs_arith_v2.csv,1282,arithmetic,gsm8k_test_0143,train,remove,C1_transformed,gsmplus_problem_understanding
pairs_arith_v2.csv,1283,arithmetic,gsm8k_test_0143,train,retain,H2_same_template,gsmplus_critical_thinking
pairs_arith_v2.csv,1284,arithmetic,gsm8k_test_0143,train,retain,H1_same_topic,svamp
pairs_arith_v2.csv,1285,arithmetic,gsm8k_test_0143,train,retain,H3_predating,asdiv
pairs_arith_v2.csv,1286,arithmetic,gsm8k_test_0143,train,retain,R_random,truthfulqa
pairs_arith_v2.csv,1296,arithmetic,gsm8k_test_0145,train,remove,C0_exact,gsm8k_copy
pairs_arith_v2.csv,1297,arithmetic,gsm8k_test_0145,train,remove,C1_transformed,lmsys_rephrase
pairs_arith_v2.csv,1298,arithmetic,gsm8k_test_0145,train,remove,C2_answer_bearing,gsm8k_solution_frag
pairs_arith_v2.csv,1299,arithmetic,gsm8k_test_0145,train,retain,H2_same_template,gsmplus_numerical_substitution
pairs_arith_v2.csv,1300,arithmetic,gsm8k_test_0145,train,remove,C1_transformed,gsmplus_problem_understanding
pairs_arith_v2.csv,1301,arithmetic,gsm8k_test_0145,train,retain,H2_same_template,gsmplus_critical_thinking
pairs_arith_v2.csv,1302,arithmetic,gsm8k_test_0145,train,retain,H1_same_topic,svamp
pairs_arith_v2.csv,1303,arithmetic,gsm8k_test_0145,train,retain,H3_predating,asdiv
pairs_arith_v2.csv,1304,arithmetic,gsm8k_test_0145,train,retain,R_random,truthfulqa
pairs_arith_v2.csv,1305,arithmetic,gsm8k_test_0146,train,remove,C0_exact,gsm8k_copy
pairs_arith_v2.csv,1306,arithmetic,gsm8k_test_0146,train,remove,C1_transformed,lmsys_rephrase
pairs_arith_v2.csv,1307,arithmetic,gsm8k_test_0146,train,remove,C2_answer_bearing,gsm8k_solution_frag
pairs_arith_v2.csv,1308,arithmetic,gsm8k_test_0146,train,retain,H2_same_template,gsmplus_numerical_substitution
pairs_arith_v2.csv,1309,arithmetic,gsm8k_test_0146,train,remove,C1_transformed,gsmplus_problem_understanding
pairs_arith_v2.csv,1310,arithmetic,gsm8k_test_0146,train,retain,H2_same_template,gsmplus_critical_thinking
pairs_arith_v2.csv,1311,arithmetic,gsm8k_test_0146,train,retain,H1_same_topic,svamp
pairs_arith_v2.csv,1312,arithmetic,gsm8k_test_0146,train,retain,H3_predating,asdiv
pairs_arith_v2.csv,1313,arithmetic,gsm8k_test_0146,train,retain,R_random,truthfulqa
pairs_arith_v2.csv,1349,arithmetic,gsm8k_test_0151,train,remove,C0_exact,gsm8k_copy
pairs_arith_v2.csv,1350,arithmetic,gsm8k_test_0151,train,remove,C1_transformed,lmsys_rephrase
pairs_arith_v2.csv,1351,arithmetic,gsm8k_test_0151,train,remove,C2_answer_bearing,gsm8k_solution_frag
pairs_arith_v2.csv,1352,arithmetic,gsm8k_test_0151,train,retain,H2_same_template,gsmplus_numerical_substitution
pairs_arith_v2.csv,1353,arithmetic,gsm8k_test_0151,train,remove,C1_transformed,gsmplus_problem_understanding
pairs_arith_v2.csv,1354,arithmetic,gsm8k_test_0151,train,retain,H2_same_template,gsmplus_critical_thinking
pairs_arith_v2.csv,1355,arithmetic,gsm8k_test_0151,train,retain,H1_same_topic,svamp
pairs_arith_v2.csv,1356,arithmetic,gsm8k_test_0151,train,retain,H3_predating,asdiv
pairs_arith_v2.csv,1357,arithmetic,gsm8k_test_0151,train,retain,R_random,truthfulqa
pairs_arith_v2.csv,1376,arithmetic,gsm8k_test_0154,train,remove,C0_exact,gsm8k_copy
pairs_arith_v2.csv,1377,arithmetic,gsm8k_test_0154,train,remove,C1_transformed,lmsys_rephrase
pairs_arith_v2.csv,1378,arithmetic,gsm8k_test_0154,train,remove,C2_answer_bearing,gsm8k_solution_frag
pairs_arith_v2.csv,1379,arithmetic,gsm8k_test_0154,train,retain,H2_same_template,gsmplus_numerical_substitution
pairs_arith_v2.csv,1380,arithmetic,gsm8k_test_0154,train,remove,C1_transformed,gsmplus_problem_understanding
pairs_arith_v2.csv,1381,arithmetic,gsm8k_test_0154,train,retain,H2_same_template,gsmplus_critical_thinking
pairs_arith_v2.csv,1382,arithmetic,gsm8k_test_0154,train,retain,H1_same_topic,svamp
pairs_arith_v2.csv,1383,arithmetic,gsm8k_test_0154,train,retain,H3_predating,asdiv
pairs_arith_v2.csv,1384,arithmetic,gsm8k_test_0154,train,retain,R_random,truthfulqa
pairs_arith_v2.csv,1385,arithmetic,gsm8k_test_0155,train,remove,C0_exact,gsm8k_copy
pairs_arith_v2.csv,1386,arithmetic,gsm8k_test_0155,train,remove,C1_transformed,lmsys_rephrase
pairs_arith_v2.csv,1387,arithmetic,gsm8k_test_0155,train,remove,C2_answer_bearing,gsm8k_solution_frag
pairs_arith_v2.csv,1388,arithmetic,gsm8k_test_0155,train,retain,H2_same_template,gsmplus_numerical_substitution
pairs_arith_v2.csv,1389,arithmetic,gsm8k_test_0155,train,remove,C1_transformed,gsmplus_problem_understanding
pairs_arith_v2.csv,1390,arithmetic,gsm8k_test_0155,train,retain,H2_same_template,gsmplus_critical_thinking
pairs_arith_v2.csv,1391,arithmetic,gsm8k_test_0155,train,retain,H1_same_topic,svamp
pairs_arith_v2.csv,1392,arithmetic,gsm8k_test_0155,train,retain,H3_predating,asdiv
pairs_arith_v2.csv,1393,arithmetic,gsm8k_test_0155,train,retain,R_random,truthfulqa
pairs_arith_v2.csv,1394,arithmetic,gsm8k_test_0156,train,remove,C0_exact,gsm8k_copy
pairs_arith_v2.csv,1395,arithmetic,gsm8k_test_0156,train,remove,C1_transformed,lmsys_rephrase
pairs_arith_v2.csv,1396,arithmetic,gsm8k_test_0156,train,remove,C2_answer_bearing,gsm8k_solution_frag
pairs_arith_v2.csv,1397,arithmetic,gsm8k_test_0156,train,retain,H2_same_template,gsmplus_numerical_substitution
pairs_arith_v2.csv,1398,arithmetic,gsm8k_test_0156,train,remove,C1_transformed,gsmplus_problem_understanding
pairs_arith_v2.csv,1399,arithmetic,gsm8k_test_0156,train,retain,H2_same_template,gsmplus_critical_thinking
pairs_arith_v2.csv,1400,arithmetic,gsm8k_test_0156,train,retain,H1_same_topic,svamp
pairs_arith_v2.csv,1401,arithmetic,gsm8k_test_0156,train,retain,H3_predating,asdiv
pairs_arith_v2.csv,1402,arithmetic,gsm8k_test_0156,train,retain,R_random,truthfulqa
pairs_arith_v2.csv,1430,arithmetic,gsm8k_test_0160,train,remove,C0_exact,gsm8k_copy
pairs_arith_v2.csv,1431,arithmetic,gsm8k_test_0160,train,remove,C1_transformed,lmsys_rephrase
pairs_arith_v2.csv,1432,arithmetic,gsm8k_test_0160,train,remove,C2_answer_bearing,gsm8k_solution_frag
pairs_arith_v2.csv,1433,arithmetic,gsm8k_test_0160,train,remove,C1_transformed,gsmplus_problem_understanding
pairs_arith_v2.csv,1434,arithmetic,gsm8k_test_0160,train,retain,H2_same_template,gsmplus_critical_thinking
pairs_arith_v2.csv,1435,arithmetic,gsm8k_test_0160,train,retain,H1_same_topic,svamp
pairs_arith_v2.csv,1436,arithmetic,gsm8k_test_0160,train,retain,H3_predating,asdiv
pairs_arith_v2.csv,1437,arithmetic,gsm8k_test_0160,train,retain,R_random,truthfulqa
pairs_arith_v2.csv,1491,arithmetic,gsm8k_test_0167,train,remove,C0_exact,gsm8k_copy
pairs_arith_v2.csv,1492,arithmetic,gsm8k_test_0167,train,remove,C1_transformed,lmsys_rephrase
pairs_arith_v2.csv,1493,arithmetic,gsm8k_test_0167,train,remove,C2_answer_bearing,gsm8k_solution_frag
pairs_arith_v2.csv,1494,arithmetic,gsm8k_test_0167,train,retain,H2_same_template,gsmplus_numerical_substitution
pairs_arith_v2.csv,1495,arithmetic,gsm8k_test_0167,train,remove,C1_transformed,gsmplus_problem_understanding
pairs_arith_v2.csv,1496,arithmetic,gsm8k_test_0167,train,retain,H2_same_template,gsmplus_critical_thinking
pairs_arith_v2.csv,1497,arithmetic,gsm8k_test_0167,train,retain,H1_same_topic,svamp
pairs_arith_v2.csv,1498,arithmetic,gsm8k_test_0167,train,retain,H3_predating,asdiv
pairs_arith_v2.csv,1499,arithmetic,gsm8k_test_0167,train,retain,R_random,truthfulqa
pairs_arith_v2.csv,1518,arithmetic,gsm8k_test_0170,train,remove,C0_exact,gsm8k_copy
pairs_arith_v2.csv,1519,arithmetic,gsm8k_test_0170,train,remove,C1_transformed,lmsys_rephrase
pairs_arith_v2.csv,1520,arithmetic,gsm8k_test_0170,train,remove,C2_answer_bearing,gsm8k_solution_frag
pairs_arith_v2.csv,1521,arithmetic,gsm8k_test_0170,train,retain,H2_same_template,gsmplus_numerical_substitution
pairs_arith_v2.csv,1522,arithmetic,gsm8k_test_0170,train,remove,C1_transformed,gsmplus_problem_understanding
pairs_arith_v2.csv,1523,arithmetic,gsm8k_test_0170,train,retain,H2_same_template,gsmplus_critical_thinking
pairs_arith_v2.csv,1524,arithmetic,gsm8k_test_0170,train,retain,H1_same_topic,svamp
pairs_arith_v2.csv,1525,arithmetic,gsm8k_test_0170,train,retain,H3_predating,asdiv
pairs_arith_v2.csv,1526,arithmetic,gsm8k_test_0170,train,retain,R_random,truthfulqa
pairs_arith_v2.csv,1527,arithmetic,gsm8k_test_0171,train,remove,C0_exact,gsm8k_copy
pairs_arith_v2.csv,1528,arithmetic,gsm8k_test_0171,train,remove,C1_transformed,lmsys_rephrase
pairs_arith_v2.csv,1529,arithmetic,gsm8k_test_0171,train,remove,C2_answer_bearing,gsm8k_solution_frag
pairs_arith_v2.csv,1530,arithmetic,gsm8k_test_0171,train,retain,H2_same_template,gsmplus_numerical_substitution
pairs_arith_v2.csv,1531,arithmetic,gsm8k_test_0171,train,remove,C1_transformed,gsmplus_problem_understanding
pairs_arith_v2.csv,1532,arithmetic,gsm8k_test_0171,train,retain,H2_same_template,gsmplus_critical_thinking
pairs_arith_v2.csv,1533,arithmetic,gsm8k_test_0171,train,retain,H1_same_topic,svamp
pairs_arith_v2.csv,1534,arithmetic,gsm8k_test_0171,train,retain,H3_predating,asdiv
pairs_arith_v2.csv,1535,arithmetic,gsm8k_test_0171,train,retain,R_random,truthfulqa
pairs_arith_v2.csv,1536,arithmetic,gsm8k_test_0172,train,remove,C0_exact,gsm8k_copy
pairs_arith_v2.csv,1537,arithmetic,gsm8k_test_0172,train,remove,C1_transformed,lmsys_rephrase
pairs_arith_v2.csv,1538,arithmetic,gsm8k_test_0172,train,remove,C2_answer_bearing,gsm8k_solution_frag
pairs_arith_v2.csv,1539,arithmetic,gsm8k_test_0172,train,retain,H2_same_template,gsmplus_numerical_substitution
pairs_arith_v2.csv,1540,arithmetic,gsm8k_test_0172,train,remove,C1_transformed,gsmplus_problem_understanding
pairs_arith_v2.csv,1541,arithmetic,gsm8k_test_0172,train,retain,H2_same_template,gsmplus_critical_thinking
pairs_arith_v2.csv,1542,arithmetic,gsm8k_test_0172,train,retain,H1_same_topic,svamp
pairs_arith_v2.csv,1543,arithmetic,gsm8k_test_0172,train,retain,H3_predating,asdiv
pairs_arith_v2.csv,1544,arithmetic,gsm8k_test_0172,train,retain,R_random,truthfulqa
pairs_arith_v2.csv,1545,arithmetic,gsm8k_test_0173,train,remove,C0_exact,gsm8k_copy
pairs_arith_v2.csv,1546,arithmetic,gsm8k_test_0173,train,remove,C1_transformed,lmsys_rephrase
pairs_arith_v2.csv,1547,arithmetic,gsm8k_test_0173,train,remove,C2_answer_bearing,gsm8k_solution_frag
pairs_arith_v2.csv,1548,arithmetic,gsm8k_test_0173,train,retain,H2_same_template,gsmplus_numerical_substitution
pairs_arith_v2.csv,1549,arithmetic,gsm8k_test_0173,train,remove,C1_transformed,gsmplus_problem_understanding
pairs_arith_v2.csv,1550,arithmetic,gsm8k_test_0173,train,retain,H2_same_template,gsmplus_critical_thinking
pairs_arith_v2.csv,1551,arithmetic,gsm8k_test_0173,train,retain,H1_same_topic,svamp
pairs_arith_v2.csv,1552,arithmetic,gsm8k_test_0173,train,retain,H3_predating,asdiv
pairs_arith_v2.csv,1553,arithmetic,gsm8k_test_0173,train,retain,R_random,truthfulqa
pairs_arith_v2.csv,1554,arithmetic,gsm8k_test_0174,train,remove,C0_exact,gsm8k_copy
pairs_arith_v2.csv,1555,arithmetic,gsm8k_test_0174,train,remove,C1_transformed,lmsys_rephrase
pairs_arith_v2.csv,1556,arithmetic,gsm8k_test_0174,train,remove,C2_answer_bearing,gsm8k_solution_frag
pairs_arith_v2.csv,1557,arithmetic,gsm8k_test_0174,train,retain,H2_same_template,gsmplus_numerical_substitution
pairs_arith_v2.csv,1558,arithmetic,gsm8k_test_0174,train,remove,C1_transformed,gsmplus_problem_understanding
pairs_arith_v2.csv,1559,arithmetic,gsm8k_test_0174,train,retain,H2_same_template,gsmplus_critical_thinking
pairs_arith_v2.csv,1560,arithmetic,gsm8k_test_0174,train,retain,H1_same_topic,svamp
pairs_arith_v2.csv,1561,arithmetic,gsm8k_test_0174,train,retain,H3_predating,asdiv
pairs_arith_v2.csv,1562,arithmetic,gsm8k_test_0174,train,retain,R_random,truthfulqa
pairs_arith_v2.csv,1572,arithmetic,gsm8k_test_0176,train,remove,C0_exact,gsm8k_copy
pairs_arith_v2.csv,1573,arithmetic,gsm8k_test_0176,train,remove,C1_transformed,lmsys_rephrase
pairs_arith_v2.csv,1574,arithmetic,gsm8k_test_0176,train,remove,C2_answer_bearing,gsm8k_solution_frag
pairs_arith_v2.csv,1575,arithmetic,gsm8k_test_0176,train,retain,H2_same_template,gsmplus_numerical_substitution
pairs_arith_v2.csv,1576,arithmetic,gsm8k_test_0176,train,remove,C1_transformed,gsmplus_problem_understanding
pairs_arith_v2.csv,1577,arithmetic,gsm8k_test_0176,train,retain,H2_same_template,gsmplus_critical_thinking
pairs_arith_v2.csv,1578,arithmetic,gsm8k_test_0176,train,retain,H1_same_topic,svamp
pairs_arith_v2.csv,1579,arithmetic,gsm8k_test_0176,train,retain,H3_predating,asdiv
pairs_arith_v2.csv,1580,arithmetic,gsm8k_test_0176,train,retain,R_random,truthfulqa
pairs_arith_v2.csv,1581,arithmetic,gsm8k_test_0177,train,remove,C0_exact,gsm8k_copy
pairs_arith_v2.csv,1582,arithmetic,gsm8k_test_0177,train,remove,C1_transformed,lmsys_rephrase
pairs_arith_v2.csv,1583,arithmetic,gsm8k_test_0177,train,remove,C2_answer_bearing,gsm8k_solution_frag
pairs_arith_v2.csv,1584,arithmetic,gsm8k_test_0177,train,retain,H2_same_template,gsmplus_numerical_substitution
pairs_arith_v2.csv,1585,arithmetic,gsm8k_test_0177,train,remove,C1_transformed,gsmplus_problem_understanding
pairs_arith_v2.csv,1586,arithmetic,gsm8k_test_0177,train,retain,H2_same_template,gsmplus_critical_thinking
pairs_arith_v2.csv,1587,arithmetic,gsm8k_test_0177,train,retain,H1_same_topic,svamp
pairs_arith_v2.csv,1588,arithmetic,gsm8k_test_0177,train,retain,H3_predating,asdiv
pairs_arith_v2.csv,1589,arithmetic,gsm8k_test_0177,train,retain,R_random,truthfulqa
pairs_arith_v2.csv,1590,arithmetic,gsm8k_test_0178,train,remove,C0_exact,gsm8k_copy
pairs_arith_v2.csv,1591,arithmetic,gsm8k_test_0178,train,remove,C1_transformed,lmsys_rephrase
pairs_arith_v2.csv,1592,arithmetic,gsm8k_test_0178,train,remove,C2_answer_bearing,gsm8k_solution_frag
pairs_arith_v2.csv,1593,arithmetic,gsm8k_test_0178,train,retain,H2_same_template,gsmplus_numerical_substitution
pairs_arith_v2.csv,1594,arithmetic,gsm8k_test_0178,train,remove,C1_transformed,gsmplus_problem_understanding
pairs_arith_v2.csv,1595,arithmetic,gsm8k_test_0178,train,retain,H2_same_template,gsmplus_critical_thinking
pairs_arith_v2.csv,1596,arithmetic,gsm8k_test_0178,train,retain,H1_same_topic,svamp
pairs_arith_v2.csv,1597,arithmetic,gsm8k_test_0178,train,retain,H3_predating,asdiv
pairs_arith_v2.csv,1598,arithmetic,gsm8k_test_0178,train,retain,R_random,truthfulqa
pairs_arith_v2.csv,1608,arithmetic,gsm8k_test_0180,train,remove,C0_exact,gsm8k_copy
pairs_arith_v2.csv,1609,arithmetic,gsm8k_test_0180,train,remove,C1_transformed,lmsys_rephrase
pairs_arith_v2.csv,1610,arithmetic,gsm8k_test_0180,train,remove,C2_answer_bearing,gsm8k_solution_frag
pairs_arith_v2.csv,1611,arithmetic,gsm8k_test_0180,train,retain,H2_same_template,gsmplus_numerical_substitution
pairs_arith_v2.csv,1612,arithmetic,gsm8k_test_0180,train,remove,C1_transformed,gsmplus_problem_understanding
pairs_arith_v2.csv,1613,arithmetic,gsm8k_test_0180,train,retain,H2_same_template,gsmplus_critical_thinking
pairs_arith_v2.csv,1614,arithmetic,gsm8k_test_0180,train,retain,H1_same_topic,svamp
pairs_arith_v2.csv,1615,arithmetic,gsm8k_test_0180,train,retain,H3_predating,asdiv
pairs_arith_v2.csv,1616,arithmetic,gsm8k_test_0180,train,retain,R_random,truthfulqa
pairs_arith_v2.csv,1617,arithmetic,gsm8k_test_0181,train,remove,C0_exact,gsm8k_copy
pairs_arith_v2.csv,1618,arithmetic,gsm8k_test_0181,train,remove,C1_transformed,lmsys_rephrase
pairs_arith_v2.csv,1619,arithmetic,gsm8k_test_0181,train,remove,C2_answer_bearing,gsm8k_solution_frag
pairs_arith_v2.csv,1620,arithmetic,gsm8k_test_0181,train,retain,H2_same_template,gsmplus_numerical_substitution
pairs_arith_v2.csv,1621,arithmetic,gsm8k_test_0181,train,remove,C1_transformed,gsmplus_problem_understanding
pairs_arith_v2.csv,1622,arithmetic,gsm8k_test_0181,train,retain,H2_same_template,gsmplus_critical_thinking
pairs_arith_v2.csv,1623,arithmetic,gsm8k_test_0181,train,retain,H1_same_topic,svamp
pairs_arith_v2.csv,1624,arithmetic,gsm8k_test_0181,train,retain,H3_predating,asdiv
pairs_arith_v2.csv,1625,arithmetic,gsm8k_test_0181,train,retain,R_random,truthfulqa
pairs_arith_v2.csv,1644,arithmetic,gsm8k_test_0184,train,remove,C0_exact,gsm8k_copy
pairs_arith_v2.csv,1645,arithmetic,gsm8k_test_0184,train,remove,C1_transformed,lmsys_rephrase
pairs_arith_v2.csv,1646,arithmetic,gsm8k_test_0184,train,remove,C2_answer_bearing,gsm8k_solution_frag
pairs_arith_v2.csv,1647,arithmetic,gsm8k_test_0184,train,retain,H2_same_template,gsmplus_numerical_substitution
pairs_arith_v2.csv,1648,arithmetic,gsm8k_test_0184,train,remove,C1_transformed,gsmplus_problem_understanding
pairs_arith_v2.csv,1649,arithmetic,gsm8k_test_0184,train,retain,H2_same_template,gsmplus_critical_thinking
pairs_arith_v2.csv,1650,arithmetic,gsm8k_test_0184,train,retain,H1_same_topic,svamp
pairs_arith_v2.csv,1651,arithmetic,gsm8k_test_0184,train,retain,H3_predating,asdiv
pairs_arith_v2.csv,1652,arithmetic,gsm8k_test_0184,train,retain,R_random,truthfulqa
pairs_arith_v2.csv,1662,arithmetic,gsm8k_test_0186,train,remove,C0_exact,gsm8k_copy
pairs_arith_v2.csv,1663,arithmetic,gsm8k_test_0186,train,remove,C1_transformed,lmsys_rephrase
pairs_arith_v2.csv,1664,arithmetic,gsm8k_test_0186,train,remove,C2_answer_bearing,gsm8k_solution_frag
pairs_arith_v2.csv,1665,arithmetic,gsm8k_test_0186,train,retain,H2_same_template,gsmplus_numerical_substitution
pairs_arith_v2.csv,1666,arithmetic,gsm8k_test_0186,train,remove,C1_transformed,gsmplus_problem_understanding
pairs_arith_v2.csv,1667,arithmetic,gsm8k_test_0186,train,retain,H2_same_template,gsmplus_critical_thinking
pairs_arith_v2.csv,1668,arithmetic,gsm8k_test_0186,train,retain,H1_same_topic,svamp
pairs_arith_v2.csv,1669,arithmetic,gsm8k_test_0186,train,retain,H3_predating,asdiv
pairs_arith_v2.csv,1670,arithmetic,gsm8k_test_0186,train,retain,R_random,truthfulqa
pairs_arith_v2.csv,1680,arithmetic,gsm8k_test_0188,train,remove,C0_exact,gsm8k_copy
pairs_arith_v2.csv,1681,arithmetic,gsm8k_test_0188,train,remove,C1_transformed,lmsys_rephrase
pairs_arith_v2.csv,1682,arithmetic,gsm8k_test_0188,train,remove,C2_answer_bearing,gsm8k_solution_frag
pairs_arith_v2.csv,1683,arithmetic,gsm8k_test_0188,train,remove,C1_transformed,gsmplus_problem_understanding
pairs_arith_v2.csv,1684,arithmetic,gsm8k_test_0188,train,retain,H2_same_template,gsmplus_critical_thinking
pairs_arith_v2.csv,1685,arithmetic,gsm8k_test_0188,train,retain,H1_same_topic,svamp
pairs_arith_v2.csv,1686,arithmetic,gsm8k_test_0188,train,retain,H3_predating,asdiv
pairs_arith_v2.csv,1687,arithmetic,gsm8k_test_0188,train,retain,R_random,truthfulqa
pairs_arith_v2.csv,1804,arithmetic,gsm8k_test_0202,train,remove,C0_exact,gsm8k_copy
pairs_arith_v2.csv,1805,arithmetic,gsm8k_test_0202,train,remove,C1_transformed,lmsys_rephrase
pairs_arith_v2.csv,1806,arithmetic,gsm8k_test_0202,train,remove,C2_answer_bearing,gsm8k_solution_frag
pairs_arith_v2.csv,1807,arithmetic,gsm8k_test_0202,train,retain,H2_same_template,gsmplus_numerical_substitution
pairs_arith_v2.csv,1808,arithmetic,gsm8k_test_0202,train,remove,C1_transformed,gsmplus_problem_understanding
pairs_arith_v2.csv,1809,arithmetic,gsm8k_test_0202,train,retain,H2_same_template,gsmplus_critical_thinking
pairs_arith_v2.csv,1810,arithmetic,gsm8k_test_0202,train,retain,H1_same_topic,svamp
pairs_arith_v2.csv,1811,arithmetic,gsm8k_test_0202,train,retain,H3_predating,asdiv
pairs_arith_v2.csv,1812,arithmetic,gsm8k_test_0202,train,retain,R_random,truthfulqa
pairs_arith_v2.csv,1831,arithmetic,gsm8k_test_0205,train,remove,C0_exact,gsm8k_copy
pairs_arith_v2.csv,1832,arithmetic,gsm8k_test_0205,train,remove,C1_transformed,lmsys_rephrase
pairs_arith_v2.csv,1833,arithmetic,gsm8k_test_0205,train,remove,C2_answer_bearing,gsm8k_solution_frag
pairs_arith_v2.csv,1834,arithmetic,gsm8k_test_0205,train,retain,H2_same_template,gsmplus_numerical_substitution
pairs_arith_v2.csv,1835,arithmetic,gsm8k_test_0205,train,remove,C1_transformed,gsmplus_problem_understanding
pairs_arith_v2.csv,1836,arithmetic,gsm8k_test_0205,train,retain,H2_same_template,gsmplus_critical_thinking
pairs_arith_v2.csv,1837,arithmetic,gsm8k_test_0205,train,retain,H1_same_topic,svamp
pairs_arith_v2.csv,1838,arithmetic,gsm8k_test_0205,train,retain,H3_predating,asdiv
pairs_arith_v2.csv,1839,arithmetic,gsm8k_test_0205,train,retain,R_random,truthfulqa
pairs_arith_v2.csv,1840,arithmetic,gsm8k_test_0206,train,remove,C0_exact,gsm8k_copy
pairs_arith_v2.csv,1841,arithmetic,gsm8k_test_0206,train,remove,C1_transformed,lmsys_rephrase
pairs_arith_v2.csv,1842,arithmetic,gsm8k_test_0206,train,remove,C2_answer_bearing,gsm8k_solution_frag
pairs_arith_v2.csv,1843,arithmetic,gsm8k_test_0206,train,retain,H2_same_template,gsmplus_numerical_substitution
pairs_arith_v2.csv,1844,arithmetic,gsm8k_test_0206,train,remove,C1_transformed,gsmplus_problem_understanding
pairs_arith_v2.csv,1845,arithmetic,gsm8k_test_0206,train,retain,H2_same_template,gsmplus_critical_thinking
pairs_arith_v2.csv,1846,arithmetic,gsm8k_test_0206,train,retain,H1_same_topic,svamp
pairs_arith_v2.csv,1847,arithmetic,gsm8k_test_0206,train,retain,H3_predating,asdiv
pairs_arith_v2.csv,1848,arithmetic,gsm8k_test_0206,train,retain,R_random,truthfulqa
pairs_arith_v2.csv,1849,arithmetic,gsm8k_test_0207,train,remove,C0_exact,gsm8k_copy
pairs_arith_v2.csv,1850,arithmetic,gsm8k_test_0207,train,remove,C1_transformed,lmsys_rephrase
pairs_arith_v2.csv,1851,arithmetic,gsm8k_test_0207,train,remove,C2_answer_bearing,gsm8k_solution_frag
pairs_arith_v2.csv,1852,arithmetic,gsm8k_test_0207,train,retain,H2_same_template,gsmplus_numerical_substitution
pairs_arith_v2.csv,1853,arithmetic,gsm8k_test_0207,train,remove,C1_transformed,gsmplus_problem_understanding
pairs_arith_v2.csv,1854,arithmetic,gsm8k_test_0207,train,retain,H2_same_template,gsmplus_critical_thinking
pairs_arith_v2.csv,1855,arithmetic,gsm8k_test_0207,train,retain,H1_same_topic,svamp
pairs_arith_v2.csv,1856,arithmetic,gsm8k_test_0207,train,retain,H3_predating,asdiv
pairs_arith_v2.csv,1857,arithmetic,gsm8k_test_0207,train,retain,R_random,truthfulqa
pairs_arith_v2.csv,1858,arithmetic,gsm8k_test_0208,train,remove,C0_exact,gsm8k_copy
pairs_arith_v2.csv,1859,arithmetic,gsm8k_test_0208,train,remove,C1_transformed,lmsys_rephrase
pairs_arith_v2.csv,1860,arithmetic,gsm8k_test_0208,train,remove,C2_answer_bearing,gsm8k_solution_frag
pairs_arith_v2.csv,1861,arithmetic,gsm8k_test_0208,train,retain,H2_same_template,gsmplus_numerical_substitution
pairs_arith_v2.csv,1862,arithmetic,gsm8k_test_0208,train,remove,C1_transformed,gsmplus_problem_understanding
pairs_arith_v2.csv,1863,arithmetic,gsm8k_test_0208,train,retain,H2_same_template,gsmplus_critical_thinking
pairs_arith_v2.csv,1864,arithmetic,gsm8k_test_0208,train,retain,H1_same_topic,svamp
pairs_arith_v2.csv,1865,arithmetic,gsm8k_test_0208,train,retain,H3_predating,asdiv
pairs_arith_v2.csv,1866,arithmetic,gsm8k_test_0208,train,retain,R_random,truthfulqa
pairs_arith_v2.csv,1885,arithmetic,gsm8k_test_0211,train,remove,C0_exact,gsm8k_copy
pairs_arith_v2.csv,1886,arithmetic,gsm8k_test_0211,train,remove,C1_transformed,lmsys_rephrase
pairs_arith_v2.csv,1887,arithmetic,gsm8k_test_0211,train,remove,C2_answer_bearing,gsm8k_solution_frag
pairs_arith_v2.csv,1888,arithmetic,gsm8k_test_0211,train,remove,C1_transformed,gsmplus_problem_understanding
pairs_arith_v2.csv,1889,arithmetic,gsm8k_test_0211,train,retain,H2_same_template,gsmplus_critical_thinking
pairs_arith_v2.csv,1890,arithmetic,gsm8k_test_0211,train,retain,H1_same_topic,svamp
pairs_arith_v2.csv,1891,arithmetic,gsm8k_test_0211,train,retain,H3_predating,asdiv
pairs_arith_v2.csv,1892,arithmetic,gsm8k_test_0211,train,retain,R_random,truthfulqa
pairs_arith_v2.csv,1902,arithmetic,gsm8k_test_0213,train,remove,C0_exact,gsm8k_copy
pairs_arith_v2.csv,1903,arithmetic,gsm8k_test_0213,train,remove,C1_transformed,lmsys_rephrase
pairs_arith_v2.csv,1904,arithmetic,gsm8k_test_0213,train,remove,C2_answer_bearing,gsm8k_solution_frag
pairs_arith_v2.csv,1905,arithmetic,gsm8k_test_0213,train,retain,H2_same_template,gsmplus_numerical_substitution
pairs_arith_v2.csv,1906,arithmetic,gsm8k_test_0213,train,remove,C1_transformed,gsmplus_problem_understanding
pairs_arith_v2.csv,1907,arithmetic,gsm8k_test_0213,train,retain,H2_same_template,gsmplus_critical_thinking
pairs_arith_v2.csv,1908,arithmetic,gsm8k_test_0213,train,retain,H1_same_topic,svamp
pairs_arith_v2.csv,1909,arithmetic,gsm8k_test_0213,train,retain,H3_predating,asdiv
pairs_arith_v2.csv,1910,arithmetic,gsm8k_test_0213,train,retain,R_random,truthfulqa
pairs_arith_v2.csv,1911,arithmetic,gsm8k_test_0214,train,remove,C0_exact,gsm8k_copy
pairs_arith_v2.csv,1912,arithmetic,gsm8k_test_0214,train,remove,C1_transformed,lmsys_rephrase
pairs_arith_v2.csv,1913,arithmetic,gsm8k_test_0214,train,remove,C2_answer_bearing,gsm8k_solution_frag
pairs_arith_v2.csv,1914,arithmetic,gsm8k_test_0214,train,retain,H2_same_template,gsmplus_numerical_substitution
pairs_arith_v2.csv,1915,arithmetic,gsm8k_test_0214,train,remove,C1_transformed,gsmplus_problem_understanding
pairs_arith_v2.csv,1916,arithmetic,gsm8k_test_0214,train,retain,H2_same_template,gsmplus_critical_thinking
pairs_arith_v2.csv,1917,arithmetic,gsm8k_test_0214,train,retain,H1_same_topic,svamp
pairs_arith_v2.csv,1918,arithmetic,gsm8k_test_0214,train,retain,H3_predating,asdiv
pairs_arith_v2.csv,1919,arithmetic,gsm8k_test_0214,train,retain,R_random,truthfulqa
pairs_arith_v2.csv,1947,arithmetic,gsm8k_test_0218,train,remove,C0_exact,gsm8k_copy
pairs_arith_v2.csv,1948,arithmetic,gsm8k_test_0218,train,remove,C1_transformed,lmsys_rephrase
pairs_arith_v2.csv,1949,arithmetic,gsm8k_test_0218,train,remove,C2_answer_bearing,gsm8k_solution_frag
pairs_arith_v2.csv,1950,arithmetic,gsm8k_test_0218,train,retain,H2_same_template,gsmplus_numerical_substitution
pairs_arith_v2.csv,1951,arithmetic,gsm8k_test_0218,train,remove,C1_transformed,gsmplus_problem_understanding
pairs_arith_v2.csv,1952,arithmetic,gsm8k_test_0218,train,retain,H2_same_template,gsmplus_critical_thinking
pairs_arith_v2.csv,1953,arithmetic,gsm8k_test_0218,train,retain,H1_same_topic,svamp
pairs_arith_v2.csv,1954,arithmetic,gsm8k_test_0218,train,retain,H3_predating,asdiv
pairs_arith_v2.csv,1955,arithmetic,gsm8k_test_0218,train,retain,R_random,truthfulqa
pairs_arith_v2.csv,1956,arithmetic,gsm8k_test_0219,train,remove,C0_exact,gsm8k_copy
pairs_arith_v2.csv,1957,arithmetic,gsm8k_test_0219,train,remove,C1_transformed,lmsys_rephrase
pairs_arith_v2.csv,1958,arithmetic,gsm8k_test_0219,train,remove,C2_answer_bearing,gsm8k_solution_frag
pairs_arith_v2.csv,1959,arithmetic,gsm8k_test_0219,train,retain,H2_same_template,gsmplus_numerical_substitution
pairs_arith_v2.csv,1960,arithmetic,gsm8k_test_0219,train,remove,C1_transformed,gsmplus_problem_understanding
pairs_arith_v2.csv,1961,arithmetic,gsm8k_test_0219,train,retain,H2_same_template,gsmplus_critical_thinking
pairs_arith_v2.csv,1962,arithmetic,gsm8k_test_0219,train,retain,H1_same_topic,svamp
pairs_arith_v2.csv,1963,arithmetic,gsm8k_test_0219,train,retain,H3_predating,asdiv
pairs_arith_v2.csv,1964,arithmetic,gsm8k_test_0219,train,retain,R_random,truthfulqa
pairs_arith_v2.csv,1965,arithmetic,gsm8k_test_0220,train,remove,C0_exact,gsm8k_copy
pairs_arith_v2.csv,1966,arithmetic,gsm8k_test_0220,train,remove,C1_transformed,lmsys_rephrase
pairs_arith_v2.csv,1967,arithmetic,gsm8k_test_0220,train,remove,C2_answer_bearing,gsm8k_solution_frag
pairs_arith_v2.csv,1968,arithmetic,gsm8k_test_0220,train,retain,H2_same_template,gsmplus_numerical_substitution
pairs_arith_v2.csv,1969,arithmetic,gsm8k_test_0220,train,remove,C1_transformed,gsmplus_problem_understanding
pairs_arith_v2.csv,1970,arithmetic,gsm8k_test_0220,train,retain,H2_same_template,gsmplus_critical_thinking
pairs_arith_v2.csv,1971,arithmetic,gsm8k_test_0220,train,retain,H1_same_topic,svamp
pairs_arith_v2.csv,1972,arithmetic,gsm8k_test_0220,train,retain,H3_predating,asdiv
pairs_arith_v2.csv,1973,arithmetic,gsm8k_test_0220,train,retain,R_random,truthfulqa
pairs_arith_v2.csv,1974,arithmetic,gsm8k_test_0221,train,remove,C0_exact,gsm8k_copy
pairs_arith_v2.csv,1975,arithmetic,gsm8k_test_0221,train,remove,C1_transformed,lmsys_rephrase
pairs_arith_v2.csv,1976,arithmetic,gsm8k_test_0221,train,remove,C2_answer_bearing,gsm8k_solution_frag
pairs_arith_v2.csv,1977,arithmetic,gsm8k_test_0221,train,retain,H2_same_template,gsmplus_numerical_substitution
pairs_arith_v2.csv,1978,arithmetic,gsm8k_test_0221,train,remove,C1_transformed,gsmplus_problem_understanding
pairs_arith_v2.csv,1979,arithmetic,gsm8k_test_0221,train,retain,H2_same_template,gsmplus_critical_thinking
pairs_arith_v2.csv,1980,arithmetic,gsm8k_test_0221,train,retain,H1_same_topic,svamp
pairs_arith_v2.csv,1981,arithmetic,gsm8k_test_0221,train,retain,H3_predating,asdiv
pairs_arith_v2.csv,1982,arithmetic,gsm8k_test_0221,train,retain,R_random,truthfulqa
pairs_arith_v2.csv,1991,arithmetic,gsm8k_test_0223,train,remove,C0_exact,gsm8k_copy
pairs_arith_v2.csv,1992,arithmetic,gsm8k_test_0223,train,remove,C1_transformed,lmsys_rephrase
pairs_arith_v2.csv,1993,arithmetic,gsm8k_test_0223,train,remove,C2_answer_bearing,gsm8k_solution_frag
pairs_arith_v2.csv,1994,arithmetic,gsm8k_test_0223,train,retain,H2_same_template,gsmplus_numerical_substitution
pairs_arith_v2.csv,1995,arithmetic,gsm8k_test_0223,train,remove,C1_transformed,gsmplus_problem_understanding
pairs_arith_v2.csv,1996,arithmetic,gsm8k_test_0223,train,retain,H2_same_template,gsmplus_critical_thinking
pairs_arith_v2.csv,1997,arithmetic,gsm8k_test_0223,train,retain,H1_same_topic,svamp
pairs_arith_v2.csv,1998,arithmetic,gsm8k_test_0223,train,retain,H3_predating,asdiv
pairs_arith_v2.csv,1999,arithmetic,gsm8k_test_0223,train,retain,R_random,truthfulqa
pairs_arith_v2.csv,2009,arithmetic,gsm8k_test_0225,train,remove,C0_exact,gsm8k_copy
pairs_arith_v2.csv,2010,arithmetic,gsm8k_test_0225,train,remove,C1_transformed,lmsys_rephrase
pairs_arith_v2.csv,2011,arithmetic,gsm8k_test_0225,train,remove,C2_answer_bearing,gsm8k_solution_frag
pairs_arith_v2.csv,2012,arithmetic,gsm8k_test_0225,train,retain,H2_same_template,gsmplus_numerical_substitution
pairs_arith_v2.csv,2013,arithmetic,gsm8k_test_0225,train,remove,C1_transformed,gsmplus_problem_understanding
pairs_arith_v2.csv,2014,arithmetic,gsm8k_test_0225,train,retain,H2_same_template,gsmplus_critical_thinking
pairs_arith_v2.csv,2015,arithmetic,gsm8k_test_0225,train,retain,H1_same_topic,svamp
pairs_arith_v2.csv,2016,arithmetic,gsm8k_test_0225,train,retain,H3_predating,asdiv
pairs_arith_v2.csv,2017,arithmetic,gsm8k_test_0225,train,retain,R_random,truthfulqa
pairs_arith_v2.csv,2027,arithmetic,gsm8k_test_0227,train,remove,C0_exact,gsm8k_copy
pairs_arith_v2.csv,2028,arithmetic,gsm8k_test_0227,train,remove,C1_transformed,lmsys_rephrase
pairs_arith_v2.csv,2029,arithmetic,gsm8k_test_0227,train,remove,C2_answer_bearing,gsm8k_solution_frag
pairs_arith_v2.csv,2030,arithmetic,gsm8k_test_0227,train,retain,H2_same_template,gsmplus_numerical_substitution
pairs_arith_v2.csv,2031,arithmetic,gsm8k_test_0227,train,remove,C1_transformed,gsmplus_problem_understanding
pairs_arith_v2.csv,2032,arithmetic,gsm8k_test_0227,train,retain,H2_same_template,gsmplus_critical_thinking
pairs_arith_v2.csv,2033,arithmetic,gsm8k_test_0227,train,retain,H1_same_topic,svamp
pairs_arith_v2.csv,2034,arithmetic,gsm8k_test_0227,train,retain,H3_predating,asdiv
pairs_arith_v2.csv,2035,arithmetic,gsm8k_test_0227,train,retain,R_random,truthfulqa
pairs_arith_v2.csv,2036,arithmetic,gsm8k_test_0228,train,remove,C0_exact,gsm8k_copy
pairs_arith_v2.csv,2037,arithmetic,gsm8k_test_0228,train,remove,C1_transformed,lmsys_rephrase
pairs_arith_v2.csv,2038,arithmetic,gsm8k_test_0228,train,remove,C2_answer_bearing,gsm8k_solution_frag
pairs_arith_v2.csv,2039,arithmetic,gsm8k_test_0228,train,remove,C1_transformed,gsmplus_problem_understanding
pairs_arith_v2.csv,2040,arithmetic,gsm8k_test_0228,train,retain,H2_same_template,gsmplus_critical_thinking
pairs_arith_v2.csv,2041,arithmetic,gsm8k_test_0228,train,retain,H1_same_topic,svamp
pairs_arith_v2.csv,2042,arithmetic,gsm8k_test_0228,train,retain,H3_predating,asdiv
pairs_arith_v2.csv,2043,arithmetic,gsm8k_test_0228,train,retain,R_random,truthfulqa
pairs_arith_v2.csv,2062,arithmetic,gsm8k_test_0231,train,remove,C0_exact,gsm8k_copy
pairs_arith_v2.csv,2063,arithmetic,gsm8k_test_0231,train,remove,C1_transformed,lmsys_rephrase
pairs_arith_v2.csv,2064,arithmetic,gsm8k_test_0231,train,remove,C2_answer_bearing,gsm8k_solution_frag
pairs_arith_v2.csv,2065,arithmetic,gsm8k_test_0231,train,retain,H2_same_template,gsmplus_numerical_substitution
pairs_arith_v2.csv,2066,arithmetic,gsm8k_test_0231,train,remove,C1_transformed,gsmplus_problem_understanding
pairs_arith_v2.csv,2067,arithmetic,gsm8k_test_0231,train,retain,H2_same_template,gsmplus_critical_thinking
pairs_arith_v2.csv,2068,arithmetic,gsm8k_test_0231,train,retain,H1_same_topic,svamp
pairs_arith_v2.csv,2069,arithmetic,gsm8k_test_0231,train,retain,H3_predating,asdiv
pairs_arith_v2.csv,2070,arithmetic,gsm8k_test_0231,train,retain,R_random,truthfulqa
pairs_arith_v2.csv,2071,arithmetic,gsm8k_test_0232,train,remove,C0_exact,gsm8k_copy
pairs_arith_v2.csv,2072,arithmetic,gsm8k_test_0232,train,remove,C1_transformed,lmsys_rephrase
pairs_arith_v2.csv,2073,arithmetic,gsm8k_test_0232,train,remove,C2_answer_bearing,gsm8k_solution_frag
pairs_arith_v2.csv,2074,arithmetic,gsm8k_test_0232,train,retain,H2_same_template,gsmplus_numerical_substitution
pairs_arith_v2.csv,2075,arithmetic,gsm8k_test_0232,train,remove,C1_transformed,gsmplus_problem_understanding
pairs_arith_v2.csv,2076,arithmetic,gsm8k_test_0232,train,retain,H2_same_template,gsmplus_critical_thinking
pairs_arith_v2.csv,2077,arithmetic,gsm8k_test_0232,train,retain,H1_same_topic,svamp
pairs_arith_v2.csv,2078,arithmetic,gsm8k_test_0232,train,retain,H3_predating,asdiv
pairs_arith_v2.csv,2079,arithmetic,gsm8k_test_0232,train,retain,R_random,truthfulqa
pairs_arith_v2.csv,2115,arithmetic,gsm8k_test_0237,train,remove,C0_exact,gsm8k_copy
pairs_arith_v2.csv,2116,arithmetic,gsm8k_test_0237,train,remove,C1_transformed,lmsys_rephrase
pairs_arith_v2.csv,2117,arithmetic,gsm8k_test_0237,train,remove,C2_answer_bearing,gsm8k_solution_frag
pairs_arith_v2.csv,2118,arithmetic,gsm8k_test_0237,train,remove,C1_transformed,gsmplus_problem_understanding
pairs_arith_v2.csv,2119,arithmetic,gsm8k_test_0237,train,retain,H2_same_template,gsmplus_critical_thinking
pairs_arith_v2.csv,2120,arithmetic,gsm8k_test_0237,train,retain,H1_same_topic,svamp
pairs_arith_v2.csv,2121,arithmetic,gsm8k_test_0237,train,retain,H3_predating,asdiv
pairs_arith_v2.csv,2122,arithmetic,gsm8k_test_0237,train,retain,R_random,truthfulqa
pairs_arith_v2.csv,2132,arithmetic,gsm8k_test_0239,train,remove,C0_exact,gsm8k_copy
pairs_arith_v2.csv,2133,arithmetic,gsm8k_test_0239,train,remove,C1_transformed,lmsys_rephrase
pairs_arith_v2.csv,2134,arithmetic,gsm8k_test_0239,train,remove,C2_answer_bearing,gsm8k_solution_frag
pairs_arith_v2.csv,2135,arithmetic,gsm8k_test_0239,train,retain,H2_same_template,gsmplus_numerical_substitution
pairs_arith_v2.csv,2136,arithmetic,gsm8k_test_0239,train,remove,C1_transformed,gsmplus_problem_understanding
pairs_arith_v2.csv,2137,arithmetic,gsm8k_test_0239,train,retain,H2_same_template,gsmplus_critical_thinking
pairs_arith_v2.csv,2138,arithmetic,gsm8k_test_0239,train,retain,H1_same_topic,svamp
pairs_arith_v2.csv,2139,arithmetic,gsm8k_test_0239,train,retain,H3_predating,asdiv
pairs_arith_v2.csv,2140,arithmetic,gsm8k_test_0239,train,retain,R_random,truthfulqa
pairs_arith_v2.csv,2150,arithmetic,gsm8k_test_0241,train,remove,C0_exact,gsm8k_copy
pairs_arith_v2.csv,2151,arithmetic,gsm8k_test_0241,train,remove,C1_transformed,lmsys_rephrase
pairs_arith_v2.csv,2152,arithmetic,gsm8k_test_0241,train,remove,C2_answer_bearing,gsm8k_solution_frag
pairs_arith_v2.csv,2153,arithmetic,gsm8k_test_0241,train,retain,H2_same_template,gsmplus_numerical_substitution
pairs_arith_v2.csv,2154,arithmetic,gsm8k_test_0241,train,remove,C1_transformed,gsmplus_problem_understanding
pairs_arith_v2.csv,2155,arithmetic,gsm8k_test_0241,train,retain,H2_same_template,gsmplus_critical_thinking
pairs_arith_v2.csv,2156,arithmetic,gsm8k_test_0241,train,retain,H1_same_topic,svamp
pairs_arith_v2.csv,2157,arithmetic,gsm8k_test_0241,train,retain,H3_predating,asdiv
pairs_arith_v2.csv,2158,arithmetic,gsm8k_test_0241,train,retain,R_random,truthfulqa
pairs_arith_v2.csv,2159,arithmetic,gsm8k_test_0242,train,remove,C0_exact,gsm8k_copy
pairs_arith_v2.csv,2160,arithmetic,gsm8k_test_0242,train,remove,C1_transformed,lmsys_rephrase
pairs_arith_v2.csv,2161,arithmetic,gsm8k_test_0242,train,remove,C2_answer_bearing,gsm8k_solution_frag
pairs_arith_v2.csv,2162,arithmetic,gsm8k_test_0242,train,retain,H2_same_template,gsmplus_numerical_substitution
pairs_arith_v2.csv,2163,arithmetic,gsm8k_test_0242,train,remove,C1_transformed,gsmplus_problem_understanding
pairs_arith_v2.csv,2164,arithmetic,gsm8k_test_0242,train,retain,H2_same_template,gsmplus_critical_thinking
pairs_arith_v2.csv,2165,arithmetic,gsm8k_test_0242,train,retain,H1_same_topic,svamp
pairs_arith_v2.csv,2166,arithmetic,gsm8k_test_0242,train,retain,H3_predating,asdiv
pairs_arith_v2.csv,2167,arithmetic,gsm8k_test_0242,train,retain,R_random,truthfulqa
pairs_arith_v2.csv,2195,arithmetic,gsm8k_test_0246,train,remove,C0_exact,gsm8k_copy
pairs_arith_v2.csv,2196,arithmetic,gsm8k_test_0246,train,remove,C1_transformed,lmsys_rephrase
pairs_arith_v2.csv,2197,arithmetic,gsm8k_test_0246,train,remove,C2_answer_bearing,gsm8k_solution_frag
pairs_arith_v2.csv,2198,arithmetic,gsm8k_test_0246,train,retain,H2_same_template,gsmplus_numerical_substitution
pairs_arith_v2.csv,2199,arithmetic,gsm8k_test_0246,train,remove,C1_transformed,gsmplus_problem_understanding
pairs_arith_v2.csv,2200,arithmetic,gsm8k_test_0246,train,retain,H2_same_template,gsmplus_critical_thinking
pairs_arith_v2.csv,2201,arithmetic,gsm8k_test_0246,train,retain,H1_same_topic,svamp
pairs_arith_v2.csv,2202,arithmetic,gsm8k_test_0246,train,retain,H3_predating,asdiv
pairs_arith_v2.csv,2203,arithmetic,gsm8k_test_0246,train,retain,R_random,truthfulqa
pairs_arith_v2.csv,2213,arithmetic,gsm8k_test_0248,train,remove,C0_exact,gsm8k_copy
pairs_arith_v2.csv,2214,arithmetic,gsm8k_test_0248,train,remove,C1_transformed,lmsys_rephrase
pairs_arith_v2.csv,2215,arithmetic,gsm8k_test_0248,train,remove,C2_answer_bearing,gsm8k_solution_frag
pairs_arith_v2.csv,2216,arithmetic,gsm8k_test_0248,train,retain,H2_same_template,gsmplus_numerical_substitution
pairs_arith_v2.csv,2217,arithmetic,gsm8k_test_0248,train,remove,C1_transformed,gsmplus_problem_understanding
pairs_arith_v2.csv,2218,arithmetic,gsm8k_test_0248,train,retain,H2_same_template,gsmplus_critical_thinking
pairs_arith_v2.csv,2219,arithmetic,gsm8k_test_0248,train,retain,H1_same_topic,svamp
pairs_arith_v2.csv,2220,arithmetic,gsm8k_test_0248,train,retain,H3_predating,asdiv
pairs_arith_v2.csv,2221,arithmetic,gsm8k_test_0248,train,retain,R_random,truthfulqa
pairs_arith_v2.csv,2222,arithmetic,gsm8k_test_0249,train,remove,C0_exact,gsm8k_copy
pairs_arith_v2.csv,2223,arithmetic,gsm8k_test_0249,train,remove,C1_transformed,lmsys_rephrase
pairs_arith_v2.csv,2224,arithmetic,gsm8k_test_0249,train,remove,C2_answer_bearing,gsm8k_solution_frag
pairs_arith_v2.csv,2225,arithmetic,gsm8k_test_0249,train,retain,H2_same_template,gsmplus_numerical_substitution
pairs_arith_v2.csv,2226,arithmetic,gsm8k_test_0249,train,remove,C1_transformed,gsmplus_problem_understanding
pairs_arith_v2.csv,2227,arithmetic,gsm8k_test_0249,train,retain,H2_same_template,gsmplus_critical_thinking
pairs_arith_v2.csv,2228,arithmetic,gsm8k_test_0249,train,retain,H1_same_topic,svamp
pairs_arith_v2.csv,2229,arithmetic,gsm8k_test_0249,train,retain,H3_predating,asdiv
pairs_arith_v2.csv,2230,arithmetic,gsm8k_test_0249,train,retain,R_random,truthfulqa
pairs_arith_v2.csv,2231,arithmetic,gsm8k_test_0250,train,remove,C0_exact,gsm8k_copy
pairs_arith_v2.csv,2232,arithmetic,gsm8k_test_0250,train,remove,C1_transformed,lmsys_rephrase
pairs_arith_v2.csv,2233,arithmetic,gsm8k_test_0250,train,remove,C2_answer_bearing,gsm8k_solution_frag
pairs_arith_v2.csv,2234,arithmetic,gsm8k_test_0250,train,retain,H2_same_template,gsmplus_numerical_substitution
pairs_arith_v2.csv,2235,arithmetic,gsm8k_test_0250,train,remove,C1_transformed,gsmplus_problem_understanding
pairs_arith_v2.csv,2236,arithmetic,gsm8k_test_0250,train,retain,H2_same_template,gsmplus_critical_thinking
pairs_arith_v2.csv,2237,arithmetic,gsm8k_test_0250,train,retain,H1_same_topic,svamp
pairs_arith_v2.csv,2238,arithmetic,gsm8k_test_0250,train,retain,H3_predating,asdiv
pairs_arith_v2.csv,2239,arithmetic,gsm8k_test_0250,train,retain,R_random,truthfulqa
pairs_arith_v2.csv,2249,arithmetic,gsm8k_test_0252,train,remove,C0_exact,gsm8k_copy
pairs_arith_v2.csv,2250,arithmetic,gsm8k_test_0252,train,remove,C1_transformed,lmsys_rephrase
pairs_arith_v2.csv,2251,arithmetic,gsm8k_test_0252,train,remove,C2_answer_bearing,gsm8k_solution_frag
pairs_arith_v2.csv,2252,arithmetic,gsm8k_test_0252,train,retain,H2_same_template,gsmplus_numerical_substitution
pairs_arith_v2.csv,2253,arithmetic,gsm8k_test_0252,train,remove,C1_transformed,gsmplus_problem_understanding
pairs_arith_v2.csv,2254,arithmetic,gsm8k_test_0252,train,retain,H2_same_template,gsmplus_critical_thinking
pairs_arith_v2.csv,2255,arithmetic,gsm8k_test_0252,train,retain,H1_same_topic,svamp
pairs_arith_v2.csv,2256,arithmetic,gsm8k_test_0252,train,retain,H3_predating,asdiv
pairs_arith_v2.csv,2257,arithmetic,gsm8k_test_0252,train,retain,R_random,truthfulqa
pairs_arith_v2.csv,2267,arithmetic,gsm8k_test_0254,train,remove,C0_exact,gsm8k_copy
pairs_arith_v2.csv,2268,arithmetic,gsm8k_test_0254,train,remove,C1_transformed,lmsys_rephrase
pairs_arith_v2.csv,2269,arithmetic,gsm8k_test_0254,train,remove,C2_answer_bearing,gsm8k_solution_frag
pairs_arith_v2.csv,2270,arithmetic,gsm8k_test_0254,train,retain,H2_same_template,gsmplus_numerical_substitution
pairs_arith_v2.csv,2271,arithmetic,gsm8k_test_0254,train,remove,C1_transformed,gsmplus_problem_understanding
pairs_arith_v2.csv,2272,arithmetic,gsm8k_test_0254,train,retain,H2_same_template,gsmplus_critical_thinking
pairs_arith_v2.csv,2273,arithmetic,gsm8k_test_0254,train,retain,H1_same_topic,svamp
pairs_arith_v2.csv,2274,arithmetic,gsm8k_test_0254,train,retain,H3_predating,asdiv
pairs_arith_v2.csv,2275,arithmetic,gsm8k_test_0254,train,retain,R_random,truthfulqa
pairs_arith_v2.csv,2276,arithmetic,gsm8k_test_0255,train,remove,C0_exact,gsm8k_copy
pairs_arith_v2.csv,2277,arithmetic,gsm8k_test_0255,train,remove,C1_transformed,lmsys_rephrase
pairs_arith_v2.csv,2278,arithmetic,gsm8k_test_0255,train,remove,C2_answer_bearing,gsm8k_solution_frag
pairs_arith_v2.csv,2279,arithmetic,gsm8k_test_0255,train,retain,H2_same_template,gsmplus_numerical_substitution
pairs_arith_v2.csv,2280,arithmetic,gsm8k_test_0255,train,remove,C1_transformed,gsmplus_problem_understanding
pairs_arith_v2.csv,2281,arithmetic,gsm8k_test_0255,train,retain,H2_same_template,gsmplus_critical_thinking
pairs_arith_v2.csv,2282,arithmetic,gsm8k_test_0255,train,retain,H1_same_topic,svamp
pairs_arith_v2.csv,2283,arithmetic,gsm8k_test_0255,train,retain,H3_predating,asdiv
pairs_arith_v2.csv,2284,arithmetic,gsm8k_test_0255,train,retain,R_random,truthfulqa
pairs_arith_v2.csv,2294,arithmetic,gsm8k_test_0257,train,remove,C0_exact,gsm8k_copy
pairs_arith_v2.csv,2295,arithmetic,gsm8k_test_0257,train,remove,C1_transformed,lmsys_rephrase
pairs_arith_v2.csv,2296,arithmetic,gsm8k_test_0257,train,remove,C2_answer_bearing,gsm8k_solution_frag
pairs_arith_v2.csv,2297,arithmetic,gsm8k_test_0257,train,retain,H2_same_template,gsmplus_numerical_substitution
pairs_arith_v2.csv,2298,arithmetic,gsm8k_test_0257,train,remove,C1_transformed,gsmplus_problem_understanding
pairs_arith_v2.csv,2299,arithmetic,gsm8k_test_0257,train,retain,H2_same_template,gsmplus_critical_thinking
pairs_arith_v2.csv,2300,arithmetic,gsm8k_test_0257,train,retain,H1_same_topic,svamp
pairs_arith_v2.csv,2301,arithmetic,gsm8k_test_0257,train,retain,H3_predating,asdiv
pairs_arith_v2.csv,2302,arithmetic,gsm8k_test_0257,train,retain,R_random,truthfulqa
pairs_arith_v2.csv,2303,arithmetic,gsm8k_test_0258,train,remove,C0_exact,gsm8k_copy
pairs_arith_v2.csv,2304,arithmetic,gsm8k_test_0258,train,remove,C1_transformed,lmsys_rephrase
pairs_arith_v2.csv,2305,arithmetic,gsm8k_test_0258,train,remove,C2_answer_bearing,gsm8k_solution_frag
pairs_arith_v2.csv,2306,arithmetic,gsm8k_test_0258,train,retain,H2_same_template,gsmplus_numerical_substitution
pairs_arith_v2.csv,2307,arithmetic,gsm8k_test_0258,train,remove,C1_transformed,gsmplus_problem_understanding
pairs_arith_v2.csv,2308,arithmetic,gsm8k_test_0258,train,retain,H2_same_template,gsmplus_critical_thinking
pairs_arith_v2.csv,2309,arithmetic,gsm8k_test_0258,train,retain,H1_same_topic,svamp
pairs_arith_v2.csv,2310,arithmetic,gsm8k_test_0258,train,retain,H3_predating,asdiv
pairs_arith_v2.csv,2311,arithmetic,gsm8k_test_0258,train,retain,R_random,truthfulqa
pairs_arith_v2.csv,2312,arithmetic,gsm8k_test_0259,train,remove,C0_exact,gsm8k_copy
pairs_arith_v2.csv,2313,arithmetic,gsm8k_test_0259,train,remove,C1_transformed,lmsys_rephrase
pairs_arith_v2.csv,2314,arithmetic,gsm8k_test_0259,train,remove,C2_answer_bearing,gsm8k_solution_frag
pairs_arith_v2.csv,2315,arithmetic,gsm8k_test_0259,train,retain,H2_same_template,gsmplus_numerical_substitution
pairs_arith_v2.csv,2316,arithmetic,gsm8k_test_0259,train,remove,C1_transformed,gsmplus_problem_understanding
pairs_arith_v2.csv,2317,arithmetic,gsm8k_test_0259,train,retain,H2_same_template,gsmplus_critical_thinking
pairs_arith_v2.csv,2318,arithmetic,gsm8k_test_0259,train,retain,H1_same_topic,svamp
pairs_arith_v2.csv,2319,arithmetic,gsm8k_test_0259,train,retain,H3_predating,asdiv
pairs_arith_v2.csv,2320,arithmetic,gsm8k_test_0259,train,retain,R_random,truthfulqa
pairs_arith_v2.csv,2321,arithmetic,gsm8k_test_0260,train,remove,C0_exact,gsm8k_copy
pairs_arith_v2.csv,2322,arithmetic,gsm8k_test_0260,train,remove,C1_transformed,lmsys_rephrase
pairs_arith_v2.csv,2323,arithmetic,gsm8k_test_0260,train,remove,C2_answer_bearing,gsm8k_solution_frag
pairs_arith_v2.csv,2324,arithmetic,gsm8k_test_0260,train,retain,H2_same_template,gsmplus_numerical_substitution
pairs_arith_v2.csv,2325,arithmetic,gsm8k_test_0260,train,remove,C1_transformed,gsmplus_problem_understanding
pairs_arith_v2.csv,2326,arithmetic,gsm8k_test_0260,train,retain,H2_same_template,gsmplus_critical_thinking
pairs_arith_v2.csv,2327,arithmetic,gsm8k_test_0260,train,retain,H1_same_topic,svamp
pairs_arith_v2.csv,2328,arithmetic,gsm8k_test_0260,train,retain,H3_predating,asdiv
pairs_arith_v2.csv,2329,arithmetic,gsm8k_test_0260,train,retain,R_random,truthfulqa
pairs_arith_v2.csv,2330,arithmetic,gsm8k_test_0261,train,remove,C0_exact,gsm8k_copy
pairs_arith_v2.csv,2331,arithmetic,gsm8k_test_0261,train,remove,C1_transformed,lmsys_rephrase
pairs_arith_v2.csv,2332,arithmetic,gsm8k_test_0261,train,remove,C2_answer_bearing,gsm8k_solution_frag
pairs_arith_v2.csv,2333,arithmetic,gsm8k_test_0261,train,retain,H2_same_template,gsmplus_numerical_substitution
pairs_arith_v2.csv,2334,arithmetic,gsm8k_test_0261,train,remove,C1_transformed,gsmplus_problem_understanding
pairs_arith_v2.csv,2335,arithmetic,gsm8k_test_0261,train,retain,H2_same_template,gsmplus_critical_thinking
pairs_arith_v2.csv,2336,arithmetic,gsm8k_test_0261,train,retain,H1_same_topic,svamp
pairs_arith_v2.csv,2337,arithmetic,gsm8k_test_0261,train,retain,H3_predating,asdiv
pairs_arith_v2.csv,2338,arithmetic,gsm8k_test_0261,train,retain,R_random,truthfulqa
pairs_arith_v2.csv,2339,arithmetic,gsm8k_test_0262,train,remove,C0_exact,gsm8k_copy
pairs_arith_v2.csv,2340,arithmetic,gsm8k_test_0262,train,remove,C1_transformed,lmsys_rephrase
pairs_arith_v2.csv,2341,arithmetic,gsm8k_test_0262,train,remove,C2_answer_bearing,gsm8k_solution_frag
pairs_arith_v2.csv,2342,arithmetic,gsm8k_test_0262,train,retain,H2_same_template,gsmplus_numerical_substitution
pairs_arith_v2.csv,2343,arithmetic,gsm8k_test_0262,train,remove,C1_transformed,gsmplus_problem_understanding
pairs_arith_v2.csv,2344,arithmetic,gsm8k_test_0262,train,retain,H2_same_template,gsmplus_critical_thinking
pairs_arith_v2.csv,2345,arithmetic,gsm8k_test_0262,train,retain,H1_same_topic,svamp
pairs_arith_v2.csv,2346,arithmetic,gsm8k_test_0262,train,retain,H3_predating,asdiv
pairs_arith_v2.csv,2347,arithmetic,gsm8k_test_0262,train,retain,R_random,truthfulqa
pairs_arith_v2.csv,2348,arithmetic,gsm8k_test_0263,train,remove,C0_exact,gsm8k_copy
pairs_arith_v2.csv,2349,arithmetic,gsm8k_test_0263,train,remove,C1_transformed,lmsys_rephrase
pairs_arith_v2.csv,2350,arithmetic,gsm8k_test_0263,train,remove,C2_answer_bearing,gsm8k_solution_frag
pairs_arith_v2.csv,2351,arithmetic,gsm8k_test_0263,train,retain,H2_same_template,gsmplus_numerical_substitution
pairs_arith_v2.csv,2352,arithmetic,gsm8k_test_0263,train,remove,C1_transformed,gsmplus_problem_understanding
pairs_arith_v2.csv,2353,arithmetic,gsm8k_test_0263,train,retain,H2_same_template,gsmplus_critical_thinking
pairs_arith_v2.csv,2354,arithmetic,gsm8k_test_0263,train,retain,H1_same_topic,svamp
pairs_arith_v2.csv,2355,arithmetic,gsm8k_test_0263,train,retain,H3_predating,asdiv
pairs_arith_v2.csv,2356,arithmetic,gsm8k_test_0263,train,retain,R_random,truthfulqa
pairs_arith_v2.csv,2357,arithmetic,gsm8k_test_0264,train,remove,C0_exact,gsm8k_copy
pairs_arith_v2.csv,2358,arithmetic,gsm8k_test_0264,train,remove,C1_transformed,lmsys_rephrase
pairs_arith_v2.csv,2359,arithmetic,gsm8k_test_0264,train,remove,C2_answer_bearing,gsm8k_solution_frag
pairs_arith_v2.csv,2360,arithmetic,gsm8k_test_0264,train,retain,H2_same_template,gsmplus_numerical_substitution
pairs_arith_v2.csv,2361,arithmetic,gsm8k_test_0264,train,remove,C1_transformed,gsmplus_problem_understanding
pairs_arith_v2.csv,2362,arithmetic,gsm8k_test_0264,train,retain,H2_same_template,gsmplus_critical_thinking
pairs_arith_v2.csv,2363,arithmetic,gsm8k_test_0264,train,retain,H1_same_topic,svamp
pairs_arith_v2.csv,2364,arithmetic,gsm8k_test_0264,train,retain,H3_predating,asdiv
pairs_arith_v2.csv,2365,arithmetic,gsm8k_test_0264,train,retain,R_random,truthfulqa
pairs_arith_v2.csv,2375,arithmetic,gsm8k_test_0266,train,remove,C0_exact,gsm8k_copy
pairs_arith_v2.csv,2376,arithmetic,gsm8k_test_0266,train,remove,C1_transformed,lmsys_rephrase
pairs_arith_v2.csv,2377,arithmetic,gsm8k_test_0266,train,remove,C2_answer_bearing,gsm8k_solution_frag
pairs_arith_v2.csv,2378,arithmetic,gsm8k_test_0266,train,retain,H2_same_template,gsmplus_numerical_substitution
pairs_arith_v2.csv,2379,arithmetic,gsm8k_test_0266,train,remove,C1_transformed,gsmplus_problem_understanding
pairs_arith_v2.csv,2380,arithmetic,gsm8k_test_0266,train,retain,H2_same_template,gsmplus_critical_thinking
pairs_arith_v2.csv,2381,arithmetic,gsm8k_test_0266,train,retain,H1_same_topic,svamp
pairs_arith_v2.csv,2382,arithmetic,gsm8k_test_0266,train,retain,H3_predating,asdiv
pairs_arith_v2.csv,2383,arithmetic,gsm8k_test_0266,train,retain,R_random,truthfulqa
pairs_arith_v2.csv,2438,arithmetic,gsm8k_test_0273,train,remove,C0_exact,gsm8k_copy
pairs_arith_v2.csv,2439,arithmetic,gsm8k_test_0273,train,remove,C1_transformed,lmsys_rephrase
pairs_arith_v2.csv,2440,arithmetic,gsm8k_test_0273,train,remove,C2_answer_bearing,gsm8k_solution_frag
pairs_arith_v2.csv,2441,arithmetic,gsm8k_test_0273,train,retain,H2_same_template,gsmplus_numerical_substitution
pairs_arith_v2.csv,2442,arithmetic,gsm8k_test_0273,train,remove,C1_transformed,gsmplus_problem_understanding
pairs_arith_v2.csv,2443,arithmetic,gsm8k_test_0273,train,retain,H2_same_template,gsmplus_critical_thinking
pairs_arith_v2.csv,2444,arithmetic,gsm8k_test_0273,train,retain,H1_same_topic,svamp
pairs_arith_v2.csv,2445,arithmetic,gsm8k_test_0273,train,retain,H3_predating,asdiv
pairs_arith_v2.csv,2446,arithmetic,gsm8k_test_0273,train,retain,R_random,truthfulqa
pairs_arith_v2.csv,2447,arithmetic,gsm8k_test_0274,train,remove,C0_exact,gsm8k_copy
pairs_arith_v2.csv,2448,arithmetic,gsm8k_test_0274,train,remove,C1_transformed,lmsys_rephrase
pairs_arith_v2.csv,2449,arithmetic,gsm8k_test_0274,train,remove,C2_answer_bearing,gsm8k_solution_frag
pairs_arith_v2.csv,2450,arithmetic,gsm8k_test_0274,train,retain,H2_same_template,gsmplus_numerical_substitution
pairs_arith_v2.csv,2451,arithmetic,gsm8k_test_0274,train,remove,C1_transformed,gsmplus_problem_understanding
pairs_arith_v2.csv,2452,arithmetic,gsm8k_test_0274,train,retain,H2_same_template,gsmplus_critical_thinking
pairs_arith_v2.csv,2453,arithmetic,gsm8k_test_0274,train,retain,H1_same_topic,svamp
pairs_arith_v2.csv,2454,arithmetic,gsm8k_test_0274,train,retain,H3_predating,asdiv
pairs_arith_v2.csv,2455,arithmetic,gsm8k_test_0274,train,retain,R_random,truthfulqa
pairs_arith_v2.csv,2465,arithmetic,gsm8k_test_0276,train,remove,C0_exact,gsm8k_copy
pairs_arith_v2.csv,2466,arithmetic,gsm8k_test_0276,train,remove,C1_transformed,lmsys_rephrase
pairs_arith_v2.csv,2467,arithmetic,gsm8k_test_0276,train,remove,C2_answer_bearing,gsm8k_solution_frag
pairs_arith_v2.csv,2468,arithmetic,gsm8k_test_0276,train,retain,H2_same_template,gsmplus_numerical_substitution
pairs_arith_v2.csv,2469,arithmetic,gsm8k_test_0276,train,remove,C1_transformed,gsmplus_problem_understanding
pairs_arith_v2.csv,2470,arithmetic,gsm8k_test_0276,train,retain,H2_same_template,gsmplus_critical_thinking
pairs_arith_v2.csv,2471,arithmetic,gsm8k_test_0276,train,retain,H1_same_topic,svamp
pairs_arith_v2.csv,2472,arithmetic,gsm8k_test_0276,train,retain,H3_predating,asdiv
pairs_arith_v2.csv,2473,arithmetic,gsm8k_test_0276,train,retain,R_random,truthfulqa
pairs_arith_v2.csv,2483,arithmetic,gsm8k_test_0278,train,remove,C0_exact,gsm8k_copy
pairs_arith_v2.csv,2484,arithmetic,gsm8k_test_0278,train,remove,C1_transformed,lmsys_rephrase
pairs_arith_v2.csv,2485,arithmetic,gsm8k_test_0278,train,remove,C2_answer_bearing,gsm8k_solution_frag
pairs_arith_v2.csv,2486,arithmetic,gsm8k_test_0278,train,retain,H2_same_template,gsmplus_numerical_substitution
pairs_arith_v2.csv,2487,arithmetic,gsm8k_test_0278,train,remove,C1_transformed,gsmplus_problem_understanding
pairs_arith_v2.csv,2488,arithmetic,gsm8k_test_0278,train,retain,H2_same_template,gsmplus_critical_thinking
pairs_arith_v2.csv,2489,arithmetic,gsm8k_test_0278,train,retain,H1_same_topic,svamp
pairs_arith_v2.csv,2490,arithmetic,gsm8k_test_0278,train,retain,H3_predating,asdiv
pairs_arith_v2.csv,2491,arithmetic,gsm8k_test_0278,train,retain,R_random,truthfulqa
pairs_arith_v2.csv,2573,arithmetic,gsm8k_test_0288,train,remove,C0_exact,gsm8k_copy
pairs_arith_v2.csv,2574,arithmetic,gsm8k_test_0288,train,remove,C1_transformed,lmsys_rephrase
pairs_arith_v2.csv,2575,arithmetic,gsm8k_test_0288,train,remove,C2_answer_bearing,gsm8k_solution_frag
pairs_arith_v2.csv,2576,arithmetic,gsm8k_test_0288,train,retain,H2_same_template,gsmplus_numerical_substitution
pairs_arith_v2.csv,2577,arithmetic,gsm8k_test_0288,train,remove,C1_transformed,gsmplus_problem_understanding
pairs_arith_v2.csv,2578,arithmetic,gsm8k_test_0288,train,retain,H2_same_template,gsmplus_critical_thinking
pairs_arith_v2.csv,2579,arithmetic,gsm8k_test_0288,train,retain,H1_same_topic,svamp
pairs_arith_v2.csv,2580,arithmetic,gsm8k_test_0288,train,retain,H3_predating,asdiv
pairs_arith_v2.csv,2581,arithmetic,gsm8k_test_0288,train,retain,R_random,truthfulqa
pairs_arith_v2.csv,2590,arithmetic,gsm8k_test_0290,train,remove,C0_exact,gsm8k_copy
pairs_arith_v2.csv,2591,arithmetic,gsm8k_test_0290,train,remove,C1_transformed,lmsys_rephrase
pairs_arith_v2.csv,2592,arithmetic,gsm8k_test_0290,train,remove,C2_answer_bearing,gsm8k_solution_frag
pairs_arith_v2.csv,2593,arithmetic,gsm8k_test_0290,train,retain,H2_same_template,gsmplus_numerical_substitution
pairs_arith_v2.csv,2594,arithmetic,gsm8k_test_0290,train,remove,C1_transformed,gsmplus_problem_understanding
pairs_arith_v2.csv,2595,arithmetic,gsm8k_test_0290,train,retain,H2_same_template,gsmplus_critical_thinking
pairs_arith_v2.csv,2596,arithmetic,gsm8k_test_0290,train,retain,H1_same_topic,svamp
pairs_arith_v2.csv,2597,arithmetic,gsm8k_test_0290,train,retain,H3_predating,asdiv
pairs_arith_v2.csv,2598,arithmetic,gsm8k_test_0290,train,retain,R_random,truthfulqa
pairs_arith_v2.csv,2644,arithmetic,gsm8k_test_0296,train,remove,C0_exact,gsm8k_copy
pairs_arith_v2.csv,2645,arithmetic,gsm8k_test_0296,train,remove,C1_transformed,lmsys_rephrase
pairs_arith_v2.csv,2646,arithmetic,gsm8k_test_0296,train,remove,C2_answer_bearing,gsm8k_solution_frag
pairs_arith_v2.csv,2647,arithmetic,gsm8k_test_0296,train,retain,H2_same_template,gsmplus_numerical_substitution
pairs_arith_v2.csv,2648,arithmetic,gsm8k_test_0296,train,remove,C1_transformed,gsmplus_problem_understanding
pairs_arith_v2.csv,2649,arithmetic,gsm8k_test_0296,train,retain,H2_same_template,gsmplus_critical_thinking
pairs_arith_v2.csv,2650,arithmetic,gsm8k_test_0296,train,retain,H1_same_topic,svamp
pairs_arith_v2.csv,2651,arithmetic,gsm8k_test_0296,train,retain,H3_predating,asdiv
pairs_arith_v2.csv,2652,arithmetic,gsm8k_test_0296,train,retain,R_random,truthfulqa
pairs_arith_v2.csv,2671,arithmetic,gsm8k_test_0299,train,remove,C0_exact,gsm8k_copy
pairs_arith_v2.csv,2672,arithmetic,gsm8k_test_0299,train,remove,C1_transformed,lmsys_rephrase
pairs_arith_v2.csv,2673,arithmetic,gsm8k_test_0299,train,remove,C2_answer_bearing,gsm8k_solution_frag
pairs_arith_v2.csv,2674,arithmetic,gsm8k_test_0299,train,retain,H2_same_template,gsmplus_numerical_substitution
pairs_arith_v2.csv,2675,arithmetic,gsm8k_test_0299,train,remove,C1_transformed,gsmplus_problem_understanding
pairs_arith_v2.csv,2676,arithmetic,gsm8k_test_0299,train,retain,H2_same_template,gsmplus_critical_thinking
pairs_arith_v2.csv,2677,arithmetic,gsm8k_test_0299,train,retain,H1_same_topic,svamp
pairs_arith_v2.csv,2678,arithmetic,gsm8k_test_0299,train,retain,H3_predating,asdiv
pairs_arith_v2.csv,2679,arithmetic,gsm8k_test_0299,train,retain,R_random,truthfulqa
pairs_arith_v2.csv,2707,arithmetic,gsm8k_test_0303,train,remove,C0_exact,gsm8k_copy
pairs_arith_v2.csv,2708,arithmetic,gsm8k_test_0303,train,remove,C1_transformed,lmsys_rephrase
pairs_arith_v2.csv,2709,arithmetic,gsm8k_test_0303,train,remove,C2_answer_bearing,gsm8k_solution_frag
pairs_arith_v2.csv,2710,arithmetic,gsm8k_test_0303,train,retain,H2_same_template,gsmplus_numerical_substitution
pairs_arith_v2.csv,2711,arithmetic,gsm8k_test_0303,train,remove,C1_transformed,gsmplus_problem_understanding
pairs_arith_v2.csv,2712,arithmetic,gsm8k_test_0303,train,retain,H2_same_template,gsmplus_critical_thinking
pairs_arith_v2.csv,2713,arithmetic,gsm8k_test_0303,train,retain,H1_same_topic,svamp
pairs_arith_v2.csv,2714,arithmetic,gsm8k_test_0303,train,retain,H3_predating,asdiv
pairs_arith_v2.csv,2715,arithmetic,gsm8k_test_0303,train,retain,R_random,truthfulqa
pairs_arith_v2.csv,2716,arithmetic,gsm8k_test_0304,train,remove,C0_exact,gsm8k_copy
pairs_arith_v2.csv,2717,arithmetic,gsm8k_test_0304,train,remove,C1_transformed,lmsys_rephrase
pairs_arith_v2.csv,2718,arithmetic,gsm8k_test_0304,train,remove,C2_answer_bearing,gsm8k_solution_frag
pairs_arith_v2.csv,2719,arithmetic,gsm8k_test_0304,train,retain,H2_same_template,gsmplus_numerical_substitution
pairs_arith_v2.csv,2720,arithmetic,gsm8k_test_0304,train,remove,C1_transformed,gsmplus_problem_understanding
pairs_arith_v2.csv,2721,arithmetic,gsm8k_test_0304,train,retain,H2_same_template,gsmplus_critical_thinking
pairs_arith_v2.csv,2722,arithmetic,gsm8k_test_0304,train,retain,H1_same_topic,svamp
pairs_arith_v2.csv,2723,arithmetic,gsm8k_test_0304,train,retain,H3_predating,asdiv
pairs_arith_v2.csv,2724,arithmetic,gsm8k_test_0304,train,retain,R_random,truthfulqa
pairs_arith_v2.csv,2725,arithmetic,gsm8k_test_0305,train,remove,C0_exact,gsm8k_copy
pairs_arith_v2.csv,2726,arithmetic,gsm8k_test_0305,train,remove,C1_transformed,lmsys_rephrase
pairs_arith_v2.csv,2727,arithmetic,gsm8k_test_0305,train,remove,C2_answer_bearing,gsm8k_solution_frag
pairs_arith_v2.csv,2728,arithmetic,gsm8k_test_0305,train,retain,H2_same_template,gsmplus_numerical_substitution
pairs_arith_v2.csv,2729,arithmetic,gsm8k_test_0305,train,remove,C1_transformed,gsmplus_problem_understanding
pairs_arith_v2.csv,2730,arithmetic,gsm8k_test_0305,train,retain,H2_same_template,gsmplus_critical_thinking
pairs_arith_v2.csv,2731,arithmetic,gsm8k_test_0305,train,retain,H1_same_topic,svamp
pairs_arith_v2.csv,2732,arithmetic,gsm8k_test_0305,train,retain,H3_predating,asdiv
pairs_arith_v2.csv,2733,arithmetic,gsm8k_test_0305,train,retain,R_random,truthfulqa
pairs_arith_v2.csv,2743,arithmetic,gsm8k_test_0307,train,remove,C0_exact,gsm8k_copy
pairs_arith_v2.csv,2744,arithmetic,gsm8k_test_0307,train,remove,C1_transformed,lmsys_rephrase
pairs_arith_v2.csv,2745,arithmetic,gsm8k_test_0307,train,remove,C2_answer_bearing,gsm8k_solution_frag
pairs_arith_v2.csv,2746,arithmetic,gsm8k_test_0307,train,retain,H2_same_template,gsmplus_numerical_substitution
pairs_arith_v2.csv,2747,arithmetic,gsm8k_test_0307,train,remove,C1_transformed,gsmplus_problem_understanding
pairs_arith_v2.csv,2748,arithmetic,gsm8k_test_0307,train,retain,H2_same_template,gsmplus_critical_thinking
pairs_arith_v2.csv,2749,arithmetic,gsm8k_test_0307,train,retain,H1_same_topic,svamp
pairs_arith_v2.csv,2750,arithmetic,gsm8k_test_0307,train,retain,H3_predating,asdiv
pairs_arith_v2.csv,2751,arithmetic,gsm8k_test_0307,train,retain,R_random,truthfulqa
pairs_arith_v2.csv,2752,arithmetic,gsm8k_test_0308,train,remove,C0_exact,gsm8k_copy
pairs_arith_v2.csv,2753,arithmetic,gsm8k_test_0308,train,remove,C1_transformed,lmsys_rephrase
pairs_arith_v2.csv,2754,arithmetic,gsm8k_test_0308,train,remove,C2_answer_bearing,gsm8k_solution_frag
pairs_arith_v2.csv,2755,arithmetic,gsm8k_test_0308,train,retain,H2_same_template,gsmplus_numerical_substitution
pairs_arith_v2.csv,2756,arithmetic,gsm8k_test_0308,train,remove,C1_transformed,gsmplus_problem_understanding
pairs_arith_v2.csv,2757,arithmetic,gsm8k_test_0308,train,retain,H2_same_template,gsmplus_critical_thinking
pairs_arith_v2.csv,2758,arithmetic,gsm8k_test_0308,train,retain,H1_same_topic,svamp
pairs_arith_v2.csv,2759,arithmetic,gsm8k_test_0308,train,retain,H3_predating,asdiv
pairs_arith_v2.csv,2760,arithmetic,gsm8k_test_0308,train,retain,R_random,truthfulqa
pairs_arith_v2.csv,2770,arithmetic,gsm8k_test_0310,train,remove,C0_exact,gsm8k_copy
pairs_arith_v2.csv,2771,arithmetic,gsm8k_test_0310,train,remove,C1_transformed,lmsys_rephrase
pairs_arith_v2.csv,2772,arithmetic,gsm8k_test_0310,train,remove,C2_answer_bearing,gsm8k_solution_frag
pairs_arith_v2.csv,2773,arithmetic,gsm8k_test_0310,train,retain,H2_same_template,gsmplus_numerical_substitution
pairs_arith_v2.csv,2774,arithmetic,gsm8k_test_0310,train,remove,C1_transformed,gsmplus_problem_understanding
pairs_arith_v2.csv,2775,arithmetic,gsm8k_test_0310,train,retain,H2_same_template,gsmplus_critical_thinking
pairs_arith_v2.csv,2776,arithmetic,gsm8k_test_0310,train,retain,H1_same_topic,svamp
pairs_arith_v2.csv,2777,arithmetic,gsm8k_test_0310,train,retain,H3_predating,asdiv
pairs_arith_v2.csv,2778,arithmetic,gsm8k_test_0310,train,retain,R_random,truthfulqa
pairs_arith_v2.csv,2788,arithmetic,gsm8k_test_0312,train,remove,C0_exact,gsm8k_copy
pairs_arith_v2.csv,2789,arithmetic,gsm8k_test_0312,train,remove,C1_transformed,lmsys_rephrase
pairs_arith_v2.csv,2790,arithmetic,gsm8k_test_0312,train,remove,C2_answer_bearing,gsm8k_solution_frag
pairs_arith_v2.csv,2791,arithmetic,gsm8k_test_0312,train,retain,H2_same_template,gsmplus_numerical_substitution
pairs_arith_v2.csv,2792,arithmetic,gsm8k_test_0312,train,remove,C1_transformed,gsmplus_problem_understanding
pairs_arith_v2.csv,2793,arithmetic,gsm8k_test_0312,train,retain,H2_same_template,gsmplus_critical_thinking
pairs_arith_v2.csv,2794,arithmetic,gsm8k_test_0312,train,retain,H1_same_topic,svamp
pairs_arith_v2.csv,2795,arithmetic,gsm8k_test_0312,train,retain,H3_predating,asdiv
pairs_arith_v2.csv,2796,arithmetic,gsm8k_test_0312,train,retain,R_random,truthfulqa
pairs_arith_v2.csv,2797,arithmetic,gsm8k_test_0313,train,remove,C0_exact,gsm8k_copy
pairs_arith_v2.csv,2798,arithmetic,gsm8k_test_0313,train,remove,C1_transformed,lmsys_rephrase
pairs_arith_v2.csv,2799,arithmetic,gsm8k_test_0313,train,remove,C2_answer_bearing,gsm8k_solution_frag
pairs_arith_v2.csv,2800,arithmetic,gsm8k_test_0313,train,retain,H2_same_template,gsmplus_numerical_substitution
pairs_arith_v2.csv,2801,arithmetic,gsm8k_test_0313,train,remove,C1_transformed,gsmplus_problem_understanding
pairs_arith_v2.csv,2802,arithmetic,gsm8k_test_0313,train,retain,H2_same_template,gsmplus_critical_thinking
pairs_arith_v2.csv,2803,arithmetic,gsm8k_test_0313,train,retain,H1_same_topic,svamp
pairs_arith_v2.csv,2804,arithmetic,gsm8k_test_0313,train,retain,H3_predating,asdiv
pairs_arith_v2.csv,2805,arithmetic,gsm8k_test_0313,train,retain,R_random,truthfulqa
pairs_arith_v2.csv,2806,arithmetic,gsm8k_test_0314,train,remove,C0_exact,gsm8k_copy
pairs_arith_v2.csv,2807,arithmetic,gsm8k_test_0314,train,remove,C1_transformed,lmsys_rephrase
pairs_arith_v2.csv,2808,arithmetic,gsm8k_test_0314,train,remove,C2_answer_bearing,gsm8k_solution_frag
pairs_arith_v2.csv,2809,arithmetic,gsm8k_test_0314,train,retain,H2_same_template,gsmplus_numerical_substitution
pairs_arith_v2.csv,2810,arithmetic,gsm8k_test_0314,train,remove,C1_transformed,gsmplus_problem_understanding
pairs_arith_v2.csv,2811,arithmetic,gsm8k_test_0314,train,retain,H2_same_template,gsmplus_critical_thinking
pairs_arith_v2.csv,2812,arithmetic,gsm8k_test_0314,train,retain,H1_same_topic,svamp
pairs_arith_v2.csv,2813,arithmetic,gsm8k_test_0314,train,retain,H3_predating,asdiv
pairs_arith_v2.csv,2814,arithmetic,gsm8k_test_0314,train,retain,R_random,truthfulqa
pairs_arith_v2.csv,2878,arithmetic,gsm8k_test_0322,train,remove,C0_exact,gsm8k_copy
pairs_arith_v2.csv,2879,arithmetic,gsm8k_test_0322,train,remove,C1_transformed,lmsys_rephrase
pairs_arith_v2.csv,2880,arithmetic,gsm8k_test_0322,train,remove,C2_answer_bearing,gsm8k_solution_frag
pairs_arith_v2.csv,2881,arithmetic,gsm8k_test_0322,train,retain,H2_same_template,gsmplus_numerical_substitution
pairs_arith_v2.csv,2882,arithmetic,gsm8k_test_0322,train,remove,C1_transformed,gsmplus_problem_understanding
pairs_arith_v2.csv,2883,arithmetic,gsm8k_test_0322,train,retain,H2_same_template,gsmplus_critical_thinking
pairs_arith_v2.csv,2884,arithmetic,gsm8k_test_0322,train,retain,H1_same_topic,svamp
pairs_arith_v2.csv,2885,arithmetic,gsm8k_test_0322,train,retain,H3_predating,asdiv
pairs_arith_v2.csv,2886,arithmetic,gsm8k_test_0322,train,retain,R_random,truthfulqa
pairs_arith_v2.csv,2896,arithmetic,gsm8k_test_0324,train,remove,C0_exact,gsm8k_copy
pairs_arith_v2.csv,2897,arithmetic,gsm8k_test_0324,train,remove,C1_transformed,lmsys_rephrase
pairs_arith_v2.csv,2898,arithmetic,gsm8k_test_0324,train,remove,C2_answer_bearing,gsm8k_solution_frag
pairs_arith_v2.csv,2899,arithmetic,gsm8k_test_0324,train,retain,H2_same_template,gsmplus_numerical_substitution
pairs_arith_v2.csv,2900,arithmetic,gsm8k_test_0324,train,remove,C1_transformed,gsmplus_problem_understanding
pairs_arith_v2.csv,2901,arithmetic,gsm8k_test_0324,train,retain,H2_same_template,gsmplus_critical_thinking
pairs_arith_v2.csv,2902,arithmetic,gsm8k_test_0324,train,retain,H1_same_topic,svamp
pairs_arith_v2.csv,2903,arithmetic,gsm8k_test_0324,train,retain,H3_predating,asdiv
pairs_arith_v2.csv,2904,arithmetic,gsm8k_test_0324,train,retain,R_random,truthfulqa
pairs_arith_v2.csv,2905,arithmetic,gsm8k_test_0325,train,remove,C0_exact,gsm8k_copy
pairs_arith_v2.csv,2906,arithmetic,gsm8k_test_0325,train,remove,C1_transformed,lmsys_rephrase
pairs_arith_v2.csv,2907,arithmetic,gsm8k_test_0325,train,remove,C2_answer_bearing,gsm8k_solution_frag
pairs_arith_v2.csv,2908,arithmetic,gsm8k_test_0325,train,retain,H2_same_template,gsmplus_numerical_substitution
pairs_arith_v2.csv,2909,arithmetic,gsm8k_test_0325,train,remove,C1_transformed,gsmplus_problem_understanding
pairs_arith_v2.csv,2910,arithmetic,gsm8k_test_0325,train,retain,H2_same_template,gsmplus_critical_thinking
pairs_arith_v2.csv,2911,arithmetic,gsm8k_test_0325,train,retain,H1_same_topic,svamp
pairs_arith_v2.csv,2912,arithmetic,gsm8k_test_0325,train,retain,H3_predating,asdiv
pairs_arith_v2.csv,2913,arithmetic,gsm8k_test_0325,train,retain,R_random,truthfulqa
pairs_arith_v2.csv,2923,arithmetic,gsm8k_test_0327,train,remove,C0_exact,gsm8k_copy
pairs_arith_v2.csv,2924,arithmetic,gsm8k_test_0327,train,remove,C1_transformed,lmsys_rephrase
pairs_arith_v2.csv,2925,arithmetic,gsm8k_test_0327,train,remove,C2_answer_bearing,gsm8k_solution_frag
pairs_arith_v2.csv,2926,arithmetic,gsm8k_test_0327,train,retain,H2_same_template,gsmplus_numerical_substitution
pairs_arith_v2.csv,2927,arithmetic,gsm8k_test_0327,train,remove,C1_transformed,gsmplus_problem_understanding
pairs_arith_v2.csv,2928,arithmetic,gsm8k_test_0327,train,retain,H2_same_template,gsmplus_critical_thinking
pairs_arith_v2.csv,2929,arithmetic,gsm8k_test_0327,train,retain,H1_same_topic,svamp
pairs_arith_v2.csv,2930,arithmetic,gsm8k_test_0327,train,retain,H3_predating,asdiv
pairs_arith_v2.csv,2931,arithmetic,gsm8k_test_0327,train,retain,R_random,truthfulqa
pairs_arith_v2.csv,2950,arithmetic,gsm8k_test_0330,train,remove,C0_exact,gsm8k_copy
pairs_arith_v2.csv,2951,arithmetic,gsm8k_test_0330,train,remove,C1_transformed,lmsys_rephrase
pairs_arith_v2.csv,2952,arithmetic,gsm8k_test_0330,train,remove,C2_answer_bearing,gsm8k_solution_frag
pairs_arith_v2.csv,2953,arithmetic,gsm8k_test_0330,train,retain,H2_same_template,gsmplus_numerical_substitution
pairs_arith_v2.csv,2954,arithmetic,gsm8k_test_0330,train,remove,C1_transformed,gsmplus_problem_understanding
pairs_arith_v2.csv,2955,arithmetic,gsm8k_test_0330,train,retain,H2_same_template,gsmplus_critical_thinking
pairs_arith_v2.csv,2956,arithmetic,gsm8k_test_0330,train,retain,H1_same_topic,svamp
pairs_arith_v2.csv,2957,arithmetic,gsm8k_test_0330,train,retain,H3_predating,asdiv
pairs_arith_v2.csv,2958,arithmetic,gsm8k_test_0330,train,retain,R_random,truthfulqa
pairs_arith_v2.csv,2959,arithmetic,gsm8k_test_0331,train,remove,C0_exact,gsm8k_copy
pairs_arith_v2.csv,2960,arithmetic,gsm8k_test_0331,train,remove,C1_transformed,lmsys_rephrase
pairs_arith_v2.csv,2961,arithmetic,gsm8k_test_0331,train,remove,C2_answer_bearing,gsm8k_solution_frag
pairs_arith_v2.csv,2962,arithmetic,gsm8k_test_0331,train,retain,H2_same_template,gsmplus_numerical_substitution
pairs_arith_v2.csv,2963,arithmetic,gsm8k_test_0331,train,remove,C1_transformed,gsmplus_problem_understanding
pairs_arith_v2.csv,2964,arithmetic,gsm8k_test_0331,train,retain,H2_same_template,gsmplus_critical_thinking
pairs_arith_v2.csv,2965,arithmetic,gsm8k_test_0331,train,retain,H1_same_topic,svamp
pairs_arith_v2.csv,2966,arithmetic,gsm8k_test_0331,train,retain,H3_predating,asdiv
pairs_arith_v2.csv,2967,arithmetic,gsm8k_test_0331,train,retain,R_random,truthfulqa
pairs_arith_v2.csv,3013,arithmetic,gsm8k_test_0337,train,remove,C0_exact,gsm8k_copy
pairs_arith_v2.csv,3014,arithmetic,gsm8k_test_0337,train,remove,C1_transformed,lmsys_rephrase
pairs_arith_v2.csv,3015,arithmetic,gsm8k_test_0337,train,remove,C2_answer_bearing,gsm8k_solution_frag
pairs_arith_v2.csv,3016,arithmetic,gsm8k_test_0337,train,retain,H2_same_template,gsmplus_numerical_substitution
pairs_arith_v2.csv,3017,arithmetic,gsm8k_test_0337,train,remove,C1_transformed,gsmplus_problem_understanding
pairs_arith_v2.csv,3018,arithmetic,gsm8k_test_0337,train,retain,H2_same_template,gsmplus_critical_thinking
pairs_arith_v2.csv,3019,arithmetic,gsm8k_test_0337,train,retain,H1_same_topic,svamp
pairs_arith_v2.csv,3020,arithmetic,gsm8k_test_0337,train,retain,H3_predating,asdiv
pairs_arith_v2.csv,3021,arithmetic,gsm8k_test_0337,train,retain,R_random,truthfulqa
pairs_arith_v2.csv,3031,arithmetic,gsm8k_test_0339,train,remove,C0_exact,gsm8k_copy
pairs_arith_v2.csv,3032,arithmetic,gsm8k_test_0339,train,remove,C1_transformed,lmsys_rephrase
pairs_arith_v2.csv,3033,arithmetic,gsm8k_test_0339,train,remove,C2_answer_bearing,gsm8k_solution_frag
pairs_arith_v2.csv,3034,arithmetic,gsm8k_test_0339,train,retain,H2_same_template,gsmplus_numerical_substitution
pairs_arith_v2.csv,3035,arithmetic,gsm8k_test_0339,train,remove,C1_transformed,gsmplus_problem_understanding
pairs_arith_v2.csv,3036,arithmetic,gsm8k_test_0339,train,retain,H2_same_template,gsmplus_critical_thinking
pairs_arith_v2.csv,3037,arithmetic,gsm8k_test_0339,train,retain,H1_same_topic,svamp
pairs_arith_v2.csv,3038,arithmetic,gsm8k_test_0339,train,retain,H3_predating,asdiv
pairs_arith_v2.csv,3039,arithmetic,gsm8k_test_0339,train,retain,R_random,truthfulqa
pairs_arith_v2.csv,3040,arithmetic,gsm8k_test_0340,train,remove,C0_exact,gsm8k_copy
pairs_arith_v2.csv,3041,arithmetic,gsm8k_test_0340,train,remove,C1_transformed,lmsys_rephrase
pairs_arith_v2.csv,3042,arithmetic,gsm8k_test_0340,train,remove,C2_answer_bearing,gsm8k_solution_frag
pairs_arith_v2.csv,3043,arithmetic,gsm8k_test_0340,train,retain,H2_same_template,gsmplus_numerical_substitution
pairs_arith_v2.csv,3044,arithmetic,gsm8k_test_0340,train,remove,C1_transformed,gsmplus_problem_understanding
pairs_arith_v2.csv,3045,arithmetic,gsm8k_test_0340,train,retain,H2_same_template,gsmplus_critical_thinking
pairs_arith_v2.csv,3046,arithmetic,gsm8k_test_0340,train,retain,H1_same_topic,svamp
pairs_arith_v2.csv,3047,arithmetic,gsm8k_test_0340,train,retain,H3_predating,asdiv
pairs_arith_v2.csv,3048,arithmetic,gsm8k_test_0340,train,retain,R_random,truthfulqa
pairs_arith_v2.csv,3049,arithmetic,gsm8k_test_0341,train,remove,C0_exact,gsm8k_copy
pairs_arith_v2.csv,3050,arithmetic,gsm8k_test_0341,train,remove,C1_transformed,lmsys_rephrase
pairs_arith_v2.csv,3051,arithmetic,gsm8k_test_0341,train,remove,C2_answer_bearing,gsm8k_solution_frag
pairs_arith_v2.csv,3052,arithmetic,gsm8k_test_0341,train,retain,H2_same_template,gsmplus_numerical_substitution
pairs_arith_v2.csv,3053,arithmetic,gsm8k_test_0341,train,remove,C1_transformed,gsmplus_problem_understanding
pairs_arith_v2.csv,3054,arithmetic,gsm8k_test_0341,train,retain,H2_same_template,gsmplus_critical_thinking
pairs_arith_v2.csv,3055,arithmetic,gsm8k_test_0341,train,retain,H1_same_topic,svamp
pairs_arith_v2.csv,3056,arithmetic,gsm8k_test_0341,train,retain,H3_predating,asdiv
pairs_arith_v2.csv,3057,arithmetic,gsm8k_test_0341,train,retain,R_random,truthfulqa
pairs_arith_v2.csv,3067,arithmetic,gsm8k_test_0343,train,remove,C0_exact,gsm8k_copy
pairs_arith_v2.csv,3068,arithmetic,gsm8k_test_0343,train,remove,C1_transformed,lmsys_rephrase
pairs_arith_v2.csv,3069,arithmetic,gsm8k_test_0343,train,remove,C2_answer_bearing,gsm8k_solution_frag
pairs_arith_v2.csv,3070,arithmetic,gsm8k_test_0343,train,retain,H2_same_template,gsmplus_numerical_substitution
pairs_arith_v2.csv,3071,arithmetic,gsm8k_test_0343,train,remove,C1_transformed,gsmplus_problem_understanding
pairs_arith_v2.csv,3072,arithmetic,gsm8k_test_0343,train,retain,H2_same_template,gsmplus_critical_thinking
pairs_arith_v2.csv,3073,arithmetic,gsm8k_test_0343,train,retain,H1_same_topic,svamp
pairs_arith_v2.csv,3074,arithmetic,gsm8k_test_0343,train,retain,H3_predating,asdiv
pairs_arith_v2.csv,3075,arithmetic,gsm8k_test_0343,train,retain,R_random,truthfulqa
pairs_arith_v2.csv,3094,arithmetic,gsm8k_test_0346,train,remove,C0_exact,gsm8k_copy
pairs_arith_v2.csv,3095,arithmetic,gsm8k_test_0346,train,remove,C1_transformed,lmsys_rephrase
pairs_arith_v2.csv,3096,arithmetic,gsm8k_test_0346,train,remove,C2_answer_bearing,gsm8k_solution_frag
pairs_arith_v2.csv,3097,arithmetic,gsm8k_test_0346,train,retain,H2_same_template,gsmplus_numerical_substitution
pairs_arith_v2.csv,3098,arithmetic,gsm8k_test_0346,train,remove,C1_transformed,gsmplus_problem_understanding
pairs_arith_v2.csv,3099,arithmetic,gsm8k_test_0346,train,retain,H2_same_template,gsmplus_critical_thinking
pairs_arith_v2.csv,3100,arithmetic,gsm8k_test_0346,train,retain,H1_same_topic,svamp
pairs_arith_v2.csv,3101,arithmetic,gsm8k_test_0346,train,retain,H3_predating,asdiv
pairs_arith_v2.csv,3102,arithmetic,gsm8k_test_0346,train,retain,R_random,truthfulqa
pairs_arith_v2.csv,3103,arithmetic,gsm8k_test_0347,train,remove,C0_exact,gsm8k_copy
pairs_arith_v2.csv,3104,arithmetic,gsm8k_test_0347,train,remove,C1_transformed,lmsys_rephrase
pairs_arith_v2.csv,3105,arithmetic,gsm8k_test_0347,train,remove,C2_answer_bearing,gsm8k_solution_frag
pairs_arith_v2.csv,3106,arithmetic,gsm8k_test_0347,train,retain,H2_same_template,gsmplus_numerical_substitution
pairs_arith_v2.csv,3107,arithmetic,gsm8k_test_0347,train,remove,C1_transformed,gsmplus_problem_understanding
pairs_arith_v2.csv,3108,arithmetic,gsm8k_test_0347,train,retain,H2_same_template,gsmplus_critical_thinking
pairs_arith_v2.csv,3109,arithmetic,gsm8k_test_0347,train,retain,H1_same_topic,svamp
pairs_arith_v2.csv,3110,arithmetic,gsm8k_test_0347,train,retain,H3_predating,asdiv
pairs_arith_v2.csv,3111,arithmetic,gsm8k_test_0347,train,retain,R_random,truthfulqa
pairs_arith_v2.csv,3121,arithmetic,gsm8k_test_0349,train,remove,C0_exact,gsm8k_copy
pairs_arith_v2.csv,3122,arithmetic,gsm8k_test_0349,train,remove,C1_transformed,lmsys_rephrase
pairs_arith_v2.csv,3123,arithmetic,gsm8k_test_0349,train,remove,C2_answer_bearing,gsm8k_solution_frag
pairs_arith_v2.csv,3124,arithmetic,gsm8k_test_0349,train,retain,H2_same_template,gsmplus_numerical_substitution
pairs_arith_v2.csv,3125,arithmetic,gsm8k_test_0349,train,remove,C1_transformed,gsmplus_problem_understanding
pairs_arith_v2.csv,3126,arithmetic,gsm8k_test_0349,train,retain,H2_same_template,gsmplus_critical_thinking
pairs_arith_v2.csv,3127,arithmetic,gsm8k_test_0349,train,retain,H1_same_topic,svamp
pairs_arith_v2.csv,3128,arithmetic,gsm8k_test_0349,train,retain,H3_predating,asdiv
pairs_arith_v2.csv,3129,arithmetic,gsm8k_test_0349,train,retain,R_random,truthfulqa
pairs_arith_v2.csv,3148,arithmetic,gsm8k_test_0352,train,remove,C0_exact,gsm8k_copy
pairs_arith_v2.csv,3149,arithmetic,gsm8k_test_0352,train,remove,C1_transformed,lmsys_rephrase
pairs_arith_v2.csv,3150,arithmetic,gsm8k_test_0352,train,remove,C2_answer_bearing,gsm8k_solution_frag
pairs_arith_v2.csv,3151,arithmetic,gsm8k_test_0352,train,retain,H2_same_template,gsmplus_numerical_substitution
pairs_arith_v2.csv,3152,arithmetic,gsm8k_test_0352,train,remove,C1_transformed,gsmplus_problem_understanding
pairs_arith_v2.csv,3153,arithmetic,gsm8k_test_0352,train,retain,H2_same_template,gsmplus_critical_thinking
pairs_arith_v2.csv,3154,arithmetic,gsm8k_test_0352,train,retain,H1_same_topic,svamp
pairs_arith_v2.csv,3155,arithmetic,gsm8k_test_0352,train,retain,H3_predating,asdiv
pairs_arith_v2.csv,3156,arithmetic,gsm8k_test_0352,train,retain,R_random,truthfulqa
pairs_arith_v2.csv,3220,arithmetic,gsm8k_test_0360,train,remove,C0_exact,gsm8k_copy
pairs_arith_v2.csv,3221,arithmetic,gsm8k_test_0360,train,remove,C1_transformed,lmsys_rephrase
pairs_arith_v2.csv,3222,arithmetic,gsm8k_test_0360,train,remove,C2_answer_bearing,gsm8k_solution_frag
pairs_arith_v2.csv,3223,arithmetic,gsm8k_test_0360,train,retain,H2_same_template,gsmplus_numerical_substitution
pairs_arith_v2.csv,3224,arithmetic,gsm8k_test_0360,train,remove,C1_transformed,gsmplus_problem_understanding
pairs_arith_v2.csv,3225,arithmetic,gsm8k_test_0360,train,retain,H2_same_template,gsmplus_critical_thinking
pairs_arith_v2.csv,3226,arithmetic,gsm8k_test_0360,train,retain,H1_same_topic,svamp
pairs_arith_v2.csv,3227,arithmetic,gsm8k_test_0360,train,retain,H3_predating,asdiv
pairs_arith_v2.csv,3228,arithmetic,gsm8k_test_0360,train,retain,R_random,truthfulqa
pairs_arith_v2.csv,3246,arithmetic,gsm8k_test_0363,train,remove,C0_exact,gsm8k_copy
pairs_arith_v2.csv,3247,arithmetic,gsm8k_test_0363,train,remove,C1_transformed,lmsys_rephrase
pairs_arith_v2.csv,3248,arithmetic,gsm8k_test_0363,train,remove,C2_answer_bearing,gsm8k_solution_frag
pairs_arith_v2.csv,3249,arithmetic,gsm8k_test_0363,train,retain,H2_same_template,gsmplus_numerical_substitution
pairs_arith_v2.csv,3250,arithmetic,gsm8k_test_0363,train,remove,C1_transformed,gsmplus_problem_understanding
pairs_arith_v2.csv,3251,arithmetic,gsm8k_test_0363,train,retain,H2_same_template,gsmplus_critical_thinking
pairs_arith_v2.csv,3252,arithmetic,gsm8k_test_0363,train,retain,H1_same_topic,svamp
pairs_arith_v2.csv,3253,arithmetic,gsm8k_test_0363,train,retain,H3_predating,asdiv
pairs_arith_v2.csv,3254,arithmetic,gsm8k_test_0363,train,retain,R_random,truthfulqa
pairs_arith_v2.csv,3255,arithmetic,gsm8k_test_0364,train,remove,C0_exact,gsm8k_copy
pairs_arith_v2.csv,3256,arithmetic,gsm8k_test_0364,train,remove,C1_transformed,lmsys_rephrase
pairs_arith_v2.csv,3257,arithmetic,gsm8k_test_0364,train,remove,C2_answer_bearing,gsm8k_solution_frag
pairs_arith_v2.csv,3258,arithmetic,gsm8k_test_0364,train,retain,H2_same_template,gsmplus_numerical_substitution
pairs_arith_v2.csv,3259,arithmetic,gsm8k_test_0364,train,remove,C1_transformed,gsmplus_problem_understanding
pairs_arith_v2.csv,3260,arithmetic,gsm8k_test_0364,train,retain,H2_same_template,gsmplus_critical_thinking
pairs_arith_v2.csv,3261,arithmetic,gsm8k_test_0364,train,retain,H1_same_topic,svamp
pairs_arith_v2.csv,3262,arithmetic,gsm8k_test_0364,train,retain,H3_predating,asdiv
pairs_arith_v2.csv,3263,arithmetic,gsm8k_test_0364,train,retain,R_random,truthfulqa
pairs_arith_v2.csv,3273,arithmetic,gsm8k_test_0366,train,remove,C0_exact,gsm8k_copy
pairs_arith_v2.csv,3274,arithmetic,gsm8k_test_0366,train,remove,C1_transformed,lmsys_rephrase
pairs_arith_v2.csv,3275,arithmetic,gsm8k_test_0366,train,remove,C2_answer_bearing,gsm8k_solution_frag
pairs_arith_v2.csv,3276,arithmetic,gsm8k_test_0366,train,retain,H2_same_template,gsmplus_numerical_substitution
pairs_arith_v2.csv,3277,arithmetic,gsm8k_test_0366,train,remove,C1_transformed,gsmplus_problem_understanding
pairs_arith_v2.csv,3278,arithmetic,gsm8k_test_0366,train,retain,H2_same_template,gsmplus_critical_thinking
pairs_arith_v2.csv,3279,arithmetic,gsm8k_test_0366,train,retain,H1_same_topic,svamp
pairs_arith_v2.csv,3280,arithmetic,gsm8k_test_0366,train,retain,H3_predating,asdiv
pairs_arith_v2.csv,3281,arithmetic,gsm8k_test_0366,train,retain,R_random,truthfulqa
pairs_arith_v2.csv,3291,arithmetic,gsm8k_test_0368,train,remove,C0_exact,gsm8k_copy
pairs_arith_v2.csv,3292,arithmetic,gsm8k_test_0368,train,remove,C1_transformed,lmsys_rephrase
pairs_arith_v2.csv,3293,arithmetic,gsm8k_test_0368,train,remove,C2_answer_bearing,gsm8k_solution_frag
pairs_arith_v2.csv,3294,arithmetic,gsm8k_test_0368,train,retain,H2_same_template,gsmplus_numerical_substitution
pairs_arith_v2.csv,3295,arithmetic,gsm8k_test_0368,train,remove,C1_transformed,gsmplus_problem_understanding
pairs_arith_v2.csv,3296,arithmetic,gsm8k_test_0368,train,retain,H2_same_template,gsmplus_critical_thinking
pairs_arith_v2.csv,3297,arithmetic,gsm8k_test_0368,train,retain,H1_same_topic,svamp
pairs_arith_v2.csv,3298,arithmetic,gsm8k_test_0368,train,retain,H3_predating,asdiv
pairs_arith_v2.csv,3299,arithmetic,gsm8k_test_0368,train,retain,R_random,truthfulqa
pairs_arith_v2.csv,3327,arithmetic,gsm8k_test_0372,train,remove,C0_exact,gsm8k_copy
pairs_arith_v2.csv,3328,arithmetic,gsm8k_test_0372,train,remove,C1_transformed,lmsys_rephrase
pairs_arith_v2.csv,3329,arithmetic,gsm8k_test_0372,train,remove,C2_answer_bearing,gsm8k_solution_frag
pairs_arith_v2.csv,3330,arithmetic,gsm8k_test_0372,train,retain,H2_same_template,gsmplus_numerical_substitution
pairs_arith_v2.csv,3331,arithmetic,gsm8k_test_0372,train,remove,C1_transformed,gsmplus_problem_understanding
pairs_arith_v2.csv,3332,arithmetic,gsm8k_test_0372,train,retain,H2_same_template,gsmplus_critical_thinking
pairs_arith_v2.csv,3333,arithmetic,gsm8k_test_0372,train,retain,H1_same_topic,svamp
pairs_arith_v2.csv,3334,arithmetic,gsm8k_test_0372,train,retain,H3_predating,asdiv
pairs_arith_v2.csv,3335,arithmetic,gsm8k_test_0372,train,retain,R_random,truthfulqa
pairs_arith_v2.csv,3336,arithmetic,gsm8k_test_0373,train,remove,C0_exact,gsm8k_copy
pairs_arith_v2.csv,3337,arithmetic,gsm8k_test_0373,train,remove,C1_transformed,lmsys_rephrase
pairs_arith_v2.csv,3338,arithmetic,gsm8k_test_0373,train,remove,C2_answer_bearing,gsm8k_solution_frag
pairs_arith_v2.csv,3339,arithmetic,gsm8k_test_0373,train,retain,H2_same_template,gsmplus_numerical_substitution
pairs_arith_v2.csv,3340,arithmetic,gsm8k_test_0373,train,remove,C1_transformed,gsmplus_problem_understanding
pairs_arith_v2.csv,3341,arithmetic,gsm8k_test_0373,train,retain,H2_same_template,gsmplus_critical_thinking
pairs_arith_v2.csv,3342,arithmetic,gsm8k_test_0373,train,retain,H1_same_topic,svamp
pairs_arith_v2.csv,3343,arithmetic,gsm8k_test_0373,train,retain,H3_predating,asdiv
pairs_arith_v2.csv,3344,arithmetic,gsm8k_test_0373,train,retain,R_random,truthfulqa
pairs_arith_v2.csv,3345,arithmetic,gsm8k_test_0374,train,remove,C0_exact,gsm8k_copy
pairs_arith_v2.csv,3346,arithmetic,gsm8k_test_0374,train,remove,C1_transformed,lmsys_rephrase
pairs_arith_v2.csv,3347,arithmetic,gsm8k_test_0374,train,remove,C2_answer_bearing,gsm8k_solution_frag
pairs_arith_v2.csv,3348,arithmetic,gsm8k_test_0374,train,retain,H2_same_template,gsmplus_numerical_substitution
pairs_arith_v2.csv,3349,arithmetic,gsm8k_test_0374,train,remove,C1_transformed,gsmplus_problem_understanding
pairs_arith_v2.csv,3350,arithmetic,gsm8k_test_0374,train,retain,H2_same_template,gsmplus_critical_thinking
pairs_arith_v2.csv,3351,arithmetic,gsm8k_test_0374,train,retain,H1_same_topic,svamp
pairs_arith_v2.csv,3352,arithmetic,gsm8k_test_0374,train,retain,H3_predating,asdiv
pairs_arith_v2.csv,3353,arithmetic,gsm8k_test_0374,train,retain,R_random,truthfulqa
pairs_arith_v2.csv,3354,arithmetic,gsm8k_test_0375,train,remove,C0_exact,gsm8k_copy
pairs_arith_v2.csv,3355,arithmetic,gsm8k_test_0375,train,remove,C1_transformed,lmsys_rephrase
pairs_arith_v2.csv,3356,arithmetic,gsm8k_test_0375,train,remove,C2_answer_bearing,gsm8k_solution_frag
pairs_arith_v2.csv,3357,arithmetic,gsm8k_test_0375,train,retain,H2_same_template,gsmplus_numerical_substitution
pairs_arith_v2.csv,3358,arithmetic,gsm8k_test_0375,train,remove,C1_transformed,gsmplus_problem_understanding
pairs_arith_v2.csv,3359,arithmetic,gsm8k_test_0375,train,retain,H2_same_template,gsmplus_critical_thinking
pairs_arith_v2.csv,3360,arithmetic,gsm8k_test_0375,train,retain,H1_same_topic,svamp
pairs_arith_v2.csv,3361,arithmetic,gsm8k_test_0375,train,retain,H3_predating,asdiv
pairs_arith_v2.csv,3362,arithmetic,gsm8k_test_0375,train,retain,R_random,truthfulqa
pairs_arith_v2.csv,3389,arithmetic,gsm8k_test_0379,train,remove,C0_exact,gsm8k_copy
pairs_arith_v2.csv,3390,arithmetic,gsm8k_test_0379,train,remove,C1_transformed,lmsys_rephrase
pairs_arith_v2.csv,3391,arithmetic,gsm8k_test_0379,train,remove,C2_answer_bearing,gsm8k_solution_frag
pairs_arith_v2.csv,3392,arithmetic,gsm8k_test_0379,train,retain,H2_same_template,gsmplus_numerical_substitution
pairs_arith_v2.csv,3393,arithmetic,gsm8k_test_0379,train,remove,C1_transformed,gsmplus_problem_understanding
pairs_arith_v2.csv,3394,arithmetic,gsm8k_test_0379,train,retain,H2_same_template,gsmplus_critical_thinking
pairs_arith_v2.csv,3395,arithmetic,gsm8k_test_0379,train,retain,H1_same_topic,svamp
pairs_arith_v2.csv,3396,arithmetic,gsm8k_test_0379,train,retain,H3_predating,asdiv
pairs_arith_v2.csv,3397,arithmetic,gsm8k_test_0379,train,retain,R_random,truthfulqa
pairs_arith_v2.csv,3416,arithmetic,gsm8k_test_0382,train,remove,C0_exact,gsm8k_copy
pairs_arith_v2.csv,3417,arithmetic,gsm8k_test_0382,train,remove,C1_transformed,lmsys_rephrase
pairs_arith_v2.csv,3418,arithmetic,gsm8k_test_0382,train,remove,C2_answer_bearing,gsm8k_solution_frag
pairs_arith_v2.csv,3419,arithmetic,gsm8k_test_0382,train,retain,H2_same_template,gsmplus_numerical_substitution
pairs_arith_v2.csv,3420,arithmetic,gsm8k_test_0382,train,remove,C1_transformed,gsmplus_problem_understanding
pairs_arith_v2.csv,3421,arithmetic,gsm8k_test_0382,train,retain,H2_same_template,gsmplus_critical_thinking
pairs_arith_v2.csv,3422,arithmetic,gsm8k_test_0382,train,retain,H1_same_topic,svamp
pairs_arith_v2.csv,3423,arithmetic,gsm8k_test_0382,train,retain,H3_predating,asdiv
pairs_arith_v2.csv,3424,arithmetic,gsm8k_test_0382,train,retain,R_random,truthfulqa
pairs_arith_v2.csv,3425,arithmetic,gsm8k_test_0383,train,remove,C0_exact,gsm8k_copy
pairs_arith_v2.csv,3426,arithmetic,gsm8k_test_0383,train,remove,C1_transformed,lmsys_rephrase
pairs_arith_v2.csv,3427,arithmetic,gsm8k_test_0383,train,remove,C2_answer_bearing,gsm8k_solution_frag
pairs_arith_v2.csv,3428,arithmetic,gsm8k_test_0383,train,retain,H2_same_template,gsmplus_numerical_substitution
pairs_arith_v2.csv,3429,arithmetic,gsm8k_test_0383,train,remove,C1_transformed,gsmplus_problem_understanding
pairs_arith_v2.csv,3430,arithmetic,gsm8k_test_0383,train,retain,H2_same_template,gsmplus_critical_thinking
pairs_arith_v2.csv,3431,arithmetic,gsm8k_test_0383,train,retain,H1_same_topic,svamp
pairs_arith_v2.csv,3432,arithmetic,gsm8k_test_0383,train,retain,H3_predating,asdiv
pairs_arith_v2.csv,3433,arithmetic,gsm8k_test_0383,train,retain,R_random,truthfulqa
pairs_arith_v2.csv,3443,arithmetic,gsm8k_test_0385,train,remove,C0_exact,gsm8k_copy
pairs_arith_v2.csv,3444,arithmetic,gsm8k_test_0385,train,remove,C1_transformed,lmsys_rephrase
pairs_arith_v2.csv,3445,arithmetic,gsm8k_test_0385,train,remove,C2_answer_bearing,gsm8k_solution_frag
pairs_arith_v2.csv,3446,arithmetic,gsm8k_test_0385,train,retain,H2_same_template,gsmplus_numerical_substitution
pairs_arith_v2.csv,3447,arithmetic,gsm8k_test_0385,train,remove,C1_transformed,gsmplus_problem_understanding
pairs_arith_v2.csv,3448,arithmetic,gsm8k_test_0385,train,retain,H2_same_template,gsmplus_critical_thinking
pairs_arith_v2.csv,3449,arithmetic,gsm8k_test_0385,train,retain,H1_same_topic,svamp
pairs_arith_v2.csv,3450,arithmetic,gsm8k_test_0385,train,retain,H3_predating,asdiv
pairs_arith_v2.csv,3451,arithmetic,gsm8k_test_0385,train,retain,R_random,truthfulqa
pairs_arith_v2.csv,3452,arithmetic,gsm8k_test_0386,train,remove,C0_exact,gsm8k_copy
pairs_arith_v2.csv,3453,arithmetic,gsm8k_test_0386,train,remove,C1_transformed,lmsys_rephrase
pairs_arith_v2.csv,3454,arithmetic,gsm8k_test_0386,train,remove,C2_answer_bearing,gsm8k_solution_frag
pairs_arith_v2.csv,3455,arithmetic,gsm8k_test_0386,train,retain,H2_same_template,gsmplus_numerical_substitution
pairs_arith_v2.csv,3456,arithmetic,gsm8k_test_0386,train,remove,C1_transformed,gsmplus_problem_understanding
pairs_arith_v2.csv,3457,arithmetic,gsm8k_test_0386,train,retain,H2_same_template,gsmplus_critical_thinking
pairs_arith_v2.csv,3458,arithmetic,gsm8k_test_0386,train,retain,H1_same_topic,svamp
pairs_arith_v2.csv,3459,arithmetic,gsm8k_test_0386,train,retain,H3_predating,asdiv
pairs_arith_v2.csv,3460,arithmetic,gsm8k_test_0386,train,retain,R_random,truthfulqa
pairs_arith_v2.csv,3479,arithmetic,gsm8k_test_0389,train,remove,C0_exact,gsm8k_copy
pairs_arith_v2.csv,3480,arithmetic,gsm8k_test_0389,train,remove,C1_transformed,lmsys_rephrase
pairs_arith_v2.csv,3481,arithmetic,gsm8k_test_0389,train,remove,C2_answer_bearing,gsm8k_solution_frag
pairs_arith_v2.csv,3482,arithmetic,gsm8k_test_0389,train,retain,H2_same_template,gsmplus_numerical_substitution
pairs_arith_v2.csv,3483,arithmetic,gsm8k_test_0389,train,remove,C1_transformed,gsmplus_problem_understanding
pairs_arith_v2.csv,3484,arithmetic,gsm8k_test_0389,train,retain,H2_same_template,gsmplus_critical_thinking
pairs_arith_v2.csv,3485,arithmetic,gsm8k_test_0389,train,retain,H1_same_topic,svamp
pairs_arith_v2.csv,3486,arithmetic,gsm8k_test_0389,train,retain,H3_predating,asdiv
pairs_arith_v2.csv,3487,arithmetic,gsm8k_test_0389,train,retain,R_random,truthfulqa
pairs_arith_v2.csv,3497,arithmetic,gsm8k_test_0391,train,remove,C0_exact,gsm8k_copy
pairs_arith_v2.csv,3498,arithmetic,gsm8k_test_0391,train,remove,C1_transformed,lmsys_rephrase
pairs_arith_v2.csv,3499,arithmetic,gsm8k_test_0391,train,remove,C2_answer_bearing,gsm8k_solution_frag
pairs_arith_v2.csv,3500,arithmetic,gsm8k_test_0391,train,retain,H2_same_template,gsmplus_numerical_substitution
pairs_arith_v2.csv,3501,arithmetic,gsm8k_test_0391,train,remove,C1_transformed,gsmplus_problem_understanding
pairs_arith_v2.csv,3502,arithmetic,gsm8k_test_0391,train,retain,H2_same_template,gsmplus_critical_thinking
pairs_arith_v2.csv,3503,arithmetic,gsm8k_test_0391,train,retain,H1_same_topic,svamp
pairs_arith_v2.csv,3504,arithmetic,gsm8k_test_0391,train,retain,H3_predating,asdiv
pairs_arith_v2.csv,3505,arithmetic,gsm8k_test_0391,train,retain,R_random,truthfulqa
pairs_arith_v2.csv,3506,arithmetic,gsm8k_test_0392,train,remove,C0_exact,gsm8k_copy
pairs_arith_v2.csv,3507,arithmetic,gsm8k_test_0392,train,remove,C1_transformed,lmsys_rephrase
pairs_arith_v2.csv,3508,arithmetic,gsm8k_test_0392,train,remove,C2_answer_bearing,gsm8k_solution_frag
pairs_arith_v2.csv,3509,arithmetic,gsm8k_test_0392,train,retain,H2_same_template,gsmplus_numerical_substitution
pairs_arith_v2.csv,3510,arithmetic,gsm8k_test_0392,train,remove,C1_transformed,gsmplus_problem_understanding
pairs_arith_v2.csv,3511,arithmetic,gsm8k_test_0392,train,retain,H2_same_template,gsmplus_critical_thinking
pairs_arith_v2.csv,3512,arithmetic,gsm8k_test_0392,train,retain,H1_same_topic,svamp
pairs_arith_v2.csv,3513,arithmetic,gsm8k_test_0392,train,retain,H3_predating,asdiv
pairs_arith_v2.csv,3514,arithmetic,gsm8k_test_0392,train,retain,R_random,truthfulqa
pairs_arith_v2.csv,3515,arithmetic,gsm8k_test_0393,train,remove,C0_exact,gsm8k_copy
pairs_arith_v2.csv,3516,arithmetic,gsm8k_test_0393,train,remove,C1_transformed,lmsys_rephrase
pairs_arith_v2.csv,3517,arithmetic,gsm8k_test_0393,train,remove,C2_answer_bearing,gsm8k_solution_frag
pairs_arith_v2.csv,3518,arithmetic,gsm8k_test_0393,train,retain,H2_same_template,gsmplus_numerical_substitution
pairs_arith_v2.csv,3519,arithmetic,gsm8k_test_0393,train,remove,C1_transformed,gsmplus_problem_understanding
pairs_arith_v2.csv,3520,arithmetic,gsm8k_test_0393,train,retain,H2_same_template,gsmplus_critical_thinking
pairs_arith_v2.csv,3521,arithmetic,gsm8k_test_0393,train,retain,H1_same_topic,svamp
pairs_arith_v2.csv,3522,arithmetic,gsm8k_test_0393,train,retain,H3_predating,asdiv
pairs_arith_v2.csv,3523,arithmetic,gsm8k_test_0393,train,retain,R_random,truthfulqa
pairs_arith_v2.csv,3524,arithmetic,gsm8k_test_0394,train,remove,C0_exact,gsm8k_copy
pairs_arith_v2.csv,3525,arithmetic,gsm8k_test_0394,train,remove,C1_transformed,lmsys_rephrase
pairs_arith_v2.csv,3526,arithmetic,gsm8k_test_0394,train,remove,C2_answer_bearing,gsm8k_solution_frag
pairs_arith_v2.csv,3527,arithmetic,gsm8k_test_0394,train,retain,H2_same_template,gsmplus_numerical_substitution
pairs_arith_v2.csv,3528,arithmetic,gsm8k_test_0394,train,remove,C1_transformed,gsmplus_problem_understanding
pairs_arith_v2.csv,3529,arithmetic,gsm8k_test_0394,train,retain,H2_same_template,gsmplus_critical_thinking
pairs_arith_v2.csv,3530,arithmetic,gsm8k_test_0394,train,retain,H1_same_topic,svamp
pairs_arith_v2.csv,3531,arithmetic,gsm8k_test_0394,train,retain,H3_predating,asdiv
pairs_arith_v2.csv,3532,arithmetic,gsm8k_test_0394,train,retain,R_random,truthfulqa
pairs_arith_v2.csv,3533,arithmetic,gsm8k_test_0395,train,remove,C0_exact,gsm8k_copy
pairs_arith_v2.csv,3534,arithmetic,gsm8k_test_0395,train,remove,C1_transformed,lmsys_rephrase
pairs_arith_v2.csv,3535,arithmetic,gsm8k_test_0395,train,remove,C2_answer_bearing,gsm8k_solution_frag
pairs_arith_v2.csv,3536,arithmetic,gsm8k_test_0395,train,retain,H2_same_template,gsmplus_numerical_substitution
pairs_arith_v2.csv,3537,arithmetic,gsm8k_test_0395,train,remove,C1_transformed,gsmplus_problem_understanding
pairs_arith_v2.csv,3538,arithmetic,gsm8k_test_0395,train,retain,H2_same_template,gsmplus_critical_thinking
pairs_arith_v2.csv,3539,arithmetic,gsm8k_test_0395,train,retain,H1_same_topic,svamp
pairs_arith_v2.csv,3540,arithmetic,gsm8k_test_0395,train,retain,H3_predating,asdiv
pairs_arith_v2.csv,3541,arithmetic,gsm8k_test_0395,train,retain,R_random,truthfulqa
pairs_arith_v2.csv,3551,arithmetic,gsm8k_test_0397,train,remove,C0_exact,gsm8k_copy
pairs_arith_v2.csv,3552,arithmetic,gsm8k_test_0397,train,remove,C1_transformed,lmsys_rephrase
pairs_arith_v2.csv,3553,arithmetic,gsm8k_test_0397,train,remove,C2_answer_bearing,gsm8k_solution_frag
pairs_arith_v2.csv,3554,arithmetic,gsm8k_test_0397,train,retain,H2_same_template,gsmplus_numerical_substitution
pairs_arith_v2.csv,3555,arithmetic,gsm8k_test_0397,train,remove,C1_transformed,gsmplus_problem_understanding
pairs_arith_v2.csv,3556,arithmetic,gsm8k_test_0397,train,retain,H2_same_template,gsmplus_critical_thinking
pairs_arith_v2.csv,3557,arithmetic,gsm8k_test_0397,train,retain,H1_same_topic,svamp
pairs_arith_v2.csv,3558,arithmetic,gsm8k_test_0397,train,retain,H3_predating,asdiv
pairs_arith_v2.csv,3559,arithmetic,gsm8k_test_0397,train,retain,R_random,truthfulqa
pairs_arith_v2.csv,3578,arithmetic,gsm8k_test_0400,train,remove,C0_exact,gsm8k_copy
pairs_arith_v2.csv,3579,arithmetic,gsm8k_test_0400,train,remove,C1_transformed,lmsys_rephrase
pairs_arith_v2.csv,3580,arithmetic,gsm8k_test_0400,train,remove,C2_answer_bearing,gsm8k_solution_frag
pairs_arith_v2.csv,3581,arithmetic,gsm8k_test_0400,train,retain,H2_same_template,gsmplus_numerical_substitution
pairs_arith_v2.csv,3582,arithmetic,gsm8k_test_0400,train,remove,C1_transformed,gsmplus_problem_understanding
pairs_arith_v2.csv,3583,arithmetic,gsm8k_test_0400,train,retain,H2_same_template,gsmplus_critical_thinking
pairs_arith_v2.csv,3584,arithmetic,gsm8k_test_0400,train,retain,H1_same_topic,svamp
pairs_arith_v2.csv,3585,arithmetic,gsm8k_test_0400,train,retain,H3_predating,asdiv
pairs_arith_v2.csv,3586,arithmetic,gsm8k_test_0400,train,retain,R_random,truthfulqa
pairs_arith_v2.csv,3613,arithmetic,gsm8k_test_0404,train,remove,C0_exact,gsm8k_copy
pairs_arith_v2.csv,3614,arithmetic,gsm8k_test_0404,train,remove,C1_transformed,lmsys_rephrase
pairs_arith_v2.csv,3615,arithmetic,gsm8k_test_0404,train,remove,C2_answer_bearing,gsm8k_solution_frag
pairs_arith_v2.csv,3616,arithmetic,gsm8k_test_0404,train,retain,H2_same_template,gsmplus_numerical_substitution
pairs_arith_v2.csv,3617,arithmetic,gsm8k_test_0404,train,remove,C1_transformed,gsmplus_problem_understanding
pairs_arith_v2.csv,3618,arithmetic,gsm8k_test_0404,train,retain,H2_same_template,gsmplus_critical_thinking
pairs_arith_v2.csv,3619,arithmetic,gsm8k_test_0404,train,retain,H1_same_topic,svamp
pairs_arith_v2.csv,3620,arithmetic,gsm8k_test_0404,train,retain,H3_predating,asdiv
pairs_arith_v2.csv,3621,arithmetic,gsm8k_test_0404,train,retain,R_random,truthfulqa
pairs_arith_v2.csv,3631,arithmetic,gsm8k_test_0406,train,remove,C0_exact,gsm8k_copy
pairs_arith_v2.csv,3632,arithmetic,gsm8k_test_0406,train,remove,C1_transformed,lmsys_rephrase
pairs_arith_v2.csv,3633,arithmetic,gsm8k_test_0406,train,remove,C2_answer_bearing,gsm8k_solution_frag
pairs_arith_v2.csv,3634,arithmetic,gsm8k_test_0406,train,retain,H2_same_template,gsmplus_numerical_substitution
pairs_arith_v2.csv,3635,arithmetic,gsm8k_test_0406,train,remove,C1_transformed,gsmplus_problem_understanding
pairs_arith_v2.csv,3636,arithmetic,gsm8k_test_0406,train,retain,H2_same_template,gsmplus_critical_thinking
pairs_arith_v2.csv,3637,arithmetic,gsm8k_test_0406,train,retain,H1_same_topic,svamp
pairs_arith_v2.csv,3638,arithmetic,gsm8k_test_0406,train,retain,H3_predating,asdiv
pairs_arith_v2.csv,3639,arithmetic,gsm8k_test_0406,train,retain,R_random,truthfulqa
pairs_arith_v2.csv,3694,arithmetic,gsm8k_test_0413,train,remove,C0_exact,gsm8k_copy
pairs_arith_v2.csv,3695,arithmetic,gsm8k_test_0413,train,remove,C1_transformed,lmsys_rephrase
pairs_arith_v2.csv,3696,arithmetic,gsm8k_test_0413,train,remove,C2_answer_bearing,gsm8k_solution_frag
pairs_arith_v2.csv,3697,arithmetic,gsm8k_test_0413,train,retain,H2_same_template,gsmplus_numerical_substitution
pairs_arith_v2.csv,3698,arithmetic,gsm8k_test_0413,train,remove,C1_transformed,gsmplus_problem_understanding
pairs_arith_v2.csv,3699,arithmetic,gsm8k_test_0413,train,retain,H2_same_template,gsmplus_critical_thinking
pairs_arith_v2.csv,3700,arithmetic,gsm8k_test_0413,train,retain,H1_same_topic,svamp
pairs_arith_v2.csv,3701,arithmetic,gsm8k_test_0413,train,retain,H3_predating,asdiv
pairs_arith_v2.csv,3702,arithmetic,gsm8k_test_0413,train,retain,R_random,truthfulqa
pairs_arith_v2.csv,3730,arithmetic,gsm8k_test_0417,train,remove,C0_exact,gsm8k_copy
pairs_arith_v2.csv,3731,arithmetic,gsm8k_test_0417,train,remove,C1_transformed,lmsys_rephrase
pairs_arith_v2.csv,3732,arithmetic,gsm8k_test_0417,train,remove,C2_answer_bearing,gsm8k_solution_frag
pairs_arith_v2.csv,3733,arithmetic,gsm8k_test_0417,train,retain,H2_same_template,gsmplus_numerical_substitution
pairs_arith_v2.csv,3734,arithmetic,gsm8k_test_0417,train,remove,C1_transformed,gsmplus_problem_understanding
pairs_arith_v2.csv,3735,arithmetic,gsm8k_test_0417,train,retain,H2_same_template,gsmplus_critical_thinking
pairs_arith_v2.csv,3736,arithmetic,gsm8k_test_0417,train,retain,H1_same_topic,svamp
pairs_arith_v2.csv,3737,arithmetic,gsm8k_test_0417,train,retain,H3_predating,asdiv
pairs_arith_v2.csv,3738,arithmetic,gsm8k_test_0417,train,retain,R_random,truthfulqa
pairs_arith_v2.csv,3748,arithmetic,gsm8k_test_0419,train,remove,C0_exact,gsm8k_copy
pairs_arith_v2.csv,3749,arithmetic,gsm8k_test_0419,train,remove,C1_transformed,lmsys_rephrase
pairs_arith_v2.csv,3750,arithmetic,gsm8k_test_0419,train,remove,C2_answer_bearing,gsm8k_solution_frag
pairs_arith_v2.csv,3751,arithmetic,gsm8k_test_0419,train,retain,H2_same_template,gsmplus_numerical_substitution
pairs_arith_v2.csv,3752,arithmetic,gsm8k_test_0419,train,remove,C1_transformed,gsmplus_problem_understanding
pairs_arith_v2.csv,3753,arithmetic,gsm8k_test_0419,train,retain,H2_same_template,gsmplus_critical_thinking
pairs_arith_v2.csv,3754,arithmetic,gsm8k_test_0419,train,retain,H1_same_topic,svamp
pairs_arith_v2.csv,3755,arithmetic,gsm8k_test_0419,train,retain,H3_predating,asdiv
pairs_arith_v2.csv,3756,arithmetic,gsm8k_test_0419,train,retain,R_random,truthfulqa
pairs_arith_v2.csv,3757,arithmetic,gsm8k_test_0420,train,remove,C0_exact,gsm8k_copy
pairs_arith_v2.csv,3758,arithmetic,gsm8k_test_0420,train,remove,C1_transformed,lmsys_rephrase
pairs_arith_v2.csv,3759,arithmetic,gsm8k_test_0420,train,remove,C2_answer_bearing,gsm8k_solution_frag
pairs_arith_v2.csv,3760,arithmetic,gsm8k_test_0420,train,retain,H2_same_template,gsmplus_numerical_substitution
pairs_arith_v2.csv,3761,arithmetic,gsm8k_test_0420,train,remove,C1_transformed,gsmplus_problem_understanding
pairs_arith_v2.csv,3762,arithmetic,gsm8k_test_0420,train,retain,H2_same_template,gsmplus_critical_thinking
pairs_arith_v2.csv,3763,arithmetic,gsm8k_test_0420,train,retain,H1_same_topic,svamp
pairs_arith_v2.csv,3764,arithmetic,gsm8k_test_0420,train,retain,H3_predating,asdiv
pairs_arith_v2.csv,3765,arithmetic,gsm8k_test_0420,train,retain,R_random,truthfulqa
pairs_arith_v2.csv,3766,arithmetic,gsm8k_test_0421,train,remove,C0_exact,gsm8k_copy
pairs_arith_v2.csv,3767,arithmetic,gsm8k_test_0421,train,remove,C1_transformed,lmsys_rephrase
pairs_arith_v2.csv,3768,arithmetic,gsm8k_test_0421,train,remove,C2_answer_bearing,gsm8k_solution_frag
pairs_arith_v2.csv,3769,arithmetic,gsm8k_test_0421,train,retain,H2_same_template,gsmplus_numerical_substitution
pairs_arith_v2.csv,3770,arithmetic,gsm8k_test_0421,train,remove,C1_transformed,gsmplus_problem_understanding
pairs_arith_v2.csv,3771,arithmetic,gsm8k_test_0421,train,retain,H2_same_template,gsmplus_critical_thinking
pairs_arith_v2.csv,3772,arithmetic,gsm8k_test_0421,train,retain,H1_same_topic,svamp
pairs_arith_v2.csv,3773,arithmetic,gsm8k_test_0421,train,retain,H3_predating,asdiv
pairs_arith_v2.csv,3774,arithmetic,gsm8k_test_0421,train,retain,R_random,truthfulqa
pairs_arith_v2.csv,3775,arithmetic,gsm8k_test_0422,train,remove,C0_exact,gsm8k_copy
pairs_arith_v2.csv,3776,arithmetic,gsm8k_test_0422,train,remove,C1_transformed,lmsys_rephrase
pairs_arith_v2.csv,3777,arithmetic,gsm8k_test_0422,train,remove,C2_answer_bearing,gsm8k_solution_frag
pairs_arith_v2.csv,3778,arithmetic,gsm8k_test_0422,train,retain,H2_same_template,gsmplus_numerical_substitution
pairs_arith_v2.csv,3779,arithmetic,gsm8k_test_0422,train,remove,C1_transformed,gsmplus_problem_understanding
pairs_arith_v2.csv,3780,arithmetic,gsm8k_test_0422,train,retain,H2_same_template,gsmplus_critical_thinking
pairs_arith_v2.csv,3781,arithmetic,gsm8k_test_0422,train,retain,H1_same_topic,svamp
pairs_arith_v2.csv,3782,arithmetic,gsm8k_test_0422,train,retain,H3_predating,asdiv
pairs_arith_v2.csv,3783,arithmetic,gsm8k_test_0422,train,retain,R_random,truthfulqa
pairs_arith_v2.csv,3811,arithmetic,gsm8k_test_0426,train,remove,C0_exact,gsm8k_copy
pairs_arith_v2.csv,3812,arithmetic,gsm8k_test_0426,train,remove,C1_transformed,lmsys_rephrase
pairs_arith_v2.csv,3813,arithmetic,gsm8k_test_0426,train,remove,C2_answer_bearing,gsm8k_solution_frag
pairs_arith_v2.csv,3814,arithmetic,gsm8k_test_0426,train,retain,H2_same_template,gsmplus_numerical_substitution
pairs_arith_v2.csv,3815,arithmetic,gsm8k_test_0426,train,remove,C1_transformed,gsmplus_problem_understanding
pairs_arith_v2.csv,3816,arithmetic,gsm8k_test_0426,train,retain,H2_same_template,gsmplus_critical_thinking
pairs_arith_v2.csv,3817,arithmetic,gsm8k_test_0426,train,retain,H1_same_topic,svamp
pairs_arith_v2.csv,3818,arithmetic,gsm8k_test_0426,train,retain,H3_predating,asdiv
pairs_arith_v2.csv,3819,arithmetic,gsm8k_test_0426,train,retain,R_random,truthfulqa
pairs_arith_v2.csv,3820,arithmetic,gsm8k_test_0427,train,remove,C0_exact,gsm8k_copy
pairs_arith_v2.csv,3821,arithmetic,gsm8k_test_0427,train,remove,C1_transformed,lmsys_rephrase
pairs_arith_v2.csv,3822,arithmetic,gsm8k_test_0427,train,remove,C2_answer_bearing,gsm8k_solution_frag
pairs_arith_v2.csv,3823,arithmetic,gsm8k_test_0427,train,retain,H2_same_template,gsmplus_numerical_substitution
pairs_arith_v2.csv,3824,arithmetic,gsm8k_test_0427,train,remove,C1_transformed,gsmplus_problem_understanding
pairs_arith_v2.csv,3825,arithmetic,gsm8k_test_0427,train,retain,H2_same_template,gsmplus_critical_thinking
pairs_arith_v2.csv,3826,arithmetic,gsm8k_test_0427,train,retain,H1_same_topic,svamp
pairs_arith_v2.csv,3827,arithmetic,gsm8k_test_0427,train,retain,H3_predating,asdiv
pairs_arith_v2.csv,3828,arithmetic,gsm8k_test_0427,train,retain,R_random,truthfulqa
pairs_arith_v2.csv,3829,arithmetic,gsm8k_test_0428,train,remove,C0_exact,gsm8k_copy
pairs_arith_v2.csv,3830,arithmetic,gsm8k_test_0428,train,remove,C1_transformed,lmsys_rephrase
pairs_arith_v2.csv,3831,arithmetic,gsm8k_test_0428,train,remove,C2_answer_bearing,gsm8k_solution_frag
pairs_arith_v2.csv,3832,arithmetic,gsm8k_test_0428,train,retain,H2_same_template,gsmplus_numerical_substitution
pairs_arith_v2.csv,3833,arithmetic,gsm8k_test_0428,train,remove,C1_transformed,gsmplus_problem_understanding
pairs_arith_v2.csv,3834,arithmetic,gsm8k_test_0428,train,retain,H2_same_template,gsmplus_critical_thinking
pairs_arith_v2.csv,3835,arithmetic,gsm8k_test_0428,train,retain,H1_same_topic,svamp
pairs_arith_v2.csv,3836,arithmetic,gsm8k_test_0428,train,retain,H3_predating,asdiv
pairs_arith_v2.csv,3837,arithmetic,gsm8k_test_0428,train,retain,R_random,truthfulqa
pairs_arith_v2.csv,3838,arithmetic,gsm8k_test_0429,train,remove,C0_exact,gsm8k_copy
pairs_arith_v2.csv,3839,arithmetic,gsm8k_test_0429,train,remove,C1_transformed,lmsys_rephrase
pairs_arith_v2.csv,3840,arithmetic,gsm8k_test_0429,train,remove,C2_answer_bearing,gsm8k_solution_frag
pairs_arith_v2.csv,3841,arithmetic,gsm8k_test_0429,train,retain,H2_same_template,gsmplus_numerical_substitution
pairs_arith_v2.csv,3842,arithmetic,gsm8k_test_0429,train,remove,C1_transformed,gsmplus_problem_understanding
pairs_arith_v2.csv,3843,arithmetic,gsm8k_test_0429,train,retain,H2_same_template,gsmplus_critical_thinking
pairs_arith_v2.csv,3844,arithmetic,gsm8k_test_0429,train,retain,H1_same_topic,svamp
pairs_arith_v2.csv,3845,arithmetic,gsm8k_test_0429,train,retain,H3_predating,asdiv
pairs_arith_v2.csv,3846,arithmetic,gsm8k_test_0429,train,retain,R_random,truthfulqa
pairs_arith_v2.csv,3847,arithmetic,gsm8k_test_0430,train,remove,C0_exact,gsm8k_copy
pairs_arith_v2.csv,3848,arithmetic,gsm8k_test_0430,train,remove,C1_transformed,lmsys_rephrase
pairs_arith_v2.csv,3849,arithmetic,gsm8k_test_0430,train,remove,C2_answer_bearing,gsm8k_solution_frag
pairs_arith_v2.csv,3850,arithmetic,gsm8k_test_0430,train,retain,H2_same_template,gsmplus_numerical_substitution
pairs_arith_v2.csv,3851,arithmetic,gsm8k_test_0430,train,remove,C1_transformed,gsmplus_problem_understanding
pairs_arith_v2.csv,3852,arithmetic,gsm8k_test_0430,train,retain,H2_same_template,gsmplus_critical_thinking
pairs_arith_v2.csv,3853,arithmetic,gsm8k_test_0430,train,retain,H1_same_topic,svamp
pairs_arith_v2.csv,3854,arithmetic,gsm8k_test_0430,train,retain,H3_predating,asdiv
pairs_arith_v2.csv,3855,arithmetic,gsm8k_test_0430,train,retain,R_random,truthfulqa
pairs_arith_v2.csv,3856,arithmetic,gsm8k_test_0431,train,remove,C0_exact,gsm8k_copy
pairs_arith_v2.csv,3857,arithmetic,gsm8k_test_0431,train,remove,C1_transformed,lmsys_rephrase
pairs_arith_v2.csv,3858,arithmetic,gsm8k_test_0431,train,remove,C2_answer_bearing,gsm8k_solution_frag
pairs_arith_v2.csv,3859,arithmetic,gsm8k_test_0431,train,retain,H2_same_template,gsmplus_numerical_substitution
pairs_arith_v2.csv,3860,arithmetic,gsm8k_test_0431,train,remove,C1_transformed,gsmplus_problem_understanding
pairs_arith_v2.csv,3861,arithmetic,gsm8k_test_0431,train,retain,H2_same_template,gsmplus_critical_thinking
pairs_arith_v2.csv,3862,arithmetic,gsm8k_test_0431,train,retain,H1_same_topic,svamp
pairs_arith_v2.csv,3863,arithmetic,gsm8k_test_0431,train,retain,H3_predating,asdiv
pairs_arith_v2.csv,3864,arithmetic,gsm8k_test_0431,train,retain,R_random,truthfulqa
pairs_arith_v2.csv,3883,arithmetic,gsm8k_test_0434,train,remove,C0_exact,gsm8k_copy
pairs_arith_v2.csv,3884,arithmetic,gsm8k_test_0434,train,remove,C1_transformed,lmsys_rephrase
pairs_arith_v2.csv,3885,arithmetic,gsm8k_test_0434,train,remove,C2_answer_bearing,gsm8k_solution_frag
pairs_arith_v2.csv,3886,arithmetic,gsm8k_test_0434,train,retain,H2_same_template,gsmplus_numerical_substitution
pairs_arith_v2.csv,3887,arithmetic,gsm8k_test_0434,train,remove,C1_transformed,gsmplus_problem_understanding
pairs_arith_v2.csv,3888,arithmetic,gsm8k_test_0434,train,retain,H2_same_template,gsmplus_critical_thinking
pairs_arith_v2.csv,3889,arithmetic,gsm8k_test_0434,train,retain,H1_same_topic,svamp
pairs_arith_v2.csv,3890,arithmetic,gsm8k_test_0434,train,retain,H3_predating,asdiv
pairs_arith_v2.csv,3891,arithmetic,gsm8k_test_0434,train,retain,R_random,truthfulqa
pairs_arith_v2.csv,3892,arithmetic,gsm8k_test_0435,train,remove,C0_exact,gsm8k_copy
pairs_arith_v2.csv,3893,arithmetic,gsm8k_test_0435,train,remove,C1_transformed,lmsys_rephrase
pairs_arith_v2.csv,3894,arithmetic,gsm8k_test_0435,train,remove,C2_answer_bearing,gsm8k_solution_frag
pairs_arith_v2.csv,3895,arithmetic,gsm8k_test_0435,train,retain,H2_same_template,gsmplus_numerical_substitution
pairs_arith_v2.csv,3896,arithmetic,gsm8k_test_0435,train,remove,C1_transformed,gsmplus_problem_understanding
pairs_arith_v2.csv,3897,arithmetic,gsm8k_test_0435,train,retain,H2_same_template,gsmplus_critical_thinking
pairs_arith_v2.csv,3898,arithmetic,gsm8k_test_0435,train,retain,H1_same_topic,svamp
pairs_arith_v2.csv,3899,arithmetic,gsm8k_test_0435,train,retain,H3_predating,asdiv
pairs_arith_v2.csv,3900,arithmetic,gsm8k_test_0435,train,retain,R_random,truthfulqa
pairs_arith_v2.csv,3901,arithmetic,gsm8k_test_0436,train,remove,C0_exact,gsm8k_copy
pairs_arith_v2.csv,3902,arithmetic,gsm8k_test_0436,train,remove,C1_transformed,lmsys_rephrase
pairs_arith_v2.csv,3903,arithmetic,gsm8k_test_0436,train,remove,C2_answer_bearing,gsm8k_solution_frag
pairs_arith_v2.csv,3904,arithmetic,gsm8k_test_0436,train,retain,H2_same_template,gsmplus_numerical_substitution
pairs_arith_v2.csv,3905,arithmetic,gsm8k_test_0436,train,remove,C1_transformed,gsmplus_problem_understanding
pairs_arith_v2.csv,3906,arithmetic,gsm8k_test_0436,train,retain,H2_same_template,gsmplus_critical_thinking
pairs_arith_v2.csv,3907,arithmetic,gsm8k_test_0436,train,retain,H1_same_topic,svamp
pairs_arith_v2.csv,3908,arithmetic,gsm8k_test_0436,train,retain,H3_predating,asdiv
pairs_arith_v2.csv,3909,arithmetic,gsm8k_test_0436,train,retain,R_random,truthfulqa
pairs_arith_v2.csv,3937,arithmetic,gsm8k_test_0440,train,remove,C0_exact,gsm8k_copy
pairs_arith_v2.csv,3938,arithmetic,gsm8k_test_0440,train,remove,C1_transformed,lmsys_rephrase
pairs_arith_v2.csv,3939,arithmetic,gsm8k_test_0440,train,remove,C2_answer_bearing,gsm8k_solution_frag
pairs_arith_v2.csv,3940,arithmetic,gsm8k_test_0440,train,retain,H2_same_template,gsmplus_numerical_substitution
pairs_arith_v2.csv,3941,arithmetic,gsm8k_test_0440,train,remove,C1_transformed,gsmplus_problem_understanding
pairs_arith_v2.csv,3942,arithmetic,gsm8k_test_0440,train,retain,H2_same_template,gsmplus_critical_thinking
pairs_arith_v2.csv,3943,arithmetic,gsm8k_test_0440,train,retain,H1_same_topic,svamp
pairs_arith_v2.csv,3944,arithmetic,gsm8k_test_0440,train,retain,H3_predating,asdiv
pairs_arith_v2.csv,3945,arithmetic,gsm8k_test_0440,train,retain,R_random,truthfulqa
pairs_arith_v2.csv,3973,arithmetic,gsm8k_test_0444,train,remove,C0_exact,gsm8k_copy
pairs_arith_v2.csv,3974,arithmetic,gsm8k_test_0444,train,remove,C1_transformed,lmsys_rephrase
pairs_arith_v2.csv,3975,arithmetic,gsm8k_test_0444,train,remove,C2_answer_bearing,gsm8k_solution_frag
pairs_arith_v2.csv,3976,arithmetic,gsm8k_test_0444,train,retain,H2_same_template,gsmplus_numerical_substitution
pairs_arith_v2.csv,3977,arithmetic,gsm8k_test_0444,train,remove,C1_transformed,gsmplus_problem_understanding
pairs_arith_v2.csv,3978,arithmetic,gsm8k_test_0444,train,retain,H2_same_template,gsmplus_critical_thinking
pairs_arith_v2.csv,3979,arithmetic,gsm8k_test_0444,train,retain,H1_same_topic,svamp
pairs_arith_v2.csv,3980,arithmetic,gsm8k_test_0444,train,retain,H3_predating,asdiv
pairs_arith_v2.csv,3981,arithmetic,gsm8k_test_0444,train,retain,R_random,truthfulqa
pairs_arith_v2.csv,4027,arithmetic,gsm8k_test_0450,train,remove,C0_exact,gsm8k_copy
pairs_arith_v2.csv,4028,arithmetic,gsm8k_test_0450,train,remove,C1_transformed,lmsys_rephrase
pairs_arith_v2.csv,4029,arithmetic,gsm8k_test_0450,train,remove,C2_answer_bearing,gsm8k_solution_frag
pairs_arith_v2.csv,4030,arithmetic,gsm8k_test_0450,train,retain,H2_same_template,gsmplus_numerical_substitution
pairs_arith_v2.csv,4031,arithmetic,gsm8k_test_0450,train,remove,C1_transformed,gsmplus_problem_understanding
pairs_arith_v2.csv,4032,arithmetic,gsm8k_test_0450,train,retain,H2_same_template,gsmplus_critical_thinking
pairs_arith_v2.csv,4033,arithmetic,gsm8k_test_0450,train,retain,H1_same_topic,svamp
pairs_arith_v2.csv,4034,arithmetic,gsm8k_test_0450,train,retain,H3_predating,asdiv
pairs_arith_v2.csv,4035,arithmetic,gsm8k_test_0450,train,retain,R_random,truthfulqa
pairs_arith_v2.csv,4081,arithmetic,gsm8k_test_0456,train,remove,C0_exact,gsm8k_copy
pairs_arith_v2.csv,4082,arithmetic,gsm8k_test_0456,train,remove,C1_transformed,lmsys_rephrase
pairs_arith_v2.csv,4083,arithmetic,gsm8k_test_0456,train,remove,C2_answer_bearing,gsm8k_solution_frag
pairs_arith_v2.csv,4084,arithmetic,gsm8k_test_0456,train,retain,H2_same_template,gsmplus_numerical_substitution
pairs_arith_v2.csv,4085,arithmetic,gsm8k_test_0456,train,remove,C1_transformed,gsmplus_problem_understanding
pairs_arith_v2.csv,4086,arithmetic,gsm8k_test_0456,train,retain,H2_same_template,gsmplus_critical_thinking
pairs_arith_v2.csv,4087,arithmetic,gsm8k_test_0456,train,retain,H1_same_topic,svamp
pairs_arith_v2.csv,4088,arithmetic,gsm8k_test_0456,train,retain,H3_predating,asdiv
pairs_arith_v2.csv,4089,arithmetic,gsm8k_test_0456,train,retain,R_random,truthfulqa
pairs_arith_v2.csv,4135,arithmetic,gsm8k_test_0462,train,remove,C0_exact,gsm8k_copy
pairs_arith_v2.csv,4136,arithmetic,gsm8k_test_0462,train,remove,C1_transformed,lmsys_rephrase
pairs_arith_v2.csv,4137,arithmetic,gsm8k_test_0462,train,remove,C2_answer_bearing,gsm8k_solution_frag
pairs_arith_v2.csv,4138,arithmetic,gsm8k_test_0462,train,retain,H2_same_template,gsmplus_numerical_substitution
pairs_arith_v2.csv,4139,arithmetic,gsm8k_test_0462,train,remove,C1_transformed,gsmplus_problem_understanding
pairs_arith_v2.csv,4140,arithmetic,gsm8k_test_0462,train,retain,H2_same_template,gsmplus_critical_thinking
pairs_arith_v2.csv,4141,arithmetic,gsm8k_test_0462,train,retain,H1_same_topic,svamp
pairs_arith_v2.csv,4142,arithmetic,gsm8k_test_0462,train,retain,H3_predating,asdiv
pairs_arith_v2.csv,4143,arithmetic,gsm8k_test_0462,train,retain,R_random,truthfulqa
pairs_arith_v2.csv,4144,arithmetic,gsm8k_test_0463,train,remove,C0_exact,gsm8k_copy
pairs_arith_v2.csv,4145,arithmetic,gsm8k_test_0463,train,remove,C1_transformed,lmsys_rephrase
pairs_arith_v2.csv,4146,arithmetic,gsm8k_test_0463,train,remove,C2_answer_bearing,gsm8k_solution_frag
pairs_arith_v2.csv,4147,arithmetic,gsm8k_test_0463,train,retain,H2_same_template,gsmplus_numerical_substitution
pairs_arith_v2.csv,4148,arithmetic,gsm8k_test_0463,train,remove,C1_transformed,gsmplus_problem_understanding
pairs_arith_v2.csv,4149,arithmetic,gsm8k_test_0463,train,retain,H2_same_template,gsmplus_critical_thinking
pairs_arith_v2.csv,4150,arithmetic,gsm8k_test_0463,train,retain,H1_same_topic,svamp
pairs_arith_v2.csv,4151,arithmetic,gsm8k_test_0463,train,retain,H3_predating,asdiv
pairs_arith_v2.csv,4152,arithmetic,gsm8k_test_0463,train,retain,R_random,truthfulqa
pairs_arith_v2.csv,4171,arithmetic,gsm8k_test_0466,train,remove,C0_exact,gsm8k_copy
pairs_arith_v2.csv,4172,arithmetic,gsm8k_test_0466,train,remove,C1_transformed,lmsys_rephrase
pairs_arith_v2.csv,4173,arithmetic,gsm8k_test_0466,train,remove,C2_answer_bearing,gsm8k_solution_frag
pairs_arith_v2.csv,4174,arithmetic,gsm8k_test_0466,train,retain,H2_same_template,gsmplus_numerical_substitution
pairs_arith_v2.csv,4175,arithmetic,gsm8k_test_0466,train,remove,C1_transformed,gsmplus_problem_understanding
pairs_arith_v2.csv,4176,arithmetic,gsm8k_test_0466,train,retain,H2_same_template,gsmplus_critical_thinking
pairs_arith_v2.csv,4177,arithmetic,gsm8k_test_0466,train,retain,H1_same_topic,svamp
pairs_arith_v2.csv,4178,arithmetic,gsm8k_test_0466,train,retain,H3_predating,asdiv
pairs_arith_v2.csv,4179,arithmetic,gsm8k_test_0466,train,retain,R_random,truthfulqa
pairs_arith_v2.csv,4198,arithmetic,gsm8k_test_0469,train,remove,C0_exact,gsm8k_copy
pairs_arith_v2.csv,4199,arithmetic,gsm8k_test_0469,train,remove,C1_transformed,lmsys_rephrase
pairs_arith_v2.csv,4200,arithmetic,gsm8k_test_0469,train,remove,C2_answer_bearing,gsm8k_solution_frag
pairs_arith_v2.csv,4201,arithmetic,gsm8k_test_0469,train,retain,H2_same_template,gsmplus_numerical_substitution
pairs_arith_v2.csv,4202,arithmetic,gsm8k_test_0469,train,remove,C1_transformed,gsmplus_problem_understanding
pairs_arith_v2.csv,4203,arithmetic,gsm8k_test_0469,train,retain,H2_same_template,gsmplus_critical_thinking
pairs_arith_v2.csv,4204,arithmetic,gsm8k_test_0469,train,retain,H1_same_topic,svamp
pairs_arith_v2.csv,4205,arithmetic,gsm8k_test_0469,train,retain,H3_predating,asdiv
pairs_arith_v2.csv,4206,arithmetic,gsm8k_test_0469,train,retain,R_random,truthfulqa
pairs_arith_v2.csv,4234,arithmetic,gsm8k_test_0473,train,remove,C0_exact,gsm8k_copy
pairs_arith_v2.csv,4235,arithmetic,gsm8k_test_0473,train,remove,C1_transformed,lmsys_rephrase
pairs_arith_v2.csv,4236,arithmetic,gsm8k_test_0473,train,remove,C2_answer_bearing,gsm8k_solution_frag
pairs_arith_v2.csv,4237,arithmetic,gsm8k_test_0473,train,retain,H2_same_template,gsmplus_numerical_substitution
pairs_arith_v2.csv,4238,arithmetic,gsm8k_test_0473,train,remove,C1_transformed,gsmplus_problem_understanding
pairs_arith_v2.csv,4239,arithmetic,gsm8k_test_0473,train,retain,H2_same_template,gsmplus_critical_thinking
pairs_arith_v2.csv,4240,arithmetic,gsm8k_test_0473,train,retain,H1_same_topic,svamp
pairs_arith_v2.csv,4241,arithmetic,gsm8k_test_0473,train,retain,H3_predating,asdiv
pairs_arith_v2.csv,4242,arithmetic,gsm8k_test_0473,train,retain,R_random,truthfulqa
pairs_arith_v2.csv,4305,arithmetic,gsm8k_test_0481,train,remove,C0_exact,gsm8k_copy
pairs_arith_v2.csv,4306,arithmetic,gsm8k_test_0481,train,remove,C1_transformed,lmsys_rephrase
pairs_arith_v2.csv,4307,arithmetic,gsm8k_test_0481,train,remove,C2_answer_bearing,gsm8k_solution_frag
pairs_arith_v2.csv,4308,arithmetic,gsm8k_test_0481,train,retain,H2_same_template,gsmplus_numerical_substitution
pairs_arith_v2.csv,4309,arithmetic,gsm8k_test_0481,train,remove,C1_transformed,gsmplus_problem_understanding
pairs_arith_v2.csv,4310,arithmetic,gsm8k_test_0481,train,retain,H2_same_template,gsmplus_critical_thinking
pairs_arith_v2.csv,4311,arithmetic,gsm8k_test_0481,train,retain,H1_same_topic,svamp
pairs_arith_v2.csv,4312,arithmetic,gsm8k_test_0481,train,retain,H3_predating,asdiv
pairs_arith_v2.csv,4313,arithmetic,gsm8k_test_0481,train,retain,R_random,truthfulqa
pairs_arith_v2.csv,4359,arithmetic,gsm8k_test_0487,train,remove,C0_exact,gsm8k_copy
pairs_arith_v2.csv,4360,arithmetic,gsm8k_test_0487,train,remove,C1_transformed,lmsys_rephrase
pairs_arith_v2.csv,4361,arithmetic,gsm8k_test_0487,train,remove,C2_answer_bearing,gsm8k_solution_frag
pairs_arith_v2.csv,4362,arithmetic,gsm8k_test_0487,train,retain,H2_same_template,gsmplus_numerical_substitution
pairs_arith_v2.csv,4363,arithmetic,gsm8k_test_0487,train,remove,C1_transformed,gsmplus_problem_understanding
pairs_arith_v2.csv,4364,arithmetic,gsm8k_test_0487,train,retain,H2_same_template,gsmplus_critical_thinking
pairs_arith_v2.csv,4365,arithmetic,gsm8k_test_0487,train,retain,H1_same_topic,svamp
pairs_arith_v2.csv,4366,arithmetic,gsm8k_test_0487,train,retain,H3_predating,asdiv
pairs_arith_v2.csv,4367,arithmetic,gsm8k_test_0487,train,retain,R_random,truthfulqa
pairs_arith_v2.csv,4386,arithmetic,gsm8k_test_0490,train,remove,C0_exact,gsm8k_copy
pairs_arith_v2.csv,4387,arithmetic,gsm8k_test_0490,train,remove,C1_transformed,lmsys_rephrase
pairs_arith_v2.csv,4388,arithmetic,gsm8k_test_0490,train,remove,C2_answer_bearing,gsm8k_solution_frag
pairs_arith_v2.csv,4389,arithmetic,gsm8k_test_0490,train,remove,C1_transformed,gsmplus_problem_understanding
pairs_arith_v2.csv,4390,arithmetic,gsm8k_test_0490,train,retain,H2_same_template,gsmplus_critical_thinking
pairs_arith_v2.csv,4391,arithmetic,gsm8k_test_0490,train,retain,H1_same_topic,svamp
pairs_arith_v2.csv,4392,arithmetic,gsm8k_test_0490,train,retain,H3_predating,asdiv
pairs_arith_v2.csv,4393,arithmetic,gsm8k_test_0490,train,retain,R_random,truthfulqa
pairs_arith_v2.csv,4394,arithmetic,gsm8k_test_0491,train,remove,C0_exact,gsm8k_copy
pairs_arith_v2.csv,4395,arithmetic,gsm8k_test_0491,train,remove,C1_transformed,lmsys_rephrase
pairs_arith_v2.csv,4396,arithmetic,gsm8k_test_0491,train,remove,C2_answer_bearing,gsm8k_solution_frag
pairs_arith_v2.csv,4397,arithmetic,gsm8k_test_0491,train,retain,H2_same_template,gsmplus_numerical_substitution
pairs_arith_v2.csv,4398,arithmetic,gsm8k_test_0491,train,remove,C1_transformed,gsmplus_problem_understanding
pairs_arith_v2.csv,4399,arithmetic,gsm8k_test_0491,train,retain,H2_same_template,gsmplus_critical_thinking
pairs_arith_v2.csv,4400,arithmetic,gsm8k_test_0491,train,retain,H1_same_topic,svamp
pairs_arith_v2.csv,4401,arithmetic,gsm8k_test_0491,train,retain,H3_predating,asdiv
pairs_arith_v2.csv,4402,arithmetic,gsm8k_test_0491,train,retain,R_random,truthfulqa
pairs_arith_v2.csv,4430,arithmetic,gsm8k_test_0495,train,remove,C0_exact,gsm8k_copy
pairs_arith_v2.csv,4431,arithmetic,gsm8k_test_0495,train,remove,C1_transformed,lmsys_rephrase
pairs_arith_v2.csv,4432,arithmetic,gsm8k_test_0495,train,remove,C2_answer_bearing,gsm8k_solution_frag
pairs_arith_v2.csv,4433,arithmetic,gsm8k_test_0495,train,retain,H2_same_template,gsmplus_numerical_substitution
pairs_arith_v2.csv,4434,arithmetic,gsm8k_test_0495,train,remove,C1_transformed,gsmplus_problem_understanding
pairs_arith_v2.csv,4435,arithmetic,gsm8k_test_0495,train,retain,H2_same_template,gsmplus_critical_thinking
pairs_arith_v2.csv,4436,arithmetic,gsm8k_test_0495,train,retain,H1_same_topic,svamp
pairs_arith_v2.csv,4437,arithmetic,gsm8k_test_0495,train,retain,H3_predating,asdiv
pairs_arith_v2.csv,4438,arithmetic,gsm8k_test_0495,train,retain,R_random,truthfulqa
pairs_arith_v2.csv,4520,arithmetic,gsm8k_test_0505,train,remove,C0_exact,gsm8k_copy
pairs_arith_v2.csv,4521,arithmetic,gsm8k_test_0505,train,remove,C1_transformed,lmsys_rephrase
pairs_arith_v2.csv,4522,arithmetic,gsm8k_test_0505,train,remove,C2_answer_bearing,gsm8k_solution_frag
pairs_arith_v2.csv,4523,arithmetic,gsm8k_test_0505,train,retain,H2_same_template,gsmplus_numerical_substitution
pairs_arith_v2.csv,4524,arithmetic,gsm8k_test_0505,train,remove,C1_transformed,gsmplus_problem_understanding
pairs_arith_v2.csv,4525,arithmetic,gsm8k_test_0505,train,retain,H2_same_template,gsmplus_critical_thinking
pairs_arith_v2.csv,4526,arithmetic,gsm8k_test_0505,train,retain,H1_same_topic,svamp
pairs_arith_v2.csv,4527,arithmetic,gsm8k_test_0505,train,retain,H3_predating,asdiv
pairs_arith_v2.csv,4528,arithmetic,gsm8k_test_0505,train,retain,R_random,truthfulqa
pairs_arith_v2.csv,4556,arithmetic,gsm8k_test_0509,train,remove,C0_exact,gsm8k_copy
pairs_arith_v2.csv,4557,arithmetic,gsm8k_test_0509,train,remove,C1_transformed,lmsys_rephrase
pairs_arith_v2.csv,4558,arithmetic,gsm8k_test_0509,train,remove,C2_answer_bearing,gsm8k_solution_frag
pairs_arith_v2.csv,4559,arithmetic,gsm8k_test_0509,train,retain,H2_same_template,gsmplus_numerical_substitution
pairs_arith_v2.csv,4560,arithmetic,gsm8k_test_0509,train,remove,C1_transformed,gsmplus_problem_understanding
pairs_arith_v2.csv,4561,arithmetic,gsm8k_test_0509,train,retain,H2_same_template,gsmplus_critical_thinking
pairs_arith_v2.csv,4562,arithmetic,gsm8k_test_0509,train,retain,H1_same_topic,svamp
pairs_arith_v2.csv,4563,arithmetic,gsm8k_test_0509,train,retain,H3_predating,asdiv
pairs_arith_v2.csv,4564,arithmetic,gsm8k_test_0509,train,retain,R_random,truthfulqa
pairs_arith_v2.csv,4565,arithmetic,gsm8k_test_0510,train,remove,C0_exact,gsm8k_copy
pairs_arith_v2.csv,4566,arithmetic,gsm8k_test_0510,train,remove,C1_transformed,lmsys_rephrase
pairs_arith_v2.csv,4567,arithmetic,gsm8k_test_0510,train,remove,C2_answer_bearing,gsm8k_solution_frag
pairs_arith_v2.csv,4568,arithmetic,gsm8k_test_0510,train,retain,H2_same_template,gsmplus_numerical_substitution
pairs_arith_v2.csv,4569,arithmetic,gsm8k_test_0510,train,remove,C1_transformed,gsmplus_problem_understanding
pairs_arith_v2.csv,4570,arithmetic,gsm8k_test_0510,train,retain,H2_same_template,gsmplus_critical_thinking
pairs_arith_v2.csv,4571,arithmetic,gsm8k_test_0510,train,retain,H1_same_topic,svamp
pairs_arith_v2.csv,4572,arithmetic,gsm8k_test_0510,train,retain,H3_predating,asdiv
pairs_arith_v2.csv,4573,arithmetic,gsm8k_test_0510,train,retain,R_random,truthfulqa
pairs_arith_v2.csv,4574,arithmetic,gsm8k_test_0511,train,remove,C0_exact,gsm8k_copy
pairs_arith_v2.csv,4575,arithmetic,gsm8k_test_0511,train,remove,C1_transformed,lmsys_rephrase
pairs_arith_v2.csv,4576,arithmetic,gsm8k_test_0511,train,remove,C2_answer_bearing,gsm8k_solution_frag
pairs_arith_v2.csv,4577,arithmetic,gsm8k_test_0511,train,retain,H2_same_template,gsmplus_numerical_substitution
pairs_arith_v2.csv,4578,arithmetic,gsm8k_test_0511,train,remove,C1_transformed,gsmplus_problem_understanding
pairs_arith_v2.csv,4579,arithmetic,gsm8k_test_0511,train,retain,H2_same_template,gsmplus_critical_thinking
pairs_arith_v2.csv,4580,arithmetic,gsm8k_test_0511,train,retain,H1_same_topic,svamp
pairs_arith_v2.csv,4581,arithmetic,gsm8k_test_0511,train,retain,H3_predating,asdiv
pairs_arith_v2.csv,4582,arithmetic,gsm8k_test_0511,train,retain,R_random,truthfulqa
pairs_arith_v2.csv,4592,arithmetic,gsm8k_test_0513,train,remove,C0_exact,gsm8k_copy
pairs_arith_v2.csv,4593,arithmetic,gsm8k_test_0513,train,remove,C1_transformed,lmsys_rephrase
pairs_arith_v2.csv,4594,arithmetic,gsm8k_test_0513,train,remove,C2_answer_bearing,gsm8k_solution_frag
pairs_arith_v2.csv,4595,arithmetic,gsm8k_test_0513,train,retain,H2_same_template,gsmplus_numerical_substitution
pairs_arith_v2.csv,4596,arithmetic,gsm8k_test_0513,train,remove,C1_transformed,gsmplus_problem_understanding
pairs_arith_v2.csv,4597,arithmetic,gsm8k_test_0513,train,retain,H2_same_template,gsmplus_critical_thinking
pairs_arith_v2.csv,4598,arithmetic,gsm8k_test_0513,train,retain,H1_same_topic,svamp
pairs_arith_v2.csv,4599,arithmetic,gsm8k_test_0513,train,retain,H3_predating,asdiv
pairs_arith_v2.csv,4600,arithmetic,gsm8k_test_0513,train,retain,R_random,truthfulqa
pairs_arith_v2.csv,4601,arithmetic,gsm8k_test_0514,train,remove,C0_exact,gsm8k_copy
pairs_arith_v2.csv,4602,arithmetic,gsm8k_test_0514,train,remove,C1_transformed,lmsys_rephrase
pairs_arith_v2.csv,4603,arithmetic,gsm8k_test_0514,train,remove,C2_answer_bearing,gsm8k_solution_frag
pairs_arith_v2.csv,4604,arithmetic,gsm8k_test_0514,train,retain,H2_same_template,gsmplus_numerical_substitution
pairs_arith_v2.csv,4605,arithmetic,gsm8k_test_0514,train,remove,C1_transformed,gsmplus_problem_understanding
pairs_arith_v2.csv,4606,arithmetic,gsm8k_test_0514,train,retain,H2_same_template,gsmplus_critical_thinking
pairs_arith_v2.csv,4607,arithmetic,gsm8k_test_0514,train,retain,H1_same_topic,svamp
pairs_arith_v2.csv,4608,arithmetic,gsm8k_test_0514,train,retain,H3_predating,asdiv
pairs_arith_v2.csv,4609,arithmetic,gsm8k_test_0514,train,retain,R_random,truthfulqa
pairs_arith_v2.csv,4610,arithmetic,gsm8k_test_0515,train,remove,C0_exact,gsm8k_copy
pairs_arith_v2.csv,4611,arithmetic,gsm8k_test_0515,train,remove,C1_transformed,lmsys_rephrase
pairs_arith_v2.csv,4612,arithmetic,gsm8k_test_0515,train,remove,C2_answer_bearing,gsm8k_solution_frag
pairs_arith_v2.csv,4613,arithmetic,gsm8k_test_0515,train,retain,H2_same_template,gsmplus_numerical_substitution
pairs_arith_v2.csv,4614,arithmetic,gsm8k_test_0515,train,remove,C1_transformed,gsmplus_problem_understanding
pairs_arith_v2.csv,4615,arithmetic,gsm8k_test_0515,train,retain,H2_same_template,gsmplus_critical_thinking
pairs_arith_v2.csv,4616,arithmetic,gsm8k_test_0515,train,retain,H1_same_topic,svamp
pairs_arith_v2.csv,4617,arithmetic,gsm8k_test_0515,train,retain,H3_predating,asdiv
pairs_arith_v2.csv,4618,arithmetic,gsm8k_test_0515,train,retain,R_random,truthfulqa
pairs_arith_v2.csv,4619,arithmetic,gsm8k_test_0516,train,remove,C0_exact,gsm8k_copy
pairs_arith_v2.csv,4620,arithmetic,gsm8k_test_0516,train,remove,C1_transformed,lmsys_rephrase
pairs_arith_v2.csv,4621,arithmetic,gsm8k_test_0516,train,remove,C2_answer_bearing,gsm8k_solution_frag
pairs_arith_v2.csv,4622,arithmetic,gsm8k_test_0516,train,retain,H2_same_template,gsmplus_numerical_substitution
pairs_arith_v2.csv,4623,arithmetic,gsm8k_test_0516,train,remove,C1_transformed,gsmplus_problem_understanding
pairs_arith_v2.csv,4624,arithmetic,gsm8k_test_0516,train,retain,H2_same_template,gsmplus_critical_thinking
pairs_arith_v2.csv,4625,arithmetic,gsm8k_test_0516,train,retain,H1_same_topic,svamp
pairs_arith_v2.csv,4626,arithmetic,gsm8k_test_0516,train,retain,H3_predating,asdiv
pairs_arith_v2.csv,4627,arithmetic,gsm8k_test_0516,train,retain,R_random,truthfulqa
pairs_arith_v2.csv,4646,arithmetic,gsm8k_test_0519,train,remove,C0_exact,gsm8k_copy
pairs_arith_v2.csv,4647,arithmetic,gsm8k_test_0519,train,remove,C1_transformed,lmsys_rephrase
pairs_arith_v2.csv,4648,arithmetic,gsm8k_test_0519,train,remove,C2_answer_bearing,gsm8k_solution_frag
pairs_arith_v2.csv,4649,arithmetic,gsm8k_test_0519,train,retain,H2_same_template,gsmplus_numerical_substitution
pairs_arith_v2.csv,4650,arithmetic,gsm8k_test_0519,train,remove,C1_transformed,gsmplus_problem_understanding
pairs_arith_v2.csv,4651,arithmetic,gsm8k_test_0519,train,retain,H2_same_template,gsmplus_critical_thinking
pairs_arith_v2.csv,4652,arithmetic,gsm8k_test_0519,train,retain,H1_same_topic,svamp
pairs_arith_v2.csv,4653,arithmetic,gsm8k_test_0519,train,retain,H3_predating,asdiv
pairs_arith_v2.csv,4654,arithmetic,gsm8k_test_0519,train,retain,R_random,truthfulqa
pairs_arith_v2.csv,4664,arithmetic,gsm8k_test_0521,train,remove,C0_exact,gsm8k_copy
pairs_arith_v2.csv,4665,arithmetic,gsm8k_test_0521,train,remove,C1_transformed,lmsys_rephrase
pairs_arith_v2.csv,4666,arithmetic,gsm8k_test_0521,train,remove,C2_answer_bearing,gsm8k_solution_frag
pairs_arith_v2.csv,4667,arithmetic,gsm8k_test_0521,train,retain,H2_same_template,gsmplus_numerical_substitution
pairs_arith_v2.csv,4668,arithmetic,gsm8k_test_0521,train,remove,C1_transformed,gsmplus_problem_understanding
pairs_arith_v2.csv,4669,arithmetic,gsm8k_test_0521,train,retain,H2_same_template,gsmplus_critical_thinking
pairs_arith_v2.csv,4670,arithmetic,gsm8k_test_0521,train,retain,H1_same_topic,svamp
pairs_arith_v2.csv,4671,arithmetic,gsm8k_test_0521,train,retain,H3_predating,asdiv
pairs_arith_v2.csv,4672,arithmetic,gsm8k_test_0521,train,retain,R_random,truthfulqa
pairs_arith_v2.csv,4673,arithmetic,gsm8k_test_0522,train,remove,C0_exact,gsm8k_copy
pairs_arith_v2.csv,4674,arithmetic,gsm8k_test_0522,train,remove,C1_transformed,lmsys_rephrase
pairs_arith_v2.csv,4675,arithmetic,gsm8k_test_0522,train,remove,C2_answer_bearing,gsm8k_solution_frag
pairs_arith_v2.csv,4676,arithmetic,gsm8k_test_0522,train,retain,H2_same_template,gsmplus_numerical_substitution
pairs_arith_v2.csv,4677,arithmetic,gsm8k_test_0522,train,remove,C1_transformed,gsmplus_problem_understanding
pairs_arith_v2.csv,4678,arithmetic,gsm8k_test_0522,train,retain,H2_same_template,gsmplus_critical_thinking
pairs_arith_v2.csv,4679,arithmetic,gsm8k_test_0522,train,retain,H1_same_topic,svamp
pairs_arith_v2.csv,4680,arithmetic,gsm8k_test_0522,train,retain,H3_predating,asdiv
pairs_arith_v2.csv,4681,arithmetic,gsm8k_test_0522,train,retain,R_random,truthfulqa
pairs_arith_v2.csv,4691,arithmetic,gsm8k_test_0524,train,remove,C0_exact,gsm8k_copy
pairs_arith_v2.csv,4692,arithmetic,gsm8k_test_0524,train,remove,C1_transformed,lmsys_rephrase
pairs_arith_v2.csv,4693,arithmetic,gsm8k_test_0524,train,remove,C2_answer_bearing,gsm8k_solution_frag
pairs_arith_v2.csv,4694,arithmetic,gsm8k_test_0524,train,remove,C1_transformed,gsmplus_problem_understanding
pairs_arith_v2.csv,4695,arithmetic,gsm8k_test_0524,train,retain,H2_same_template,gsmplus_critical_thinking
pairs_arith_v2.csv,4696,arithmetic,gsm8k_test_0524,train,retain,H1_same_topic,svamp
pairs_arith_v2.csv,4697,arithmetic,gsm8k_test_0524,train,retain,H3_predating,asdiv
pairs_arith_v2.csv,4698,arithmetic,gsm8k_test_0524,train,retain,R_random,truthfulqa
pairs_arith_v2.csv,4699,arithmetic,gsm8k_test_0525,train,remove,C0_exact,gsm8k_copy
pairs_arith_v2.csv,4700,arithmetic,gsm8k_test_0525,train,remove,C1_transformed,lmsys_rephrase
pairs_arith_v2.csv,4701,arithmetic,gsm8k_test_0525,train,remove,C2_answer_bearing,gsm8k_solution_frag
pairs_arith_v2.csv,4702,arithmetic,gsm8k_test_0525,train,retain,H2_same_template,gsmplus_numerical_substitution
pairs_arith_v2.csv,4703,arithmetic,gsm8k_test_0525,train,remove,C1_transformed,gsmplus_problem_understanding
pairs_arith_v2.csv,4704,arithmetic,gsm8k_test_0525,train,retain,H2_same_template,gsmplus_critical_thinking
pairs_arith_v2.csv,4705,arithmetic,gsm8k_test_0525,train,retain,H1_same_topic,svamp
pairs_arith_v2.csv,4706,arithmetic,gsm8k_test_0525,train,retain,H3_predating,asdiv
pairs_arith_v2.csv,4707,arithmetic,gsm8k_test_0525,train,retain,R_random,truthfulqa
pairs_arith_v2.csv,4735,arithmetic,gsm8k_test_0529,train,remove,C0_exact,gsm8k_copy
pairs_arith_v2.csv,4736,arithmetic,gsm8k_test_0529,train,remove,C1_transformed,lmsys_rephrase
pairs_arith_v2.csv,4737,arithmetic,gsm8k_test_0529,train,remove,C2_answer_bearing,gsm8k_solution_frag
pairs_arith_v2.csv,4738,arithmetic,gsm8k_test_0529,train,retain,H2_same_template,gsmplus_numerical_substitution
pairs_arith_v2.csv,4739,arithmetic,gsm8k_test_0529,train,remove,C1_transformed,gsmplus_problem_understanding
pairs_arith_v2.csv,4740,arithmetic,gsm8k_test_0529,train,retain,H2_same_template,gsmplus_critical_thinking
pairs_arith_v2.csv,4741,arithmetic,gsm8k_test_0529,train,retain,H1_same_topic,svamp
pairs_arith_v2.csv,4742,arithmetic,gsm8k_test_0529,train,retain,H3_predating,asdiv
pairs_arith_v2.csv,4743,arithmetic,gsm8k_test_0529,train,retain,R_random,truthfulqa
pairs_arith_v2.csv,4753,arithmetic,gsm8k_test_0531,train,remove,C0_exact,gsm8k_copy
pairs_arith_v2.csv,4754,arithmetic,gsm8k_test_0531,train,remove,C1_transformed,lmsys_rephrase
pairs_arith_v2.csv,4755,arithmetic,gsm8k_test_0531,train,remove,C2_answer_bearing,gsm8k_solution_frag
pairs_arith_v2.csv,4756,arithmetic,gsm8k_test_0531,train,retain,H2_same_template,gsmplus_numerical_substitution
pairs_arith_v2.csv,4757,arithmetic,gsm8k_test_0531,train,remove,C1_transformed,gsmplus_problem_understanding
pairs_arith_v2.csv,4758,arithmetic,gsm8k_test_0531,train,retain,H2_same_template,gsmplus_critical_thinking
pairs_arith_v2.csv,4759,arithmetic,gsm8k_test_0531,train,retain,H1_same_topic,svamp
pairs_arith_v2.csv,4760,arithmetic,gsm8k_test_0531,train,retain,H3_predating,asdiv
pairs_arith_v2.csv,4761,arithmetic,gsm8k_test_0531,train,retain,R_random,truthfulqa
pairs_arith_v2.csv,4771,arithmetic,gsm8k_test_0533,train,remove,C0_exact,gsm8k_copy
pairs_arith_v2.csv,4772,arithmetic,gsm8k_test_0533,train,remove,C1_transformed,lmsys_rephrase
pairs_arith_v2.csv,4773,arithmetic,gsm8k_test_0533,train,remove,C2_answer_bearing,gsm8k_solution_frag
pairs_arith_v2.csv,4774,arithmetic,gsm8k_test_0533,train,retain,H2_same_template,gsmplus_numerical_substitution
pairs_arith_v2.csv,4775,arithmetic,gsm8k_test_0533,train,remove,C1_transformed,gsmplus_problem_understanding
pairs_arith_v2.csv,4776,arithmetic,gsm8k_test_0533,train,retain,H2_same_template,gsmplus_critical_thinking
pairs_arith_v2.csv,4777,arithmetic,gsm8k_test_0533,train,retain,H1_same_topic,svamp
pairs_arith_v2.csv,4778,arithmetic,gsm8k_test_0533,train,retain,H3_predating,asdiv
pairs_arith_v2.csv,4779,arithmetic,gsm8k_test_0533,train,retain,R_random,truthfulqa
pairs_arith_v2.csv,4789,arithmetic,gsm8k_test_0535,train,remove,C0_exact,gsm8k_copy
pairs_arith_v2.csv,4790,arithmetic,gsm8k_test_0535,train,remove,C1_transformed,lmsys_rephrase
pairs_arith_v2.csv,4791,arithmetic,gsm8k_test_0535,train,remove,C2_answer_bearing,gsm8k_solution_frag
pairs_arith_v2.csv,4792,arithmetic,gsm8k_test_0535,train,retain,H2_same_template,gsmplus_numerical_substitution
pairs_arith_v2.csv,4793,arithmetic,gsm8k_test_0535,train,remove,C1_transformed,gsmplus_problem_understanding
pairs_arith_v2.csv,4794,arithmetic,gsm8k_test_0535,train,retain,H2_same_template,gsmplus_critical_thinking
pairs_arith_v2.csv,4795,arithmetic,gsm8k_test_0535,train,retain,H1_same_topic,svamp
pairs_arith_v2.csv,4796,arithmetic,gsm8k_test_0535,train,retain,H3_predating,asdiv
pairs_arith_v2.csv,4797,arithmetic,gsm8k_test_0535,train,retain,R_random,truthfulqa
pairs_arith_v2.csv,4834,arithmetic,gsm8k_test_0540,train,remove,C0_exact,gsm8k_copy
pairs_arith_v2.csv,4835,arithmetic,gsm8k_test_0540,train,remove,C1_transformed,lmsys_rephrase
pairs_arith_v2.csv,4836,arithmetic,gsm8k_test_0540,train,remove,C2_answer_bearing,gsm8k_solution_frag
pairs_arith_v2.csv,4837,arithmetic,gsm8k_test_0540,train,retain,H2_same_template,gsmplus_numerical_substitution
pairs_arith_v2.csv,4838,arithmetic,gsm8k_test_0540,train,remove,C1_transformed,gsmplus_problem_understanding
pairs_arith_v2.csv,4839,arithmetic,gsm8k_test_0540,train,retain,H2_same_template,gsmplus_critical_thinking
pairs_arith_v2.csv,4840,arithmetic,gsm8k_test_0540,train,retain,H1_same_topic,svamp
pairs_arith_v2.csv,4841,arithmetic,gsm8k_test_0540,train,retain,H3_predating,asdiv
pairs_arith_v2.csv,4842,arithmetic,gsm8k_test_0540,train,retain,R_random,truthfulqa
pairs_arith_v2.csv,4861,arithmetic,gsm8k_test_0543,train,remove,C0_exact,gsm8k_copy
pairs_arith_v2.csv,4862,arithmetic,gsm8k_test_0543,train,remove,C1_transformed,lmsys_rephrase
pairs_arith_v2.csv,4863,arithmetic,gsm8k_test_0543,train,remove,C2_answer_bearing,gsm8k_solution_frag
pairs_arith_v2.csv,4864,arithmetic,gsm8k_test_0543,train,retain,H2_same_template,gsmplus_numerical_substitution
pairs_arith_v2.csv,4865,arithmetic,gsm8k_test_0543,train,remove,C1_transformed,gsmplus_problem_understanding
pairs_arith_v2.csv,4866,arithmetic,gsm8k_test_0543,train,retain,H2_same_template,gsmplus_critical_thinking
pairs_arith_v2.csv,4867,arithmetic,gsm8k_test_0543,train,retain,H1_same_topic,svamp
pairs_arith_v2.csv,4868,arithmetic,gsm8k_test_0543,train,retain,H3_predating,asdiv
pairs_arith_v2.csv,4869,arithmetic,gsm8k_test_0543,train,retain,R_random,truthfulqa
pairs_arith_v2.csv,4942,arithmetic,gsm8k_test_0552,train,remove,C0_exact,gsm8k_copy
pairs_arith_v2.csv,4943,arithmetic,gsm8k_test_0552,train,remove,C1_transformed,lmsys_rephrase
pairs_arith_v2.csv,4944,arithmetic,gsm8k_test_0552,train,remove,C2_answer_bearing,gsm8k_solution_frag
pairs_arith_v2.csv,4945,arithmetic,gsm8k_test_0552,train,retain,H2_same_template,gsmplus_numerical_substitution
pairs_arith_v2.csv,4946,arithmetic,gsm8k_test_0552,train,remove,C1_transformed,gsmplus_problem_understanding
pairs_arith_v2.csv,4947,arithmetic,gsm8k_test_0552,train,retain,H2_same_template,gsmplus_critical_thinking
pairs_arith_v2.csv,4948,arithmetic,gsm8k_test_0552,train,retain,H1_same_topic,svamp
pairs_arith_v2.csv,4949,arithmetic,gsm8k_test_0552,train,retain,H3_predating,asdiv
pairs_arith_v2.csv,4950,arithmetic,gsm8k_test_0552,train,retain,R_random,truthfulqa
pairs_arith_v2.csv,4977,arithmetic,gsm8k_test_0556,train,remove,C0_exact,gsm8k_copy
pairs_arith_v2.csv,4978,arithmetic,gsm8k_test_0556,train,remove,C1_transformed,lmsys_rephrase
pairs_arith_v2.csv,4979,arithmetic,gsm8k_test_0556,train,remove,C2_answer_bearing,gsm8k_solution_frag
pairs_arith_v2.csv,4980,arithmetic,gsm8k_test_0556,train,retain,H2_same_template,gsmplus_numerical_substitution
pairs_arith_v2.csv,4981,arithmetic,gsm8k_test_0556,train,remove,C1_transformed,gsmplus_problem_understanding
pairs_arith_v2.csv,4982,arithmetic,gsm8k_test_0556,train,retain,H2_same_template,gsmplus_critical_thinking
pairs_arith_v2.csv,4983,arithmetic,gsm8k_test_0556,train,retain,H1_same_topic,svamp
pairs_arith_v2.csv,4984,arithmetic,gsm8k_test_0556,train,retain,H3_predating,asdiv
pairs_arith_v2.csv,4985,arithmetic,gsm8k_test_0556,train,retain,R_random,truthfulqa
pairs_arith_v2.csv,5004,arithmetic,gsm8k_test_0559,train,remove,C0_exact,gsm8k_copy
pairs_arith_v2.csv,5005,arithmetic,gsm8k_test_0559,train,remove,C1_transformed,lmsys_rephrase
pairs_arith_v2.csv,5006,arithmetic,gsm8k_test_0559,train,remove,C2_answer_bearing,gsm8k_solution_frag
pairs_arith_v2.csv,5007,arithmetic,gsm8k_test_0559,train,retain,H2_same_template,gsmplus_numerical_substitution
pairs_arith_v2.csv,5008,arithmetic,gsm8k_test_0559,train,remove,C1_transformed,gsmplus_problem_understanding
pairs_arith_v2.csv,5009,arithmetic,gsm8k_test_0559,train,retain,H2_same_template,gsmplus_critical_thinking
pairs_arith_v2.csv,5010,arithmetic,gsm8k_test_0559,train,retain,H1_same_topic,svamp
pairs_arith_v2.csv,5011,arithmetic,gsm8k_test_0559,train,retain,H3_predating,asdiv
pairs_arith_v2.csv,5012,arithmetic,gsm8k_test_0559,train,retain,R_random,truthfulqa
pairs_arith_v2.csv,5067,arithmetic,gsm8k_test_0566,train,remove,C0_exact,gsm8k_copy
pairs_arith_v2.csv,5068,arithmetic,gsm8k_test_0566,train,remove,C1_transformed,lmsys_rephrase
pairs_arith_v2.csv,5069,arithmetic,gsm8k_test_0566,train,remove,C2_answer_bearing,gsm8k_solution_frag
pairs_arith_v2.csv,5070,arithmetic,gsm8k_test_0566,train,retain,H2_same_template,gsmplus_numerical_substitution
pairs_arith_v2.csv,5071,arithmetic,gsm8k_test_0566,train,remove,C1_transformed,gsmplus_problem_understanding
pairs_arith_v2.csv,5072,arithmetic,gsm8k_test_0566,train,retain,H2_same_template,gsmplus_critical_thinking
pairs_arith_v2.csv,5073,arithmetic,gsm8k_test_0566,train,retain,H1_same_topic,svamp
pairs_arith_v2.csv,5074,arithmetic,gsm8k_test_0566,train,retain,H3_predating,asdiv
pairs_arith_v2.csv,5075,arithmetic,gsm8k_test_0566,train,retain,R_random,truthfulqa
pairs_arith_v2.csv,5103,arithmetic,gsm8k_test_0570,train,remove,C0_exact,gsm8k_copy
pairs_arith_v2.csv,5104,arithmetic,gsm8k_test_0570,train,remove,C1_transformed,lmsys_rephrase
pairs_arith_v2.csv,5105,arithmetic,gsm8k_test_0570,train,remove,C2_answer_bearing,gsm8k_solution_frag
pairs_arith_v2.csv,5106,arithmetic,gsm8k_test_0570,train,retain,H2_same_template,gsmplus_numerical_substitution
pairs_arith_v2.csv,5107,arithmetic,gsm8k_test_0570,train,remove,C1_transformed,gsmplus_problem_understanding
pairs_arith_v2.csv,5108,arithmetic,gsm8k_test_0570,train,retain,H2_same_template,gsmplus_critical_thinking
pairs_arith_v2.csv,5109,arithmetic,gsm8k_test_0570,train,retain,H1_same_topic,svamp
pairs_arith_v2.csv,5110,arithmetic,gsm8k_test_0570,train,retain,H3_predating,asdiv
pairs_arith_v2.csv,5111,arithmetic,gsm8k_test_0570,train,retain,R_random,truthfulqa
pairs_arith_v2.csv,5112,arithmetic,gsm8k_test_0571,train,remove,C0_exact,gsm8k_copy
pairs_arith_v2.csv,5113,arithmetic,gsm8k_test_0571,train,remove,C1_transformed,lmsys_rephrase
pairs_arith_v2.csv,5114,arithmetic,gsm8k_test_0571,train,remove,C2_answer_bearing,gsm8k_solution_frag
pairs_arith_v2.csv,5115,arithmetic,gsm8k_test_0571,train,retain,H2_same_template,gsmplus_numerical_substitution
pairs_arith_v2.csv,5116,arithmetic,gsm8k_test_0571,train,remove,C1_transformed,gsmplus_problem_understanding
pairs_arith_v2.csv,5117,arithmetic,gsm8k_test_0571,train,retain,H2_same_template,gsmplus_critical_thinking
pairs_arith_v2.csv,5118,arithmetic,gsm8k_test_0571,train,retain,H1_same_topic,svamp
pairs_arith_v2.csv,5119,arithmetic,gsm8k_test_0571,train,retain,H3_predating,asdiv
pairs_arith_v2.csv,5120,arithmetic,gsm8k_test_0571,train,retain,R_random,truthfulqa
pairs_arith_v2.csv,5121,arithmetic,gsm8k_test_0572,train,remove,C0_exact,gsm8k_copy
pairs_arith_v2.csv,5122,arithmetic,gsm8k_test_0572,train,remove,C1_transformed,lmsys_rephrase
pairs_arith_v2.csv,5123,arithmetic,gsm8k_test_0572,train,remove,C2_answer_bearing,gsm8k_solution_frag
pairs_arith_v2.csv,5124,arithmetic,gsm8k_test_0572,train,retain,H2_same_template,gsmplus_numerical_substitution
pairs_arith_v2.csv,5125,arithmetic,gsm8k_test_0572,train,remove,C1_transformed,gsmplus_problem_understanding
pairs_arith_v2.csv,5126,arithmetic,gsm8k_test_0572,train,retain,H2_same_template,gsmplus_critical_thinking
pairs_arith_v2.csv,5127,arithmetic,gsm8k_test_0572,train,retain,H1_same_topic,svamp
pairs_arith_v2.csv,5128,arithmetic,gsm8k_test_0572,train,retain,H3_predating,asdiv
pairs_arith_v2.csv,5129,arithmetic,gsm8k_test_0572,train,retain,R_random,truthfulqa
pairs_arith_v2.csv,5148,arithmetic,gsm8k_test_0575,train,remove,C0_exact,gsm8k_copy
pairs_arith_v2.csv,5149,arithmetic,gsm8k_test_0575,train,remove,C1_transformed,lmsys_rephrase
pairs_arith_v2.csv,5150,arithmetic,gsm8k_test_0575,train,remove,C2_answer_bearing,gsm8k_solution_frag
pairs_arith_v2.csv,5151,arithmetic,gsm8k_test_0575,train,retain,H2_same_template,gsmplus_numerical_substitution
pairs_arith_v2.csv,5152,arithmetic,gsm8k_test_0575,train,remove,C1_transformed,gsmplus_problem_understanding
pairs_arith_v2.csv,5153,arithmetic,gsm8k_test_0575,train,retain,H2_same_template,gsmplus_critical_thinking
pairs_arith_v2.csv,5154,arithmetic,gsm8k_test_0575,train,retain,H1_same_topic,svamp
pairs_arith_v2.csv,5155,arithmetic,gsm8k_test_0575,train,retain,H3_predating,asdiv
pairs_arith_v2.csv,5156,arithmetic,gsm8k_test_0575,train,retain,R_random,truthfulqa
pairs_arith_v2.csv,5157,arithmetic,gsm8k_test_0576,train,remove,C0_exact,gsm8k_copy
pairs_arith_v2.csv,5158,arithmetic,gsm8k_test_0576,train,remove,C1_transformed,lmsys_rephrase
pairs_arith_v2.csv,5159,arithmetic,gsm8k_test_0576,train,remove,C2_answer_bearing,gsm8k_solution_frag
pairs_arith_v2.csv,5160,arithmetic,gsm8k_test_0576,train,retain,H2_same_template,gsmplus_numerical_substitution
pairs_arith_v2.csv,5161,arithmetic,gsm8k_test_0576,train,remove,C1_transformed,gsmplus_problem_understanding
pairs_arith_v2.csv,5162,arithmetic,gsm8k_test_0576,train,retain,H2_same_template,gsmplus_critical_thinking
pairs_arith_v2.csv,5163,arithmetic,gsm8k_test_0576,train,retain,H1_same_topic,svamp
pairs_arith_v2.csv,5164,arithmetic,gsm8k_test_0576,train,retain,H3_predating,asdiv
pairs_arith_v2.csv,5165,arithmetic,gsm8k_test_0576,train,retain,R_random,truthfulqa
pairs_arith_v2.csv,5166,arithmetic,gsm8k_test_0577,train,remove,C0_exact,gsm8k_copy
pairs_arith_v2.csv,5167,arithmetic,gsm8k_test_0577,train,remove,C1_transformed,lmsys_rephrase
pairs_arith_v2.csv,5168,arithmetic,gsm8k_test_0577,train,remove,C2_answer_bearing,gsm8k_solution_frag
pairs_arith_v2.csv,5169,arithmetic,gsm8k_test_0577,train,retain,H2_same_template,gsmplus_numerical_substitution
pairs_arith_v2.csv,5170,arithmetic,gsm8k_test_0577,train,remove,C1_transformed,gsmplus_problem_understanding
pairs_arith_v2.csv,5171,arithmetic,gsm8k_test_0577,train,retain,H2_same_template,gsmplus_critical_thinking
pairs_arith_v2.csv,5172,arithmetic,gsm8k_test_0577,train,retain,H1_same_topic,svamp
pairs_arith_v2.csv,5173,arithmetic,gsm8k_test_0577,train,retain,H3_predating,asdiv
pairs_arith_v2.csv,5174,arithmetic,gsm8k_test_0577,train,retain,R_random,truthfulqa
pairs_arith_v2.csv,5175,arithmetic,gsm8k_test_0578,train,remove,C0_exact,gsm8k_copy
pairs_arith_v2.csv,5176,arithmetic,gsm8k_test_0578,train,remove,C1_transformed,lmsys_rephrase
pairs_arith_v2.csv,5177,arithmetic,gsm8k_test_0578,train,remove,C2_answer_bearing,gsm8k_solution_frag
pairs_arith_v2.csv,5178,arithmetic,gsm8k_test_0578,train,retain,H2_same_template,gsmplus_numerical_substitution
pairs_arith_v2.csv,5179,arithmetic,gsm8k_test_0578,train,remove,C1_transformed,gsmplus_problem_understanding
pairs_arith_v2.csv,5180,arithmetic,gsm8k_test_0578,train,retain,H2_same_template,gsmplus_critical_thinking
pairs_arith_v2.csv,5181,arithmetic,gsm8k_test_0578,train,retain,H1_same_topic,svamp
pairs_arith_v2.csv,5182,arithmetic,gsm8k_test_0578,train,retain,H3_predating,asdiv
pairs_arith_v2.csv,5183,arithmetic,gsm8k_test_0578,train,retain,R_random,truthfulqa
pairs_arith_v2.csv,5193,arithmetic,gsm8k_test_0580,train,remove,C0_exact,gsm8k_copy
pairs_arith_v2.csv,5194,arithmetic,gsm8k_test_0580,train,remove,C1_transformed,lmsys_rephrase
pairs_arith_v2.csv,5195,arithmetic,gsm8k_test_0580,train,remove,C2_answer_bearing,gsm8k_solution_frag
pairs_arith_v2.csv,5196,arithmetic,gsm8k_test_0580,train,retain,H2_same_template,gsmplus_numerical_substitution
pairs_arith_v2.csv,5197,arithmetic,gsm8k_test_0580,train,remove,C1_transformed,gsmplus_problem_understanding
pairs_arith_v2.csv,5198,arithmetic,gsm8k_test_0580,train,retain,H2_same_template,gsmplus_critical_thinking
pairs_arith_v2.csv,5199,arithmetic,gsm8k_test_0580,train,retain,H1_same_topic,svamp
pairs_arith_v2.csv,5200,arithmetic,gsm8k_test_0580,train,retain,H3_predating,asdiv
pairs_arith_v2.csv,5201,arithmetic,gsm8k_test_0580,train,retain,R_random,truthfulqa
pairs_arith_v2.csv,5220,arithmetic,gsm8k_test_0583,train,remove,C0_exact,gsm8k_copy
pairs_arith_v2.csv,5221,arithmetic,gsm8k_test_0583,train,remove,C1_transformed,lmsys_rephrase
pairs_arith_v2.csv,5222,arithmetic,gsm8k_test_0583,train,remove,C2_answer_bearing,gsm8k_solution_frag
pairs_arith_v2.csv,5223,arithmetic,gsm8k_test_0583,train,retain,H2_same_template,gsmplus_numerical_substitution
pairs_arith_v2.csv,5224,arithmetic,gsm8k_test_0583,train,remove,C1_transformed,gsmplus_problem_understanding
pairs_arith_v2.csv,5225,arithmetic,gsm8k_test_0583,train,retain,H2_same_template,gsmplus_critical_thinking
pairs_arith_v2.csv,5226,arithmetic,gsm8k_test_0583,train,retain,H1_same_topic,svamp
pairs_arith_v2.csv,5227,arithmetic,gsm8k_test_0583,train,retain,H3_predating,asdiv
pairs_arith_v2.csv,5228,arithmetic,gsm8k_test_0583,train,retain,R_random,truthfulqa
pairs_arith_v2.csv,5238,arithmetic,gsm8k_test_0585,train,remove,C0_exact,gsm8k_copy
pairs_arith_v2.csv,5239,arithmetic,gsm8k_test_0585,train,remove,C1_transformed,lmsys_rephrase
pairs_arith_v2.csv,5240,arithmetic,gsm8k_test_0585,train,remove,C2_answer_bearing,gsm8k_solution_frag
pairs_arith_v2.csv,5241,arithmetic,gsm8k_test_0585,train,retain,H2_same_template,gsmplus_numerical_substitution
pairs_arith_v2.csv,5242,arithmetic,gsm8k_test_0585,train,remove,C1_transformed,gsmplus_problem_understanding
pairs_arith_v2.csv,5243,arithmetic,gsm8k_test_0585,train,retain,H2_same_template,gsmplus_critical_thinking
pairs_arith_v2.csv,5244,arithmetic,gsm8k_test_0585,train,retain,H1_same_topic,svamp
pairs_arith_v2.csv,5245,arithmetic,gsm8k_test_0585,train,retain,H3_predating,asdiv
pairs_arith_v2.csv,5246,arithmetic,gsm8k_test_0585,train,retain,R_random,truthfulqa
pairs_arith_v2.csv,5274,arithmetic,gsm8k_test_0589,train,remove,C0_exact,gsm8k_copy
pairs_arith_v2.csv,5275,arithmetic,gsm8k_test_0589,train,remove,C1_transformed,lmsys_rephrase
pairs_arith_v2.csv,5276,arithmetic,gsm8k_test_0589,train,remove,C2_answer_bearing,gsm8k_solution_frag
pairs_arith_v2.csv,5277,arithmetic,gsm8k_test_0589,train,retain,H2_same_template,gsmplus_numerical_substitution
pairs_arith_v2.csv,5278,arithmetic,gsm8k_test_0589,train,remove,C1_transformed,gsmplus_problem_understanding
pairs_arith_v2.csv,5279,arithmetic,gsm8k_test_0589,train,retain,H2_same_template,gsmplus_critical_thinking
pairs_arith_v2.csv,5280,arithmetic,gsm8k_test_0589,train,retain,H1_same_topic,svamp
pairs_arith_v2.csv,5281,arithmetic,gsm8k_test_0589,train,retain,H3_predating,asdiv
pairs_arith_v2.csv,5282,arithmetic,gsm8k_test_0589,train,retain,R_random,truthfulqa
pairs_arith_v2.csv,5283,arithmetic,gsm8k_test_0590,train,remove,C0_exact,gsm8k_copy
pairs_arith_v2.csv,5284,arithmetic,gsm8k_test_0590,train,remove,C1_transformed,lmsys_rephrase
pairs_arith_v2.csv,5285,arithmetic,gsm8k_test_0590,train,remove,C2_answer_bearing,gsm8k_solution_frag
pairs_arith_v2.csv,5286,arithmetic,gsm8k_test_0590,train,retain,H2_same_template,gsmplus_numerical_substitution
pairs_arith_v2.csv,5287,arithmetic,gsm8k_test_0590,train,remove,C1_transformed,gsmplus_problem_understanding
pairs_arith_v2.csv,5288,arithmetic,gsm8k_test_0590,train,retain,H2_same_template,gsmplus_critical_thinking
pairs_arith_v2.csv,5289,arithmetic,gsm8k_test_0590,train,retain,H1_same_topic,svamp
pairs_arith_v2.csv,5290,arithmetic,gsm8k_test_0590,train,retain,H3_predating,asdiv
pairs_arith_v2.csv,5291,arithmetic,gsm8k_test_0590,train,retain,R_random,truthfulqa
pairs_arith_v2.csv,5310,arithmetic,gsm8k_test_0593,train,remove,C0_exact,gsm8k_copy
pairs_arith_v2.csv,5311,arithmetic,gsm8k_test_0593,train,remove,C1_transformed,lmsys_rephrase
pairs_arith_v2.csv,5312,arithmetic,gsm8k_test_0593,train,remove,C2_answer_bearing,gsm8k_solution_frag
pairs_arith_v2.csv,5313,arithmetic,gsm8k_test_0593,train,remove,C1_transformed,gsmplus_problem_understanding
pairs_arith_v2.csv,5314,arithmetic,gsm8k_test_0593,train,retain,H2_same_template,gsmplus_critical_thinking
pairs_arith_v2.csv,5315,arithmetic,gsm8k_test_0593,train,retain,H1_same_topic,svamp
pairs_arith_v2.csv,5316,arithmetic,gsm8k_test_0593,train,retain,H3_predating,asdiv
pairs_arith_v2.csv,5317,arithmetic,gsm8k_test_0593,train,retain,R_random,truthfulqa
pairs_arith_v2.csv,5318,arithmetic,gsm8k_test_0594,train,remove,C0_exact,gsm8k_copy
pairs_arith_v2.csv,5319,arithmetic,gsm8k_test_0594,train,remove,C1_transformed,lmsys_rephrase
pairs_arith_v2.csv,5320,arithmetic,gsm8k_test_0594,train,remove,C2_answer_bearing,gsm8k_solution_frag
pairs_arith_v2.csv,5321,arithmetic,gsm8k_test_0594,train,retain,H2_same_template,gsmplus_numerical_substitution
pairs_arith_v2.csv,5322,arithmetic,gsm8k_test_0594,train,remove,C1_transformed,gsmplus_problem_understanding
pairs_arith_v2.csv,5323,arithmetic,gsm8k_test_0594,train,retain,H2_same_template,gsmplus_critical_thinking
pairs_arith_v2.csv,5324,arithmetic,gsm8k_test_0594,train,retain,H1_same_topic,svamp
pairs_arith_v2.csv,5325,arithmetic,gsm8k_test_0594,train,retain,H3_predating,asdiv
pairs_arith_v2.csv,5326,arithmetic,gsm8k_test_0594,train,retain,R_random,truthfulqa
pairs_arith_v2.csv,5336,arithmetic,gsm8k_test_0596,train,remove,C0_exact,gsm8k_copy
pairs_arith_v2.csv,5337,arithmetic,gsm8k_test_0596,train,remove,C1_transformed,lmsys_rephrase
pairs_arith_v2.csv,5338,arithmetic,gsm8k_test_0596,train,remove,C2_answer_bearing,gsm8k_solution_frag
pairs_arith_v2.csv,5339,arithmetic,gsm8k_test_0596,train,retain,H2_same_template,gsmplus_numerical_substitution
pairs_arith_v2.csv,5340,arithmetic,gsm8k_test_0596,train,remove,C1_transformed,gsmplus_problem_understanding
pairs_arith_v2.csv,5341,arithmetic,gsm8k_test_0596,train,retain,H2_same_template,gsmplus_critical_thinking
pairs_arith_v2.csv,5342,arithmetic,gsm8k_test_0596,train,retain,H1_same_topic,svamp
pairs_arith_v2.csv,5343,arithmetic,gsm8k_test_0596,train,retain,H3_predating,asdiv
pairs_arith_v2.csv,5344,arithmetic,gsm8k_test_0596,train,retain,R_random,truthfulqa
pairs_arith_v2.csv,5372,arithmetic,gsm8k_test_0600,train,remove,C0_exact,gsm8k_copy
pairs_arith_v2.csv,5373,arithmetic,gsm8k_test_0600,train,remove,C1_transformed,lmsys_rephrase
pairs_arith_v2.csv,5374,arithmetic,gsm8k_test_0600,train,remove,C2_answer_bearing,gsm8k_solution_frag
pairs_arith_v2.csv,5375,arithmetic,gsm8k_test_0600,train,retain,H2_same_template,gsmplus_numerical_substitution
pairs_arith_v2.csv,5376,arithmetic,gsm8k_test_0600,train,remove,C1_transformed,gsmplus_problem_understanding
pairs_arith_v2.csv,5377,arithmetic,gsm8k_test_0600,train,retain,H2_same_template,gsmplus_critical_thinking
pairs_arith_v2.csv,5378,arithmetic,gsm8k_test_0600,train,retain,H1_same_topic,svamp
pairs_arith_v2.csv,5379,arithmetic,gsm8k_test_0600,train,retain,H3_predating,asdiv
pairs_arith_v2.csv,5380,arithmetic,gsm8k_test_0600,train,retain,R_random,truthfulqa
pairs_arith_v2.csv,5390,arithmetic,gsm8k_test_0602,train,remove,C0_exact,gsm8k_copy
pairs_arith_v2.csv,5391,arithmetic,gsm8k_test_0602,train,remove,C1_transformed,lmsys_rephrase
pairs_arith_v2.csv,5392,arithmetic,gsm8k_test_0602,train,remove,C2_answer_bearing,gsm8k_solution_frag
pairs_arith_v2.csv,5393,arithmetic,gsm8k_test_0602,train,remove,C1_transformed,gsmplus_problem_understanding
pairs_arith_v2.csv,5394,arithmetic,gsm8k_test_0602,train,retain,H2_same_template,gsmplus_critical_thinking
pairs_arith_v2.csv,5395,arithmetic,gsm8k_test_0602,train,retain,H1_same_topic,svamp
pairs_arith_v2.csv,5396,arithmetic,gsm8k_test_0602,train,retain,H3_predating,asdiv
pairs_arith_v2.csv,5397,arithmetic,gsm8k_test_0602,train,retain,R_random,truthfulqa
pairs_arith_v2.csv,5398,arithmetic,gsm8k_test_0603,train,remove,C0_exact,gsm8k_copy
pairs_arith_v2.csv,5399,arithmetic,gsm8k_test_0603,train,remove,C1_transformed,lmsys_rephrase
pairs_arith_v2.csv,5400,arithmetic,gsm8k_test_0603,train,remove,C2_answer_bearing,gsm8k_solution_frag
pairs_arith_v2.csv,5401,arithmetic,gsm8k_test_0603,train,retain,H2_same_template,gsmplus_numerical_substitution
pairs_arith_v2.csv,5402,arithmetic,gsm8k_test_0603,train,remove,C1_transformed,gsmplus_problem_understanding
pairs_arith_v2.csv,5403,arithmetic,gsm8k_test_0603,train,retain,H2_same_template,gsmplus_critical_thinking
pairs_arith_v2.csv,5404,arithmetic,gsm8k_test_0603,train,retain,H1_same_topic,svamp
pairs_arith_v2.csv,5405,arithmetic,gsm8k_test_0603,train,retain,H3_predating,asdiv
pairs_arith_v2.csv,5406,arithmetic,gsm8k_test_0603,train,retain,R_random,truthfulqa
pairs_arith_v2.csv,5425,arithmetic,gsm8k_test_0606,train,remove,C0_exact,gsm8k_copy
pairs_arith_v2.csv,5426,arithmetic,gsm8k_test_0606,train,remove,C1_transformed,lmsys_rephrase
pairs_arith_v2.csv,5427,arithmetic,gsm8k_test_0606,train,remove,C2_answer_bearing,gsm8k_solution_frag
pairs_arith_v2.csv,5428,arithmetic,gsm8k_test_0606,train,retain,H2_same_template,gsmplus_numerical_substitution
pairs_arith_v2.csv,5429,arithmetic,gsm8k_test_0606,train,remove,C1_transformed,gsmplus_problem_understanding
pairs_arith_v2.csv,5430,arithmetic,gsm8k_test_0606,train,retain,H2_same_template,gsmplus_critical_thinking
pairs_arith_v2.csv,5431,arithmetic,gsm8k_test_0606,train,retain,H1_same_topic,svamp
pairs_arith_v2.csv,5432,arithmetic,gsm8k_test_0606,train,retain,H3_predating,asdiv
pairs_arith_v2.csv,5433,arithmetic,gsm8k_test_0606,train,retain,R_random,truthfulqa
pairs_arith_v2.csv,5434,arithmetic,gsm8k_test_0607,train,remove,C0_exact,gsm8k_copy
pairs_arith_v2.csv,5435,arithmetic,gsm8k_test_0607,train,remove,C1_transformed,lmsys_rephrase
pairs_arith_v2.csv,5436,arithmetic,gsm8k_test_0607,train,remove,C2_answer_bearing,gsm8k_solution_frag
pairs_arith_v2.csv,5437,arithmetic,gsm8k_test_0607,train,retain,H2_same_template,gsmplus_numerical_substitution
pairs_arith_v2.csv,5438,arithmetic,gsm8k_test_0607,train,remove,C1_transformed,gsmplus_problem_understanding
pairs_arith_v2.csv,5439,arithmetic,gsm8k_test_0607,train,retain,H2_same_template,gsmplus_critical_thinking
pairs_arith_v2.csv,5440,arithmetic,gsm8k_test_0607,train,retain,H1_same_topic,svamp
pairs_arith_v2.csv,5441,arithmetic,gsm8k_test_0607,train,retain,H3_predating,asdiv
pairs_arith_v2.csv,5442,arithmetic,gsm8k_test_0607,train,retain,R_random,truthfulqa
pairs_arith_v2.csv,5443,arithmetic,gsm8k_test_0608,train,remove,C0_exact,gsm8k_copy
pairs_arith_v2.csv,5444,arithmetic,gsm8k_test_0608,train,remove,C1_transformed,lmsys_rephrase
pairs_arith_v2.csv,5445,arithmetic,gsm8k_test_0608,train,remove,C2_answer_bearing,gsm8k_solution_frag
pairs_arith_v2.csv,5446,arithmetic,gsm8k_test_0608,train,retain,H2_same_template,gsmplus_numerical_substitution
pairs_arith_v2.csv,5447,arithmetic,gsm8k_test_0608,train,remove,C1_transformed,gsmplus_problem_understanding
pairs_arith_v2.csv,5448,arithmetic,gsm8k_test_0608,train,retain,H2_same_template,gsmplus_critical_thinking
pairs_arith_v2.csv,5449,arithmetic,gsm8k_test_0608,train,retain,H1_same_topic,svamp
pairs_arith_v2.csv,5450,arithmetic,gsm8k_test_0608,train,retain,H3_predating,asdiv
pairs_arith_v2.csv,5451,arithmetic,gsm8k_test_0608,train,retain,R_random,truthfulqa
pairs_arith_v2.csv,5452,arithmetic,gsm8k_test_0609,train,remove,C0_exact,gsm8k_copy
pairs_arith_v2.csv,5453,arithmetic,gsm8k_test_0609,train,remove,C1_transformed,lmsys_rephrase
pairs_arith_v2.csv,5454,arithmetic,gsm8k_test_0609,train,remove,C2_answer_bearing,gsm8k_solution_frag
pairs_arith_v2.csv,5455,arithmetic,gsm8k_test_0609,train,retain,H2_same_template,gsmplus_numerical_substitution
pairs_arith_v2.csv,5456,arithmetic,gsm8k_test_0609,train,remove,C1_transformed,gsmplus_problem_understanding
pairs_arith_v2.csv,5457,arithmetic,gsm8k_test_0609,train,retain,H2_same_template,gsmplus_critical_thinking
pairs_arith_v2.csv,5458,arithmetic,gsm8k_test_0609,train,retain,H1_same_topic,svamp
pairs_arith_v2.csv,5459,arithmetic,gsm8k_test_0609,train,retain,H3_predating,asdiv
pairs_arith_v2.csv,5460,arithmetic,gsm8k_test_0609,train,retain,R_random,truthfulqa
pairs_arith_v2.csv,5461,arithmetic,gsm8k_test_0610,train,remove,C0_exact,gsm8k_copy
pairs_arith_v2.csv,5462,arithmetic,gsm8k_test_0610,train,remove,C1_transformed,lmsys_rephrase
pairs_arith_v2.csv,5463,arithmetic,gsm8k_test_0610,train,remove,C2_answer_bearing,gsm8k_solution_frag
pairs_arith_v2.csv,5464,arithmetic,gsm8k_test_0610,train,retain,H2_same_template,gsmplus_numerical_substitution
pairs_arith_v2.csv,5465,arithmetic,gsm8k_test_0610,train,remove,C1_transformed,gsmplus_problem_understanding
pairs_arith_v2.csv,5466,arithmetic,gsm8k_test_0610,train,retain,H2_same_template,gsmplus_critical_thinking
pairs_arith_v2.csv,5467,arithmetic,gsm8k_test_0610,train,retain,H1_same_topic,svamp
pairs_arith_v2.csv,5468,arithmetic,gsm8k_test_0610,train,retain,H3_predating,asdiv
pairs_arith_v2.csv,5469,arithmetic,gsm8k_test_0610,train,retain,R_random,truthfulqa
pairs_arith_v2.csv,5470,arithmetic,gsm8k_test_0611,train,remove,C0_exact,gsm8k_copy
pairs_arith_v2.csv,5471,arithmetic,gsm8k_test_0611,train,remove,C1_transformed,lmsys_rephrase
pairs_arith_v2.csv,5472,arithmetic,gsm8k_test_0611,train,remove,C2_answer_bearing,gsm8k_solution_frag
pairs_arith_v2.csv,5473,arithmetic,gsm8k_test_0611,train,retain,H2_same_template,gsmplus_numerical_substitution
pairs_arith_v2.csv,5474,arithmetic,gsm8k_test_0611,train,remove,C1_transformed,gsmplus_problem_understanding
pairs_arith_v2.csv,5475,arithmetic,gsm8k_test_0611,train,retain,H2_same_template,gsmplus_critical_thinking
pairs_arith_v2.csv,5476,arithmetic,gsm8k_test_0611,train,retain,H1_same_topic,svamp
pairs_arith_v2.csv,5477,arithmetic,gsm8k_test_0611,train,retain,H3_predating,asdiv
pairs_arith_v2.csv,5478,arithmetic,gsm8k_test_0611,train,retain,R_random,truthfulqa
pairs_arith_v2.csv,5497,arithmetic,gsm8k_test_0614,train,remove,C0_exact,gsm8k_copy
pairs_arith_v2.csv,5498,arithmetic,gsm8k_test_0614,train,remove,C1_transformed,lmsys_rephrase
pairs_arith_v2.csv,5499,arithmetic,gsm8k_test_0614,train,remove,C2_answer_bearing,gsm8k_solution_frag
pairs_arith_v2.csv,5500,arithmetic,gsm8k_test_0614,train,retain,H2_same_template,gsmplus_numerical_substitution
pairs_arith_v2.csv,5501,arithmetic,gsm8k_test_0614,train,remove,C1_transformed,gsmplus_problem_understanding
pairs_arith_v2.csv,5502,arithmetic,gsm8k_test_0614,train,retain,H2_same_template,gsmplus_critical_thinking
pairs_arith_v2.csv,5503,arithmetic,gsm8k_test_0614,train,retain,H1_same_topic,svamp
pairs_arith_v2.csv,5504,arithmetic,gsm8k_test_0614,train,retain,H3_predating,asdiv
pairs_arith_v2.csv,5505,arithmetic,gsm8k_test_0614,train,retain,R_random,truthfulqa
pairs_arith_v2.csv,5532,arithmetic,gsm8k_test_0618,train,remove,C0_exact,gsm8k_copy
pairs_arith_v2.csv,5533,arithmetic,gsm8k_test_0618,train,remove,C1_transformed,lmsys_rephrase
pairs_arith_v2.csv,5534,arithmetic,gsm8k_test_0618,train,remove,C2_answer_bearing,gsm8k_solution_frag
pairs_arith_v2.csv,5535,arithmetic,gsm8k_test_0618,train,retain,H2_same_template,gsmplus_numerical_substitution
pairs_arith_v2.csv,5536,arithmetic,gsm8k_test_0618,train,remove,C1_transformed,gsmplus_problem_understanding
pairs_arith_v2.csv,5537,arithmetic,gsm8k_test_0618,train,retain,H2_same_template,gsmplus_critical_thinking
pairs_arith_v2.csv,5538,arithmetic,gsm8k_test_0618,train,retain,H1_same_topic,svamp
pairs_arith_v2.csv,5539,arithmetic,gsm8k_test_0618,train,retain,H3_predating,asdiv
pairs_arith_v2.csv,5540,arithmetic,gsm8k_test_0618,train,retain,R_random,truthfulqa
pairs_arith_v2.csv,5559,arithmetic,gsm8k_test_0621,train,remove,C0_exact,gsm8k_copy
pairs_arith_v2.csv,5560,arithmetic,gsm8k_test_0621,train,remove,C1_transformed,lmsys_rephrase
pairs_arith_v2.csv,5561,arithmetic,gsm8k_test_0621,train,remove,C2_answer_bearing,gsm8k_solution_frag
pairs_arith_v2.csv,5562,arithmetic,gsm8k_test_0621,train,retain,H2_same_template,gsmplus_numerical_substitution
pairs_arith_v2.csv,5563,arithmetic,gsm8k_test_0621,train,remove,C1_transformed,gsmplus_problem_understanding
pairs_arith_v2.csv,5564,arithmetic,gsm8k_test_0621,train,retain,H2_same_template,gsmplus_critical_thinking
pairs_arith_v2.csv,5565,arithmetic,gsm8k_test_0621,train,retain,H1_same_topic,svamp
pairs_arith_v2.csv,5566,arithmetic,gsm8k_test_0621,train,retain,H3_predating,asdiv
pairs_arith_v2.csv,5567,arithmetic,gsm8k_test_0621,train,retain,R_random,truthfulqa
pairs_arith_v2.csv,5568,arithmetic,gsm8k_test_0622,train,remove,C0_exact,gsm8k_copy
pairs_arith_v2.csv,5569,arithmetic,gsm8k_test_0622,train,remove,C1_transformed,lmsys_rephrase
pairs_arith_v2.csv,5570,arithmetic,gsm8k_test_0622,train,remove,C2_answer_bearing,gsm8k_solution_frag
pairs_arith_v2.csv,5571,arithmetic,gsm8k_test_0622,train,retain,H2_same_template,gsmplus_numerical_substitution
pairs_arith_v2.csv,5572,arithmetic,gsm8k_test_0622,train,remove,C1_transformed,gsmplus_problem_understanding
pairs_arith_v2.csv,5573,arithmetic,gsm8k_test_0622,train,retain,H2_same_template,gsmplus_critical_thinking
pairs_arith_v2.csv,5574,arithmetic,gsm8k_test_0622,train,retain,H1_same_topic,svamp
pairs_arith_v2.csv,5575,arithmetic,gsm8k_test_0622,train,retain,H3_predating,asdiv
pairs_arith_v2.csv,5576,arithmetic,gsm8k_test_0622,train,retain,R_random,truthfulqa
pairs_arith_v2.csv,5577,arithmetic,gsm8k_test_0623,train,remove,C0_exact,gsm8k_copy
pairs_arith_v2.csv,5578,arithmetic,gsm8k_test_0623,train,remove,C1_transformed,lmsys_rephrase
pairs_arith_v2.csv,5579,arithmetic,gsm8k_test_0623,train,remove,C2_answer_bearing,gsm8k_solution_frag
pairs_arith_v2.csv,5580,arithmetic,gsm8k_test_0623,train,retain,H2_same_template,gsmplus_numerical_substitution
pairs_arith_v2.csv,5581,arithmetic,gsm8k_test_0623,train,remove,C1_transformed,gsmplus_problem_understanding
pairs_arith_v2.csv,5582,arithmetic,gsm8k_test_0623,train,retain,H2_same_template,gsmplus_critical_thinking
pairs_arith_v2.csv,5583,arithmetic,gsm8k_test_0623,train,retain,H1_same_topic,svamp
pairs_arith_v2.csv,5584,arithmetic,gsm8k_test_0623,train,retain,H3_predating,asdiv
pairs_arith_v2.csv,5585,arithmetic,gsm8k_test_0623,train,retain,R_random,truthfulqa
pairs_arith_v2.csv,5586,arithmetic,gsm8k_test_0624,train,remove,C0_exact,gsm8k_copy
pairs_arith_v2.csv,5587,arithmetic,gsm8k_test_0624,train,remove,C1_transformed,lmsys_rephrase
pairs_arith_v2.csv,5588,arithmetic,gsm8k_test_0624,train,remove,C2_answer_bearing,gsm8k_solution_frag
pairs_arith_v2.csv,5589,arithmetic,gsm8k_test_0624,train,retain,H2_same_template,gsmplus_numerical_substitution
pairs_arith_v2.csv,5590,arithmetic,gsm8k_test_0624,train,remove,C1_transformed,gsmplus_problem_understanding
pairs_arith_v2.csv,5591,arithmetic,gsm8k_test_0624,train,retain,H2_same_template,gsmplus_critical_thinking
pairs_arith_v2.csv,5592,arithmetic,gsm8k_test_0624,train,retain,H1_same_topic,svamp
pairs_arith_v2.csv,5593,arithmetic,gsm8k_test_0624,train,retain,H3_predating,asdiv
pairs_arith_v2.csv,5594,arithmetic,gsm8k_test_0624,train,retain,R_random,truthfulqa
pairs_arith_v2.csv,5640,arithmetic,gsm8k_test_0630,train,remove,C0_exact,gsm8k_copy
pairs_arith_v2.csv,5641,arithmetic,gsm8k_test_0630,train,remove,C1_transformed,lmsys_rephrase
pairs_arith_v2.csv,5642,arithmetic,gsm8k_test_0630,train,remove,C2_answer_bearing,gsm8k_solution_frag
pairs_arith_v2.csv,5643,arithmetic,gsm8k_test_0630,train,retain,H2_same_template,gsmplus_numerical_substitution
pairs_arith_v2.csv,5644,arithmetic,gsm8k_test_0630,train,remove,C1_transformed,gsmplus_problem_understanding
pairs_arith_v2.csv,5645,arithmetic,gsm8k_test_0630,train,retain,H2_same_template,gsmplus_critical_thinking
pairs_arith_v2.csv,5646,arithmetic,gsm8k_test_0630,train,retain,H1_same_topic,svamp
pairs_arith_v2.csv,5647,arithmetic,gsm8k_test_0630,train,retain,H3_predating,asdiv
pairs_arith_v2.csv,5648,arithmetic,gsm8k_test_0630,train,retain,R_random,truthfulqa
pairs_arith_v2.csv,5658,arithmetic,gsm8k_test_0632,train,remove,C0_exact,gsm8k_copy
pairs_arith_v2.csv,5659,arithmetic,gsm8k_test_0632,train,remove,C1_transformed,lmsys_rephrase
pairs_arith_v2.csv,5660,arithmetic,gsm8k_test_0632,train,remove,C2_answer_bearing,gsm8k_solution_frag
pairs_arith_v2.csv,5661,arithmetic,gsm8k_test_0632,train,retain,H2_same_template,gsmplus_numerical_substitution
pairs_arith_v2.csv,5662,arithmetic,gsm8k_test_0632,train,remove,C1_transformed,gsmplus_problem_understanding
pairs_arith_v2.csv,5663,arithmetic,gsm8k_test_0632,train,retain,H2_same_template,gsmplus_critical_thinking
pairs_arith_v2.csv,5664,arithmetic,gsm8k_test_0632,train,retain,H1_same_topic,svamp
pairs_arith_v2.csv,5665,arithmetic,gsm8k_test_0632,train,retain,H3_predating,asdiv
pairs_arith_v2.csv,5666,arithmetic,gsm8k_test_0632,train,retain,R_random,truthfulqa
pairs_arith_v2.csv,5667,arithmetic,gsm8k_test_0633,train,remove,C0_exact,gsm8k_copy
pairs_arith_v2.csv,5668,arithmetic,gsm8k_test_0633,train,remove,C1_transformed,lmsys_rephrase
pairs_arith_v2.csv,5669,arithmetic,gsm8k_test_0633,train,remove,C2_answer_bearing,gsm8k_solution_frag
pairs_arith_v2.csv,5670,arithmetic,gsm8k_test_0633,train,retain,H2_same_template,gsmplus_numerical_substitution
pairs_arith_v2.csv,5671,arithmetic,gsm8k_test_0633,train,remove,C1_transformed,gsmplus_problem_understanding
pairs_arith_v2.csv,5672,arithmetic,gsm8k_test_0633,train,retain,H2_same_template,gsmplus_critical_thinking
pairs_arith_v2.csv,5673,arithmetic,gsm8k_test_0633,train,retain,H1_same_topic,svamp
pairs_arith_v2.csv,5674,arithmetic,gsm8k_test_0633,train,retain,H3_predating,asdiv
pairs_arith_v2.csv,5675,arithmetic,gsm8k_test_0633,train,retain,R_random,truthfulqa
pairs_arith_v2.csv,5676,arithmetic,gsm8k_test_0634,train,remove,C0_exact,gsm8k_copy
pairs_arith_v2.csv,5677,arithmetic,gsm8k_test_0634,train,remove,C1_transformed,lmsys_rephrase
pairs_arith_v2.csv,5678,arithmetic,gsm8k_test_0634,train,remove,C2_answer_bearing,gsm8k_solution_frag
pairs_arith_v2.csv,5679,arithmetic,gsm8k_test_0634,train,retain,H2_same_template,gsmplus_numerical_substitution
pairs_arith_v2.csv,5680,arithmetic,gsm8k_test_0634,train,remove,C1_transformed,gsmplus_problem_understanding
pairs_arith_v2.csv,5681,arithmetic,gsm8k_test_0634,train,retain,H2_same_template,gsmplus_critical_thinking
pairs_arith_v2.csv,5682,arithmetic,gsm8k_test_0634,train,retain,H1_same_topic,svamp
pairs_arith_v2.csv,5683,arithmetic,gsm8k_test_0634,train,retain,H3_predating,asdiv
pairs_arith_v2.csv,5684,arithmetic,gsm8k_test_0634,train,retain,R_random,truthfulqa
pairs_arith_v2.csv,5694,arithmetic,gsm8k_test_0636,train,remove,C0_exact,gsm8k_copy
pairs_arith_v2.csv,5695,arithmetic,gsm8k_test_0636,train,remove,C1_transformed,lmsys_rephrase
pairs_arith_v2.csv,5696,arithmetic,gsm8k_test_0636,train,remove,C2_answer_bearing,gsm8k_solution_frag
pairs_arith_v2.csv,5697,arithmetic,gsm8k_test_0636,train,retain,H2_same_template,gsmplus_numerical_substitution
pairs_arith_v2.csv,5698,arithmetic,gsm8k_test_0636,train,remove,C1_transformed,gsmplus_problem_understanding
pairs_arith_v2.csv,5699,arithmetic,gsm8k_test_0636,train,retain,H2_same_template,gsmplus_critical_thinking
pairs_arith_v2.csv,5700,arithmetic,gsm8k_test_0636,train,retain,H1_same_topic,svamp
pairs_arith_v2.csv,5701,arithmetic,gsm8k_test_0636,train,retain,H3_predating,asdiv
pairs_arith_v2.csv,5702,arithmetic,gsm8k_test_0636,train,retain,R_random,truthfulqa
pairs_arith_v2.csv,5721,arithmetic,gsm8k_test_0639,train,remove,C0_exact,gsm8k_copy
pairs_arith_v2.csv,5722,arithmetic,gsm8k_test_0639,train,remove,C1_transformed,lmsys_rephrase
pairs_arith_v2.csv,5723,arithmetic,gsm8k_test_0639,train,remove,C2_answer_bearing,gsm8k_solution_frag
pairs_arith_v2.csv,5724,arithmetic,gsm8k_test_0639,train,retain,H2_same_template,gsmplus_numerical_substitution
pairs_arith_v2.csv,5725,arithmetic,gsm8k_test_0639,train,remove,C1_transformed,gsmplus_problem_understanding
pairs_arith_v2.csv,5726,arithmetic,gsm8k_test_0639,train,retain,H2_same_template,gsmplus_critical_thinking
pairs_arith_v2.csv,5727,arithmetic,gsm8k_test_0639,train,retain,H1_same_topic,svamp
pairs_arith_v2.csv,5728,arithmetic,gsm8k_test_0639,train,retain,H3_predating,asdiv
pairs_arith_v2.csv,5729,arithmetic,gsm8k_test_0639,train,retain,R_random,truthfulqa
pairs_arith_v2.csv,5748,arithmetic,gsm8k_test_0642,train,remove,C0_exact,gsm8k_copy
pairs_arith_v2.csv,5749,arithmetic,gsm8k_test_0642,train,remove,C1_transformed,lmsys_rephrase
pairs_arith_v2.csv,5750,arithmetic,gsm8k_test_0642,train,remove,C2_answer_bearing,gsm8k_solution_frag
pairs_arith_v2.csv,5751,arithmetic,gsm8k_test_0642,train,retain,H2_same_template,gsmplus_numerical_substitution
pairs_arith_v2.csv,5752,arithmetic,gsm8k_test_0642,train,remove,C1_transformed,gsmplus_problem_understanding
pairs_arith_v2.csv,5753,arithmetic,gsm8k_test_0642,train,retain,H2_same_template,gsmplus_critical_thinking
pairs_arith_v2.csv,5754,arithmetic,gsm8k_test_0642,train,retain,H1_same_topic,svamp
pairs_arith_v2.csv,5755,arithmetic,gsm8k_test_0642,train,retain,H3_predating,asdiv
pairs_arith_v2.csv,5756,arithmetic,gsm8k_test_0642,train,retain,R_random,truthfulqa
pairs_arith_v2.csv,5766,arithmetic,gsm8k_test_0644,train,remove,C0_exact,gsm8k_copy
pairs_arith_v2.csv,5767,arithmetic,gsm8k_test_0644,train,remove,C1_transformed,lmsys_rephrase
pairs_arith_v2.csv,5768,arithmetic,gsm8k_test_0644,train,remove,C2_answer_bearing,gsm8k_solution_frag
pairs_arith_v2.csv,5769,arithmetic,gsm8k_test_0644,train,retain,H2_same_template,gsmplus_numerical_substitution
pairs_arith_v2.csv,5770,arithmetic,gsm8k_test_0644,train,remove,C1_transformed,gsmplus_problem_understanding
pairs_arith_v2.csv,5771,arithmetic,gsm8k_test_0644,train,retain,H2_same_template,gsmplus_critical_thinking
pairs_arith_v2.csv,5772,arithmetic,gsm8k_test_0644,train,retain,H1_same_topic,svamp
pairs_arith_v2.csv,5773,arithmetic,gsm8k_test_0644,train,retain,H3_predating,asdiv
pairs_arith_v2.csv,5774,arithmetic,gsm8k_test_0644,train,retain,R_random,truthfulqa
pairs_arith_v2.csv,5775,arithmetic,gsm8k_test_0645,train,remove,C0_exact,gsm8k_copy
pairs_arith_v2.csv,5776,arithmetic,gsm8k_test_0645,train,remove,C1_transformed,lmsys_rephrase
pairs_arith_v2.csv,5777,arithmetic,gsm8k_test_0645,train,remove,C2_answer_bearing,gsm8k_solution_frag
pairs_arith_v2.csv,5778,arithmetic,gsm8k_test_0645,train,retain,H2_same_template,gsmplus_numerical_substitution
pairs_arith_v2.csv,5779,arithmetic,gsm8k_test_0645,train,remove,C1_transformed,gsmplus_problem_understanding
pairs_arith_v2.csv,5780,arithmetic,gsm8k_test_0645,train,retain,H2_same_template,gsmplus_critical_thinking
pairs_arith_v2.csv,5781,arithmetic,gsm8k_test_0645,train,retain,H1_same_topic,svamp
pairs_arith_v2.csv,5782,arithmetic,gsm8k_test_0645,train,retain,H3_predating,asdiv
pairs_arith_v2.csv,5783,arithmetic,gsm8k_test_0645,train,retain,R_random,truthfulqa
pairs_arith_v2.csv,5820,arithmetic,gsm8k_test_0650,train,remove,C0_exact,gsm8k_copy
pairs_arith_v2.csv,5821,arithmetic,gsm8k_test_0650,train,remove,C1_transformed,lmsys_rephrase
pairs_arith_v2.csv,5822,arithmetic,gsm8k_test_0650,train,remove,C2_answer_bearing,gsm8k_solution_frag
pairs_arith_v2.csv,5823,arithmetic,gsm8k_test_0650,train,retain,H2_same_template,gsmplus_numerical_substitution
pairs_arith_v2.csv,5824,arithmetic,gsm8k_test_0650,train,remove,C1_transformed,gsmplus_problem_understanding
pairs_arith_v2.csv,5825,arithmetic,gsm8k_test_0650,train,retain,H2_same_template,gsmplus_critical_thinking
pairs_arith_v2.csv,5826,arithmetic,gsm8k_test_0650,train,retain,H1_same_topic,svamp
pairs_arith_v2.csv,5827,arithmetic,gsm8k_test_0650,train,retain,H3_predating,asdiv
pairs_arith_v2.csv,5828,arithmetic,gsm8k_test_0650,train,retain,R_random,truthfulqa
pairs_arith_v2.csv,5829,arithmetic,gsm8k_test_0651,train,remove,C0_exact,gsm8k_copy
pairs_arith_v2.csv,5830,arithmetic,gsm8k_test_0651,train,remove,C1_transformed,lmsys_rephrase
pairs_arith_v2.csv,5831,arithmetic,gsm8k_test_0651,train,remove,C2_answer_bearing,gsm8k_solution_frag
pairs_arith_v2.csv,5832,arithmetic,gsm8k_test_0651,train,retain,H2_same_template,gsmplus_numerical_substitution
pairs_arith_v2.csv,5833,arithmetic,gsm8k_test_0651,train,remove,C1_transformed,gsmplus_problem_understanding
pairs_arith_v2.csv,5834,arithmetic,gsm8k_test_0651,train,retain,H2_same_template,gsmplus_critical_thinking
pairs_arith_v2.csv,5835,arithmetic,gsm8k_test_0651,train,retain,H1_same_topic,svamp
pairs_arith_v2.csv,5836,arithmetic,gsm8k_test_0651,train,retain,H3_predating,asdiv
pairs_arith_v2.csv,5837,arithmetic,gsm8k_test_0651,train,retain,R_random,truthfulqa
pairs_arith_v2.csv,5865,arithmetic,gsm8k_test_0655,train,remove,C0_exact,gsm8k_copy
pairs_arith_v2.csv,5866,arithmetic,gsm8k_test_0655,train,remove,C1_transformed,lmsys_rephrase
pairs_arith_v2.csv,5867,arithmetic,gsm8k_test_0655,train,remove,C2_answer_bearing,gsm8k_solution_frag
pairs_arith_v2.csv,5868,arithmetic,gsm8k_test_0655,train,retain,H2_same_template,gsmplus_numerical_substitution
pairs_arith_v2.csv,5869,arithmetic,gsm8k_test_0655,train,remove,C1_transformed,gsmplus_problem_understanding
pairs_arith_v2.csv,5870,arithmetic,gsm8k_test_0655,train,retain,H2_same_template,gsmplus_critical_thinking
pairs_arith_v2.csv,5871,arithmetic,gsm8k_test_0655,train,retain,H1_same_topic,svamp
pairs_arith_v2.csv,5872,arithmetic,gsm8k_test_0655,train,retain,H3_predating,asdiv
pairs_arith_v2.csv,5873,arithmetic,gsm8k_test_0655,train,retain,R_random,truthfulqa
pairs_arith_v2.csv,5910,arithmetic,gsm8k_test_0660,train,remove,C0_exact,gsm8k_copy
pairs_arith_v2.csv,5911,arithmetic,gsm8k_test_0660,train,remove,C1_transformed,lmsys_rephrase
pairs_arith_v2.csv,5912,arithmetic,gsm8k_test_0660,train,remove,C2_answer_bearing,gsm8k_solution_frag
pairs_arith_v2.csv,5913,arithmetic,gsm8k_test_0660,train,remove,C1_transformed,gsmplus_problem_understanding
pairs_arith_v2.csv,5914,arithmetic,gsm8k_test_0660,train,retain,H2_same_template,gsmplus_critical_thinking
pairs_arith_v2.csv,5915,arithmetic,gsm8k_test_0660,train,retain,H1_same_topic,svamp
pairs_arith_v2.csv,5916,arithmetic,gsm8k_test_0660,train,retain,H3_predating,asdiv
pairs_arith_v2.csv,5917,arithmetic,gsm8k_test_0660,train,retain,R_random,truthfulqa
pairs_arith_v2.csv,5918,arithmetic,gsm8k_test_0661,train,remove,C0_exact,gsm8k_copy
pairs_arith_v2.csv,5919,arithmetic,gsm8k_test_0661,train,remove,C1_transformed,lmsys_rephrase
pairs_arith_v2.csv,5920,arithmetic,gsm8k_test_0661,train,remove,C2_answer_bearing,gsm8k_solution_frag
pairs_arith_v2.csv,5921,arithmetic,gsm8k_test_0661,train,retain,H2_same_template,gsmplus_numerical_substitution
pairs_arith_v2.csv,5922,arithmetic,gsm8k_test_0661,train,remove,C1_transformed,gsmplus_problem_understanding
pairs_arith_v2.csv,5923,arithmetic,gsm8k_test_0661,train,retain,H2_same_template,gsmplus_critical_thinking
pairs_arith_v2.csv,5924,arithmetic,gsm8k_test_0661,train,retain,H1_same_topic,svamp
pairs_arith_v2.csv,5925,arithmetic,gsm8k_test_0661,train,retain,H3_predating,asdiv
pairs_arith_v2.csv,5926,arithmetic,gsm8k_test_0661,train,retain,R_random,truthfulqa
pairs_arith_v2.csv,5927,arithmetic,gsm8k_test_0662,train,remove,C0_exact,gsm8k_copy
pairs_arith_v2.csv,5928,arithmetic,gsm8k_test_0662,train,remove,C1_transformed,lmsys_rephrase
pairs_arith_v2.csv,5929,arithmetic,gsm8k_test_0662,train,remove,C2_answer_bearing,gsm8k_solution_frag
pairs_arith_v2.csv,5930,arithmetic,gsm8k_test_0662,train,retain,H2_same_template,gsmplus_numerical_substitution
pairs_arith_v2.csv,5931,arithmetic,gsm8k_test_0662,train,remove,C1_transformed,gsmplus_problem_understanding
pairs_arith_v2.csv,5932,arithmetic,gsm8k_test_0662,train,retain,H2_same_template,gsmplus_critical_thinking
pairs_arith_v2.csv,5933,arithmetic,gsm8k_test_0662,train,retain,H1_same_topic,svamp
pairs_arith_v2.csv,5934,arithmetic,gsm8k_test_0662,train,retain,H3_predating,asdiv
pairs_arith_v2.csv,5935,arithmetic,gsm8k_test_0662,train,retain,R_random,truthfulqa
pairs_arith_v2.csv,5936,arithmetic,gsm8k_test_0663,train,remove,C0_exact,gsm8k_copy
pairs_arith_v2.csv,5937,arithmetic,gsm8k_test_0663,train,remove,C1_transformed,lmsys_rephrase
pairs_arith_v2.csv,5938,arithmetic,gsm8k_test_0663,train,remove,C2_answer_bearing,gsm8k_solution_frag
pairs_arith_v2.csv,5939,arithmetic,gsm8k_test_0663,train,remove,C1_transformed,gsmplus_problem_understanding
pairs_arith_v2.csv,5940,arithmetic,gsm8k_test_0663,train,retain,H2_same_template,gsmplus_critical_thinking
pairs_arith_v2.csv,5941,arithmetic,gsm8k_test_0663,train,retain,H1_same_topic,svamp
pairs_arith_v2.csv,5942,arithmetic,gsm8k_test_0663,train,retain,H3_predating,asdiv
pairs_arith_v2.csv,5943,arithmetic,gsm8k_test_0663,train,retain,R_random,truthfulqa
pairs_arith_v2.csv,6006,arithmetic,gsm8k_test_0671,train,remove,C0_exact,gsm8k_copy
pairs_arith_v2.csv,6007,arithmetic,gsm8k_test_0671,train,remove,C1_transformed,lmsys_rephrase
pairs_arith_v2.csv,6008,arithmetic,gsm8k_test_0671,train,remove,C2_answer_bearing,gsm8k_solution_frag
pairs_arith_v2.csv,6009,arithmetic,gsm8k_test_0671,train,retain,H2_same_template,gsmplus_numerical_substitution
pairs_arith_v2.csv,6010,arithmetic,gsm8k_test_0671,train,remove,C1_transformed,gsmplus_problem_understanding
pairs_arith_v2.csv,6011,arithmetic,gsm8k_test_0671,train,retain,H2_same_template,gsmplus_critical_thinking
pairs_arith_v2.csv,6012,arithmetic,gsm8k_test_0671,train,retain,H1_same_topic,svamp
pairs_arith_v2.csv,6013,arithmetic,gsm8k_test_0671,train,retain,H3_predating,asdiv
pairs_arith_v2.csv,6014,arithmetic,gsm8k_test_0671,train,retain,R_random,truthfulqa
pairs_arith_v2.csv,6033,arithmetic,gsm8k_test_0674,train,remove,C0_exact,gsm8k_copy
pairs_arith_v2.csv,6034,arithmetic,gsm8k_test_0674,train,remove,C1_transformed,lmsys_rephrase
pairs_arith_v2.csv,6035,arithmetic,gsm8k_test_0674,train,remove,C2_answer_bearing,gsm8k_solution_frag
pairs_arith_v2.csv,6036,arithmetic,gsm8k_test_0674,train,retain,H2_same_template,gsmplus_numerical_substitution
pairs_arith_v2.csv,6037,arithmetic,gsm8k_test_0674,train,remove,C1_transformed,gsmplus_problem_understanding
pairs_arith_v2.csv,6038,arithmetic,gsm8k_test_0674,train,retain,H2_same_template,gsmplus_critical_thinking
pairs_arith_v2.csv,6039,arithmetic,gsm8k_test_0674,train,retain,H1_same_topic,svamp
pairs_arith_v2.csv,6040,arithmetic,gsm8k_test_0674,train,retain,H3_predating,asdiv
pairs_arith_v2.csv,6041,arithmetic,gsm8k_test_0674,train,retain,R_random,truthfulqa
pairs_arith_v2.csv,6051,arithmetic,gsm8k_test_0676,train,remove,C0_exact,gsm8k_copy
pairs_arith_v2.csv,6052,arithmetic,gsm8k_test_0676,train,remove,C1_transformed,lmsys_rephrase
pairs_arith_v2.csv,6053,arithmetic,gsm8k_test_0676,train,remove,C2_answer_bearing,gsm8k_solution_frag
pairs_arith_v2.csv,6054,arithmetic,gsm8k_test_0676,train,retain,H2_same_template,gsmplus_numerical_substitution
pairs_arith_v2.csv,6055,arithmetic,gsm8k_test_0676,train,remove,C1_transformed,gsmplus_problem_understanding
pairs_arith_v2.csv,6056,arithmetic,gsm8k_test_0676,train,retain,H2_same_template,gsmplus_critical_thinking
pairs_arith_v2.csv,6057,arithmetic,gsm8k_test_0676,train,retain,H1_same_topic,svamp
pairs_arith_v2.csv,6058,arithmetic,gsm8k_test_0676,train,retain,H3_predating,asdiv
pairs_arith_v2.csv,6059,arithmetic,gsm8k_test_0676,train,retain,R_random,truthfulqa
pairs_arith_v2.csv,6069,arithmetic,gsm8k_test_0678,train,remove,C0_exact,gsm8k_copy
pairs_arith_v2.csv,6070,arithmetic,gsm8k_test_0678,train,remove,C1_transformed,lmsys_rephrase
pairs_arith_v2.csv,6071,arithmetic,gsm8k_test_0678,train,remove,C2_answer_bearing,gsm8k_solution_frag
pairs_arith_v2.csv,6072,arithmetic,gsm8k_test_0678,train,retain,H2_same_template,gsmplus_numerical_substitution
pairs_arith_v2.csv,6073,arithmetic,gsm8k_test_0678,train,remove,C1_transformed,gsmplus_problem_understanding
pairs_arith_v2.csv,6074,arithmetic,gsm8k_test_0678,train,retain,H2_same_template,gsmplus_critical_thinking
pairs_arith_v2.csv,6075,arithmetic,gsm8k_test_0678,train,retain,H1_same_topic,svamp
pairs_arith_v2.csv,6076,arithmetic,gsm8k_test_0678,train,retain,H3_predating,asdiv
pairs_arith_v2.csv,6077,arithmetic,gsm8k_test_0678,train,retain,R_random,truthfulqa
pairs_arith_v2.csv,6078,arithmetic,gsm8k_test_0679,train,remove,C0_exact,gsm8k_copy
pairs_arith_v2.csv,6079,arithmetic,gsm8k_test_0679,train,remove,C1_transformed,lmsys_rephrase
pairs_arith_v2.csv,6080,arithmetic,gsm8k_test_0679,train,remove,C2_answer_bearing,gsm8k_solution_frag
pairs_arith_v2.csv,6081,arithmetic,gsm8k_test_0679,train,retain,H2_same_template,gsmplus_numerical_substitution
pairs_arith_v2.csv,6082,arithmetic,gsm8k_test_0679,train,remove,C1_transformed,gsmplus_problem_understanding
pairs_arith_v2.csv,6083,arithmetic,gsm8k_test_0679,train,retain,H2_same_template,gsmplus_critical_thinking
pairs_arith_v2.csv,6084,arithmetic,gsm8k_test_0679,train,retain,H1_same_topic,svamp
pairs_arith_v2.csv,6085,arithmetic,gsm8k_test_0679,train,retain,H3_predating,asdiv
pairs_arith_v2.csv,6086,arithmetic,gsm8k_test_0679,train,retain,R_random,truthfulqa
pairs_arith_v2.csv,6087,arithmetic,gsm8k_test_0680,train,remove,C0_exact,gsm8k_copy
pairs_arith_v2.csv,6088,arithmetic,gsm8k_test_0680,train,remove,C1_transformed,lmsys_rephrase
pairs_arith_v2.csv,6089,arithmetic,gsm8k_test_0680,train,remove,C2_answer_bearing,gsm8k_solution_frag
pairs_arith_v2.csv,6090,arithmetic,gsm8k_test_0680,train,retain,H2_same_template,gsmplus_numerical_substitution
pairs_arith_v2.csv,6091,arithmetic,gsm8k_test_0680,train,remove,C1_transformed,gsmplus_problem_understanding
pairs_arith_v2.csv,6092,arithmetic,gsm8k_test_0680,train,retain,H2_same_template,gsmplus_critical_thinking
pairs_arith_v2.csv,6093,arithmetic,gsm8k_test_0680,train,retain,H1_same_topic,svamp
pairs_arith_v2.csv,6094,arithmetic,gsm8k_test_0680,train,retain,H3_predating,asdiv
pairs_arith_v2.csv,6095,arithmetic,gsm8k_test_0680,train,retain,R_random,truthfulqa
pairs_arith_v2.csv,6096,arithmetic,gsm8k_test_0681,train,remove,C0_exact,gsm8k_copy
pairs_arith_v2.csv,6097,arithmetic,gsm8k_test_0681,train,remove,C1_transformed,lmsys_rephrase
pairs_arith_v2.csv,6098,arithmetic,gsm8k_test_0681,train,remove,C2_answer_bearing,gsm8k_solution_frag
pairs_arith_v2.csv,6099,arithmetic,gsm8k_test_0681,train,retain,H2_same_template,gsmplus_numerical_substitution
pairs_arith_v2.csv,6100,arithmetic,gsm8k_test_0681,train,remove,C1_transformed,gsmplus_problem_understanding
pairs_arith_v2.csv,6101,arithmetic,gsm8k_test_0681,train,retain,H2_same_template,gsmplus_critical_thinking
pairs_arith_v2.csv,6102,arithmetic,gsm8k_test_0681,train,retain,H1_same_topic,svamp
pairs_arith_v2.csv,6103,arithmetic,gsm8k_test_0681,train,retain,H3_predating,asdiv
pairs_arith_v2.csv,6104,arithmetic,gsm8k_test_0681,train,retain,R_random,truthfulqa
pairs_arith_v2.csv,6105,arithmetic,gsm8k_test_0682,train,remove,C0_exact,gsm8k_copy
pairs_arith_v2.csv,6106,arithmetic,gsm8k_test_0682,train,remove,C1_transformed,lmsys_rephrase
pairs_arith_v2.csv,6107,arithmetic,gsm8k_test_0682,train,remove,C2_answer_bearing,gsm8k_solution_frag
pairs_arith_v2.csv,6108,arithmetic,gsm8k_test_0682,train,retain,H2_same_template,gsmplus_numerical_substitution
pairs_arith_v2.csv,6109,arithmetic,gsm8k_test_0682,train,remove,C1_transformed,gsmplus_problem_understanding
pairs_arith_v2.csv,6110,arithmetic,gsm8k_test_0682,train,retain,H2_same_template,gsmplus_critical_thinking
pairs_arith_v2.csv,6111,arithmetic,gsm8k_test_0682,train,retain,H1_same_topic,svamp
pairs_arith_v2.csv,6112,arithmetic,gsm8k_test_0682,train,retain,H3_predating,asdiv
pairs_arith_v2.csv,6113,arithmetic,gsm8k_test_0682,train,retain,R_random,truthfulqa
pairs_arith_v2.csv,6195,arithmetic,gsm8k_test_0692,train,remove,C0_exact,gsm8k_copy
pairs_arith_v2.csv,6196,arithmetic,gsm8k_test_0692,train,remove,C1_transformed,lmsys_rephrase
pairs_arith_v2.csv,6197,arithmetic,gsm8k_test_0692,train,remove,C2_answer_bearing,gsm8k_solution_frag
pairs_arith_v2.csv,6198,arithmetic,gsm8k_test_0692,train,retain,H2_same_template,gsmplus_numerical_substitution
pairs_arith_v2.csv,6199,arithmetic,gsm8k_test_0692,train,remove,C1_transformed,gsmplus_problem_understanding
pairs_arith_v2.csv,6200,arithmetic,gsm8k_test_0692,train,retain,H2_same_template,gsmplus_critical_thinking
pairs_arith_v2.csv,6201,arithmetic,gsm8k_test_0692,train,retain,H1_same_topic,svamp
pairs_arith_v2.csv,6202,arithmetic,gsm8k_test_0692,train,retain,H3_predating,asdiv
pairs_arith_v2.csv,6203,arithmetic,gsm8k_test_0692,train,retain,R_random,truthfulqa
pairs_arith_v2.csv,6213,arithmetic,gsm8k_test_0694,train,remove,C0_exact,gsm8k_copy
pairs_arith_v2.csv,6214,arithmetic,gsm8k_test_0694,train,remove,C1_transformed,lmsys_rephrase
pairs_arith_v2.csv,6215,arithmetic,gsm8k_test_0694,train,remove,C2_answer_bearing,gsm8k_solution_frag
pairs_arith_v2.csv,6216,arithmetic,gsm8k_test_0694,train,retain,H2_same_template,gsmplus_numerical_substitution
pairs_arith_v2.csv,6217,arithmetic,gsm8k_test_0694,train,remove,C1_transformed,gsmplus_problem_understanding
pairs_arith_v2.csv,6218,arithmetic,gsm8k_test_0694,train,retain,H2_same_template,gsmplus_critical_thinking
pairs_arith_v2.csv,6219,arithmetic,gsm8k_test_0694,train,retain,H1_same_topic,svamp
pairs_arith_v2.csv,6220,arithmetic,gsm8k_test_0694,train,retain,H3_predating,asdiv
pairs_arith_v2.csv,6221,arithmetic,gsm8k_test_0694,train,retain,R_random,truthfulqa
pairs_arith_v2.csv,6231,arithmetic,gsm8k_test_0696,train,remove,C0_exact,gsm8k_copy
pairs_arith_v2.csv,6232,arithmetic,gsm8k_test_0696,train,remove,C1_transformed,lmsys_rephrase
pairs_arith_v2.csv,6233,arithmetic,gsm8k_test_0696,train,remove,C2_answer_bearing,gsm8k_solution_frag
pairs_arith_v2.csv,6234,arithmetic,gsm8k_test_0696,train,retain,H2_same_template,gsmplus_numerical_substitution
pairs_arith_v2.csv,6235,arithmetic,gsm8k_test_0696,train,remove,C1_transformed,gsmplus_problem_understanding
pairs_arith_v2.csv,6236,arithmetic,gsm8k_test_0696,train,retain,H2_same_template,gsmplus_critical_thinking
pairs_arith_v2.csv,6237,arithmetic,gsm8k_test_0696,train,retain,H1_same_topic,svamp
pairs_arith_v2.csv,6238,arithmetic,gsm8k_test_0696,train,retain,H3_predating,asdiv
pairs_arith_v2.csv,6239,arithmetic,gsm8k_test_0696,train,retain,R_random,truthfulqa
pairs_arith_v2.csv,6249,arithmetic,gsm8k_test_0698,train,remove,C0_exact,gsm8k_copy
pairs_arith_v2.csv,6250,arithmetic,gsm8k_test_0698,train,remove,C1_transformed,lmsys_rephrase
pairs_arith_v2.csv,6251,arithmetic,gsm8k_test_0698,train,remove,C2_answer_bearing,gsm8k_solution_frag
pairs_arith_v2.csv,6252,arithmetic,gsm8k_test_0698,train,retain,H2_same_template,gsmplus_numerical_substitution
pairs_arith_v2.csv,6253,arithmetic,gsm8k_test_0698,train,remove,C1_transformed,gsmplus_problem_understanding
pairs_arith_v2.csv,6254,arithmetic,gsm8k_test_0698,train,retain,H2_same_template,gsmplus_critical_thinking
pairs_arith_v2.csv,6255,arithmetic,gsm8k_test_0698,train,retain,H1_same_topic,svamp
pairs_arith_v2.csv,6256,arithmetic,gsm8k_test_0698,train,retain,H3_predating,asdiv
pairs_arith_v2.csv,6257,arithmetic,gsm8k_test_0698,train,retain,R_random,truthfulqa
pairs_arith_v2.csv,6258,arithmetic,gsm8k_test_0699,train,remove,C0_exact,gsm8k_copy
pairs_arith_v2.csv,6259,arithmetic,gsm8k_test_0699,train,remove,C1_transformed,lmsys_rephrase
pairs_arith_v2.csv,6260,arithmetic,gsm8k_test_0699,train,remove,C2_answer_bearing,gsm8k_solution_frag
pairs_arith_v2.csv,6261,arithmetic,gsm8k_test_0699,train,retain,H2_same_template,gsmplus_numerical_substitution
pairs_arith_v2.csv,6262,arithmetic,gsm8k_test_0699,train,remove,C1_transformed,gsmplus_problem_understanding
pairs_arith_v2.csv,6263,arithmetic,gsm8k_test_0699,train,retain,H2_same_template,gsmplus_critical_thinking
pairs_arith_v2.csv,6264,arithmetic,gsm8k_test_0699,train,retain,H1_same_topic,svamp
pairs_arith_v2.csv,6265,arithmetic,gsm8k_test_0699,train,retain,H3_predating,asdiv
pairs_arith_v2.csv,6266,arithmetic,gsm8k_test_0699,train,retain,R_random,truthfulqa
pairs_arith_v2.csv,6285,arithmetic,gsm8k_test_0702,train,remove,C0_exact,gsm8k_copy
pairs_arith_v2.csv,6286,arithmetic,gsm8k_test_0702,train,remove,C1_transformed,lmsys_rephrase
pairs_arith_v2.csv,6287,arithmetic,gsm8k_test_0702,train,remove,C2_answer_bearing,gsm8k_solution_frag
pairs_arith_v2.csv,6288,arithmetic,gsm8k_test_0702,train,retain,H2_same_template,gsmplus_numerical_substitution
pairs_arith_v2.csv,6289,arithmetic,gsm8k_test_0702,train,remove,C1_transformed,gsmplus_problem_understanding
pairs_arith_v2.csv,6290,arithmetic,gsm8k_test_0702,train,retain,H2_same_template,gsmplus_critical_thinking
pairs_arith_v2.csv,6291,arithmetic,gsm8k_test_0702,train,retain,H1_same_topic,svamp
pairs_arith_v2.csv,6292,arithmetic,gsm8k_test_0702,train,retain,H3_predating,asdiv
pairs_arith_v2.csv,6293,arithmetic,gsm8k_test_0702,train,retain,R_random,truthfulqa
pairs_arith_v2.csv,6294,arithmetic,gsm8k_test_0703,train,remove,C0_exact,gsm8k_copy
pairs_arith_v2.csv,6295,arithmetic,gsm8k_test_0703,train,remove,C1_transformed,lmsys_rephrase
pairs_arith_v2.csv,6296,arithmetic,gsm8k_test_0703,train,remove,C2_answer_bearing,gsm8k_solution_frag
pairs_arith_v2.csv,6297,arithmetic,gsm8k_test_0703,train,retain,H2_same_template,gsmplus_numerical_substitution
pairs_arith_v2.csv,6298,arithmetic,gsm8k_test_0703,train,remove,C1_transformed,gsmplus_problem_understanding
pairs_arith_v2.csv,6299,arithmetic,gsm8k_test_0703,train,retain,H2_same_template,gsmplus_critical_thinking
pairs_arith_v2.csv,6300,arithmetic,gsm8k_test_0703,train,retain,H1_same_topic,svamp
pairs_arith_v2.csv,6301,arithmetic,gsm8k_test_0703,train,retain,H3_predating,asdiv
pairs_arith_v2.csv,6302,arithmetic,gsm8k_test_0703,train,retain,R_random,truthfulqa
pairs_arith_v2.csv,6303,arithmetic,gsm8k_test_0704,train,remove,C0_exact,gsm8k_copy
pairs_arith_v2.csv,6304,arithmetic,gsm8k_test_0704,train,remove,C1_transformed,lmsys_rephrase
pairs_arith_v2.csv,6305,arithmetic,gsm8k_test_0704,train,remove,C2_answer_bearing,gsm8k_solution_frag
pairs_arith_v2.csv,6306,arithmetic,gsm8k_test_0704,train,retain,H2_same_template,gsmplus_numerical_substitution
pairs_arith_v2.csv,6307,arithmetic,gsm8k_test_0704,train,remove,C1_transformed,gsmplus_problem_understanding
pairs_arith_v2.csv,6308,arithmetic,gsm8k_test_0704,train,retain,H2_same_template,gsmplus_critical_thinking
pairs_arith_v2.csv,6309,arithmetic,gsm8k_test_0704,train,retain,H1_same_topic,svamp
pairs_arith_v2.csv,6310,arithmetic,gsm8k_test_0704,train,retain,H3_predating,asdiv
pairs_arith_v2.csv,6311,arithmetic,gsm8k_test_0704,train,retain,R_random,truthfulqa
pairs_arith_v2.csv,6312,arithmetic,gsm8k_test_0705,train,remove,C0_exact,gsm8k_copy
pairs_arith_v2.csv,6313,arithmetic,gsm8k_test_0705,train,remove,C1_transformed,lmsys_rephrase
pairs_arith_v2.csv,6314,arithmetic,gsm8k_test_0705,train,remove,C2_answer_bearing,gsm8k_solution_frag
pairs_arith_v2.csv,6315,arithmetic,gsm8k_test_0705,train,retain,H2_same_template,gsmplus_numerical_substitution
pairs_arith_v2.csv,6316,arithmetic,gsm8k_test_0705,train,remove,C1_transformed,gsmplus_problem_understanding
pairs_arith_v2.csv,6317,arithmetic,gsm8k_test_0705,train,retain,H2_same_template,gsmplus_critical_thinking
pairs_arith_v2.csv,6318,arithmetic,gsm8k_test_0705,train,retain,H1_same_topic,svamp
pairs_arith_v2.csv,6319,arithmetic,gsm8k_test_0705,train,retain,H3_predating,asdiv
pairs_arith_v2.csv,6320,arithmetic,gsm8k_test_0705,train,retain,R_random,truthfulqa
pairs_arith_v2.csv,6357,arithmetic,gsm8k_test_0710,train,remove,C0_exact,gsm8k_copy
pairs_arith_v2.csv,6358,arithmetic,gsm8k_test_0710,train,remove,C1_transformed,lmsys_rephrase
pairs_arith_v2.csv,6359,arithmetic,gsm8k_test_0710,train,remove,C2_answer_bearing,gsm8k_solution_frag
pairs_arith_v2.csv,6360,arithmetic,gsm8k_test_0710,train,retain,H2_same_template,gsmplus_numerical_substitution
pairs_arith_v2.csv,6361,arithmetic,gsm8k_test_0710,train,remove,C1_transformed,gsmplus_problem_understanding
pairs_arith_v2.csv,6362,arithmetic,gsm8k_test_0710,train,retain,H2_same_template,gsmplus_critical_thinking
pairs_arith_v2.csv,6363,arithmetic,gsm8k_test_0710,train,retain,H1_same_topic,svamp
pairs_arith_v2.csv,6364,arithmetic,gsm8k_test_0710,train,retain,H3_predating,asdiv
pairs_arith_v2.csv,6365,arithmetic,gsm8k_test_0710,train,retain,R_random,truthfulqa
pairs_arith_v2.csv,6366,arithmetic,gsm8k_test_0711,train,remove,C0_exact,gsm8k_copy
pairs_arith_v2.csv,6367,arithmetic,gsm8k_test_0711,train,remove,C1_transformed,lmsys_rephrase
pairs_arith_v2.csv,6368,arithmetic,gsm8k_test_0711,train,remove,C2_answer_bearing,gsm8k_solution_frag
pairs_arith_v2.csv,6369,arithmetic,gsm8k_test_0711,train,retain,H2_same_template,gsmplus_numerical_substitution
pairs_arith_v2.csv,6370,arithmetic,gsm8k_test_0711,train,remove,C1_transformed,gsmplus_problem_understanding
pairs_arith_v2.csv,6371,arithmetic,gsm8k_test_0711,train,retain,H2_same_template,gsmplus_critical_thinking
pairs_arith_v2.csv,6372,arithmetic,gsm8k_test_0711,train,retain,H1_same_topic,svamp
pairs_arith_v2.csv,6373,arithmetic,gsm8k_test_0711,train,retain,H3_predating,asdiv
pairs_arith_v2.csv,6374,arithmetic,gsm8k_test_0711,train,retain,R_random,truthfulqa
pairs_arith_v2.csv,6393,arithmetic,gsm8k_test_0714,train,remove,C0_exact,gsm8k_copy
pairs_arith_v2.csv,6394,arithmetic,gsm8k_test_0714,train,remove,C1_transformed,lmsys_rephrase
pairs_arith_v2.csv,6395,arithmetic,gsm8k_test_0714,train,remove,C2_answer_bearing,gsm8k_solution_frag
pairs_arith_v2.csv,6396,arithmetic,gsm8k_test_0714,train,retain,H2_same_template,gsmplus_numerical_substitution
pairs_arith_v2.csv,6397,arithmetic,gsm8k_test_0714,train,remove,C1_transformed,gsmplus_problem_understanding
pairs_arith_v2.csv,6398,arithmetic,gsm8k_test_0714,train,retain,H2_same_template,gsmplus_critical_thinking
pairs_arith_v2.csv,6399,arithmetic,gsm8k_test_0714,train,retain,H1_same_topic,svamp
pairs_arith_v2.csv,6400,arithmetic,gsm8k_test_0714,train,retain,H3_predating,asdiv
pairs_arith_v2.csv,6401,arithmetic,gsm8k_test_0714,train,retain,R_random,truthfulqa
pairs_arith_v2.csv,6402,arithmetic,gsm8k_test_0715,train,remove,C0_exact,gsm8k_copy
pairs_arith_v2.csv,6403,arithmetic,gsm8k_test_0715,train,remove,C1_transformed,lmsys_rephrase
pairs_arith_v2.csv,6404,arithmetic,gsm8k_test_0715,train,remove,C2_answer_bearing,gsm8k_solution_frag
pairs_arith_v2.csv,6405,arithmetic,gsm8k_test_0715,train,retain,H2_same_template,gsmplus_numerical_substitution
pairs_arith_v2.csv,6406,arithmetic,gsm8k_test_0715,train,remove,C1_transformed,gsmplus_problem_understanding
pairs_arith_v2.csv,6407,arithmetic,gsm8k_test_0715,train,retain,H2_same_template,gsmplus_critical_thinking
pairs_arith_v2.csv,6408,arithmetic,gsm8k_test_0715,train,retain,H1_same_topic,svamp
pairs_arith_v2.csv,6409,arithmetic,gsm8k_test_0715,train,retain,H3_predating,asdiv
pairs_arith_v2.csv,6410,arithmetic,gsm8k_test_0715,train,retain,R_random,truthfulqa
pairs_arith_v2.csv,6420,arithmetic,gsm8k_test_0717,train,remove,C0_exact,gsm8k_copy
pairs_arith_v2.csv,6421,arithmetic,gsm8k_test_0717,train,remove,C1_transformed,lmsys_rephrase
pairs_arith_v2.csv,6422,arithmetic,gsm8k_test_0717,train,remove,C2_answer_bearing,gsm8k_solution_frag
pairs_arith_v2.csv,6423,arithmetic,gsm8k_test_0717,train,retain,H2_same_template,gsmplus_numerical_substitution
pairs_arith_v2.csv,6424,arithmetic,gsm8k_test_0717,train,remove,C1_transformed,gsmplus_problem_understanding
pairs_arith_v2.csv,6425,arithmetic,gsm8k_test_0717,train,retain,H2_same_template,gsmplus_critical_thinking
pairs_arith_v2.csv,6426,arithmetic,gsm8k_test_0717,train,retain,H1_same_topic,svamp
pairs_arith_v2.csv,6427,arithmetic,gsm8k_test_0717,train,retain,H3_predating,asdiv
pairs_arith_v2.csv,6428,arithmetic,gsm8k_test_0717,train,retain,R_random,truthfulqa
pairs_arith_v2.csv,6447,arithmetic,gsm8k_test_0720,train,remove,C0_exact,gsm8k_copy
pairs_arith_v2.csv,6448,arithmetic,gsm8k_test_0720,train,remove,C1_transformed,lmsys_rephrase
pairs_arith_v2.csv,6449,arithmetic,gsm8k_test_0720,train,remove,C2_answer_bearing,gsm8k_solution_frag
pairs_arith_v2.csv,6450,arithmetic,gsm8k_test_0720,train,retain,H2_same_template,gsmplus_numerical_substitution
pairs_arith_v2.csv,6451,arithmetic,gsm8k_test_0720,train,remove,C1_transformed,gsmplus_problem_understanding
pairs_arith_v2.csv,6452,arithmetic,gsm8k_test_0720,train,retain,H2_same_template,gsmplus_critical_thinking
pairs_arith_v2.csv,6453,arithmetic,gsm8k_test_0720,train,retain,H1_same_topic,svamp
pairs_arith_v2.csv,6454,arithmetic,gsm8k_test_0720,train,retain,H3_predating,asdiv
pairs_arith_v2.csv,6455,arithmetic,gsm8k_test_0720,train,retain,R_random,truthfulqa
pairs_arith_v2.csv,6474,arithmetic,gsm8k_test_0723,train,remove,C0_exact,gsm8k_copy
pairs_arith_v2.csv,6475,arithmetic,gsm8k_test_0723,train,remove,C1_transformed,lmsys_rephrase
pairs_arith_v2.csv,6476,arithmetic,gsm8k_test_0723,train,remove,C2_answer_bearing,gsm8k_solution_frag
pairs_arith_v2.csv,6477,arithmetic,gsm8k_test_0723,train,retain,H2_same_template,gsmplus_numerical_substitution
pairs_arith_v2.csv,6478,arithmetic,gsm8k_test_0723,train,remove,C1_transformed,gsmplus_problem_understanding
pairs_arith_v2.csv,6479,arithmetic,gsm8k_test_0723,train,retain,H2_same_template,gsmplus_critical_thinking
pairs_arith_v2.csv,6480,arithmetic,gsm8k_test_0723,train,retain,H1_same_topic,svamp
pairs_arith_v2.csv,6481,arithmetic,gsm8k_test_0723,train,retain,H3_predating,asdiv
pairs_arith_v2.csv,6482,arithmetic,gsm8k_test_0723,train,retain,R_random,truthfulqa
pairs_arith_v2.csv,6492,arithmetic,gsm8k_test_0725,train,remove,C0_exact,gsm8k_copy
pairs_arith_v2.csv,6493,arithmetic,gsm8k_test_0725,train,remove,C1_transformed,lmsys_rephrase
pairs_arith_v2.csv,6494,arithmetic,gsm8k_test_0725,train,remove,C2_answer_bearing,gsm8k_solution_frag
pairs_arith_v2.csv,6495,arithmetic,gsm8k_test_0725,train,retain,H2_same_template,gsmplus_numerical_substitution
pairs_arith_v2.csv,6496,arithmetic,gsm8k_test_0725,train,remove,C1_transformed,gsmplus_problem_understanding
pairs_arith_v2.csv,6497,arithmetic,gsm8k_test_0725,train,retain,H2_same_template,gsmplus_critical_thinking
pairs_arith_v2.csv,6498,arithmetic,gsm8k_test_0725,train,retain,H1_same_topic,svamp
pairs_arith_v2.csv,6499,arithmetic,gsm8k_test_0725,train,retain,H3_predating,asdiv
pairs_arith_v2.csv,6500,arithmetic,gsm8k_test_0725,train,retain,R_random,truthfulqa
pairs_arith_v2.csv,6501,arithmetic,gsm8k_test_0726,train,remove,C0_exact,gsm8k_copy
pairs_arith_v2.csv,6502,arithmetic,gsm8k_test_0726,train,remove,C1_transformed,lmsys_rephrase
pairs_arith_v2.csv,6503,arithmetic,gsm8k_test_0726,train,remove,C2_answer_bearing,gsm8k_solution_frag
pairs_arith_v2.csv,6504,arithmetic,gsm8k_test_0726,train,retain,H2_same_template,gsmplus_numerical_substitution
pairs_arith_v2.csv,6505,arithmetic,gsm8k_test_0726,train,remove,C1_transformed,gsmplus_problem_understanding
pairs_arith_v2.csv,6506,arithmetic,gsm8k_test_0726,train,retain,H2_same_template,gsmplus_critical_thinking
pairs_arith_v2.csv,6507,arithmetic,gsm8k_test_0726,train,retain,H1_same_topic,svamp
pairs_arith_v2.csv,6508,arithmetic,gsm8k_test_0726,train,retain,H3_predating,asdiv
pairs_arith_v2.csv,6509,arithmetic,gsm8k_test_0726,train,retain,R_random,truthfulqa
pairs_arith_v2.csv,6510,arithmetic,gsm8k_test_0727,train,remove,C0_exact,gsm8k_copy
pairs_arith_v2.csv,6512,arithmetic,gsm8k_test_0727,train,remove,C2_answer_bearing,gsm8k_solution_frag
pairs_arith_v2.csv,6513,arithmetic,gsm8k_test_0727,train,retain,H2_same_template,gsmplus_numerical_substitution
pairs_arith_v2.csv,6514,arithmetic,gsm8k_test_0727,train,remove,C1_transformed,gsmplus_problem_understanding
pairs_arith_v2.csv,6515,arithmetic,gsm8k_test_0727,train,retain,H2_same_template,gsmplus_critical_thinking
pairs_arith_v2.csv,6516,arithmetic,gsm8k_test_0727,train,retain,H1_same_topic,svamp
pairs_arith_v2.csv,6517,arithmetic,gsm8k_test_0727,train,retain,H3_predating,asdiv
pairs_arith_v2.csv,6518,arithmetic,gsm8k_test_0727,train,retain,R_random,truthfulqa
pairs_arith_v2.csv,6581,arithmetic,gsm8k_test_0735,train,remove,C0_exact,gsm8k_copy
pairs_arith_v2.csv,6582,arithmetic,gsm8k_test_0735,train,remove,C1_transformed,lmsys_rephrase
pairs_arith_v2.csv,6583,arithmetic,gsm8k_test_0735,train,remove,C2_answer_bearing,gsm8k_solution_frag
pairs_arith_v2.csv,6584,arithmetic,gsm8k_test_0735,train,remove,C1_transformed,gsmplus_problem_understanding
pairs_arith_v2.csv,6585,arithmetic,gsm8k_test_0735,train,retain,H2_same_template,gsmplus_critical_thinking
pairs_arith_v2.csv,6586,arithmetic,gsm8k_test_0735,train,retain,H1_same_topic,svamp
pairs_arith_v2.csv,6587,arithmetic,gsm8k_test_0735,train,retain,H3_predating,asdiv
pairs_arith_v2.csv,6588,arithmetic,gsm8k_test_0735,train,retain,R_random,truthfulqa
pairs_arith_v2.csv,6589,arithmetic,gsm8k_test_0736,train,remove,C0_exact,gsm8k_copy
pairs_arith_v2.csv,6590,arithmetic,gsm8k_test_0736,train,remove,C1_transformed,lmsys_rephrase
pairs_arith_v2.csv,6591,arithmetic,gsm8k_test_0736,train,remove,C2_answer_bearing,gsm8k_solution_frag
pairs_arith_v2.csv,6592,arithmetic,gsm8k_test_0736,train,retain,H2_same_template,gsmplus_numerical_substitution
pairs_arith_v2.csv,6593,arithmetic,gsm8k_test_0736,train,remove,C1_transformed,gsmplus_problem_understanding
pairs_arith_v2.csv,6594,arithmetic,gsm8k_test_0736,train,retain,H2_same_template,gsmplus_critical_thinking
pairs_arith_v2.csv,6595,arithmetic,gsm8k_test_0736,train,retain,H1_same_topic,svamp
pairs_arith_v2.csv,6596,arithmetic,gsm8k_test_0736,train,retain,H3_predating,asdiv
pairs_arith_v2.csv,6597,arithmetic,gsm8k_test_0736,train,retain,R_random,truthfulqa
pairs_arith_v2.csv,6598,arithmetic,gsm8k_test_0737,train,remove,C0_exact,gsm8k_copy
pairs_arith_v2.csv,6599,arithmetic,gsm8k_test_0737,train,remove,C1_transformed,lmsys_rephrase
pairs_arith_v2.csv,6600,arithmetic,gsm8k_test_0737,train,remove,C2_answer_bearing,gsm8k_solution_frag
pairs_arith_v2.csv,6601,arithmetic,gsm8k_test_0737,train,retain,H2_same_template,gsmplus_numerical_substitution
pairs_arith_v2.csv,6602,arithmetic,gsm8k_test_0737,train,remove,C1_transformed,gsmplus_problem_understanding
pairs_arith_v2.csv,6603,arithmetic,gsm8k_test_0737,train,retain,H2_same_template,gsmplus_critical_thinking
pairs_arith_v2.csv,6604,arithmetic,gsm8k_test_0737,train,retain,H1_same_topic,svamp
pairs_arith_v2.csv,6605,arithmetic,gsm8k_test_0737,train,retain,H3_predating,asdiv
pairs_arith_v2.csv,6606,arithmetic,gsm8k_test_0737,train,retain,R_random,truthfulqa
pairs_arith_v2.csv,6607,arithmetic,gsm8k_test_0738,train,remove,C0_exact,gsm8k_copy
pairs_arith_v2.csv,6608,arithmetic,gsm8k_test_0738,train,remove,C1_transformed,lmsys_rephrase
pairs_arith_v2.csv,6609,arithmetic,gsm8k_test_0738,train,remove,C2_answer_bearing,gsm8k_solution_frag
pairs_arith_v2.csv,6610,arithmetic,gsm8k_test_0738,train,retain,H2_same_template,gsmplus_numerical_substitution
pairs_arith_v2.csv,6611,arithmetic,gsm8k_test_0738,train,remove,C1_transformed,gsmplus_problem_understanding
pairs_arith_v2.csv,6612,arithmetic,gsm8k_test_0738,train,retain,H2_same_template,gsmplus_critical_thinking
pairs_arith_v2.csv,6613,arithmetic,gsm8k_test_0738,train,retain,H1_same_topic,svamp
pairs_arith_v2.csv,6614,arithmetic,gsm8k_test_0738,train,retain,H3_predating,asdiv
pairs_arith_v2.csv,6615,arithmetic,gsm8k_test_0738,train,retain,R_random,truthfulqa
pairs_arith_v2.csv,6643,arithmetic,gsm8k_test_0742,train,remove,C0_exact,gsm8k_copy
pairs_arith_v2.csv,6644,arithmetic,gsm8k_test_0742,train,remove,C1_transformed,lmsys_rephrase
pairs_arith_v2.csv,6645,arithmetic,gsm8k_test_0742,train,remove,C2_answer_bearing,gsm8k_solution_frag
pairs_arith_v2.csv,6646,arithmetic,gsm8k_test_0742,train,retain,H2_same_template,gsmplus_numerical_substitution
pairs_arith_v2.csv,6647,arithmetic,gsm8k_test_0742,train,remove,C1_transformed,gsmplus_problem_understanding
pairs_arith_v2.csv,6648,arithmetic,gsm8k_test_0742,train,retain,H2_same_template,gsmplus_critical_thinking
pairs_arith_v2.csv,6649,arithmetic,gsm8k_test_0742,train,retain,H1_same_topic,svamp
pairs_arith_v2.csv,6650,arithmetic,gsm8k_test_0742,train,retain,H3_predating,asdiv
pairs_arith_v2.csv,6651,arithmetic,gsm8k_test_0742,train,retain,R_random,truthfulqa
pairs_arith_v2.csv,6670,arithmetic,gsm8k_test_0745,train,remove,C0_exact,gsm8k_copy
pairs_arith_v2.csv,6671,arithmetic,gsm8k_test_0745,train,remove,C1_transformed,lmsys_rephrase
pairs_arith_v2.csv,6672,arithmetic,gsm8k_test_0745,train,remove,C2_answer_bearing,gsm8k_solution_frag
pairs_arith_v2.csv,6673,arithmetic,gsm8k_test_0745,train,retain,H2_same_template,gsmplus_numerical_substitution
pairs_arith_v2.csv,6674,arithmetic,gsm8k_test_0745,train,remove,C1_transformed,gsmplus_problem_understanding
pairs_arith_v2.csv,6675,arithmetic,gsm8k_test_0745,train,retain,H2_same_template,gsmplus_critical_thinking
pairs_arith_v2.csv,6676,arithmetic,gsm8k_test_0745,train,retain,H1_same_topic,svamp
pairs_arith_v2.csv,6677,arithmetic,gsm8k_test_0745,train,retain,H3_predating,asdiv
pairs_arith_v2.csv,6678,arithmetic,gsm8k_test_0745,train,retain,R_random,truthfulqa
pairs_arith_v2.csv,6706,arithmetic,gsm8k_test_0749,train,remove,C0_exact,gsm8k_copy
pairs_arith_v2.csv,6707,arithmetic,gsm8k_test_0749,train,remove,C1_transformed,lmsys_rephrase
pairs_arith_v2.csv,6708,arithmetic,gsm8k_test_0749,train,remove,C2_answer_bearing,gsm8k_solution_frag
pairs_arith_v2.csv,6709,arithmetic,gsm8k_test_0749,train,retain,H2_same_template,gsmplus_numerical_substitution
pairs_arith_v2.csv,6710,arithmetic,gsm8k_test_0749,train,remove,C1_transformed,gsmplus_problem_understanding
pairs_arith_v2.csv,6711,arithmetic,gsm8k_test_0749,train,retain,H2_same_template,gsmplus_critical_thinking
pairs_arith_v2.csv,6712,arithmetic,gsm8k_test_0749,train,retain,H1_same_topic,svamp
pairs_arith_v2.csv,6713,arithmetic,gsm8k_test_0749,train,retain,H3_predating,asdiv
pairs_arith_v2.csv,6714,arithmetic,gsm8k_test_0749,train,retain,R_random,truthfulqa
pairs_arith_v2.csv,6724,arithmetic,gsm8k_test_0751,train,remove,C0_exact,gsm8k_copy
pairs_arith_v2.csv,6725,arithmetic,gsm8k_test_0751,train,remove,C1_transformed,lmsys_rephrase
pairs_arith_v2.csv,6726,arithmetic,gsm8k_test_0751,train,remove,C2_answer_bearing,gsm8k_solution_frag
pairs_arith_v2.csv,6727,arithmetic,gsm8k_test_0751,train,retain,H2_same_template,gsmplus_numerical_substitution
pairs_arith_v2.csv,6728,arithmetic,gsm8k_test_0751,train,remove,C1_transformed,gsmplus_problem_understanding
pairs_arith_v2.csv,6729,arithmetic,gsm8k_test_0751,train,retain,H2_same_template,gsmplus_critical_thinking
pairs_arith_v2.csv,6730,arithmetic,gsm8k_test_0751,train,retain,H1_same_topic,svamp
pairs_arith_v2.csv,6731,arithmetic,gsm8k_test_0751,train,retain,H3_predating,asdiv
pairs_arith_v2.csv,6732,arithmetic,gsm8k_test_0751,train,retain,R_random,truthfulqa
pairs_arith_v2.csv,6733,arithmetic,gsm8k_test_0752,train,remove,C0_exact,gsm8k_copy
pairs_arith_v2.csv,6734,arithmetic,gsm8k_test_0752,train,remove,C1_transformed,lmsys_rephrase
pairs_arith_v2.csv,6735,arithmetic,gsm8k_test_0752,train,remove,C2_answer_bearing,gsm8k_solution_frag
pairs_arith_v2.csv,6736,arithmetic,gsm8k_test_0752,train,retain,H2_same_template,gsmplus_numerical_substitution
pairs_arith_v2.csv,6737,arithmetic,gsm8k_test_0752,train,remove,C1_transformed,gsmplus_problem_understanding
pairs_arith_v2.csv,6738,arithmetic,gsm8k_test_0752,train,retain,H2_same_template,gsmplus_critical_thinking
pairs_arith_v2.csv,6739,arithmetic,gsm8k_test_0752,train,retain,H1_same_topic,svamp
pairs_arith_v2.csv,6740,arithmetic,gsm8k_test_0752,train,retain,H3_predating,asdiv
pairs_arith_v2.csv,6741,arithmetic,gsm8k_test_0752,train,retain,R_random,truthfulqa
pairs_arith_v2.csv,6742,arithmetic,gsm8k_test_0753,train,remove,C0_exact,gsm8k_copy
pairs_arith_v2.csv,6743,arithmetic,gsm8k_test_0753,train,remove,C1_transformed,lmsys_rephrase
pairs_arith_v2.csv,6744,arithmetic,gsm8k_test_0753,train,remove,C2_answer_bearing,gsm8k_solution_frag
pairs_arith_v2.csv,6745,arithmetic,gsm8k_test_0753,train,retain,H2_same_template,gsmplus_numerical_substitution
pairs_arith_v2.csv,6746,arithmetic,gsm8k_test_0753,train,remove,C1_transformed,gsmplus_problem_understanding
pairs_arith_v2.csv,6747,arithmetic,gsm8k_test_0753,train,retain,H2_same_template,gsmplus_critical_thinking
pairs_arith_v2.csv,6748,arithmetic,gsm8k_test_0753,train,retain,H1_same_topic,svamp
pairs_arith_v2.csv,6749,arithmetic,gsm8k_test_0753,train,retain,H3_predating,asdiv
pairs_arith_v2.csv,6750,arithmetic,gsm8k_test_0753,train,retain,R_random,truthfulqa
pairs_arith_v2.csv,6751,arithmetic,gsm8k_test_0754,train,remove,C0_exact,gsm8k_copy
pairs_arith_v2.csv,6752,arithmetic,gsm8k_test_0754,train,remove,C1_transformed,lmsys_rephrase
pairs_arith_v2.csv,6753,arithmetic,gsm8k_test_0754,train,remove,C2_answer_bearing,gsm8k_solution_frag
pairs_arith_v2.csv,6754,arithmetic,gsm8k_test_0754,train,retain,H2_same_template,gsmplus_numerical_substitution
pairs_arith_v2.csv,6755,arithmetic,gsm8k_test_0754,train,remove,C1_transformed,gsmplus_problem_understanding
pairs_arith_v2.csv,6756,arithmetic,gsm8k_test_0754,train,retain,H2_same_template,gsmplus_critical_thinking
pairs_arith_v2.csv,6757,arithmetic,gsm8k_test_0754,train,retain,H1_same_topic,svamp
pairs_arith_v2.csv,6758,arithmetic,gsm8k_test_0754,train,retain,H3_predating,asdiv
pairs_arith_v2.csv,6759,arithmetic,gsm8k_test_0754,train,retain,R_random,truthfulqa
pairs_arith_v2.csv,6760,arithmetic,gsm8k_test_0755,train,remove,C0_exact,gsm8k_copy
pairs_arith_v2.csv,6761,arithmetic,gsm8k_test_0755,train,remove,C1_transformed,lmsys_rephrase
pairs_arith_v2.csv,6762,arithmetic,gsm8k_test_0755,train,remove,C2_answer_bearing,gsm8k_solution_frag
pairs_arith_v2.csv,6763,arithmetic,gsm8k_test_0755,train,retain,H2_same_template,gsmplus_numerical_substitution
pairs_arith_v2.csv,6764,arithmetic,gsm8k_test_0755,train,remove,C1_transformed,gsmplus_problem_understanding
pairs_arith_v2.csv,6765,arithmetic,gsm8k_test_0755,train,retain,H2_same_template,gsmplus_critical_thinking
pairs_arith_v2.csv,6766,arithmetic,gsm8k_test_0755,train,retain,H1_same_topic,svamp
pairs_arith_v2.csv,6767,arithmetic,gsm8k_test_0755,train,retain,H3_predating,asdiv
pairs_arith_v2.csv,6768,arithmetic,gsm8k_test_0755,train,retain,R_random,truthfulqa
pairs_arith_v2.csv,6787,arithmetic,gsm8k_test_0758,train,remove,C0_exact,gsm8k_copy
pairs_arith_v2.csv,6788,arithmetic,gsm8k_test_0758,train,remove,C1_transformed,lmsys_rephrase
pairs_arith_v2.csv,6789,arithmetic,gsm8k_test_0758,train,remove,C2_answer_bearing,gsm8k_solution_frag
pairs_arith_v2.csv,6790,arithmetic,gsm8k_test_0758,train,retain,H2_same_template,gsmplus_numerical_substitution
pairs_arith_v2.csv,6791,arithmetic,gsm8k_test_0758,train,remove,C1_transformed,gsmplus_problem_understanding
pairs_arith_v2.csv,6792,arithmetic,gsm8k_test_0758,train,retain,H2_same_template,gsmplus_critical_thinking
pairs_arith_v2.csv,6793,arithmetic,gsm8k_test_0758,train,retain,H1_same_topic,svamp
pairs_arith_v2.csv,6794,arithmetic,gsm8k_test_0758,train,retain,H3_predating,asdiv
pairs_arith_v2.csv,6795,arithmetic,gsm8k_test_0758,train,retain,R_random,truthfulqa
pairs_arith_v2.csv,6796,arithmetic,gsm8k_test_0759,train,remove,C0_exact,gsm8k_copy
pairs_arith_v2.csv,6797,arithmetic,gsm8k_test_0759,train,remove,C1_transformed,lmsys_rephrase
pairs_arith_v2.csv,6798,arithmetic,gsm8k_test_0759,train,remove,C2_answer_bearing,gsm8k_solution_frag
pairs_arith_v2.csv,6799,arithmetic,gsm8k_test_0759,train,retain,H2_same_template,gsmplus_numerical_substitution
pairs_arith_v2.csv,6800,arithmetic,gsm8k_test_0759,train,remove,C1_transformed,gsmplus_problem_understanding
pairs_arith_v2.csv,6801,arithmetic,gsm8k_test_0759,train,retain,H2_same_template,gsmplus_critical_thinking
pairs_arith_v2.csv,6802,arithmetic,gsm8k_test_0759,train,retain,H1_same_topic,svamp
pairs_arith_v2.csv,6803,arithmetic,gsm8k_test_0759,train,retain,H3_predating,asdiv
pairs_arith_v2.csv,6804,arithmetic,gsm8k_test_0759,train,retain,R_random,truthfulqa
pairs_arith_v2.csv,6823,arithmetic,gsm8k_test_0762,train,remove,C0_exact,gsm8k_copy
pairs_arith_v2.csv,6824,arithmetic,gsm8k_test_0762,train,remove,C1_transformed,lmsys_rephrase
pairs_arith_v2.csv,6825,arithmetic,gsm8k_test_0762,train,remove,C2_answer_bearing,gsm8k_solution_frag
pairs_arith_v2.csv,6826,arithmetic,gsm8k_test_0762,train,retain,H2_same_template,gsmplus_numerical_substitution
pairs_arith_v2.csv,6827,arithmetic,gsm8k_test_0762,train,remove,C1_transformed,gsmplus_problem_understanding
pairs_arith_v2.csv,6828,arithmetic,gsm8k_test_0762,train,retain,H2_same_template,gsmplus_critical_thinking
pairs_arith_v2.csv,6829,arithmetic,gsm8k_test_0762,train,retain,H1_same_topic,svamp
pairs_arith_v2.csv,6830,arithmetic,gsm8k_test_0762,train,retain,H3_predating,asdiv
pairs_arith_v2.csv,6831,arithmetic,gsm8k_test_0762,train,retain,R_random,truthfulqa
pairs_arith_v2.csv,6859,arithmetic,gsm8k_test_0766,train,remove,C0_exact,gsm8k_copy
pairs_arith_v2.csv,6860,arithmetic,gsm8k_test_0766,train,remove,C1_transformed,lmsys_rephrase
pairs_arith_v2.csv,6861,arithmetic,gsm8k_test_0766,train,remove,C2_answer_bearing,gsm8k_solution_frag
pairs_arith_v2.csv,6862,arithmetic,gsm8k_test_0766,train,retain,H2_same_template,gsmplus_numerical_substitution
pairs_arith_v2.csv,6863,arithmetic,gsm8k_test_0766,train,remove,C1_transformed,gsmplus_problem_understanding
pairs_arith_v2.csv,6864,arithmetic,gsm8k_test_0766,train,retain,H2_same_template,gsmplus_critical_thinking
pairs_arith_v2.csv,6865,arithmetic,gsm8k_test_0766,train,retain,H1_same_topic,svamp
pairs_arith_v2.csv,6866,arithmetic,gsm8k_test_0766,train,retain,H3_predating,asdiv
pairs_arith_v2.csv,6867,arithmetic,gsm8k_test_0766,train,retain,R_random,truthfulqa
pairs_arith_v2.csv,6868,arithmetic,gsm8k_test_0767,train,remove,C0_exact,gsm8k_copy
pairs_arith_v2.csv,6869,arithmetic,gsm8k_test_0767,train,remove,C1_transformed,lmsys_rephrase
pairs_arith_v2.csv,6870,arithmetic,gsm8k_test_0767,train,remove,C2_answer_bearing,gsm8k_solution_frag
pairs_arith_v2.csv,6871,arithmetic,gsm8k_test_0767,train,retain,H2_same_template,gsmplus_numerical_substitution
pairs_arith_v2.csv,6872,arithmetic,gsm8k_test_0767,train,remove,C1_transformed,gsmplus_problem_understanding
pairs_arith_v2.csv,6873,arithmetic,gsm8k_test_0767,train,retain,H2_same_template,gsmplus_critical_thinking
pairs_arith_v2.csv,6874,arithmetic,gsm8k_test_0767,train,retain,H1_same_topic,svamp
pairs_arith_v2.csv,6875,arithmetic,gsm8k_test_0767,train,retain,H3_predating,asdiv
pairs_arith_v2.csv,6876,arithmetic,gsm8k_test_0767,train,retain,R_random,truthfulqa
pairs_arith_v2.csv,6886,arithmetic,gsm8k_test_0769,train,remove,C0_exact,gsm8k_copy
pairs_arith_v2.csv,6887,arithmetic,gsm8k_test_0769,train,remove,C1_transformed,lmsys_rephrase
pairs_arith_v2.csv,6888,arithmetic,gsm8k_test_0769,train,remove,C2_answer_bearing,gsm8k_solution_frag
pairs_arith_v2.csv,6889,arithmetic,gsm8k_test_0769,train,retain,H2_same_template,gsmplus_numerical_substitution
pairs_arith_v2.csv,6890,arithmetic,gsm8k_test_0769,train,remove,C1_transformed,gsmplus_problem_understanding
pairs_arith_v2.csv,6891,arithmetic,gsm8k_test_0769,train,retain,H2_same_template,gsmplus_critical_thinking
pairs_arith_v2.csv,6892,arithmetic,gsm8k_test_0769,train,retain,H1_same_topic,svamp
pairs_arith_v2.csv,6893,arithmetic,gsm8k_test_0769,train,retain,H3_predating,asdiv
pairs_arith_v2.csv,6894,arithmetic,gsm8k_test_0769,train,retain,R_random,truthfulqa
pairs_arith_v2.csv,6904,arithmetic,gsm8k_test_0771,train,remove,C0_exact,gsm8k_copy
pairs_arith_v2.csv,6905,arithmetic,gsm8k_test_0771,train,remove,C1_transformed,lmsys_rephrase
pairs_arith_v2.csv,6906,arithmetic,gsm8k_test_0771,train,remove,C2_answer_bearing,gsm8k_solution_frag
pairs_arith_v2.csv,6907,arithmetic,gsm8k_test_0771,train,retain,H2_same_template,gsmplus_numerical_substitution
pairs_arith_v2.csv,6908,arithmetic,gsm8k_test_0771,train,remove,C1_transformed,gsmplus_problem_understanding
pairs_arith_v2.csv,6909,arithmetic,gsm8k_test_0771,train,retain,H2_same_template,gsmplus_critical_thinking
pairs_arith_v2.csv,6910,arithmetic,gsm8k_test_0771,train,retain,H1_same_topic,svamp
pairs_arith_v2.csv,6911,arithmetic,gsm8k_test_0771,train,retain,H3_predating,asdiv
pairs_arith_v2.csv,6912,arithmetic,gsm8k_test_0771,train,retain,R_random,truthfulqa
pairs_arith_v2.csv,6922,arithmetic,gsm8k_test_0773,train,remove,C0_exact,gsm8k_copy
pairs_arith_v2.csv,6923,arithmetic,gsm8k_test_0773,train,remove,C1_transformed,lmsys_rephrase
pairs_arith_v2.csv,6924,arithmetic,gsm8k_test_0773,train,remove,C2_answer_bearing,gsm8k_solution_frag
pairs_arith_v2.csv,6925,arithmetic,gsm8k_test_0773,train,retain,H2_same_template,gsmplus_numerical_substitution
pairs_arith_v2.csv,6926,arithmetic,gsm8k_test_0773,train,remove,C1_transformed,gsmplus_problem_understanding
pairs_arith_v2.csv,6927,arithmetic,gsm8k_test_0773,train,retain,H2_same_template,gsmplus_critical_thinking
pairs_arith_v2.csv,6928,arithmetic,gsm8k_test_0773,train,retain,H1_same_topic,svamp
pairs_arith_v2.csv,6929,arithmetic,gsm8k_test_0773,train,retain,H3_predating,asdiv
pairs_arith_v2.csv,6930,arithmetic,gsm8k_test_0773,train,retain,R_random,truthfulqa
pairs_arith_v2.csv,6948,arithmetic,gsm8k_test_0776,train,remove,C0_exact,gsm8k_copy
pairs_arith_v2.csv,6949,arithmetic,gsm8k_test_0776,train,remove,C1_transformed,lmsys_rephrase
pairs_arith_v2.csv,6950,arithmetic,gsm8k_test_0776,train,remove,C2_answer_bearing,gsm8k_solution_frag
pairs_arith_v2.csv,6951,arithmetic,gsm8k_test_0776,train,retain,H2_same_template,gsmplus_numerical_substitution
pairs_arith_v2.csv,6952,arithmetic,gsm8k_test_0776,train,remove,C1_transformed,gsmplus_problem_understanding
pairs_arith_v2.csv,6953,arithmetic,gsm8k_test_0776,train,retain,H2_same_template,gsmplus_critical_thinking
pairs_arith_v2.csv,6954,arithmetic,gsm8k_test_0776,train,retain,H1_same_topic,svamp
pairs_arith_v2.csv,6955,arithmetic,gsm8k_test_0776,train,retain,H3_predating,asdiv
pairs_arith_v2.csv,6956,arithmetic,gsm8k_test_0776,train,retain,R_random,truthfulqa
pairs_arith_v2.csv,6966,arithmetic,gsm8k_test_0778,train,remove,C0_exact,gsm8k_copy
pairs_arith_v2.csv,6967,arithmetic,gsm8k_test_0778,train,remove,C1_transformed,lmsys_rephrase
pairs_arith_v2.csv,6968,arithmetic,gsm8k_test_0778,train,remove,C2_answer_bearing,gsm8k_solution_frag
pairs_arith_v2.csv,6969,arithmetic,gsm8k_test_0778,train,retain,H2_same_template,gsmplus_numerical_substitution
pairs_arith_v2.csv,6970,arithmetic,gsm8k_test_0778,train,remove,C1_transformed,gsmplus_problem_understanding
pairs_arith_v2.csv,6971,arithmetic,gsm8k_test_0778,train,retain,H2_same_template,gsmplus_critical_thinking
pairs_arith_v2.csv,6972,arithmetic,gsm8k_test_0778,train,retain,H1_same_topic,svamp
pairs_arith_v2.csv,6973,arithmetic,gsm8k_test_0778,train,retain,H3_predating,asdiv
pairs_arith_v2.csv,6974,arithmetic,gsm8k_test_0778,train,retain,R_random,truthfulqa
pairs_arith_v2.csv,6975,arithmetic,gsm8k_test_0779,train,remove,C0_exact,gsm8k_copy
pairs_arith_v2.csv,6976,arithmetic,gsm8k_test_0779,train,remove,C1_transformed,lmsys_rephrase
pairs_arith_v2.csv,6977,arithmetic,gsm8k_test_0779,train,remove,C2_answer_bearing,gsm8k_solution_frag
pairs_arith_v2.csv,6978,arithmetic,gsm8k_test_0779,train,retain,H2_same_template,gsmplus_numerical_substitution
pairs_arith_v2.csv,6979,arithmetic,gsm8k_test_0779,train,remove,C1_transformed,gsmplus_problem_understanding
pairs_arith_v2.csv,6980,arithmetic,gsm8k_test_0779,train,retain,H2_same_template,gsmplus_critical_thinking
pairs_arith_v2.csv,6981,arithmetic,gsm8k_test_0779,train,retain,H1_same_topic,svamp
pairs_arith_v2.csv,6982,arithmetic,gsm8k_test_0779,train,retain,H3_predating,asdiv
pairs_arith_v2.csv,6983,arithmetic,gsm8k_test_0779,train,retain,R_random,truthfulqa
pairs_arith_v2.csv,6984,arithmetic,gsm8k_test_0780,train,remove,C0_exact,gsm8k_copy
pairs_arith_v2.csv,6985,arithmetic,gsm8k_test_0780,train,remove,C1_transformed,lmsys_rephrase
pairs_arith_v2.csv,6986,arithmetic,gsm8k_test_0780,train,remove,C2_answer_bearing,gsm8k_solution_frag
pairs_arith_v2.csv,6987,arithmetic,gsm8k_test_0780,train,retain,H2_same_template,gsmplus_numerical_substitution
pairs_arith_v2.csv,6988,arithmetic,gsm8k_test_0780,train,remove,C1_transformed,gsmplus_problem_understanding
pairs_arith_v2.csv,6989,arithmetic,gsm8k_test_0780,train,retain,H2_same_template,gsmplus_critical_thinking
pairs_arith_v2.csv,6990,arithmetic,gsm8k_test_0780,train,retain,H1_same_topic,svamp
pairs_arith_v2.csv,6991,arithmetic,gsm8k_test_0780,train,retain,H3_predating,asdiv
pairs_arith_v2.csv,6992,arithmetic,gsm8k_test_0780,train,retain,R_random,truthfulqa
pairs_arith_v2.csv,6993,arithmetic,gsm8k_test_0781,train,remove,C0_exact,gsm8k_copy
pairs_arith_v2.csv,6994,arithmetic,gsm8k_test_0781,train,remove,C1_transformed,lmsys_rephrase
pairs_arith_v2.csv,6995,arithmetic,gsm8k_test_0781,train,remove,C2_answer_bearing,gsm8k_solution_frag
pairs_arith_v2.csv,6996,arithmetic,gsm8k_test_0781,train,retain,H2_same_template,gsmplus_numerical_substitution
pairs_arith_v2.csv,6997,arithmetic,gsm8k_test_0781,train,remove,C1_transformed,gsmplus_problem_understanding
pairs_arith_v2.csv,6998,arithmetic,gsm8k_test_0781,train,retain,H2_same_template,gsmplus_critical_thinking
pairs_arith_v2.csv,6999,arithmetic,gsm8k_test_0781,train,retain,H1_same_topic,svamp
pairs_arith_v2.csv,7000,arithmetic,gsm8k_test_0781,train,retain,H3_predating,asdiv
pairs_arith_v2.csv,7001,arithmetic,gsm8k_test_0781,train,retain,R_random,truthfulqa
pairs_arith_v2.csv,7020,arithmetic,gsm8k_test_0784,train,remove,C0_exact,gsm8k_copy
pairs_arith_v2.csv,7021,arithmetic,gsm8k_test_0784,train,remove,C1_transformed,lmsys_rephrase
pairs_arith_v2.csv,7022,arithmetic,gsm8k_test_0784,train,remove,C2_answer_bearing,gsm8k_solution_frag
pairs_arith_v2.csv,7023,arithmetic,gsm8k_test_0784,train,retain,H2_same_template,gsmplus_numerical_substitution
pairs_arith_v2.csv,7024,arithmetic,gsm8k_test_0784,train,remove,C1_transformed,gsmplus_problem_understanding
pairs_arith_v2.csv,7025,arithmetic,gsm8k_test_0784,train,retain,H2_same_template,gsmplus_critical_thinking
pairs_arith_v2.csv,7026,arithmetic,gsm8k_test_0784,train,retain,H1_same_topic,svamp
pairs_arith_v2.csv,7027,arithmetic,gsm8k_test_0784,train,retain,H3_predating,asdiv
pairs_arith_v2.csv,7028,arithmetic,gsm8k_test_0784,train,retain,R_random,truthfulqa
pairs_arith_v2.csv,7029,arithmetic,gsm8k_test_0785,train,remove,C0_exact,gsm8k_copy
pairs_arith_v2.csv,7030,arithmetic,gsm8k_test_0785,train,remove,C1_transformed,lmsys_rephrase
pairs_arith_v2.csv,7031,arithmetic,gsm8k_test_0785,train,remove,C2_answer_bearing,gsm8k_solution_frag
pairs_arith_v2.csv,7032,arithmetic,gsm8k_test_0785,train,retain,H2_same_template,gsmplus_numerical_substitution
pairs_arith_v2.csv,7033,arithmetic,gsm8k_test_0785,train,remove,C1_transformed,gsmplus_problem_understanding
pairs_arith_v2.csv,7034,arithmetic,gsm8k_test_0785,train,retain,H2_same_template,gsmplus_critical_thinking
pairs_arith_v2.csv,7035,arithmetic,gsm8k_test_0785,train,retain,H1_same_topic,svamp
pairs_arith_v2.csv,7036,arithmetic,gsm8k_test_0785,train,retain,H3_predating,asdiv
pairs_arith_v2.csv,7037,arithmetic,gsm8k_test_0785,train,retain,R_random,truthfulqa
pairs_arith_v2.csv,7056,arithmetic,gsm8k_test_0788,train,remove,C0_exact,gsm8k_copy
pairs_arith_v2.csv,7057,arithmetic,gsm8k_test_0788,train,remove,C1_transformed,lmsys_rephrase
pairs_arith_v2.csv,7058,arithmetic,gsm8k_test_0788,train,remove,C2_answer_bearing,gsm8k_solution_frag
pairs_arith_v2.csv,7059,arithmetic,gsm8k_test_0788,train,retain,H2_same_template,gsmplus_numerical_substitution
pairs_arith_v2.csv,7060,arithmetic,gsm8k_test_0788,train,remove,C1_transformed,gsmplus_problem_understanding
pairs_arith_v2.csv,7061,arithmetic,gsm8k_test_0788,train,retain,H2_same_template,gsmplus_critical_thinking
pairs_arith_v2.csv,7062,arithmetic,gsm8k_test_0788,train,retain,H1_same_topic,svamp
pairs_arith_v2.csv,7063,arithmetic,gsm8k_test_0788,train,retain,H3_predating,asdiv
pairs_arith_v2.csv,7064,arithmetic,gsm8k_test_0788,train,retain,R_random,truthfulqa
pairs_arith_v2.csv,7065,arithmetic,gsm8k_test_0789,train,remove,C0_exact,gsm8k_copy
pairs_arith_v2.csv,7066,arithmetic,gsm8k_test_0789,train,remove,C1_transformed,lmsys_rephrase
pairs_arith_v2.csv,7067,arithmetic,gsm8k_test_0789,train,remove,C2_answer_bearing,gsm8k_solution_frag
pairs_arith_v2.csv,7068,arithmetic,gsm8k_test_0789,train,retain,H2_same_template,gsmplus_numerical_substitution
pairs_arith_v2.csv,7069,arithmetic,gsm8k_test_0789,train,remove,C1_transformed,gsmplus_problem_understanding
pairs_arith_v2.csv,7070,arithmetic,gsm8k_test_0789,train,retain,H2_same_template,gsmplus_critical_thinking
pairs_arith_v2.csv,7071,arithmetic,gsm8k_test_0789,train,retain,H1_same_topic,svamp
pairs_arith_v2.csv,7072,arithmetic,gsm8k_test_0789,train,retain,H3_predating,asdiv
pairs_arith_v2.csv,7073,arithmetic,gsm8k_test_0789,train,retain,R_random,truthfulqa
pairs_arith_v2.csv,7119,arithmetic,gsm8k_test_0795,train,remove,C0_exact,gsm8k_copy
pairs_arith_v2.csv,7120,arithmetic,gsm8k_test_0795,train,remove,C1_transformed,lmsys_rephrase
pairs_arith_v2.csv,7121,arithmetic,gsm8k_test_0795,train,remove,C2_answer_bearing,gsm8k_solution_frag
pairs_arith_v2.csv,7122,arithmetic,gsm8k_test_0795,train,retain,H2_same_template,gsmplus_numerical_substitution
pairs_arith_v2.csv,7123,arithmetic,gsm8k_test_0795,train,remove,C1_transformed,gsmplus_problem_understanding
pairs_arith_v2.csv,7124,arithmetic,gsm8k_test_0795,train,retain,H2_same_template,gsmplus_critical_thinking
pairs_arith_v2.csv,7125,arithmetic,gsm8k_test_0795,train,retain,H1_same_topic,svamp
pairs_arith_v2.csv,7126,arithmetic,gsm8k_test_0795,train,retain,H3_predating,asdiv
pairs_arith_v2.csv,7127,arithmetic,gsm8k_test_0795,train,retain,R_random,truthfulqa
pairs_arith_v2.csv,7137,arithmetic,gsm8k_test_0797,train,remove,C0_exact,gsm8k_copy
pairs_arith_v2.csv,7138,arithmetic,gsm8k_test_0797,train,remove,C1_transformed,lmsys_rephrase
pairs_arith_v2.csv,7139,arithmetic,gsm8k_test_0797,train,remove,C2_answer_bearing,gsm8k_solution_frag
pairs_arith_v2.csv,7140,arithmetic,gsm8k_test_0797,train,retain,H2_same_template,gsmplus_numerical_substitution
pairs_arith_v2.csv,7141,arithmetic,gsm8k_test_0797,train,remove,C1_transformed,gsmplus_problem_understanding
pairs_arith_v2.csv,7142,arithmetic,gsm8k_test_0797,train,retain,H2_same_template,gsmplus_critical_thinking
pairs_arith_v2.csv,7143,arithmetic,gsm8k_test_0797,train,retain,H1_same_topic,svamp
pairs_arith_v2.csv,7144,arithmetic,gsm8k_test_0797,train,retain,H3_predating,asdiv
pairs_arith_v2.csv,7145,arithmetic,gsm8k_test_0797,train,retain,R_random,truthfulqa
pairs_arith_v2.csv,7155,arithmetic,gsm8k_test_0799,train,remove,C0_exact,gsm8k_copy
pairs_arith_v2.csv,7156,arithmetic,gsm8k_test_0799,train,remove,C1_transformed,lmsys_rephrase
pairs_arith_v2.csv,7157,arithmetic,gsm8k_test_0799,train,remove,C2_answer_bearing,gsm8k_solution_frag
pairs_arith_v2.csv,7158,arithmetic,gsm8k_test_0799,train,retain,H2_same_template,gsmplus_numerical_substitution
pairs_arith_v2.csv,7159,arithmetic,gsm8k_test_0799,train,remove,C1_transformed,gsmplus_problem_understanding
pairs_arith_v2.csv,7160,arithmetic,gsm8k_test_0799,train,retain,H2_same_template,gsmplus_critical_thinking
pairs_arith_v2.csv,7161,arithmetic,gsm8k_test_0799,train,retain,H1_same_topic,svamp
pairs_arith_v2.csv,7162,arithmetic,gsm8k_test_0799,train,retain,H3_predating,asdiv
pairs_arith_v2.csv,7163,arithmetic,gsm8k_test_0799,train,retain,R_random,truthfulqa
pairs_arith_v2.csv,7173,arithmetic,gsm8k_test_0801,train,remove,C0_exact,gsm8k_copy
pairs_arith_v2.csv,7174,arithmetic,gsm8k_test_0801,train,remove,C1_transformed,lmsys_rephrase
pairs_arith_v2.csv,7175,arithmetic,gsm8k_test_0801,train,remove,C2_answer_bearing,gsm8k_solution_frag
pairs_arith_v2.csv,7176,arithmetic,gsm8k_test_0801,train,retain,H2_same_template,gsmplus_numerical_substitution
pairs_arith_v2.csv,7177,arithmetic,gsm8k_test_0801,train,remove,C1_transformed,gsmplus_problem_understanding
pairs_arith_v2.csv,7178,arithmetic,gsm8k_test_0801,train,retain,H2_same_template,gsmplus_critical_thinking
pairs_arith_v2.csv,7179,arithmetic,gsm8k_test_0801,train,retain,H1_same_topic,svamp
pairs_arith_v2.csv,7180,arithmetic,gsm8k_test_0801,train,retain,H3_predating,asdiv
pairs_arith_v2.csv,7181,arithmetic,gsm8k_test_0801,train,retain,R_random,truthfulqa
pairs_arith_v2.csv,7218,arithmetic,gsm8k_test_0806,train,remove,C0_exact,gsm8k_copy
pairs_arith_v2.csv,7219,arithmetic,gsm8k_test_0806,train,remove,C1_transformed,lmsys_rephrase
pairs_arith_v2.csv,7220,arithmetic,gsm8k_test_0806,train,remove,C2_answer_bearing,gsm8k_solution_frag
pairs_arith_v2.csv,7221,arithmetic,gsm8k_test_0806,train,retain,H2_same_template,gsmplus_numerical_substitution
pairs_arith_v2.csv,7222,arithmetic,gsm8k_test_0806,train,remove,C1_transformed,gsmplus_problem_understanding
pairs_arith_v2.csv,7223,arithmetic,gsm8k_test_0806,train,retain,H2_same_template,gsmplus_critical_thinking
pairs_arith_v2.csv,7224,arithmetic,gsm8k_test_0806,train,retain,H1_same_topic,svamp
pairs_arith_v2.csv,7225,arithmetic,gsm8k_test_0806,train,retain,H3_predating,asdiv
pairs_arith_v2.csv,7226,arithmetic,gsm8k_test_0806,train,retain,R_random,truthfulqa
pairs_arith_v2.csv,7236,arithmetic,gsm8k_test_0808,train,remove,C0_exact,gsm8k_copy
pairs_arith_v2.csv,7237,arithmetic,gsm8k_test_0808,train,remove,C1_transformed,lmsys_rephrase
pairs_arith_v2.csv,7238,arithmetic,gsm8k_test_0808,train,remove,C2_answer_bearing,gsm8k_solution_frag
pairs_arith_v2.csv,7239,arithmetic,gsm8k_test_0808,train,retain,H2_same_template,gsmplus_numerical_substitution
pairs_arith_v2.csv,7240,arithmetic,gsm8k_test_0808,train,remove,C1_transformed,gsmplus_problem_understanding
pairs_arith_v2.csv,7241,arithmetic,gsm8k_test_0808,train,retain,H2_same_template,gsmplus_critical_thinking
pairs_arith_v2.csv,7242,arithmetic,gsm8k_test_0808,train,retain,H1_same_topic,svamp
pairs_arith_v2.csv,7243,arithmetic,gsm8k_test_0808,train,retain,H3_predating,asdiv
pairs_arith_v2.csv,7244,arithmetic,gsm8k_test_0808,train,retain,R_random,truthfulqa
pairs_arith_v2.csv,7289,arithmetic,gsm8k_test_0814,train,remove,C0_exact,gsm8k_copy
pairs_arith_v2.csv,7290,arithmetic,gsm8k_test_0814,train,remove,C1_transformed,lmsys_rephrase
pairs_arith_v2.csv,7291,arithmetic,gsm8k_test_0814,train,remove,C2_answer_bearing,gsm8k_solution_frag
pairs_arith_v2.csv,7292,arithmetic,gsm8k_test_0814,train,retain,H2_same_template,gsmplus_numerical_substitution
pairs_arith_v2.csv,7293,arithmetic,gsm8k_test_0814,train,remove,C1_transformed,gsmplus_problem_understanding
pairs_arith_v2.csv,7294,arithmetic,gsm8k_test_0814,train,retain,H2_same_template,gsmplus_critical_thinking
pairs_arith_v2.csv,7295,arithmetic,gsm8k_test_0814,train,retain,H1_same_topic,svamp
pairs_arith_v2.csv,7296,arithmetic,gsm8k_test_0814,train,retain,H3_predating,asdiv
pairs_arith_v2.csv,7297,arithmetic,gsm8k_test_0814,train,retain,R_random,truthfulqa
pairs_arith_v2.csv,7298,arithmetic,gsm8k_test_0815,train,remove,C0_exact,gsm8k_copy
pairs_arith_v2.csv,7299,arithmetic,gsm8k_test_0815,train,remove,C1_transformed,lmsys_rephrase
pairs_arith_v2.csv,7300,arithmetic,gsm8k_test_0815,train,remove,C2_answer_bearing,gsm8k_solution_frag
pairs_arith_v2.csv,7301,arithmetic,gsm8k_test_0815,train,retain,H2_same_template,gsmplus_numerical_substitution
pairs_arith_v2.csv,7302,arithmetic,gsm8k_test_0815,train,remove,C1_transformed,gsmplus_problem_understanding
pairs_arith_v2.csv,7303,arithmetic,gsm8k_test_0815,train,retain,H2_same_template,gsmplus_critical_thinking
pairs_arith_v2.csv,7304,arithmetic,gsm8k_test_0815,train,retain,H1_same_topic,svamp
pairs_arith_v2.csv,7305,arithmetic,gsm8k_test_0815,train,retain,H3_predating,asdiv
pairs_arith_v2.csv,7306,arithmetic,gsm8k_test_0815,train,retain,R_random,truthfulqa
pairs_arith_v2.csv,7307,arithmetic,gsm8k_test_0816,train,remove,C0_exact,gsm8k_copy
pairs_arith_v2.csv,7308,arithmetic,gsm8k_test_0816,train,remove,C1_transformed,lmsys_rephrase
pairs_arith_v2.csv,7309,arithmetic,gsm8k_test_0816,train,remove,C2_answer_bearing,gsm8k_solution_frag
pairs_arith_v2.csv,7310,arithmetic,gsm8k_test_0816,train,retain,H2_same_template,gsmplus_numerical_substitution
pairs_arith_v2.csv,7311,arithmetic,gsm8k_test_0816,train,remove,C1_transformed,gsmplus_problem_understanding
pairs_arith_v2.csv,7312,arithmetic,gsm8k_test_0816,train,retain,H2_same_template,gsmplus_critical_thinking
pairs_arith_v2.csv,7313,arithmetic,gsm8k_test_0816,train,retain,H1_same_topic,svamp
pairs_arith_v2.csv,7314,arithmetic,gsm8k_test_0816,train,retain,H3_predating,asdiv
pairs_arith_v2.csv,7315,arithmetic,gsm8k_test_0816,train,retain,R_random,truthfulqa
pairs_arith_v2.csv,7334,arithmetic,gsm8k_test_0819,train,remove,C0_exact,gsm8k_copy
pairs_arith_v2.csv,7335,arithmetic,gsm8k_test_0819,train,remove,C1_transformed,lmsys_rephrase
pairs_arith_v2.csv,7336,arithmetic,gsm8k_test_0819,train,remove,C2_answer_bearing,gsm8k_solution_frag
pairs_arith_v2.csv,7337,arithmetic,gsm8k_test_0819,train,retain,H2_same_template,gsmplus_numerical_substitution
pairs_arith_v2.csv,7338,arithmetic,gsm8k_test_0819,train,remove,C1_transformed,gsmplus_problem_understanding
pairs_arith_v2.csv,7339,arithmetic,gsm8k_test_0819,train,retain,H2_same_template,gsmplus_critical_thinking
pairs_arith_v2.csv,7340,arithmetic,gsm8k_test_0819,train,retain,H1_same_topic,svamp
pairs_arith_v2.csv,7341,arithmetic,gsm8k_test_0819,train,retain,H3_predating,asdiv
pairs_arith_v2.csv,7342,arithmetic,gsm8k_test_0819,train,retain,R_random,truthfulqa
pairs_arith_v2.csv,7406,arithmetic,gsm8k_test_0827,train,remove,C0_exact,gsm8k_copy
pairs_arith_v2.csv,7407,arithmetic,gsm8k_test_0827,train,remove,C1_transformed,lmsys_rephrase
pairs_arith_v2.csv,7408,arithmetic,gsm8k_test_0827,train,remove,C2_answer_bearing,gsm8k_solution_frag
pairs_arith_v2.csv,7409,arithmetic,gsm8k_test_0827,train,retain,H2_same_template,gsmplus_numerical_substitution
pairs_arith_v2.csv,7410,arithmetic,gsm8k_test_0827,train,remove,C1_transformed,gsmplus_problem_understanding
pairs_arith_v2.csv,7411,arithmetic,gsm8k_test_0827,train,retain,H2_same_template,gsmplus_critical_thinking
pairs_arith_v2.csv,7412,arithmetic,gsm8k_test_0827,train,retain,H1_same_topic,svamp
pairs_arith_v2.csv,7413,arithmetic,gsm8k_test_0827,train,retain,H3_predating,asdiv
pairs_arith_v2.csv,7414,arithmetic,gsm8k_test_0827,train,retain,R_random,truthfulqa
pairs_arith_v2.csv,7424,arithmetic,gsm8k_test_0829,train,remove,C0_exact,gsm8k_copy
pairs_arith_v2.csv,7425,arithmetic,gsm8k_test_0829,train,remove,C1_transformed,lmsys_rephrase
pairs_arith_v2.csv,7426,arithmetic,gsm8k_test_0829,train,remove,C2_answer_bearing,gsm8k_solution_frag
pairs_arith_v2.csv,7427,arithmetic,gsm8k_test_0829,train,retain,H2_same_template,gsmplus_numerical_substitution
pairs_arith_v2.csv,7428,arithmetic,gsm8k_test_0829,train,remove,C1_transformed,gsmplus_problem_understanding
pairs_arith_v2.csv,7429,arithmetic,gsm8k_test_0829,train,retain,H2_same_template,gsmplus_critical_thinking
pairs_arith_v2.csv,7430,arithmetic,gsm8k_test_0829,train,retain,H1_same_topic,svamp
pairs_arith_v2.csv,7431,arithmetic,gsm8k_test_0829,train,retain,H3_predating,asdiv
pairs_arith_v2.csv,7432,arithmetic,gsm8k_test_0829,train,retain,R_random,truthfulqa
pairs_arith_v2.csv,7433,arithmetic,gsm8k_test_0830,train,remove,C0_exact,gsm8k_copy
pairs_arith_v2.csv,7434,arithmetic,gsm8k_test_0830,train,remove,C1_transformed,lmsys_rephrase
pairs_arith_v2.csv,7435,arithmetic,gsm8k_test_0830,train,remove,C2_answer_bearing,gsm8k_solution_frag
pairs_arith_v2.csv,7436,arithmetic,gsm8k_test_0830,train,retain,H2_same_template,gsmplus_numerical_substitution
pairs_arith_v2.csv,7437,arithmetic,gsm8k_test_0830,train,remove,C1_transformed,gsmplus_problem_understanding
pairs_arith_v2.csv,7438,arithmetic,gsm8k_test_0830,train,retain,H2_same_template,gsmplus_critical_thinking
pairs_arith_v2.csv,7439,arithmetic,gsm8k_test_0830,train,retain,H1_same_topic,svamp
pairs_arith_v2.csv,7440,arithmetic,gsm8k_test_0830,train,retain,H3_predating,asdiv
pairs_arith_v2.csv,7441,arithmetic,gsm8k_test_0830,train,retain,R_random,truthfulqa
pairs_arith_v2.csv,7469,arithmetic,gsm8k_test_0834,train,remove,C0_exact,gsm8k_copy
pairs_arith_v2.csv,7470,arithmetic,gsm8k_test_0834,train,remove,C1_transformed,lmsys_rephrase
pairs_arith_v2.csv,7471,arithmetic,gsm8k_test_0834,train,remove,C2_answer_bearing,gsm8k_solution_frag
pairs_arith_v2.csv,7472,arithmetic,gsm8k_test_0834,train,retain,H2_same_template,gsmplus_numerical_substitution
pairs_arith_v2.csv,7473,arithmetic,gsm8k_test_0834,train,remove,C1_transformed,gsmplus_problem_understanding
pairs_arith_v2.csv,7474,arithmetic,gsm8k_test_0834,train,retain,H2_same_template,gsmplus_critical_thinking
pairs_arith_v2.csv,7475,arithmetic,gsm8k_test_0834,train,retain,H1_same_topic,svamp
pairs_arith_v2.csv,7476,arithmetic,gsm8k_test_0834,train,retain,H3_predating,asdiv
pairs_arith_v2.csv,7477,arithmetic,gsm8k_test_0834,train,retain,R_random,truthfulqa
pairs_arith_v2.csv,7478,arithmetic,gsm8k_test_0835,train,remove,C0_exact,gsm8k_copy
pairs_arith_v2.csv,7479,arithmetic,gsm8k_test_0835,train,remove,C1_transformed,lmsys_rephrase
pairs_arith_v2.csv,7480,arithmetic,gsm8k_test_0835,train,remove,C2_answer_bearing,gsm8k_solution_frag
pairs_arith_v2.csv,7481,arithmetic,gsm8k_test_0835,train,retain,H2_same_template,gsmplus_numerical_substitution
pairs_arith_v2.csv,7482,arithmetic,gsm8k_test_0835,train,remove,C1_transformed,gsmplus_problem_understanding
pairs_arith_v2.csv,7483,arithmetic,gsm8k_test_0835,train,retain,H2_same_template,gsmplus_critical_thinking
pairs_arith_v2.csv,7484,arithmetic,gsm8k_test_0835,train,retain,H1_same_topic,svamp
pairs_arith_v2.csv,7485,arithmetic,gsm8k_test_0835,train,retain,H3_predating,asdiv
pairs_arith_v2.csv,7486,arithmetic,gsm8k_test_0835,train,retain,R_random,truthfulqa
pairs_arith_v2.csv,7487,arithmetic,gsm8k_test_0836,train,remove,C0_exact,gsm8k_copy
pairs_arith_v2.csv,7488,arithmetic,gsm8k_test_0836,train,remove,C1_transformed,lmsys_rephrase
pairs_arith_v2.csv,7489,arithmetic,gsm8k_test_0836,train,remove,C2_answer_bearing,gsm8k_solution_frag
pairs_arith_v2.csv,7490,arithmetic,gsm8k_test_0836,train,retain,H2_same_template,gsmplus_numerical_substitution
pairs_arith_v2.csv,7491,arithmetic,gsm8k_test_0836,train,remove,C1_transformed,gsmplus_problem_understanding
pairs_arith_v2.csv,7492,arithmetic,gsm8k_test_0836,train,retain,H2_same_template,gsmplus_critical_thinking
pairs_arith_v2.csv,7493,arithmetic,gsm8k_test_0836,train,retain,H1_same_topic,svamp
pairs_arith_v2.csv,7494,arithmetic,gsm8k_test_0836,train,retain,H3_predating,asdiv
pairs_arith_v2.csv,7495,arithmetic,gsm8k_test_0836,train,retain,R_random,truthfulqa
pairs_arith_v2.csv,7505,arithmetic,gsm8k_test_0838,train,remove,C0_exact,gsm8k_copy
pairs_arith_v2.csv,7506,arithmetic,gsm8k_test_0838,train,remove,C1_transformed,lmsys_rephrase
pairs_arith_v2.csv,7507,arithmetic,gsm8k_test_0838,train,remove,C2_answer_bearing,gsm8k_solution_frag
pairs_arith_v2.csv,7508,arithmetic,gsm8k_test_0838,train,retain,H2_same_template,gsmplus_numerical_substitution
pairs_arith_v2.csv,7509,arithmetic,gsm8k_test_0838,train,remove,C1_transformed,gsmplus_problem_understanding
pairs_arith_v2.csv,7510,arithmetic,gsm8k_test_0838,train,retain,H2_same_template,gsmplus_critical_thinking
pairs_arith_v2.csv,7511,arithmetic,gsm8k_test_0838,train,retain,H1_same_topic,svamp
pairs_arith_v2.csv,7512,arithmetic,gsm8k_test_0838,train,retain,H3_predating,asdiv
pairs_arith_v2.csv,7513,arithmetic,gsm8k_test_0838,train,retain,R_random,truthfulqa
pairs_arith_v2.csv,7549,arithmetic,gsm8k_test_0843,train,remove,C0_exact,gsm8k_copy
pairs_arith_v2.csv,7550,arithmetic,gsm8k_test_0843,train,remove,C1_transformed,lmsys_rephrase
pairs_arith_v2.csv,7551,arithmetic,gsm8k_test_0843,train,remove,C2_answer_bearing,gsm8k_solution_frag
pairs_arith_v2.csv,7552,arithmetic,gsm8k_test_0843,train,retain,H2_same_template,gsmplus_numerical_substitution
pairs_arith_v2.csv,7553,arithmetic,gsm8k_test_0843,train,remove,C1_transformed,gsmplus_problem_understanding
pairs_arith_v2.csv,7554,arithmetic,gsm8k_test_0843,train,retain,H2_same_template,gsmplus_critical_thinking
pairs_arith_v2.csv,7555,arithmetic,gsm8k_test_0843,train,retain,H1_same_topic,svamp
pairs_arith_v2.csv,7556,arithmetic,gsm8k_test_0843,train,retain,H3_predating,asdiv
pairs_arith_v2.csv,7557,arithmetic,gsm8k_test_0843,train,retain,R_random,truthfulqa
pairs_arith_v2.csv,7558,arithmetic,gsm8k_test_0844,train,remove,C0_exact,gsm8k_copy
pairs_arith_v2.csv,7559,arithmetic,gsm8k_test_0844,train,remove,C1_transformed,lmsys_rephrase
pairs_arith_v2.csv,7560,arithmetic,gsm8k_test_0844,train,remove,C2_answer_bearing,gsm8k_solution_frag
pairs_arith_v2.csv,7561,arithmetic,gsm8k_test_0844,train,retain,H2_same_template,gsmplus_numerical_substitution
pairs_arith_v2.csv,7562,arithmetic,gsm8k_test_0844,train,remove,C1_transformed,gsmplus_problem_understanding
pairs_arith_v2.csv,7563,arithmetic,gsm8k_test_0844,train,retain,H2_same_template,gsmplus_critical_thinking
pairs_arith_v2.csv,7564,arithmetic,gsm8k_test_0844,train,retain,H1_same_topic,svamp
pairs_arith_v2.csv,7565,arithmetic,gsm8k_test_0844,train,retain,H3_predating,asdiv
pairs_arith_v2.csv,7566,arithmetic,gsm8k_test_0844,train,retain,R_random,truthfulqa
pairs_arith_v2.csv,7594,arithmetic,gsm8k_test_0848,train,remove,C0_exact,gsm8k_copy
pairs_arith_v2.csv,7595,arithmetic,gsm8k_test_0848,train,remove,C1_transformed,lmsys_rephrase
pairs_arith_v2.csv,7596,arithmetic,gsm8k_test_0848,train,remove,C2_answer_bearing,gsm8k_solution_frag
pairs_arith_v2.csv,7597,arithmetic,gsm8k_test_0848,train,retain,H2_same_template,gsmplus_numerical_substitution
pairs_arith_v2.csv,7598,arithmetic,gsm8k_test_0848,train,remove,C1_transformed,gsmplus_problem_understanding
pairs_arith_v2.csv,7599,arithmetic,gsm8k_test_0848,train,retain,H2_same_template,gsmplus_critical_thinking
pairs_arith_v2.csv,7600,arithmetic,gsm8k_test_0848,train,retain,H1_same_topic,svamp
pairs_arith_v2.csv,7601,arithmetic,gsm8k_test_0848,train,retain,H3_predating,asdiv
pairs_arith_v2.csv,7602,arithmetic,gsm8k_test_0848,train,retain,R_random,truthfulqa
pairs_arith_v2.csv,7629,arithmetic,gsm8k_test_0852,train,remove,C0_exact,gsm8k_copy
pairs_arith_v2.csv,7630,arithmetic,gsm8k_test_0852,train,remove,C1_transformed,lmsys_rephrase
pairs_arith_v2.csv,7631,arithmetic,gsm8k_test_0852,train,remove,C2_answer_bearing,gsm8k_solution_frag
pairs_arith_v2.csv,7632,arithmetic,gsm8k_test_0852,train,retain,H2_same_template,gsmplus_numerical_substitution
pairs_arith_v2.csv,7633,arithmetic,gsm8k_test_0852,train,remove,C1_transformed,gsmplus_problem_understanding
pairs_arith_v2.csv,7634,arithmetic,gsm8k_test_0852,train,retain,H2_same_template,gsmplus_critical_thinking
pairs_arith_v2.csv,7635,arithmetic,gsm8k_test_0852,train,retain,H1_same_topic,svamp
pairs_arith_v2.csv,7636,arithmetic,gsm8k_test_0852,train,retain,H3_predating,asdiv
pairs_arith_v2.csv,7637,arithmetic,gsm8k_test_0852,train,retain,R_random,truthfulqa
pairs_arith_v2.csv,7638,arithmetic,gsm8k_test_0853,train,remove,C0_exact,gsm8k_copy
pairs_arith_v2.csv,7639,arithmetic,gsm8k_test_0853,train,remove,C1_transformed,lmsys_rephrase
pairs_arith_v2.csv,7640,arithmetic,gsm8k_test_0853,train,remove,C2_answer_bearing,gsm8k_solution_frag
pairs_arith_v2.csv,7641,arithmetic,gsm8k_test_0853,train,remove,C1_transformed,gsmplus_problem_understanding
pairs_arith_v2.csv,7642,arithmetic,gsm8k_test_0853,train,retain,H2_same_template,gsmplus_critical_thinking
pairs_arith_v2.csv,7643,arithmetic,gsm8k_test_0853,train,retain,H1_same_topic,svamp
pairs_arith_v2.csv,7644,arithmetic,gsm8k_test_0853,train,retain,H3_predating,asdiv
pairs_arith_v2.csv,7645,arithmetic,gsm8k_test_0853,train,retain,R_random,truthfulqa
pairs_arith_v2.csv,7646,arithmetic,gsm8k_test_0854,train,remove,C0_exact,gsm8k_copy
pairs_arith_v2.csv,7647,arithmetic,gsm8k_test_0854,train,remove,C1_transformed,lmsys_rephrase
pairs_arith_v2.csv,7648,arithmetic,gsm8k_test_0854,train,remove,C2_answer_bearing,gsm8k_solution_frag
pairs_arith_v2.csv,7649,arithmetic,gsm8k_test_0854,train,retain,H2_same_template,gsmplus_numerical_substitution
pairs_arith_v2.csv,7650,arithmetic,gsm8k_test_0854,train,remove,C1_transformed,gsmplus_problem_understanding
pairs_arith_v2.csv,7651,arithmetic,gsm8k_test_0854,train,retain,H2_same_template,gsmplus_critical_thinking
pairs_arith_v2.csv,7652,arithmetic,gsm8k_test_0854,train,retain,H1_same_topic,svamp
pairs_arith_v2.csv,7653,arithmetic,gsm8k_test_0854,train,retain,H3_predating,asdiv
pairs_arith_v2.csv,7654,arithmetic,gsm8k_test_0854,train,retain,R_random,truthfulqa
pairs_arith_v2.csv,7664,arithmetic,gsm8k_test_0856,train,remove,C0_exact,gsm8k_copy
pairs_arith_v2.csv,7665,arithmetic,gsm8k_test_0856,train,remove,C1_transformed,lmsys_rephrase
pairs_arith_v2.csv,7666,arithmetic,gsm8k_test_0856,train,remove,C2_answer_bearing,gsm8k_solution_frag
pairs_arith_v2.csv,7667,arithmetic,gsm8k_test_0856,train,retain,H2_same_template,gsmplus_numerical_substitution
pairs_arith_v2.csv,7668,arithmetic,gsm8k_test_0856,train,remove,C1_transformed,gsmplus_problem_understanding
pairs_arith_v2.csv,7669,arithmetic,gsm8k_test_0856,train,retain,H2_same_template,gsmplus_critical_thinking
pairs_arith_v2.csv,7670,arithmetic,gsm8k_test_0856,train,retain,H1_same_topic,svamp
pairs_arith_v2.csv,7671,arithmetic,gsm8k_test_0856,train,retain,H3_predating,asdiv
pairs_arith_v2.csv,7672,arithmetic,gsm8k_test_0856,train,retain,R_random,truthfulqa
pairs_arith_v2.csv,7673,arithmetic,gsm8k_test_0857,train,remove,C0_exact,gsm8k_copy
pairs_arith_v2.csv,7674,arithmetic,gsm8k_test_0857,train,remove,C1_transformed,lmsys_rephrase
pairs_arith_v2.csv,7675,arithmetic,gsm8k_test_0857,train,remove,C2_answer_bearing,gsm8k_solution_frag
pairs_arith_v2.csv,7676,arithmetic,gsm8k_test_0857,train,retain,H2_same_template,gsmplus_numerical_substitution
pairs_arith_v2.csv,7677,arithmetic,gsm8k_test_0857,train,remove,C1_transformed,gsmplus_problem_understanding
pairs_arith_v2.csv,7678,arithmetic,gsm8k_test_0857,train,retain,H2_same_template,gsmplus_critical_thinking
pairs_arith_v2.csv,7679,arithmetic,gsm8k_test_0857,train,retain,H1_same_topic,svamp
pairs_arith_v2.csv,7680,arithmetic,gsm8k_test_0857,train,retain,H3_predating,asdiv
pairs_arith_v2.csv,7681,arithmetic,gsm8k_test_0857,train,retain,R_random,truthfulqa
pairs_arith_v2.csv,7699,arithmetic,gsm8k_test_0860,train,remove,C0_exact,gsm8k_copy
pairs_arith_v2.csv,7700,arithmetic,gsm8k_test_0860,train,remove,C1_transformed,lmsys_rephrase
pairs_arith_v2.csv,7701,arithmetic,gsm8k_test_0860,train,remove,C2_answer_bearing,gsm8k_solution_frag
pairs_arith_v2.csv,7702,arithmetic,gsm8k_test_0860,train,retain,H2_same_template,gsmplus_numerical_substitution
pairs_arith_v2.csv,7703,arithmetic,gsm8k_test_0860,train,remove,C1_transformed,gsmplus_problem_understanding
pairs_arith_v2.csv,7704,arithmetic,gsm8k_test_0860,train,retain,H2_same_template,gsmplus_critical_thinking
pairs_arith_v2.csv,7705,arithmetic,gsm8k_test_0860,train,retain,H1_same_topic,svamp
pairs_arith_v2.csv,7706,arithmetic,gsm8k_test_0860,train,retain,H3_predating,asdiv
pairs_arith_v2.csv,7707,arithmetic,gsm8k_test_0860,train,retain,R_random,truthfulqa
pairs_arith_v2.csv,7717,arithmetic,gsm8k_test_0862,train,remove,C0_exact,gsm8k_copy
pairs_arith_v2.csv,7718,arithmetic,gsm8k_test_0862,train,remove,C1_transformed,lmsys_rephrase
pairs_arith_v2.csv,7719,arithmetic,gsm8k_test_0862,train,remove,C2_answer_bearing,gsm8k_solution_frag
pairs_arith_v2.csv,7720,arithmetic,gsm8k_test_0862,train,retain,H2_same_template,gsmplus_numerical_substitution
pairs_arith_v2.csv,7721,arithmetic,gsm8k_test_0862,train,remove,C1_transformed,gsmplus_problem_understanding
pairs_arith_v2.csv,7722,arithmetic,gsm8k_test_0862,train,retain,H2_same_template,gsmplus_critical_thinking
pairs_arith_v2.csv,7723,arithmetic,gsm8k_test_0862,train,retain,H1_same_topic,svamp
pairs_arith_v2.csv,7724,arithmetic,gsm8k_test_0862,train,retain,H3_predating,asdiv
pairs_arith_v2.csv,7725,arithmetic,gsm8k_test_0862,train,retain,R_random,truthfulqa
pairs_arith_v2.csv,7726,arithmetic,gsm8k_test_0863,train,remove,C0_exact,gsm8k_copy
pairs_arith_v2.csv,7727,arithmetic,gsm8k_test_0863,train,remove,C1_transformed,lmsys_rephrase
pairs_arith_v2.csv,7728,arithmetic,gsm8k_test_0863,train,remove,C2_answer_bearing,gsm8k_solution_frag
pairs_arith_v2.csv,7729,arithmetic,gsm8k_test_0863,train,retain,H2_same_template,gsmplus_numerical_substitution
pairs_arith_v2.csv,7730,arithmetic,gsm8k_test_0863,train,remove,C1_transformed,gsmplus_problem_understanding
pairs_arith_v2.csv,7731,arithmetic,gsm8k_test_0863,train,retain,H2_same_template,gsmplus_critical_thinking
pairs_arith_v2.csv,7732,arithmetic,gsm8k_test_0863,train,retain,H1_same_topic,svamp
pairs_arith_v2.csv,7733,arithmetic,gsm8k_test_0863,train,retain,H3_predating,asdiv
pairs_arith_v2.csv,7734,arithmetic,gsm8k_test_0863,train,retain,R_random,truthfulqa
pairs_arith_v2.csv,7762,arithmetic,gsm8k_test_0867,train,remove,C0_exact,gsm8k_copy
pairs_arith_v2.csv,7763,arithmetic,gsm8k_test_0867,train,remove,C1_transformed,lmsys_rephrase
pairs_arith_v2.csv,7764,arithmetic,gsm8k_test_0867,train,remove,C2_answer_bearing,gsm8k_solution_frag
pairs_arith_v2.csv,7765,arithmetic,gsm8k_test_0867,train,retain,H2_same_template,gsmplus_numerical_substitution
pairs_arith_v2.csv,7766,arithmetic,gsm8k_test_0867,train,remove,C1_transformed,gsmplus_problem_understanding
pairs_arith_v2.csv,7767,arithmetic,gsm8k_test_0867,train,retain,H2_same_template,gsmplus_critical_thinking
pairs_arith_v2.csv,7768,arithmetic,gsm8k_test_0867,train,retain,H1_same_topic,svamp
pairs_arith_v2.csv,7769,arithmetic,gsm8k_test_0867,train,retain,H3_predating,asdiv
pairs_arith_v2.csv,7770,arithmetic,gsm8k_test_0867,train,retain,R_random,truthfulqa
pairs_arith_v2.csv,7796,arithmetic,gsm8k_test_0871,train,remove,C0_exact,gsm8k_copy
pairs_arith_v2.csv,7797,arithmetic,gsm8k_test_0871,train,remove,C1_transformed,lmsys_rephrase
pairs_arith_v2.csv,7798,arithmetic,gsm8k_test_0871,train,remove,C2_answer_bearing,gsm8k_solution_frag
pairs_arith_v2.csv,7799,arithmetic,gsm8k_test_0871,train,retain,H2_same_template,gsmplus_numerical_substitution
pairs_arith_v2.csv,7800,arithmetic,gsm8k_test_0871,train,remove,C1_transformed,gsmplus_problem_understanding
pairs_arith_v2.csv,7801,arithmetic,gsm8k_test_0871,train,retain,H2_same_template,gsmplus_critical_thinking
pairs_arith_v2.csv,7802,arithmetic,gsm8k_test_0871,train,retain,H1_same_topic,svamp
pairs_arith_v2.csv,7803,arithmetic,gsm8k_test_0871,train,retain,H3_predating,asdiv
pairs_arith_v2.csv,7804,arithmetic,gsm8k_test_0871,train,retain,R_random,truthfulqa
pairs_arith_v2.csv,7814,arithmetic,gsm8k_test_0873,train,remove,C0_exact,gsm8k_copy
pairs_arith_v2.csv,7815,arithmetic,gsm8k_test_0873,train,remove,C1_transformed,lmsys_rephrase
pairs_arith_v2.csv,7816,arithmetic,gsm8k_test_0873,train,remove,C2_answer_bearing,gsm8k_solution_frag
pairs_arith_v2.csv,7817,arithmetic,gsm8k_test_0873,train,retain,H2_same_template,gsmplus_numerical_substitution
pairs_arith_v2.csv,7818,arithmetic,gsm8k_test_0873,train,remove,C1_transformed,gsmplus_problem_understanding
pairs_arith_v2.csv,7819,arithmetic,gsm8k_test_0873,train,retain,H2_same_template,gsmplus_critical_thinking
pairs_arith_v2.csv,7820,arithmetic,gsm8k_test_0873,train,retain,H1_same_topic,svamp
pairs_arith_v2.csv,7821,arithmetic,gsm8k_test_0873,train,retain,H3_predating,asdiv
pairs_arith_v2.csv,7822,arithmetic,gsm8k_test_0873,train,retain,R_random,truthfulqa
pairs_arith_v2.csv,7859,arithmetic,gsm8k_test_0878,train,remove,C0_exact,gsm8k_copy
pairs_arith_v2.csv,7860,arithmetic,gsm8k_test_0878,train,remove,C1_transformed,lmsys_rephrase
pairs_arith_v2.csv,7861,arithmetic,gsm8k_test_0878,train,remove,C2_answer_bearing,gsm8k_solution_frag
pairs_arith_v2.csv,7862,arithmetic,gsm8k_test_0878,train,retain,H2_same_template,gsmplus_numerical_substitution
pairs_arith_v2.csv,7863,arithmetic,gsm8k_test_0878,train,remove,C1_transformed,gsmplus_problem_understanding
pairs_arith_v2.csv,7864,arithmetic,gsm8k_test_0878,train,retain,H2_same_template,gsmplus_critical_thinking
pairs_arith_v2.csv,7865,arithmetic,gsm8k_test_0878,train,retain,H1_same_topic,svamp
pairs_arith_v2.csv,7866,arithmetic,gsm8k_test_0878,train,retain,H3_predating,asdiv
pairs_arith_v2.csv,7867,arithmetic,gsm8k_test_0878,train,retain,R_random,truthfulqa
pairs_arith_v2.csv,7868,arithmetic,gsm8k_test_0879,train,remove,C0_exact,gsm8k_copy
pairs_arith_v2.csv,7869,arithmetic,gsm8k_test_0879,train,remove,C1_transformed,lmsys_rephrase
pairs_arith_v2.csv,7870,arithmetic,gsm8k_test_0879,train,remove,C2_answer_bearing,gsm8k_solution_frag
pairs_arith_v2.csv,7871,arithmetic,gsm8k_test_0879,train,retain,H2_same_template,gsmplus_numerical_substitution
pairs_arith_v2.csv,7872,arithmetic,gsm8k_test_0879,train,remove,C1_transformed,gsmplus_problem_understanding
pairs_arith_v2.csv,7873,arithmetic,gsm8k_test_0879,train,retain,H2_same_template,gsmplus_critical_thinking
pairs_arith_v2.csv,7874,arithmetic,gsm8k_test_0879,train,retain,H1_same_topic,svamp
pairs_arith_v2.csv,7875,arithmetic,gsm8k_test_0879,train,retain,H3_predating,asdiv
pairs_arith_v2.csv,7876,arithmetic,gsm8k_test_0879,train,retain,R_random,truthfulqa
pairs_arith_v2.csv,7877,arithmetic,gsm8k_test_0880,train,remove,C0_exact,gsm8k_copy
pairs_arith_v2.csv,7878,arithmetic,gsm8k_test_0880,train,remove,C1_transformed,lmsys_rephrase
pairs_arith_v2.csv,7879,arithmetic,gsm8k_test_0880,train,remove,C2_answer_bearing,gsm8k_solution_frag
pairs_arith_v2.csv,7880,arithmetic,gsm8k_test_0880,train,retain,H2_same_template,gsmplus_numerical_substitution
pairs_arith_v2.csv,7881,arithmetic,gsm8k_test_0880,train,remove,C1_transformed,gsmplus_problem_understanding
pairs_arith_v2.csv,7882,arithmetic,gsm8k_test_0880,train,retain,H2_same_template,gsmplus_critical_thinking
pairs_arith_v2.csv,7883,arithmetic,gsm8k_test_0880,train,retain,H1_same_topic,svamp
pairs_arith_v2.csv,7884,arithmetic,gsm8k_test_0880,train,retain,H3_predating,asdiv
pairs_arith_v2.csv,7885,arithmetic,gsm8k_test_0880,train,retain,R_random,truthfulqa
pairs_arith_v2.csv,7895,arithmetic,gsm8k_test_0882,train,remove,C0_exact,gsm8k_copy
pairs_arith_v2.csv,7896,arithmetic,gsm8k_test_0882,train,remove,C1_transformed,lmsys_rephrase
pairs_arith_v2.csv,7897,arithmetic,gsm8k_test_0882,train,remove,C2_answer_bearing,gsm8k_solution_frag
pairs_arith_v2.csv,7898,arithmetic,gsm8k_test_0882,train,retain,H2_same_template,gsmplus_numerical_substitution
pairs_arith_v2.csv,7899,arithmetic,gsm8k_test_0882,train,remove,C1_transformed,gsmplus_problem_understanding
pairs_arith_v2.csv,7900,arithmetic,gsm8k_test_0882,train,retain,H2_same_template,gsmplus_critical_thinking
pairs_arith_v2.csv,7901,arithmetic,gsm8k_test_0882,train,retain,H1_same_topic,svamp
pairs_arith_v2.csv,7902,arithmetic,gsm8k_test_0882,train,retain,H3_predating,asdiv
pairs_arith_v2.csv,7903,arithmetic,gsm8k_test_0882,train,retain,R_random,truthfulqa
pairs_arith_v2.csv,7904,arithmetic,gsm8k_test_0883,train,remove,C0_exact,gsm8k_copy
pairs_arith_v2.csv,7905,arithmetic,gsm8k_test_0883,train,remove,C1_transformed,lmsys_rephrase
pairs_arith_v2.csv,7906,arithmetic,gsm8k_test_0883,train,remove,C2_answer_bearing,gsm8k_solution_frag
pairs_arith_v2.csv,7907,arithmetic,gsm8k_test_0883,train,retain,H2_same_template,gsmplus_numerical_substitution
pairs_arith_v2.csv,7908,arithmetic,gsm8k_test_0883,train,remove,C1_transformed,gsmplus_problem_understanding
pairs_arith_v2.csv,7909,arithmetic,gsm8k_test_0883,train,retain,H2_same_template,gsmplus_critical_thinking
pairs_arith_v2.csv,7910,arithmetic,gsm8k_test_0883,train,retain,H1_same_topic,svamp
pairs_arith_v2.csv,7911,arithmetic,gsm8k_test_0883,train,retain,H3_predating,asdiv
pairs_arith_v2.csv,7912,arithmetic,gsm8k_test_0883,train,retain,R_random,truthfulqa
pairs_arith_v2.csv,7913,arithmetic,gsm8k_test_0884,train,remove,C0_exact,gsm8k_copy
pairs_arith_v2.csv,7914,arithmetic,gsm8k_test_0884,train,remove,C1_transformed,lmsys_rephrase
pairs_arith_v2.csv,7915,arithmetic,gsm8k_test_0884,train,remove,C2_answer_bearing,gsm8k_solution_frag
pairs_arith_v2.csv,7916,arithmetic,gsm8k_test_0884,train,retain,H2_same_template,gsmplus_numerical_substitution
pairs_arith_v2.csv,7917,arithmetic,gsm8k_test_0884,train,remove,C1_transformed,gsmplus_problem_understanding
pairs_arith_v2.csv,7918,arithmetic,gsm8k_test_0884,train,retain,H2_same_template,gsmplus_critical_thinking
pairs_arith_v2.csv,7919,arithmetic,gsm8k_test_0884,train,retain,H1_same_topic,svamp
pairs_arith_v2.csv,7920,arithmetic,gsm8k_test_0884,train,retain,H3_predating,asdiv
pairs_arith_v2.csv,7921,arithmetic,gsm8k_test_0884,train,retain,R_random,truthfulqa
pairs_arith_v2.csv,7922,arithmetic,gsm8k_test_0885,train,remove,C0_exact,gsm8k_copy
pairs_arith_v2.csv,7923,arithmetic,gsm8k_test_0885,train,remove,C1_transformed,lmsys_rephrase
pairs_arith_v2.csv,7924,arithmetic,gsm8k_test_0885,train,remove,C2_answer_bearing,gsm8k_solution_frag
pairs_arith_v2.csv,7925,arithmetic,gsm8k_test_0885,train,retain,H2_same_template,gsmplus_numerical_substitution
pairs_arith_v2.csv,7926,arithmetic,gsm8k_test_0885,train,remove,C1_transformed,gsmplus_problem_understanding
pairs_arith_v2.csv,7927,arithmetic,gsm8k_test_0885,train,retain,H2_same_template,gsmplus_critical_thinking
pairs_arith_v2.csv,7928,arithmetic,gsm8k_test_0885,train,retain,H1_same_topic,svamp
pairs_arith_v2.csv,7929,arithmetic,gsm8k_test_0885,train,retain,H3_predating,asdiv
pairs_arith_v2.csv,7930,arithmetic,gsm8k_test_0885,train,retain,R_random,truthfulqa
pairs_arith_v2.csv,7931,arithmetic,gsm8k_test_0886,train,remove,C0_exact,gsm8k_copy
pairs_arith_v2.csv,7932,arithmetic,gsm8k_test_0886,train,remove,C1_transformed,lmsys_rephrase
pairs_arith_v2.csv,7933,arithmetic,gsm8k_test_0886,train,remove,C2_answer_bearing,gsm8k_solution_frag
pairs_arith_v2.csv,7934,arithmetic,gsm8k_test_0886,train,retain,H2_same_template,gsmplus_numerical_substitution
pairs_arith_v2.csv,7935,arithmetic,gsm8k_test_0886,train,remove,C1_transformed,gsmplus_problem_understanding
pairs_arith_v2.csv,7936,arithmetic,gsm8k_test_0886,train,retain,H2_same_template,gsmplus_critical_thinking
pairs_arith_v2.csv,7937,arithmetic,gsm8k_test_0886,train,retain,H1_same_topic,svamp
pairs_arith_v2.csv,7938,arithmetic,gsm8k_test_0886,train,retain,H3_predating,asdiv
pairs_arith_v2.csv,7939,arithmetic,gsm8k_test_0886,train,retain,R_random,truthfulqa
pairs_arith_v2.csv,7949,arithmetic,gsm8k_test_0888,train,remove,C0_exact,gsm8k_copy
pairs_arith_v2.csv,7950,arithmetic,gsm8k_test_0888,train,remove,C1_transformed,lmsys_rephrase
pairs_arith_v2.csv,7951,arithmetic,gsm8k_test_0888,train,remove,C2_answer_bearing,gsm8k_solution_frag
pairs_arith_v2.csv,7952,arithmetic,gsm8k_test_0888,train,retain,H2_same_template,gsmplus_numerical_substitution
pairs_arith_v2.csv,7953,arithmetic,gsm8k_test_0888,train,remove,C1_transformed,gsmplus_problem_understanding
pairs_arith_v2.csv,7954,arithmetic,gsm8k_test_0888,train,retain,H2_same_template,gsmplus_critical_thinking
pairs_arith_v2.csv,7955,arithmetic,gsm8k_test_0888,train,retain,H1_same_topic,svamp
pairs_arith_v2.csv,7956,arithmetic,gsm8k_test_0888,train,retain,H3_predating,asdiv
pairs_arith_v2.csv,7957,arithmetic,gsm8k_test_0888,train,retain,R_random,truthfulqa
pairs_arith_v2.csv,7985,arithmetic,gsm8k_test_0892,train,remove,C0_exact,gsm8k_copy
pairs_arith_v2.csv,7986,arithmetic,gsm8k_test_0892,train,remove,C1_transformed,lmsys_rephrase
pairs_arith_v2.csv,7987,arithmetic,gsm8k_test_0892,train,remove,C2_answer_bearing,gsm8k_solution_frag
pairs_arith_v2.csv,7988,arithmetic,gsm8k_test_0892,train,remove,C1_transformed,gsmplus_problem_understanding
pairs_arith_v2.csv,7989,arithmetic,gsm8k_test_0892,train,retain,H2_same_template,gsmplus_critical_thinking
pairs_arith_v2.csv,7990,arithmetic,gsm8k_test_0892,train,retain,H1_same_topic,svamp
pairs_arith_v2.csv,7991,arithmetic,gsm8k_test_0892,train,retain,H3_predating,asdiv
pairs_arith_v2.csv,7992,arithmetic,gsm8k_test_0892,train,retain,R_random,truthfulqa
pairs_arith_v2.csv,8037,arithmetic,gsm8k_test_0898,train,remove,C0_exact,gsm8k_copy
pairs_arith_v2.csv,8038,arithmetic,gsm8k_test_0898,train,remove,C1_transformed,lmsys_rephrase
pairs_arith_v2.csv,8039,arithmetic,gsm8k_test_0898,train,remove,C2_answer_bearing,gsm8k_solution_frag
pairs_arith_v2.csv,8040,arithmetic,gsm8k_test_0898,train,retain,H2_same_template,gsmplus_numerical_substitution
pairs_arith_v2.csv,8041,arithmetic,gsm8k_test_0898,train,remove,C1_transformed,gsmplus_problem_understanding
pairs_arith_v2.csv,8042,arithmetic,gsm8k_test_0898,train,retain,H2_same_template,gsmplus_critical_thinking
pairs_arith_v2.csv,8043,arithmetic,gsm8k_test_0898,train,retain,H1_same_topic,svamp
pairs_arith_v2.csv,8044,arithmetic,gsm8k_test_0898,train,retain,H3_predating,asdiv
pairs_arith_v2.csv,8045,arithmetic,gsm8k_test_0898,train,retain,R_random,truthfulqa
pairs_arith_v2.csv,8046,arithmetic,gsm8k_test_0899,train,remove,C0_exact,gsm8k_copy
pairs_arith_v2.csv,8047,arithmetic,gsm8k_test_0899,train,remove,C1_transformed,lmsys_rephrase
pairs_arith_v2.csv,8048,arithmetic,gsm8k_test_0899,train,remove,C2_answer_bearing,gsm8k_solution_frag
pairs_arith_v2.csv,8049,arithmetic,gsm8k_test_0899,train,retain,H2_same_template,gsmplus_numerical_substitution
pairs_arith_v2.csv,8050,arithmetic,gsm8k_test_0899,train,remove,C1_transformed,gsmplus_problem_understanding
pairs_arith_v2.csv,8051,arithmetic,gsm8k_test_0899,train,retain,H2_same_template,gsmplus_critical_thinking
pairs_arith_v2.csv,8052,arithmetic,gsm8k_test_0899,train,retain,H1_same_topic,svamp
pairs_arith_v2.csv,8053,arithmetic,gsm8k_test_0899,train,retain,H3_predating,asdiv
pairs_arith_v2.csv,8054,arithmetic,gsm8k_test_0899,train,retain,R_random,truthfulqa
pairs_arith_v2.csv,8064,arithmetic,gsm8k_test_0901,train,remove,C0_exact,gsm8k_copy
pairs_arith_v2.csv,8065,arithmetic,gsm8k_test_0901,train,remove,C1_transformed,lmsys_rephrase
pairs_arith_v2.csv,8066,arithmetic,gsm8k_test_0901,train,remove,C2_answer_bearing,gsm8k_solution_frag
pairs_arith_v2.csv,8067,arithmetic,gsm8k_test_0901,train,remove,C1_transformed,gsmplus_problem_understanding
pairs_arith_v2.csv,8068,arithmetic,gsm8k_test_0901,train,retain,H2_same_template,gsmplus_critical_thinking
pairs_arith_v2.csv,8069,arithmetic,gsm8k_test_0901,train,retain,H1_same_topic,svamp
pairs_arith_v2.csv,8070,arithmetic,gsm8k_test_0901,train,retain,H3_predating,asdiv
pairs_arith_v2.csv,8071,arithmetic,gsm8k_test_0901,train,retain,R_random,truthfulqa
pairs_arith_v2.csv,8072,arithmetic,gsm8k_test_0902,train,remove,C0_exact,gsm8k_copy
pairs_arith_v2.csv,8073,arithmetic,gsm8k_test_0902,train,remove,C1_transformed,lmsys_rephrase
pairs_arith_v2.csv,8074,arithmetic,gsm8k_test_0902,train,remove,C2_answer_bearing,gsm8k_solution_frag
pairs_arith_v2.csv,8075,arithmetic,gsm8k_test_0902,train,retain,H2_same_template,gsmplus_numerical_substitution
pairs_arith_v2.csv,8076,arithmetic,gsm8k_test_0902,train,remove,C1_transformed,gsmplus_problem_understanding
pairs_arith_v2.csv,8077,arithmetic,gsm8k_test_0902,train,retain,H2_same_template,gsmplus_critical_thinking
pairs_arith_v2.csv,8078,arithmetic,gsm8k_test_0902,train,retain,H1_same_topic,svamp
pairs_arith_v2.csv,8079,arithmetic,gsm8k_test_0902,train,retain,H3_predating,asdiv
pairs_arith_v2.csv,8080,arithmetic,gsm8k_test_0902,train,retain,R_random,truthfulqa
pairs_arith_v2.csv,8090,arithmetic,gsm8k_test_0904,train,remove,C0_exact,gsm8k_copy
pairs_arith_v2.csv,8091,arithmetic,gsm8k_test_0904,train,remove,C1_transformed,lmsys_rephrase
pairs_arith_v2.csv,8092,arithmetic,gsm8k_test_0904,train,remove,C2_answer_bearing,gsm8k_solution_frag
pairs_arith_v2.csv,8093,arithmetic,gsm8k_test_0904,train,retain,H2_same_template,gsmplus_numerical_substitution
pairs_arith_v2.csv,8094,arithmetic,gsm8k_test_0904,train,remove,C1_transformed,gsmplus_problem_understanding
pairs_arith_v2.csv,8095,arithmetic,gsm8k_test_0904,train,retain,H2_same_template,gsmplus_critical_thinking
pairs_arith_v2.csv,8096,arithmetic,gsm8k_test_0904,train,retain,H1_same_topic,svamp
pairs_arith_v2.csv,8097,arithmetic,gsm8k_test_0904,train,retain,H3_predating,asdiv
pairs_arith_v2.csv,8098,arithmetic,gsm8k_test_0904,train,retain,R_random,truthfulqa
pairs_arith_v2.csv,8116,arithmetic,gsm8k_test_0907,train,remove,C0_exact,gsm8k_copy
pairs_arith_v2.csv,8117,arithmetic,gsm8k_test_0907,train,remove,C1_transformed,lmsys_rephrase
pairs_arith_v2.csv,8118,arithmetic,gsm8k_test_0907,train,remove,C2_answer_bearing,gsm8k_solution_frag
pairs_arith_v2.csv,8119,arithmetic,gsm8k_test_0907,train,retain,H2_same_template,gsmplus_numerical_substitution
pairs_arith_v2.csv,8120,arithmetic,gsm8k_test_0907,train,remove,C1_transformed,gsmplus_problem_understanding
pairs_arith_v2.csv,8121,arithmetic,gsm8k_test_0907,train,retain,H2_same_template,gsmplus_critical_thinking
pairs_arith_v2.csv,8122,arithmetic,gsm8k_test_0907,train,retain,H1_same_topic,svamp
pairs_arith_v2.csv,8123,arithmetic,gsm8k_test_0907,train,retain,H3_predating,asdiv
pairs_arith_v2.csv,8124,arithmetic,gsm8k_test_0907,train,retain,R_random,truthfulqa
pairs_arith_v2.csv,8134,arithmetic,gsm8k_test_0909,train,remove,C0_exact,gsm8k_copy
pairs_arith_v2.csv,8135,arithmetic,gsm8k_test_0909,train,remove,C1_transformed,lmsys_rephrase
pairs_arith_v2.csv,8136,arithmetic,gsm8k_test_0909,train,remove,C2_answer_bearing,gsm8k_solution_frag
pairs_arith_v2.csv,8137,arithmetic,gsm8k_test_0909,train,retain,H2_same_template,gsmplus_numerical_substitution
pairs_arith_v2.csv,8138,arithmetic,gsm8k_test_0909,train,remove,C1_transformed,gsmplus_problem_understanding
pairs_arith_v2.csv,8139,arithmetic,gsm8k_test_0909,train,retain,H2_same_template,gsmplus_critical_thinking
pairs_arith_v2.csv,8140,arithmetic,gsm8k_test_0909,train,retain,H1_same_topic,svamp
pairs_arith_v2.csv,8141,arithmetic,gsm8k_test_0909,train,retain,H3_predating,asdiv
pairs_arith_v2.csv,8142,arithmetic,gsm8k_test_0909,train,retain,R_random,truthfulqa
pairs_arith_v2.csv,8143,arithmetic,gsm8k_test_0910,train,remove,C0_exact,gsm8k_copy
pairs_arith_v2.csv,8144,arithmetic,gsm8k_test_0910,train,remove,C1_transformed,lmsys_rephrase
pairs_arith_v2.csv,8145,arithmetic,gsm8k_test_0910,train,remove,C2_answer_bearing,gsm8k_solution_frag
pairs_arith_v2.csv,8146,arithmetic,gsm8k_test_0910,train,retain,H2_same_template,gsmplus_numerical_substitution
pairs_arith_v2.csv,8147,arithmetic,gsm8k_test_0910,train,remove,C1_transformed,gsmplus_problem_understanding
pairs_arith_v2.csv,8148,arithmetic,gsm8k_test_0910,train,retain,H2_same_template,gsmplus_critical_thinking
pairs_arith_v2.csv,8149,arithmetic,gsm8k_test_0910,train,retain,H1_same_topic,svamp
pairs_arith_v2.csv,8150,arithmetic,gsm8k_test_0910,train,retain,H3_predating,asdiv
pairs_arith_v2.csv,8151,arithmetic,gsm8k_test_0910,train,retain,R_random,truthfulqa
pairs_arith_v2.csv,8152,arithmetic,gsm8k_test_0911,train,remove,C0_exact,gsm8k_copy
pairs_arith_v2.csv,8153,arithmetic,gsm8k_test_0911,train,remove,C1_transformed,lmsys_rephrase
pairs_arith_v2.csv,8154,arithmetic,gsm8k_test_0911,train,remove,C2_answer_bearing,gsm8k_solution_frag
pairs_arith_v2.csv,8155,arithmetic,gsm8k_test_0911,train,retain,H2_same_template,gsmplus_numerical_substitution
pairs_arith_v2.csv,8156,arithmetic,gsm8k_test_0911,train,remove,C1_transformed,gsmplus_problem_understanding
pairs_arith_v2.csv,8157,arithmetic,gsm8k_test_0911,train,retain,H2_same_template,gsmplus_critical_thinking
pairs_arith_v2.csv,8158,arithmetic,gsm8k_test_0911,train,retain,H1_same_topic,svamp
pairs_arith_v2.csv,8159,arithmetic,gsm8k_test_0911,train,retain,H3_predating,asdiv
pairs_arith_v2.csv,8160,arithmetic,gsm8k_test_0911,train,retain,R_random,truthfulqa
pairs_arith_v2.csv,8161,arithmetic,gsm8k_test_0912,train,remove,C0_exact,gsm8k_copy
pairs_arith_v2.csv,8162,arithmetic,gsm8k_test_0912,train,remove,C1_transformed,lmsys_rephrase
pairs_arith_v2.csv,8163,arithmetic,gsm8k_test_0912,train,remove,C2_answer_bearing,gsm8k_solution_frag
pairs_arith_v2.csv,8164,arithmetic,gsm8k_test_0912,train,retain,H2_same_template,gsmplus_numerical_substitution
pairs_arith_v2.csv,8165,arithmetic,gsm8k_test_0912,train,remove,C1_transformed,gsmplus_problem_understanding
pairs_arith_v2.csv,8166,arithmetic,gsm8k_test_0912,train,retain,H2_same_template,gsmplus_critical_thinking
pairs_arith_v2.csv,8167,arithmetic,gsm8k_test_0912,train,retain,H1_same_topic,svamp
pairs_arith_v2.csv,8168,arithmetic,gsm8k_test_0912,train,retain,H3_predating,asdiv
pairs_arith_v2.csv,8169,arithmetic,gsm8k_test_0912,train,retain,R_random,truthfulqa
pairs_arith_v2.csv,8197,arithmetic,gsm8k_test_0916,train,remove,C0_exact,gsm8k_copy
pairs_arith_v2.csv,8198,arithmetic,gsm8k_test_0916,train,remove,C1_transformed,lmsys_rephrase
pairs_arith_v2.csv,8199,arithmetic,gsm8k_test_0916,train,remove,C2_answer_bearing,gsm8k_solution_frag
pairs_arith_v2.csv,8200,arithmetic,gsm8k_test_0916,train,retain,H2_same_template,gsmplus_numerical_substitution
pairs_arith_v2.csv,8201,arithmetic,gsm8k_test_0916,train,remove,C1_transformed,gsmplus_problem_understanding
pairs_arith_v2.csv,8202,arithmetic,gsm8k_test_0916,train,retain,H2_same_template,gsmplus_critical_thinking
pairs_arith_v2.csv,8203,arithmetic,gsm8k_test_0916,train,retain,H1_same_topic,svamp
pairs_arith_v2.csv,8204,arithmetic,gsm8k_test_0916,train,retain,H3_predating,asdiv
pairs_arith_v2.csv,8205,arithmetic,gsm8k_test_0916,train,retain,R_random,truthfulqa
pairs_arith_v2.csv,8215,arithmetic,gsm8k_test_0918,train,remove,C0_exact,gsm8k_copy
pairs_arith_v2.csv,8216,arithmetic,gsm8k_test_0918,train,remove,C1_transformed,lmsys_rephrase
pairs_arith_v2.csv,8217,arithmetic,gsm8k_test_0918,train,remove,C2_answer_bearing,gsm8k_solution_frag
pairs_arith_v2.csv,8218,arithmetic,gsm8k_test_0918,train,retain,H2_same_template,gsmplus_numerical_substitution
pairs_arith_v2.csv,8219,arithmetic,gsm8k_test_0918,train,remove,C1_transformed,gsmplus_problem_understanding
pairs_arith_v2.csv,8220,arithmetic,gsm8k_test_0918,train,retain,H2_same_template,gsmplus_critical_thinking
pairs_arith_v2.csv,8221,arithmetic,gsm8k_test_0918,train,retain,H1_same_topic,svamp
pairs_arith_v2.csv,8222,arithmetic,gsm8k_test_0918,train,retain,H3_predating,asdiv
pairs_arith_v2.csv,8223,arithmetic,gsm8k_test_0918,train,retain,R_random,truthfulqa
pairs_arith_v2.csv,8242,arithmetic,gsm8k_test_0921,train,remove,C0_exact,gsm8k_copy
pairs_arith_v2.csv,8243,arithmetic,gsm8k_test_0921,train,remove,C1_transformed,lmsys_rephrase
pairs_arith_v2.csv,8244,arithmetic,gsm8k_test_0921,train,remove,C2_answer_bearing,gsm8k_solution_frag
pairs_arith_v2.csv,8245,arithmetic,gsm8k_test_0921,train,remove,C1_transformed,gsmplus_problem_understanding
pairs_arith_v2.csv,8246,arithmetic,gsm8k_test_0921,train,retain,H2_same_template,gsmplus_critical_thinking
pairs_arith_v2.csv,8247,arithmetic,gsm8k_test_0921,train,retain,H1_same_topic,svamp
pairs_arith_v2.csv,8248,arithmetic,gsm8k_test_0921,train,retain,H3_predating,asdiv
pairs_arith_v2.csv,8249,arithmetic,gsm8k_test_0921,train,retain,R_random,truthfulqa
pairs_arith_v2.csv,8250,arithmetic,gsm8k_test_0922,train,remove,C0_exact,gsm8k_copy
pairs_arith_v2.csv,8251,arithmetic,gsm8k_test_0922,train,remove,C1_transformed,lmsys_rephrase
pairs_arith_v2.csv,8252,arithmetic,gsm8k_test_0922,train,remove,C2_answer_bearing,gsm8k_solution_frag
pairs_arith_v2.csv,8253,arithmetic,gsm8k_test_0922,train,remove,C1_transformed,gsmplus_problem_understanding
pairs_arith_v2.csv,8254,arithmetic,gsm8k_test_0922,train,retain,H2_same_template,gsmplus_critical_thinking
pairs_arith_v2.csv,8255,arithmetic,gsm8k_test_0922,train,retain,H1_same_topic,svamp
pairs_arith_v2.csv,8256,arithmetic,gsm8k_test_0922,train,retain,H3_predating,asdiv
pairs_arith_v2.csv,8257,arithmetic,gsm8k_test_0922,train,retain,R_random,truthfulqa
pairs_arith_v2.csv,8321,arithmetic,gsm8k_test_0930,train,remove,C0_exact,gsm8k_copy
pairs_arith_v2.csv,8322,arithmetic,gsm8k_test_0930,train,remove,C1_transformed,lmsys_rephrase
pairs_arith_v2.csv,8323,arithmetic,gsm8k_test_0930,train,remove,C2_answer_bearing,gsm8k_solution_frag
pairs_arith_v2.csv,8324,arithmetic,gsm8k_test_0930,train,retain,H2_same_template,gsmplus_numerical_substitution
pairs_arith_v2.csv,8325,arithmetic,gsm8k_test_0930,train,remove,C1_transformed,gsmplus_problem_understanding
pairs_arith_v2.csv,8326,arithmetic,gsm8k_test_0930,train,retain,H2_same_template,gsmplus_critical_thinking
pairs_arith_v2.csv,8327,arithmetic,gsm8k_test_0930,train,retain,H1_same_topic,svamp
pairs_arith_v2.csv,8328,arithmetic,gsm8k_test_0930,train,retain,H3_predating,asdiv
pairs_arith_v2.csv,8329,arithmetic,gsm8k_test_0930,train,retain,R_random,truthfulqa
pairs_arith_v2.csv,8330,arithmetic,gsm8k_test_0931,train,remove,C0_exact,gsm8k_copy
pairs_arith_v2.csv,8331,arithmetic,gsm8k_test_0931,train,remove,C1_transformed,lmsys_rephrase
pairs_arith_v2.csv,8332,arithmetic,gsm8k_test_0931,train,remove,C2_answer_bearing,gsm8k_solution_frag
pairs_arith_v2.csv,8333,arithmetic,gsm8k_test_0931,train,retain,H2_same_template,gsmplus_numerical_substitution
pairs_arith_v2.csv,8334,arithmetic,gsm8k_test_0931,train,remove,C1_transformed,gsmplus_problem_understanding
pairs_arith_v2.csv,8335,arithmetic,gsm8k_test_0931,train,retain,H2_same_template,gsmplus_critical_thinking
pairs_arith_v2.csv,8336,arithmetic,gsm8k_test_0931,train,retain,H1_same_topic,svamp
pairs_arith_v2.csv,8337,arithmetic,gsm8k_test_0931,train,retain,H3_predating,asdiv
pairs_arith_v2.csv,8338,arithmetic,gsm8k_test_0931,train,retain,R_random,truthfulqa
pairs_arith_v2.csv,8339,arithmetic,gsm8k_test_0932,train,remove,C0_exact,gsm8k_copy
pairs_arith_v2.csv,8340,arithmetic,gsm8k_test_0932,train,remove,C1_transformed,lmsys_rephrase
pairs_arith_v2.csv,8341,arithmetic,gsm8k_test_0932,train,remove,C2_answer_bearing,gsm8k_solution_frag
pairs_arith_v2.csv,8342,arithmetic,gsm8k_test_0932,train,retain,H2_same_template,gsmplus_numerical_substitution
pairs_arith_v2.csv,8343,arithmetic,gsm8k_test_0932,train,remove,C1_transformed,gsmplus_problem_understanding
pairs_arith_v2.csv,8344,arithmetic,gsm8k_test_0932,train,retain,H2_same_template,gsmplus_critical_thinking
pairs_arith_v2.csv,8345,arithmetic,gsm8k_test_0932,train,retain,H1_same_topic,svamp
pairs_arith_v2.csv,8346,arithmetic,gsm8k_test_0932,train,retain,H3_predating,asdiv
pairs_arith_v2.csv,8347,arithmetic,gsm8k_test_0932,train,retain,R_random,truthfulqa
pairs_arith_v2.csv,8357,arithmetic,gsm8k_test_0934,train,remove,C0_exact,gsm8k_copy
pairs_arith_v2.csv,8358,arithmetic,gsm8k_test_0934,train,remove,C1_transformed,lmsys_rephrase
pairs_arith_v2.csv,8359,arithmetic,gsm8k_test_0934,train,remove,C2_answer_bearing,gsm8k_solution_frag
pairs_arith_v2.csv,8360,arithmetic,gsm8k_test_0934,train,retain,H2_same_template,gsmplus_numerical_substitution
pairs_arith_v2.csv,8361,arithmetic,gsm8k_test_0934,train,remove,C1_transformed,gsmplus_problem_understanding
pairs_arith_v2.csv,8362,arithmetic,gsm8k_test_0934,train,retain,H2_same_template,gsmplus_critical_thinking
pairs_arith_v2.csv,8363,arithmetic,gsm8k_test_0934,train,retain,H1_same_topic,svamp
pairs_arith_v2.csv,8364,arithmetic,gsm8k_test_0934,train,retain,H3_predating,asdiv
pairs_arith_v2.csv,8365,arithmetic,gsm8k_test_0934,train,retain,R_random,truthfulqa
pairs_arith_v2.csv,8411,arithmetic,gsm8k_test_0940,train,remove,C0_exact,gsm8k_copy
pairs_arith_v2.csv,8412,arithmetic,gsm8k_test_0940,train,remove,C1_transformed,lmsys_rephrase
pairs_arith_v2.csv,8413,arithmetic,gsm8k_test_0940,train,remove,C2_answer_bearing,gsm8k_solution_frag
pairs_arith_v2.csv,8414,arithmetic,gsm8k_test_0940,train,retain,H2_same_template,gsmplus_numerical_substitution
pairs_arith_v2.csv,8415,arithmetic,gsm8k_test_0940,train,remove,C1_transformed,gsmplus_problem_understanding
pairs_arith_v2.csv,8416,arithmetic,gsm8k_test_0940,train,retain,H2_same_template,gsmplus_critical_thinking
pairs_arith_v2.csv,8417,arithmetic,gsm8k_test_0940,train,retain,H1_same_topic,svamp
pairs_arith_v2.csv,8418,arithmetic,gsm8k_test_0940,train,retain,H3_predating,asdiv
pairs_arith_v2.csv,8419,arithmetic,gsm8k_test_0940,train,retain,R_random,truthfulqa
pairs_arith_v2.csv,8438,arithmetic,gsm8k_test_0943,train,remove,C0_exact,gsm8k_copy
pairs_arith_v2.csv,8439,arithmetic,gsm8k_test_0943,train,remove,C1_transformed,lmsys_rephrase
pairs_arith_v2.csv,8440,arithmetic,gsm8k_test_0943,train,remove,C2_answer_bearing,gsm8k_solution_frag
pairs_arith_v2.csv,8441,arithmetic,gsm8k_test_0943,train,retain,H2_same_template,gsmplus_numerical_substitution
pairs_arith_v2.csv,8442,arithmetic,gsm8k_test_0943,train,remove,C1_transformed,gsmplus_problem_understanding
pairs_arith_v2.csv,8443,arithmetic,gsm8k_test_0943,train,retain,H2_same_template,gsmplus_critical_thinking
pairs_arith_v2.csv,8444,arithmetic,gsm8k_test_0943,train,retain,H1_same_topic,svamp
pairs_arith_v2.csv,8445,arithmetic,gsm8k_test_0943,train,retain,H3_predating,asdiv
pairs_arith_v2.csv,8446,arithmetic,gsm8k_test_0943,train,retain,R_random,truthfulqa
pairs_arith_v2.csv,8465,arithmetic,gsm8k_test_0946,train,remove,C0_exact,gsm8k_copy
pairs_arith_v2.csv,8466,arithmetic,gsm8k_test_0946,train,remove,C1_transformed,lmsys_rephrase
pairs_arith_v2.csv,8467,arithmetic,gsm8k_test_0946,train,remove,C2_answer_bearing,gsm8k_solution_frag
pairs_arith_v2.csv,8468,arithmetic,gsm8k_test_0946,train,remove,C1_transformed,gsmplus_problem_understanding
pairs_arith_v2.csv,8469,arithmetic,gsm8k_test_0946,train,retain,H2_same_template,gsmplus_critical_thinking
pairs_arith_v2.csv,8470,arithmetic,gsm8k_test_0946,train,retain,H1_same_topic,svamp
pairs_arith_v2.csv,8471,arithmetic,gsm8k_test_0946,train,retain,H3_predating,asdiv
pairs_arith_v2.csv,8472,arithmetic,gsm8k_test_0946,train,retain,R_random,truthfulqa
pairs_arith_v2.csv,8491,arithmetic,gsm8k_test_0949,train,remove,C0_exact,gsm8k_copy
pairs_arith_v2.csv,8492,arithmetic,gsm8k_test_0949,train,remove,C1_transformed,lmsys_rephrase
pairs_arith_v2.csv,8493,arithmetic,gsm8k_test_0949,train,remove,C2_answer_bearing,gsm8k_solution_frag
pairs_arith_v2.csv,8494,arithmetic,gsm8k_test_0949,train,retain,H2_same_template,gsmplus_numerical_substitution
pairs_arith_v2.csv,8495,arithmetic,gsm8k_test_0949,train,remove,C1_transformed,gsmplus_problem_understanding
pairs_arith_v2.csv,8496,arithmetic,gsm8k_test_0949,train,retain,H2_same_template,gsmplus_critical_thinking
pairs_arith_v2.csv,8497,arithmetic,gsm8k_test_0949,train,retain,H1_same_topic,svamp
pairs_arith_v2.csv,8498,arithmetic,gsm8k_test_0949,train,retain,H3_predating,asdiv
pairs_arith_v2.csv,8499,arithmetic,gsm8k_test_0949,train,retain,R_random,truthfulqa
pairs_arith_v2.csv,8509,arithmetic,gsm8k_test_0951,train,remove,C0_exact,gsm8k_copy
pairs_arith_v2.csv,8510,arithmetic,gsm8k_test_0951,train,remove,C1_transformed,lmsys_rephrase
pairs_arith_v2.csv,8511,arithmetic,gsm8k_test_0951,train,remove,C2_answer_bearing,gsm8k_solution_frag
pairs_arith_v2.csv,8512,arithmetic,gsm8k_test_0951,train,retain,H2_same_template,gsmplus_numerical_substitution
pairs_arith_v2.csv,8513,arithmetic,gsm8k_test_0951,train,remove,C1_transformed,gsmplus_problem_understanding
pairs_arith_v2.csv,8514,arithmetic,gsm8k_test_0951,train,retain,H2_same_template,gsmplus_critical_thinking
pairs_arith_v2.csv,8515,arithmetic,gsm8k_test_0951,train,retain,H1_same_topic,svamp
pairs_arith_v2.csv,8516,arithmetic,gsm8k_test_0951,train,retain,H3_predating,asdiv
pairs_arith_v2.csv,8517,arithmetic,gsm8k_test_0951,train,retain,R_random,truthfulqa
pairs_arith_v2.csv,8545,arithmetic,gsm8k_test_0955,train,remove,C0_exact,gsm8k_copy
pairs_arith_v2.csv,8546,arithmetic,gsm8k_test_0955,train,remove,C1_transformed,lmsys_rephrase
pairs_arith_v2.csv,8547,arithmetic,gsm8k_test_0955,train,remove,C2_answer_bearing,gsm8k_solution_frag
pairs_arith_v2.csv,8548,arithmetic,gsm8k_test_0955,train,retain,H2_same_template,gsmplus_numerical_substitution
pairs_arith_v2.csv,8549,arithmetic,gsm8k_test_0955,train,remove,C1_transformed,gsmplus_problem_understanding
pairs_arith_v2.csv,8550,arithmetic,gsm8k_test_0955,train,retain,H2_same_template,gsmplus_critical_thinking
pairs_arith_v2.csv,8551,arithmetic,gsm8k_test_0955,train,retain,H1_same_topic,svamp
pairs_arith_v2.csv,8552,arithmetic,gsm8k_test_0955,train,retain,H3_predating,asdiv
pairs_arith_v2.csv,8553,arithmetic,gsm8k_test_0955,train,retain,R_random,truthfulqa
pairs_arith_v2.csv,8581,arithmetic,gsm8k_test_0959,train,remove,C0_exact,gsm8k_copy
pairs_arith_v2.csv,8582,arithmetic,gsm8k_test_0959,train,remove,C1_transformed,lmsys_rephrase
pairs_arith_v2.csv,8583,arithmetic,gsm8k_test_0959,train,remove,C2_answer_bearing,gsm8k_solution_frag
pairs_arith_v2.csv,8584,arithmetic,gsm8k_test_0959,train,retain,H2_same_template,gsmplus_numerical_substitution
pairs_arith_v2.csv,8585,arithmetic,gsm8k_test_0959,train,remove,C1_transformed,gsmplus_problem_understanding
pairs_arith_v2.csv,8586,arithmetic,gsm8k_test_0959,train,retain,H2_same_template,gsmplus_critical_thinking
pairs_arith_v2.csv,8587,arithmetic,gsm8k_test_0959,train,retain,H1_same_topic,svamp
pairs_arith_v2.csv,8588,arithmetic,gsm8k_test_0959,train,retain,H3_predating,asdiv
pairs_arith_v2.csv,8589,arithmetic,gsm8k_test_0959,train,retain,R_random,truthfulqa
pairs_arith_v2.csv,8590,arithmetic,gsm8k_test_0960,train,remove,C0_exact,gsm8k_copy
pairs_arith_v2.csv,8591,arithmetic,gsm8k_test_0960,train,remove,C1_transformed,lmsys_rephrase
pairs_arith_v2.csv,8592,arithmetic,gsm8k_test_0960,train,remove,C2_answer_bearing,gsm8k_solution_frag
pairs_arith_v2.csv,8593,arithmetic,gsm8k_test_0960,train,retain,H2_same_template,gsmplus_numerical_substitution
pairs_arith_v2.csv,8594,arithmetic,gsm8k_test_0960,train,remove,C1_transformed,gsmplus_problem_understanding
pairs_arith_v2.csv,8595,arithmetic,gsm8k_test_0960,train,retain,H2_same_template,gsmplus_critical_thinking
pairs_arith_v2.csv,8596,arithmetic,gsm8k_test_0960,train,retain,H1_same_topic,svamp
pairs_arith_v2.csv,8597,arithmetic,gsm8k_test_0960,train,retain,H3_predating,asdiv
pairs_arith_v2.csv,8598,arithmetic,gsm8k_test_0960,train,retain,R_random,truthfulqa
pairs_arith_v2.csv,8653,arithmetic,gsm8k_test_0967,train,remove,C0_exact,gsm8k_copy
pairs_arith_v2.csv,8654,arithmetic,gsm8k_test_0967,train,remove,C1_transformed,lmsys_rephrase
pairs_arith_v2.csv,8655,arithmetic,gsm8k_test_0967,train,remove,C2_answer_bearing,gsm8k_solution_frag
pairs_arith_v2.csv,8656,arithmetic,gsm8k_test_0967,train,retain,H2_same_template,gsmplus_numerical_substitution
pairs_arith_v2.csv,8657,arithmetic,gsm8k_test_0967,train,remove,C1_transformed,gsmplus_problem_understanding
pairs_arith_v2.csv,8658,arithmetic,gsm8k_test_0967,train,retain,H2_same_template,gsmplus_critical_thinking
pairs_arith_v2.csv,8659,arithmetic,gsm8k_test_0967,train,retain,H1_same_topic,svamp
pairs_arith_v2.csv,8660,arithmetic,gsm8k_test_0967,train,retain,H3_predating,asdiv
pairs_arith_v2.csv,8661,arithmetic,gsm8k_test_0967,train,retain,R_random,truthfulqa
pairs_arith_v2.csv,8662,arithmetic,gsm8k_test_0968,train,remove,C0_exact,gsm8k_copy
pairs_arith_v2.csv,8663,arithmetic,gsm8k_test_0968,train,remove,C1_transformed,lmsys_rephrase
pairs_arith_v2.csv,8664,arithmetic,gsm8k_test_0968,train,remove,C2_answer_bearing,gsm8k_solution_frag
pairs_arith_v2.csv,8665,arithmetic,gsm8k_test_0968,train,retain,H2_same_template,gsmplus_numerical_substitution
pairs_arith_v2.csv,8666,arithmetic,gsm8k_test_0968,train,remove,C1_transformed,gsmplus_problem_understanding
pairs_arith_v2.csv,8667,arithmetic,gsm8k_test_0968,train,retain,H2_same_template,gsmplus_critical_thinking
pairs_arith_v2.csv,8668,arithmetic,gsm8k_test_0968,train,retain,H1_same_topic,svamp
pairs_arith_v2.csv,8669,arithmetic,gsm8k_test_0968,train,retain,H3_predating,asdiv
pairs_arith_v2.csv,8670,arithmetic,gsm8k_test_0968,train,retain,R_random,truthfulqa
pairs_arith_v2.csv,8716,arithmetic,gsm8k_test_0974,train,remove,C0_exact,gsm8k_copy
pairs_arith_v2.csv,8717,arithmetic,gsm8k_test_0974,train,remove,C1_transformed,lmsys_rephrase
pairs_arith_v2.csv,8718,arithmetic,gsm8k_test_0974,train,remove,C2_answer_bearing,gsm8k_solution_frag
pairs_arith_v2.csv,8719,arithmetic,gsm8k_test_0974,train,remove,C1_transformed,gsmplus_problem_understanding
pairs_arith_v2.csv,8720,arithmetic,gsm8k_test_0974,train,retain,H2_same_template,gsmplus_critical_thinking
pairs_arith_v2.csv,8721,arithmetic,gsm8k_test_0974,train,retain,H1_same_topic,svamp
pairs_arith_v2.csv,8722,arithmetic,gsm8k_test_0974,train,retain,H3_predating,asdiv
pairs_arith_v2.csv,8723,arithmetic,gsm8k_test_0974,train,retain,R_random,truthfulqa
pairs_arith_v2.csv,8732,arithmetic,gsm8k_test_0976,train,remove,C0_exact,gsm8k_copy
pairs_arith_v2.csv,8733,arithmetic,gsm8k_test_0976,train,remove,C1_transformed,lmsys_rephrase
pairs_arith_v2.csv,8734,arithmetic,gsm8k_test_0976,train,remove,C2_answer_bearing,gsm8k_solution_frag
pairs_arith_v2.csv,8735,arithmetic,gsm8k_test_0976,train,retain,H2_same_template,gsmplus_numerical_substitution
pairs_arith_v2.csv,8736,arithmetic,gsm8k_test_0976,train,remove,C1_transformed,gsmplus_problem_understanding
pairs_arith_v2.csv,8737,arithmetic,gsm8k_test_0976,train,retain,H2_same_template,gsmplus_critical_thinking
pairs_arith_v2.csv,8738,arithmetic,gsm8k_test_0976,train,retain,H1_same_topic,svamp
pairs_arith_v2.csv,8739,arithmetic,gsm8k_test_0976,train,retain,H3_predating,asdiv
pairs_arith_v2.csv,8740,arithmetic,gsm8k_test_0976,train,retain,R_random,truthfulqa
pairs_arith_v2.csv,8750,arithmetic,gsm8k_test_0978,train,remove,C0_exact,gsm8k_copy
pairs_arith_v2.csv,8751,arithmetic,gsm8k_test_0978,train,remove,C1_transformed,lmsys_rephrase
pairs_arith_v2.csv,8752,arithmetic,gsm8k_test_0978,train,remove,C2_answer_bearing,gsm8k_solution_frag
pairs_arith_v2.csv,8753,arithmetic,gsm8k_test_0978,train,retain,H2_same_template,gsmplus_numerical_substitution
pairs_arith_v2.csv,8754,arithmetic,gsm8k_test_0978,train,remove,C1_transformed,gsmplus_problem_understanding
pairs_arith_v2.csv,8755,arithmetic,gsm8k_test_0978,train,retain,H2_same_template,gsmplus_critical_thinking
pairs_arith_v2.csv,8756,arithmetic,gsm8k_test_0978,train,retain,H1_same_topic,svamp
pairs_arith_v2.csv,8757,arithmetic,gsm8k_test_0978,train,retain,H3_predating,asdiv
pairs_arith_v2.csv,8758,arithmetic,gsm8k_test_0978,train,retain,R_random,truthfulqa
pairs_arith_v2.csv,8777,arithmetic,gsm8k_test_0981,train,remove,C0_exact,gsm8k_copy
pairs_arith_v2.csv,8778,arithmetic,gsm8k_test_0981,train,remove,C1_transformed,lmsys_rephrase
pairs_arith_v2.csv,8779,arithmetic,gsm8k_test_0981,train,remove,C2_answer_bearing,gsm8k_solution_frag
pairs_arith_v2.csv,8780,arithmetic,gsm8k_test_0981,train,retain,H2_same_template,gsmplus_numerical_substitution
pairs_arith_v2.csv,8781,arithmetic,gsm8k_test_0981,train,remove,C1_transformed,gsmplus_problem_understanding
pairs_arith_v2.csv,8782,arithmetic,gsm8k_test_0981,train,retain,H2_same_template,gsmplus_critical_thinking
pairs_arith_v2.csv,8783,arithmetic,gsm8k_test_0981,train,retain,H1_same_topic,svamp
pairs_arith_v2.csv,8784,arithmetic,gsm8k_test_0981,train,retain,H3_predating,asdiv
pairs_arith_v2.csv,8785,arithmetic,gsm8k_test_0981,train,retain,R_random,truthfulqa
pairs_arith_v2.csv,8786,arithmetic,gsm8k_test_0982,train,remove,C0_exact,gsm8k_copy
pairs_arith_v2.csv,8787,arithmetic,gsm8k_test_0982,train,remove,C1_transformed,lmsys_rephrase
pairs_arith_v2.csv,8788,arithmetic,gsm8k_test_0982,train,remove,C2_answer_bearing,gsm8k_solution_frag
pairs_arith_v2.csv,8789,arithmetic,gsm8k_test_0982,train,retain,H2_same_template,gsmplus_numerical_substitution
pairs_arith_v2.csv,8790,arithmetic,gsm8k_test_0982,train,remove,C1_transformed,gsmplus_problem_understanding
pairs_arith_v2.csv,8791,arithmetic,gsm8k_test_0982,train,retain,H2_same_template,gsmplus_critical_thinking
pairs_arith_v2.csv,8792,arithmetic,gsm8k_test_0982,train,retain,H1_same_topic,svamp
pairs_arith_v2.csv,8793,arithmetic,gsm8k_test_0982,train,retain,H3_predating,asdiv
pairs_arith_v2.csv,8794,arithmetic,gsm8k_test_0982,train,retain,R_random,truthfulqa
pairs_arith_v2.csv,8803,arithmetic,gsm8k_test_0984,train,remove,C0_exact,gsm8k_copy
pairs_arith_v2.csv,8804,arithmetic,gsm8k_test_0984,train,remove,C1_transformed,lmsys_rephrase
pairs_arith_v2.csv,8805,arithmetic,gsm8k_test_0984,train,remove,C2_answer_bearing,gsm8k_solution_frag
pairs_arith_v2.csv,8806,arithmetic,gsm8k_test_0984,train,retain,H2_same_template,gsmplus_numerical_substitution
pairs_arith_v2.csv,8807,arithmetic,gsm8k_test_0984,train,remove,C1_transformed,gsmplus_problem_understanding
pairs_arith_v2.csv,8808,arithmetic,gsm8k_test_0984,train,retain,H2_same_template,gsmplus_critical_thinking
pairs_arith_v2.csv,8809,arithmetic,gsm8k_test_0984,train,retain,H1_same_topic,svamp
pairs_arith_v2.csv,8810,arithmetic,gsm8k_test_0984,train,retain,H3_predating,asdiv
pairs_arith_v2.csv,8811,arithmetic,gsm8k_test_0984,train,retain,R_random,truthfulqa
pairs_arith_v2.csv,8812,arithmetic,gsm8k_test_0985,train,remove,C0_exact,gsm8k_copy
pairs_arith_v2.csv,8813,arithmetic,gsm8k_test_0985,train,remove,C1_transformed,lmsys_rephrase
pairs_arith_v2.csv,8814,arithmetic,gsm8k_test_0985,train,remove,C2_answer_bearing,gsm8k_solution_frag
pairs_arith_v2.csv,8815,arithmetic,gsm8k_test_0985,train,retain,H2_same_template,gsmplus_numerical_substitution
pairs_arith_v2.csv,8816,arithmetic,gsm8k_test_0985,train,remove,C1_transformed,gsmplus_problem_understanding
pairs_arith_v2.csv,8817,arithmetic,gsm8k_test_0985,train,retain,H2_same_template,gsmplus_critical_thinking
pairs_arith_v2.csv,8818,arithmetic,gsm8k_test_0985,train,retain,H1_same_topic,svamp
pairs_arith_v2.csv,8819,arithmetic,gsm8k_test_0985,train,retain,H3_predating,asdiv
pairs_arith_v2.csv,8820,arithmetic,gsm8k_test_0985,train,retain,R_random,truthfulqa
pairs_arith_v2.csv,8830,arithmetic,gsm8k_test_0987,train,remove,C0_exact,gsm8k_copy
pairs_arith_v2.csv,8831,arithmetic,gsm8k_test_0987,train,remove,C1_transformed,lmsys_rephrase
pairs_arith_v2.csv,8832,arithmetic,gsm8k_test_0987,train,remove,C2_answer_bearing,gsm8k_solution_frag
pairs_arith_v2.csv,8833,arithmetic,gsm8k_test_0987,train,retain,H2_same_template,gsmplus_numerical_substitution
pairs_arith_v2.csv,8834,arithmetic,gsm8k_test_0987,train,remove,C1_transformed,gsmplus_problem_understanding
pairs_arith_v2.csv,8835,arithmetic,gsm8k_test_0987,train,retain,H2_same_template,gsmplus_critical_thinking
pairs_arith_v2.csv,8836,arithmetic,gsm8k_test_0987,train,retain,H1_same_topic,svamp
pairs_arith_v2.csv,8837,arithmetic,gsm8k_test_0987,train,retain,H3_predating,asdiv
pairs_arith_v2.csv,8838,arithmetic,gsm8k_test_0987,train,retain,R_random,truthfulqa
pairs_arith_v2.csv,8839,arithmetic,gsm8k_test_0988,train,remove,C0_exact,gsm8k_copy
pairs_arith_v2.csv,8840,arithmetic,gsm8k_test_0988,train,remove,C1_transformed,lmsys_rephrase
pairs_arith_v2.csv,8841,arithmetic,gsm8k_test_0988,train,remove,C2_answer_bearing,gsm8k_solution_frag
pairs_arith_v2.csv,8842,arithmetic,gsm8k_test_0988,train,retain,H2_same_template,gsmplus_numerical_substitution
pairs_arith_v2.csv,8843,arithmetic,gsm8k_test_0988,train,remove,C1_transformed,gsmplus_problem_understanding
pairs_arith_v2.csv,8844,arithmetic,gsm8k_test_0988,train,retain,H2_same_template,gsmplus_critical_thinking
pairs_arith_v2.csv,8845,arithmetic,gsm8k_test_0988,train,retain,H1_same_topic,svamp
pairs_arith_v2.csv,8846,arithmetic,gsm8k_test_0988,train,retain,H3_predating,asdiv
pairs_arith_v2.csv,8847,arithmetic,gsm8k_test_0988,train,retain,R_random,truthfulqa
pairs_arith_v2.csv,8848,arithmetic,gsm8k_test_0989,train,remove,C0_exact,gsm8k_copy
pairs_arith_v2.csv,8849,arithmetic,gsm8k_test_0989,train,remove,C1_transformed,lmsys_rephrase
pairs_arith_v2.csv,8850,arithmetic,gsm8k_test_0989,train,remove,C2_answer_bearing,gsm8k_solution_frag
pairs_arith_v2.csv,8851,arithmetic,gsm8k_test_0989,train,retain,H2_same_template,gsmplus_numerical_substitution
pairs_arith_v2.csv,8852,arithmetic,gsm8k_test_0989,train,remove,C1_transformed,gsmplus_problem_understanding
pairs_arith_v2.csv,8853,arithmetic,gsm8k_test_0989,train,retain,H2_same_template,gsmplus_critical_thinking
pairs_arith_v2.csv,8854,arithmetic,gsm8k_test_0989,train,retain,H1_same_topic,svamp
pairs_arith_v2.csv,8855,arithmetic,gsm8k_test_0989,train,retain,H3_predating,asdiv
pairs_arith_v2.csv,8856,arithmetic,gsm8k_test_0989,train,retain,R_random,truthfulqa
pairs_arith_v2.csv,8893,arithmetic,gsm8k_test_0994,train,remove,C0_exact,gsm8k_copy
pairs_arith_v2.csv,8894,arithmetic,gsm8k_test_0994,train,remove,C1_transformed,lmsys_rephrase
pairs_arith_v2.csv,8895,arithmetic,gsm8k_test_0994,train,remove,C2_answer_bearing,gsm8k_solution_frag
pairs_arith_v2.csv,8896,arithmetic,gsm8k_test_0994,train,retain,H2_same_template,gsmplus_numerical_substitution
pairs_arith_v2.csv,8897,arithmetic,gsm8k_test_0994,train,remove,C1_transformed,gsmplus_problem_understanding
pairs_arith_v2.csv,8898,arithmetic,gsm8k_test_0994,train,retain,H2_same_template,gsmplus_critical_thinking
pairs_arith_v2.csv,8899,arithmetic,gsm8k_test_0994,train,retain,H1_same_topic,svamp
pairs_arith_v2.csv,8900,arithmetic,gsm8k_test_0994,train,retain,H3_predating,asdiv
pairs_arith_v2.csv,8901,arithmetic,gsm8k_test_0994,train,retain,R_random,truthfulqa
pairs_arith_v2.csv,8919,arithmetic,gsm8k_test_0997,train,remove,C0_exact,gsm8k_copy
pairs_arith_v2.csv,8920,arithmetic,gsm8k_test_0997,train,remove,C1_transformed,lmsys_rephrase
pairs_arith_v2.csv,8921,arithmetic,gsm8k_test_0997,train,remove,C2_answer_bearing,gsm8k_solution_frag
pairs_arith_v2.csv,8922,arithmetic,gsm8k_test_0997,train,retain,H2_same_template,gsmplus_numerical_substitution
pairs_arith_v2.csv,8923,arithmetic,gsm8k_test_0997,train,remove,C1_transformed,gsmplus_problem_understanding
pairs_arith_v2.csv,8924,arithmetic,gsm8k_test_0997,train,retain,H2_same_template,gsmplus_critical_thinking
pairs_arith_v2.csv,8925,arithmetic,gsm8k_test_0997,train,retain,H1_same_topic,svamp
pairs_arith_v2.csv,8926,arithmetic,gsm8k_test_0997,train,retain,H3_predating,asdiv
pairs_arith_v2.csv,8927,arithmetic,gsm8k_test_0997,train,retain,R_random,truthfulqa
pairs_arith_v2.csv,8946,arithmetic,gsm8k_test_1000,train,remove,C0_exact,gsm8k_copy
pairs_arith_v2.csv,8947,arithmetic,gsm8k_test_1000,train,remove,C1_transformed,lmsys_rephrase
pairs_arith_v2.csv,8948,arithmetic,gsm8k_test_1000,train,remove,C2_answer_bearing,gsm8k_solution_frag
pairs_arith_v2.csv,8949,arithmetic,gsm8k_test_1000,train,retain,H2_same_template,gsmplus_numerical_substitution
pairs_arith_v2.csv,8950,arithmetic,gsm8k_test_1000,train,remove,C1_transformed,gsmplus_problem_understanding
pairs_arith_v2.csv,8951,arithmetic,gsm8k_test_1000,train,retain,H2_same_template,gsmplus_critical_thinking
pairs_arith_v2.csv,8952,arithmetic,gsm8k_test_1000,train,retain,H1_same_topic,svamp
pairs_arith_v2.csv,8953,arithmetic,gsm8k_test_1000,train,retain,H3_predating,asdiv
pairs_arith_v2.csv,8954,arithmetic,gsm8k_test_1000,train,retain,R_random,truthfulqa
pairs_arith_v2.csv,8955,arithmetic,gsm8k_test_1001,train,remove,C0_exact,gsm8k_copy
pairs_arith_v2.csv,8956,arithmetic,gsm8k_test_1001,train,remove,C1_transformed,lmsys_rephrase
pairs_arith_v2.csv,8957,arithmetic,gsm8k_test_1001,train,remove,C2_answer_bearing,gsm8k_solution_frag
pairs_arith_v2.csv,8958,arithmetic,gsm8k_test_1001,train,retain,H2_same_template,gsmplus_numerical_substitution
pairs_arith_v2.csv,8959,arithmetic,gsm8k_test_1001,train,remove,C1_transformed,gsmplus_problem_understanding
pairs_arith_v2.csv,8960,arithmetic,gsm8k_test_1001,train,retain,H2_same_template,gsmplus_critical_thinking
pairs_arith_v2.csv,8961,arithmetic,gsm8k_test_1001,train,retain,H1_same_topic,svamp
pairs_arith_v2.csv,8962,arithmetic,gsm8k_test_1001,train,retain,H3_predating,asdiv
pairs_arith_v2.csv,8963,arithmetic,gsm8k_test_1001,train,retain,R_random,truthfulqa
pairs_arith_v2.csv,8972,arithmetic,gsm8k_test_1003,train,remove,C0_exact,gsm8k_copy
pairs_arith_v2.csv,8973,arithmetic,gsm8k_test_1003,train,remove,C1_transformed,lmsys_rephrase
pairs_arith_v2.csv,8974,arithmetic,gsm8k_test_1003,train,remove,C2_answer_bearing,gsm8k_solution_frag
pairs_arith_v2.csv,8975,arithmetic,gsm8k_test_1003,train,retain,H2_same_template,gsmplus_numerical_substitution
pairs_arith_v2.csv,8976,arithmetic,gsm8k_test_1003,train,remove,C1_transformed,gsmplus_problem_understanding
pairs_arith_v2.csv,8977,arithmetic,gsm8k_test_1003,train,retain,H2_same_template,gsmplus_critical_thinking
pairs_arith_v2.csv,8978,arithmetic,gsm8k_test_1003,train,retain,H1_same_topic,svamp
pairs_arith_v2.csv,8979,arithmetic,gsm8k_test_1003,train,retain,H3_predating,asdiv
pairs_arith_v2.csv,8980,arithmetic,gsm8k_test_1003,train,retain,R_random,truthfulqa
pairs_arith_v2.csv,8999,arithmetic,gsm8k_test_1006,train,remove,C0_exact,gsm8k_copy
pairs_arith_v2.csv,9000,arithmetic,gsm8k_test_1006,train,remove,C1_transformed,lmsys_rephrase
pairs_arith_v2.csv,9001,arithmetic,gsm8k_test_1006,train,remove,C2_answer_bearing,gsm8k_solution_frag
pairs_arith_v2.csv,9002,arithmetic,gsm8k_test_1006,train,retain,H2_same_template,gsmplus_numerical_substitution
pairs_arith_v2.csv,9003,arithmetic,gsm8k_test_1006,train,remove,C1_transformed,gsmplus_problem_understanding
pairs_arith_v2.csv,9004,arithmetic,gsm8k_test_1006,train,retain,H2_same_template,gsmplus_critical_thinking
pairs_arith_v2.csv,9005,arithmetic,gsm8k_test_1006,train,retain,H1_same_topic,svamp
pairs_arith_v2.csv,9006,arithmetic,gsm8k_test_1006,train,retain,H3_predating,asdiv
pairs_arith_v2.csv,9007,arithmetic,gsm8k_test_1006,train,retain,R_random,truthfulqa
pairs_arith_v2.csv,9035,arithmetic,gsm8k_test_1010,train,remove,C0_exact,gsm8k_copy
pairs_arith_v2.csv,9036,arithmetic,gsm8k_test_1010,train,remove,C1_transformed,lmsys_rephrase
pairs_arith_v2.csv,9037,arithmetic,gsm8k_test_1010,train,remove,C2_answer_bearing,gsm8k_solution_frag
pairs_arith_v2.csv,9038,arithmetic,gsm8k_test_1010,train,retain,H2_same_template,gsmplus_numerical_substitution
pairs_arith_v2.csv,9039,arithmetic,gsm8k_test_1010,train,remove,C1_transformed,gsmplus_problem_understanding
pairs_arith_v2.csv,9040,arithmetic,gsm8k_test_1010,train,retain,H2_same_template,gsmplus_critical_thinking
pairs_arith_v2.csv,9041,arithmetic,gsm8k_test_1010,train,retain,H1_same_topic,svamp
pairs_arith_v2.csv,9042,arithmetic,gsm8k_test_1010,train,retain,H3_predating,asdiv
pairs_arith_v2.csv,9043,arithmetic,gsm8k_test_1010,train,retain,R_random,truthfulqa
pairs_arith_v2.csv,9044,arithmetic,gsm8k_test_1011,train,remove,C0_exact,gsm8k_copy
pairs_arith_v2.csv,9045,arithmetic,gsm8k_test_1011,train,remove,C1_transformed,lmsys_rephrase
pairs_arith_v2.csv,9046,arithmetic,gsm8k_test_1011,train,remove,C2_answer_bearing,gsm8k_solution_frag
pairs_arith_v2.csv,9047,arithmetic,gsm8k_test_1011,train,retain,H2_same_template,gsmplus_numerical_substitution
pairs_arith_v2.csv,9048,arithmetic,gsm8k_test_1011,train,remove,C1_transformed,gsmplus_problem_understanding
pairs_arith_v2.csv,9049,arithmetic,gsm8k_test_1011,train,retain,H2_same_template,gsmplus_critical_thinking
pairs_arith_v2.csv,9050,arithmetic,gsm8k_test_1011,train,retain,H1_same_topic,svamp
pairs_arith_v2.csv,9051,arithmetic,gsm8k_test_1011,train,retain,H3_predating,asdiv
pairs_arith_v2.csv,9052,arithmetic,gsm8k_test_1011,train,retain,R_random,truthfulqa
pairs_arith_v2.csv,9053,arithmetic,gsm8k_test_1012,train,remove,C0_exact,gsm8k_copy
pairs_arith_v2.csv,9054,arithmetic,gsm8k_test_1012,train,remove,C1_transformed,lmsys_rephrase
pairs_arith_v2.csv,9055,arithmetic,gsm8k_test_1012,train,remove,C2_answer_bearing,gsm8k_solution_frag
pairs_arith_v2.csv,9056,arithmetic,gsm8k_test_1012,train,retain,H2_same_template,gsmplus_numerical_substitution
pairs_arith_v2.csv,9057,arithmetic,gsm8k_test_1012,train,remove,C1_transformed,gsmplus_problem_understanding
pairs_arith_v2.csv,9058,arithmetic,gsm8k_test_1012,train,retain,H2_same_template,gsmplus_critical_thinking
pairs_arith_v2.csv,9059,arithmetic,gsm8k_test_1012,train,retain,H1_same_topic,svamp
pairs_arith_v2.csv,9060,arithmetic,gsm8k_test_1012,train,retain,H3_predating,asdiv
pairs_arith_v2.csv,9061,arithmetic,gsm8k_test_1012,train,retain,R_random,truthfulqa
pairs_arith_v2.csv,9071,arithmetic,gsm8k_test_1014,train,remove,C0_exact,gsm8k_copy
pairs_arith_v2.csv,9072,arithmetic,gsm8k_test_1014,train,remove,C1_transformed,lmsys_rephrase
pairs_arith_v2.csv,9073,arithmetic,gsm8k_test_1014,train,remove,C2_answer_bearing,gsm8k_solution_frag
pairs_arith_v2.csv,9074,arithmetic,gsm8k_test_1014,train,retain,H2_same_template,gsmplus_numerical_substitution
pairs_arith_v2.csv,9075,arithmetic,gsm8k_test_1014,train,remove,C1_transformed,gsmplus_problem_understanding
pairs_arith_v2.csv,9076,arithmetic,gsm8k_test_1014,train,retain,H2_same_template,gsmplus_critical_thinking
pairs_arith_v2.csv,9077,arithmetic,gsm8k_test_1014,train,retain,H1_same_topic,svamp
pairs_arith_v2.csv,9078,arithmetic,gsm8k_test_1014,train,retain,H3_predating,asdiv
pairs_arith_v2.csv,9079,arithmetic,gsm8k_test_1014,train,retain,R_random,truthfulqa
pairs_arith_v2.csv,9098,arithmetic,gsm8k_test_1017,train,remove,C0_exact,gsm8k_copy
pairs_arith_v2.csv,9099,arithmetic,gsm8k_test_1017,train,remove,C1_transformed,lmsys_rephrase
pairs_arith_v2.csv,9100,arithmetic,gsm8k_test_1017,train,remove,C2_answer_bearing,gsm8k_solution_frag
pairs_arith_v2.csv,9101,arithmetic,gsm8k_test_1017,train,retain,H2_same_template,gsmplus_numerical_substitution
pairs_arith_v2.csv,9102,arithmetic,gsm8k_test_1017,train,remove,C1_transformed,gsmplus_problem_understanding
pairs_arith_v2.csv,9103,arithmetic,gsm8k_test_1017,train,retain,H2_same_template,gsmplus_critical_thinking
pairs_arith_v2.csv,9104,arithmetic,gsm8k_test_1017,train,retain,H1_same_topic,svamp
pairs_arith_v2.csv,9105,arithmetic,gsm8k_test_1017,train,retain,H3_predating,asdiv
pairs_arith_v2.csv,9106,arithmetic,gsm8k_test_1017,train,retain,R_random,truthfulqa
pairs_arith_v2.csv,9152,arithmetic,gsm8k_test_1023,train,remove,C0_exact,gsm8k_copy
pairs_arith_v2.csv,9153,arithmetic,gsm8k_test_1023,train,remove,C1_transformed,lmsys_rephrase
pairs_arith_v2.csv,9154,arithmetic,gsm8k_test_1023,train,remove,C2_answer_bearing,gsm8k_solution_frag
pairs_arith_v2.csv,9155,arithmetic,gsm8k_test_1023,train,retain,H2_same_template,gsmplus_numerical_substitution
pairs_arith_v2.csv,9156,arithmetic,gsm8k_test_1023,train,remove,C1_transformed,gsmplus_problem_understanding
pairs_arith_v2.csv,9157,arithmetic,gsm8k_test_1023,train,retain,H2_same_template,gsmplus_critical_thinking
pairs_arith_v2.csv,9158,arithmetic,gsm8k_test_1023,train,retain,H1_same_topic,svamp
pairs_arith_v2.csv,9159,arithmetic,gsm8k_test_1023,train,retain,H3_predating,asdiv
pairs_arith_v2.csv,9160,arithmetic,gsm8k_test_1023,train,retain,R_random,truthfulqa
pairs_arith_v2.csv,9161,arithmetic,gsm8k_test_1024,train,remove,C0_exact,gsm8k_copy
pairs_arith_v2.csv,9162,arithmetic,gsm8k_test_1024,train,remove,C1_transformed,lmsys_rephrase
pairs_arith_v2.csv,9163,arithmetic,gsm8k_test_1024,train,remove,C2_answer_bearing,gsm8k_solution_frag
pairs_arith_v2.csv,9164,arithmetic,gsm8k_test_1024,train,retain,H2_same_template,gsmplus_numerical_substitution
pairs_arith_v2.csv,9165,arithmetic,gsm8k_test_1024,train,remove,C1_transformed,gsmplus_problem_understanding
pairs_arith_v2.csv,9166,arithmetic,gsm8k_test_1024,train,retain,H2_same_template,gsmplus_critical_thinking
pairs_arith_v2.csv,9167,arithmetic,gsm8k_test_1024,train,retain,H1_same_topic,svamp
pairs_arith_v2.csv,9168,arithmetic,gsm8k_test_1024,train,retain,H3_predating,asdiv
pairs_arith_v2.csv,9169,arithmetic,gsm8k_test_1024,train,retain,R_random,truthfulqa
pairs_arith_v2.csv,9170,arithmetic,gsm8k_test_1025,train,remove,C0_exact,gsm8k_copy
pairs_arith_v2.csv,9171,arithmetic,gsm8k_test_1025,train,remove,C1_transformed,lmsys_rephrase
pairs_arith_v2.csv,9172,arithmetic,gsm8k_test_1025,train,remove,C2_answer_bearing,gsm8k_solution_frag
pairs_arith_v2.csv,9173,arithmetic,gsm8k_test_1025,train,retain,H2_same_template,gsmplus_numerical_substitution
pairs_arith_v2.csv,9174,arithmetic,gsm8k_test_1025,train,remove,C1_transformed,gsmplus_problem_understanding
pairs_arith_v2.csv,9175,arithmetic,gsm8k_test_1025,train,retain,H2_same_template,gsmplus_critical_thinking
pairs_arith_v2.csv,9176,arithmetic,gsm8k_test_1025,train,retain,H1_same_topic,svamp
pairs_arith_v2.csv,9177,arithmetic,gsm8k_test_1025,train,retain,H3_predating,asdiv
pairs_arith_v2.csv,9178,arithmetic,gsm8k_test_1025,train,retain,R_random,truthfulqa
pairs_arith_v2.csv,9206,arithmetic,gsm8k_test_1029,train,remove,C0_exact,gsm8k_copy
pairs_arith_v2.csv,9207,arithmetic,gsm8k_test_1029,train,remove,C1_transformed,lmsys_rephrase
pairs_arith_v2.csv,9208,arithmetic,gsm8k_test_1029,train,remove,C2_answer_bearing,gsm8k_solution_frag
pairs_arith_v2.csv,9209,arithmetic,gsm8k_test_1029,train,retain,H2_same_template,gsmplus_numerical_substitution
pairs_arith_v2.csv,9210,arithmetic,gsm8k_test_1029,train,remove,C1_transformed,gsmplus_problem_understanding
pairs_arith_v2.csv,9211,arithmetic,gsm8k_test_1029,train,retain,H2_same_template,gsmplus_critical_thinking
pairs_arith_v2.csv,9212,arithmetic,gsm8k_test_1029,train,retain,H1_same_topic,svamp
pairs_arith_v2.csv,9213,arithmetic,gsm8k_test_1029,train,retain,H3_predating,asdiv
pairs_arith_v2.csv,9214,arithmetic,gsm8k_test_1029,train,retain,R_random,truthfulqa
pairs_arith_v2.csv,9215,arithmetic,gsm8k_test_1030,train,remove,C0_exact,gsm8k_copy
pairs_arith_v2.csv,9216,arithmetic,gsm8k_test_1030,train,remove,C1_transformed,lmsys_rephrase
pairs_arith_v2.csv,9217,arithmetic,gsm8k_test_1030,train,remove,C2_answer_bearing,gsm8k_solution_frag
pairs_arith_v2.csv,9218,arithmetic,gsm8k_test_1030,train,retain,H2_same_template,gsmplus_numerical_substitution
pairs_arith_v2.csv,9219,arithmetic,gsm8k_test_1030,train,remove,C1_transformed,gsmplus_problem_understanding
pairs_arith_v2.csv,9220,arithmetic,gsm8k_test_1030,train,retain,H2_same_template,gsmplus_critical_thinking
pairs_arith_v2.csv,9221,arithmetic,gsm8k_test_1030,train,retain,H1_same_topic,svamp
pairs_arith_v2.csv,9222,arithmetic,gsm8k_test_1030,train,retain,H3_predating,asdiv
pairs_arith_v2.csv,9223,arithmetic,gsm8k_test_1030,train,retain,R_random,truthfulqa
pairs_arith_v2.csv,9233,arithmetic,gsm8k_test_1032,train,remove,C0_exact,gsm8k_copy
pairs_arith_v2.csv,9234,arithmetic,gsm8k_test_1032,train,remove,C1_transformed,lmsys_rephrase
pairs_arith_v2.csv,9235,arithmetic,gsm8k_test_1032,train,remove,C2_answer_bearing,gsm8k_solution_frag
pairs_arith_v2.csv,9236,arithmetic,gsm8k_test_1032,train,retain,H2_same_template,gsmplus_numerical_substitution
pairs_arith_v2.csv,9237,arithmetic,gsm8k_test_1032,train,remove,C1_transformed,gsmplus_problem_understanding
pairs_arith_v2.csv,9238,arithmetic,gsm8k_test_1032,train,retain,H2_same_template,gsmplus_critical_thinking
pairs_arith_v2.csv,9239,arithmetic,gsm8k_test_1032,train,retain,H1_same_topic,svamp
pairs_arith_v2.csv,9240,arithmetic,gsm8k_test_1032,train,retain,H3_predating,asdiv
pairs_arith_v2.csv,9241,arithmetic,gsm8k_test_1032,train,retain,R_random,truthfulqa
pairs_arith_v2.csv,9242,arithmetic,gsm8k_test_1033,train,remove,C0_exact,gsm8k_copy
pairs_arith_v2.csv,9243,arithmetic,gsm8k_test_1033,train,remove,C1_transformed,lmsys_rephrase
pairs_arith_v2.csv,9244,arithmetic,gsm8k_test_1033,train,remove,C2_answer_bearing,gsm8k_solution_frag
pairs_arith_v2.csv,9245,arithmetic,gsm8k_test_1033,train,retain,H2_same_template,gsmplus_numerical_substitution
pairs_arith_v2.csv,9246,arithmetic,gsm8k_test_1033,train,remove,C1_transformed,gsmplus_problem_understanding
pairs_arith_v2.csv,9247,arithmetic,gsm8k_test_1033,train,retain,H2_same_template,gsmplus_critical_thinking
pairs_arith_v2.csv,9248,arithmetic,gsm8k_test_1033,train,retain,H1_same_topic,svamp
pairs_arith_v2.csv,9249,arithmetic,gsm8k_test_1033,train,retain,H3_predating,asdiv
pairs_arith_v2.csv,9250,arithmetic,gsm8k_test_1033,train,retain,R_random,truthfulqa
pairs_arith_v2.csv,9269,arithmetic,gsm8k_test_1036,train,remove,C0_exact,gsm8k_copy
pairs_arith_v2.csv,9270,arithmetic,gsm8k_test_1036,train,remove,C1_transformed,lmsys_rephrase
pairs_arith_v2.csv,9271,arithmetic,gsm8k_test_1036,train,remove,C2_answer_bearing,gsm8k_solution_frag
pairs_arith_v2.csv,9272,arithmetic,gsm8k_test_1036,train,retain,H2_same_template,gsmplus_numerical_substitution
pairs_arith_v2.csv,9273,arithmetic,gsm8k_test_1036,train,remove,C1_transformed,gsmplus_problem_understanding
pairs_arith_v2.csv,9274,arithmetic,gsm8k_test_1036,train,retain,H2_same_template,gsmplus_critical_thinking
pairs_arith_v2.csv,9275,arithmetic,gsm8k_test_1036,train,retain,H1_same_topic,svamp
pairs_arith_v2.csv,9276,arithmetic,gsm8k_test_1036,train,retain,H3_predating,asdiv
pairs_arith_v2.csv,9277,arithmetic,gsm8k_test_1036,train,retain,R_random,truthfulqa
pairs_arith_v2.csv,9287,arithmetic,gsm8k_test_1038,train,remove,C0_exact,gsm8k_copy
pairs_arith_v2.csv,9288,arithmetic,gsm8k_test_1038,train,remove,C1_transformed,lmsys_rephrase
pairs_arith_v2.csv,9289,arithmetic,gsm8k_test_1038,train,remove,C2_answer_bearing,gsm8k_solution_frag
pairs_arith_v2.csv,9290,arithmetic,gsm8k_test_1038,train,retain,H2_same_template,gsmplus_numerical_substitution
pairs_arith_v2.csv,9291,arithmetic,gsm8k_test_1038,train,remove,C1_transformed,gsmplus_problem_understanding
pairs_arith_v2.csv,9292,arithmetic,gsm8k_test_1038,train,retain,H2_same_template,gsmplus_critical_thinking
pairs_arith_v2.csv,9293,arithmetic,gsm8k_test_1038,train,retain,H1_same_topic,svamp
pairs_arith_v2.csv,9294,arithmetic,gsm8k_test_1038,train,retain,H3_predating,asdiv
pairs_arith_v2.csv,9295,arithmetic,gsm8k_test_1038,train,retain,R_random,truthfulqa
pairs_arith_v2.csv,9296,arithmetic,gsm8k_test_1039,train,remove,C0_exact,gsm8k_copy
pairs_arith_v2.csv,9297,arithmetic,gsm8k_test_1039,train,remove,C1_transformed,lmsys_rephrase
pairs_arith_v2.csv,9298,arithmetic,gsm8k_test_1039,train,remove,C2_answer_bearing,gsm8k_solution_frag
pairs_arith_v2.csv,9299,arithmetic,gsm8k_test_1039,train,retain,H2_same_template,gsmplus_numerical_substitution
pairs_arith_v2.csv,9300,arithmetic,gsm8k_test_1039,train,remove,C1_transformed,gsmplus_problem_understanding
pairs_arith_v2.csv,9301,arithmetic,gsm8k_test_1039,train,retain,H2_same_template,gsmplus_critical_thinking
pairs_arith_v2.csv,9302,arithmetic,gsm8k_test_1039,train,retain,H1_same_topic,svamp
pairs_arith_v2.csv,9303,arithmetic,gsm8k_test_1039,train,retain,H3_predating,asdiv
pairs_arith_v2.csv,9304,arithmetic,gsm8k_test_1039,train,retain,R_random,truthfulqa
pairs_arith_v2.csv,9305,arithmetic,gsm8k_test_1040,train,remove,C0_exact,gsm8k_copy
pairs_arith_v2.csv,9306,arithmetic,gsm8k_test_1040,train,remove,C1_transformed,lmsys_rephrase
pairs_arith_v2.csv,9307,arithmetic,gsm8k_test_1040,train,remove,C2_answer_bearing,gsm8k_solution_frag
pairs_arith_v2.csv,9308,arithmetic,gsm8k_test_1040,train,retain,H2_same_template,gsmplus_numerical_substitution
pairs_arith_v2.csv,9309,arithmetic,gsm8k_test_1040,train,remove,C1_transformed,gsmplus_problem_understanding
pairs_arith_v2.csv,9310,arithmetic,gsm8k_test_1040,train,retain,H2_same_template,gsmplus_critical_thinking
pairs_arith_v2.csv,9311,arithmetic,gsm8k_test_1040,train,retain,H1_same_topic,svamp
pairs_arith_v2.csv,9312,arithmetic,gsm8k_test_1040,train,retain,H3_predating,asdiv
pairs_arith_v2.csv,9313,arithmetic,gsm8k_test_1040,train,retain,R_random,truthfulqa
pairs_arith_v2.csv,9314,arithmetic,gsm8k_test_1041,train,remove,C0_exact,gsm8k_copy
pairs_arith_v2.csv,9315,arithmetic,gsm8k_test_1041,train,remove,C1_transformed,lmsys_rephrase
pairs_arith_v2.csv,9316,arithmetic,gsm8k_test_1041,train,remove,C2_answer_bearing,gsm8k_solution_frag
pairs_arith_v2.csv,9317,arithmetic,gsm8k_test_1041,train,retain,H2_same_template,gsmplus_numerical_substitution
pairs_arith_v2.csv,9318,arithmetic,gsm8k_test_1041,train,remove,C1_transformed,gsmplus_problem_understanding
pairs_arith_v2.csv,9319,arithmetic,gsm8k_test_1041,train,retain,H2_same_template,gsmplus_critical_thinking
pairs_arith_v2.csv,9320,arithmetic,gsm8k_test_1041,train,retain,H1_same_topic,svamp
pairs_arith_v2.csv,9321,arithmetic,gsm8k_test_1041,train,retain,H3_predating,asdiv
pairs_arith_v2.csv,9322,arithmetic,gsm8k_test_1041,train,retain,R_random,truthfulqa
pairs_arith_v2.csv,9332,arithmetic,gsm8k_test_1043,train,remove,C0_exact,gsm8k_copy
pairs_arith_v2.csv,9333,arithmetic,gsm8k_test_1043,train,remove,C1_transformed,lmsys_rephrase
pairs_arith_v2.csv,9334,arithmetic,gsm8k_test_1043,train,remove,C2_answer_bearing,gsm8k_solution_frag
pairs_arith_v2.csv,9335,arithmetic,gsm8k_test_1043,train,retain,H2_same_template,gsmplus_numerical_substitution
pairs_arith_v2.csv,9336,arithmetic,gsm8k_test_1043,train,remove,C1_transformed,gsmplus_problem_understanding
pairs_arith_v2.csv,9337,arithmetic,gsm8k_test_1043,train,retain,H2_same_template,gsmplus_critical_thinking
pairs_arith_v2.csv,9338,arithmetic,gsm8k_test_1043,train,retain,H1_same_topic,svamp
pairs_arith_v2.csv,9339,arithmetic,gsm8k_test_1043,train,retain,H3_predating,asdiv
pairs_arith_v2.csv,9340,arithmetic,gsm8k_test_1043,train,retain,R_random,truthfulqa
pairs_arith_v2.csv,9358,arithmetic,gsm8k_test_1046,train,remove,C0_exact,gsm8k_copy
pairs_arith_v2.csv,9359,arithmetic,gsm8k_test_1046,train,remove,C1_transformed,lmsys_rephrase
pairs_arith_v2.csv,9360,arithmetic,gsm8k_test_1046,train,remove,C2_answer_bearing,gsm8k_solution_frag
pairs_arith_v2.csv,9361,arithmetic,gsm8k_test_1046,train,retain,H2_same_template,gsmplus_numerical_substitution
pairs_arith_v2.csv,9362,arithmetic,gsm8k_test_1046,train,remove,C1_transformed,gsmplus_problem_understanding
pairs_arith_v2.csv,9363,arithmetic,gsm8k_test_1046,train,retain,H2_same_template,gsmplus_critical_thinking
pairs_arith_v2.csv,9364,arithmetic,gsm8k_test_1046,train,retain,H1_same_topic,svamp
pairs_arith_v2.csv,9365,arithmetic,gsm8k_test_1046,train,retain,H3_predating,asdiv
pairs_arith_v2.csv,9366,arithmetic,gsm8k_test_1046,train,retain,R_random,truthfulqa
pairs_arith_v2.csv,9385,arithmetic,gsm8k_test_1049,train,remove,C0_exact,gsm8k_copy
pairs_arith_v2.csv,9386,arithmetic,gsm8k_test_1049,train,remove,C1_transformed,lmsys_rephrase
pairs_arith_v2.csv,9387,arithmetic,gsm8k_test_1049,train,remove,C2_answer_bearing,gsm8k_solution_frag
pairs_arith_v2.csv,9388,arithmetic,gsm8k_test_1049,train,retain,H2_same_template,gsmplus_numerical_substitution
pairs_arith_v2.csv,9389,arithmetic,gsm8k_test_1049,train,remove,C1_transformed,gsmplus_problem_understanding
pairs_arith_v2.csv,9390,arithmetic,gsm8k_test_1049,train,retain,H2_same_template,gsmplus_critical_thinking
pairs_arith_v2.csv,9391,arithmetic,gsm8k_test_1049,train,retain,H1_same_topic,svamp
pairs_arith_v2.csv,9392,arithmetic,gsm8k_test_1049,train,retain,H3_predating,asdiv
pairs_arith_v2.csv,9393,arithmetic,gsm8k_test_1049,train,retain,R_random,truthfulqa
pairs_arith_v2.csv,9412,arithmetic,gsm8k_test_1052,train,remove,C0_exact,gsm8k_copy
pairs_arith_v2.csv,9413,arithmetic,gsm8k_test_1052,train,remove,C1_transformed,lmsys_rephrase
pairs_arith_v2.csv,9414,arithmetic,gsm8k_test_1052,train,remove,C2_answer_bearing,gsm8k_solution_frag
pairs_arith_v2.csv,9415,arithmetic,gsm8k_test_1052,train,retain,H2_same_template,gsmplus_numerical_substitution
pairs_arith_v2.csv,9416,arithmetic,gsm8k_test_1052,train,remove,C1_transformed,gsmplus_problem_understanding
pairs_arith_v2.csv,9417,arithmetic,gsm8k_test_1052,train,retain,H2_same_template,gsmplus_critical_thinking
pairs_arith_v2.csv,9418,arithmetic,gsm8k_test_1052,train,retain,H1_same_topic,svamp
pairs_arith_v2.csv,9419,arithmetic,gsm8k_test_1052,train,retain,H3_predating,asdiv
pairs_arith_v2.csv,9420,arithmetic,gsm8k_test_1052,train,retain,R_random,truthfulqa
pairs_arith_v2.csv,9439,arithmetic,gsm8k_test_1055,train,remove,C0_exact,gsm8k_copy
pairs_arith_v2.csv,9440,arithmetic,gsm8k_test_1055,train,remove,C1_transformed,lmsys_rephrase
pairs_arith_v2.csv,9441,arithmetic,gsm8k_test_1055,train,remove,C2_answer_bearing,gsm8k_solution_frag
pairs_arith_v2.csv,9442,arithmetic,gsm8k_test_1055,train,retain,H2_same_template,gsmplus_numerical_substitution
pairs_arith_v2.csv,9443,arithmetic,gsm8k_test_1055,train,remove,C1_transformed,gsmplus_problem_understanding
pairs_arith_v2.csv,9444,arithmetic,gsm8k_test_1055,train,retain,H2_same_template,gsmplus_critical_thinking
pairs_arith_v2.csv,9445,arithmetic,gsm8k_test_1055,train,retain,H1_same_topic,svamp
pairs_arith_v2.csv,9446,arithmetic,gsm8k_test_1055,train,retain,H3_predating,asdiv
pairs_arith_v2.csv,9447,arithmetic,gsm8k_test_1055,train,retain,R_random,truthfulqa
pairs_arith_v2.csv,9518,arithmetic,gsm8k_test_1064,train,remove,C0_exact,gsm8k_copy
pairs_arith_v2.csv,9519,arithmetic,gsm8k_test_1064,train,remove,C1_transformed,lmsys_rephrase
pairs_arith_v2.csv,9520,arithmetic,gsm8k_test_1064,train,remove,C2_answer_bearing,gsm8k_solution_frag
pairs_arith_v2.csv,9521,arithmetic,gsm8k_test_1064,train,retain,H2_same_template,gsmplus_numerical_substitution
pairs_arith_v2.csv,9522,arithmetic,gsm8k_test_1064,train,remove,C1_transformed,gsmplus_problem_understanding
pairs_arith_v2.csv,9523,arithmetic,gsm8k_test_1064,train,retain,H2_same_template,gsmplus_critical_thinking
pairs_arith_v2.csv,9524,arithmetic,gsm8k_test_1064,train,retain,H1_same_topic,svamp
pairs_arith_v2.csv,9525,arithmetic,gsm8k_test_1064,train,retain,H3_predating,asdiv
pairs_arith_v2.csv,9526,arithmetic,gsm8k_test_1064,train,retain,R_random,truthfulqa
pairs_arith_v2.csv,9527,arithmetic,gsm8k_test_1065,train,remove,C0_exact,gsm8k_copy
pairs_arith_v2.csv,9528,arithmetic,gsm8k_test_1065,train,remove,C1_transformed,lmsys_rephrase
pairs_arith_v2.csv,9529,arithmetic,gsm8k_test_1065,train,remove,C2_answer_bearing,gsm8k_solution_frag
pairs_arith_v2.csv,9530,arithmetic,gsm8k_test_1065,train,retain,H2_same_template,gsmplus_numerical_substitution
pairs_arith_v2.csv,9531,arithmetic,gsm8k_test_1065,train,remove,C1_transformed,gsmplus_problem_understanding
pairs_arith_v2.csv,9532,arithmetic,gsm8k_test_1065,train,retain,H2_same_template,gsmplus_critical_thinking
pairs_arith_v2.csv,9533,arithmetic,gsm8k_test_1065,train,retain,H1_same_topic,svamp
pairs_arith_v2.csv,9534,arithmetic,gsm8k_test_1065,train,retain,H3_predating,asdiv
pairs_arith_v2.csv,9535,arithmetic,gsm8k_test_1065,train,retain,R_random,truthfulqa
pairs_arith_v2.csv,9536,arithmetic,gsm8k_test_1066,train,remove,C0_exact,gsm8k_copy
pairs_arith_v2.csv,9537,arithmetic,gsm8k_test_1066,train,remove,C1_transformed,lmsys_rephrase
pairs_arith_v2.csv,9538,arithmetic,gsm8k_test_1066,train,remove,C2_answer_bearing,gsm8k_solution_frag
pairs_arith_v2.csv,9539,arithmetic,gsm8k_test_1066,train,retain,H2_same_template,gsmplus_numerical_substitution
pairs_arith_v2.csv,9540,arithmetic,gsm8k_test_1066,train,remove,C1_transformed,gsmplus_problem_understanding
pairs_arith_v2.csv,9541,arithmetic,gsm8k_test_1066,train,retain,H2_same_template,gsmplus_critical_thinking
pairs_arith_v2.csv,9542,arithmetic,gsm8k_test_1066,train,retain,H1_same_topic,svamp
pairs_arith_v2.csv,9543,arithmetic,gsm8k_test_1066,train,retain,H3_predating,asdiv
pairs_arith_v2.csv,9544,arithmetic,gsm8k_test_1066,train,retain,R_random,truthfulqa
pairs_arith_v2.csv,9563,arithmetic,gsm8k_test_1069,train,remove,C0_exact,gsm8k_copy
pairs_arith_v2.csv,9564,arithmetic,gsm8k_test_1069,train,remove,C1_transformed,lmsys_rephrase
pairs_arith_v2.csv,9565,arithmetic,gsm8k_test_1069,train,remove,C2_answer_bearing,gsm8k_solution_frag
pairs_arith_v2.csv,9566,arithmetic,gsm8k_test_1069,train,remove,C1_transformed,gsmplus_problem_understanding
pairs_arith_v2.csv,9567,arithmetic,gsm8k_test_1069,train,retain,H2_same_template,gsmplus_critical_thinking
pairs_arith_v2.csv,9568,arithmetic,gsm8k_test_1069,train,retain,H1_same_topic,svamp
pairs_arith_v2.csv,9569,arithmetic,gsm8k_test_1069,train,retain,H3_predating,asdiv
pairs_arith_v2.csv,9570,arithmetic,gsm8k_test_1069,train,retain,R_random,truthfulqa
pairs_arith_v2.csv,9571,arithmetic,gsm8k_test_1070,train,remove,C0_exact,gsm8k_copy
pairs_arith_v2.csv,9572,arithmetic,gsm8k_test_1070,train,remove,C1_transformed,lmsys_rephrase
pairs_arith_v2.csv,9573,arithmetic,gsm8k_test_1070,train,remove,C2_answer_bearing,gsm8k_solution_frag
pairs_arith_v2.csv,9574,arithmetic,gsm8k_test_1070,train,retain,H2_same_template,gsmplus_numerical_substitution
pairs_arith_v2.csv,9575,arithmetic,gsm8k_test_1070,train,remove,C1_transformed,gsmplus_problem_understanding
pairs_arith_v2.csv,9576,arithmetic,gsm8k_test_1070,train,retain,H2_same_template,gsmplus_critical_thinking
pairs_arith_v2.csv,9577,arithmetic,gsm8k_test_1070,train,retain,H1_same_topic,svamp
pairs_arith_v2.csv,9578,arithmetic,gsm8k_test_1070,train,retain,H3_predating,asdiv
pairs_arith_v2.csv,9579,arithmetic,gsm8k_test_1070,train,retain,R_random,truthfulqa
pairs_arith_v2.csv,9580,arithmetic,gsm8k_test_1071,train,remove,C0_exact,gsm8k_copy
pairs_arith_v2.csv,9581,arithmetic,gsm8k_test_1071,train,remove,C1_transformed,lmsys_rephrase
pairs_arith_v2.csv,9582,arithmetic,gsm8k_test_1071,train,remove,C2_answer_bearing,gsm8k_solution_frag
pairs_arith_v2.csv,9583,arithmetic,gsm8k_test_1071,train,retain,H2_same_template,gsmplus_numerical_substitution
pairs_arith_v2.csv,9584,arithmetic,gsm8k_test_1071,train,remove,C1_transformed,gsmplus_problem_understanding
pairs_arith_v2.csv,9585,arithmetic,gsm8k_test_1071,train,retain,H2_same_template,gsmplus_critical_thinking
pairs_arith_v2.csv,9586,arithmetic,gsm8k_test_1071,train,retain,H1_same_topic,svamp
pairs_arith_v2.csv,9587,arithmetic,gsm8k_test_1071,train,retain,H3_predating,asdiv
pairs_arith_v2.csv,9588,arithmetic,gsm8k_test_1071,train,retain,R_random,truthfulqa
pairs_arith_v2.csv,9607,arithmetic,gsm8k_test_1074,train,remove,C0_exact,gsm8k_copy
pairs_arith_v2.csv,9608,arithmetic,gsm8k_test_1074,train,remove,C1_transformed,lmsys_rephrase
pairs_arith_v2.csv,9609,arithmetic,gsm8k_test_1074,train,remove,C2_answer_bearing,gsm8k_solution_frag
pairs_arith_v2.csv,9610,arithmetic,gsm8k_test_1074,train,retain,H2_same_template,gsmplus_numerical_substitution
pairs_arith_v2.csv,9611,arithmetic,gsm8k_test_1074,train,remove,C1_transformed,gsmplus_problem_understanding
pairs_arith_v2.csv,9612,arithmetic,gsm8k_test_1074,train,retain,H2_same_template,gsmplus_critical_thinking
pairs_arith_v2.csv,9613,arithmetic,gsm8k_test_1074,train,retain,H1_same_topic,svamp
pairs_arith_v2.csv,9614,arithmetic,gsm8k_test_1074,train,retain,H3_predating,asdiv
pairs_arith_v2.csv,9615,arithmetic,gsm8k_test_1074,train,retain,R_random,truthfulqa
pairs_arith_v2.csv,9634,arithmetic,gsm8k_test_1077,train,remove,C0_exact,gsm8k_copy
pairs_arith_v2.csv,9635,arithmetic,gsm8k_test_1077,train,remove,C1_transformed,lmsys_rephrase
pairs_arith_v2.csv,9636,arithmetic,gsm8k_test_1077,train,remove,C2_answer_bearing,gsm8k_solution_frag
pairs_arith_v2.csv,9637,arithmetic,gsm8k_test_1077,train,retain,H2_same_template,gsmplus_numerical_substitution
pairs_arith_v2.csv,9638,arithmetic,gsm8k_test_1077,train,remove,C1_transformed,gsmplus_problem_understanding
pairs_arith_v2.csv,9639,arithmetic,gsm8k_test_1077,train,retain,H2_same_template,gsmplus_critical_thinking
pairs_arith_v2.csv,9640,arithmetic,gsm8k_test_1077,train,retain,H1_same_topic,svamp
pairs_arith_v2.csv,9641,arithmetic,gsm8k_test_1077,train,retain,H3_predating,asdiv
pairs_arith_v2.csv,9642,arithmetic,gsm8k_test_1077,train,retain,R_random,truthfulqa
pairs_arith_v2.csv,9670,arithmetic,gsm8k_test_1081,train,remove,C0_exact,gsm8k_copy
pairs_arith_v2.csv,9671,arithmetic,gsm8k_test_1081,train,remove,C1_transformed,lmsys_rephrase
pairs_arith_v2.csv,9672,arithmetic,gsm8k_test_1081,train,remove,C2_answer_bearing,gsm8k_solution_frag
pairs_arith_v2.csv,9673,arithmetic,gsm8k_test_1081,train,retain,H2_same_template,gsmplus_numerical_substitution
pairs_arith_v2.csv,9674,arithmetic,gsm8k_test_1081,train,remove,C1_transformed,gsmplus_problem_understanding
pairs_arith_v2.csv,9675,arithmetic,gsm8k_test_1081,train,retain,H2_same_template,gsmplus_critical_thinking
pairs_arith_v2.csv,9676,arithmetic,gsm8k_test_1081,train,retain,H1_same_topic,svamp
pairs_arith_v2.csv,9677,arithmetic,gsm8k_test_1081,train,retain,H3_predating,asdiv
pairs_arith_v2.csv,9678,arithmetic,gsm8k_test_1081,train,retain,R_random,truthfulqa
pairs_arith_v2.csv,9679,arithmetic,gsm8k_test_1082,train,remove,C0_exact,gsm8k_copy
pairs_arith_v2.csv,9680,arithmetic,gsm8k_test_1082,train,remove,C1_transformed,lmsys_rephrase
pairs_arith_v2.csv,9681,arithmetic,gsm8k_test_1082,train,remove,C2_answer_bearing,gsm8k_solution_frag
pairs_arith_v2.csv,9682,arithmetic,gsm8k_test_1082,train,retain,H2_same_template,gsmplus_numerical_substitution
pairs_arith_v2.csv,9683,arithmetic,gsm8k_test_1082,train,remove,C1_transformed,gsmplus_problem_understanding
pairs_arith_v2.csv,9684,arithmetic,gsm8k_test_1082,train,retain,H2_same_template,gsmplus_critical_thinking
pairs_arith_v2.csv,9685,arithmetic,gsm8k_test_1082,train,retain,H1_same_topic,svamp
pairs_arith_v2.csv,9686,arithmetic,gsm8k_test_1082,train,retain,H3_predating,asdiv
pairs_arith_v2.csv,9687,arithmetic,gsm8k_test_1082,train,retain,R_random,truthfulqa
pairs_arith_v2.csv,9706,arithmetic,gsm8k_test_1085,train,remove,C0_exact,gsm8k_copy
pairs_arith_v2.csv,9707,arithmetic,gsm8k_test_1085,train,remove,C1_transformed,lmsys_rephrase
pairs_arith_v2.csv,9708,arithmetic,gsm8k_test_1085,train,remove,C2_answer_bearing,gsm8k_solution_frag
pairs_arith_v2.csv,9709,arithmetic,gsm8k_test_1085,train,retain,H2_same_template,gsmplus_numerical_substitution
pairs_arith_v2.csv,9710,arithmetic,gsm8k_test_1085,train,remove,C1_transformed,gsmplus_problem_understanding
pairs_arith_v2.csv,9711,arithmetic,gsm8k_test_1085,train,retain,H2_same_template,gsmplus_critical_thinking
pairs_arith_v2.csv,9712,arithmetic,gsm8k_test_1085,train,retain,H1_same_topic,svamp
pairs_arith_v2.csv,9713,arithmetic,gsm8k_test_1085,train,retain,H3_predating,asdiv
pairs_arith_v2.csv,9714,arithmetic,gsm8k_test_1085,train,retain,R_random,truthfulqa
pairs_arith_v2.csv,9715,arithmetic,gsm8k_test_1086,train,remove,C0_exact,gsm8k_copy
pairs_arith_v2.csv,9716,arithmetic,gsm8k_test_1086,train,remove,C1_transformed,lmsys_rephrase
pairs_arith_v2.csv,9717,arithmetic,gsm8k_test_1086,train,remove,C2_answer_bearing,gsm8k_solution_frag
pairs_arith_v2.csv,9718,arithmetic,gsm8k_test_1086,train,retain,H2_same_template,gsmplus_numerical_substitution
pairs_arith_v2.csv,9719,arithmetic,gsm8k_test_1086,train,remove,C1_transformed,gsmplus_problem_understanding
pairs_arith_v2.csv,9720,arithmetic,gsm8k_test_1086,train,retain,H2_same_template,gsmplus_critical_thinking
pairs_arith_v2.csv,9721,arithmetic,gsm8k_test_1086,train,retain,H1_same_topic,svamp
pairs_arith_v2.csv,9722,arithmetic,gsm8k_test_1086,train,retain,H3_predating,asdiv
pairs_arith_v2.csv,9723,arithmetic,gsm8k_test_1086,train,retain,R_random,truthfulqa
pairs_arith_v2.csv,9760,arithmetic,gsm8k_test_1091,train,remove,C0_exact,gsm8k_copy
pairs_arith_v2.csv,9761,arithmetic,gsm8k_test_1091,train,remove,C1_transformed,lmsys_rephrase
pairs_arith_v2.csv,9762,arithmetic,gsm8k_test_1091,train,remove,C2_answer_bearing,gsm8k_solution_frag
pairs_arith_v2.csv,9763,arithmetic,gsm8k_test_1091,train,retain,H2_same_template,gsmplus_numerical_substitution
pairs_arith_v2.csv,9764,arithmetic,gsm8k_test_1091,train,remove,C1_transformed,gsmplus_problem_understanding
pairs_arith_v2.csv,9765,arithmetic,gsm8k_test_1091,train,retain,H2_same_template,gsmplus_critical_thinking
pairs_arith_v2.csv,9766,arithmetic,gsm8k_test_1091,train,retain,H1_same_topic,svamp
pairs_arith_v2.csv,9767,arithmetic,gsm8k_test_1091,train,retain,H3_predating,asdiv
pairs_arith_v2.csv,9768,arithmetic,gsm8k_test_1091,train,retain,R_random,truthfulqa
pairs_arith_v2.csv,9769,arithmetic,gsm8k_test_1092,train,remove,C0_exact,gsm8k_copy
pairs_arith_v2.csv,9770,arithmetic,gsm8k_test_1092,train,remove,C1_transformed,lmsys_rephrase
pairs_arith_v2.csv,9771,arithmetic,gsm8k_test_1092,train,remove,C2_answer_bearing,gsm8k_solution_frag
pairs_arith_v2.csv,9772,arithmetic,gsm8k_test_1092,train,retain,H2_same_template,gsmplus_numerical_substitution
pairs_arith_v2.csv,9773,arithmetic,gsm8k_test_1092,train,remove,C1_transformed,gsmplus_problem_understanding
pairs_arith_v2.csv,9774,arithmetic,gsm8k_test_1092,train,retain,H2_same_template,gsmplus_critical_thinking
pairs_arith_v2.csv,9775,arithmetic,gsm8k_test_1092,train,retain,H1_same_topic,svamp
pairs_arith_v2.csv,9776,arithmetic,gsm8k_test_1092,train,retain,H3_predating,asdiv
pairs_arith_v2.csv,9777,arithmetic,gsm8k_test_1092,train,retain,R_random,truthfulqa
pairs_arith_v2.csv,9787,arithmetic,gsm8k_test_1094,train,remove,C0_exact,gsm8k_copy
pairs_arith_v2.csv,9788,arithmetic,gsm8k_test_1094,train,remove,C1_transformed,lmsys_rephrase
pairs_arith_v2.csv,9789,arithmetic,gsm8k_test_1094,train,remove,C2_answer_bearing,gsm8k_solution_frag
pairs_arith_v2.csv,9790,arithmetic,gsm8k_test_1094,train,retain,H2_same_template,gsmplus_numerical_substitution
pairs_arith_v2.csv,9791,arithmetic,gsm8k_test_1094,train,remove,C1_transformed,gsmplus_problem_understanding
pairs_arith_v2.csv,9792,arithmetic,gsm8k_test_1094,train,retain,H2_same_template,gsmplus_critical_thinking
pairs_arith_v2.csv,9793,arithmetic,gsm8k_test_1094,train,retain,H1_same_topic,svamp
pairs_arith_v2.csv,9794,arithmetic,gsm8k_test_1094,train,retain,H3_predating,asdiv
pairs_arith_v2.csv,9795,arithmetic,gsm8k_test_1094,train,retain,R_random,truthfulqa
pairs_arith_v2.csv,9796,arithmetic,gsm8k_test_1095,train,remove,C0_exact,gsm8k_copy
pairs_arith_v2.csv,9797,arithmetic,gsm8k_test_1095,train,remove,C1_transformed,lmsys_rephrase
pairs_arith_v2.csv,9798,arithmetic,gsm8k_test_1095,train,remove,C2_answer_bearing,gsm8k_solution_frag
pairs_arith_v2.csv,9799,arithmetic,gsm8k_test_1095,train,retain,H2_same_template,gsmplus_numerical_substitution
pairs_arith_v2.csv,9800,arithmetic,gsm8k_test_1095,train,remove,C1_transformed,gsmplus_problem_understanding
pairs_arith_v2.csv,9801,arithmetic,gsm8k_test_1095,train,retain,H2_same_template,gsmplus_critical_thinking
pairs_arith_v2.csv,9802,arithmetic,gsm8k_test_1095,train,retain,H1_same_topic,svamp
pairs_arith_v2.csv,9803,arithmetic,gsm8k_test_1095,train,retain,H3_predating,asdiv
pairs_arith_v2.csv,9804,arithmetic,gsm8k_test_1095,train,retain,R_random,truthfulqa
pairs_arith_v2.csv,9823,arithmetic,gsm8k_test_1098,train,remove,C0_exact,gsm8k_copy
pairs_arith_v2.csv,9824,arithmetic,gsm8k_test_1098,train,remove,C1_transformed,lmsys_rephrase
pairs_arith_v2.csv,9825,arithmetic,gsm8k_test_1098,train,remove,C2_answer_bearing,gsm8k_solution_frag
pairs_arith_v2.csv,9826,arithmetic,gsm8k_test_1098,train,retain,H2_same_template,gsmplus_numerical_substitution
pairs_arith_v2.csv,9827,arithmetic,gsm8k_test_1098,train,remove,C1_transformed,gsmplus_problem_understanding
pairs_arith_v2.csv,9828,arithmetic,gsm8k_test_1098,train,retain,H2_same_template,gsmplus_critical_thinking
pairs_arith_v2.csv,9829,arithmetic,gsm8k_test_1098,train,retain,H1_same_topic,svamp
pairs_arith_v2.csv,9830,arithmetic,gsm8k_test_1098,train,retain,H3_predating,asdiv
pairs_arith_v2.csv,9831,arithmetic,gsm8k_test_1098,train,retain,R_random,truthfulqa
pairs_arith_v2.csv,9832,arithmetic,gsm8k_test_1099,train,remove,C0_exact,gsm8k_copy
pairs_arith_v2.csv,9833,arithmetic,gsm8k_test_1099,train,remove,C1_transformed,lmsys_rephrase
pairs_arith_v2.csv,9834,arithmetic,gsm8k_test_1099,train,remove,C2_answer_bearing,gsm8k_solution_frag
pairs_arith_v2.csv,9835,arithmetic,gsm8k_test_1099,train,retain,H2_same_template,gsmplus_numerical_substitution
pairs_arith_v2.csv,9836,arithmetic,gsm8k_test_1099,train,remove,C1_transformed,gsmplus_problem_understanding
pairs_arith_v2.csv,9837,arithmetic,gsm8k_test_1099,train,retain,H2_same_template,gsmplus_critical_thinking
pairs_arith_v2.csv,9838,arithmetic,gsm8k_test_1099,train,retain,H1_same_topic,svamp
pairs_arith_v2.csv,9839,arithmetic,gsm8k_test_1099,train,retain,H3_predating,asdiv
pairs_arith_v2.csv,9840,arithmetic,gsm8k_test_1099,train,retain,R_random,truthfulqa
pairs_arith_v2.csv,9841,arithmetic,gsm8k_test_1100,train,remove,C0_exact,gsm8k_copy
pairs_arith_v2.csv,9842,arithmetic,gsm8k_test_1100,train,remove,C1_transformed,lmsys_rephrase
pairs_arith_v2.csv,9843,arithmetic,gsm8k_test_1100,train,remove,C2_answer_bearing,gsm8k_solution_frag
pairs_arith_v2.csv,9844,arithmetic,gsm8k_test_1100,train,retain,H2_same_template,gsmplus_numerical_substitution
pairs_arith_v2.csv,9845,arithmetic,gsm8k_test_1100,train,remove,C1_transformed,gsmplus_problem_understanding
pairs_arith_v2.csv,9846,arithmetic,gsm8k_test_1100,train,retain,H2_same_template,gsmplus_critical_thinking
pairs_arith_v2.csv,9847,arithmetic,gsm8k_test_1100,train,retain,H1_same_topic,svamp
pairs_arith_v2.csv,9848,arithmetic,gsm8k_test_1100,train,retain,H3_predating,asdiv
pairs_arith_v2.csv,9849,arithmetic,gsm8k_test_1100,train,retain,R_random,truthfulqa
pairs_arith_v2.csv,9859,arithmetic,gsm8k_test_1102,train,remove,C0_exact,gsm8k_copy
pairs_arith_v2.csv,9860,arithmetic,gsm8k_test_1102,train,remove,C1_transformed,lmsys_rephrase
pairs_arith_v2.csv,9861,arithmetic,gsm8k_test_1102,train,remove,C2_answer_bearing,gsm8k_solution_frag
pairs_arith_v2.csv,9862,arithmetic,gsm8k_test_1102,train,retain,H2_same_template,gsmplus_numerical_substitution
pairs_arith_v2.csv,9863,arithmetic,gsm8k_test_1102,train,remove,C1_transformed,gsmplus_problem_understanding
pairs_arith_v2.csv,9864,arithmetic,gsm8k_test_1102,train,retain,H2_same_template,gsmplus_critical_thinking
pairs_arith_v2.csv,9865,arithmetic,gsm8k_test_1102,train,retain,H1_same_topic,svamp
pairs_arith_v2.csv,9866,arithmetic,gsm8k_test_1102,train,retain,H3_predating,asdiv
pairs_arith_v2.csv,9867,arithmetic,gsm8k_test_1102,train,retain,R_random,truthfulqa
pairs_arith_v2.csv,9868,arithmetic,gsm8k_test_1103,train,remove,C0_exact,gsm8k_copy
pairs_arith_v2.csv,9869,arithmetic,gsm8k_test_1103,train,remove,C1_transformed,lmsys_rephrase
pairs_arith_v2.csv,9870,arithmetic,gsm8k_test_1103,train,remove,C2_answer_bearing,gsm8k_solution_frag
pairs_arith_v2.csv,9871,arithmetic,gsm8k_test_1103,train,retain,H2_same_template,gsmplus_numerical_substitution
pairs_arith_v2.csv,9872,arithmetic,gsm8k_test_1103,train,remove,C1_transformed,gsmplus_problem_understanding
pairs_arith_v2.csv,9873,arithmetic,gsm8k_test_1103,train,retain,H2_same_template,gsmplus_critical_thinking
pairs_arith_v2.csv,9874,arithmetic,gsm8k_test_1103,train,retain,H1_same_topic,svamp
pairs_arith_v2.csv,9875,arithmetic,gsm8k_test_1103,train,retain,H3_predating,asdiv
pairs_arith_v2.csv,9876,arithmetic,gsm8k_test_1103,train,retain,R_random,truthfulqa
pairs_arith_v2.csv,9886,arithmetic,gsm8k_test_1105,train,remove,C0_exact,gsm8k_copy
pairs_arith_v2.csv,9887,arithmetic,gsm8k_test_1105,train,remove,C1_transformed,lmsys_rephrase
pairs_arith_v2.csv,9888,arithmetic,gsm8k_test_1105,train,remove,C2_answer_bearing,gsm8k_solution_frag
pairs_arith_v2.csv,9889,arithmetic,gsm8k_test_1105,train,retain,H2_same_template,gsmplus_numerical_substitution
pairs_arith_v2.csv,9890,arithmetic,gsm8k_test_1105,train,remove,C1_transformed,gsmplus_problem_understanding
pairs_arith_v2.csv,9891,arithmetic,gsm8k_test_1105,train,retain,H2_same_template,gsmplus_critical_thinking
pairs_arith_v2.csv,9892,arithmetic,gsm8k_test_1105,train,retain,H1_same_topic,svamp
pairs_arith_v2.csv,9893,arithmetic,gsm8k_test_1105,train,retain,H3_predating,asdiv
pairs_arith_v2.csv,9894,arithmetic,gsm8k_test_1105,train,retain,R_random,truthfulqa
pairs_arith_v2.csv,9895,arithmetic,gsm8k_test_1106,train,remove,C0_exact,gsm8k_copy
pairs_arith_v2.csv,9896,arithmetic,gsm8k_test_1106,train,remove,C1_transformed,lmsys_rephrase
pairs_arith_v2.csv,9897,arithmetic,gsm8k_test_1106,train,remove,C2_answer_bearing,gsm8k_solution_frag
pairs_arith_v2.csv,9898,arithmetic,gsm8k_test_1106,train,retain,H2_same_template,gsmplus_numerical_substitution
pairs_arith_v2.csv,9899,arithmetic,gsm8k_test_1106,train,remove,C1_transformed,gsmplus_problem_understanding
pairs_arith_v2.csv,9900,arithmetic,gsm8k_test_1106,train,retain,H2_same_template,gsmplus_critical_thinking
pairs_arith_v2.csv,9901,arithmetic,gsm8k_test_1106,train,retain,H1_same_topic,svamp
pairs_arith_v2.csv,9902,arithmetic,gsm8k_test_1106,train,retain,H3_predating,asdiv
pairs_arith_v2.csv,9903,arithmetic,gsm8k_test_1106,train,retain,R_random,truthfulqa
pairs_arith_v2.csv,9904,arithmetic,gsm8k_test_1107,train,remove,C0_exact,gsm8k_copy
pairs_arith_v2.csv,9905,arithmetic,gsm8k_test_1107,train,remove,C1_transformed,lmsys_rephrase
pairs_arith_v2.csv,9906,arithmetic,gsm8k_test_1107,train,remove,C2_answer_bearing,gsm8k_solution_frag
pairs_arith_v2.csv,9907,arithmetic,gsm8k_test_1107,train,retain,H2_same_template,gsmplus_numerical_substitution
pairs_arith_v2.csv,9908,arithmetic,gsm8k_test_1107,train,remove,C1_transformed,gsmplus_problem_understanding
pairs_arith_v2.csv,9909,arithmetic,gsm8k_test_1107,train,retain,H2_same_template,gsmplus_critical_thinking
pairs_arith_v2.csv,9910,arithmetic,gsm8k_test_1107,train,retain,H1_same_topic,svamp
pairs_arith_v2.csv,9911,arithmetic,gsm8k_test_1107,train,retain,H3_predating,asdiv
pairs_arith_v2.csv,9912,arithmetic,gsm8k_test_1107,train,retain,R_random,truthfulqa
pairs_arith_v2.csv,9930,arithmetic,gsm8k_test_1110,train,remove,C0_exact,gsm8k_copy
pairs_arith_v2.csv,9931,arithmetic,gsm8k_test_1110,train,remove,C1_transformed,lmsys_rephrase
pairs_arith_v2.csv,9932,arithmetic,gsm8k_test_1110,train,remove,C2_answer_bearing,gsm8k_solution_frag
pairs_arith_v2.csv,9933,arithmetic,gsm8k_test_1110,train,retain,H2_same_template,gsmplus_numerical_substitution
pairs_arith_v2.csv,9934,arithmetic,gsm8k_test_1110,train,remove,C1_transformed,gsmplus_problem_understanding
pairs_arith_v2.csv,9935,arithmetic,gsm8k_test_1110,train,retain,H2_same_template,gsmplus_critical_thinking
pairs_arith_v2.csv,9936,arithmetic,gsm8k_test_1110,train,retain,H1_same_topic,svamp
pairs_arith_v2.csv,9937,arithmetic,gsm8k_test_1110,train,retain,H3_predating,asdiv
pairs_arith_v2.csv,9938,arithmetic,gsm8k_test_1110,train,retain,R_random,truthfulqa
pairs_arith_v2.csv,9957,arithmetic,gsm8k_test_1113,train,remove,C0_exact,gsm8k_copy
pairs_arith_v2.csv,9958,arithmetic,gsm8k_test_1113,train,remove,C1_transformed,lmsys_rephrase
pairs_arith_v2.csv,9959,arithmetic,gsm8k_test_1113,train,remove,C2_answer_bearing,gsm8k_solution_frag
pairs_arith_v2.csv,9960,arithmetic,gsm8k_test_1113,train,retain,H2_same_template,gsmplus_numerical_substitution
pairs_arith_v2.csv,9961,arithmetic,gsm8k_test_1113,train,remove,C1_transformed,gsmplus_problem_understanding
pairs_arith_v2.csv,9962,arithmetic,gsm8k_test_1113,train,retain,H2_same_template,gsmplus_critical_thinking
pairs_arith_v2.csv,9963,arithmetic,gsm8k_test_1113,train,retain,H1_same_topic,svamp
pairs_arith_v2.csv,9964,arithmetic,gsm8k_test_1113,train,retain,H3_predating,asdiv
pairs_arith_v2.csv,9965,arithmetic,gsm8k_test_1113,train,retain,R_random,truthfulqa
pairs_arith_v2.csv,9975,arithmetic,gsm8k_test_1115,train,remove,C0_exact,gsm8k_copy
pairs_arith_v2.csv,9976,arithmetic,gsm8k_test_1115,train,remove,C1_transformed,lmsys_rephrase
pairs_arith_v2.csv,9977,arithmetic,gsm8k_test_1115,train,remove,C2_answer_bearing,gsm8k_solution_frag
pairs_arith_v2.csv,9978,arithmetic,gsm8k_test_1115,train,retain,H2_same_template,gsmplus_numerical_substitution
pairs_arith_v2.csv,9979,arithmetic,gsm8k_test_1115,train,remove,C1_transformed,gsmplus_problem_understanding
pairs_arith_v2.csv,9980,arithmetic,gsm8k_test_1115,train,retain,H2_same_template,gsmplus_critical_thinking
pairs_arith_v2.csv,9981,arithmetic,gsm8k_test_1115,train,retain,H1_same_topic,svamp
pairs_arith_v2.csv,9982,arithmetic,gsm8k_test_1115,train,retain,H3_predating,asdiv
pairs_arith_v2.csv,9983,arithmetic,gsm8k_test_1115,train,retain,R_random,truthfulqa
pairs_arith_v2.csv,9984,arithmetic,gsm8k_test_1116,train,remove,C0_exact,gsm8k_copy
pairs_arith_v2.csv,9985,arithmetic,gsm8k_test_1116,train,remove,C1_transformed,lmsys_rephrase
pairs_arith_v2.csv,9986,arithmetic,gsm8k_test_1116,train,remove,C2_answer_bearing,gsm8k_solution_frag
pairs_arith_v2.csv,9987,arithmetic,gsm8k_test_1116,train,retain,H2_same_template,gsmplus_numerical_substitution
pairs_arith_v2.csv,9988,arithmetic,gsm8k_test_1116,train,remove,C1_transformed,gsmplus_problem_understanding
pairs_arith_v2.csv,9989,arithmetic,gsm8k_test_1116,train,retain,H2_same_template,gsmplus_critical_thinking
pairs_arith_v2.csv,9990,arithmetic,gsm8k_test_1116,train,retain,H1_same_topic,svamp
pairs_arith_v2.csv,9991,arithmetic,gsm8k_test_1116,train,retain,H3_predating,asdiv
pairs_arith_v2.csv,9992,arithmetic,gsm8k_test_1116,train,retain,R_random,truthfulqa
pairs_arith_v2.csv,10010,arithmetic,gsm8k_test_1119,train,remove,C0_exact,gsm8k_copy
pairs_arith_v2.csv,10011,arithmetic,gsm8k_test_1119,train,remove,C1_transformed,lmsys_rephrase
pairs_arith_v2.csv,10012,arithmetic,gsm8k_test_1119,train,remove,C2_answer_bearing,gsm8k_solution_frag
pairs_arith_v2.csv,10013,arithmetic,gsm8k_test_1119,train,retain,H2_same_template,gsmplus_numerical_substitution
pairs_arith_v2.csv,10014,arithmetic,gsm8k_test_1119,train,remove,C1_transformed,gsmplus_problem_understanding
pairs_arith_v2.csv,10015,arithmetic,gsm8k_test_1119,train,retain,H2_same_template,gsmplus_critical_thinking
pairs_arith_v2.csv,10016,arithmetic,gsm8k_test_1119,train,retain,H1_same_topic,svamp
pairs_arith_v2.csv,10017,arithmetic,gsm8k_test_1119,train,retain,H3_predating,asdiv
pairs_arith_v2.csv,10018,arithmetic,gsm8k_test_1119,train,retain,R_random,truthfulqa
pairs_arith_v2.csv,10028,arithmetic,gsm8k_test_1121,train,remove,C0_exact,gsm8k_copy
pairs_arith_v2.csv,10029,arithmetic,gsm8k_test_1121,train,remove,C1_transformed,lmsys_rephrase
pairs_arith_v2.csv,10030,arithmetic,gsm8k_test_1121,train,remove,C2_answer_bearing,gsm8k_solution_frag
pairs_arith_v2.csv,10031,arithmetic,gsm8k_test_1121,train,retain,H2_same_template,gsmplus_numerical_substitution
pairs_arith_v2.csv,10032,arithmetic,gsm8k_test_1121,train,remove,C1_transformed,gsmplus_problem_understanding
pairs_arith_v2.csv,10033,arithmetic,gsm8k_test_1121,train,retain,H2_same_template,gsmplus_critical_thinking
pairs_arith_v2.csv,10034,arithmetic,gsm8k_test_1121,train,retain,H1_same_topic,svamp
pairs_arith_v2.csv,10035,arithmetic,gsm8k_test_1121,train,retain,H3_predating,asdiv
pairs_arith_v2.csv,10036,arithmetic,gsm8k_test_1121,train,retain,R_random,truthfulqa
pairs_arith_v2.csv,10046,arithmetic,gsm8k_test_1123,train,remove,C0_exact,gsm8k_copy
pairs_arith_v2.csv,10047,arithmetic,gsm8k_test_1123,train,remove,C1_transformed,lmsys_rephrase
pairs_arith_v2.csv,10048,arithmetic,gsm8k_test_1123,train,remove,C2_answer_bearing,gsm8k_solution_frag
pairs_arith_v2.csv,10049,arithmetic,gsm8k_test_1123,train,retain,H2_same_template,gsmplus_numerical_substitution
pairs_arith_v2.csv,10050,arithmetic,gsm8k_test_1123,train,remove,C1_transformed,gsmplus_problem_understanding
pairs_arith_v2.csv,10051,arithmetic,gsm8k_test_1123,train,retain,H2_same_template,gsmplus_critical_thinking
pairs_arith_v2.csv,10052,arithmetic,gsm8k_test_1123,train,retain,H1_same_topic,svamp
pairs_arith_v2.csv,10053,arithmetic,gsm8k_test_1123,train,retain,H3_predating,asdiv
pairs_arith_v2.csv,10054,arithmetic,gsm8k_test_1123,train,retain,R_random,truthfulqa
pairs_arith_v2.csv,10099,arithmetic,gsm8k_test_1129,train,remove,C0_exact,gsm8k_copy
pairs_arith_v2.csv,10100,arithmetic,gsm8k_test_1129,train,remove,C1_transformed,lmsys_rephrase
pairs_arith_v2.csv,10101,arithmetic,gsm8k_test_1129,train,remove,C2_answer_bearing,gsm8k_solution_frag
pairs_arith_v2.csv,10102,arithmetic,gsm8k_test_1129,train,retain,H2_same_template,gsmplus_numerical_substitution
pairs_arith_v2.csv,10103,arithmetic,gsm8k_test_1129,train,remove,C1_transformed,gsmplus_problem_understanding
pairs_arith_v2.csv,10104,arithmetic,gsm8k_test_1129,train,retain,H2_same_template,gsmplus_critical_thinking
pairs_arith_v2.csv,10105,arithmetic,gsm8k_test_1129,train,retain,H1_same_topic,svamp
pairs_arith_v2.csv,10106,arithmetic,gsm8k_test_1129,train,retain,H3_predating,asdiv
pairs_arith_v2.csv,10107,arithmetic,gsm8k_test_1129,train,retain,R_random,truthfulqa
pairs_arith_v2.csv,10117,arithmetic,gsm8k_test_1131,train,remove,C0_exact,gsm8k_copy
pairs_arith_v2.csv,10118,arithmetic,gsm8k_test_1131,train,remove,C1_transformed,lmsys_rephrase
pairs_arith_v2.csv,10119,arithmetic,gsm8k_test_1131,train,remove,C2_answer_bearing,gsm8k_solution_frag
pairs_arith_v2.csv,10120,arithmetic,gsm8k_test_1131,train,retain,H2_same_template,gsmplus_numerical_substitution
pairs_arith_v2.csv,10121,arithmetic,gsm8k_test_1131,train,remove,C1_transformed,gsmplus_problem_understanding
pairs_arith_v2.csv,10122,arithmetic,gsm8k_test_1131,train,retain,H2_same_template,gsmplus_critical_thinking
pairs_arith_v2.csv,10123,arithmetic,gsm8k_test_1131,train,retain,H1_same_topic,svamp
pairs_arith_v2.csv,10124,arithmetic,gsm8k_test_1131,train,retain,H3_predating,asdiv
pairs_arith_v2.csv,10125,arithmetic,gsm8k_test_1131,train,retain,R_random,truthfulqa
pairs_arith_v2.csv,10144,arithmetic,gsm8k_test_1134,train,remove,C0_exact,gsm8k_copy
pairs_arith_v2.csv,10145,arithmetic,gsm8k_test_1134,train,remove,C1_transformed,lmsys_rephrase
pairs_arith_v2.csv,10146,arithmetic,gsm8k_test_1134,train,remove,C2_answer_bearing,gsm8k_solution_frag
pairs_arith_v2.csv,10147,arithmetic,gsm8k_test_1134,train,retain,H2_same_template,gsmplus_numerical_substitution
pairs_arith_v2.csv,10148,arithmetic,gsm8k_test_1134,train,remove,C1_transformed,gsmplus_problem_understanding
pairs_arith_v2.csv,10149,arithmetic,gsm8k_test_1134,train,retain,H2_same_template,gsmplus_critical_thinking
pairs_arith_v2.csv,10150,arithmetic,gsm8k_test_1134,train,retain,H1_same_topic,svamp
pairs_arith_v2.csv,10151,arithmetic,gsm8k_test_1134,train,retain,H3_predating,asdiv
pairs_arith_v2.csv,10152,arithmetic,gsm8k_test_1134,train,retain,R_random,truthfulqa
pairs_arith_v2.csv,10153,arithmetic,gsm8k_test_1135,train,remove,C0_exact,gsm8k_copy
pairs_arith_v2.csv,10154,arithmetic,gsm8k_test_1135,train,remove,C1_transformed,lmsys_rephrase
pairs_arith_v2.csv,10155,arithmetic,gsm8k_test_1135,train,remove,C2_answer_bearing,gsm8k_solution_frag
pairs_arith_v2.csv,10156,arithmetic,gsm8k_test_1135,train,retain,H2_same_template,gsmplus_numerical_substitution
pairs_arith_v2.csv,10157,arithmetic,gsm8k_test_1135,train,remove,C1_transformed,gsmplus_problem_understanding
pairs_arith_v2.csv,10158,arithmetic,gsm8k_test_1135,train,retain,H2_same_template,gsmplus_critical_thinking
pairs_arith_v2.csv,10159,arithmetic,gsm8k_test_1135,train,retain,H1_same_topic,svamp
pairs_arith_v2.csv,10160,arithmetic,gsm8k_test_1135,train,retain,H3_predating,asdiv
pairs_arith_v2.csv,10161,arithmetic,gsm8k_test_1135,train,retain,R_random,truthfulqa
pairs_arith_v2.csv,10162,arithmetic,gsm8k_test_1136,train,remove,C0_exact,gsm8k_copy
pairs_arith_v2.csv,10163,arithmetic,gsm8k_test_1136,train,remove,C1_transformed,lmsys_rephrase
pairs_arith_v2.csv,10164,arithmetic,gsm8k_test_1136,train,remove,C2_answer_bearing,gsm8k_solution_frag
pairs_arith_v2.csv,10165,arithmetic,gsm8k_test_1136,train,retain,H2_same_template,gsmplus_numerical_substitution
pairs_arith_v2.csv,10166,arithmetic,gsm8k_test_1136,train,remove,C1_transformed,gsmplus_problem_understanding
pairs_arith_v2.csv,10167,arithmetic,gsm8k_test_1136,train,retain,H2_same_template,gsmplus_critical_thinking
pairs_arith_v2.csv,10168,arithmetic,gsm8k_test_1136,train,retain,H1_same_topic,svamp
pairs_arith_v2.csv,10169,arithmetic,gsm8k_test_1136,train,retain,H3_predating,asdiv
pairs_arith_v2.csv,10170,arithmetic,gsm8k_test_1136,train,retain,R_random,truthfulqa
pairs_arith_v2.csv,10225,arithmetic,gsm8k_test_1143,train,remove,C0_exact,gsm8k_copy
pairs_arith_v2.csv,10226,arithmetic,gsm8k_test_1143,train,remove,C1_transformed,lmsys_rephrase
pairs_arith_v2.csv,10227,arithmetic,gsm8k_test_1143,train,remove,C2_answer_bearing,gsm8k_solution_frag
pairs_arith_v2.csv,10228,arithmetic,gsm8k_test_1143,train,retain,H2_same_template,gsmplus_numerical_substitution
pairs_arith_v2.csv,10229,arithmetic,gsm8k_test_1143,train,remove,C1_transformed,gsmplus_problem_understanding
pairs_arith_v2.csv,10230,arithmetic,gsm8k_test_1143,train,retain,H2_same_template,gsmplus_critical_thinking
pairs_arith_v2.csv,10231,arithmetic,gsm8k_test_1143,train,retain,H1_same_topic,svamp
pairs_arith_v2.csv,10232,arithmetic,gsm8k_test_1143,train,retain,H3_predating,asdiv
pairs_arith_v2.csv,10233,arithmetic,gsm8k_test_1143,train,retain,R_random,truthfulqa
pairs_arith_v2.csv,10243,arithmetic,gsm8k_test_1145,train,remove,C0_exact,gsm8k_copy
pairs_arith_v2.csv,10244,arithmetic,gsm8k_test_1145,train,remove,C1_transformed,lmsys_rephrase
pairs_arith_v2.csv,10245,arithmetic,gsm8k_test_1145,train,remove,C2_answer_bearing,gsm8k_solution_frag
pairs_arith_v2.csv,10246,arithmetic,gsm8k_test_1145,train,retain,H2_same_template,gsmplus_numerical_substitution
pairs_arith_v2.csv,10247,arithmetic,gsm8k_test_1145,train,remove,C1_transformed,gsmplus_problem_understanding
pairs_arith_v2.csv,10248,arithmetic,gsm8k_test_1145,train,retain,H2_same_template,gsmplus_critical_thinking
pairs_arith_v2.csv,10249,arithmetic,gsm8k_test_1145,train,retain,H1_same_topic,svamp
pairs_arith_v2.csv,10250,arithmetic,gsm8k_test_1145,train,retain,H3_predating,asdiv
pairs_arith_v2.csv,10251,arithmetic,gsm8k_test_1145,train,retain,R_random,truthfulqa
pairs_arith_v2.csv,10278,arithmetic,gsm8k_test_1149,train,remove,C0_exact,gsm8k_copy
pairs_arith_v2.csv,10279,arithmetic,gsm8k_test_1149,train,remove,C1_transformed,lmsys_rephrase
pairs_arith_v2.csv,10280,arithmetic,gsm8k_test_1149,train,remove,C2_answer_bearing,gsm8k_solution_frag
pairs_arith_v2.csv,10281,arithmetic,gsm8k_test_1149,train,retain,H2_same_template,gsmplus_numerical_substitution
pairs_arith_v2.csv,10282,arithmetic,gsm8k_test_1149,train,remove,C1_transformed,gsmplus_problem_understanding
pairs_arith_v2.csv,10283,arithmetic,gsm8k_test_1149,train,retain,H2_same_template,gsmplus_critical_thinking
pairs_arith_v2.csv,10284,arithmetic,gsm8k_test_1149,train,retain,H1_same_topic,svamp
pairs_arith_v2.csv,10285,arithmetic,gsm8k_test_1149,train,retain,H3_predating,asdiv
pairs_arith_v2.csv,10286,arithmetic,gsm8k_test_1149,train,retain,R_random,truthfulqa
pairs_arith_v2.csv,10287,arithmetic,gsm8k_test_1150,train,remove,C0_exact,gsm8k_copy
pairs_arith_v2.csv,10288,arithmetic,gsm8k_test_1150,train,remove,C1_transformed,lmsys_rephrase
pairs_arith_v2.csv,10289,arithmetic,gsm8k_test_1150,train,remove,C2_answer_bearing,gsm8k_solution_frag
pairs_arith_v2.csv,10290,arithmetic,gsm8k_test_1150,train,retain,H2_same_template,gsmplus_numerical_substitution
pairs_arith_v2.csv,10291,arithmetic,gsm8k_test_1150,train,remove,C1_transformed,gsmplus_problem_understanding
pairs_arith_v2.csv,10292,arithmetic,gsm8k_test_1150,train,retain,H2_same_template,gsmplus_critical_thinking
pairs_arith_v2.csv,10293,arithmetic,gsm8k_test_1150,train,retain,H1_same_topic,svamp
pairs_arith_v2.csv,10294,arithmetic,gsm8k_test_1150,train,retain,H3_predating,asdiv
pairs_arith_v2.csv,10295,arithmetic,gsm8k_test_1150,train,retain,R_random,truthfulqa
pairs_arith_v2.csv,10322,arithmetic,gsm8k_test_1154,train,remove,C0_exact,gsm8k_copy
pairs_arith_v2.csv,10323,arithmetic,gsm8k_test_1154,train,remove,C1_transformed,lmsys_rephrase
pairs_arith_v2.csv,10324,arithmetic,gsm8k_test_1154,train,remove,C2_answer_bearing,gsm8k_solution_frag
pairs_arith_v2.csv,10325,arithmetic,gsm8k_test_1154,train,retain,H2_same_template,gsmplus_numerical_substitution
pairs_arith_v2.csv,10326,arithmetic,gsm8k_test_1154,train,remove,C1_transformed,gsmplus_problem_understanding
pairs_arith_v2.csv,10327,arithmetic,gsm8k_test_1154,train,retain,H2_same_template,gsmplus_critical_thinking
pairs_arith_v2.csv,10328,arithmetic,gsm8k_test_1154,train,retain,H1_same_topic,svamp
pairs_arith_v2.csv,10329,arithmetic,gsm8k_test_1154,train,retain,H3_predating,asdiv
pairs_arith_v2.csv,10330,arithmetic,gsm8k_test_1154,train,retain,R_random,truthfulqa
pairs_arith_v2.csv,10358,arithmetic,gsm8k_test_1158,train,remove,C0_exact,gsm8k_copy
pairs_arith_v2.csv,10359,arithmetic,gsm8k_test_1158,train,remove,C1_transformed,lmsys_rephrase
pairs_arith_v2.csv,10360,arithmetic,gsm8k_test_1158,train,remove,C2_answer_bearing,gsm8k_solution_frag
pairs_arith_v2.csv,10361,arithmetic,gsm8k_test_1158,train,retain,H2_same_template,gsmplus_numerical_substitution
pairs_arith_v2.csv,10362,arithmetic,gsm8k_test_1158,train,remove,C1_transformed,gsmplus_problem_understanding
pairs_arith_v2.csv,10363,arithmetic,gsm8k_test_1158,train,retain,H2_same_template,gsmplus_critical_thinking
pairs_arith_v2.csv,10364,arithmetic,gsm8k_test_1158,train,retain,H1_same_topic,svamp
pairs_arith_v2.csv,10365,arithmetic,gsm8k_test_1158,train,retain,H3_predating,asdiv
pairs_arith_v2.csv,10366,arithmetic,gsm8k_test_1158,train,retain,R_random,truthfulqa
pairs_arith_v2.csv,10375,arithmetic,gsm8k_test_1160,train,remove,C0_exact,gsm8k_copy
pairs_arith_v2.csv,10376,arithmetic,gsm8k_test_1160,train,remove,C1_transformed,lmsys_rephrase
pairs_arith_v2.csv,10377,arithmetic,gsm8k_test_1160,train,remove,C2_answer_bearing,gsm8k_solution_frag
pairs_arith_v2.csv,10378,arithmetic,gsm8k_test_1160,train,retain,H2_same_template,gsmplus_numerical_substitution
pairs_arith_v2.csv,10379,arithmetic,gsm8k_test_1160,train,remove,C1_transformed,gsmplus_problem_understanding
pairs_arith_v2.csv,10380,arithmetic,gsm8k_test_1160,train,retain,H2_same_template,gsmplus_critical_thinking
pairs_arith_v2.csv,10381,arithmetic,gsm8k_test_1160,train,retain,H1_same_topic,svamp
pairs_arith_v2.csv,10382,arithmetic,gsm8k_test_1160,train,retain,H3_predating,asdiv
pairs_arith_v2.csv,10383,arithmetic,gsm8k_test_1160,train,retain,R_random,truthfulqa
pairs_arith_v2.csv,10384,arithmetic,gsm8k_test_1161,train,remove,C0_exact,gsm8k_copy
pairs_arith_v2.csv,10385,arithmetic,gsm8k_test_1161,train,remove,C1_transformed,lmsys_rephrase
pairs_arith_v2.csv,10386,arithmetic,gsm8k_test_1161,train,remove,C2_answer_bearing,gsm8k_solution_frag
pairs_arith_v2.csv,10387,arithmetic,gsm8k_test_1161,train,retain,H2_same_template,gsmplus_numerical_substitution
pairs_arith_v2.csv,10388,arithmetic,gsm8k_test_1161,train,remove,C1_transformed,gsmplus_problem_understanding
pairs_arith_v2.csv,10389,arithmetic,gsm8k_test_1161,train,retain,H2_same_template,gsmplus_critical_thinking
pairs_arith_v2.csv,10390,arithmetic,gsm8k_test_1161,train,retain,H1_same_topic,svamp
pairs_arith_v2.csv,10391,arithmetic,gsm8k_test_1161,train,retain,H3_predating,asdiv
pairs_arith_v2.csv,10392,arithmetic,gsm8k_test_1161,train,retain,R_random,truthfulqa
pairs_arith_v2.csv,10429,arithmetic,gsm8k_test_1166,train,remove,C0_exact,gsm8k_copy
pairs_arith_v2.csv,10430,arithmetic,gsm8k_test_1166,train,remove,C1_transformed,lmsys_rephrase
pairs_arith_v2.csv,10431,arithmetic,gsm8k_test_1166,train,remove,C2_answer_bearing,gsm8k_solution_frag
pairs_arith_v2.csv,10432,arithmetic,gsm8k_test_1166,train,retain,H2_same_template,gsmplus_numerical_substitution
pairs_arith_v2.csv,10433,arithmetic,gsm8k_test_1166,train,remove,C1_transformed,gsmplus_problem_understanding
pairs_arith_v2.csv,10434,arithmetic,gsm8k_test_1166,train,retain,H2_same_template,gsmplus_critical_thinking
pairs_arith_v2.csv,10435,arithmetic,gsm8k_test_1166,train,retain,H1_same_topic,svamp
pairs_arith_v2.csv,10436,arithmetic,gsm8k_test_1166,train,retain,H3_predating,asdiv
pairs_arith_v2.csv,10437,arithmetic,gsm8k_test_1166,train,retain,R_random,truthfulqa
pairs_arith_v2.csv,10465,arithmetic,gsm8k_test_1170,train,remove,C0_exact,gsm8k_copy
pairs_arith_v2.csv,10466,arithmetic,gsm8k_test_1170,train,remove,C1_transformed,lmsys_rephrase
pairs_arith_v2.csv,10467,arithmetic,gsm8k_test_1170,train,remove,C2_answer_bearing,gsm8k_solution_frag
pairs_arith_v2.csv,10468,arithmetic,gsm8k_test_1170,train,retain,H2_same_template,gsmplus_numerical_substitution
pairs_arith_v2.csv,10469,arithmetic,gsm8k_test_1170,train,remove,C1_transformed,gsmplus_problem_understanding
pairs_arith_v2.csv,10470,arithmetic,gsm8k_test_1170,train,retain,H2_same_template,gsmplus_critical_thinking
pairs_arith_v2.csv,10471,arithmetic,gsm8k_test_1170,train,retain,H1_same_topic,svamp
pairs_arith_v2.csv,10472,arithmetic,gsm8k_test_1170,train,retain,H3_predating,asdiv
pairs_arith_v2.csv,10473,arithmetic,gsm8k_test_1170,train,retain,R_random,truthfulqa
pairs_arith_v2.csv,10483,arithmetic,gsm8k_test_1172,train,remove,C0_exact,gsm8k_copy
pairs_arith_v2.csv,10484,arithmetic,gsm8k_test_1172,train,remove,C1_transformed,lmsys_rephrase
pairs_arith_v2.csv,10485,arithmetic,gsm8k_test_1172,train,remove,C2_answer_bearing,gsm8k_solution_frag
pairs_arith_v2.csv,10486,arithmetic,gsm8k_test_1172,train,retain,H2_same_template,gsmplus_numerical_substitution
pairs_arith_v2.csv,10487,arithmetic,gsm8k_test_1172,train,remove,C1_transformed,gsmplus_problem_understanding
pairs_arith_v2.csv,10488,arithmetic,gsm8k_test_1172,train,retain,H2_same_template,gsmplus_critical_thinking
pairs_arith_v2.csv,10489,arithmetic,gsm8k_test_1172,train,retain,H1_same_topic,svamp
pairs_arith_v2.csv,10490,arithmetic,gsm8k_test_1172,train,retain,H3_predating,asdiv
pairs_arith_v2.csv,10491,arithmetic,gsm8k_test_1172,train,retain,R_random,truthfulqa
pairs_arith_v2.csv,10501,arithmetic,gsm8k_test_1174,train,remove,C0_exact,gsm8k_copy
pairs_arith_v2.csv,10502,arithmetic,gsm8k_test_1174,train,remove,C1_transformed,lmsys_rephrase
pairs_arith_v2.csv,10503,arithmetic,gsm8k_test_1174,train,remove,C2_answer_bearing,gsm8k_solution_frag
pairs_arith_v2.csv,10504,arithmetic,gsm8k_test_1174,train,retain,H2_same_template,gsmplus_numerical_substitution
pairs_arith_v2.csv,10505,arithmetic,gsm8k_test_1174,train,remove,C1_transformed,gsmplus_problem_understanding
pairs_arith_v2.csv,10506,arithmetic,gsm8k_test_1174,train,retain,H2_same_template,gsmplus_critical_thinking
pairs_arith_v2.csv,10507,arithmetic,gsm8k_test_1174,train,retain,H1_same_topic,svamp
pairs_arith_v2.csv,10508,arithmetic,gsm8k_test_1174,train,retain,H3_predating,asdiv
pairs_arith_v2.csv,10509,arithmetic,gsm8k_test_1174,train,retain,R_random,truthfulqa
pairs_arith_v2.csv,10528,arithmetic,gsm8k_test_1177,train,remove,C0_exact,gsm8k_copy
pairs_arith_v2.csv,10529,arithmetic,gsm8k_test_1177,train,remove,C1_transformed,lmsys_rephrase
pairs_arith_v2.csv,10530,arithmetic,gsm8k_test_1177,train,remove,C2_answer_bearing,gsm8k_solution_frag
pairs_arith_v2.csv,10531,arithmetic,gsm8k_test_1177,train,retain,H2_same_template,gsmplus_numerical_substitution
pairs_arith_v2.csv,10532,arithmetic,gsm8k_test_1177,train,remove,C1_transformed,gsmplus_problem_understanding
pairs_arith_v2.csv,10533,arithmetic,gsm8k_test_1177,train,retain,H2_same_template,gsmplus_critical_thinking
pairs_arith_v2.csv,10534,arithmetic,gsm8k_test_1177,train,retain,H1_same_topic,svamp
pairs_arith_v2.csv,10535,arithmetic,gsm8k_test_1177,train,retain,H3_predating,asdiv
pairs_arith_v2.csv,10536,arithmetic,gsm8k_test_1177,train,retain,R_random,truthfulqa
pairs_arith_v2.csv,10553,arithmetic,gsm8k_test_1180,train,remove,C0_exact,gsm8k_copy
pairs_arith_v2.csv,10554,arithmetic,gsm8k_test_1180,train,remove,C1_transformed,lmsys_rephrase
pairs_arith_v2.csv,10555,arithmetic,gsm8k_test_1180,train,remove,C2_answer_bearing,gsm8k_solution_frag
pairs_arith_v2.csv,10556,arithmetic,gsm8k_test_1180,train,retain,H2_same_template,gsmplus_numerical_substitution
pairs_arith_v2.csv,10557,arithmetic,gsm8k_test_1180,train,remove,C1_transformed,gsmplus_problem_understanding
pairs_arith_v2.csv,10558,arithmetic,gsm8k_test_1180,train,retain,H2_same_template,gsmplus_critical_thinking
pairs_arith_v2.csv,10559,arithmetic,gsm8k_test_1180,train,retain,H1_same_topic,svamp
pairs_arith_v2.csv,10560,arithmetic,gsm8k_test_1180,train,retain,H3_predating,asdiv
pairs_arith_v2.csv,10561,arithmetic,gsm8k_test_1180,train,retain,R_random,truthfulqa
pairs_arith_v2.csv,10562,arithmetic,gsm8k_test_1181,train,remove,C0_exact,gsm8k_copy
pairs_arith_v2.csv,10563,arithmetic,gsm8k_test_1181,train,remove,C1_transformed,lmsys_rephrase
pairs_arith_v2.csv,10564,arithmetic,gsm8k_test_1181,train,remove,C2_answer_bearing,gsm8k_solution_frag
pairs_arith_v2.csv,10565,arithmetic,gsm8k_test_1181,train,retain,H2_same_template,gsmplus_numerical_substitution
pairs_arith_v2.csv,10566,arithmetic,gsm8k_test_1181,train,remove,C1_transformed,gsmplus_problem_understanding
pairs_arith_v2.csv,10567,arithmetic,gsm8k_test_1181,train,retain,H2_same_template,gsmplus_critical_thinking
pairs_arith_v2.csv,10568,arithmetic,gsm8k_test_1181,train,retain,H1_same_topic,svamp
pairs_arith_v2.csv,10569,arithmetic,gsm8k_test_1181,train,retain,H3_predating,asdiv
pairs_arith_v2.csv,10570,arithmetic,gsm8k_test_1181,train,retain,R_random,truthfulqa
pairs_arith_v2.csv,10579,arithmetic,gsm8k_test_1183,train,remove,C0_exact,gsm8k_copy
pairs_arith_v2.csv,10580,arithmetic,gsm8k_test_1183,train,remove,C1_transformed,lmsys_rephrase
pairs_arith_v2.csv,10581,arithmetic,gsm8k_test_1183,train,remove,C2_answer_bearing,gsm8k_solution_frag
pairs_arith_v2.csv,10582,arithmetic,gsm8k_test_1183,train,retain,H2_same_template,gsmplus_numerical_substitution
pairs_arith_v2.csv,10583,arithmetic,gsm8k_test_1183,train,remove,C1_transformed,gsmplus_problem_understanding
pairs_arith_v2.csv,10584,arithmetic,gsm8k_test_1183,train,retain,H2_same_template,gsmplus_critical_thinking
pairs_arith_v2.csv,10585,arithmetic,gsm8k_test_1183,train,retain,H1_same_topic,svamp
pairs_arith_v2.csv,10586,arithmetic,gsm8k_test_1183,train,retain,H3_predating,asdiv
pairs_arith_v2.csv,10587,arithmetic,gsm8k_test_1183,train,retain,R_random,truthfulqa
pairs_arith_v2.csv,10597,arithmetic,gsm8k_test_1185,train,remove,C0_exact,gsm8k_copy
pairs_arith_v2.csv,10598,arithmetic,gsm8k_test_1185,train,remove,C1_transformed,lmsys_rephrase
pairs_arith_v2.csv,10599,arithmetic,gsm8k_test_1185,train,remove,C2_answer_bearing,gsm8k_solution_frag
pairs_arith_v2.csv,10600,arithmetic,gsm8k_test_1185,train,retain,H2_same_template,gsmplus_numerical_substitution
pairs_arith_v2.csv,10601,arithmetic,gsm8k_test_1185,train,remove,C1_transformed,gsmplus_problem_understanding
pairs_arith_v2.csv,10602,arithmetic,gsm8k_test_1185,train,retain,H2_same_template,gsmplus_critical_thinking
pairs_arith_v2.csv,10603,arithmetic,gsm8k_test_1185,train,retain,H1_same_topic,svamp
pairs_arith_v2.csv,10604,arithmetic,gsm8k_test_1185,train,retain,H3_predating,asdiv
pairs_arith_v2.csv,10605,arithmetic,gsm8k_test_1185,train,retain,R_random,truthfulqa
pairs_arith_v2.csv,10623,arithmetic,gsm8k_test_1188,train,remove,C0_exact,gsm8k_copy
pairs_arith_v2.csv,10624,arithmetic,gsm8k_test_1188,train,remove,C1_transformed,lmsys_rephrase
pairs_arith_v2.csv,10625,arithmetic,gsm8k_test_1188,train,remove,C2_answer_bearing,gsm8k_solution_frag
pairs_arith_v2.csv,10626,arithmetic,gsm8k_test_1188,train,retain,H2_same_template,gsmplus_numerical_substitution
pairs_arith_v2.csv,10627,arithmetic,gsm8k_test_1188,train,remove,C1_transformed,gsmplus_problem_understanding
pairs_arith_v2.csv,10628,arithmetic,gsm8k_test_1188,train,retain,H2_same_template,gsmplus_critical_thinking
pairs_arith_v2.csv,10629,arithmetic,gsm8k_test_1188,train,retain,H1_same_topic,svamp
pairs_arith_v2.csv,10630,arithmetic,gsm8k_test_1188,train,retain,H3_predating,asdiv
pairs_arith_v2.csv,10631,arithmetic,gsm8k_test_1188,train,retain,R_random,truthfulqa
pairs_arith_v2.csv,10641,arithmetic,gsm8k_test_1190,train,remove,C0_exact,gsm8k_copy
pairs_arith_v2.csv,10642,arithmetic,gsm8k_test_1190,train,remove,C1_transformed,lmsys_rephrase
pairs_arith_v2.csv,10643,arithmetic,gsm8k_test_1190,train,remove,C2_answer_bearing,gsm8k_solution_frag
pairs_arith_v2.csv,10644,arithmetic,gsm8k_test_1190,train,retain,H2_same_template,gsmplus_numerical_substitution
pairs_arith_v2.csv,10645,arithmetic,gsm8k_test_1190,train,remove,C1_transformed,gsmplus_problem_understanding
pairs_arith_v2.csv,10646,arithmetic,gsm8k_test_1190,train,retain,H2_same_template,gsmplus_critical_thinking
pairs_arith_v2.csv,10647,arithmetic,gsm8k_test_1190,train,retain,H1_same_topic,svamp
pairs_arith_v2.csv,10648,arithmetic,gsm8k_test_1190,train,retain,H3_predating,asdiv
pairs_arith_v2.csv,10649,arithmetic,gsm8k_test_1190,train,retain,R_random,truthfulqa
pairs_arith_v2.csv,10650,arithmetic,gsm8k_test_1191,train,remove,C0_exact,gsm8k_copy
pairs_arith_v2.csv,10651,arithmetic,gsm8k_test_1191,train,remove,C1_transformed,lmsys_rephrase
pairs_arith_v2.csv,10652,arithmetic,gsm8k_test_1191,train,remove,C2_answer_bearing,gsm8k_solution_frag
pairs_arith_v2.csv,10653,arithmetic,gsm8k_test_1191,train,retain,H2_same_template,gsmplus_numerical_substitution
pairs_arith_v2.csv,10654,arithmetic,gsm8k_test_1191,train,remove,C1_transformed,gsmplus_problem_understanding
pairs_arith_v2.csv,10655,arithmetic,gsm8k_test_1191,train,retain,H2_same_template,gsmplus_critical_thinking
pairs_arith_v2.csv,10656,arithmetic,gsm8k_test_1191,train,retain,H1_same_topic,svamp
pairs_arith_v2.csv,10657,arithmetic,gsm8k_test_1191,train,retain,H3_predating,asdiv
pairs_arith_v2.csv,10658,arithmetic,gsm8k_test_1191,train,retain,R_random,truthfulqa
pairs_arith_v2.csv,10659,arithmetic,gsm8k_test_1192,train,remove,C0_exact,gsm8k_copy
pairs_arith_v2.csv,10660,arithmetic,gsm8k_test_1192,train,remove,C1_transformed,lmsys_rephrase
pairs_arith_v2.csv,10661,arithmetic,gsm8k_test_1192,train,remove,C2_answer_bearing,gsm8k_solution_frag
pairs_arith_v2.csv,10662,arithmetic,gsm8k_test_1192,train,retain,H2_same_template,gsmplus_numerical_substitution
pairs_arith_v2.csv,10663,arithmetic,gsm8k_test_1192,train,remove,C1_transformed,gsmplus_problem_understanding
pairs_arith_v2.csv,10664,arithmetic,gsm8k_test_1192,train,retain,H2_same_template,gsmplus_critical_thinking
pairs_arith_v2.csv,10665,arithmetic,gsm8k_test_1192,train,retain,H1_same_topic,svamp
pairs_arith_v2.csv,10666,arithmetic,gsm8k_test_1192,train,retain,H3_predating,asdiv
pairs_arith_v2.csv,10667,arithmetic,gsm8k_test_1192,train,retain,R_random,truthfulqa
pairs_arith_v2.csv,10695,arithmetic,gsm8k_test_1196,train,remove,C0_exact,gsm8k_copy
pairs_arith_v2.csv,10696,arithmetic,gsm8k_test_1196,train,remove,C1_transformed,lmsys_rephrase
pairs_arith_v2.csv,10697,arithmetic,gsm8k_test_1196,train,remove,C2_answer_bearing,gsm8k_solution_frag
pairs_arith_v2.csv,10698,arithmetic,gsm8k_test_1196,train,retain,H2_same_template,gsmplus_numerical_substitution
pairs_arith_v2.csv,10699,arithmetic,gsm8k_test_1196,train,remove,C1_transformed,gsmplus_problem_understanding
pairs_arith_v2.csv,10700,arithmetic,gsm8k_test_1196,train,retain,H2_same_template,gsmplus_critical_thinking
pairs_arith_v2.csv,10701,arithmetic,gsm8k_test_1196,train,retain,H1_same_topic,svamp
pairs_arith_v2.csv,10702,arithmetic,gsm8k_test_1196,train,retain,H3_predating,asdiv
pairs_arith_v2.csv,10703,arithmetic,gsm8k_test_1196,train,retain,R_random,truthfulqa
pairs_arith_v2.csv,10731,arithmetic,gsm8k_test_1200,train,remove,C0_exact,gsm8k_copy
pairs_arith_v2.csv,10732,arithmetic,gsm8k_test_1200,train,remove,C1_transformed,lmsys_rephrase
pairs_arith_v2.csv,10733,arithmetic,gsm8k_test_1200,train,remove,C2_answer_bearing,gsm8k_solution_frag
pairs_arith_v2.csv,10734,arithmetic,gsm8k_test_1200,train,remove,C1_transformed,gsmplus_problem_understanding
pairs_arith_v2.csv,10735,arithmetic,gsm8k_test_1200,train,retain,H2_same_template,gsmplus_critical_thinking
pairs_arith_v2.csv,10736,arithmetic,gsm8k_test_1200,train,retain,H1_same_topic,svamp
pairs_arith_v2.csv,10737,arithmetic,gsm8k_test_1200,train,retain,H3_predating,asdiv
pairs_arith_v2.csv,10738,arithmetic,gsm8k_test_1200,train,retain,R_random,truthfulqa
pairs_arith_v2.csv,10739,arithmetic,gsm8k_test_1201,train,remove,C0_exact,gsm8k_copy
pairs_arith_v2.csv,10740,arithmetic,gsm8k_test_1201,train,remove,C1_transformed,lmsys_rephrase
pairs_arith_v2.csv,10741,arithmetic,gsm8k_test_1201,train,remove,C2_answer_bearing,gsm8k_solution_frag
pairs_arith_v2.csv,10742,arithmetic,gsm8k_test_1201,train,retain,H2_same_template,gsmplus_numerical_substitution
pairs_arith_v2.csv,10743,arithmetic,gsm8k_test_1201,train,remove,C1_transformed,gsmplus_problem_understanding
pairs_arith_v2.csv,10744,arithmetic,gsm8k_test_1201,train,retain,H2_same_template,gsmplus_critical_thinking
pairs_arith_v2.csv,10745,arithmetic,gsm8k_test_1201,train,retain,H1_same_topic,svamp
pairs_arith_v2.csv,10746,arithmetic,gsm8k_test_1201,train,retain,H3_predating,asdiv
pairs_arith_v2.csv,10747,arithmetic,gsm8k_test_1201,train,retain,R_random,truthfulqa
pairs_arith_v2.csv,10756,arithmetic,gsm8k_test_1203,train,remove,C0_exact,gsm8k_copy
pairs_arith_v2.csv,10757,arithmetic,gsm8k_test_1203,train,remove,C1_transformed,lmsys_rephrase
pairs_arith_v2.csv,10758,arithmetic,gsm8k_test_1203,train,remove,C2_answer_bearing,gsm8k_solution_frag
pairs_arith_v2.csv,10759,arithmetic,gsm8k_test_1203,train,retain,H2_same_template,gsmplus_numerical_substitution
pairs_arith_v2.csv,10760,arithmetic,gsm8k_test_1203,train,remove,C1_transformed,gsmplus_problem_understanding
pairs_arith_v2.csv,10761,arithmetic,gsm8k_test_1203,train,retain,H2_same_template,gsmplus_critical_thinking
pairs_arith_v2.csv,10762,arithmetic,gsm8k_test_1203,train,retain,H1_same_topic,svamp
pairs_arith_v2.csv,10763,arithmetic,gsm8k_test_1203,train,retain,H3_predating,asdiv
pairs_arith_v2.csv,10764,arithmetic,gsm8k_test_1203,train,retain,R_random,truthfulqa
pairs_arith_v2.csv,10765,arithmetic,gsm8k_test_1204,train,remove,C0_exact,gsm8k_copy
pairs_arith_v2.csv,10766,arithmetic,gsm8k_test_1204,train,remove,C1_transformed,lmsys_rephrase
pairs_arith_v2.csv,10767,arithmetic,gsm8k_test_1204,train,remove,C2_answer_bearing,gsm8k_solution_frag
pairs_arith_v2.csv,10768,arithmetic,gsm8k_test_1204,train,retain,H2_same_template,gsmplus_numerical_substitution
pairs_arith_v2.csv,10769,arithmetic,gsm8k_test_1204,train,remove,C1_transformed,gsmplus_problem_understanding
pairs_arith_v2.csv,10770,arithmetic,gsm8k_test_1204,train,retain,H2_same_template,gsmplus_critical_thinking
pairs_arith_v2.csv,10771,arithmetic,gsm8k_test_1204,train,retain,H1_same_topic,svamp
pairs_arith_v2.csv,10772,arithmetic,gsm8k_test_1204,train,retain,H3_predating,asdiv
pairs_arith_v2.csv,10773,arithmetic,gsm8k_test_1204,train,retain,R_random,truthfulqa
pairs_arith_v2.csv,10774,arithmetic,gsm8k_test_1205,train,remove,C0_exact,gsm8k_copy
pairs_arith_v2.csv,10775,arithmetic,gsm8k_test_1205,train,remove,C1_transformed,lmsys_rephrase
pairs_arith_v2.csv,10776,arithmetic,gsm8k_test_1205,train,remove,C2_answer_bearing,gsm8k_solution_frag
pairs_arith_v2.csv,10777,arithmetic,gsm8k_test_1205,train,retain,H2_same_template,gsmplus_numerical_substitution
pairs_arith_v2.csv,10778,arithmetic,gsm8k_test_1205,train,remove,C1_transformed,gsmplus_problem_understanding
pairs_arith_v2.csv,10779,arithmetic,gsm8k_test_1205,train,retain,H2_same_template,gsmplus_critical_thinking
pairs_arith_v2.csv,10780,arithmetic,gsm8k_test_1205,train,retain,H1_same_topic,svamp
pairs_arith_v2.csv,10781,arithmetic,gsm8k_test_1205,train,retain,H3_predating,asdiv
pairs_arith_v2.csv,10782,arithmetic,gsm8k_test_1205,train,retain,R_random,truthfulqa
pairs_arith_v2.csv,10783,arithmetic,gsm8k_test_1206,train,remove,C0_exact,gsm8k_copy
pairs_arith_v2.csv,10784,arithmetic,gsm8k_test_1206,train,remove,C1_transformed,lmsys_rephrase
pairs_arith_v2.csv,10785,arithmetic,gsm8k_test_1206,train,remove,C2_answer_bearing,gsm8k_solution_frag
pairs_arith_v2.csv,10786,arithmetic,gsm8k_test_1206,train,retain,H2_same_template,gsmplus_numerical_substitution
pairs_arith_v2.csv,10787,arithmetic,gsm8k_test_1206,train,remove,C1_transformed,gsmplus_problem_understanding
pairs_arith_v2.csv,10788,arithmetic,gsm8k_test_1206,train,retain,H2_same_template,gsmplus_critical_thinking
pairs_arith_v2.csv,10789,arithmetic,gsm8k_test_1206,train,retain,H1_same_topic,svamp
pairs_arith_v2.csv,10790,arithmetic,gsm8k_test_1206,train,retain,H3_predating,asdiv
pairs_arith_v2.csv,10791,arithmetic,gsm8k_test_1206,train,retain,R_random,truthfulqa
pairs_arith_v2.csv,10810,arithmetic,gsm8k_test_1209,train,remove,C0_exact,gsm8k_copy
pairs_arith_v2.csv,10811,arithmetic,gsm8k_test_1209,train,remove,C1_transformed,lmsys_rephrase
pairs_arith_v2.csv,10812,arithmetic,gsm8k_test_1209,train,remove,C2_answer_bearing,gsm8k_solution_frag
pairs_arith_v2.csv,10813,arithmetic,gsm8k_test_1209,train,retain,H2_same_template,gsmplus_numerical_substitution
pairs_arith_v2.csv,10814,arithmetic,gsm8k_test_1209,train,remove,C1_transformed,gsmplus_problem_understanding
pairs_arith_v2.csv,10815,arithmetic,gsm8k_test_1209,train,retain,H2_same_template,gsmplus_critical_thinking
pairs_arith_v2.csv,10816,arithmetic,gsm8k_test_1209,train,retain,H1_same_topic,svamp
pairs_arith_v2.csv,10817,arithmetic,gsm8k_test_1209,train,retain,H3_predating,asdiv
pairs_arith_v2.csv,10818,arithmetic,gsm8k_test_1209,train,retain,R_random,truthfulqa
pairs_arith_v2.csv,10828,arithmetic,gsm8k_test_1211,train,remove,C0_exact,gsm8k_copy
pairs_arith_v2.csv,10829,arithmetic,gsm8k_test_1211,train,remove,C1_transformed,lmsys_rephrase
pairs_arith_v2.csv,10830,arithmetic,gsm8k_test_1211,train,remove,C2_answer_bearing,gsm8k_solution_frag
pairs_arith_v2.csv,10831,arithmetic,gsm8k_test_1211,train,retain,H2_same_template,gsmplus_numerical_substitution
pairs_arith_v2.csv,10832,arithmetic,gsm8k_test_1211,train,remove,C1_transformed,gsmplus_problem_understanding
pairs_arith_v2.csv,10833,arithmetic,gsm8k_test_1211,train,retain,H2_same_template,gsmplus_critical_thinking
pairs_arith_v2.csv,10834,arithmetic,gsm8k_test_1211,train,retain,H1_same_topic,svamp
pairs_arith_v2.csv,10835,arithmetic,gsm8k_test_1211,train,retain,H3_predating,asdiv
pairs_arith_v2.csv,10836,arithmetic,gsm8k_test_1211,train,retain,R_random,truthfulqa
pairs_arith_v2.csv,10846,arithmetic,gsm8k_test_1213,train,remove,C0_exact,gsm8k_copy
pairs_arith_v2.csv,10847,arithmetic,gsm8k_test_1213,train,remove,C1_transformed,lmsys_rephrase
pairs_arith_v2.csv,10848,arithmetic,gsm8k_test_1213,train,remove,C2_answer_bearing,gsm8k_solution_frag
pairs_arith_v2.csv,10849,arithmetic,gsm8k_test_1213,train,retain,H2_same_template,gsmplus_numerical_substitution
pairs_arith_v2.csv,10850,arithmetic,gsm8k_test_1213,train,remove,C1_transformed,gsmplus_problem_understanding
pairs_arith_v2.csv,10851,arithmetic,gsm8k_test_1213,train,retain,H2_same_template,gsmplus_critical_thinking
pairs_arith_v2.csv,10852,arithmetic,gsm8k_test_1213,train,retain,H1_same_topic,svamp
pairs_arith_v2.csv,10853,arithmetic,gsm8k_test_1213,train,retain,H3_predating,asdiv
pairs_arith_v2.csv,10854,arithmetic,gsm8k_test_1213,train,retain,R_random,truthfulqa
pairs_arith_v2.csv,10855,arithmetic,gsm8k_test_1214,train,remove,C0_exact,gsm8k_copy
pairs_arith_v2.csv,10856,arithmetic,gsm8k_test_1214,train,remove,C1_transformed,lmsys_rephrase
pairs_arith_v2.csv,10857,arithmetic,gsm8k_test_1214,train,remove,C2_answer_bearing,gsm8k_solution_frag
pairs_arith_v2.csv,10858,arithmetic,gsm8k_test_1214,train,retain,H2_same_template,gsmplus_numerical_substitution
pairs_arith_v2.csv,10859,arithmetic,gsm8k_test_1214,train,remove,C1_transformed,gsmplus_problem_understanding
pairs_arith_v2.csv,10860,arithmetic,gsm8k_test_1214,train,retain,H2_same_template,gsmplus_critical_thinking
pairs_arith_v2.csv,10861,arithmetic,gsm8k_test_1214,train,retain,H1_same_topic,svamp
pairs_arith_v2.csv,10862,arithmetic,gsm8k_test_1214,train,retain,H3_predating,asdiv
pairs_arith_v2.csv,10863,arithmetic,gsm8k_test_1214,train,retain,R_random,truthfulqa
pairs_arith_v2.csv,10891,arithmetic,gsm8k_test_1218,train,remove,C0_exact,gsm8k_copy
pairs_arith_v2.csv,10892,arithmetic,gsm8k_test_1218,train,remove,C1_transformed,lmsys_rephrase
pairs_arith_v2.csv,10893,arithmetic,gsm8k_test_1218,train,remove,C2_answer_bearing,gsm8k_solution_frag
pairs_arith_v2.csv,10894,arithmetic,gsm8k_test_1218,train,retain,H2_same_template,gsmplus_numerical_substitution
pairs_arith_v2.csv,10895,arithmetic,gsm8k_test_1218,train,remove,C1_transformed,gsmplus_problem_understanding
pairs_arith_v2.csv,10896,arithmetic,gsm8k_test_1218,train,retain,H2_same_template,gsmplus_critical_thinking
pairs_arith_v2.csv,10897,arithmetic,gsm8k_test_1218,train,retain,H1_same_topic,svamp
pairs_arith_v2.csv,10898,arithmetic,gsm8k_test_1218,train,retain,H3_predating,asdiv
pairs_arith_v2.csv,10899,arithmetic,gsm8k_test_1218,train,retain,R_random,truthfulqa
pairs_arith_v2.csv,10900,arithmetic,gsm8k_test_1219,train,remove,C0_exact,gsm8k_copy
pairs_arith_v2.csv,10901,arithmetic,gsm8k_test_1219,train,remove,C1_transformed,lmsys_rephrase
pairs_arith_v2.csv,10902,arithmetic,gsm8k_test_1219,train,remove,C2_answer_bearing,gsm8k_solution_frag
pairs_arith_v2.csv,10903,arithmetic,gsm8k_test_1219,train,retain,H2_same_template,gsmplus_numerical_substitution
pairs_arith_v2.csv,10904,arithmetic,gsm8k_test_1219,train,remove,C1_transformed,gsmplus_problem_understanding
pairs_arith_v2.csv,10905,arithmetic,gsm8k_test_1219,train,retain,H2_same_template,gsmplus_critical_thinking
pairs_arith_v2.csv,10906,arithmetic,gsm8k_test_1219,train,retain,H1_same_topic,svamp
pairs_arith_v2.csv,10907,arithmetic,gsm8k_test_1219,train,retain,H3_predating,asdiv
pairs_arith_v2.csv,10908,arithmetic,gsm8k_test_1219,train,retain,R_random,truthfulqa
pairs_arith_v2.csv,10909,arithmetic,gsm8k_test_1220,train,remove,C0_exact,gsm8k_copy
pairs_arith_v2.csv,10910,arithmetic,gsm8k_test_1220,train,remove,C1_transformed,lmsys_rephrase
pairs_arith_v2.csv,10911,arithmetic,gsm8k_test_1220,train,remove,C2_answer_bearing,gsm8k_solution_frag
pairs_arith_v2.csv,10912,arithmetic,gsm8k_test_1220,train,retain,H2_same_template,gsmplus_numerical_substitution
pairs_arith_v2.csv,10913,arithmetic,gsm8k_test_1220,train,remove,C1_transformed,gsmplus_problem_understanding
pairs_arith_v2.csv,10914,arithmetic,gsm8k_test_1220,train,retain,H2_same_template,gsmplus_critical_thinking
pairs_arith_v2.csv,10915,arithmetic,gsm8k_test_1220,train,retain,H1_same_topic,svamp
pairs_arith_v2.csv,10916,arithmetic,gsm8k_test_1220,train,retain,H3_predating,asdiv
pairs_arith_v2.csv,10917,arithmetic,gsm8k_test_1220,train,retain,R_random,truthfulqa
pairs_arith_v2.csv,10918,arithmetic,gsm8k_test_1221,train,remove,C0_exact,gsm8k_copy
pairs_arith_v2.csv,10919,arithmetic,gsm8k_test_1221,train,remove,C1_transformed,lmsys_rephrase
pairs_arith_v2.csv,10920,arithmetic,gsm8k_test_1221,train,remove,C2_answer_bearing,gsm8k_solution_frag
pairs_arith_v2.csv,10921,arithmetic,gsm8k_test_1221,train,retain,H2_same_template,gsmplus_numerical_substitution
pairs_arith_v2.csv,10922,arithmetic,gsm8k_test_1221,train,remove,C1_transformed,gsmplus_problem_understanding
pairs_arith_v2.csv,10923,arithmetic,gsm8k_test_1221,train,retain,H2_same_template,gsmplus_critical_thinking
pairs_arith_v2.csv,10924,arithmetic,gsm8k_test_1221,train,retain,H1_same_topic,svamp
pairs_arith_v2.csv,10925,arithmetic,gsm8k_test_1221,train,retain,H3_predating,asdiv
pairs_arith_v2.csv,10926,arithmetic,gsm8k_test_1221,train,retain,R_random,truthfulqa
pairs_arith_v2.csv,10936,arithmetic,gsm8k_test_1223,train,remove,C0_exact,gsm8k_copy
pairs_arith_v2.csv,10937,arithmetic,gsm8k_test_1223,train,remove,C1_transformed,lmsys_rephrase
pairs_arith_v2.csv,10938,arithmetic,gsm8k_test_1223,train,remove,C2_answer_bearing,gsm8k_solution_frag
pairs_arith_v2.csv,10939,arithmetic,gsm8k_test_1223,train,retain,H2_same_template,gsmplus_numerical_substitution
pairs_arith_v2.csv,10940,arithmetic,gsm8k_test_1223,train,remove,C1_transformed,gsmplus_problem_understanding
pairs_arith_v2.csv,10941,arithmetic,gsm8k_test_1223,train,retain,H2_same_template,gsmplus_critical_thinking
pairs_arith_v2.csv,10942,arithmetic,gsm8k_test_1223,train,retain,H1_same_topic,svamp
pairs_arith_v2.csv,10943,arithmetic,gsm8k_test_1223,train,retain,H3_predating,asdiv
pairs_arith_v2.csv,10944,arithmetic,gsm8k_test_1223,train,retain,R_random,truthfulqa
pairs_arith_v2.csv,10945,arithmetic,gsm8k_test_1224,train,remove,C0_exact,gsm8k_copy
pairs_arith_v2.csv,10946,arithmetic,gsm8k_test_1224,train,remove,C1_transformed,lmsys_rephrase
pairs_arith_v2.csv,10947,arithmetic,gsm8k_test_1224,train,remove,C2_answer_bearing,gsm8k_solution_frag
pairs_arith_v2.csv,10948,arithmetic,gsm8k_test_1224,train,retain,H2_same_template,gsmplus_numerical_substitution
pairs_arith_v2.csv,10949,arithmetic,gsm8k_test_1224,train,remove,C1_transformed,gsmplus_problem_understanding
pairs_arith_v2.csv,10950,arithmetic,gsm8k_test_1224,train,retain,H2_same_template,gsmplus_critical_thinking
pairs_arith_v2.csv,10951,arithmetic,gsm8k_test_1224,train,retain,H1_same_topic,svamp
pairs_arith_v2.csv,10952,arithmetic,gsm8k_test_1224,train,retain,H3_predating,asdiv
pairs_arith_v2.csv,10953,arithmetic,gsm8k_test_1224,train,retain,R_random,truthfulqa
pairs_arith_v2.csv,10954,arithmetic,gsm8k_test_1225,train,remove,C0_exact,gsm8k_copy
pairs_arith_v2.csv,10955,arithmetic,gsm8k_test_1225,train,remove,C1_transformed,lmsys_rephrase
pairs_arith_v2.csv,10956,arithmetic,gsm8k_test_1225,train,remove,C2_answer_bearing,gsm8k_solution_frag
pairs_arith_v2.csv,10957,arithmetic,gsm8k_test_1225,train,retain,H2_same_template,gsmplus_numerical_substitution
pairs_arith_v2.csv,10958,arithmetic,gsm8k_test_1225,train,remove,C1_transformed,gsmplus_problem_understanding
pairs_arith_v2.csv,10959,arithmetic,gsm8k_test_1225,train,retain,H2_same_template,gsmplus_critical_thinking
pairs_arith_v2.csv,10960,arithmetic,gsm8k_test_1225,train,retain,H1_same_topic,svamp
pairs_arith_v2.csv,10961,arithmetic,gsm8k_test_1225,train,retain,H3_predating,asdiv
pairs_arith_v2.csv,10962,arithmetic,gsm8k_test_1225,train,retain,R_random,truthfulqa
pairs_arith_v2.csv,10999,arithmetic,gsm8k_test_1230,train,remove,C0_exact,gsm8k_copy
pairs_arith_v2.csv,11000,arithmetic,gsm8k_test_1230,train,remove,C1_transformed,lmsys_rephrase
pairs_arith_v2.csv,11001,arithmetic,gsm8k_test_1230,train,remove,C2_answer_bearing,gsm8k_solution_frag
pairs_arith_v2.csv,11002,arithmetic,gsm8k_test_1230,train,retain,H2_same_template,gsmplus_numerical_substitution
pairs_arith_v2.csv,11003,arithmetic,gsm8k_test_1230,train,remove,C1_transformed,gsmplus_problem_understanding
pairs_arith_v2.csv,11004,arithmetic,gsm8k_test_1230,train,retain,H2_same_template,gsmplus_critical_thinking
pairs_arith_v2.csv,11005,arithmetic,gsm8k_test_1230,train,retain,H1_same_topic,svamp
pairs_arith_v2.csv,11006,arithmetic,gsm8k_test_1230,train,retain,H3_predating,asdiv
pairs_arith_v2.csv,11007,arithmetic,gsm8k_test_1230,train,retain,R_random,truthfulqa
pairs_arith_v2.csv,11008,arithmetic,gsm8k_test_1231,train,remove,C0_exact,gsm8k_copy
pairs_arith_v2.csv,11009,arithmetic,gsm8k_test_1231,train,remove,C1_transformed,lmsys_rephrase
pairs_arith_v2.csv,11010,arithmetic,gsm8k_test_1231,train,remove,C2_answer_bearing,gsm8k_solution_frag
pairs_arith_v2.csv,11011,arithmetic,gsm8k_test_1231,train,retain,H2_same_template,gsmplus_numerical_substitution
pairs_arith_v2.csv,11012,arithmetic,gsm8k_test_1231,train,remove,C1_transformed,gsmplus_problem_understanding
pairs_arith_v2.csv,11013,arithmetic,gsm8k_test_1231,train,retain,H2_same_template,gsmplus_critical_thinking
pairs_arith_v2.csv,11014,arithmetic,gsm8k_test_1231,train,retain,H1_same_topic,svamp
pairs_arith_v2.csv,11015,arithmetic,gsm8k_test_1231,train,retain,H3_predating,asdiv
pairs_arith_v2.csv,11016,arithmetic,gsm8k_test_1231,train,retain,R_random,truthfulqa
pairs_arith_v2.csv,11044,arithmetic,gsm8k_test_1235,train,remove,C0_exact,gsm8k_copy
pairs_arith_v2.csv,11045,arithmetic,gsm8k_test_1235,train,remove,C1_transformed,lmsys_rephrase
pairs_arith_v2.csv,11046,arithmetic,gsm8k_test_1235,train,remove,C2_answer_bearing,gsm8k_solution_frag
pairs_arith_v2.csv,11047,arithmetic,gsm8k_test_1235,train,retain,H2_same_template,gsmplus_numerical_substitution
pairs_arith_v2.csv,11048,arithmetic,gsm8k_test_1235,train,remove,C1_transformed,gsmplus_problem_understanding
pairs_arith_v2.csv,11049,arithmetic,gsm8k_test_1235,train,retain,H2_same_template,gsmplus_critical_thinking
pairs_arith_v2.csv,11050,arithmetic,gsm8k_test_1235,train,retain,H1_same_topic,svamp
pairs_arith_v2.csv,11051,arithmetic,gsm8k_test_1235,train,retain,H3_predating,asdiv
pairs_arith_v2.csv,11052,arithmetic,gsm8k_test_1235,train,retain,R_random,truthfulqa
pairs_arith_v2.csv,11062,arithmetic,gsm8k_test_1237,train,remove,C0_exact,gsm8k_copy
pairs_arith_v2.csv,11063,arithmetic,gsm8k_test_1237,train,remove,C1_transformed,lmsys_rephrase
pairs_arith_v2.csv,11064,arithmetic,gsm8k_test_1237,train,remove,C2_answer_bearing,gsm8k_solution_frag
pairs_arith_v2.csv,11065,arithmetic,gsm8k_test_1237,train,retain,H2_same_template,gsmplus_numerical_substitution
pairs_arith_v2.csv,11066,arithmetic,gsm8k_test_1237,train,remove,C1_transformed,gsmplus_problem_understanding
pairs_arith_v2.csv,11067,arithmetic,gsm8k_test_1237,train,retain,H2_same_template,gsmplus_critical_thinking
pairs_arith_v2.csv,11068,arithmetic,gsm8k_test_1237,train,retain,H1_same_topic,svamp
pairs_arith_v2.csv,11069,arithmetic,gsm8k_test_1237,train,retain,H3_predating,asdiv
pairs_arith_v2.csv,11070,arithmetic,gsm8k_test_1237,train,retain,R_random,truthfulqa
pairs_arith_v2.csv,11179,arithmetic,gsm8k_test_1250,train,remove,C0_exact,gsm8k_copy
pairs_arith_v2.csv,11180,arithmetic,gsm8k_test_1250,train,remove,C1_transformed,lmsys_rephrase
pairs_arith_v2.csv,11181,arithmetic,gsm8k_test_1250,train,remove,C2_answer_bearing,gsm8k_solution_frag
pairs_arith_v2.csv,11182,arithmetic,gsm8k_test_1250,train,retain,H2_same_template,gsmplus_numerical_substitution
pairs_arith_v2.csv,11183,arithmetic,gsm8k_test_1250,train,remove,C1_transformed,gsmplus_problem_understanding
pairs_arith_v2.csv,11184,arithmetic,gsm8k_test_1250,train,retain,H2_same_template,gsmplus_critical_thinking
pairs_arith_v2.csv,11185,arithmetic,gsm8k_test_1250,train,retain,H1_same_topic,svamp
pairs_arith_v2.csv,11186,arithmetic,gsm8k_test_1250,train,retain,H3_predating,asdiv
pairs_arith_v2.csv,11187,arithmetic,gsm8k_test_1250,train,retain,R_random,truthfulqa
pairs_arith_v2.csv,11259,arithmetic,gsm8k_test_1259,train,remove,C0_exact,gsm8k_copy
pairs_arith_v2.csv,11260,arithmetic,gsm8k_test_1259,train,remove,C1_transformed,lmsys_rephrase
pairs_arith_v2.csv,11261,arithmetic,gsm8k_test_1259,train,remove,C2_answer_bearing,gsm8k_solution_frag
pairs_arith_v2.csv,11262,arithmetic,gsm8k_test_1259,train,retain,H2_same_template,gsmplus_numerical_substitution
pairs_arith_v2.csv,11263,arithmetic,gsm8k_test_1259,train,remove,C1_transformed,gsmplus_problem_understanding
pairs_arith_v2.csv,11264,arithmetic,gsm8k_test_1259,train,retain,H2_same_template,gsmplus_critical_thinking
pairs_arith_v2.csv,11265,arithmetic,gsm8k_test_1259,train,retain,H1_same_topic,svamp
pairs_arith_v2.csv,11266,arithmetic,gsm8k_test_1259,train,retain,H3_predating,asdiv
pairs_arith_v2.csv,11267,arithmetic,gsm8k_test_1259,train,retain,R_random,truthfulqa
pairs_arith_v2.csv,11286,arithmetic,gsm8k_test_1262,train,remove,C0_exact,gsm8k_copy
pairs_arith_v2.csv,11287,arithmetic,gsm8k_test_1262,train,remove,C1_transformed,lmsys_rephrase
pairs_arith_v2.csv,11288,arithmetic,gsm8k_test_1262,train,remove,C2_answer_bearing,gsm8k_solution_frag
pairs_arith_v2.csv,11289,arithmetic,gsm8k_test_1262,train,retain,H2_same_template,gsmplus_numerical_substitution
pairs_arith_v2.csv,11290,arithmetic,gsm8k_test_1262,train,remove,C1_transformed,gsmplus_problem_understanding
pairs_arith_v2.csv,11291,arithmetic,gsm8k_test_1262,train,retain,H2_same_template,gsmplus_critical_thinking
pairs_arith_v2.csv,11292,arithmetic,gsm8k_test_1262,train,retain,H1_same_topic,svamp
pairs_arith_v2.csv,11293,arithmetic,gsm8k_test_1262,train,retain,H3_predating,asdiv
pairs_arith_v2.csv,11294,arithmetic,gsm8k_test_1262,train,retain,R_random,truthfulqa
pairs_arith_v2.csv,11313,arithmetic,gsm8k_test_1265,train,remove,C0_exact,gsm8k_copy
pairs_arith_v2.csv,11314,arithmetic,gsm8k_test_1265,train,remove,C1_transformed,lmsys_rephrase
pairs_arith_v2.csv,11315,arithmetic,gsm8k_test_1265,train,remove,C2_answer_bearing,gsm8k_solution_frag
pairs_arith_v2.csv,11316,arithmetic,gsm8k_test_1265,train,retain,H2_same_template,gsmplus_numerical_substitution
pairs_arith_v2.csv,11317,arithmetic,gsm8k_test_1265,train,remove,C1_transformed,gsmplus_problem_understanding
pairs_arith_v2.csv,11318,arithmetic,gsm8k_test_1265,train,retain,H2_same_template,gsmplus_critical_thinking
pairs_arith_v2.csv,11319,arithmetic,gsm8k_test_1265,train,retain,H1_same_topic,svamp
pairs_arith_v2.csv,11320,arithmetic,gsm8k_test_1265,train,retain,H3_predating,asdiv
pairs_arith_v2.csv,11321,arithmetic,gsm8k_test_1265,train,retain,R_random,truthfulqa
pairs_arith_v2.csv,11331,arithmetic,gsm8k_test_1267,train,remove,C0_exact,gsm8k_copy
pairs_arith_v2.csv,11332,arithmetic,gsm8k_test_1267,train,remove,C1_transformed,lmsys_rephrase
pairs_arith_v2.csv,11333,arithmetic,gsm8k_test_1267,train,remove,C2_answer_bearing,gsm8k_solution_frag
pairs_arith_v2.csv,11334,arithmetic,gsm8k_test_1267,train,retain,H2_same_template,gsmplus_numerical_substitution
pairs_arith_v2.csv,11335,arithmetic,gsm8k_test_1267,train,remove,C1_transformed,gsmplus_problem_understanding
pairs_arith_v2.csv,11336,arithmetic,gsm8k_test_1267,train,retain,H2_same_template,gsmplus_critical_thinking
pairs_arith_v2.csv,11337,arithmetic,gsm8k_test_1267,train,retain,H1_same_topic,svamp
pairs_arith_v2.csv,11338,arithmetic,gsm8k_test_1267,train,retain,H3_predating,asdiv
pairs_arith_v2.csv,11339,arithmetic,gsm8k_test_1267,train,retain,R_random,truthfulqa
pairs_arith_v2.csv,11340,arithmetic,gsm8k_test_1268,train,remove,C0_exact,gsm8k_copy
pairs_arith_v2.csv,11341,arithmetic,gsm8k_test_1268,train,remove,C1_transformed,lmsys_rephrase
pairs_arith_v2.csv,11342,arithmetic,gsm8k_test_1268,train,remove,C2_answer_bearing,gsm8k_solution_frag
pairs_arith_v2.csv,11343,arithmetic,gsm8k_test_1268,train,retain,H2_same_template,gsmplus_numerical_substitution
pairs_arith_v2.csv,11344,arithmetic,gsm8k_test_1268,train,remove,C1_transformed,gsmplus_problem_understanding
pairs_arith_v2.csv,11345,arithmetic,gsm8k_test_1268,train,retain,H2_same_template,gsmplus_critical_thinking
pairs_arith_v2.csv,11346,arithmetic,gsm8k_test_1268,train,retain,H1_same_topic,svamp
pairs_arith_v2.csv,11347,arithmetic,gsm8k_test_1268,train,retain,H3_predating,asdiv
pairs_arith_v2.csv,11348,arithmetic,gsm8k_test_1268,train,retain,R_random,truthfulqa
pairs_arith_v2.csv,11394,arithmetic,gsm8k_test_1274,train,remove,C0_exact,gsm8k_copy
pairs_arith_v2.csv,11395,arithmetic,gsm8k_test_1274,train,remove,C1_transformed,lmsys_rephrase
pairs_arith_v2.csv,11396,arithmetic,gsm8k_test_1274,train,remove,C2_answer_bearing,gsm8k_solution_frag
pairs_arith_v2.csv,11397,arithmetic,gsm8k_test_1274,train,retain,H2_same_template,gsmplus_numerical_substitution
pairs_arith_v2.csv,11398,arithmetic,gsm8k_test_1274,train,remove,C1_transformed,gsmplus_problem_understanding
pairs_arith_v2.csv,11399,arithmetic,gsm8k_test_1274,train,retain,H2_same_template,gsmplus_critical_thinking
pairs_arith_v2.csv,11400,arithmetic,gsm8k_test_1274,train,retain,H1_same_topic,svamp
pairs_arith_v2.csv,11401,arithmetic,gsm8k_test_1274,train,retain,H3_predating,asdiv
pairs_arith_v2.csv,11402,arithmetic,gsm8k_test_1274,train,retain,R_random,truthfulqa
pairs_arith_v2.csv,11412,arithmetic,gsm8k_test_1276,train,remove,C0_exact,gsm8k_copy
pairs_arith_v2.csv,11413,arithmetic,gsm8k_test_1276,train,remove,C1_transformed,lmsys_rephrase
pairs_arith_v2.csv,11414,arithmetic,gsm8k_test_1276,train,remove,C2_answer_bearing,gsm8k_solution_frag
pairs_arith_v2.csv,11415,arithmetic,gsm8k_test_1276,train,retain,H2_same_template,gsmplus_numerical_substitution
pairs_arith_v2.csv,11416,arithmetic,gsm8k_test_1276,train,remove,C1_transformed,gsmplus_problem_understanding
pairs_arith_v2.csv,11417,arithmetic,gsm8k_test_1276,train,retain,H2_same_template,gsmplus_critical_thinking
pairs_arith_v2.csv,11418,arithmetic,gsm8k_test_1276,train,retain,H1_same_topic,svamp
pairs_arith_v2.csv,11419,arithmetic,gsm8k_test_1276,train,retain,H3_predating,asdiv
pairs_arith_v2.csv,11420,arithmetic,gsm8k_test_1276,train,retain,R_random,truthfulqa
pairs_arith_v2.csv,11439,arithmetic,gsm8k_test_1279,train,remove,C0_exact,gsm8k_copy
pairs_arith_v2.csv,11440,arithmetic,gsm8k_test_1279,train,remove,C1_transformed,lmsys_rephrase
pairs_arith_v2.csv,11441,arithmetic,gsm8k_test_1279,train,remove,C2_answer_bearing,gsm8k_solution_frag
pairs_arith_v2.csv,11442,arithmetic,gsm8k_test_1279,train,retain,H2_same_template,gsmplus_numerical_substitution
pairs_arith_v2.csv,11443,arithmetic,gsm8k_test_1279,train,remove,C1_transformed,gsmplus_problem_understanding
pairs_arith_v2.csv,11444,arithmetic,gsm8k_test_1279,train,retain,H2_same_template,gsmplus_critical_thinking
pairs_arith_v2.csv,11445,arithmetic,gsm8k_test_1279,train,retain,H1_same_topic,svamp
pairs_arith_v2.csv,11446,arithmetic,gsm8k_test_1279,train,retain,H3_predating,asdiv
pairs_arith_v2.csv,11447,arithmetic,gsm8k_test_1279,train,retain,R_random,truthfulqa
pairs_arith_v2.csv,11448,arithmetic,gsm8k_test_1280,train,remove,C0_exact,gsm8k_copy
pairs_arith_v2.csv,11449,arithmetic,gsm8k_test_1280,train,remove,C1_transformed,lmsys_rephrase
pairs_arith_v2.csv,11450,arithmetic,gsm8k_test_1280,train,remove,C2_answer_bearing,gsm8k_solution_frag
pairs_arith_v2.csv,11451,arithmetic,gsm8k_test_1280,train,retain,H2_same_template,gsmplus_numerical_substitution
pairs_arith_v2.csv,11452,arithmetic,gsm8k_test_1280,train,remove,C1_transformed,gsmplus_problem_understanding
pairs_arith_v2.csv,11453,arithmetic,gsm8k_test_1280,train,retain,H2_same_template,gsmplus_critical_thinking
pairs_arith_v2.csv,11454,arithmetic,gsm8k_test_1280,train,retain,H1_same_topic,svamp
pairs_arith_v2.csv,11455,arithmetic,gsm8k_test_1280,train,retain,H3_predating,asdiv
pairs_arith_v2.csv,11456,arithmetic,gsm8k_test_1280,train,retain,R_random,truthfulqa
pairs_arith_v2.csv,11475,arithmetic,gsm8k_test_1283,train,remove,C0_exact,gsm8k_copy
pairs_arith_v2.csv,11476,arithmetic,gsm8k_test_1283,train,remove,C1_transformed,lmsys_rephrase
pairs_arith_v2.csv,11477,arithmetic,gsm8k_test_1283,train,remove,C2_answer_bearing,gsm8k_solution_frag
pairs_arith_v2.csv,11478,arithmetic,gsm8k_test_1283,train,retain,H2_same_template,gsmplus_numerical_substitution
pairs_arith_v2.csv,11479,arithmetic,gsm8k_test_1283,train,remove,C1_transformed,gsmplus_problem_understanding
pairs_arith_v2.csv,11480,arithmetic,gsm8k_test_1283,train,retain,H2_same_template,gsmplus_critical_thinking
pairs_arith_v2.csv,11481,arithmetic,gsm8k_test_1283,train,retain,H1_same_topic,svamp
pairs_arith_v2.csv,11482,arithmetic,gsm8k_test_1283,train,retain,H3_predating,asdiv
pairs_arith_v2.csv,11483,arithmetic,gsm8k_test_1283,train,retain,R_random,truthfulqa
pairs_arith_v2.csv,11502,arithmetic,gsm8k_test_1286,train,remove,C0_exact,gsm8k_copy
pairs_arith_v2.csv,11503,arithmetic,gsm8k_test_1286,train,remove,C1_transformed,lmsys_rephrase
pairs_arith_v2.csv,11504,arithmetic,gsm8k_test_1286,train,remove,C2_answer_bearing,gsm8k_solution_frag
pairs_arith_v2.csv,11505,arithmetic,gsm8k_test_1286,train,retain,H2_same_template,gsmplus_numerical_substitution
pairs_arith_v2.csv,11506,arithmetic,gsm8k_test_1286,train,remove,C1_transformed,gsmplus_problem_understanding
pairs_arith_v2.csv,11507,arithmetic,gsm8k_test_1286,train,retain,H2_same_template,gsmplus_critical_thinking
pairs_arith_v2.csv,11508,arithmetic,gsm8k_test_1286,train,retain,H1_same_topic,svamp
pairs_arith_v2.csv,11509,arithmetic,gsm8k_test_1286,train,retain,H3_predating,asdiv
pairs_arith_v2.csv,11510,arithmetic,gsm8k_test_1286,train,retain,R_random,truthfulqa
pairs_arith_v2.csv,11511,arithmetic,gsm8k_test_1287,train,remove,C0_exact,gsm8k_copy
pairs_arith_v2.csv,11512,arithmetic,gsm8k_test_1287,train,remove,C1_transformed,lmsys_rephrase
pairs_arith_v2.csv,11513,arithmetic,gsm8k_test_1287,train,remove,C2_answer_bearing,gsm8k_solution_frag
pairs_arith_v2.csv,11514,arithmetic,gsm8k_test_1287,train,retain,H2_same_template,gsmplus_numerical_substitution
pairs_arith_v2.csv,11515,arithmetic,gsm8k_test_1287,train,remove,C1_transformed,gsmplus_problem_understanding
pairs_arith_v2.csv,11516,arithmetic,gsm8k_test_1287,train,retain,H2_same_template,gsmplus_critical_thinking
pairs_arith_v2.csv,11517,arithmetic,gsm8k_test_1287,train,retain,H1_same_topic,svamp
pairs_arith_v2.csv,11518,arithmetic,gsm8k_test_1287,train,retain,H3_predating,asdiv
pairs_arith_v2.csv,11519,arithmetic,gsm8k_test_1287,train,retain,R_random,truthfulqa
pairs_arith_v2.csv,11520,arithmetic,gsm8k_test_1288,train,remove,C0_exact,gsm8k_copy
pairs_arith_v2.csv,11521,arithmetic,gsm8k_test_1288,train,remove,C1_transformed,lmsys_rephrase
pairs_arith_v2.csv,11522,arithmetic,gsm8k_test_1288,train,remove,C2_answer_bearing,gsm8k_solution_frag
pairs_arith_v2.csv,11523,arithmetic,gsm8k_test_1288,train,retain,H2_same_template,gsmplus_numerical_substitution
pairs_arith_v2.csv,11524,arithmetic,gsm8k_test_1288,train,remove,C1_transformed,gsmplus_problem_understanding
pairs_arith_v2.csv,11525,arithmetic,gsm8k_test_1288,train,retain,H2_same_template,gsmplus_critical_thinking
pairs_arith_v2.csv,11526,arithmetic,gsm8k_test_1288,train,retain,H1_same_topic,svamp
pairs_arith_v2.csv,11527,arithmetic,gsm8k_test_1288,train,retain,H3_predating,asdiv
pairs_arith_v2.csv,11528,arithmetic,gsm8k_test_1288,train,retain,R_random,truthfulqa
pairs_arith_v2.csv,11529,arithmetic,gsm8k_test_1289,train,remove,C0_exact,gsm8k_copy
pairs_arith_v2.csv,11530,arithmetic,gsm8k_test_1289,train,remove,C1_transformed,lmsys_rephrase
pairs_arith_v2.csv,11531,arithmetic,gsm8k_test_1289,train,remove,C2_answer_bearing,gsm8k_solution_frag
pairs_arith_v2.csv,11532,arithmetic,gsm8k_test_1289,train,retain,H2_same_template,gsmplus_numerical_substitution
pairs_arith_v2.csv,11533,arithmetic,gsm8k_test_1289,train,remove,C1_transformed,gsmplus_problem_understanding
pairs_arith_v2.csv,11534,arithmetic,gsm8k_test_1289,train,retain,H2_same_template,gsmplus_critical_thinking
pairs_arith_v2.csv,11535,arithmetic,gsm8k_test_1289,train,retain,H1_same_topic,svamp
pairs_arith_v2.csv,11536,arithmetic,gsm8k_test_1289,train,retain,H3_predating,asdiv
pairs_arith_v2.csv,11537,arithmetic,gsm8k_test_1289,train,retain,R_random,truthfulqa
pairs_arith_v2.csv,11592,arithmetic,gsm8k_test_1296,train,remove,C0_exact,gsm8k_copy
pairs_arith_v2.csv,11593,arithmetic,gsm8k_test_1296,train,remove,C1_transformed,lmsys_rephrase
pairs_arith_v2.csv,11594,arithmetic,gsm8k_test_1296,train,remove,C2_answer_bearing,gsm8k_solution_frag
pairs_arith_v2.csv,11595,arithmetic,gsm8k_test_1296,train,retain,H2_same_template,gsmplus_numerical_substitution
pairs_arith_v2.csv,11596,arithmetic,gsm8k_test_1296,train,remove,C1_transformed,gsmplus_problem_understanding
pairs_arith_v2.csv,11597,arithmetic,gsm8k_test_1296,train,retain,H2_same_template,gsmplus_critical_thinking
pairs_arith_v2.csv,11598,arithmetic,gsm8k_test_1296,train,retain,H1_same_topic,svamp
pairs_arith_v2.csv,11599,arithmetic,gsm8k_test_1296,train,retain,H3_predating,asdiv
pairs_arith_v2.csv,11600,arithmetic,gsm8k_test_1296,train,retain,R_random,truthfulqa
pairs_arith_v2.csv,11628,arithmetic,gsm8k_test_1300,train,remove,C0_exact,gsm8k_copy
pairs_arith_v2.csv,11629,arithmetic,gsm8k_test_1300,train,remove,C1_transformed,lmsys_rephrase
pairs_arith_v2.csv,11630,arithmetic,gsm8k_test_1300,train,remove,C2_answer_bearing,gsm8k_solution_frag
pairs_arith_v2.csv,11631,arithmetic,gsm8k_test_1300,train,retain,H2_same_template,gsmplus_numerical_substitution
pairs_arith_v2.csv,11632,arithmetic,gsm8k_test_1300,train,remove,C1_transformed,gsmplus_problem_understanding
pairs_arith_v2.csv,11633,arithmetic,gsm8k_test_1300,train,retain,H2_same_template,gsmplus_critical_thinking
pairs_arith_v2.csv,11634,arithmetic,gsm8k_test_1300,train,retain,H1_same_topic,svamp
pairs_arith_v2.csv,11635,arithmetic,gsm8k_test_1300,train,retain,H3_predating,asdiv
pairs_arith_v2.csv,11636,arithmetic,gsm8k_test_1300,train,retain,R_random,truthfulqa
pairs_arith_v2.csv,11673,arithmetic,gsm8k_test_1305,train,remove,C0_exact,gsm8k_copy
pairs_arith_v2.csv,11674,arithmetic,gsm8k_test_1305,train,remove,C1_transformed,lmsys_rephrase
pairs_arith_v2.csv,11675,arithmetic,gsm8k_test_1305,train,remove,C2_answer_bearing,gsm8k_solution_frag
pairs_arith_v2.csv,11676,arithmetic,gsm8k_test_1305,train,retain,H2_same_template,gsmplus_numerical_substitution
pairs_arith_v2.csv,11677,arithmetic,gsm8k_test_1305,train,remove,C1_transformed,gsmplus_problem_understanding
pairs_arith_v2.csv,11678,arithmetic,gsm8k_test_1305,train,retain,H2_same_template,gsmplus_critical_thinking
pairs_arith_v2.csv,11679,arithmetic,gsm8k_test_1305,train,retain,H1_same_topic,svamp
pairs_arith_v2.csv,11680,arithmetic,gsm8k_test_1305,train,retain,H3_predating,asdiv
pairs_arith_v2.csv,11681,arithmetic,gsm8k_test_1305,train,retain,R_random,truthfulqa
pairs_arith_v2.csv,11691,arithmetic,gsm8k_test_1307,train,remove,C0_exact,gsm8k_copy
pairs_arith_v2.csv,11692,arithmetic,gsm8k_test_1307,train,remove,C1_transformed,lmsys_rephrase
pairs_arith_v2.csv,11693,arithmetic,gsm8k_test_1307,train,remove,C2_answer_bearing,gsm8k_solution_frag
pairs_arith_v2.csv,11694,arithmetic,gsm8k_test_1307,train,retain,H2_same_template,gsmplus_numerical_substitution
pairs_arith_v2.csv,11695,arithmetic,gsm8k_test_1307,train,remove,C1_transformed,gsmplus_problem_understanding
pairs_arith_v2.csv,11696,arithmetic,gsm8k_test_1307,train,retain,H2_same_template,gsmplus_critical_thinking
pairs_arith_v2.csv,11697,arithmetic,gsm8k_test_1307,train,retain,H1_same_topic,svamp
pairs_arith_v2.csv,11698,arithmetic,gsm8k_test_1307,train,retain,H3_predating,asdiv
pairs_arith_v2.csv,11699,arithmetic,gsm8k_test_1307,train,retain,R_random,truthfulqa
pairs_arith_v2.csv,11736,arithmetic,gsm8k_test_1312,train,remove,C0_exact,gsm8k_copy
pairs_arith_v2.csv,11737,arithmetic,gsm8k_test_1312,train,remove,C1_transformed,lmsys_rephrase
pairs_arith_v2.csv,11738,arithmetic,gsm8k_test_1312,train,remove,C2_answer_bearing,gsm8k_solution_frag
pairs_arith_v2.csv,11739,arithmetic,gsm8k_test_1312,train,retain,H2_same_template,gsmplus_numerical_substitution
pairs_arith_v2.csv,11740,arithmetic,gsm8k_test_1312,train,remove,C1_transformed,gsmplus_problem_understanding
pairs_arith_v2.csv,11741,arithmetic,gsm8k_test_1312,train,retain,H2_same_template,gsmplus_critical_thinking
pairs_arith_v2.csv,11742,arithmetic,gsm8k_test_1312,train,retain,H1_same_topic,svamp
pairs_arith_v2.csv,11743,arithmetic,gsm8k_test_1312,train,retain,H3_predating,asdiv
pairs_arith_v2.csv,11744,arithmetic,gsm8k_test_1312,train,retain,R_random,truthfulqa
pairs_arith_v2.csv,11799,arithmetic,gsm8k_test_0473,train,retain,H2_gsm_symbolic,gsm_symbolic
pairs_arith_v2.csv,11800,arithmetic,gsm8k_test_0473,train,retain,H2_gsm_symbolic,gsm_symbolic
pairs_arith_v2.csv,11801,arithmetic,gsm8k_test_0473,train,retain,H2_gsm_symbolic_p1,gsm_symbolic_p1
pairs_arith_v2.csv,11802,arithmetic,gsm8k_test_0473,train,retain,H2_gsm_symbolic_p2,gsm_symbolic_p2
pairs_arith_v2.csv,11807,arithmetic,gsm8k_test_0184,train,retain,H2_gsm_symbolic,gsm_symbolic
pairs_arith_v2.csv,11808,arithmetic,gsm8k_test_0184,train,retain,H2_gsm_symbolic,gsm_symbolic
pairs_arith_v2.csv,11809,arithmetic,gsm8k_test_0184,train,retain,H2_gsm_symbolic_p1,gsm_symbolic_p1
pairs_arith_v2.csv,11810,arithmetic,gsm8k_test_0184,train,retain,H2_gsm_symbolic_p2,gsm_symbolic_p2
pairs_arith_v2.csv,11823,arithmetic,gsm8k_test_0145,train,retain,H2_gsm_symbolic,gsm_symbolic
pairs_arith_v2.csv,11824,arithmetic,gsm8k_test_0145,train,retain,H2_gsm_symbolic,gsm_symbolic
pairs_arith_v2.csv,11825,arithmetic,gsm8k_test_0145,train,retain,H2_gsm_symbolic_p1,gsm_symbolic_p1
pairs_arith_v2.csv,11826,arithmetic,gsm8k_test_0145,train,retain,H2_gsm_symbolic_p2,gsm_symbolic_p2
pairs_arith_v2.csv,11835,arithmetic,gsm8k_test_0930,train,retain,H2_gsm_symbolic,gsm_symbolic
pairs_arith_v2.csv,11836,arithmetic,gsm8k_test_0930,train,retain,H2_gsm_symbolic,gsm_symbolic
pairs_arith_v2.csv,11837,arithmetic,gsm8k_test_0930,train,retain,H2_gsm_symbolic_p1,gsm_symbolic_p1
pairs_arith_v2.csv,11838,arithmetic,gsm8k_test_0930,train,retain,H2_gsm_symbolic_p2,gsm_symbolic_p2
pairs_arith_v2.csv,11839,arithmetic,gsm8k_test_1223,train,retain,H2_gsm_symbolic,gsm_symbolic
pairs_arith_v2.csv,11840,arithmetic,gsm8k_test_1223,train,retain,H2_gsm_symbolic,gsm_symbolic
pairs_arith_v2.csv,11841,arithmetic,gsm8k_test_1223,train,retain,H2_gsm_symbolic_p1,gsm_symbolic_p1
pairs_arith_v2.csv,11842,arithmetic,gsm8k_test_1223,train,retain,H2_gsm_symbolic_p2,gsm_symbolic_p2
pairs_arith_v2.csv,11843,arithmetic,gsm8k_test_0737,train,retain,H2_gsm_symbolic,gsm_symbolic
pairs_arith_v2.csv,11844,arithmetic,gsm8k_test_0737,train,retain,H2_gsm_symbolic,gsm_symbolic
pairs_arith_v2.csv,11845,arithmetic,gsm8k_test_0737,train,retain,H2_gsm_symbolic_p1,gsm_symbolic_p1
pairs_arith_v2.csv,11846,arithmetic,gsm8k_test_0737,train,retain,H2_gsm_symbolic_p2,gsm_symbolic_p2
pairs_arith_v2.csv,11847,arithmetic,gsm8k_test_0491,train,retain,H2_gsm_symbolic,gsm_symbolic
pairs_arith_v2.csv,11848,arithmetic,gsm8k_test_0491,train,retain,H2_gsm_symbolic,gsm_symbolic
pairs_arith_v2.csv,11849,arithmetic,gsm8k_test_0491,train,retain,H2_gsm_symbolic_p1,gsm_symbolic_p1
pairs_arith_v2.csv,11850,arithmetic,gsm8k_test_0491,train,retain,H2_gsm_symbolic_p2,gsm_symbolic_p2
pairs_arith_v2.csv,11863,arithmetic,gsm8k_test_0976,train,retain,H2_gsm_symbolic,gsm_symbolic
pairs_arith_v2.csv,11864,arithmetic,gsm8k_test_0976,train,retain,H2_gsm_symbolic,gsm_symbolic
pairs_arith_v2.csv,11865,arithmetic,gsm8k_test_0976,train,retain,H2_gsm_symbolic_p1,gsm_symbolic_p1
pairs_arith_v2.csv,11866,arithmetic,gsm8k_test_0976,train,retain,H2_gsm_symbolic_p2,gsm_symbolic_p2
pairs_arith_v2.csv,11887,arithmetic,gsm8k_test_0125,train,retain,H2_gsm_symbolic,gsm_symbolic
pairs_arith_v2.csv,11888,arithmetic,gsm8k_test_0125,train,retain,H2_gsm_symbolic,gsm_symbolic
pairs_arith_v2.csv,11889,arithmetic,gsm8k_test_0125,train,retain,H2_gsm_symbolic_p1,gsm_symbolic_p1
pairs_arith_v2.csv,11890,arithmetic,gsm8k_test_0125,train,retain,H2_gsm_symbolic_p2,gsm_symbolic_p2
pairs_arith_v2.csv,11895,arithmetic,gsm8k_test_0043,train,retain,H2_gsm_symbolic,gsm_symbolic
pairs_arith_v2.csv,11896,arithmetic,gsm8k_test_0043,train,retain,H2_gsm_symbolic,gsm_symbolic
pairs_arith_v2.csv,11897,arithmetic,gsm8k_test_0043,train,retain,H2_gsm_symbolic_p1,gsm_symbolic_p1
pairs_arith_v2.csv,11898,arithmetic,gsm8k_test_0043,train,retain,H2_gsm_symbolic_p2,gsm_symbolic_p2
pairs_arith_v2.csv,11899,arithmetic,gsm8k_test_0982,train,retain,H2_gsm_symbolic,gsm_symbolic
pairs_arith_v2.csv,11900,arithmetic,gsm8k_test_0982,train,retain,H2_gsm_symbolic,gsm_symbolic
pairs_arith_v2.csv,11901,arithmetic,gsm8k_test_0982,train,retain,H2_gsm_symbolic_p1,gsm_symbolic_p1
pairs_arith_v2.csv,11902,arithmetic,gsm8k_test_0982,train,retain,H2_gsm_symbolic_p2,gsm_symbolic_p2
pairs_arith_v2.csv,11903,arithmetic,gsm8k_test_1023,train,retain,H2_gsm_symbolic,gsm_symbolic
pairs_arith_v2.csv,11904,arithmetic,gsm8k_test_1023,train,retain,H2_gsm_symbolic,gsm_symbolic
pairs_arith_v2.csv,11905,arithmetic,gsm8k_test_1023,train,retain,H2_gsm_symbolic_p1,gsm_symbolic_p1
pairs_arith_v2.csv,11906,arithmetic,gsm8k_test_1023,train,retain,H2_gsm_symbolic_p2,gsm_symbolic_p2
pairs_arith_v2.csv,11911,arithmetic,gsm8k_test_0955,train,retain,H2_gsm_symbolic,gsm_symbolic
pairs_arith_v2.csv,11912,arithmetic,gsm8k_test_0955,train,retain,H2_gsm_symbolic,gsm_symbolic
pairs_arith_v2.csv,11913,arithmetic,gsm8k_test_0955,train,retain,H2_gsm_symbolic_p1,gsm_symbolic_p1
pairs_arith_v2.csv,11914,arithmetic,gsm8k_test_0955,train,retain,H2_gsm_symbolic_p2,gsm_symbolic_p2
pairs_arith_v2.csv,11919,arithmetic,gsm8k_test_0873,train,retain,H2_gsm_symbolic,gsm_symbolic
pairs_arith_v2.csv,11920,arithmetic,gsm8k_test_0873,train,retain,H2_gsm_symbolic,gsm_symbolic
pairs_arith_v2.csv,11921,arithmetic,gsm8k_test_0873,train,retain,H2_gsm_symbolic_p1,gsm_symbolic_p1
pairs_arith_v2.csv,11922,arithmetic,gsm8k_test_0873,train,retain,H2_gsm_symbolic_p2,gsm_symbolic_p2
pairs_arith_v2.csv,11935,arithmetic,gsm8k_test_0266,train,retain,H2_gsm_symbolic,gsm_symbolic
pairs_arith_v2.csv,11936,arithmetic,gsm8k_test_0266,train,retain,H2_gsm_symbolic,gsm_symbolic
pairs_arith_v2.csv,11937,arithmetic,gsm8k_test_0266,train,retain,H2_gsm_symbolic_p1,gsm_symbolic_p1
pairs_arith_v2.csv,11938,arithmetic,gsm8k_test_0266,train,retain,H2_gsm_symbolic_p2,gsm_symbolic_p2
pairs_arith_v2.csv,11939,arithmetic,gsm8k_test_0788,train,retain,H2_gsm_symbolic,gsm_symbolic
pairs_arith_v2.csv,11940,arithmetic,gsm8k_test_0788,train,retain,H2_gsm_symbolic,gsm_symbolic
pairs_arith_v2.csv,11941,arithmetic,gsm8k_test_0788,train,retain,H2_gsm_symbolic_p1,gsm_symbolic_p1
pairs_arith_v2.csv,11942,arithmetic,gsm8k_test_0788,train,retain,H2_gsm_symbolic_p2,gsm_symbolic_p2
pairs_arith_v2.csv,11947,arithmetic,gsm8k_test_0921,train,retain,H2_gsm_symbolic,gsm_symbolic
pairs_arith_v2.csv,11948,arithmetic,gsm8k_test_0921,train,retain,H2_gsm_symbolic,gsm_symbolic
pairs_arith_v2.csv,11949,arithmetic,gsm8k_test_0921,train,retain,H2_gsm_symbolic_p1,gsm_symbolic_p1
pairs_arith_v2.csv,11950,arithmetic,gsm8k_test_0921,train,retain,H2_gsm_symbolic_p2,gsm_symbolic_p2
pairs_arith_v2.csv,11951,arithmetic,gsm8k_test_0799,train,retain,H2_gsm_symbolic,gsm_symbolic
pairs_arith_v2.csv,11952,arithmetic,gsm8k_test_0799,train,retain,H2_gsm_symbolic,gsm_symbolic
pairs_arith_v2.csv,11953,arithmetic,gsm8k_test_0799,train,retain,H2_gsm_symbolic_p1,gsm_symbolic_p1
pairs_arith_v2.csv,11954,arithmetic,gsm8k_test_0799,train,retain,H2_gsm_symbolic_p2,gsm_symbolic_p2
pairs_arith_v2.csv,11963,arithmetic,gsm8k_test_1268,train,retain,H2_gsm_symbolic,gsm_symbolic
pairs_arith_v2.csv,11964,arithmetic,gsm8k_test_1268,train,retain,H2_gsm_symbolic,gsm_symbolic
pairs_arith_v2.csv,11965,arithmetic,gsm8k_test_1268,train,retain,H2_gsm_symbolic_p1,gsm_symbolic_p1
pairs_arith_v2.csv,11966,arithmetic,gsm8k_test_1268,train,retain,H2_gsm_symbolic_p2,gsm_symbolic_p2
pairs_arith_v2.csv,11967,arithmetic,gsm8k_test_0661,train,retain,H2_gsm_symbolic,gsm_symbolic
pairs_arith_v2.csv,11968,arithmetic,gsm8k_test_0661,train,retain,H2_gsm_symbolic,gsm_symbolic
pairs_arith_v2.csv,11969,arithmetic,gsm8k_test_0661,train,retain,H2_gsm_symbolic_p1,gsm_symbolic_p1
pairs_arith_v2.csv,11970,arithmetic,gsm8k_test_0661,train,retain,H2_gsm_symbolic_p2,gsm_symbolic_p2
pairs_arith_v2.csv,11971,arithmetic,gsm8k_test_0232,train,retain,H2_gsm_symbolic,gsm_symbolic
pairs_arith_v2.csv,11972,arithmetic,gsm8k_test_0232,train,retain,H2_gsm_symbolic,gsm_symbolic
pairs_arith_v2.csv,11973,arithmetic,gsm8k_test_0232,train,retain,H2_gsm_symbolic_p1,gsm_symbolic_p1
pairs_arith_v2.csv,11974,arithmetic,gsm8k_test_0232,train,retain,H2_gsm_symbolic_p2,gsm_symbolic_p2
pairs_arith_v2.csv,11979,arithmetic,gsm8k_test_0984,train,retain,H2_gsm_symbolic,gsm_symbolic
pairs_arith_v2.csv,11980,arithmetic,gsm8k_test_0984,train,retain,H2_gsm_symbolic,gsm_symbolic
pairs_arith_v2.csv,11981,arithmetic,gsm8k_test_0984,train,retain,H2_gsm_symbolic_p1,gsm_symbolic_p1
pairs_arith_v2.csv,11982,arithmetic,gsm8k_test_0984,train,retain,H2_gsm_symbolic_p2,gsm_symbolic_p2
pairs_arith_v2.csv,11991,arithmetic,gsm8k_test_0989,train,retain,H2_gsm_symbolic,gsm_symbolic
pairs_arith_v2.csv,11992,arithmetic,gsm8k_test_0989,train,retain,H2_gsm_symbolic,gsm_symbolic
pairs_arith_v2.csv,11993,arithmetic,gsm8k_test_0989,train,retain,H2_gsm_symbolic_p1,gsm_symbolic_p1
pairs_arith_v2.csv,11994,arithmetic,gsm8k_test_0989,train,retain,H2_gsm_symbolic_p2,gsm_symbolic_p2
pairs_arith_v2.csv,11999,arithmetic,gsm8k_test_0440,train,retain,H2_gsm_symbolic,gsm_symbolic
pairs_arith_v2.csv,12000,arithmetic,gsm8k_test_0440,train,retain,H2_gsm_symbolic,gsm_symbolic
pairs_arith_v2.csv,12001,arithmetic,gsm8k_test_0440,train,retain,H2_gsm_symbolic_p1,gsm_symbolic_p1
pairs_arith_v2.csv,12005,arithmetic,gsm8k_test_0843,train,retain,H2_gsm_symbolic,gsm_symbolic
pairs_arith_v2.csv,12006,arithmetic,gsm8k_test_0843,train,retain,H2_gsm_symbolic,gsm_symbolic
pairs_arith_v2.csv,12007,arithmetic,gsm8k_test_0843,train,retain,H2_gsm_symbolic_p1,gsm_symbolic_p1
pairs_arith_v2.csv,12017,arithmetic,gsm8k_test_0400,train,retain,H2_gsm_symbolic,gsm_symbolic
pairs_arith_v2.csv,12018,arithmetic,gsm8k_test_0400,train,retain,H2_gsm_symbolic,gsm_symbolic
pairs_arith_v2.csv,12019,arithmetic,gsm8k_test_0400,train,retain,H2_gsm_symbolic_p1,gsm_symbolic_p1
pairs_arith_v2.csv,12029,arithmetic,gsm8k_test_0304,train,retain,H2_gsm_symbolic,gsm_symbolic
pairs_arith_v2.csv,12030,arithmetic,gsm8k_test_0304,train,retain,H2_gsm_symbolic,gsm_symbolic
pairs_arith_v2.csv,12031,arithmetic,gsm8k_test_0304,train,retain,H2_gsm_symbolic_p1,gsm_symbolic_p1
pairs_arith_v2.csv,12035,arithmetic,gsm8k_test_0456,train,retain,H2_gsm_symbolic,gsm_symbolic
pairs_arith_v2.csv,12036,arithmetic,gsm8k_test_0456,train,retain,H2_gsm_symbolic,gsm_symbolic
pairs_arith_v2.csv,12037,arithmetic,gsm8k_test_0456,train,retain,H2_gsm_symbolic_p1,gsm_symbolic_p1
pairs_arith_v2.csv,12041,arithmetic,gsm8k_test_0469,train,retain,H2_gsm_symbolic,gsm_symbolic
pairs_arith_v2.csv,12042,arithmetic,gsm8k_test_0469,train,retain,H2_gsm_symbolic,gsm_symbolic
pairs_arith_v2.csv,12043,arithmetic,gsm8k_test_0469,train,retain,H2_gsm_symbolic_p1,gsm_symbolic_p1
pairs_arith_v2.csv,12053,arithmetic,gsm8k_test_0220,train,retain,H2_gsm_symbolic,gsm_symbolic
pairs_arith_v2.csv,12054,arithmetic,gsm8k_test_0220,train,retain,H2_gsm_symbolic,gsm_symbolic
pairs_arith_v2.csv,12055,arithmetic,gsm8k_test_0220,train,retain,H2_gsm_symbolic_p1,gsm_symbolic_p1
pairs_arith_v2.csv,12065,arithmetic,gsm8k_test_0242,train,retain,H2_gsm_symbolic,gsm_symbolic
pairs_arith_v2.csv,12066,arithmetic,gsm8k_test_0242,train,retain,H2_gsm_symbolic,gsm_symbolic
pairs_arith_v2.csv,12067,arithmetic,gsm8k_test_0242,train,retain,H2_gsm_symbolic_p1,gsm_symbolic_p1
pairs_arith_v2.csv,12071,arithmetic,gsm8k_test_0364,train,retain,H2_gsm_symbolic,gsm_symbolic
pairs_arith_v2.csv,12072,arithmetic,gsm8k_test_0364,train,retain,H2_gsm_symbolic,gsm_symbolic
pairs_arith_v2.csv,12073,arithmetic,gsm8k_test_0364,train,retain,H2_gsm_symbolic_p1,gsm_symbolic_p1
pairs_arith_v2.csv,12080,arithmetic,gsm8k_test_0655,train,retain,H2_gsm_symbolic,gsm_symbolic
pairs_arith_v2.csv,12081,arithmetic,gsm8k_test_0655,train,retain,H2_gsm_symbolic,gsm_symbolic
pairs_arith_v2.csv,12082,arithmetic,gsm8k_test_0655,train,retain,H2_gsm_symbolic_p1,gsm_symbolic_p1
pairs_arith_v2.csv,12086,arithmetic,gsm8k_test_1074,train,retain,H2_gsm_symbolic,gsm_symbolic
pairs_arith_v2.csv,12087,arithmetic,gsm8k_test_1074,train,retain,H2_gsm_symbolic,gsm_symbolic
pairs_arith_v2.csv,12088,arithmetic,gsm8k_test_1074,train,retain,H2_gsm_symbolic_p1,gsm_symbolic_p1
pairs_arith_v2.csv,12089,arithmetic,gsm8k_test_0434,train,retain,H2_gsm_symbolic,gsm_symbolic
pairs_arith_v2.csv,12090,arithmetic,gsm8k_test_0434,train,retain,H2_gsm_symbolic,gsm_symbolic
pairs_arith_v2.csv,12091,arithmetic,gsm8k_test_0434,train,retain,H2_gsm_symbolic_p1,gsm_symbolic_p1
pairs_arith_v2.csv,12092,arithmetic,gsm8k_test_1025,train,retain,H2_gsm_symbolic,gsm_symbolic
pairs_arith_v2.csv,12093,arithmetic,gsm8k_test_1025,train,retain,H2_gsm_symbolic,gsm_symbolic
pairs_arith_v2.csv,12094,arithmetic,gsm8k_test_1025,train,retain,H2_gsm_symbolic_p1,gsm_symbolic_p1
pairs_arith_v2.csv,12098,arithmetic,gsm8k_test_1305,train,retain,H2_gsm_symbolic,gsm_symbolic
pairs_arith_v2.csv,12099,arithmetic,gsm8k_test_1305,train,retain,H2_gsm_symbolic,gsm_symbolic
pairs_arith_v2.csv,12100,arithmetic,gsm8k_test_1305,train,retain,H2_gsm_symbolic_p1,gsm_symbolic_p1
pairs_arith_v2.csv,12110,arithmetic,gsm8k_test_1099,train,retain,H2_gsm_symbolic,gsm_symbolic
pairs_arith_v2.csv,12111,arithmetic,gsm8k_test_1099,train,retain,H2_gsm_symbolic,gsm_symbolic
pairs_arith_v2.csv,12112,arithmetic,gsm8k_test_1099,train,retain,H2_gsm_symbolic_p1,gsm_symbolic_p1
pairs_arith_v2.csv,12122,arithmetic,gsm8k_test_0406,train,retain,H2_gsm_symbolic,gsm_symbolic
pairs_arith_v2.csv,12123,arithmetic,gsm8k_test_0406,train,retain,H2_gsm_symbolic,gsm_symbolic
pairs_arith_v2.csv,12124,arithmetic,gsm8k_test_0406,train,retain,H2_gsm_symbolic_p1,gsm_symbolic_p1
pairs_arith_v2.csv,12134,arithmetic,gsm8k_test_0918,train,retain,H2_gsm_symbolic,gsm_symbolic
pairs_arith_v2.csv,12135,arithmetic,gsm8k_test_0918,train,retain,H2_gsm_symbolic,gsm_symbolic
pairs_arith_v2.csv,12136,arithmetic,gsm8k_test_0918,train,retain,H2_gsm_symbolic_p1,gsm_symbolic_p1
pairs_arith_v2.csv,12140,arithmetic,gsm8k_test_0636,train,retain,H2_gsm_symbolic,gsm_symbolic
pairs_arith_v2.csv,12141,arithmetic,gsm8k_test_0636,train,retain,H2_gsm_symbolic,gsm_symbolic
pairs_arith_v2.csv,12142,arithmetic,gsm8k_test_0636,train,retain,H2_gsm_symbolic_p1,gsm_symbolic_p1
pairs_mcq_v2.csv,11,mcq,mmlu_abstract_algebra_0002,train,remove,C0_exact,mmlu_copy
pairs_mcq_v2.csv,12,mcq,mmlu_abstract_algebra_0002,train,remove,C1_transformed,lmsys_rephrase
pairs_mcq_v2.csv,13,mcq,mmlu_abstract_algebra_0002,train,remove,C2_answer_bearing,mmlu_answer_frag
pairs_mcq_v2.csv,14,mcq,mmlu_abstract_algebra_0002,train,retain,H1_same_topic,mmlu_same_subject_other_item
pairs_mcq_v2.csv,15,mcq,mmlu_abstract_algebra_0002,train,retain,H3_predating,logiqa
pairs_mcq_v2.csv,16,mcq,mmlu_abstract_algebra_0002,train,retain,R_random,svamp
pairs_mcq_v2.csv,17,mcq,mmlu_abstract_algebra_0003,train,remove,C0_exact,mmlu_copy
pairs_mcq_v2.csv,18,mcq,mmlu_abstract_algebra_0003,train,remove,C1_transformed,lmsys_rephrase
pairs_mcq_v2.csv,19,mcq,mmlu_abstract_algebra_0003,train,remove,C2_answer_bearing,mmlu_answer_frag
pairs_mcq_v2.csv,20,mcq,mmlu_abstract_algebra_0003,train,retain,H1_same_topic,mmlu_same_subject_other_item
pairs_mcq_v2.csv,21,mcq,mmlu_abstract_algebra_0003,train,retain,H3_predating,logiqa
pairs_mcq_v2.csv,22,mcq,mmlu_abstract_algebra_0003,train,retain,R_random,svamp
pairs_mcq_v2.csv,23,mcq,mmlu_abstract_algebra_0004,train,remove,C0_exact,mmlu_copy
pairs_mcq_v2.csv,24,mcq,mmlu_abstract_algebra_0004,train,remove,C1_transformed,lmsys_rephrase
pairs_mcq_v2.csv,25,mcq,mmlu_abstract_algebra_0004,train,remove,C2_answer_bearing,mmlu_answer_frag
pairs_mcq_v2.csv,26,mcq,mmlu_abstract_algebra_0004,train,retain,H1_same_topic,mmlu_same_subject_other_item
pairs_mcq_v2.csv,27,mcq,mmlu_abstract_algebra_0004,train,retain,H3_predating,logiqa
pairs_mcq_v2.csv,28,mcq,mmlu_abstract_algebra_0004,train,retain,R_random,svamp
pairs_mcq_v2.csv,29,mcq,mmlu_abstract_algebra_0005,train,remove,C0_exact,mmlu_copy
pairs_mcq_v2.csv,30,mcq,mmlu_abstract_algebra_0005,train,remove,C1_transformed,lmsys_rephrase
pairs_mcq_v2.csv,31,mcq,mmlu_abstract_algebra_0005,train,remove,C2_answer_bearing,mmlu_answer_frag
pairs_mcq_v2.csv,32,mcq,mmlu_abstract_algebra_0005,train,retain,H1_same_topic,mmlu_same_subject_other_item
pairs_mcq_v2.csv,33,mcq,mmlu_abstract_algebra_0005,train,retain,H3_predating,logiqa
pairs_mcq_v2.csv,34,mcq,mmlu_abstract_algebra_0005,train,retain,R_random,svamp
pairs_mcq_v2.csv,41,mcq,mmlu_abstract_algebra_0007,train,remove,C0_exact,mmlu_copy
pairs_mcq_v2.csv,42,mcq,mmlu_abstract_algebra_0007,train,remove,C1_transformed,lmsys_rephrase
pairs_mcq_v2.csv,43,mcq,mmlu_abstract_algebra_0007,train,remove,C2_answer_bearing,mmlu_answer_frag
pairs_mcq_v2.csv,44,mcq,mmlu_abstract_algebra_0007,train,retain,H1_same_topic,mmlu_same_subject_other_item
pairs_mcq_v2.csv,45,mcq,mmlu_abstract_algebra_0007,train,retain,H3_predating,logiqa
pairs_mcq_v2.csv,46,mcq,mmlu_abstract_algebra_0007,train,retain,R_random,svamp
pairs_mcq_v2.csv,59,mcq,mmlu_abstract_algebra_0010,train,remove,C0_exact,mmlu_copy
pairs_mcq_v2.csv,60,mcq,mmlu_abstract_algebra_0010,train,remove,C1_transformed,lmsys_rephrase
pairs_mcq_v2.csv,61,mcq,mmlu_abstract_algebra_0010,train,remove,C2_answer_bearing,mmlu_answer_frag
pairs_mcq_v2.csv,62,mcq,mmlu_abstract_algebra_0010,train,retain,H1_same_topic,mmlu_same_subject_other_item
pairs_mcq_v2.csv,63,mcq,mmlu_abstract_algebra_0010,train,retain,H3_predating,logiqa
pairs_mcq_v2.csv,64,mcq,mmlu_abstract_algebra_0010,train,retain,R_random,svamp
pairs_mcq_v2.csv,101,mcq,mmlu_abstract_algebra_0017,train,remove,C0_exact,mmlu_copy
pairs_mcq_v2.csv,102,mcq,mmlu_abstract_algebra_0017,train,remove,C1_transformed,lmsys_rephrase
pairs_mcq_v2.csv,103,mcq,mmlu_abstract_algebra_0017,train,remove,C2_answer_bearing,mmlu_answer_frag
pairs_mcq_v2.csv,104,mcq,mmlu_abstract_algebra_0017,train,retain,H1_same_topic,mmlu_same_subject_other_item
pairs_mcq_v2.csv,105,mcq,mmlu_abstract_algebra_0017,train,retain,H3_predating,logiqa
pairs_mcq_v2.csv,106,mcq,mmlu_abstract_algebra_0017,train,retain,R_random,svamp
pairs_mcq_v2.csv,119,mcq,mmlu_abstract_algebra_0020,train,remove,C0_exact,mmlu_copy
pairs_mcq_v2.csv,120,mcq,mmlu_abstract_algebra_0020,train,remove,C1_transformed,lmsys_rephrase
pairs_mcq_v2.csv,121,mcq,mmlu_abstract_algebra_0020,train,remove,C2_answer_bearing,mmlu_answer_frag
pairs_mcq_v2.csv,122,mcq,mmlu_abstract_algebra_0020,train,retain,H1_same_topic,mmlu_same_subject_other_item
pairs_mcq_v2.csv,123,mcq,mmlu_abstract_algebra_0020,train,retain,H3_predating,logiqa
pairs_mcq_v2.csv,124,mcq,mmlu_abstract_algebra_0020,train,retain,R_random,svamp
pairs_mcq_v2.csv,131,mcq,mmlu_abstract_algebra_0022,train,remove,C0_exact,mmlu_copy
pairs_mcq_v2.csv,132,mcq,mmlu_abstract_algebra_0022,train,remove,C1_transformed,lmsys_rephrase
pairs_mcq_v2.csv,133,mcq,mmlu_abstract_algebra_0022,train,remove,C2_answer_bearing,mmlu_answer_frag
pairs_mcq_v2.csv,134,mcq,mmlu_abstract_algebra_0022,train,retain,H1_same_topic,mmlu_same_subject_other_item
pairs_mcq_v2.csv,135,mcq,mmlu_abstract_algebra_0022,train,retain,H3_predating,logiqa
pairs_mcq_v2.csv,136,mcq,mmlu_abstract_algebra_0022,train,retain,R_random,svamp
pairs_mcq_v2.csv,143,mcq,mmlu_abstract_algebra_0024,train,remove,C0_exact,mmlu_copy
pairs_mcq_v2.csv,144,mcq,mmlu_abstract_algebra_0024,train,remove,C1_transformed,lmsys_rephrase
pairs_mcq_v2.csv,145,mcq,mmlu_abstract_algebra_0024,train,remove,C2_answer_bearing,mmlu_answer_frag
pairs_mcq_v2.csv,146,mcq,mmlu_abstract_algebra_0024,train,retain,H1_same_topic,mmlu_same_subject_other_item
pairs_mcq_v2.csv,147,mcq,mmlu_abstract_algebra_0024,train,retain,H3_predating,logiqa
pairs_mcq_v2.csv,148,mcq,mmlu_abstract_algebra_0024,train,retain,R_random,svamp
pairs_mcq_v2.csv,161,mcq,mmlu_abstract_algebra_0027,train,remove,C0_exact,mmlu_copy
pairs_mcq_v2.csv,162,mcq,mmlu_abstract_algebra_0027,train,remove,C1_transformed,lmsys_rephrase
pairs_mcq_v2.csv,163,mcq,mmlu_abstract_algebra_0027,train,remove,C2_answer_bearing,mmlu_answer_frag
pairs_mcq_v2.csv,164,mcq,mmlu_abstract_algebra_0027,train,retain,H1_same_topic,mmlu_same_subject_other_item
pairs_mcq_v2.csv,165,mcq,mmlu_abstract_algebra_0027,train,retain,H3_predating,logiqa
pairs_mcq_v2.csv,166,mcq,mmlu_abstract_algebra_0027,train,retain,R_random,svamp
pairs_mcq_v2.csv,173,mcq,mmlu_abstract_algebra_0029,train,remove,C0_exact,mmlu_copy
pairs_mcq_v2.csv,174,mcq,mmlu_abstract_algebra_0029,train,remove,C1_transformed,lmsys_rephrase
pairs_mcq_v2.csv,175,mcq,mmlu_abstract_algebra_0029,train,remove,C2_answer_bearing,mmlu_answer_frag
pairs_mcq_v2.csv,176,mcq,mmlu_abstract_algebra_0029,train,retain,H1_same_topic,mmlu_same_subject_other_item
pairs_mcq_v2.csv,177,mcq,mmlu_abstract_algebra_0029,train,retain,H3_predating,logiqa
pairs_mcq_v2.csv,178,mcq,mmlu_abstract_algebra_0029,train,retain,R_random,svamp
pairs_mcq_v2.csv,185,mcq,mmlu_abstract_algebra_0031,train,remove,C0_exact,mmlu_copy
pairs_mcq_v2.csv,186,mcq,mmlu_abstract_algebra_0031,train,remove,C1_transformed,lmsys_rephrase
pairs_mcq_v2.csv,187,mcq,mmlu_abstract_algebra_0031,train,remove,C2_answer_bearing,mmlu_answer_frag
pairs_mcq_v2.csv,188,mcq,mmlu_abstract_algebra_0031,train,retain,H1_same_topic,mmlu_same_subject_other_item
pairs_mcq_v2.csv,189,mcq,mmlu_abstract_algebra_0031,train,retain,H3_predating,logiqa
pairs_mcq_v2.csv,190,mcq,mmlu_abstract_algebra_0031,train,retain,R_random,svamp
pairs_mcq_v2.csv,191,mcq,mmlu_abstract_algebra_0032,train,remove,C0_exact,mmlu_copy
pairs_mcq_v2.csv,192,mcq,mmlu_abstract_algebra_0032,train,remove,C2_answer_bearing,mmlu_answer_frag
pairs_mcq_v2.csv,193,mcq,mmlu_abstract_algebra_0032,train,retain,H1_same_topic,mmlu_same_subject_other_item
pairs_mcq_v2.csv,194,mcq,mmlu_abstract_algebra_0032,train,retain,H3_predating,logiqa
pairs_mcq_v2.csv,195,mcq,mmlu_abstract_algebra_0032,train,retain,R_random,svamp
pairs_mcq_v2.csv,231,mcq,mmlu_abstract_algebra_0039,train,remove,C0_exact,mmlu_copy
pairs_mcq_v2.csv,232,mcq,mmlu_abstract_algebra_0039,train,remove,C1_transformed,lmsys_rephrase
pairs_mcq_v2.csv,233,mcq,mmlu_abstract_algebra_0039,train,remove,C2_answer_bearing,mmlu_answer_frag
pairs_mcq_v2.csv,234,mcq,mmlu_abstract_algebra_0039,train,retain,H1_same_topic,mmlu_same_subject_other_item
pairs_mcq_v2.csv,235,mcq,mmlu_abstract_algebra_0039,train,retain,H3_predating,logiqa
pairs_mcq_v2.csv,236,mcq,mmlu_abstract_algebra_0039,train,retain,R_random,svamp
pairs_mcq_v2.csv,249,mcq,mmlu_abstract_algebra_0042,train,remove,C0_exact,mmlu_copy
pairs_mcq_v2.csv,250,mcq,mmlu_abstract_algebra_0042,train,remove,C1_transformed,lmsys_rephrase
pairs_mcq_v2.csv,251,mcq,mmlu_abstract_algebra_0042,train,remove,C2_answer_bearing,mmlu_answer_frag
pairs_mcq_v2.csv,252,mcq,mmlu_abstract_algebra_0042,train,retain,H1_same_topic,mmlu_same_subject_other_item
pairs_mcq_v2.csv,253,mcq,mmlu_abstract_algebra_0042,train,retain,H3_predating,logiqa
pairs_mcq_v2.csv,254,mcq,mmlu_abstract_algebra_0042,train,retain,R_random,svamp
pairs_mcq_v2.csv,255,mcq,mmlu_abstract_algebra_0043,train,remove,C0_exact,mmlu_copy
pairs_mcq_v2.csv,256,mcq,mmlu_abstract_algebra_0043,train,remove,C1_transformed,lmsys_rephrase
pairs_mcq_v2.csv,257,mcq,mmlu_abstract_algebra_0043,train,remove,C2_answer_bearing,mmlu_answer_frag
pairs_mcq_v2.csv,258,mcq,mmlu_abstract_algebra_0043,train,retain,H1_same_topic,mmlu_same_subject_other_item
pairs_mcq_v2.csv,259,mcq,mmlu_abstract_algebra_0043,train,retain,H3_predating,logiqa
pairs_mcq_v2.csv,260,mcq,mmlu_abstract_algebra_0043,train,retain,R_random,svamp
pairs_mcq_v2.csv,278,mcq,mmlu_abstract_algebra_0047,train,remove,C0_exact,mmlu_copy
pairs_mcq_v2.csv,279,mcq,mmlu_abstract_algebra_0047,train,remove,C1_transformed,lmsys_rephrase
pairs_mcq_v2.csv,280,mcq,mmlu_abstract_algebra_0047,train,remove,C2_answer_bearing,mmlu_answer_frag
pairs_mcq_v2.csv,281,mcq,mmlu_abstract_algebra_0047,train,retain,H1_same_topic,mmlu_same_subject_other_item
pairs_mcq_v2.csv,282,mcq,mmlu_abstract_algebra_0047,train,retain,H3_predating,logiqa
pairs_mcq_v2.csv,283,mcq,mmlu_abstract_algebra_0047,train,retain,R_random,svamp
pairs_mcq_v2.csv,284,mcq,mmlu_abstract_algebra_0048,train,remove,C0_exact,mmlu_copy
pairs_mcq_v2.csv,285,mcq,mmlu_abstract_algebra_0048,train,remove,C1_transformed,lmsys_rephrase
pairs_mcq_v2.csv,286,mcq,mmlu_abstract_algebra_0048,train,remove,C2_answer_bearing,mmlu_answer_frag
pairs_mcq_v2.csv,287,mcq,mmlu_abstract_algebra_0048,train,retain,H1_same_topic,mmlu_same_subject_other_item
pairs_mcq_v2.csv,288,mcq,mmlu_abstract_algebra_0048,train,retain,H3_predating,logiqa
pairs_mcq_v2.csv,289,mcq,mmlu_abstract_algebra_0048,train,retain,R_random,svamp
pairs_mcq_v2.csv,296,mcq,mmlu_abstract_algebra_0050,train,remove,C0_exact,mmlu_copy
pairs_mcq_v2.csv,297,mcq,mmlu_abstract_algebra_0050,train,remove,C1_transformed,lmsys_rephrase
pairs_mcq_v2.csv,298,mcq,mmlu_abstract_algebra_0050,train,remove,C2_answer_bearing,mmlu_answer_frag
pairs_mcq_v2.csv,299,mcq,mmlu_abstract_algebra_0050,train,retain,H1_same_topic,mmlu_same_subject_other_item
pairs_mcq_v2.csv,300,mcq,mmlu_abstract_algebra_0050,train,retain,H3_predating,logiqa
pairs_mcq_v2.csv,301,mcq,mmlu_abstract_algebra_0050,train,retain,R_random,svamp
pairs_mcq_v2.csv,314,mcq,mmlu_abstract_algebra_0053,train,remove,C0_exact,mmlu_copy
pairs_mcq_v2.csv,315,mcq,mmlu_abstract_algebra_0053,train,remove,C1_transformed,lmsys_rephrase
pairs_mcq_v2.csv,316,mcq,mmlu_abstract_algebra_0053,train,remove,C2_answer_bearing,mmlu_answer_frag
pairs_mcq_v2.csv,317,mcq,mmlu_abstract_algebra_0053,train,retain,H1_same_topic,mmlu_same_subject_other_item
pairs_mcq_v2.csv,318,mcq,mmlu_abstract_algebra_0053,train,retain,H3_predating,logiqa
pairs_mcq_v2.csv,319,mcq,mmlu_abstract_algebra_0053,train,retain,R_random,svamp
pairs_mcq_v2.csv,368,mcq,mmlu_abstract_algebra_0062,train,remove,C0_exact,mmlu_copy
pairs_mcq_v2.csv,369,mcq,mmlu_abstract_algebra_0062,train,remove,C1_transformed,lmsys_rephrase
pairs_mcq_v2.csv,370,mcq,mmlu_abstract_algebra_0062,train,remove,C2_answer_bearing,mmlu_answer_frag
pairs_mcq_v2.csv,371,mcq,mmlu_abstract_algebra_0062,train,retain,H1_same_topic,mmlu_same_subject_other_item
pairs_mcq_v2.csv,372,mcq,mmlu_abstract_algebra_0062,train,retain,H3_predating,logiqa
pairs_mcq_v2.csv,373,mcq,mmlu_abstract_algebra_0062,train,retain,R_random,svamp
pairs_mcq_v2.csv,374,mcq,mmlu_abstract_algebra_0063,train,remove,C0_exact,mmlu_copy
pairs_mcq_v2.csv,375,mcq,mmlu_abstract_algebra_0063,train,remove,C1_transformed,lmsys_rephrase
pairs_mcq_v2.csv,376,mcq,mmlu_abstract_algebra_0063,train,remove,C2_answer_bearing,mmlu_answer_frag
pairs_mcq_v2.csv,377,mcq,mmlu_abstract_algebra_0063,train,retain,H1_same_topic,mmlu_same_subject_other_item
pairs_mcq_v2.csv,378,mcq,mmlu_abstract_algebra_0063,train,retain,H3_predating,logiqa
pairs_mcq_v2.csv,379,mcq,mmlu_abstract_algebra_0063,train,retain,R_random,svamp
pairs_mcq_v2.csv,422,mcq,mmlu_abstract_algebra_0071,train,remove,C0_exact,mmlu_copy
pairs_mcq_v2.csv,423,mcq,mmlu_abstract_algebra_0071,train,remove,C1_transformed,lmsys_rephrase
pairs_mcq_v2.csv,424,mcq,mmlu_abstract_algebra_0071,train,remove,C2_answer_bearing,mmlu_answer_frag
pairs_mcq_v2.csv,425,mcq,mmlu_abstract_algebra_0071,train,retain,H1_same_topic,mmlu_same_subject_other_item
pairs_mcq_v2.csv,426,mcq,mmlu_abstract_algebra_0071,train,retain,H3_predating,logiqa
pairs_mcq_v2.csv,427,mcq,mmlu_abstract_algebra_0071,train,retain,R_random,svamp
pairs_mcq_v2.csv,440,mcq,mmlu_abstract_algebra_0074,train,remove,C0_exact,mmlu_copy
pairs_mcq_v2.csv,441,mcq,mmlu_abstract_algebra_0074,train,remove,C1_transformed,lmsys_rephrase
pairs_mcq_v2.csv,442,mcq,mmlu_abstract_algebra_0074,train,remove,C2_answer_bearing,mmlu_answer_frag
pairs_mcq_v2.csv,443,mcq,mmlu_abstract_algebra_0074,train,retain,H1_same_topic,mmlu_same_subject_other_item
pairs_mcq_v2.csv,444,mcq,mmlu_abstract_algebra_0074,train,retain,H3_predating,logiqa
pairs_mcq_v2.csv,445,mcq,mmlu_abstract_algebra_0074,train,retain,R_random,svamp
pairs_mcq_v2.csv,446,mcq,mmlu_abstract_algebra_0075,train,remove,C0_exact,mmlu_copy
pairs_mcq_v2.csv,447,mcq,mmlu_abstract_algebra_0075,train,remove,C1_transformed,lmsys_rephrase
pairs_mcq_v2.csv,448,mcq,mmlu_abstract_algebra_0075,train,remove,C2_answer_bearing,mmlu_answer_frag
pairs_mcq_v2.csv,449,mcq,mmlu_abstract_algebra_0075,train,retain,H1_same_topic,mmlu_same_subject_other_item
pairs_mcq_v2.csv,450,mcq,mmlu_abstract_algebra_0075,train,retain,H3_predating,logiqa
pairs_mcq_v2.csv,451,mcq,mmlu_abstract_algebra_0075,train,retain,R_random,svamp
pairs_mcq_v2.csv,452,mcq,mmlu_abstract_algebra_0076,train,remove,C0_exact,mmlu_copy
pairs_mcq_v2.csv,453,mcq,mmlu_abstract_algebra_0076,train,remove,C1_transformed,lmsys_rephrase
pairs_mcq_v2.csv,454,mcq,mmlu_abstract_algebra_0076,train,remove,C2_answer_bearing,mmlu_answer_frag
pairs_mcq_v2.csv,455,mcq,mmlu_abstract_algebra_0076,train,retain,H1_same_topic,mmlu_same_subject_other_item
pairs_mcq_v2.csv,456,mcq,mmlu_abstract_algebra_0076,train,retain,H3_predating,logiqa
pairs_mcq_v2.csv,457,mcq,mmlu_abstract_algebra_0076,train,retain,R_random,svamp
pairs_mcq_v2.csv,458,mcq,mmlu_abstract_algebra_0077,train,remove,C0_exact,mmlu_copy
pairs_mcq_v2.csv,459,mcq,mmlu_abstract_algebra_0077,train,remove,C1_transformed,lmsys_rephrase
pairs_mcq_v2.csv,460,mcq,mmlu_abstract_algebra_0077,train,remove,C2_answer_bearing,mmlu_answer_frag
pairs_mcq_v2.csv,461,mcq,mmlu_abstract_algebra_0077,train,retain,H1_same_topic,mmlu_same_subject_other_item
pairs_mcq_v2.csv,462,mcq,mmlu_abstract_algebra_0077,train,retain,H3_predating,logiqa
pairs_mcq_v2.csv,463,mcq,mmlu_abstract_algebra_0077,train,retain,R_random,svamp
pairs_mcq_v2.csv,470,mcq,mmlu_abstract_algebra_0079,train,remove,C0_exact,mmlu_copy
pairs_mcq_v2.csv,471,mcq,mmlu_abstract_algebra_0079,train,remove,C1_transformed,lmsys_rephrase
pairs_mcq_v2.csv,472,mcq,mmlu_abstract_algebra_0079,train,remove,C2_answer_bearing,mmlu_answer_frag
pairs_mcq_v2.csv,473,mcq,mmlu_abstract_algebra_0079,train,retain,H1_same_topic,mmlu_same_subject_other_item
pairs_mcq_v2.csv,474,mcq,mmlu_abstract_algebra_0079,train,retain,H3_predating,logiqa
pairs_mcq_v2.csv,475,mcq,mmlu_abstract_algebra_0079,train,retain,R_random,svamp
pairs_mcq_v2.csv,482,mcq,mmlu_abstract_algebra_0081,train,remove,C0_exact,mmlu_copy
pairs_mcq_v2.csv,483,mcq,mmlu_abstract_algebra_0081,train,remove,C1_transformed,lmsys_rephrase
pairs_mcq_v2.csv,484,mcq,mmlu_abstract_algebra_0081,train,remove,C2_answer_bearing,mmlu_answer_frag
pairs_mcq_v2.csv,485,mcq,mmlu_abstract_algebra_0081,train,retain,H1_same_topic,mmlu_same_subject_other_item
pairs_mcq_v2.csv,486,mcq,mmlu_abstract_algebra_0081,train,retain,H3_predating,logiqa
pairs_mcq_v2.csv,487,mcq,mmlu_abstract_algebra_0081,train,retain,R_random,svamp
pairs_mcq_v2.csv,500,mcq,mmlu_abstract_algebra_0084,train,remove,C0_exact,mmlu_copy
pairs_mcq_v2.csv,501,mcq,mmlu_abstract_algebra_0084,train,remove,C1_transformed,lmsys_rephrase
pairs_mcq_v2.csv,502,mcq,mmlu_abstract_algebra_0084,train,remove,C2_answer_bearing,mmlu_answer_frag
pairs_mcq_v2.csv,503,mcq,mmlu_abstract_algebra_0084,train,retain,H1_same_topic,mmlu_same_subject_other_item
pairs_mcq_v2.csv,504,mcq,mmlu_abstract_algebra_0084,train,retain,H3_predating,logiqa
pairs_mcq_v2.csv,505,mcq,mmlu_abstract_algebra_0084,train,retain,R_random,svamp
pairs_mcq_v2.csv,506,mcq,mmlu_abstract_algebra_0085,train,remove,C0_exact,mmlu_copy
pairs_mcq_v2.csv,507,mcq,mmlu_abstract_algebra_0085,train,remove,C1_transformed,lmsys_rephrase
pairs_mcq_v2.csv,508,mcq,mmlu_abstract_algebra_0085,train,remove,C2_answer_bearing,mmlu_answer_frag
pairs_mcq_v2.csv,509,mcq,mmlu_abstract_algebra_0085,train,retain,H1_same_topic,mmlu_same_subject_other_item
pairs_mcq_v2.csv,510,mcq,mmlu_abstract_algebra_0085,train,retain,H3_predating,logiqa
pairs_mcq_v2.csv,511,mcq,mmlu_abstract_algebra_0085,train,retain,R_random,svamp
pairs_mcq_v2.csv,542,mcq,mmlu_abstract_algebra_0091,train,remove,C0_exact,mmlu_copy
pairs_mcq_v2.csv,543,mcq,mmlu_abstract_algebra_0091,train,remove,C1_transformed,lmsys_rephrase
pairs_mcq_v2.csv,544,mcq,mmlu_abstract_algebra_0091,train,remove,C2_answer_bearing,mmlu_answer_frag
pairs_mcq_v2.csv,545,mcq,mmlu_abstract_algebra_0091,train,retain,H1_same_topic,mmlu_same_subject_other_item
pairs_mcq_v2.csv,546,mcq,mmlu_abstract_algebra_0091,train,retain,H3_predating,logiqa
pairs_mcq_v2.csv,547,mcq,mmlu_abstract_algebra_0091,train,retain,R_random,svamp
pairs_mcq_v2.csv,548,mcq,mmlu_abstract_algebra_0092,train,remove,C0_exact,mmlu_copy
pairs_mcq_v2.csv,549,mcq,mmlu_abstract_algebra_0092,train,remove,C1_transformed,lmsys_rephrase
pairs_mcq_v2.csv,550,mcq,mmlu_abstract_algebra_0092,train,remove,C2_answer_bearing,mmlu_answer_frag
pairs_mcq_v2.csv,551,mcq,mmlu_abstract_algebra_0092,train,retain,H1_same_topic,mmlu_same_subject_other_item
pairs_mcq_v2.csv,552,mcq,mmlu_abstract_algebra_0092,train,retain,H3_predating,logiqa
pairs_mcq_v2.csv,553,mcq,mmlu_abstract_algebra_0092,train,retain,R_random,svamp
pairs_mcq_v2.csv,572,mcq,mmlu_abstract_algebra_0096,train,remove,C0_exact,mmlu_copy
pairs_mcq_v2.csv,573,mcq,mmlu_abstract_algebra_0096,train,remove,C1_transformed,lmsys_rephrase
pairs_mcq_v2.csv,574,mcq,mmlu_abstract_algebra_0096,train,remove,C2_answer_bearing,mmlu_answer_frag
pairs_mcq_v2.csv,575,mcq,mmlu_abstract_algebra_0096,train,retain,H1_same_topic,mmlu_same_subject_other_item
pairs_mcq_v2.csv,576,mcq,mmlu_abstract_algebra_0096,train,retain,H3_predating,logiqa
pairs_mcq_v2.csv,577,mcq,mmlu_abstract_algebra_0096,train,retain,R_random,svamp
pairs_mcq_v2.csv,584,mcq,mmlu_abstract_algebra_0098,train,remove,C0_exact,mmlu_copy
pairs_mcq_v2.csv,585,mcq,mmlu_abstract_algebra_0098,train,remove,C1_transformed,lmsys_rephrase
pairs_mcq_v2.csv,586,mcq,mmlu_abstract_algebra_0098,train,remove,C2_answer_bearing,mmlu_answer_frag
pairs_mcq_v2.csv,587,mcq,mmlu_abstract_algebra_0098,train,retain,H1_same_topic,mmlu_same_subject_other_item
pairs_mcq_v2.csv,588,mcq,mmlu_abstract_algebra_0098,train,retain,H3_predating,logiqa
pairs_mcq_v2.csv,589,mcq,mmlu_abstract_algebra_0098,train,retain,R_random,svamp
pairs_mcq_v2.csv,607,mcq,mmlu_high_school_us_history_0002,train,remove,C0_exact,mmlu_copy
pairs_mcq_v2.csv,608,mcq,mmlu_high_school_us_history_0002,train,remove,C1_transformed,lmsys_rephrase
pairs_mcq_v2.csv,609,mcq,mmlu_high_school_us_history_0002,train,remove,C2_answer_bearing,mmlu_answer_frag
pairs_mcq_v2.csv,610,mcq,mmlu_high_school_us_history_0002,train,retain,H1_same_topic,mmlu_same_subject_other_item
pairs_mcq_v2.csv,611,mcq,mmlu_high_school_us_history_0002,train,retain,H3_predating,logiqa
pairs_mcq_v2.csv,612,mcq,mmlu_high_school_us_history_0002,train,retain,R_random,svamp
pairs_mcq_v2.csv,619,mcq,mmlu_high_school_us_history_0004,train,remove,C0_exact,mmlu_copy
pairs_mcq_v2.csv,620,mcq,mmlu_high_school_us_history_0004,train,remove,C1_transformed,lmsys_rephrase
pairs_mcq_v2.csv,621,mcq,mmlu_high_school_us_history_0004,train,remove,C2_answer_bearing,mmlu_answer_frag
pairs_mcq_v2.csv,622,mcq,mmlu_high_school_us_history_0004,train,retain,H1_same_topic,mmlu_same_subject_other_item
pairs_mcq_v2.csv,623,mcq,mmlu_high_school_us_history_0004,train,retain,H3_predating,logiqa
pairs_mcq_v2.csv,624,mcq,mmlu_high_school_us_history_0004,train,retain,R_random,svamp
pairs_mcq_v2.csv,631,mcq,mmlu_high_school_us_history_0006,train,remove,C0_exact,mmlu_copy
pairs_mcq_v2.csv,632,mcq,mmlu_high_school_us_history_0006,train,remove,C1_transformed,lmsys_rephrase
pairs_mcq_v2.csv,633,mcq,mmlu_high_school_us_history_0006,train,remove,C2_answer_bearing,mmlu_answer_frag
pairs_mcq_v2.csv,634,mcq,mmlu_high_school_us_history_0006,train,retain,H1_same_topic,mmlu_same_subject_other_item
pairs_mcq_v2.csv,635,mcq,mmlu_high_school_us_history_0006,train,retain,H3_predating,logiqa
pairs_mcq_v2.csv,636,mcq,mmlu_high_school_us_history_0006,train,retain,R_random,svamp
pairs_mcq_v2.csv,661,mcq,mmlu_high_school_us_history_0011,train,remove,C0_exact,mmlu_copy
pairs_mcq_v2.csv,662,mcq,mmlu_high_school_us_history_0011,train,remove,C1_transformed,lmsys_rephrase
pairs_mcq_v2.csv,663,mcq,mmlu_high_school_us_history_0011,train,remove,C2_answer_bearing,mmlu_answer_frag
pairs_mcq_v2.csv,664,mcq,mmlu_high_school_us_history_0011,train,retain,H1_same_topic,mmlu_same_subject_other_item
pairs_mcq_v2.csv,665,mcq,mmlu_high_school_us_history_0011,train,retain,H3_predating,logiqa
pairs_mcq_v2.csv,666,mcq,mmlu_high_school_us_history_0011,train,retain,R_random,svamp
pairs_mcq_v2.csv,673,mcq,mmlu_high_school_us_history_0013,train,remove,C0_exact,mmlu_copy
pairs_mcq_v2.csv,674,mcq,mmlu_high_school_us_history_0013,train,remove,C1_transformed,lmsys_rephrase
pairs_mcq_v2.csv,675,mcq,mmlu_high_school_us_history_0013,train,remove,C2_answer_bearing,mmlu_answer_frag
pairs_mcq_v2.csv,676,mcq,mmlu_high_school_us_history_0013,train,retain,H1_same_topic,mmlu_same_subject_other_item
pairs_mcq_v2.csv,677,mcq,mmlu_high_school_us_history_0013,train,retain,H3_predating,logiqa
pairs_mcq_v2.csv,678,mcq,mmlu_high_school_us_history_0013,train,retain,R_random,svamp
pairs_mcq_v2.csv,679,mcq,mmlu_high_school_us_history_0014,train,remove,C0_exact,mmlu_copy
pairs_mcq_v2.csv,680,mcq,mmlu_high_school_us_history_0014,train,remove,C1_transformed,lmsys_rephrase
pairs_mcq_v2.csv,681,mcq,mmlu_high_school_us_history_0014,train,remove,C2_answer_bearing,mmlu_answer_frag
pairs_mcq_v2.csv,682,mcq,mmlu_high_school_us_history_0014,train,retain,H1_same_topic,mmlu_same_subject_other_item
pairs_mcq_v2.csv,683,mcq,mmlu_high_school_us_history_0014,train,retain,H3_predating,logiqa
pairs_mcq_v2.csv,684,mcq,mmlu_high_school_us_history_0014,train,retain,R_random,svamp
pairs_mcq_v2.csv,685,mcq,mmlu_high_school_us_history_0015,train,remove,C0_exact,mmlu_copy
pairs_mcq_v2.csv,686,mcq,mmlu_high_school_us_history_0015,train,remove,C1_transformed,lmsys_rephrase
pairs_mcq_v2.csv,687,mcq,mmlu_high_school_us_history_0015,train,remove,C2_answer_bearing,mmlu_answer_frag
pairs_mcq_v2.csv,688,mcq,mmlu_high_school_us_history_0015,train,retain,H1_same_topic,mmlu_same_subject_other_item
pairs_mcq_v2.csv,689,mcq,mmlu_high_school_us_history_0015,train,retain,H3_predating,logiqa
pairs_mcq_v2.csv,690,mcq,mmlu_high_school_us_history_0015,train,retain,R_random,svamp
pairs_mcq_v2.csv,697,mcq,mmlu_high_school_us_history_0017,train,remove,C0_exact,mmlu_copy
pairs_mcq_v2.csv,698,mcq,mmlu_high_school_us_history_0017,train,remove,C1_transformed,lmsys_rephrase
pairs_mcq_v2.csv,699,mcq,mmlu_high_school_us_history_0017,train,remove,C2_answer_bearing,mmlu_answer_frag
pairs_mcq_v2.csv,700,mcq,mmlu_high_school_us_history_0017,train,retain,H1_same_topic,mmlu_same_subject_other_item
pairs_mcq_v2.csv,701,mcq,mmlu_high_school_us_history_0017,train,retain,H3_predating,logiqa
pairs_mcq_v2.csv,702,mcq,mmlu_high_school_us_history_0017,train,retain,R_random,svamp
pairs_mcq_v2.csv,703,mcq,mmlu_high_school_us_history_0018,train,remove,C0_exact,mmlu_copy
pairs_mcq_v2.csv,704,mcq,mmlu_high_school_us_history_0018,train,remove,C2_answer_bearing,mmlu_answer_frag
pairs_mcq_v2.csv,705,mcq,mmlu_high_school_us_history_0018,train,retain,H1_same_topic,mmlu_same_subject_other_item
pairs_mcq_v2.csv,706,mcq,mmlu_high_school_us_history_0018,train,retain,H3_predating,logiqa
pairs_mcq_v2.csv,707,mcq,mmlu_high_school_us_history_0018,train,retain,R_random,svamp
pairs_mcq_v2.csv,714,mcq,mmlu_high_school_us_history_0020,train,remove,C0_exact,mmlu_copy
pairs_mcq_v2.csv,715,mcq,mmlu_high_school_us_history_0020,train,remove,C1_transformed,lmsys_rephrase
pairs_mcq_v2.csv,716,mcq,mmlu_high_school_us_history_0020,train,remove,C2_answer_bearing,mmlu_answer_frag
pairs_mcq_v2.csv,717,mcq,mmlu_high_school_us_history_0020,train,retain,H1_same_topic,mmlu_same_subject_other_item
pairs_mcq_v2.csv,718,mcq,mmlu_high_school_us_history_0020,train,retain,H3_predating,logiqa
pairs_mcq_v2.csv,719,mcq,mmlu_high_school_us_history_0020,train,retain,R_random,svamp
pairs_mcq_v2.csv,726,mcq,mmlu_high_school_us_history_0022,train,remove,C0_exact,mmlu_copy
pairs_mcq_v2.csv,727,mcq,mmlu_high_school_us_history_0022,train,remove,C1_transformed,lmsys_rephrase
pairs_mcq_v2.csv,728,mcq,mmlu_high_school_us_history_0022,train,remove,C2_answer_bearing,mmlu_answer_frag
pairs_mcq_v2.csv,729,mcq,mmlu_high_school_us_history_0022,train,retain,H1_same_topic,mmlu_same_subject_other_item
pairs_mcq_v2.csv,730,mcq,mmlu_high_school_us_history_0022,train,retain,H3_predating,logiqa
pairs_mcq_v2.csv,731,mcq,mmlu_high_school_us_history_0022,train,retain,R_random,svamp
pairs_mcq_v2.csv,732,mcq,mmlu_high_school_us_history_0023,train,remove,C0_exact,mmlu_copy
pairs_mcq_v2.csv,733,mcq,mmlu_high_school_us_history_0023,train,remove,C1_transformed,lmsys_rephrase
pairs_mcq_v2.csv,734,mcq,mmlu_high_school_us_history_0023,train,remove,C2_answer_bearing,mmlu_answer_frag
pairs_mcq_v2.csv,735,mcq,mmlu_high_school_us_history_0023,train,retain,H1_same_topic,mmlu_same_subject_other_item
pairs_mcq_v2.csv,736,mcq,mmlu_high_school_us_history_0023,train,retain,H3_predating,logiqa
pairs_mcq_v2.csv,737,mcq,mmlu_high_school_us_history_0023,train,retain,R_random,svamp
pairs_mcq_v2.csv,762,mcq,mmlu_high_school_us_history_0028,train,remove,C0_exact,mmlu_copy
pairs_mcq_v2.csv,763,mcq,mmlu_high_school_us_history_0028,train,remove,C1_transformed,lmsys_rephrase
pairs_mcq_v2.csv,764,mcq,mmlu_high_school_us_history_0028,train,remove,C2_answer_bearing,mmlu_answer_frag
pairs_mcq_v2.csv,765,mcq,mmlu_high_school_us_history_0028,train,retain,H1_same_topic,mmlu_same_subject_other_item
pairs_mcq_v2.csv,766,mcq,mmlu_high_school_us_history_0028,train,retain,H3_predating,logiqa
pairs_mcq_v2.csv,767,mcq,mmlu_high_school_us_history_0028,train,retain,R_random,svamp
pairs_mcq_v2.csv,774,mcq,mmlu_high_school_us_history_0030,train,remove,C0_exact,mmlu_copy
pairs_mcq_v2.csv,775,mcq,mmlu_high_school_us_history_0030,train,remove,C1_transformed,lmsys_rephrase
pairs_mcq_v2.csv,776,mcq,mmlu_high_school_us_history_0030,train,remove,C2_answer_bearing,mmlu_answer_frag
pairs_mcq_v2.csv,777,mcq,mmlu_high_school_us_history_0030,train,retain,H1_same_topic,mmlu_same_subject_other_item
pairs_mcq_v2.csv,778,mcq,mmlu_high_school_us_history_0030,train,retain,H3_predating,logiqa
pairs_mcq_v2.csv,779,mcq,mmlu_high_school_us_history_0030,train,retain,R_random,svamp
pairs_mcq_v2.csv,791,mcq,mmlu_high_school_us_history_0033,train,remove,C0_exact,mmlu_copy
pairs_mcq_v2.csv,792,mcq,mmlu_high_school_us_history_0033,train,remove,C1_transformed,lmsys_rephrase
pairs_mcq_v2.csv,793,mcq,mmlu_high_school_us_history_0033,train,remove,C2_answer_bearing,mmlu_answer_frag
pairs_mcq_v2.csv,794,mcq,mmlu_high_school_us_history_0033,train,retain,H1_same_topic,mmlu_same_subject_other_item
pairs_mcq_v2.csv,795,mcq,mmlu_high_school_us_history_0033,train,retain,H3_predating,logiqa
pairs_mcq_v2.csv,796,mcq,mmlu_high_school_us_history_0033,train,retain,R_random,svamp
pairs_mcq_v2.csv,803,mcq,mmlu_high_school_us_history_0035,train,remove,C0_exact,mmlu_copy
pairs_mcq_v2.csv,804,mcq,mmlu_high_school_us_history_0035,train,remove,C1_transformed,lmsys_rephrase
pairs_mcq_v2.csv,805,mcq,mmlu_high_school_us_history_0035,train,remove,C2_answer_bearing,mmlu_answer_frag
pairs_mcq_v2.csv,806,mcq,mmlu_high_school_us_history_0035,train,retain,H1_same_topic,mmlu_same_subject_other_item
pairs_mcq_v2.csv,807,mcq,mmlu_high_school_us_history_0035,train,retain,H3_predating,logiqa
pairs_mcq_v2.csv,808,mcq,mmlu_high_school_us_history_0035,train,retain,R_random,svamp
pairs_mcq_v2.csv,809,mcq,mmlu_high_school_us_history_0036,train,remove,C0_exact,mmlu_copy
pairs_mcq_v2.csv,810,mcq,mmlu_high_school_us_history_0036,train,remove,C1_transformed,lmsys_rephrase
pairs_mcq_v2.csv,811,mcq,mmlu_high_school_us_history_0036,train,remove,C2_answer_bearing,mmlu_answer_frag
pairs_mcq_v2.csv,812,mcq,mmlu_high_school_us_history_0036,train,retain,H1_same_topic,mmlu_same_subject_other_item
pairs_mcq_v2.csv,813,mcq,mmlu_high_school_us_history_0036,train,retain,H3_predating,logiqa
pairs_mcq_v2.csv,814,mcq,mmlu_high_school_us_history_0036,train,retain,R_random,svamp
pairs_mcq_v2.csv,815,mcq,mmlu_high_school_us_history_0037,train,remove,C0_exact,mmlu_copy
pairs_mcq_v2.csv,816,mcq,mmlu_high_school_us_history_0037,train,remove,C1_transformed,lmsys_rephrase
pairs_mcq_v2.csv,817,mcq,mmlu_high_school_us_history_0037,train,remove,C2_answer_bearing,mmlu_answer_frag
pairs_mcq_v2.csv,818,mcq,mmlu_high_school_us_history_0037,train,retain,H1_same_topic,mmlu_same_subject_other_item
pairs_mcq_v2.csv,819,mcq,mmlu_high_school_us_history_0037,train,retain,H3_predating,logiqa
pairs_mcq_v2.csv,820,mcq,mmlu_high_school_us_history_0037,train,retain,R_random,svamp
pairs_mcq_v2.csv,821,mcq,mmlu_high_school_us_history_0038,train,remove,C0_exact,mmlu_copy
pairs_mcq_v2.csv,822,mcq,mmlu_high_school_us_history_0038,train,remove,C1_transformed,lmsys_rephrase
pairs_mcq_v2.csv,823,mcq,mmlu_high_school_us_history_0038,train,remove,C2_answer_bearing,mmlu_answer_frag
pairs_mcq_v2.csv,824,mcq,mmlu_high_school_us_history_0038,train,retain,H1_same_topic,mmlu_same_subject_other_item
pairs_mcq_v2.csv,825,mcq,mmlu_high_school_us_history_0038,train,retain,H3_predating,logiqa
pairs_mcq_v2.csv,826,mcq,mmlu_high_school_us_history_0038,train,retain,R_random,svamp
pairs_mcq_v2.csv,839,mcq,mmlu_high_school_us_history_0041,train,remove,C0_exact,mmlu_copy
pairs_mcq_v2.csv,840,mcq,mmlu_high_school_us_history_0041,train,remove,C1_transformed,lmsys_rephrase
pairs_mcq_v2.csv,841,mcq,mmlu_high_school_us_history_0041,train,remove,C2_answer_bearing,mmlu_answer_frag
pairs_mcq_v2.csv,842,mcq,mmlu_high_school_us_history_0041,train,retain,H1_same_topic,mmlu_same_subject_other_item
pairs_mcq_v2.csv,843,mcq,mmlu_high_school_us_history_0041,train,retain,H3_predating,logiqa
pairs_mcq_v2.csv,844,mcq,mmlu_high_school_us_history_0041,train,retain,R_random,svamp
pairs_mcq_v2.csv,886,mcq,mmlu_high_school_us_history_0049,train,remove,C0_exact,mmlu_copy
pairs_mcq_v2.csv,887,mcq,mmlu_high_school_us_history_0049,train,remove,C1_transformed,lmsys_rephrase
pairs_mcq_v2.csv,888,mcq,mmlu_high_school_us_history_0049,train,remove,C2_answer_bearing,mmlu_answer_frag
pairs_mcq_v2.csv,889,mcq,mmlu_high_school_us_history_0049,train,retain,H1_same_topic,mmlu_same_subject_other_item
pairs_mcq_v2.csv,890,mcq,mmlu_high_school_us_history_0049,train,retain,H3_predating,logiqa
pairs_mcq_v2.csv,891,mcq,mmlu_high_school_us_history_0049,train,retain,R_random,svamp
pairs_mcq_v2.csv,892,mcq,mmlu_high_school_us_history_0050,train,remove,C0_exact,mmlu_copy
pairs_mcq_v2.csv,893,mcq,mmlu_high_school_us_history_0050,train,remove,C1_transformed,lmsys_rephrase
pairs_mcq_v2.csv,894,mcq,mmlu_high_school_us_history_0050,train,remove,C2_answer_bearing,mmlu_answer_frag
pairs_mcq_v2.csv,895,mcq,mmlu_high_school_us_history_0050,train,retain,H1_same_topic,mmlu_same_subject_other_item
pairs_mcq_v2.csv,896,mcq,mmlu_high_school_us_history_0050,train,retain,H3_predating,logiqa
pairs_mcq_v2.csv,897,mcq,mmlu_high_school_us_history_0050,train,retain,R_random,svamp
pairs_mcq_v2.csv,898,mcq,mmlu_high_school_us_history_0051,train,remove,C0_exact,mmlu_copy
pairs_mcq_v2.csv,899,mcq,mmlu_high_school_us_history_0051,train,remove,C1_transformed,lmsys_rephrase
pairs_mcq_v2.csv,900,mcq,mmlu_high_school_us_history_0051,train,remove,C2_answer_bearing,mmlu_answer_frag
pairs_mcq_v2.csv,901,mcq,mmlu_high_school_us_history_0051,train,retain,H1_same_topic,mmlu_same_subject_other_item
pairs_mcq_v2.csv,902,mcq,mmlu_high_school_us_history_0051,train,retain,H3_predating,logiqa
pairs_mcq_v2.csv,903,mcq,mmlu_high_school_us_history_0051,train,retain,R_random,svamp
pairs_mcq_v2.csv,904,mcq,mmlu_high_school_us_history_0052,train,remove,C0_exact,mmlu_copy
pairs_mcq_v2.csv,905,mcq,mmlu_high_school_us_history_0052,train,remove,C1_transformed,lmsys_rephrase
pairs_mcq_v2.csv,906,mcq,mmlu_high_school_us_history_0052,train,remove,C2_answer_bearing,mmlu_answer_frag
pairs_mcq_v2.csv,907,mcq,mmlu_high_school_us_history_0052,train,retain,H1_same_topic,mmlu_same_subject_other_item
pairs_mcq_v2.csv,908,mcq,mmlu_high_school_us_history_0052,train,retain,H3_predating,logiqa
pairs_mcq_v2.csv,909,mcq,mmlu_high_school_us_history_0052,train,retain,R_random,svamp
pairs_mcq_v2.csv,934,mcq,mmlu_high_school_us_history_0057,train,remove,C0_exact,mmlu_copy
pairs_mcq_v2.csv,935,mcq,mmlu_high_school_us_history_0057,train,remove,C1_transformed,lmsys_rephrase
pairs_mcq_v2.csv,936,mcq,mmlu_high_school_us_history_0057,train,remove,C2_answer_bearing,mmlu_answer_frag
pairs_mcq_v2.csv,937,mcq,mmlu_high_school_us_history_0057,train,retain,H1_same_topic,mmlu_same_subject_other_item
pairs_mcq_v2.csv,938,mcq,mmlu_high_school_us_history_0057,train,retain,H3_predating,logiqa
pairs_mcq_v2.csv,939,mcq,mmlu_high_school_us_history_0057,train,retain,R_random,svamp
pairs_mcq_v2.csv,964,mcq,mmlu_high_school_us_history_0062,train,remove,C0_exact,mmlu_copy
pairs_mcq_v2.csv,965,mcq,mmlu_high_school_us_history_0062,train,remove,C1_transformed,lmsys_rephrase
pairs_mcq_v2.csv,966,mcq,mmlu_high_school_us_history_0062,train,remove,C2_answer_bearing,mmlu_answer_frag
pairs_mcq_v2.csv,967,mcq,mmlu_high_school_us_history_0062,train,retain,H1_same_topic,mmlu_same_subject_other_item
pairs_mcq_v2.csv,968,mcq,mmlu_high_school_us_history_0062,train,retain,H3_predating,logiqa
pairs_mcq_v2.csv,969,mcq,mmlu_high_school_us_history_0062,train,retain,R_random,svamp
pairs_mcq_v2.csv,976,mcq,mmlu_high_school_us_history_0064,train,remove,C0_exact,mmlu_copy
pairs_mcq_v2.csv,977,mcq,mmlu_high_school_us_history_0064,train,remove,C1_transformed,lmsys_rephrase
pairs_mcq_v2.csv,978,mcq,mmlu_high_school_us_history_0064,train,remove,C2_answer_bearing,mmlu_answer_frag
pairs_mcq_v2.csv,979,mcq,mmlu_high_school_us_history_0064,train,retain,H1_same_topic,mmlu_same_subject_other_item
pairs_mcq_v2.csv,980,mcq,mmlu_high_school_us_history_0064,train,retain,H3_predating,logiqa
pairs_mcq_v2.csv,981,mcq,mmlu_high_school_us_history_0064,train,retain,R_random,svamp
pairs_mcq_v2.csv,988,mcq,mmlu_high_school_us_history_0066,train,remove,C0_exact,mmlu_copy
pairs_mcq_v2.csv,989,mcq,mmlu_high_school_us_history_0066,train,remove,C1_transformed,lmsys_rephrase
pairs_mcq_v2.csv,990,mcq,mmlu_high_school_us_history_0066,train,remove,C2_answer_bearing,mmlu_answer_frag
pairs_mcq_v2.csv,991,mcq,mmlu_high_school_us_history_0066,train,retain,H1_same_topic,mmlu_same_subject_other_item
pairs_mcq_v2.csv,992,mcq,mmlu_high_school_us_history_0066,train,retain,H3_predating,logiqa
pairs_mcq_v2.csv,993,mcq,mmlu_high_school_us_history_0066,train,retain,R_random,svamp
pairs_mcq_v2.csv,994,mcq,mmlu_high_school_us_history_0067,train,remove,C0_exact,mmlu_copy
pairs_mcq_v2.csv,995,mcq,mmlu_high_school_us_history_0067,train,remove,C1_transformed,lmsys_rephrase
pairs_mcq_v2.csv,996,mcq,mmlu_high_school_us_history_0067,train,remove,C2_answer_bearing,mmlu_answer_frag
pairs_mcq_v2.csv,997,mcq,mmlu_high_school_us_history_0067,train,retain,H1_same_topic,mmlu_same_subject_other_item
pairs_mcq_v2.csv,998,mcq,mmlu_high_school_us_history_0067,train,retain,H3_predating,logiqa
pairs_mcq_v2.csv,999,mcq,mmlu_high_school_us_history_0067,train,retain,R_random,svamp
pairs_mcq_v2.csv,1000,mcq,mmlu_high_school_us_history_0068,train,remove,C0_exact,mmlu_copy
pairs_mcq_v2.csv,1001,mcq,mmlu_high_school_us_history_0068,train,remove,C1_transformed,lmsys_rephrase
pairs_mcq_v2.csv,1002,mcq,mmlu_high_school_us_history_0068,train,remove,C2_answer_bearing,mmlu_answer_frag
pairs_mcq_v2.csv,1003,mcq,mmlu_high_school_us_history_0068,train,retain,H1_same_topic,mmlu_same_subject_other_item
pairs_mcq_v2.csv,1004,mcq,mmlu_high_school_us_history_0068,train,retain,H3_predating,logiqa
pairs_mcq_v2.csv,1005,mcq,mmlu_high_school_us_history_0068,train,retain,R_random,svamp
pairs_mcq_v2.csv,1012,mcq,mmlu_high_school_us_history_0070,train,remove,C0_exact,mmlu_copy
pairs_mcq_v2.csv,1013,mcq,mmlu_high_school_us_history_0070,train,remove,C1_transformed,lmsys_rephrase
pairs_mcq_v2.csv,1014,mcq,mmlu_high_school_us_history_0070,train,remove,C2_answer_bearing,mmlu_answer_frag
pairs_mcq_v2.csv,1015,mcq,mmlu_high_school_us_history_0070,train,retain,H1_same_topic,mmlu_same_subject_other_item
pairs_mcq_v2.csv,1016,mcq,mmlu_high_school_us_history_0070,train,retain,H3_predating,logiqa
pairs_mcq_v2.csv,1017,mcq,mmlu_high_school_us_history_0070,train,retain,R_random,svamp
pairs_mcq_v2.csv,1018,mcq,mmlu_high_school_us_history_0071,train,remove,C0_exact,mmlu_copy
pairs_mcq_v2.csv,1019,mcq,mmlu_high_school_us_history_0071,train,remove,C1_transformed,lmsys_rephrase
pairs_mcq_v2.csv,1020,mcq,mmlu_high_school_us_history_0071,train,remove,C2_answer_bearing,mmlu_answer_frag
pairs_mcq_v2.csv,1021,mcq,mmlu_high_school_us_history_0071,train,retain,H1_same_topic,mmlu_same_subject_other_item
pairs_mcq_v2.csv,1022,mcq,mmlu_high_school_us_history_0071,train,retain,H3_predating,logiqa
pairs_mcq_v2.csv,1023,mcq,mmlu_high_school_us_history_0071,train,retain,R_random,svamp
pairs_mcq_v2.csv,1042,mcq,mmlu_high_school_us_history_0075,train,remove,C0_exact,mmlu_copy
pairs_mcq_v2.csv,1043,mcq,mmlu_high_school_us_history_0075,train,remove,C1_transformed,lmsys_rephrase
pairs_mcq_v2.csv,1044,mcq,mmlu_high_school_us_history_0075,train,remove,C2_answer_bearing,mmlu_answer_frag
pairs_mcq_v2.csv,1045,mcq,mmlu_high_school_us_history_0075,train,retain,H1_same_topic,mmlu_same_subject_other_item
pairs_mcq_v2.csv,1046,mcq,mmlu_high_school_us_history_0075,train,retain,H3_predating,logiqa
pairs_mcq_v2.csv,1047,mcq,mmlu_high_school_us_history_0075,train,retain,R_random,svamp
pairs_mcq_v2.csv,1054,mcq,mmlu_high_school_us_history_0077,train,remove,C0_exact,mmlu_copy
pairs_mcq_v2.csv,1055,mcq,mmlu_high_school_us_history_0077,train,remove,C1_transformed,lmsys_rephrase
pairs_mcq_v2.csv,1056,mcq,mmlu_high_school_us_history_0077,train,remove,C2_answer_bearing,mmlu_answer_frag
pairs_mcq_v2.csv,1057,mcq,mmlu_high_school_us_history_0077,train,retain,H1_same_topic,mmlu_same_subject_other_item
pairs_mcq_v2.csv,1058,mcq,mmlu_high_school_us_history_0077,train,retain,H3_predating,logiqa
pairs_mcq_v2.csv,1059,mcq,mmlu_high_school_us_history_0077,train,retain,R_random,svamp
pairs_mcq_v2.csv,1084,mcq,mmlu_high_school_us_history_0082,train,remove,C0_exact,mmlu_copy
pairs_mcq_v2.csv,1085,mcq,mmlu_high_school_us_history_0082,train,remove,C1_transformed,lmsys_rephrase
pairs_mcq_v2.csv,1086,mcq,mmlu_high_school_us_history_0082,train,remove,C2_answer_bearing,mmlu_answer_frag
pairs_mcq_v2.csv,1087,mcq,mmlu_high_school_us_history_0082,train,retain,H1_same_topic,mmlu_same_subject_other_item
pairs_mcq_v2.csv,1088,mcq,mmlu_high_school_us_history_0082,train,retain,H3_predating,logiqa
pairs_mcq_v2.csv,1089,mcq,mmlu_high_school_us_history_0082,train,retain,R_random,svamp
pairs_mcq_v2.csv,1108,mcq,mmlu_high_school_us_history_0086,train,remove,C0_exact,mmlu_copy
pairs_mcq_v2.csv,1109,mcq,mmlu_high_school_us_history_0086,train,remove,C1_transformed,lmsys_rephrase
pairs_mcq_v2.csv,1110,mcq,mmlu_high_school_us_history_0086,train,remove,C2_answer_bearing,mmlu_answer_frag
pairs_mcq_v2.csv,1111,mcq,mmlu_high_school_us_history_0086,train,retain,H1_same_topic,mmlu_same_subject_other_item
pairs_mcq_v2.csv,1112,mcq,mmlu_high_school_us_history_0086,train,retain,H3_predating,logiqa
pairs_mcq_v2.csv,1113,mcq,mmlu_high_school_us_history_0086,train,retain,R_random,svamp
pairs_mcq_v2.csv,1149,mcq,mmlu_high_school_us_history_0093,train,remove,C0_exact,mmlu_copy
pairs_mcq_v2.csv,1150,mcq,mmlu_high_school_us_history_0093,train,remove,C1_transformed,lmsys_rephrase
pairs_mcq_v2.csv,1151,mcq,mmlu_high_school_us_history_0093,train,remove,C2_answer_bearing,mmlu_answer_frag
pairs_mcq_v2.csv,1152,mcq,mmlu_high_school_us_history_0093,train,retain,H1_same_topic,mmlu_same_subject_other_item
pairs_mcq_v2.csv,1153,mcq,mmlu_high_school_us_history_0093,train,retain,H3_predating,logiqa
pairs_mcq_v2.csv,1154,mcq,mmlu_high_school_us_history_0093,train,retain,R_random,svamp
pairs_mcq_v2.csv,1155,mcq,mmlu_high_school_us_history_0094,train,remove,C0_exact,mmlu_copy
pairs_mcq_v2.csv,1156,mcq,mmlu_high_school_us_history_0094,train,remove,C1_transformed,lmsys_rephrase
pairs_mcq_v2.csv,1157,mcq,mmlu_high_school_us_history_0094,train,remove,C2_answer_bearing,mmlu_answer_frag
pairs_mcq_v2.csv,1158,mcq,mmlu_high_school_us_history_0094,train,retain,H1_same_topic,mmlu_same_subject_other_item
pairs_mcq_v2.csv,1159,mcq,mmlu_high_school_us_history_0094,train,retain,H3_predating,logiqa
pairs_mcq_v2.csv,1160,mcq,mmlu_high_school_us_history_0094,train,retain,R_random,svamp
pairs_mcq_v2.csv,1167,mcq,mmlu_high_school_us_history_0096,train,remove,C0_exact,mmlu_copy
pairs_mcq_v2.csv,1168,mcq,mmlu_high_school_us_history_0096,train,remove,C1_transformed,lmsys_rephrase
pairs_mcq_v2.csv,1169,mcq,mmlu_high_school_us_history_0096,train,remove,C2_answer_bearing,mmlu_answer_frag
pairs_mcq_v2.csv,1170,mcq,mmlu_high_school_us_history_0096,train,retain,H1_same_topic,mmlu_same_subject_other_item
pairs_mcq_v2.csv,1171,mcq,mmlu_high_school_us_history_0096,train,retain,H3_predating,logiqa
pairs_mcq_v2.csv,1172,mcq,mmlu_high_school_us_history_0096,train,retain,R_random,svamp
pairs_mcq_v2.csv,1179,mcq,mmlu_high_school_us_history_0098,train,remove,C0_exact,mmlu_copy
pairs_mcq_v2.csv,1180,mcq,mmlu_high_school_us_history_0098,train,remove,C1_transformed,lmsys_rephrase
pairs_mcq_v2.csv,1181,mcq,mmlu_high_school_us_history_0098,train,remove,C2_answer_bearing,mmlu_answer_frag
pairs_mcq_v2.csv,1182,mcq,mmlu_high_school_us_history_0098,train,retain,H1_same_topic,mmlu_same_subject_other_item
pairs_mcq_v2.csv,1183,mcq,mmlu_high_school_us_history_0098,train,retain,H3_predating,logiqa
pairs_mcq_v2.csv,1184,mcq,mmlu_high_school_us_history_0098,train,retain,R_random,svamp
pairs_mcq_v2.csv,1203,mcq,mmlu_high_school_us_history_0102,train,remove,C0_exact,mmlu_copy
pairs_mcq_v2.csv,1204,mcq,mmlu_high_school_us_history_0102,train,remove,C2_answer_bearing,mmlu_answer_frag
pairs_mcq_v2.csv,1205,mcq,mmlu_high_school_us_history_0102,train,retain,H1_same_topic,mmlu_same_subject_other_item
pairs_mcq_v2.csv,1206,mcq,mmlu_high_school_us_history_0102,train,retain,H3_predating,logiqa
pairs_mcq_v2.csv,1207,mcq,mmlu_high_school_us_history_0102,train,retain,R_random,svamp
pairs_mcq_v2.csv,1208,mcq,mmlu_high_school_us_history_0103,train,remove,C0_exact,mmlu_copy
pairs_mcq_v2.csv,1209,mcq,mmlu_high_school_us_history_0103,train,remove,C1_transformed,lmsys_rephrase
pairs_mcq_v2.csv,1210,mcq,mmlu_high_school_us_history_0103,train,remove,C2_answer_bearing,mmlu_answer_frag
pairs_mcq_v2.csv,1211,mcq,mmlu_high_school_us_history_0103,train,retain,H1_same_topic,mmlu_same_subject_other_item
pairs_mcq_v2.csv,1212,mcq,mmlu_high_school_us_history_0103,train,retain,H3_predating,logiqa
pairs_mcq_v2.csv,1213,mcq,mmlu_high_school_us_history_0103,train,retain,R_random,svamp
pairs_mcq_v2.csv,1220,mcq,mmlu_high_school_us_history_0105,train,remove,C0_exact,mmlu_copy
pairs_mcq_v2.csv,1221,mcq,mmlu_high_school_us_history_0105,train,remove,C1_transformed,lmsys_rephrase
pairs_mcq_v2.csv,1222,mcq,mmlu_high_school_us_history_0105,train,remove,C2_answer_bearing,mmlu_answer_frag
pairs_mcq_v2.csv,1223,mcq,mmlu_high_school_us_history_0105,train,retain,H1_same_topic,mmlu_same_subject_other_item
pairs_mcq_v2.csv,1224,mcq,mmlu_high_school_us_history_0105,train,retain,H3_predating,logiqa
pairs_mcq_v2.csv,1225,mcq,mmlu_high_school_us_history_0105,train,retain,R_random,svamp
pairs_mcq_v2.csv,1237,mcq,mmlu_high_school_us_history_0108,train,remove,C0_exact,mmlu_copy
pairs_mcq_v2.csv,1238,mcq,mmlu_high_school_us_history_0108,train,remove,C1_transformed,lmsys_rephrase
pairs_mcq_v2.csv,1239,mcq,mmlu_high_school_us_history_0108,train,remove,C2_answer_bearing,mmlu_answer_frag
pairs_mcq_v2.csv,1240,mcq,mmlu_high_school_us_history_0108,train,retain,H1_same_topic,mmlu_same_subject_other_item
pairs_mcq_v2.csv,1241,mcq,mmlu_high_school_us_history_0108,train,retain,H3_predating,logiqa
pairs_mcq_v2.csv,1242,mcq,mmlu_high_school_us_history_0108,train,retain,R_random,svamp
pairs_mcq_v2.csv,1249,mcq,mmlu_high_school_us_history_0110,train,remove,C0_exact,mmlu_copy
pairs_mcq_v2.csv,1250,mcq,mmlu_high_school_us_history_0110,train,remove,C1_transformed,lmsys_rephrase
pairs_mcq_v2.csv,1251,mcq,mmlu_high_school_us_history_0110,train,remove,C2_answer_bearing,mmlu_answer_frag
pairs_mcq_v2.csv,1252,mcq,mmlu_high_school_us_history_0110,train,retain,H1_same_topic,mmlu_same_subject_other_item
pairs_mcq_v2.csv,1253,mcq,mmlu_high_school_us_history_0110,train,retain,H3_predating,logiqa
pairs_mcq_v2.csv,1254,mcq,mmlu_high_school_us_history_0110,train,retain,R_random,svamp
pairs_mcq_v2.csv,1267,mcq,mmlu_high_school_us_history_0113,train,remove,C0_exact,mmlu_copy
pairs_mcq_v2.csv,1268,mcq,mmlu_high_school_us_history_0113,train,remove,C1_transformed,lmsys_rephrase
pairs_mcq_v2.csv,1269,mcq,mmlu_high_school_us_history_0113,train,remove,C2_answer_bearing,mmlu_answer_frag
pairs_mcq_v2.csv,1270,mcq,mmlu_high_school_us_history_0113,train,retain,H1_same_topic,mmlu_same_subject_other_item
pairs_mcq_v2.csv,1271,mcq,mmlu_high_school_us_history_0113,train,retain,H3_predating,logiqa
pairs_mcq_v2.csv,1272,mcq,mmlu_high_school_us_history_0113,train,retain,R_random,svamp
pairs_mcq_v2.csv,1273,mcq,mmlu_high_school_us_history_0114,train,remove,C0_exact,mmlu_copy
pairs_mcq_v2.csv,1274,mcq,mmlu_high_school_us_history_0114,train,remove,C1_transformed,lmsys_rephrase
pairs_mcq_v2.csv,1275,mcq,mmlu_high_school_us_history_0114,train,remove,C2_answer_bearing,mmlu_answer_frag
pairs_mcq_v2.csv,1276,mcq,mmlu_high_school_us_history_0114,train,retain,H1_same_topic,mmlu_same_subject_other_item
pairs_mcq_v2.csv,1277,mcq,mmlu_high_school_us_history_0114,train,retain,H3_predating,logiqa
pairs_mcq_v2.csv,1278,mcq,mmlu_high_school_us_history_0114,train,retain,R_random,svamp
pairs_mcq_v2.csv,1279,mcq,mmlu_high_school_us_history_0115,train,remove,C0_exact,mmlu_copy
pairs_mcq_v2.csv,1280,mcq,mmlu_high_school_us_history_0115,train,remove,C1_transformed,lmsys_rephrase
pairs_mcq_v2.csv,1281,mcq,mmlu_high_school_us_history_0115,train,remove,C2_answer_bearing,mmlu_answer_frag
pairs_mcq_v2.csv,1282,mcq,mmlu_high_school_us_history_0115,train,retain,H1_same_topic,mmlu_same_subject_other_item
pairs_mcq_v2.csv,1283,mcq,mmlu_high_school_us_history_0115,train,retain,H3_predating,logiqa
pairs_mcq_v2.csv,1284,mcq,mmlu_high_school_us_history_0115,train,retain,R_random,svamp
pairs_mcq_v2.csv,1297,mcq,mmlu_high_school_us_history_0118,train,remove,C0_exact,mmlu_copy
pairs_mcq_v2.csv,1298,mcq,mmlu_high_school_us_history_0118,train,remove,C2_answer_bearing,mmlu_answer_frag
pairs_mcq_v2.csv,1299,mcq,mmlu_high_school_us_history_0118,train,retain,H1_same_topic,mmlu_same_subject_other_item
pairs_mcq_v2.csv,1300,mcq,mmlu_high_school_us_history_0118,train,retain,H3_predating,logiqa
pairs_mcq_v2.csv,1301,mcq,mmlu_high_school_us_history_0118,train,retain,R_random,svamp
pairs_mcq_v2.csv,1308,mcq,mmlu_high_school_us_history_0120,train,remove,C0_exact,mmlu_copy
pairs_mcq_v2.csv,1309,mcq,mmlu_high_school_us_history_0120,train,remove,C1_transformed,lmsys_rephrase
pairs_mcq_v2.csv,1310,mcq,mmlu_high_school_us_history_0120,train,remove,C2_answer_bearing,mmlu_answer_frag
pairs_mcq_v2.csv,1311,mcq,mmlu_high_school_us_history_0120,train,retain,H1_same_topic,mmlu_same_subject_other_item
pairs_mcq_v2.csv,1312,mcq,mmlu_high_school_us_history_0120,train,retain,H3_predating,logiqa
pairs_mcq_v2.csv,1313,mcq,mmlu_high_school_us_history_0120,train,retain,R_random,svamp
pairs_mcq_v2.csv,1326,mcq,mmlu_high_school_us_history_0123,train,remove,C0_exact,mmlu_copy
pairs_mcq_v2.csv,1327,mcq,mmlu_high_school_us_history_0123,train,remove,C1_transformed,lmsys_rephrase
pairs_mcq_v2.csv,1328,mcq,mmlu_high_school_us_history_0123,train,remove,C2_answer_bearing,mmlu_answer_frag
pairs_mcq_v2.csv,1329,mcq,mmlu_high_school_us_history_0123,train,retain,H1_same_topic,mmlu_same_subject_other_item
pairs_mcq_v2.csv,1330,mcq,mmlu_high_school_us_history_0123,train,retain,H3_predating,logiqa
pairs_mcq_v2.csv,1331,mcq,mmlu_high_school_us_history_0123,train,retain,R_random,svamp
pairs_mcq_v2.csv,1332,mcq,mmlu_high_school_us_history_0124,train,remove,C0_exact,mmlu_copy
pairs_mcq_v2.csv,1333,mcq,mmlu_high_school_us_history_0124,train,remove,C1_transformed,lmsys_rephrase
pairs_mcq_v2.csv,1334,mcq,mmlu_high_school_us_history_0124,train,remove,C2_answer_bearing,mmlu_answer_frag
pairs_mcq_v2.csv,1335,mcq,mmlu_high_school_us_history_0124,train,retain,H1_same_topic,mmlu_same_subject_other_item
pairs_mcq_v2.csv,1336,mcq,mmlu_high_school_us_history_0124,train,retain,H3_predating,logiqa
pairs_mcq_v2.csv,1337,mcq,mmlu_high_school_us_history_0124,train,retain,R_random,svamp
pairs_mcq_v2.csv,1338,mcq,mmlu_high_school_us_history_0125,train,remove,C0_exact,mmlu_copy
pairs_mcq_v2.csv,1339,mcq,mmlu_high_school_us_history_0125,train,remove,C1_transformed,lmsys_rephrase
pairs_mcq_v2.csv,1340,mcq,mmlu_high_school_us_history_0125,train,remove,C2_answer_bearing,mmlu_answer_frag
pairs_mcq_v2.csv,1341,mcq,mmlu_high_school_us_history_0125,train,retain,H1_same_topic,mmlu_same_subject_other_item
pairs_mcq_v2.csv,1342,mcq,mmlu_high_school_us_history_0125,train,retain,H3_predating,logiqa
pairs_mcq_v2.csv,1343,mcq,mmlu_high_school_us_history_0125,train,retain,R_random,svamp
pairs_mcq_v2.csv,1344,mcq,mmlu_high_school_us_history_0126,train,remove,C0_exact,mmlu_copy
pairs_mcq_v2.csv,1345,mcq,mmlu_high_school_us_history_0126,train,remove,C1_transformed,lmsys_rephrase
pairs_mcq_v2.csv,1346,mcq,mmlu_high_school_us_history_0126,train,remove,C2_answer_bearing,mmlu_answer_frag
pairs_mcq_v2.csv,1347,mcq,mmlu_high_school_us_history_0126,train,retain,H1_same_topic,mmlu_same_subject_other_item
pairs_mcq_v2.csv,1348,mcq,mmlu_high_school_us_history_0126,train,retain,H3_predating,logiqa
pairs_mcq_v2.csv,1349,mcq,mmlu_high_school_us_history_0126,train,retain,R_random,svamp
pairs_mcq_v2.csv,1362,mcq,mmlu_high_school_us_history_0129,train,remove,C0_exact,mmlu_copy
pairs_mcq_v2.csv,1363,mcq,mmlu_high_school_us_history_0129,train,remove,C1_transformed,lmsys_rephrase
pairs_mcq_v2.csv,1364,mcq,mmlu_high_school_us_history_0129,train,remove,C2_answer_bearing,mmlu_answer_frag
pairs_mcq_v2.csv,1365,mcq,mmlu_high_school_us_history_0129,train,retain,H1_same_topic,mmlu_same_subject_other_item
pairs_mcq_v2.csv,1366,mcq,mmlu_high_school_us_history_0129,train,retain,H3_predating,logiqa
pairs_mcq_v2.csv,1367,mcq,mmlu_high_school_us_history_0129,train,retain,R_random,svamp
pairs_mcq_v2.csv,1379,mcq,mmlu_high_school_us_history_0132,train,remove,C0_exact,mmlu_copy
pairs_mcq_v2.csv,1380,mcq,mmlu_high_school_us_history_0132,train,remove,C1_transformed,lmsys_rephrase
pairs_mcq_v2.csv,1381,mcq,mmlu_high_school_us_history_0132,train,remove,C2_answer_bearing,mmlu_answer_frag
pairs_mcq_v2.csv,1382,mcq,mmlu_high_school_us_history_0132,train,retain,H1_same_topic,mmlu_same_subject_other_item
pairs_mcq_v2.csv,1383,mcq,mmlu_high_school_us_history_0132,train,retain,H3_predating,logiqa
pairs_mcq_v2.csv,1384,mcq,mmlu_high_school_us_history_0132,train,retain,R_random,svamp
pairs_mcq_v2.csv,1397,mcq,mmlu_high_school_us_history_0135,train,remove,C0_exact,mmlu_copy
pairs_mcq_v2.csv,1398,mcq,mmlu_high_school_us_history_0135,train,remove,C1_transformed,lmsys_rephrase
pairs_mcq_v2.csv,1399,mcq,mmlu_high_school_us_history_0135,train,remove,C2_answer_bearing,mmlu_answer_frag
pairs_mcq_v2.csv,1400,mcq,mmlu_high_school_us_history_0135,train,retain,H1_same_topic,mmlu_same_subject_other_item
pairs_mcq_v2.csv,1401,mcq,mmlu_high_school_us_history_0135,train,retain,H3_predating,logiqa
pairs_mcq_v2.csv,1402,mcq,mmlu_high_school_us_history_0135,train,retain,R_random,svamp
pairs_mcq_v2.csv,1403,mcq,mmlu_high_school_us_history_0136,train,remove,C0_exact,mmlu_copy
pairs_mcq_v2.csv,1404,mcq,mmlu_high_school_us_history_0136,train,remove,C1_transformed,lmsys_rephrase
pairs_mcq_v2.csv,1405,mcq,mmlu_high_school_us_history_0136,train,remove,C2_answer_bearing,mmlu_answer_frag
pairs_mcq_v2.csv,1406,mcq,mmlu_high_school_us_history_0136,train,retain,H1_same_topic,mmlu_same_subject_other_item
pairs_mcq_v2.csv,1407,mcq,mmlu_high_school_us_history_0136,train,retain,H3_predating,logiqa
pairs_mcq_v2.csv,1408,mcq,mmlu_high_school_us_history_0136,train,retain,R_random,svamp
pairs_mcq_v2.csv,1409,mcq,mmlu_high_school_us_history_0137,train,remove,C0_exact,mmlu_copy
pairs_mcq_v2.csv,1410,mcq,mmlu_high_school_us_history_0137,train,remove,C1_transformed,lmsys_rephrase
pairs_mcq_v2.csv,1411,mcq,mmlu_high_school_us_history_0137,train,remove,C2_answer_bearing,mmlu_answer_frag
pairs_mcq_v2.csv,1412,mcq,mmlu_high_school_us_history_0137,train,retain,H1_same_topic,mmlu_same_subject_other_item
pairs_mcq_v2.csv,1413,mcq,mmlu_high_school_us_history_0137,train,retain,H3_predating,logiqa
pairs_mcq_v2.csv,1414,mcq,mmlu_high_school_us_history_0137,train,retain,R_random,svamp
pairs_mcq_v2.csv,1439,mcq,mmlu_high_school_us_history_0142,train,remove,C0_exact,mmlu_copy
pairs_mcq_v2.csv,1440,mcq,mmlu_high_school_us_history_0142,train,remove,C1_transformed,lmsys_rephrase
pairs_mcq_v2.csv,1441,mcq,mmlu_high_school_us_history_0142,train,remove,C2_answer_bearing,mmlu_answer_frag
pairs_mcq_v2.csv,1442,mcq,mmlu_high_school_us_history_0142,train,retain,H1_same_topic,mmlu_same_subject_other_item
pairs_mcq_v2.csv,1443,mcq,mmlu_high_school_us_history_0142,train,retain,H3_predating,logiqa
pairs_mcq_v2.csv,1444,mcq,mmlu_high_school_us_history_0142,train,retain,R_random,svamp
pairs_mcq_v2.csv,1445,mcq,mmlu_high_school_us_history_0143,train,remove,C0_exact,mmlu_copy
pairs_mcq_v2.csv,1446,mcq,mmlu_high_school_us_history_0143,train,remove,C1_transformed,lmsys_rephrase
pairs_mcq_v2.csv,1447,mcq,mmlu_high_school_us_history_0143,train,remove,C2_answer_bearing,mmlu_answer_frag
pairs_mcq_v2.csv,1448,mcq,mmlu_high_school_us_history_0143,train,retain,H1_same_topic,mmlu_same_subject_other_item
pairs_mcq_v2.csv,1449,mcq,mmlu_high_school_us_history_0143,train,retain,H3_predating,logiqa
pairs_mcq_v2.csv,1450,mcq,mmlu_high_school_us_history_0143,train,retain,R_random,svamp
pairs_mcq_v2.csv,1457,mcq,mmlu_high_school_us_history_0145,train,remove,C0_exact,mmlu_copy
pairs_mcq_v2.csv,1458,mcq,mmlu_high_school_us_history_0145,train,remove,C1_transformed,lmsys_rephrase
pairs_mcq_v2.csv,1459,mcq,mmlu_high_school_us_history_0145,train,remove,C2_answer_bearing,mmlu_answer_frag
pairs_mcq_v2.csv,1460,mcq,mmlu_high_school_us_history_0145,train,retain,H1_same_topic,mmlu_same_subject_other_item
pairs_mcq_v2.csv,1461,mcq,mmlu_high_school_us_history_0145,train,retain,H3_predating,logiqa
pairs_mcq_v2.csv,1462,mcq,mmlu_high_school_us_history_0145,train,retain,R_random,svamp
pairs_mcq_v2.csv,1463,mcq,mmlu_high_school_us_history_0146,train,remove,C0_exact,mmlu_copy
pairs_mcq_v2.csv,1464,mcq,mmlu_high_school_us_history_0146,train,remove,C1_transformed,lmsys_rephrase
pairs_mcq_v2.csv,1465,mcq,mmlu_high_school_us_history_0146,train,remove,C2_answer_bearing,mmlu_answer_frag
pairs_mcq_v2.csv,1466,mcq,mmlu_high_school_us_history_0146,train,retain,H1_same_topic,mmlu_same_subject_other_item
pairs_mcq_v2.csv,1467,mcq,mmlu_high_school_us_history_0146,train,retain,H3_predating,logiqa
pairs_mcq_v2.csv,1468,mcq,mmlu_high_school_us_history_0146,train,retain,R_random,svamp
pairs_mcq_v2.csv,1469,mcq,mmlu_high_school_us_history_0147,train,remove,C0_exact,mmlu_copy
pairs_mcq_v2.csv,1470,mcq,mmlu_high_school_us_history_0147,train,remove,C1_transformed,lmsys_rephrase
pairs_mcq_v2.csv,1471,mcq,mmlu_high_school_us_history_0147,train,remove,C2_answer_bearing,mmlu_answer_frag
pairs_mcq_v2.csv,1472,mcq,mmlu_high_school_us_history_0147,train,retain,H1_same_topic,mmlu_same_subject_other_item
pairs_mcq_v2.csv,1473,mcq,mmlu_high_school_us_history_0147,train,retain,H3_predating,logiqa
pairs_mcq_v2.csv,1474,mcq,mmlu_high_school_us_history_0147,train,retain,R_random,svamp
pairs_mcq_v2.csv,1475,mcq,mmlu_high_school_us_history_0148,train,remove,C0_exact,mmlu_copy
pairs_mcq_v2.csv,1476,mcq,mmlu_high_school_us_history_0148,train,remove,C1_transformed,lmsys_rephrase
pairs_mcq_v2.csv,1477,mcq,mmlu_high_school_us_history_0148,train,remove,C2_answer_bearing,mmlu_answer_frag
pairs_mcq_v2.csv,1478,mcq,mmlu_high_school_us_history_0148,train,retain,H1_same_topic,mmlu_same_subject_other_item
pairs_mcq_v2.csv,1479,mcq,mmlu_high_school_us_history_0148,train,retain,H3_predating,logiqa
pairs_mcq_v2.csv,1480,mcq,mmlu_high_school_us_history_0148,train,retain,R_random,svamp
pairs_mcq_v2.csv,1487,mcq,mmlu_high_school_us_history_0150,train,remove,C0_exact,mmlu_copy
pairs_mcq_v2.csv,1488,mcq,mmlu_high_school_us_history_0150,train,remove,C1_transformed,lmsys_rephrase
pairs_mcq_v2.csv,1489,mcq,mmlu_high_school_us_history_0150,train,remove,C2_answer_bearing,mmlu_answer_frag
pairs_mcq_v2.csv,1490,mcq,mmlu_high_school_us_history_0150,train,retain,H1_same_topic,mmlu_same_subject_other_item
pairs_mcq_v2.csv,1491,mcq,mmlu_high_school_us_history_0150,train,retain,H3_predating,logiqa
pairs_mcq_v2.csv,1492,mcq,mmlu_high_school_us_history_0150,train,retain,R_random,svamp
pairs_mcq_v2.csv,1516,mcq,mmlu_high_school_us_history_0155,train,remove,C0_exact,mmlu_copy
pairs_mcq_v2.csv,1517,mcq,mmlu_high_school_us_history_0155,train,remove,C1_transformed,lmsys_rephrase
pairs_mcq_v2.csv,1518,mcq,mmlu_high_school_us_history_0155,train,remove,C2_answer_bearing,mmlu_answer_frag
pairs_mcq_v2.csv,1519,mcq,mmlu_high_school_us_history_0155,train,retain,H1_same_topic,mmlu_same_subject_other_item
pairs_mcq_v2.csv,1520,mcq,mmlu_high_school_us_history_0155,train,retain,H3_predating,logiqa
pairs_mcq_v2.csv,1521,mcq,mmlu_high_school_us_history_0155,train,retain,R_random,svamp
pairs_mcq_v2.csv,1528,mcq,mmlu_high_school_us_history_0157,train,remove,C0_exact,mmlu_copy
pairs_mcq_v2.csv,1529,mcq,mmlu_high_school_us_history_0157,train,remove,C1_transformed,lmsys_rephrase
pairs_mcq_v2.csv,1530,mcq,mmlu_high_school_us_history_0157,train,remove,C2_answer_bearing,mmlu_answer_frag
pairs_mcq_v2.csv,1531,mcq,mmlu_high_school_us_history_0157,train,retain,H1_same_topic,mmlu_same_subject_other_item
pairs_mcq_v2.csv,1532,mcq,mmlu_high_school_us_history_0157,train,retain,H3_predating,logiqa
pairs_mcq_v2.csv,1533,mcq,mmlu_high_school_us_history_0157,train,retain,R_random,svamp
pairs_mcq_v2.csv,1534,mcq,mmlu_high_school_us_history_0158,train,remove,C0_exact,mmlu_copy
pairs_mcq_v2.csv,1535,mcq,mmlu_high_school_us_history_0158,train,remove,C1_transformed,lmsys_rephrase
pairs_mcq_v2.csv,1536,mcq,mmlu_high_school_us_history_0158,train,remove,C2_answer_bearing,mmlu_answer_frag
pairs_mcq_v2.csv,1537,mcq,mmlu_high_school_us_history_0158,train,retain,H1_same_topic,mmlu_same_subject_other_item
pairs_mcq_v2.csv,1538,mcq,mmlu_high_school_us_history_0158,train,retain,H3_predating,logiqa
pairs_mcq_v2.csv,1539,mcq,mmlu_high_school_us_history_0158,train,retain,R_random,svamp
pairs_mcq_v2.csv,1540,mcq,mmlu_high_school_us_history_0159,train,remove,C0_exact,mmlu_copy
pairs_mcq_v2.csv,1541,mcq,mmlu_high_school_us_history_0159,train,remove,C1_transformed,lmsys_rephrase
pairs_mcq_v2.csv,1542,mcq,mmlu_high_school_us_history_0159,train,remove,C2_answer_bearing,mmlu_answer_frag
pairs_mcq_v2.csv,1543,mcq,mmlu_high_school_us_history_0159,train,retain,H1_same_topic,mmlu_same_subject_other_item
pairs_mcq_v2.csv,1544,mcq,mmlu_high_school_us_history_0159,train,retain,H3_predating,logiqa
pairs_mcq_v2.csv,1545,mcq,mmlu_high_school_us_history_0159,train,retain,R_random,svamp
pairs_mcq_v2.csv,1558,mcq,mmlu_high_school_us_history_0162,train,remove,C0_exact,mmlu_copy
pairs_mcq_v2.csv,1559,mcq,mmlu_high_school_us_history_0162,train,remove,C1_transformed,lmsys_rephrase
pairs_mcq_v2.csv,1560,mcq,mmlu_high_school_us_history_0162,train,remove,C2_answer_bearing,mmlu_answer_frag
pairs_mcq_v2.csv,1561,mcq,mmlu_high_school_us_history_0162,train,retain,H1_same_topic,mmlu_same_subject_other_item
pairs_mcq_v2.csv,1562,mcq,mmlu_high_school_us_history_0162,train,retain,H3_predating,logiqa
pairs_mcq_v2.csv,1563,mcq,mmlu_high_school_us_history_0162,train,retain,R_random,svamp
pairs_mcq_v2.csv,1582,mcq,mmlu_high_school_us_history_0166,train,remove,C0_exact,mmlu_copy
pairs_mcq_v2.csv,1583,mcq,mmlu_high_school_us_history_0166,train,remove,C1_transformed,lmsys_rephrase
pairs_mcq_v2.csv,1584,mcq,mmlu_high_school_us_history_0166,train,remove,C2_answer_bearing,mmlu_answer_frag
pairs_mcq_v2.csv,1585,mcq,mmlu_high_school_us_history_0166,train,retain,H1_same_topic,mmlu_same_subject_other_item
pairs_mcq_v2.csv,1586,mcq,mmlu_high_school_us_history_0166,train,retain,H3_predating,logiqa
pairs_mcq_v2.csv,1587,mcq,mmlu_high_school_us_history_0166,train,retain,R_random,svamp
pairs_mcq_v2.csv,1588,mcq,mmlu_high_school_us_history_0167,train,remove,C0_exact,mmlu_copy
pairs_mcq_v2.csv,1589,mcq,mmlu_high_school_us_history_0167,train,remove,C1_transformed,lmsys_rephrase
pairs_mcq_v2.csv,1590,mcq,mmlu_high_school_us_history_0167,train,remove,C2_answer_bearing,mmlu_answer_frag
pairs_mcq_v2.csv,1591,mcq,mmlu_high_school_us_history_0167,train,retain,H1_same_topic,mmlu_same_subject_other_item
pairs_mcq_v2.csv,1592,mcq,mmlu_high_school_us_history_0167,train,retain,H3_predating,logiqa
pairs_mcq_v2.csv,1593,mcq,mmlu_high_school_us_history_0167,train,retain,R_random,svamp
pairs_mcq_v2.csv,1594,mcq,mmlu_high_school_us_history_0168,train,remove,C0_exact,mmlu_copy
pairs_mcq_v2.csv,1595,mcq,mmlu_high_school_us_history_0168,train,remove,C1_transformed,lmsys_rephrase
pairs_mcq_v2.csv,1596,mcq,mmlu_high_school_us_history_0168,train,remove,C2_answer_bearing,mmlu_answer_frag
pairs_mcq_v2.csv,1597,mcq,mmlu_high_school_us_history_0168,train,retain,H1_same_topic,mmlu_same_subject_other_item
pairs_mcq_v2.csv,1598,mcq,mmlu_high_school_us_history_0168,train,retain,H3_predating,logiqa
pairs_mcq_v2.csv,1599,mcq,mmlu_high_school_us_history_0168,train,retain,R_random,svamp
pairs_mcq_v2.csv,1600,mcq,mmlu_high_school_us_history_0169,train,remove,C0_exact,mmlu_copy
pairs_mcq_v2.csv,1601,mcq,mmlu_high_school_us_history_0169,train,remove,C1_transformed,lmsys_rephrase
pairs_mcq_v2.csv,1602,mcq,mmlu_high_school_us_history_0169,train,remove,C2_answer_bearing,mmlu_answer_frag
pairs_mcq_v2.csv,1603,mcq,mmlu_high_school_us_history_0169,train,retain,H1_same_topic,mmlu_same_subject_other_item
pairs_mcq_v2.csv,1604,mcq,mmlu_high_school_us_history_0169,train,retain,H3_predating,logiqa
pairs_mcq_v2.csv,1605,mcq,mmlu_high_school_us_history_0169,train,retain,R_random,svamp
pairs_mcq_v2.csv,1606,mcq,mmlu_high_school_us_history_0170,train,remove,C0_exact,mmlu_copy
pairs_mcq_v2.csv,1607,mcq,mmlu_high_school_us_history_0170,train,remove,C1_transformed,lmsys_rephrase
pairs_mcq_v2.csv,1608,mcq,mmlu_high_school_us_history_0170,train,remove,C2_answer_bearing,mmlu_answer_frag
pairs_mcq_v2.csv,1609,mcq,mmlu_high_school_us_history_0170,train,retain,H1_same_topic,mmlu_same_subject_other_item
pairs_mcq_v2.csv,1610,mcq,mmlu_high_school_us_history_0170,train,retain,H3_predating,logiqa
pairs_mcq_v2.csv,1611,mcq,mmlu_high_school_us_history_0170,train,retain,R_random,svamp
pairs_mcq_v2.csv,1624,mcq,mmlu_high_school_us_history_0173,train,remove,C0_exact,mmlu_copy
pairs_mcq_v2.csv,1625,mcq,mmlu_high_school_us_history_0173,train,remove,C1_transformed,lmsys_rephrase
pairs_mcq_v2.csv,1626,mcq,mmlu_high_school_us_history_0173,train,remove,C2_answer_bearing,mmlu_answer_frag
pairs_mcq_v2.csv,1627,mcq,mmlu_high_school_us_history_0173,train,retain,H1_same_topic,mmlu_same_subject_other_item
pairs_mcq_v2.csv,1628,mcq,mmlu_high_school_us_history_0173,train,retain,H3_predating,logiqa
pairs_mcq_v2.csv,1629,mcq,mmlu_high_school_us_history_0173,train,retain,R_random,svamp
pairs_mcq_v2.csv,1630,mcq,mmlu_high_school_us_history_0174,train,remove,C0_exact,mmlu_copy
pairs_mcq_v2.csv,1631,mcq,mmlu_high_school_us_history_0174,train,remove,C1_transformed,lmsys_rephrase
pairs_mcq_v2.csv,1632,mcq,mmlu_high_school_us_history_0174,train,remove,C2_answer_bearing,mmlu_answer_frag
pairs_mcq_v2.csv,1633,mcq,mmlu_high_school_us_history_0174,train,retain,H1_same_topic,mmlu_same_subject_other_item
pairs_mcq_v2.csv,1634,mcq,mmlu_high_school_us_history_0174,train,retain,H3_predating,logiqa
pairs_mcq_v2.csv,1635,mcq,mmlu_high_school_us_history_0174,train,retain,R_random,svamp
pairs_mcq_v2.csv,1666,mcq,mmlu_high_school_us_history_0180,train,remove,C0_exact,mmlu_copy
pairs_mcq_v2.csv,1667,mcq,mmlu_high_school_us_history_0180,train,remove,C1_transformed,lmsys_rephrase
pairs_mcq_v2.csv,1668,mcq,mmlu_high_school_us_history_0180,train,remove,C2_answer_bearing,mmlu_answer_frag
pairs_mcq_v2.csv,1669,mcq,mmlu_high_school_us_history_0180,train,retain,H1_same_topic,mmlu_same_subject_other_item
pairs_mcq_v2.csv,1670,mcq,mmlu_high_school_us_history_0180,train,retain,H3_predating,logiqa
pairs_mcq_v2.csv,1671,mcq,mmlu_high_school_us_history_0180,train,retain,R_random,svamp
pairs_mcq_v2.csv,1678,mcq,mmlu_high_school_us_history_0182,train,remove,C0_exact,mmlu_copy
pairs_mcq_v2.csv,1679,mcq,mmlu_high_school_us_history_0182,train,remove,C1_transformed,lmsys_rephrase
pairs_mcq_v2.csv,1680,mcq,mmlu_high_school_us_history_0182,train,remove,C2_answer_bearing,mmlu_answer_frag
pairs_mcq_v2.csv,1681,mcq,mmlu_high_school_us_history_0182,train,retain,H1_same_topic,mmlu_same_subject_other_item
pairs_mcq_v2.csv,1682,mcq,mmlu_high_school_us_history_0182,train,retain,H3_predating,logiqa
pairs_mcq_v2.csv,1683,mcq,mmlu_high_school_us_history_0182,train,retain,R_random,svamp
pairs_mcq_v2.csv,1707,mcq,mmlu_high_school_us_history_0187,train,remove,C0_exact,mmlu_copy
pairs_mcq_v2.csv,1708,mcq,mmlu_high_school_us_history_0187,train,remove,C2_answer_bearing,mmlu_answer_frag
pairs_mcq_v2.csv,1709,mcq,mmlu_high_school_us_history_0187,train,retain,H1_same_topic,mmlu_same_subject_other_item
pairs_mcq_v2.csv,1710,mcq,mmlu_high_school_us_history_0187,train,retain,H3_predating,logiqa
pairs_mcq_v2.csv,1711,mcq,mmlu_high_school_us_history_0187,train,retain,R_random,svamp
pairs_mcq_v2.csv,1718,mcq,mmlu_high_school_us_history_0189,train,remove,C0_exact,mmlu_copy
pairs_mcq_v2.csv,1719,mcq,mmlu_high_school_us_history_0189,train,remove,C1_transformed,lmsys_rephrase
pairs_mcq_v2.csv,1720,mcq,mmlu_high_school_us_history_0189,train,remove,C2_answer_bearing,mmlu_answer_frag
pairs_mcq_v2.csv,1721,mcq,mmlu_high_school_us_history_0189,train,retain,H1_same_topic,mmlu_same_subject_other_item
pairs_mcq_v2.csv,1722,mcq,mmlu_high_school_us_history_0189,train,retain,H3_predating,logiqa
pairs_mcq_v2.csv,1723,mcq,mmlu_high_school_us_history_0189,train,retain,R_random,svamp
pairs_mcq_v2.csv,1724,mcq,mmlu_high_school_us_history_0190,train,remove,C0_exact,mmlu_copy
pairs_mcq_v2.csv,1725,mcq,mmlu_high_school_us_history_0190,train,remove,C1_transformed,lmsys_rephrase
pairs_mcq_v2.csv,1726,mcq,mmlu_high_school_us_history_0190,train,remove,C2_answer_bearing,mmlu_answer_frag
pairs_mcq_v2.csv,1727,mcq,mmlu_high_school_us_history_0190,train,retain,H1_same_topic,mmlu_same_subject_other_item
pairs_mcq_v2.csv,1728,mcq,mmlu_high_school_us_history_0190,train,retain,H3_predating,logiqa
pairs_mcq_v2.csv,1729,mcq,mmlu_high_school_us_history_0190,train,retain,R_random,svamp
pairs_mcq_v2.csv,1730,mcq,mmlu_high_school_us_history_0191,train,remove,C0_exact,mmlu_copy
pairs_mcq_v2.csv,1731,mcq,mmlu_high_school_us_history_0191,train,remove,C1_transformed,lmsys_rephrase
pairs_mcq_v2.csv,1732,mcq,mmlu_high_school_us_history_0191,train,remove,C2_answer_bearing,mmlu_answer_frag
pairs_mcq_v2.csv,1733,mcq,mmlu_high_school_us_history_0191,train,retain,H1_same_topic,mmlu_same_subject_other_item
pairs_mcq_v2.csv,1734,mcq,mmlu_high_school_us_history_0191,train,retain,H3_predating,logiqa
pairs_mcq_v2.csv,1735,mcq,mmlu_high_school_us_history_0191,train,retain,R_random,svamp
pairs_mcq_v2.csv,1766,mcq,mmlu_high_school_us_history_0197,train,remove,C0_exact,mmlu_copy
pairs_mcq_v2.csv,1767,mcq,mmlu_high_school_us_history_0197,train,remove,C1_transformed,lmsys_rephrase
pairs_mcq_v2.csv,1768,mcq,mmlu_high_school_us_history_0197,train,remove,C2_answer_bearing,mmlu_answer_frag
pairs_mcq_v2.csv,1769,mcq,mmlu_high_school_us_history_0197,train,retain,H1_same_topic,mmlu_same_subject_other_item
pairs_mcq_v2.csv,1770,mcq,mmlu_high_school_us_history_0197,train,retain,H3_predating,logiqa
pairs_mcq_v2.csv,1771,mcq,mmlu_high_school_us_history_0197,train,retain,R_random,svamp
pairs_mcq_v2.csv,1772,mcq,mmlu_high_school_us_history_0198,train,remove,C0_exact,mmlu_copy
pairs_mcq_v2.csv,1773,mcq,mmlu_high_school_us_history_0198,train,remove,C1_transformed,lmsys_rephrase
pairs_mcq_v2.csv,1774,mcq,mmlu_high_school_us_history_0198,train,remove,C2_answer_bearing,mmlu_answer_frag
pairs_mcq_v2.csv,1775,mcq,mmlu_high_school_us_history_0198,train,retain,H1_same_topic,mmlu_same_subject_other_item
pairs_mcq_v2.csv,1776,mcq,mmlu_high_school_us_history_0198,train,retain,H3_predating,logiqa
pairs_mcq_v2.csv,1777,mcq,mmlu_high_school_us_history_0198,train,retain,R_random,svamp
pairs_mcq_v2.csv,1778,mcq,mmlu_high_school_us_history_0199,train,remove,C0_exact,mmlu_copy
pairs_mcq_v2.csv,1779,mcq,mmlu_high_school_us_history_0199,train,remove,C1_transformed,lmsys_rephrase
pairs_mcq_v2.csv,1780,mcq,mmlu_high_school_us_history_0199,train,remove,C2_answer_bearing,mmlu_answer_frag
pairs_mcq_v2.csv,1781,mcq,mmlu_high_school_us_history_0199,train,retain,H1_same_topic,mmlu_same_subject_other_item
pairs_mcq_v2.csv,1782,mcq,mmlu_high_school_us_history_0199,train,retain,H3_predating,logiqa
pairs_mcq_v2.csv,1783,mcq,mmlu_high_school_us_history_0199,train,retain,R_random,svamp
pairs_mcq_v2.csv,1802,mcq,mmlu_high_school_us_history_0203,train,remove,C0_exact,mmlu_copy
pairs_mcq_v2.csv,1803,mcq,mmlu_high_school_us_history_0203,train,remove,C1_transformed,lmsys_rephrase
pairs_mcq_v2.csv,1804,mcq,mmlu_high_school_us_history_0203,train,remove,C2_answer_bearing,mmlu_answer_frag
pairs_mcq_v2.csv,1805,mcq,mmlu_high_school_us_history_0203,train,retain,H1_same_topic,mmlu_same_subject_other_item
pairs_mcq_v2.csv,1806,mcq,mmlu_high_school_us_history_0203,train,retain,H3_predating,logiqa
pairs_mcq_v2.csv,1807,mcq,mmlu_high_school_us_history_0203,train,retain,R_random,svamp
pairs_mcq_v2.csv,1826,mcq,mmlu_sociology_0003,train,remove,C0_exact,mmlu_copy
pairs_mcq_v2.csv,1827,mcq,mmlu_sociology_0003,train,remove,C1_transformed,lmsys_rephrase
pairs_mcq_v2.csv,1828,mcq,mmlu_sociology_0003,train,remove,C2_answer_bearing,mmlu_answer_frag
pairs_mcq_v2.csv,1829,mcq,mmlu_sociology_0003,train,retain,H1_same_topic,mmlu_same_subject_other_item
pairs_mcq_v2.csv,1830,mcq,mmlu_sociology_0003,train,retain,H3_predating,logiqa
pairs_mcq_v2.csv,1831,mcq,mmlu_sociology_0003,train,retain,R_random,svamp
pairs_mcq_v2.csv,1838,mcq,mmlu_sociology_0005,train,remove,C0_exact,mmlu_copy
pairs_mcq_v2.csv,1839,mcq,mmlu_sociology_0005,train,remove,C1_transformed,lmsys_rephrase
pairs_mcq_v2.csv,1840,mcq,mmlu_sociology_0005,train,remove,C2_answer_bearing,mmlu_answer_frag
pairs_mcq_v2.csv,1841,mcq,mmlu_sociology_0005,train,retain,H1_same_topic,mmlu_same_subject_other_item
pairs_mcq_v2.csv,1842,mcq,mmlu_sociology_0005,train,retain,H3_predating,logiqa
pairs_mcq_v2.csv,1843,mcq,mmlu_sociology_0005,train,retain,R_random,svamp
pairs_mcq_v2.csv,1844,mcq,mmlu_sociology_0006,train,remove,C0_exact,mmlu_copy
pairs_mcq_v2.csv,1845,mcq,mmlu_sociology_0006,train,remove,C1_transformed,lmsys_rephrase
pairs_mcq_v2.csv,1846,mcq,mmlu_sociology_0006,train,remove,C2_answer_bearing,mmlu_answer_frag
pairs_mcq_v2.csv,1847,mcq,mmlu_sociology_0006,train,retain,H1_same_topic,mmlu_same_subject_other_item
pairs_mcq_v2.csv,1848,mcq,mmlu_sociology_0006,train,retain,H3_predating,logiqa
pairs_mcq_v2.csv,1849,mcq,mmlu_sociology_0006,train,retain,R_random,svamp
pairs_mcq_v2.csv,1850,mcq,mmlu_sociology_0007,train,remove,C0_exact,mmlu_copy
pairs_mcq_v2.csv,1851,mcq,mmlu_sociology_0007,train,remove,C1_transformed,lmsys_rephrase
pairs_mcq_v2.csv,1852,mcq,mmlu_sociology_0007,train,remove,C2_answer_bearing,mmlu_answer_frag
pairs_mcq_v2.csv,1853,mcq,mmlu_sociology_0007,train,retain,H1_same_topic,mmlu_same_subject_other_item
pairs_mcq_v2.csv,1854,mcq,mmlu_sociology_0007,train,retain,H3_predating,logiqa
pairs_mcq_v2.csv,1855,mcq,mmlu_sociology_0007,train,retain,R_random,svamp
pairs_mcq_v2.csv,1856,mcq,mmlu_sociology_0008,train,remove,C0_exact,mmlu_copy
pairs_mcq_v2.csv,1857,mcq,mmlu_sociology_0008,train,remove,C1_transformed,lmsys_rephrase
pairs_mcq_v2.csv,1858,mcq,mmlu_sociology_0008,train,remove,C2_answer_bearing,mmlu_answer_frag
pairs_mcq_v2.csv,1859,mcq,mmlu_sociology_0008,train,retain,H1_same_topic,mmlu_same_subject_other_item
pairs_mcq_v2.csv,1860,mcq,mmlu_sociology_0008,train,retain,H3_predating,logiqa
pairs_mcq_v2.csv,1861,mcq,mmlu_sociology_0008,train,retain,R_random,svamp
pairs_mcq_v2.csv,1909,mcq,mmlu_sociology_0017,train,remove,C0_exact,mmlu_copy
pairs_mcq_v2.csv,1910,mcq,mmlu_sociology_0017,train,remove,C1_transformed,lmsys_rephrase
pairs_mcq_v2.csv,1911,mcq,mmlu_sociology_0017,train,remove,C2_answer_bearing,mmlu_answer_frag
pairs_mcq_v2.csv,1912,mcq,mmlu_sociology_0017,train,retain,H1_same_topic,mmlu_same_subject_other_item
pairs_mcq_v2.csv,1913,mcq,mmlu_sociology_0017,train,retain,H3_predating,logiqa
pairs_mcq_v2.csv,1914,mcq,mmlu_sociology_0017,train,retain,R_random,svamp
pairs_mcq_v2.csv,1927,mcq,mmlu_sociology_0020,train,remove,C0_exact,mmlu_copy
pairs_mcq_v2.csv,1928,mcq,mmlu_sociology_0020,train,remove,C1_transformed,lmsys_rephrase
pairs_mcq_v2.csv,1929,mcq,mmlu_sociology_0020,train,remove,C2_answer_bearing,mmlu_answer_frag
pairs_mcq_v2.csv,1930,mcq,mmlu_sociology_0020,train,retain,H1_same_topic,mmlu_same_subject_other_item
pairs_mcq_v2.csv,1931,mcq,mmlu_sociology_0020,train,retain,H3_predating,logiqa
pairs_mcq_v2.csv,1932,mcq,mmlu_sociology_0020,train,retain,R_random,svamp
pairs_mcq_v2.csv,1939,mcq,mmlu_sociology_0022,train,remove,C0_exact,mmlu_copy
pairs_mcq_v2.csv,1940,mcq,mmlu_sociology_0022,train,remove,C1_transformed,lmsys_rephrase
pairs_mcq_v2.csv,1941,mcq,mmlu_sociology_0022,train,remove,C2_answer_bearing,mmlu_answer_frag
pairs_mcq_v2.csv,1942,mcq,mmlu_sociology_0022,train,retain,H1_same_topic,mmlu_same_subject_other_item
pairs_mcq_v2.csv,1943,mcq,mmlu_sociology_0022,train,retain,H3_predating,logiqa
pairs_mcq_v2.csv,1944,mcq,mmlu_sociology_0022,train,retain,R_random,svamp
pairs_mcq_v2.csv,1963,mcq,mmlu_sociology_0026,train,remove,C0_exact,mmlu_copy
pairs_mcq_v2.csv,1964,mcq,mmlu_sociology_0026,train,remove,C1_transformed,lmsys_rephrase
pairs_mcq_v2.csv,1965,mcq,mmlu_sociology_0026,train,remove,C2_answer_bearing,mmlu_answer_frag
pairs_mcq_v2.csv,1966,mcq,mmlu_sociology_0026,train,retain,H1_same_topic,mmlu_same_subject_other_item
pairs_mcq_v2.csv,1967,mcq,mmlu_sociology_0026,train,retain,H3_predating,logiqa
pairs_mcq_v2.csv,1968,mcq,mmlu_sociology_0026,train,retain,R_random,svamp
pairs_mcq_v2.csv,2005,mcq,mmlu_sociology_0033,train,remove,C0_exact,mmlu_copy
pairs_mcq_v2.csv,2006,mcq,mmlu_sociology_0033,train,remove,C1_transformed,lmsys_rephrase
pairs_mcq_v2.csv,2007,mcq,mmlu_sociology_0033,train,remove,C2_answer_bearing,mmlu_answer_frag
pairs_mcq_v2.csv,2008,mcq,mmlu_sociology_0033,train,retain,H1_same_topic,mmlu_same_subject_other_item
pairs_mcq_v2.csv,2009,mcq,mmlu_sociology_0033,train,retain,H3_predating,logiqa
pairs_mcq_v2.csv,2010,mcq,mmlu_sociology_0033,train,retain,R_random,svamp
pairs_mcq_v2.csv,2017,mcq,mmlu_sociology_0035,train,remove,C0_exact,mmlu_copy
pairs_mcq_v2.csv,2018,mcq,mmlu_sociology_0035,train,remove,C1_transformed,lmsys_rephrase
pairs_mcq_v2.csv,2019,mcq,mmlu_sociology_0035,train,remove,C2_answer_bearing,mmlu_answer_frag
pairs_mcq_v2.csv,2020,mcq,mmlu_sociology_0035,train,retain,H1_same_topic,mmlu_same_subject_other_item
pairs_mcq_v2.csv,2021,mcq,mmlu_sociology_0035,train,retain,H3_predating,logiqa
pairs_mcq_v2.csv,2022,mcq,mmlu_sociology_0035,train,retain,R_random,svamp
pairs_mcq_v2.csv,2023,mcq,mmlu_sociology_0036,train,remove,C0_exact,mmlu_copy
pairs_mcq_v2.csv,2024,mcq,mmlu_sociology_0036,train,remove,C1_transformed,lmsys_rephrase
pairs_mcq_v2.csv,2025,mcq,mmlu_sociology_0036,train,remove,C2_answer_bearing,mmlu_answer_frag
pairs_mcq_v2.csv,2026,mcq,mmlu_sociology_0036,train,retain,H1_same_topic,mmlu_same_subject_other_item
pairs_mcq_v2.csv,2027,mcq,mmlu_sociology_0036,train,retain,H3_predating,logiqa
pairs_mcq_v2.csv,2028,mcq,mmlu_sociology_0036,train,retain,R_random,svamp
pairs_mcq_v2.csv,2029,mcq,mmlu_sociology_0037,train,remove,C0_exact,mmlu_copy
pairs_mcq_v2.csv,2030,mcq,mmlu_sociology_0037,train,remove,C1_transformed,lmsys_rephrase
pairs_mcq_v2.csv,2031,mcq,mmlu_sociology_0037,train,remove,C2_answer_bearing,mmlu_answer_frag
pairs_mcq_v2.csv,2032,mcq,mmlu_sociology_0037,train,retain,H1_same_topic,mmlu_same_subject_other_item
pairs_mcq_v2.csv,2033,mcq,mmlu_sociology_0037,train,retain,H3_predating,logiqa
pairs_mcq_v2.csv,2034,mcq,mmlu_sociology_0037,train,retain,R_random,svamp
pairs_mcq_v2.csv,2041,mcq,mmlu_sociology_0039,train,remove,C0_exact,mmlu_copy
pairs_mcq_v2.csv,2042,mcq,mmlu_sociology_0039,train,remove,C2_answer_bearing,mmlu_answer_frag
pairs_mcq_v2.csv,2043,mcq,mmlu_sociology_0039,train,retain,H1_same_topic,mmlu_same_subject_other_item
pairs_mcq_v2.csv,2044,mcq,mmlu_sociology_0039,train,retain,H3_predating,logiqa
pairs_mcq_v2.csv,2045,mcq,mmlu_sociology_0039,train,retain,R_random,svamp
pairs_mcq_v2.csv,2046,mcq,mmlu_sociology_0040,train,remove,C0_exact,mmlu_copy
pairs_mcq_v2.csv,2047,mcq,mmlu_sociology_0040,train,remove,C1_transformed,lmsys_rephrase
pairs_mcq_v2.csv,2048,mcq,mmlu_sociology_0040,train,remove,C2_answer_bearing,mmlu_answer_frag
pairs_mcq_v2.csv,2049,mcq,mmlu_sociology_0040,train,retain,H1_same_topic,mmlu_same_subject_other_item
pairs_mcq_v2.csv,2050,mcq,mmlu_sociology_0040,train,retain,H3_predating,logiqa
pairs_mcq_v2.csv,2051,mcq,mmlu_sociology_0040,train,retain,R_random,svamp
pairs_mcq_v2.csv,2070,mcq,mmlu_sociology_0044,train,remove,C0_exact,mmlu_copy
pairs_mcq_v2.csv,2071,mcq,mmlu_sociology_0044,train,remove,C1_transformed,lmsys_rephrase
pairs_mcq_v2.csv,2072,mcq,mmlu_sociology_0044,train,remove,C2_answer_bearing,mmlu_answer_frag
pairs_mcq_v2.csv,2073,mcq,mmlu_sociology_0044,train,retain,H1_same_topic,mmlu_same_subject_other_item
pairs_mcq_v2.csv,2074,mcq,mmlu_sociology_0044,train,retain,H3_predating,logiqa
pairs_mcq_v2.csv,2075,mcq,mmlu_sociology_0044,train,retain,R_random,svamp
pairs_mcq_v2.csv,2076,mcq,mmlu_sociology_0045,train,remove,C0_exact,mmlu_copy
pairs_mcq_v2.csv,2077,mcq,mmlu_sociology_0045,train,remove,C1_transformed,lmsys_rephrase
pairs_mcq_v2.csv,2078,mcq,mmlu_sociology_0045,train,remove,C2_answer_bearing,mmlu_answer_frag
pairs_mcq_v2.csv,2079,mcq,mmlu_sociology_0045,train,retain,H1_same_topic,mmlu_same_subject_other_item
pairs_mcq_v2.csv,2080,mcq,mmlu_sociology_0045,train,retain,H3_predating,logiqa
pairs_mcq_v2.csv,2081,mcq,mmlu_sociology_0045,train,retain,R_random,svamp
pairs_mcq_v2.csv,2088,mcq,mmlu_sociology_0047,train,remove,C0_exact,mmlu_copy
pairs_mcq_v2.csv,2089,mcq,mmlu_sociology_0047,train,remove,C1_transformed,lmsys_rephrase
pairs_mcq_v2.csv,2090,mcq,mmlu_sociology_0047,train,remove,C2_answer_bearing,mmlu_answer_frag
pairs_mcq_v2.csv,2091,mcq,mmlu_sociology_0047,train,retain,H1_same_topic,mmlu_same_subject_other_item
pairs_mcq_v2.csv,2092,mcq,mmlu_sociology_0047,train,retain,H3_predating,logiqa
pairs_mcq_v2.csv,2093,mcq,mmlu_sociology_0047,train,retain,R_random,svamp
pairs_mcq_v2.csv,2094,mcq,mmlu_sociology_0048,train,remove,C0_exact,mmlu_copy
pairs_mcq_v2.csv,2095,mcq,mmlu_sociology_0048,train,remove,C1_transformed,lmsys_rephrase
pairs_mcq_v2.csv,2096,mcq,mmlu_sociology_0048,train,remove,C2_answer_bearing,mmlu_answer_frag
pairs_mcq_v2.csv,2097,mcq,mmlu_sociology_0048,train,retain,H1_same_topic,mmlu_same_subject_other_item
pairs_mcq_v2.csv,2098,mcq,mmlu_sociology_0048,train,retain,H3_predating,logiqa
pairs_mcq_v2.csv,2099,mcq,mmlu_sociology_0048,train,retain,R_random,svamp
pairs_mcq_v2.csv,2112,mcq,mmlu_sociology_0051,train,remove,C0_exact,mmlu_copy
pairs_mcq_v2.csv,2113,mcq,mmlu_sociology_0051,train,remove,C1_transformed,lmsys_rephrase
pairs_mcq_v2.csv,2114,mcq,mmlu_sociology_0051,train,remove,C2_answer_bearing,mmlu_answer_frag
pairs_mcq_v2.csv,2115,mcq,mmlu_sociology_0051,train,retain,H1_same_topic,mmlu_same_subject_other_item
pairs_mcq_v2.csv,2116,mcq,mmlu_sociology_0051,train,retain,H3_predating,logiqa
pairs_mcq_v2.csv,2117,mcq,mmlu_sociology_0051,train,retain,R_random,svamp
pairs_mcq_v2.csv,2130,mcq,mmlu_sociology_0054,train,remove,C0_exact,mmlu_copy
pairs_mcq_v2.csv,2131,mcq,mmlu_sociology_0054,train,remove,C1_transformed,lmsys_rephrase
pairs_mcq_v2.csv,2132,mcq,mmlu_sociology_0054,train,remove,C2_answer_bearing,mmlu_answer_frag
pairs_mcq_v2.csv,2133,mcq,mmlu_sociology_0054,train,retain,H1_same_topic,mmlu_same_subject_other_item
pairs_mcq_v2.csv,2134,mcq,mmlu_sociology_0054,train,retain,H3_predating,logiqa
pairs_mcq_v2.csv,2135,mcq,mmlu_sociology_0054,train,retain,R_random,svamp
pairs_mcq_v2.csv,2160,mcq,mmlu_sociology_0059,train,remove,C0_exact,mmlu_copy
pairs_mcq_v2.csv,2161,mcq,mmlu_sociology_0059,train,remove,C1_transformed,lmsys_rephrase
pairs_mcq_v2.csv,2162,mcq,mmlu_sociology_0059,train,remove,C2_answer_bearing,mmlu_answer_frag
pairs_mcq_v2.csv,2163,mcq,mmlu_sociology_0059,train,retain,H1_same_topic,mmlu_same_subject_other_item
pairs_mcq_v2.csv,2164,mcq,mmlu_sociology_0059,train,retain,H3_predating,logiqa
pairs_mcq_v2.csv,2165,mcq,mmlu_sociology_0059,train,retain,R_random,svamp
pairs_mcq_v2.csv,2178,mcq,mmlu_sociology_0062,train,remove,C0_exact,mmlu_copy
pairs_mcq_v2.csv,2179,mcq,mmlu_sociology_0062,train,remove,C1_transformed,lmsys_rephrase
pairs_mcq_v2.csv,2180,mcq,mmlu_sociology_0062,train,remove,C2_answer_bearing,mmlu_answer_frag
pairs_mcq_v2.csv,2181,mcq,mmlu_sociology_0062,train,retain,H1_same_topic,mmlu_same_subject_other_item
pairs_mcq_v2.csv,2182,mcq,mmlu_sociology_0062,train,retain,H3_predating,logiqa
pairs_mcq_v2.csv,2183,mcq,mmlu_sociology_0062,train,retain,R_random,svamp
pairs_mcq_v2.csv,2202,mcq,mmlu_sociology_0066,train,remove,C0_exact,mmlu_copy
pairs_mcq_v2.csv,2203,mcq,mmlu_sociology_0066,train,remove,C1_transformed,lmsys_rephrase
pairs_mcq_v2.csv,2204,mcq,mmlu_sociology_0066,train,remove,C2_answer_bearing,mmlu_answer_frag
pairs_mcq_v2.csv,2205,mcq,mmlu_sociology_0066,train,retain,H1_same_topic,mmlu_same_subject_other_item
pairs_mcq_v2.csv,2206,mcq,mmlu_sociology_0066,train,retain,H3_predating,logiqa
pairs_mcq_v2.csv,2207,mcq,mmlu_sociology_0066,train,retain,R_random,svamp
pairs_mcq_v2.csv,2208,mcq,mmlu_sociology_0067,train,remove,C0_exact,mmlu_copy
pairs_mcq_v2.csv,2209,mcq,mmlu_sociology_0067,train,remove,C2_answer_bearing,mmlu_answer_frag
pairs_mcq_v2.csv,2210,mcq,mmlu_sociology_0067,train,retain,H1_same_topic,mmlu_same_subject_other_item
pairs_mcq_v2.csv,2211,mcq,mmlu_sociology_0067,train,retain,H3_predating,logiqa
pairs_mcq_v2.csv,2212,mcq,mmlu_sociology_0067,train,retain,R_random,svamp
pairs_mcq_v2.csv,2213,mcq,mmlu_sociology_0068,train,remove,C0_exact,mmlu_copy
pairs_mcq_v2.csv,2214,mcq,mmlu_sociology_0068,train,remove,C1_transformed,lmsys_rephrase
pairs_mcq_v2.csv,2215,mcq,mmlu_sociology_0068,train,remove,C2_answer_bearing,mmlu_answer_frag
pairs_mcq_v2.csv,2216,mcq,mmlu_sociology_0068,train,retain,H1_same_topic,mmlu_same_subject_other_item
pairs_mcq_v2.csv,2217,mcq,mmlu_sociology_0068,train,retain,H3_predating,logiqa
pairs_mcq_v2.csv,2218,mcq,mmlu_sociology_0068,train,retain,R_random,svamp
pairs_mcq_v2.csv,2231,mcq,mmlu_sociology_0071,train,remove,C0_exact,mmlu_copy
pairs_mcq_v2.csv,2232,mcq,mmlu_sociology_0071,train,remove,C1_transformed,lmsys_rephrase
pairs_mcq_v2.csv,2233,mcq,mmlu_sociology_0071,train,remove,C2_answer_bearing,mmlu_answer_frag
pairs_mcq_v2.csv,2234,mcq,mmlu_sociology_0071,train,retain,H1_same_topic,mmlu_same_subject_other_item
pairs_mcq_v2.csv,2235,mcq,mmlu_sociology_0071,train,retain,H3_predating,logiqa
pairs_mcq_v2.csv,2236,mcq,mmlu_sociology_0071,train,retain,R_random,svamp
pairs_mcq_v2.csv,2261,mcq,mmlu_sociology_0076,train,remove,C0_exact,mmlu_copy
pairs_mcq_v2.csv,2262,mcq,mmlu_sociology_0076,train,remove,C1_transformed,lmsys_rephrase
pairs_mcq_v2.csv,2263,mcq,mmlu_sociology_0076,train,remove,C2_answer_bearing,mmlu_answer_frag
pairs_mcq_v2.csv,2264,mcq,mmlu_sociology_0076,train,retain,H1_same_topic,mmlu_same_subject_other_item
pairs_mcq_v2.csv,2265,mcq,mmlu_sociology_0076,train,retain,H3_predating,logiqa
pairs_mcq_v2.csv,2266,mcq,mmlu_sociology_0076,train,retain,R_random,svamp
pairs_mcq_v2.csv,2273,mcq,mmlu_sociology_0078,train,remove,C0_exact,mmlu_copy
pairs_mcq_v2.csv,2274,mcq,mmlu_sociology_0078,train,remove,C1_transformed,lmsys_rephrase
pairs_mcq_v2.csv,2275,mcq,mmlu_sociology_0078,train,remove,C2_answer_bearing,mmlu_answer_frag
pairs_mcq_v2.csv,2276,mcq,mmlu_sociology_0078,train,retain,H1_same_topic,mmlu_same_subject_other_item
pairs_mcq_v2.csv,2277,mcq,mmlu_sociology_0078,train,retain,H3_predating,logiqa
pairs_mcq_v2.csv,2278,mcq,mmlu_sociology_0078,train,retain,R_random,svamp
pairs_mcq_v2.csv,2291,mcq,mmlu_sociology_0081,train,remove,C0_exact,mmlu_copy
pairs_mcq_v2.csv,2292,mcq,mmlu_sociology_0081,train,remove,C1_transformed,lmsys_rephrase
pairs_mcq_v2.csv,2293,mcq,mmlu_sociology_0081,train,remove,C2_answer_bearing,mmlu_answer_frag
pairs_mcq_v2.csv,2294,mcq,mmlu_sociology_0081,train,retain,H1_same_topic,mmlu_same_subject_other_item
pairs_mcq_v2.csv,2295,mcq,mmlu_sociology_0081,train,retain,H3_predating,logiqa
pairs_mcq_v2.csv,2296,mcq,mmlu_sociology_0081,train,retain,R_random,svamp
pairs_mcq_v2.csv,2327,mcq,mmlu_sociology_0087,train,remove,C0_exact,mmlu_copy
pairs_mcq_v2.csv,2328,mcq,mmlu_sociology_0087,train,remove,C1_transformed,lmsys_rephrase
pairs_mcq_v2.csv,2329,mcq,mmlu_sociology_0087,train,remove,C2_answer_bearing,mmlu_answer_frag
pairs_mcq_v2.csv,2330,mcq,mmlu_sociology_0087,train,retain,H1_same_topic,mmlu_same_subject_other_item
pairs_mcq_v2.csv,2331,mcq,mmlu_sociology_0087,train,retain,H3_predating,logiqa
pairs_mcq_v2.csv,2332,mcq,mmlu_sociology_0087,train,retain,R_random,svamp
pairs_mcq_v2.csv,2351,mcq,mmlu_sociology_0091,train,remove,C0_exact,mmlu_copy
pairs_mcq_v2.csv,2352,mcq,mmlu_sociology_0091,train,remove,C1_transformed,lmsys_rephrase
pairs_mcq_v2.csv,2353,mcq,mmlu_sociology_0091,train,remove,C2_answer_bearing,mmlu_answer_frag
pairs_mcq_v2.csv,2354,mcq,mmlu_sociology_0091,train,retain,H1_same_topic,mmlu_same_subject_other_item
pairs_mcq_v2.csv,2355,mcq,mmlu_sociology_0091,train,retain,H3_predating,logiqa
pairs_mcq_v2.csv,2356,mcq,mmlu_sociology_0091,train,retain,R_random,svamp
pairs_mcq_v2.csv,2357,mcq,mmlu_sociology_0092,train,remove,C0_exact,mmlu_copy
pairs_mcq_v2.csv,2358,mcq,mmlu_sociology_0092,train,remove,C1_transformed,lmsys_rephrase
pairs_mcq_v2.csv,2359,mcq,mmlu_sociology_0092,train,remove,C2_answer_bearing,mmlu_answer_frag
pairs_mcq_v2.csv,2360,mcq,mmlu_sociology_0092,train,retain,H1_same_topic,mmlu_same_subject_other_item
pairs_mcq_v2.csv,2361,mcq,mmlu_sociology_0092,train,retain,H3_predating,logiqa
pairs_mcq_v2.csv,2362,mcq,mmlu_sociology_0092,train,retain,R_random,svamp
pairs_mcq_v2.csv,2363,mcq,mmlu_sociology_0093,train,remove,C0_exact,mmlu_copy
pairs_mcq_v2.csv,2364,mcq,mmlu_sociology_0093,train,remove,C1_transformed,lmsys_rephrase
pairs_mcq_v2.csv,2365,mcq,mmlu_sociology_0093,train,remove,C2_answer_bearing,mmlu_answer_frag
pairs_mcq_v2.csv,2366,mcq,mmlu_sociology_0093,train,retain,H1_same_topic,mmlu_same_subject_other_item
pairs_mcq_v2.csv,2367,mcq,mmlu_sociology_0093,train,retain,H3_predating,logiqa
pairs_mcq_v2.csv,2368,mcq,mmlu_sociology_0093,train,retain,R_random,svamp
pairs_mcq_v2.csv,2369,mcq,mmlu_sociology_0094,train,remove,C0_exact,mmlu_copy
pairs_mcq_v2.csv,2370,mcq,mmlu_sociology_0094,train,remove,C1_transformed,lmsys_rephrase
pairs_mcq_v2.csv,2371,mcq,mmlu_sociology_0094,train,remove,C2_answer_bearing,mmlu_answer_frag
pairs_mcq_v2.csv,2372,mcq,mmlu_sociology_0094,train,retain,H1_same_topic,mmlu_same_subject_other_item
pairs_mcq_v2.csv,2373,mcq,mmlu_sociology_0094,train,retain,H3_predating,logiqa
pairs_mcq_v2.csv,2374,mcq,mmlu_sociology_0094,train,retain,R_random,svamp
pairs_mcq_v2.csv,2375,mcq,mmlu_sociology_0095,train,remove,C0_exact,mmlu_copy
pairs_mcq_v2.csv,2376,mcq,mmlu_sociology_0095,train,remove,C1_transformed,lmsys_rephrase
pairs_mcq_v2.csv,2377,mcq,mmlu_sociology_0095,train,remove,C2_answer_bearing,mmlu_answer_frag
pairs_mcq_v2.csv,2378,mcq,mmlu_sociology_0095,train,retain,H1_same_topic,mmlu_same_subject_other_item
pairs_mcq_v2.csv,2379,mcq,mmlu_sociology_0095,train,retain,H3_predating,logiqa
pairs_mcq_v2.csv,2380,mcq,mmlu_sociology_0095,train,retain,R_random,svamp
pairs_mcq_v2.csv,2381,mcq,mmlu_sociology_0096,train,remove,C0_exact,mmlu_copy
pairs_mcq_v2.csv,2382,mcq,mmlu_sociology_0096,train,remove,C1_transformed,lmsys_rephrase
pairs_mcq_v2.csv,2383,mcq,mmlu_sociology_0096,train,remove,C2_answer_bearing,mmlu_answer_frag
pairs_mcq_v2.csv,2384,mcq,mmlu_sociology_0096,train,retain,H1_same_topic,mmlu_same_subject_other_item
pairs_mcq_v2.csv,2385,mcq,mmlu_sociology_0096,train,retain,H3_predating,logiqa
pairs_mcq_v2.csv,2386,mcq,mmlu_sociology_0096,train,retain,R_random,svamp
pairs_mcq_v2.csv,2393,mcq,mmlu_sociology_0098,train,remove,C0_exact,mmlu_copy
pairs_mcq_v2.csv,2394,mcq,mmlu_sociology_0098,train,remove,C1_transformed,lmsys_rephrase
pairs_mcq_v2.csv,2395,mcq,mmlu_sociology_0098,train,remove,C2_answer_bearing,mmlu_answer_frag
pairs_mcq_v2.csv,2396,mcq,mmlu_sociology_0098,train,retain,H1_same_topic,mmlu_same_subject_other_item
pairs_mcq_v2.csv,2397,mcq,mmlu_sociology_0098,train,retain,H3_predating,logiqa
pairs_mcq_v2.csv,2398,mcq,mmlu_sociology_0098,train,retain,R_random,svamp
pairs_mcq_v2.csv,2411,mcq,mmlu_sociology_0101,train,remove,C0_exact,mmlu_copy
pairs_mcq_v2.csv,2412,mcq,mmlu_sociology_0101,train,remove,C1_transformed,lmsys_rephrase
pairs_mcq_v2.csv,2413,mcq,mmlu_sociology_0101,train,remove,C2_answer_bearing,mmlu_answer_frag
pairs_mcq_v2.csv,2414,mcq,mmlu_sociology_0101,train,retain,H1_same_topic,mmlu_same_subject_other_item
pairs_mcq_v2.csv,2415,mcq,mmlu_sociology_0101,train,retain,H3_predating,logiqa
pairs_mcq_v2.csv,2416,mcq,mmlu_sociology_0101,train,retain,R_random,svamp
pairs_mcq_v2.csv,2441,mcq,mmlu_sociology_0106,train,remove,C0_exact,mmlu_copy
pairs_mcq_v2.csv,2442,mcq,mmlu_sociology_0106,train,remove,C1_transformed,lmsys_rephrase
pairs_mcq_v2.csv,2443,mcq,mmlu_sociology_0106,train,remove,C2_answer_bearing,mmlu_answer_frag
pairs_mcq_v2.csv,2444,mcq,mmlu_sociology_0106,train,retain,H1_same_topic,mmlu_same_subject_other_item
pairs_mcq_v2.csv,2445,mcq,mmlu_sociology_0106,train,retain,H3_predating,logiqa
pairs_mcq_v2.csv,2446,mcq,mmlu_sociology_0106,train,retain,R_random,svamp
pairs_mcq_v2.csv,2447,mcq,mmlu_sociology_0107,train,remove,C0_exact,mmlu_copy
pairs_mcq_v2.csv,2448,mcq,mmlu_sociology_0107,train,remove,C1_transformed,lmsys_rephrase
pairs_mcq_v2.csv,2449,mcq,mmlu_sociology_0107,train,remove,C2_answer_bearing,mmlu_answer_frag
pairs_mcq_v2.csv,2450,mcq,mmlu_sociology_0107,train,retain,H1_same_topic,mmlu_same_subject_other_item
pairs_mcq_v2.csv,2451,mcq,mmlu_sociology_0107,train,retain,H3_predating,logiqa
pairs_mcq_v2.csv,2452,mcq,mmlu_sociology_0107,train,retain,R_random,svamp
pairs_mcq_v2.csv,2459,mcq,mmlu_sociology_0109,train,remove,C0_exact,mmlu_copy
pairs_mcq_v2.csv,2460,mcq,mmlu_sociology_0109,train,remove,C1_transformed,lmsys_rephrase
pairs_mcq_v2.csv,2461,mcq,mmlu_sociology_0109,train,remove,C2_answer_bearing,mmlu_answer_frag
pairs_mcq_v2.csv,2462,mcq,mmlu_sociology_0109,train,retain,H1_same_topic,mmlu_same_subject_other_item
pairs_mcq_v2.csv,2463,mcq,mmlu_sociology_0109,train,retain,H3_predating,logiqa
pairs_mcq_v2.csv,2464,mcq,mmlu_sociology_0109,train,retain,R_random,svamp
pairs_mcq_v2.csv,2471,mcq,mmlu_sociology_0111,train,remove,C0_exact,mmlu_copy
pairs_mcq_v2.csv,2472,mcq,mmlu_sociology_0111,train,remove,C1_transformed,lmsys_rephrase
pairs_mcq_v2.csv,2473,mcq,mmlu_sociology_0111,train,remove,C2_answer_bearing,mmlu_answer_frag
pairs_mcq_v2.csv,2474,mcq,mmlu_sociology_0111,train,retain,H1_same_topic,mmlu_same_subject_other_item
pairs_mcq_v2.csv,2475,mcq,mmlu_sociology_0111,train,retain,H3_predating,logiqa
pairs_mcq_v2.csv,2476,mcq,mmlu_sociology_0111,train,retain,R_random,svamp
pairs_mcq_v2.csv,2489,mcq,mmlu_sociology_0114,train,remove,C0_exact,mmlu_copy
pairs_mcq_v2.csv,2490,mcq,mmlu_sociology_0114,train,remove,C1_transformed,lmsys_rephrase
pairs_mcq_v2.csv,2491,mcq,mmlu_sociology_0114,train,remove,C2_answer_bearing,mmlu_answer_frag
pairs_mcq_v2.csv,2492,mcq,mmlu_sociology_0114,train,retain,H1_same_topic,mmlu_same_subject_other_item
pairs_mcq_v2.csv,2493,mcq,mmlu_sociology_0114,train,retain,H3_predating,logiqa
pairs_mcq_v2.csv,2494,mcq,mmlu_sociology_0114,train,retain,R_random,svamp
pairs_mcq_v2.csv,2495,mcq,mmlu_sociology_0115,train,remove,C0_exact,mmlu_copy
pairs_mcq_v2.csv,2496,mcq,mmlu_sociology_0115,train,remove,C1_transformed,lmsys_rephrase
pairs_mcq_v2.csv,2497,mcq,mmlu_sociology_0115,train,remove,C2_answer_bearing,mmlu_answer_frag
pairs_mcq_v2.csv,2498,mcq,mmlu_sociology_0115,train,retain,H1_same_topic,mmlu_same_subject_other_item
pairs_mcq_v2.csv,2499,mcq,mmlu_sociology_0115,train,retain,H3_predating,logiqa
pairs_mcq_v2.csv,2500,mcq,mmlu_sociology_0115,train,retain,R_random,svamp
pairs_mcq_v2.csv,2507,mcq,mmlu_sociology_0117,train,remove,C0_exact,mmlu_copy
pairs_mcq_v2.csv,2508,mcq,mmlu_sociology_0117,train,remove,C1_transformed,lmsys_rephrase
pairs_mcq_v2.csv,2509,mcq,mmlu_sociology_0117,train,remove,C2_answer_bearing,mmlu_answer_frag
pairs_mcq_v2.csv,2510,mcq,mmlu_sociology_0117,train,retain,H1_same_topic,mmlu_same_subject_other_item
pairs_mcq_v2.csv,2511,mcq,mmlu_sociology_0117,train,retain,H3_predating,logiqa
pairs_mcq_v2.csv,2512,mcq,mmlu_sociology_0117,train,retain,R_random,svamp
pairs_mcq_v2.csv,2513,mcq,mmlu_sociology_0118,train,remove,C0_exact,mmlu_copy
pairs_mcq_v2.csv,2514,mcq,mmlu_sociology_0118,train,remove,C1_transformed,lmsys_rephrase
pairs_mcq_v2.csv,2515,mcq,mmlu_sociology_0118,train,remove,C2_answer_bearing,mmlu_answer_frag
pairs_mcq_v2.csv,2516,mcq,mmlu_sociology_0118,train,retain,H1_same_topic,mmlu_same_subject_other_item
pairs_mcq_v2.csv,2517,mcq,mmlu_sociology_0118,train,retain,H3_predating,logiqa
pairs_mcq_v2.csv,2518,mcq,mmlu_sociology_0118,train,retain,R_random,svamp
pairs_mcq_v2.csv,2525,mcq,mmlu_sociology_0120,train,remove,C0_exact,mmlu_copy
pairs_mcq_v2.csv,2526,mcq,mmlu_sociology_0120,train,remove,C1_transformed,lmsys_rephrase
pairs_mcq_v2.csv,2527,mcq,mmlu_sociology_0120,train,remove,C2_answer_bearing,mmlu_answer_frag
pairs_mcq_v2.csv,2528,mcq,mmlu_sociology_0120,train,retain,H1_same_topic,mmlu_same_subject_other_item
pairs_mcq_v2.csv,2529,mcq,mmlu_sociology_0120,train,retain,H3_predating,logiqa
pairs_mcq_v2.csv,2530,mcq,mmlu_sociology_0120,train,retain,R_random,svamp
pairs_mcq_v2.csv,2531,mcq,mmlu_sociology_0121,train,remove,C0_exact,mmlu_copy
pairs_mcq_v2.csv,2532,mcq,mmlu_sociology_0121,train,remove,C1_transformed,lmsys_rephrase
pairs_mcq_v2.csv,2533,mcq,mmlu_sociology_0121,train,remove,C2_answer_bearing,mmlu_answer_frag
pairs_mcq_v2.csv,2534,mcq,mmlu_sociology_0121,train,retain,H1_same_topic,mmlu_same_subject_other_item
pairs_mcq_v2.csv,2535,mcq,mmlu_sociology_0121,train,retain,H3_predating,logiqa
pairs_mcq_v2.csv,2536,mcq,mmlu_sociology_0121,train,retain,R_random,svamp
pairs_mcq_v2.csv,2543,mcq,mmlu_sociology_0123,train,remove,C0_exact,mmlu_copy
pairs_mcq_v2.csv,2544,mcq,mmlu_sociology_0123,train,remove,C1_transformed,lmsys_rephrase
pairs_mcq_v2.csv,2545,mcq,mmlu_sociology_0123,train,remove,C2_answer_bearing,mmlu_answer_frag
pairs_mcq_v2.csv,2546,mcq,mmlu_sociology_0123,train,retain,H1_same_topic,mmlu_same_subject_other_item
pairs_mcq_v2.csv,2547,mcq,mmlu_sociology_0123,train,retain,H3_predating,logiqa
pairs_mcq_v2.csv,2548,mcq,mmlu_sociology_0123,train,retain,R_random,svamp
pairs_mcq_v2.csv,2549,mcq,mmlu_sociology_0124,train,remove,C0_exact,mmlu_copy
pairs_mcq_v2.csv,2550,mcq,mmlu_sociology_0124,train,remove,C1_transformed,lmsys_rephrase
pairs_mcq_v2.csv,2551,mcq,mmlu_sociology_0124,train,remove,C2_answer_bearing,mmlu_answer_frag
pairs_mcq_v2.csv,2552,mcq,mmlu_sociology_0124,train,retain,H1_same_topic,mmlu_same_subject_other_item
pairs_mcq_v2.csv,2553,mcq,mmlu_sociology_0124,train,retain,H3_predating,logiqa
pairs_mcq_v2.csv,2554,mcq,mmlu_sociology_0124,train,retain,R_random,svamp
pairs_mcq_v2.csv,2591,mcq,mmlu_sociology_0131,train,remove,C0_exact,mmlu_copy
pairs_mcq_v2.csv,2592,mcq,mmlu_sociology_0131,train,remove,C1_transformed,lmsys_rephrase
pairs_mcq_v2.csv,2593,mcq,mmlu_sociology_0131,train,remove,C2_answer_bearing,mmlu_answer_frag
pairs_mcq_v2.csv,2594,mcq,mmlu_sociology_0131,train,retain,H1_same_topic,mmlu_same_subject_other_item
pairs_mcq_v2.csv,2595,mcq,mmlu_sociology_0131,train,retain,H3_predating,logiqa
pairs_mcq_v2.csv,2596,mcq,mmlu_sociology_0131,train,retain,R_random,svamp
pairs_mcq_v2.csv,2597,mcq,mmlu_sociology_0132,train,remove,C0_exact,mmlu_copy
pairs_mcq_v2.csv,2598,mcq,mmlu_sociology_0132,train,remove,C1_transformed,lmsys_rephrase
pairs_mcq_v2.csv,2599,mcq,mmlu_sociology_0132,train,remove,C2_answer_bearing,mmlu_answer_frag
pairs_mcq_v2.csv,2600,mcq,mmlu_sociology_0132,train,retain,H1_same_topic,mmlu_same_subject_other_item
pairs_mcq_v2.csv,2601,mcq,mmlu_sociology_0132,train,retain,H3_predating,logiqa
pairs_mcq_v2.csv,2602,mcq,mmlu_sociology_0132,train,retain,R_random,svamp
pairs_mcq_v2.csv,2621,mcq,mmlu_sociology_0136,train,remove,C0_exact,mmlu_copy
pairs_mcq_v2.csv,2622,mcq,mmlu_sociology_0136,train,remove,C1_transformed,lmsys_rephrase
pairs_mcq_v2.csv,2623,mcq,mmlu_sociology_0136,train,remove,C2_answer_bearing,mmlu_answer_frag
pairs_mcq_v2.csv,2624,mcq,mmlu_sociology_0136,train,retain,H1_same_topic,mmlu_same_subject_other_item
pairs_mcq_v2.csv,2625,mcq,mmlu_sociology_0136,train,retain,H3_predating,logiqa
pairs_mcq_v2.csv,2626,mcq,mmlu_sociology_0136,train,retain,R_random,svamp
pairs_mcq_v2.csv,2627,mcq,mmlu_sociology_0137,train,remove,C0_exact,mmlu_copy
pairs_mcq_v2.csv,2628,mcq,mmlu_sociology_0137,train,remove,C1_transformed,lmsys_rephrase
pairs_mcq_v2.csv,2629,mcq,mmlu_sociology_0137,train,remove,C2_answer_bearing,mmlu_answer_frag
pairs_mcq_v2.csv,2630,mcq,mmlu_sociology_0137,train,retain,H1_same_topic,mmlu_same_subject_other_item
pairs_mcq_v2.csv,2631,mcq,mmlu_sociology_0137,train,retain,H3_predating,logiqa
pairs_mcq_v2.csv,2632,mcq,mmlu_sociology_0137,train,retain,R_random,svamp
pairs_mcq_v2.csv,2633,mcq,mmlu_sociology_0138,train,remove,C0_exact,mmlu_copy
pairs_mcq_v2.csv,2634,mcq,mmlu_sociology_0138,train,remove,C1_transformed,lmsys_rephrase
pairs_mcq_v2.csv,2635,mcq,mmlu_sociology_0138,train,remove,C2_answer_bearing,mmlu_answer_frag
pairs_mcq_v2.csv,2636,mcq,mmlu_sociology_0138,train,retain,H1_same_topic,mmlu_same_subject_other_item
pairs_mcq_v2.csv,2637,mcq,mmlu_sociology_0138,train,retain,H3_predating,logiqa
pairs_mcq_v2.csv,2638,mcq,mmlu_sociology_0138,train,retain,R_random,svamp
pairs_mcq_v2.csv,2651,mcq,mmlu_sociology_0141,train,remove,C0_exact,mmlu_copy
pairs_mcq_v2.csv,2652,mcq,mmlu_sociology_0141,train,remove,C1_transformed,lmsys_rephrase
pairs_mcq_v2.csv,2653,mcq,mmlu_sociology_0141,train,remove,C2_answer_bearing,mmlu_answer_frag
pairs_mcq_v2.csv,2654,mcq,mmlu_sociology_0141,train,retain,H1_same_topic,mmlu_same_subject_other_item
pairs_mcq_v2.csv,2655,mcq,mmlu_sociology_0141,train,retain,H3_predating,logiqa
pairs_mcq_v2.csv,2656,mcq,mmlu_sociology_0141,train,retain,R_random,svamp
pairs_mcq_v2.csv,2663,mcq,mmlu_sociology_0143,train,remove,C0_exact,mmlu_copy
pairs_mcq_v2.csv,2664,mcq,mmlu_sociology_0143,train,remove,C1_transformed,lmsys_rephrase
pairs_mcq_v2.csv,2665,mcq,mmlu_sociology_0143,train,remove,C2_answer_bearing,mmlu_answer_frag
pairs_mcq_v2.csv,2666,mcq,mmlu_sociology_0143,train,retain,H1_same_topic,mmlu_same_subject_other_item
pairs_mcq_v2.csv,2667,mcq,mmlu_sociology_0143,train,retain,H3_predating,logiqa
pairs_mcq_v2.csv,2668,mcq,mmlu_sociology_0143,train,retain,R_random,svamp
pairs_mcq_v2.csv,2705,mcq,mmlu_sociology_0150,train,remove,C0_exact,mmlu_copy
pairs_mcq_v2.csv,2706,mcq,mmlu_sociology_0150,train,remove,C1_transformed,lmsys_rephrase
pairs_mcq_v2.csv,2707,mcq,mmlu_sociology_0150,train,remove,C2_answer_bearing,mmlu_answer_frag
pairs_mcq_v2.csv,2708,mcq,mmlu_sociology_0150,train,retain,H1_same_topic,mmlu_same_subject_other_item
pairs_mcq_v2.csv,2709,mcq,mmlu_sociology_0150,train,retain,H3_predating,logiqa
pairs_mcq_v2.csv,2710,mcq,mmlu_sociology_0150,train,retain,R_random,svamp
pairs_mcq_v2.csv,2723,mcq,mmlu_sociology_0153,train,remove,C0_exact,mmlu_copy
pairs_mcq_v2.csv,2724,mcq,mmlu_sociology_0153,train,remove,C1_transformed,lmsys_rephrase
pairs_mcq_v2.csv,2725,mcq,mmlu_sociology_0153,train,remove,C2_answer_bearing,mmlu_answer_frag
pairs_mcq_v2.csv,2726,mcq,mmlu_sociology_0153,train,retain,H1_same_topic,mmlu_same_subject_other_item
pairs_mcq_v2.csv,2727,mcq,mmlu_sociology_0153,train,retain,H3_predating,logiqa
pairs_mcq_v2.csv,2728,mcq,mmlu_sociology_0153,train,retain,R_random,svamp
pairs_mcq_v2.csv,2729,mcq,mmlu_sociology_0154,train,remove,C0_exact,mmlu_copy
pairs_mcq_v2.csv,2730,mcq,mmlu_sociology_0154,train,remove,C1_transformed,lmsys_rephrase
pairs_mcq_v2.csv,2731,mcq,mmlu_sociology_0154,train,remove,C2_answer_bearing,mmlu_answer_frag
pairs_mcq_v2.csv,2732,mcq,mmlu_sociology_0154,train,retain,H1_same_topic,mmlu_same_subject_other_item
pairs_mcq_v2.csv,2733,mcq,mmlu_sociology_0154,train,retain,H3_predating,logiqa
pairs_mcq_v2.csv,2734,mcq,mmlu_sociology_0154,train,retain,R_random,svamp
pairs_mcq_v2.csv,2735,mcq,mmlu_sociology_0155,train,remove,C0_exact,mmlu_copy
pairs_mcq_v2.csv,2736,mcq,mmlu_sociology_0155,train,remove,C1_transformed,lmsys_rephrase
pairs_mcq_v2.csv,2737,mcq,mmlu_sociology_0155,train,remove,C2_answer_bearing,mmlu_answer_frag
pairs_mcq_v2.csv,2738,mcq,mmlu_sociology_0155,train,retain,H1_same_topic,mmlu_same_subject_other_item
pairs_mcq_v2.csv,2739,mcq,mmlu_sociology_0155,train,retain,H3_predating,logiqa
pairs_mcq_v2.csv,2740,mcq,mmlu_sociology_0155,train,retain,R_random,svamp
pairs_mcq_v2.csv,2765,mcq,mmlu_sociology_0160,train,remove,C0_exact,mmlu_copy
pairs_mcq_v2.csv,2766,mcq,mmlu_sociology_0160,train,remove,C1_transformed,lmsys_rephrase
pairs_mcq_v2.csv,2767,mcq,mmlu_sociology_0160,train,remove,C2_answer_bearing,mmlu_answer_frag
pairs_mcq_v2.csv,2768,mcq,mmlu_sociology_0160,train,retain,H1_same_topic,mmlu_same_subject_other_item
pairs_mcq_v2.csv,2769,mcq,mmlu_sociology_0160,train,retain,H3_predating,logiqa
pairs_mcq_v2.csv,2770,mcq,mmlu_sociology_0160,train,retain,R_random,svamp
pairs_mcq_v2.csv,2777,mcq,mmlu_sociology_0162,train,remove,C0_exact,mmlu_copy
pairs_mcq_v2.csv,2778,mcq,mmlu_sociology_0162,train,remove,C1_transformed,lmsys_rephrase
pairs_mcq_v2.csv,2779,mcq,mmlu_sociology_0162,train,remove,C2_answer_bearing,mmlu_answer_frag
pairs_mcq_v2.csv,2780,mcq,mmlu_sociology_0162,train,retain,H1_same_topic,mmlu_same_subject_other_item
pairs_mcq_v2.csv,2781,mcq,mmlu_sociology_0162,train,retain,H3_predating,logiqa
pairs_mcq_v2.csv,2782,mcq,mmlu_sociology_0162,train,retain,R_random,svamp
pairs_mcq_v2.csv,2878,mcq,mmlu_sociology_0179,train,remove,C0_exact,mmlu_copy
pairs_mcq_v2.csv,2879,mcq,mmlu_sociology_0179,train,remove,C1_transformed,lmsys_rephrase
pairs_mcq_v2.csv,2880,mcq,mmlu_sociology_0179,train,remove,C2_answer_bearing,mmlu_answer_frag
pairs_mcq_v2.csv,2881,mcq,mmlu_sociology_0179,train,retain,H1_same_topic,mmlu_same_subject_other_item
pairs_mcq_v2.csv,2882,mcq,mmlu_sociology_0179,train,retain,H3_predating,logiqa
pairs_mcq_v2.csv,2883,mcq,mmlu_sociology_0179,train,retain,R_random,svamp
pairs_mcq_v2.csv,2884,mcq,mmlu_sociology_0180,train,remove,C0_exact,mmlu_copy
pairs_mcq_v2.csv,2885,mcq,mmlu_sociology_0180,train,remove,C1_transformed,lmsys_rephrase
pairs_mcq_v2.csv,2886,mcq,mmlu_sociology_0180,train,remove,C2_answer_bearing,mmlu_answer_frag
pairs_mcq_v2.csv,2887,mcq,mmlu_sociology_0180,train,retain,H1_same_topic,mmlu_same_subject_other_item
pairs_mcq_v2.csv,2888,mcq,mmlu_sociology_0180,train,retain,H3_predating,logiqa
pairs_mcq_v2.csv,2889,mcq,mmlu_sociology_0180,train,retain,R_random,svamp
pairs_mcq_v2.csv,2890,mcq,mmlu_sociology_0181,train,remove,C0_exact,mmlu_copy
pairs_mcq_v2.csv,2891,mcq,mmlu_sociology_0181,train,remove,C1_transformed,lmsys_rephrase
pairs_mcq_v2.csv,2892,mcq,mmlu_sociology_0181,train,remove,C2_answer_bearing,mmlu_answer_frag
pairs_mcq_v2.csv,2893,mcq,mmlu_sociology_0181,train,retain,H1_same_topic,mmlu_same_subject_other_item
pairs_mcq_v2.csv,2894,mcq,mmlu_sociology_0181,train,retain,H3_predating,logiqa
pairs_mcq_v2.csv,2895,mcq,mmlu_sociology_0181,train,retain,R_random,svamp
pairs_mcq_v2.csv,2908,mcq,mmlu_sociology_0184,train,remove,C0_exact,mmlu_copy
pairs_mcq_v2.csv,2909,mcq,mmlu_sociology_0184,train,remove,C1_transformed,lmsys_rephrase
pairs_mcq_v2.csv,2910,mcq,mmlu_sociology_0184,train,remove,C2_answer_bearing,mmlu_answer_frag
pairs_mcq_v2.csv,2911,mcq,mmlu_sociology_0184,train,retain,H1_same_topic,mmlu_same_subject_other_item
pairs_mcq_v2.csv,2912,mcq,mmlu_sociology_0184,train,retain,H3_predating,logiqa
pairs_mcq_v2.csv,2913,mcq,mmlu_sociology_0184,train,retain,R_random,svamp
pairs_mcq_v2.csv,2914,mcq,mmlu_sociology_0185,train,remove,C0_exact,mmlu_copy
pairs_mcq_v2.csv,2915,mcq,mmlu_sociology_0185,train,remove,C1_transformed,lmsys_rephrase
pairs_mcq_v2.csv,2916,mcq,mmlu_sociology_0185,train,remove,C2_answer_bearing,mmlu_answer_frag
pairs_mcq_v2.csv,2917,mcq,mmlu_sociology_0185,train,retain,H1_same_topic,mmlu_same_subject_other_item
pairs_mcq_v2.csv,2918,mcq,mmlu_sociology_0185,train,retain,H3_predating,logiqa
pairs_mcq_v2.csv,2919,mcq,mmlu_sociology_0185,train,retain,R_random,svamp
pairs_mcq_v2.csv,2920,mcq,mmlu_sociology_0186,train,remove,C0_exact,mmlu_copy
pairs_mcq_v2.csv,2921,mcq,mmlu_sociology_0186,train,remove,C1_transformed,lmsys_rephrase
pairs_mcq_v2.csv,2922,mcq,mmlu_sociology_0186,train,remove,C2_answer_bearing,mmlu_answer_frag
pairs_mcq_v2.csv,2923,mcq,mmlu_sociology_0186,train,retain,H1_same_topic,mmlu_same_subject_other_item
pairs_mcq_v2.csv,2924,mcq,mmlu_sociology_0186,train,retain,H3_predating,logiqa
pairs_mcq_v2.csv,2925,mcq,mmlu_sociology_0186,train,retain,R_random,svamp
pairs_mcq_v2.csv,2926,mcq,mmlu_sociology_0187,train,remove,C0_exact,mmlu_copy
pairs_mcq_v2.csv,2927,mcq,mmlu_sociology_0187,train,remove,C1_transformed,lmsys_rephrase
pairs_mcq_v2.csv,2928,mcq,mmlu_sociology_0187,train,remove,C2_answer_bearing,mmlu_answer_frag
pairs_mcq_v2.csv,2929,mcq,mmlu_sociology_0187,train,retain,H1_same_topic,mmlu_same_subject_other_item
pairs_mcq_v2.csv,2930,mcq,mmlu_sociology_0187,train,retain,H3_predating,logiqa
pairs_mcq_v2.csv,2931,mcq,mmlu_sociology_0187,train,retain,R_random,svamp
pairs_mcq_v2.csv,2932,mcq,mmlu_sociology_0188,train,remove,C0_exact,mmlu_copy
pairs_mcq_v2.csv,2933,mcq,mmlu_sociology_0188,train,remove,C1_transformed,lmsys_rephrase
pairs_mcq_v2.csv,2934,mcq,mmlu_sociology_0188,train,remove,C2_answer_bearing,mmlu_answer_frag
pairs_mcq_v2.csv,2935,mcq,mmlu_sociology_0188,train,retain,H1_same_topic,mmlu_same_subject_other_item
pairs_mcq_v2.csv,2936,mcq,mmlu_sociology_0188,train,retain,H3_predating,logiqa
pairs_mcq_v2.csv,2937,mcq,mmlu_sociology_0188,train,retain,R_random,svamp
pairs_mcq_v2.csv,2950,mcq,mmlu_sociology_0191,train,remove,C0_exact,mmlu_copy
pairs_mcq_v2.csv,2951,mcq,mmlu_sociology_0191,train,remove,C1_transformed,lmsys_rephrase
pairs_mcq_v2.csv,2952,mcq,mmlu_sociology_0191,train,remove,C2_answer_bearing,mmlu_answer_frag
pairs_mcq_v2.csv,2953,mcq,mmlu_sociology_0191,train,retain,H1_same_topic,mmlu_same_subject_other_item
pairs_mcq_v2.csv,2954,mcq,mmlu_sociology_0191,train,retain,H3_predating,logiqa
pairs_mcq_v2.csv,2955,mcq,mmlu_sociology_0191,train,retain,R_random,svamp
pairs_mcq_v2.csv,2956,mcq,mmlu_sociology_0192,train,remove,C0_exact,mmlu_copy
pairs_mcq_v2.csv,2957,mcq,mmlu_sociology_0192,train,remove,C1_transformed,lmsys_rephrase
pairs_mcq_v2.csv,2958,mcq,mmlu_sociology_0192,train,remove,C2_answer_bearing,mmlu_answer_frag
pairs_mcq_v2.csv,2959,mcq,mmlu_sociology_0192,train,retain,H1_same_topic,mmlu_same_subject_other_item
pairs_mcq_v2.csv,2960,mcq,mmlu_sociology_0192,train,retain,H3_predating,logiqa
pairs_mcq_v2.csv,2961,mcq,mmlu_sociology_0192,train,retain,R_random,svamp
pairs_mcq_v2.csv,2962,mcq,mmlu_sociology_0193,train,remove,C0_exact,mmlu_copy
pairs_mcq_v2.csv,2963,mcq,mmlu_sociology_0193,train,remove,C1_transformed,lmsys_rephrase
pairs_mcq_v2.csv,2964,mcq,mmlu_sociology_0193,train,remove,C2_answer_bearing,mmlu_answer_frag
pairs_mcq_v2.csv,2965,mcq,mmlu_sociology_0193,train,retain,H1_same_topic,mmlu_same_subject_other_item
pairs_mcq_v2.csv,2966,mcq,mmlu_sociology_0193,train,retain,H3_predating,logiqa
pairs_mcq_v2.csv,2967,mcq,mmlu_sociology_0193,train,retain,R_random,svamp
pairs_mcq_v2.csv,2968,mcq,mmlu_sociology_0194,train,remove,C0_exact,mmlu_copy
pairs_mcq_v2.csv,2969,mcq,mmlu_sociology_0194,train,remove,C1_transformed,lmsys_rephrase
pairs_mcq_v2.csv,2970,mcq,mmlu_sociology_0194,train,remove,C2_answer_bearing,mmlu_answer_frag
pairs_mcq_v2.csv,2971,mcq,mmlu_sociology_0194,train,retain,H1_same_topic,mmlu_same_subject_other_item
pairs_mcq_v2.csv,2972,mcq,mmlu_sociology_0194,train,retain,H3_predating,logiqa
pairs_mcq_v2.csv,2973,mcq,mmlu_sociology_0194,train,retain,R_random,svamp
pairs_mcq_v2.csv,2992,mcq,mmlu_sociology_0198,train,remove,C0_exact,mmlu_copy
pairs_mcq_v2.csv,2993,mcq,mmlu_sociology_0198,train,remove,C1_transformed,lmsys_rephrase
pairs_mcq_v2.csv,2994,mcq,mmlu_sociology_0198,train,remove,C2_answer_bearing,mmlu_answer_frag
pairs_mcq_v2.csv,2995,mcq,mmlu_sociology_0198,train,retain,H1_same_topic,mmlu_same_subject_other_item
pairs_mcq_v2.csv,2996,mcq,mmlu_sociology_0198,train,retain,H3_predating,logiqa
pairs_mcq_v2.csv,2997,mcq,mmlu_sociology_0198,train,retain,R_random,svamp
pairs_mcq_v2.csv,3004,mcq,mmlu_sociology_0200,train,remove,C0_exact,mmlu_copy
pairs_mcq_v2.csv,3005,mcq,mmlu_sociology_0200,train,remove,C1_transformed,lmsys_rephrase
pairs_mcq_v2.csv,3006,mcq,mmlu_sociology_0200,train,remove,C2_answer_bearing,mmlu_answer_frag
pairs_mcq_v2.csv,3007,mcq,mmlu_sociology_0200,train,retain,H1_same_topic,mmlu_same_subject_other_item
pairs_mcq_v2.csv,3008,mcq,mmlu_sociology_0200,train,retain,H3_predating,logiqa
pairs_mcq_v2.csv,3009,mcq,mmlu_sociology_0200,train,retain,R_random,svamp
pairs_mcq_v2.csv,3012,mcq,mmlu_abstract_algebra_0002,train,remove,C1_sr,mmlu_sr_qa
pairs_mcq_v2.csv,3013,mcq,mmlu_abstract_algebra_0003,train,remove,C1_sr,mmlu_sr_qa
pairs_mcq_v2.csv,3014,mcq,mmlu_abstract_algebra_0004,train,remove,C1_sr,mmlu_sr_qa
pairs_mcq_v2.csv,3015,mcq,mmlu_abstract_algebra_0005,train,remove,C1_sr,mmlu_sr_qa
pairs_mcq_v2.csv,3017,mcq,mmlu_abstract_algebra_0007,train,remove,C1_sr,mmlu_sr_qa
pairs_mcq_v2.csv,3020,mcq,mmlu_abstract_algebra_0010,train,remove,C1_sr,mmlu_sr_qa
pairs_mcq_v2.csv,3027,mcq,mmlu_abstract_algebra_0017,train,remove,C1_sr,mmlu_sr_qa
pairs_mcq_v2.csv,3030,mcq,mmlu_abstract_algebra_0020,train,remove,C1_sr,mmlu_sr_qa
pairs_mcq_v2.csv,3032,mcq,mmlu_abstract_algebra_0022,train,remove,C1_sr,mmlu_sr_qa
pairs_mcq_v2.csv,3034,mcq,mmlu_abstract_algebra_0024,train,remove,C1_sr,mmlu_sr_qa
pairs_mcq_v2.csv,3037,mcq,mmlu_abstract_algebra_0027,train,remove,C1_sr,mmlu_sr_qa
pairs_mcq_v2.csv,3039,mcq,mmlu_abstract_algebra_0029,train,remove,C1_sr,mmlu_sr_qa
pairs_mcq_v2.csv,3041,mcq,mmlu_abstract_algebra_0031,train,remove,C1_sr,mmlu_sr_qa
pairs_mcq_v2.csv,3042,mcq,mmlu_abstract_algebra_0032,train,remove,C1_sr,mmlu_sr_qa
pairs_mcq_v2.csv,3049,mcq,mmlu_abstract_algebra_0039,train,remove,C1_sr,mmlu_sr_qa
pairs_mcq_v2.csv,3052,mcq,mmlu_abstract_algebra_0042,train,remove,C1_sr,mmlu_sr_qa
pairs_mcq_v2.csv,3053,mcq,mmlu_abstract_algebra_0043,train,remove,C1_sr,mmlu_sr_qa
pairs_mcq_v2.csv,3057,mcq,mmlu_abstract_algebra_0047,train,remove,C1_sr,mmlu_sr_qa
pairs_mcq_v2.csv,3058,mcq,mmlu_abstract_algebra_0048,train,remove,C1_sr,mmlu_sr_qa
pairs_mcq_v2.csv,3060,mcq,mmlu_abstract_algebra_0050,train,remove,C1_sr,mmlu_sr_qa
pairs_mcq_v2.csv,3063,mcq,mmlu_abstract_algebra_0053,train,remove,C1_sr,mmlu_sr_qa
pairs_mcq_v2.csv,3072,mcq,mmlu_abstract_algebra_0062,train,remove,C1_sr,mmlu_sr_qa
pairs_mcq_v2.csv,3073,mcq,mmlu_abstract_algebra_0063,train,remove,C1_sr,mmlu_sr_qa
pairs_mcq_v2.csv,3081,mcq,mmlu_abstract_algebra_0071,train,remove,C1_sr,mmlu_sr_qa
pairs_mcq_v2.csv,3084,mcq,mmlu_abstract_algebra_0074,train,remove,C1_sr,mmlu_sr_qa
pairs_mcq_v2.csv,3085,mcq,mmlu_abstract_algebra_0075,train,remove,C1_sr,mmlu_sr_qa
pairs_mcq_v2.csv,3086,mcq,mmlu_abstract_algebra_0076,train,remove,C1_sr,mmlu_sr_qa
pairs_mcq_v2.csv,3087,mcq,mmlu_abstract_algebra_0077,train,remove,C1_sr,mmlu_sr_qa
pairs_mcq_v2.csv,3089,mcq,mmlu_abstract_algebra_0079,train,remove,C1_sr,mmlu_sr_qa
pairs_mcq_v2.csv,3091,mcq,mmlu_abstract_algebra_0081,train,remove,C1_sr,mmlu_sr_qa
pairs_mcq_v2.csv,3094,mcq,mmlu_abstract_algebra_0084,train,remove,C1_sr,mmlu_sr_qa
pairs_mcq_v2.csv,3095,mcq,mmlu_abstract_algebra_0085,train,remove,C1_sr,mmlu_sr_qa
pairs_mcq_v2.csv,3101,mcq,mmlu_abstract_algebra_0091,train,remove,C1_sr,mmlu_sr_qa
pairs_mcq_v2.csv,3102,mcq,mmlu_abstract_algebra_0092,train,remove,C1_sr,mmlu_sr_qa
pairs_mcq_v2.csv,3106,mcq,mmlu_abstract_algebra_0096,train,remove,C1_sr,mmlu_sr_qa
pairs_mcq_v2.csv,3108,mcq,mmlu_abstract_algebra_0098,train,remove,C1_sr,mmlu_sr_qa
pairs_mcq_v2.csv,3112,mcq,mmlu_high_school_us_history_0002,train,remove,C1_sr,mmlu_sr_qa
pairs_mcq_v2.csv,3114,mcq,mmlu_high_school_us_history_0004,train,remove,C1_sr,mmlu_sr_qa
pairs_mcq_v2.csv,3116,mcq,mmlu_high_school_us_history_0006,train,remove,C1_sr,mmlu_sr_qa
pairs_mcq_v2.csv,3121,mcq,mmlu_high_school_us_history_0011,train,remove,C1_sr,mmlu_sr_qa
pairs_mcq_v2.csv,3123,mcq,mmlu_high_school_us_history_0013,train,remove,C1_sr,mmlu_sr_qa
pairs_mcq_v2.csv,3124,mcq,mmlu_high_school_us_history_0014,train,remove,C1_sr,mmlu_sr_qa
pairs_mcq_v2.csv,3125,mcq,mmlu_high_school_us_history_0015,train,remove,C1_sr,mmlu_sr_qa
pairs_mcq_v2.csv,3127,mcq,mmlu_high_school_us_history_0017,train,remove,C1_sr,mmlu_sr_qa
pairs_mcq_v2.csv,3128,mcq,mmlu_high_school_us_history_0018,train,remove,C1_sr,mmlu_sr_qa
pairs_mcq_v2.csv,3130,mcq,mmlu_high_school_us_history_0020,train,remove,C1_sr,mmlu_sr_qa
pairs_mcq_v2.csv,3132,mcq,mmlu_high_school_us_history_0022,train,remove,C1_sr,mmlu_sr_qa
pairs_mcq_v2.csv,3133,mcq,mmlu_high_school_us_history_0023,train,remove,C1_sr,mmlu_sr_qa
pairs_mcq_v2.csv,3138,mcq,mmlu_high_school_us_history_0028,train,remove,C1_sr,mmlu_sr_qa
pairs_mcq_v2.csv,3140,mcq,mmlu_high_school_us_history_0030,train,remove,C1_sr,mmlu_sr_qa
pairs_mcq_v2.csv,3143,mcq,mmlu_high_school_us_history_0033,train,remove,C1_sr,mmlu_sr_qa
pairs_mcq_v2.csv,3145,mcq,mmlu_high_school_us_history_0035,train,remove,C1_sr,mmlu_sr_qa
pairs_mcq_v2.csv,3146,mcq,mmlu_high_school_us_history_0036,train,remove,C1_sr,mmlu_sr_qa
pairs_mcq_v2.csv,3147,mcq,mmlu_high_school_us_history_0037,train,remove,C1_sr,mmlu_sr_qa
pairs_mcq_v2.csv,3148,mcq,mmlu_high_school_us_history_0038,train,remove,C1_sr,mmlu_sr_qa
pairs_mcq_v2.csv,3151,mcq,mmlu_high_school_us_history_0041,train,remove,C1_sr,mmlu_sr_qa
pairs_mcq_v2.csv,3159,mcq,mmlu_high_school_us_history_0049,train,remove,C1_sr,mmlu_sr_qa
pairs_mcq_v2.csv,3160,mcq,mmlu_high_school_us_history_0050,train,remove,C1_sr,mmlu_sr_qa
pairs_mcq_v2.csv,3161,mcq,mmlu_high_school_us_history_0051,train,remove,C1_sr,mmlu_sr_qa
pairs_mcq_v2.csv,3162,mcq,mmlu_high_school_us_history_0052,train,remove,C1_sr,mmlu_sr_qa
pairs_mcq_v2.csv,3167,mcq,mmlu_high_school_us_history_0057,train,remove,C1_sr,mmlu_sr_qa
pairs_mcq_v2.csv,3172,mcq,mmlu_high_school_us_history_0062,train,remove,C1_sr,mmlu_sr_qa
pairs_mcq_v2.csv,3174,mcq,mmlu_high_school_us_history_0064,train,remove,C1_sr,mmlu_sr_qa
pairs_mcq_v2.csv,3176,mcq,mmlu_high_school_us_history_0066,train,remove,C1_sr,mmlu_sr_qa
pairs_mcq_v2.csv,3177,mcq,mmlu_high_school_us_history_0067,train,remove,C1_sr,mmlu_sr_qa
pairs_mcq_v2.csv,3178,mcq,mmlu_high_school_us_history_0068,train,remove,C1_sr,mmlu_sr_qa
pairs_mcq_v2.csv,3180,mcq,mmlu_high_school_us_history_0070,train,remove,C1_sr,mmlu_sr_qa
pairs_mcq_v2.csv,3181,mcq,mmlu_high_school_us_history_0071,train,remove,C1_sr,mmlu_sr_qa
pairs_mcq_v2.csv,3185,mcq,mmlu_high_school_us_history_0075,train,remove,C1_sr,mmlu_sr_qa
pairs_mcq_v2.csv,3187,mcq,mmlu_high_school_us_history_0077,train,remove,C1_sr,mmlu_sr_qa
pairs_mcq_v2.csv,3192,mcq,mmlu_high_school_us_history_0082,train,remove,C1_sr,mmlu_sr_qa
pairs_mcq_v2.csv,3196,mcq,mmlu_high_school_us_history_0086,train,remove,C1_sr,mmlu_sr_qa
pairs_mcq_v2.csv,3203,mcq,mmlu_high_school_us_history_0093,train,remove,C1_sr,mmlu_sr_qa
pairs_mcq_v2.csv,3204,mcq,mmlu_high_school_us_history_0094,train,remove,C1_sr,mmlu_sr_qa
pairs_mcq_v2.csv,3206,mcq,mmlu_high_school_us_history_0096,train,remove,C1_sr,mmlu_sr_qa
pairs_mcq_v2.csv,3208,mcq,mmlu_high_school_us_history_0098,train,remove,C1_sr,mmlu_sr_qa
pairs_mcq_v2.csv,3212,mcq,mmlu_high_school_us_history_0102,train,remove,C1_sr,mmlu_sr_qa
pairs_mcq_v2.csv,3213,mcq,mmlu_high_school_us_history_0103,train,remove,C1_sr,mmlu_sr_qa
pairs_mcq_v2.csv,3215,mcq,mmlu_high_school_us_history_0105,train,remove,C1_sr,mmlu_sr_qa
pairs_mcq_v2.csv,3218,mcq,mmlu_high_school_us_history_0108,train,remove,C1_sr,mmlu_sr_qa
pairs_mcq_v2.csv,3220,mcq,mmlu_high_school_us_history_0110,train,remove,C1_sr,mmlu_sr_qa
pairs_mcq_v2.csv,3223,mcq,mmlu_high_school_us_history_0113,train,remove,C1_sr,mmlu_sr_qa
pairs_mcq_v2.csv,3224,mcq,mmlu_high_school_us_history_0114,train,remove,C1_sr,mmlu_sr_qa
pairs_mcq_v2.csv,3225,mcq,mmlu_high_school_us_history_0115,train,remove,C1_sr,mmlu_sr_qa
pairs_mcq_v2.csv,3228,mcq,mmlu_high_school_us_history_0118,train,remove,C1_sr,mmlu_sr_qa
pairs_mcq_v2.csv,3230,mcq,mmlu_high_school_us_history_0120,train,remove,C1_sr,mmlu_sr_qa
pairs_mcq_v2.csv,3233,mcq,mmlu_high_school_us_history_0123,train,remove,C1_sr,mmlu_sr_qa
pairs_mcq_v2.csv,3234,mcq,mmlu_high_school_us_history_0124,train,remove,C1_sr,mmlu_sr_qa
pairs_mcq_v2.csv,3235,mcq,mmlu_high_school_us_history_0125,train,remove,C1_sr,mmlu_sr_qa
pairs_mcq_v2.csv,3236,mcq,mmlu_high_school_us_history_0126,train,remove,C1_sr,mmlu_sr_qa
pairs_mcq_v2.csv,3239,mcq,mmlu_high_school_us_history_0129,train,remove,C1_sr,mmlu_sr_qa
pairs_mcq_v2.csv,3242,mcq,mmlu_high_school_us_history_0132,train,remove,C1_sr,mmlu_sr_qa
pairs_mcq_v2.csv,3245,mcq,mmlu_high_school_us_history_0135,train,remove,C1_sr,mmlu_sr_qa
pairs_mcq_v2.csv,3246,mcq,mmlu_high_school_us_history_0136,train,remove,C1_sr,mmlu_sr_qa
pairs_mcq_v2.csv,3247,mcq,mmlu_high_school_us_history_0137,train,remove,C1_sr,mmlu_sr_qa
pairs_mcq_v2.csv,3252,mcq,mmlu_high_school_us_history_0142,train,remove,C1_sr,mmlu_sr_qa
pairs_mcq_v2.csv,3253,mcq,mmlu_high_school_us_history_0143,train,remove,C1_sr,mmlu_sr_qa
pairs_mcq_v2.csv,3255,mcq,mmlu_high_school_us_history_0145,train,remove,C1_sr,mmlu_sr_qa
pairs_mcq_v2.csv,3256,mcq,mmlu_high_school_us_history_0146,train,remove,C1_sr,mmlu_sr_qa
pairs_mcq_v2.csv,3257,mcq,mmlu_high_school_us_history_0147,train,remove,C1_sr,mmlu_sr_qa
pairs_mcq_v2.csv,3258,mcq,mmlu_high_school_us_history_0148,train,remove,C1_sr,mmlu_sr_qa
pairs_mcq_v2.csv,3260,mcq,mmlu_high_school_us_history_0150,train,remove,C1_sr,mmlu_sr_qa
pairs_mcq_v2.csv,3265,mcq,mmlu_high_school_us_history_0155,train,remove,C1_sr,mmlu_sr_qa
pairs_mcq_v2.csv,3267,mcq,mmlu_high_school_us_history_0157,train,remove,C1_sr,mmlu_sr_qa
pairs_mcq_v2.csv,3268,mcq,mmlu_high_school_us_history_0158,train,remove,C1_sr,mmlu_sr_qa
pairs_mcq_v2.csv,3269,mcq,mmlu_high_school_us_history_0159,train,remove,C1_sr,mmlu_sr_qa
pairs_mcq_v2.csv,3272,mcq,mmlu_high_school_us_history_0162,train,remove,C1_sr,mmlu_sr_qa
pairs_mcq_v2.csv,3276,mcq,mmlu_high_school_us_history_0166,train,remove,C1_sr,mmlu_sr_qa
pairs_mcq_v2.csv,3277,mcq,mmlu_high_school_us_history_0167,train,remove,C1_sr,mmlu_sr_qa
pairs_mcq_v2.csv,3278,mcq,mmlu_high_school_us_history_0168,train,remove,C1_sr,mmlu_sr_qa
pairs_mcq_v2.csv,3279,mcq,mmlu_high_school_us_history_0169,train,remove,C1_sr,mmlu_sr_qa
pairs_mcq_v2.csv,3280,mcq,mmlu_high_school_us_history_0170,train,remove,C1_sr,mmlu_sr_qa
pairs_mcq_v2.csv,3283,mcq,mmlu_high_school_us_history_0173,train,remove,C1_sr,mmlu_sr_qa
pairs_mcq_v2.csv,3284,mcq,mmlu_high_school_us_history_0174,train,remove,C1_sr,mmlu_sr_qa
pairs_mcq_v2.csv,3290,mcq,mmlu_high_school_us_history_0180,train,remove,C1_sr,mmlu_sr_qa
pairs_mcq_v2.csv,3292,mcq,mmlu_high_school_us_history_0182,train,remove,C1_sr,mmlu_sr_qa
pairs_mcq_v2.csv,3297,mcq,mmlu_high_school_us_history_0187,train,remove,C1_sr,mmlu_sr_qa
pairs_mcq_v2.csv,3299,mcq,mmlu_high_school_us_history_0189,train,remove,C1_sr,mmlu_sr_qa
pairs_mcq_v2.csv,3300,mcq,mmlu_high_school_us_history_0190,train,remove,C1_sr,mmlu_sr_qa
pairs_mcq_v2.csv,3301,mcq,mmlu_high_school_us_history_0191,train,remove,C1_sr,mmlu_sr_qa
pairs_mcq_v2.csv,3307,mcq,mmlu_high_school_us_history_0197,train,remove,C1_sr,mmlu_sr_qa
pairs_mcq_v2.csv,3308,mcq,mmlu_high_school_us_history_0198,train,remove,C1_sr,mmlu_sr_qa
pairs_mcq_v2.csv,3309,mcq,mmlu_high_school_us_history_0199,train,remove,C1_sr,mmlu_sr_qa
pairs_mcq_v2.csv,3313,mcq,mmlu_high_school_us_history_0203,train,remove,C1_sr,mmlu_sr_qa
pairs_mcq_v2.csv,3317,mcq,mmlu_sociology_0003,train,remove,C1_sr,mmlu_sr_qa
pairs_mcq_v2.csv,3319,mcq,mmlu_sociology_0005,train,remove,C1_sr,mmlu_sr_qa
pairs_mcq_v2.csv,3320,mcq,mmlu_sociology_0006,train,remove,C1_sr,mmlu_sr_qa
pairs_mcq_v2.csv,3321,mcq,mmlu_sociology_0007,train,remove,C1_sr,mmlu_sr_qa
pairs_mcq_v2.csv,3322,mcq,mmlu_sociology_0008,train,remove,C1_sr,mmlu_sr_qa
pairs_mcq_v2.csv,3331,mcq,mmlu_sociology_0017,train,remove,C1_sr,mmlu_sr_qa
pairs_mcq_v2.csv,3334,mcq,mmlu_sociology_0020,train,remove,C1_sr,mmlu_sr_qa
pairs_mcq_v2.csv,3336,mcq,mmlu_sociology_0022,train,remove,C1_sr,mmlu_sr_qa
pairs_mcq_v2.csv,3340,mcq,mmlu_sociology_0026,train,remove,C1_sr,mmlu_sr_qa
pairs_mcq_v2.csv,3347,mcq,mmlu_sociology_0033,train,remove,C1_sr,mmlu_sr_qa
pairs_mcq_v2.csv,3349,mcq,mmlu_sociology_0035,train,remove,C1_sr,mmlu_sr_qa
pairs_mcq_v2.csv,3350,mcq,mmlu_sociology_0036,train,remove,C1_sr,mmlu_sr_qa
pairs_mcq_v2.csv,3351,mcq,mmlu_sociology_0037,train,remove,C1_sr,mmlu_sr_qa
pairs_mcq_v2.csv,3353,mcq,mmlu_sociology_0039,train,remove,C1_sr,mmlu_sr_qa
pairs_mcq_v2.csv,3354,mcq,mmlu_sociology_0040,train,remove,C1_sr,mmlu_sr_qa
pairs_mcq_v2.csv,3358,mcq,mmlu_sociology_0044,train,remove,C1_sr,mmlu_sr_qa
pairs_mcq_v2.csv,3359,mcq,mmlu_sociology_0045,train,remove,C1_sr,mmlu_sr_qa
pairs_mcq_v2.csv,3361,mcq,mmlu_sociology_0047,train,remove,C1_sr,mmlu_sr_qa
pairs_mcq_v2.csv,3362,mcq,mmlu_sociology_0048,train,remove,C1_sr,mmlu_sr_qa
pairs_mcq_v2.csv,3365,mcq,mmlu_sociology_0051,train,remove,C1_sr,mmlu_sr_qa
pairs_mcq_v2.csv,3368,mcq,mmlu_sociology_0054,train,remove,C1_sr,mmlu_sr_qa
pairs_mcq_v2.csv,3373,mcq,mmlu_sociology_0059,train,remove,C1_sr,mmlu_sr_qa
pairs_mcq_v2.csv,3376,mcq,mmlu_sociology_0062,train,remove,C1_sr,mmlu_sr_qa
pairs_mcq_v2.csv,3380,mcq,mmlu_sociology_0066,train,remove,C1_sr,mmlu_sr_qa
pairs_mcq_v2.csv,3381,mcq,mmlu_sociology_0067,train,remove,C1_sr,mmlu_sr_qa
pairs_mcq_v2.csv,3382,mcq,mmlu_sociology_0068,train,remove,C1_sr,mmlu_sr_qa
pairs_mcq_v2.csv,3385,mcq,mmlu_sociology_0071,train,remove,C1_sr,mmlu_sr_qa
pairs_mcq_v2.csv,3390,mcq,mmlu_sociology_0076,train,remove,C1_sr,mmlu_sr_qa
pairs_mcq_v2.csv,3392,mcq,mmlu_sociology_0078,train,remove,C1_sr,mmlu_sr_qa
pairs_mcq_v2.csv,3395,mcq,mmlu_sociology_0081,train,remove,C1_sr,mmlu_sr_qa
pairs_mcq_v2.csv,3401,mcq,mmlu_sociology_0087,train,remove,C1_sr,mmlu_sr_qa
pairs_mcq_v2.csv,3405,mcq,mmlu_sociology_0091,train,remove,C1_sr,mmlu_sr_qa
pairs_mcq_v2.csv,3406,mcq,mmlu_sociology_0092,train,remove,C1_sr,mmlu_sr_qa
pairs_mcq_v2.csv,3407,mcq,mmlu_sociology_0093,train,remove,C1_sr,mmlu_sr_qa
pairs_mcq_v2.csv,3408,mcq,mmlu_sociology_0094,train,remove,C1_sr,mmlu_sr_qa
pairs_mcq_v2.csv,3409,mcq,mmlu_sociology_0095,train,remove,C1_sr,mmlu_sr_qa
pairs_mcq_v2.csv,3410,mcq,mmlu_sociology_0096,train,remove,C1_sr,mmlu_sr_qa
pairs_mcq_v2.csv,3412,mcq,mmlu_sociology_0098,train,remove,C1_sr,mmlu_sr_qa
pairs_mcq_v2.csv,3415,mcq,mmlu_sociology_0101,train,remove,C1_sr,mmlu_sr_qa
pairs_mcq_v2.csv,3420,mcq,mmlu_sociology_0106,train,remove,C1_sr,mmlu_sr_qa
pairs_mcq_v2.csv,3421,mcq,mmlu_sociology_0107,train,remove,C1_sr,mmlu_sr_qa
pairs_mcq_v2.csv,3423,mcq,mmlu_sociology_0109,train,remove,C1_sr,mmlu_sr_qa
pairs_mcq_v2.csv,3425,mcq,mmlu_sociology_0111,train,remove,C1_sr,mmlu_sr_qa
pairs_mcq_v2.csv,3428,mcq,mmlu_sociology_0114,train,remove,C1_sr,mmlu_sr_qa
pairs_mcq_v2.csv,3429,mcq,mmlu_sociology_0115,train,remove,C1_sr,mmlu_sr_qa
pairs_mcq_v2.csv,3431,mcq,mmlu_sociology_0117,train,remove,C1_sr,mmlu_sr_qa
pairs_mcq_v2.csv,3432,mcq,mmlu_sociology_0118,train,remove,C1_sr,mmlu_sr_qa
pairs_mcq_v2.csv,3434,mcq,mmlu_sociology_0120,train,remove,C1_sr,mmlu_sr_qa
pairs_mcq_v2.csv,3435,mcq,mmlu_sociology_0121,train,remove,C1_sr,mmlu_sr_qa
pairs_mcq_v2.csv,3437,mcq,mmlu_sociology_0123,train,remove,C1_sr,mmlu_sr_qa
pairs_mcq_v2.csv,3438,mcq,mmlu_sociology_0124,train,remove,C1_sr,mmlu_sr_qa
pairs_mcq_v2.csv,3445,mcq,mmlu_sociology_0131,train,remove,C1_sr,mmlu_sr_qa
pairs_mcq_v2.csv,3446,mcq,mmlu_sociology_0132,train,remove,C1_sr,mmlu_sr_qa
pairs_mcq_v2.csv,3450,mcq,mmlu_sociology_0136,train,remove,C1_sr,mmlu_sr_qa
pairs_mcq_v2.csv,3451,mcq,mmlu_sociology_0137,train,remove,C1_sr,mmlu_sr_qa
pairs_mcq_v2.csv,3452,mcq,mmlu_sociology_0138,train,remove,C1_sr,mmlu_sr_qa
pairs_mcq_v2.csv,3455,mcq,mmlu_sociology_0141,train,remove,C1_sr,mmlu_sr_qa
pairs_mcq_v2.csv,3457,mcq,mmlu_sociology_0143,train,remove,C1_sr,mmlu_sr_qa
pairs_mcq_v2.csv,3464,mcq,mmlu_sociology_0150,train,remove,C1_sr,mmlu_sr_qa
pairs_mcq_v2.csv,3467,mcq,mmlu_sociology_0153,train,remove,C1_sr,mmlu_sr_qa
pairs_mcq_v2.csv,3468,mcq,mmlu_sociology_0154,train,remove,C1_sr,mmlu_sr_qa
pairs_mcq_v2.csv,3469,mcq,mmlu_sociology_0155,train,remove,C1_sr,mmlu_sr_qa
pairs_mcq_v2.csv,3474,mcq,mmlu_sociology_0160,train,remove,C1_sr,mmlu_sr_qa
pairs_mcq_v2.csv,3476,mcq,mmlu_sociology_0162,train,remove,C1_sr,mmlu_sr_qa
pairs_mcq_v2.csv,3493,mcq,mmlu_sociology_0179,train,remove,C1_sr,mmlu_sr_qa
pairs_mcq_v2.csv,3494,mcq,mmlu_sociology_0180,train,remove,C1_sr,mmlu_sr_qa
pairs_mcq_v2.csv,3495,mcq,mmlu_sociology_0181,train,remove,C1_sr,mmlu_sr_qa
pairs_mcq_v2.csv,3498,mcq,mmlu_sociology_0184,train,remove,C1_sr,mmlu_sr_qa
pairs_mcq_v2.csv,3499,mcq,mmlu_sociology_0185,train,remove,C1_sr,mmlu_sr_qa
pairs_mcq_v2.csv,3500,mcq,mmlu_sociology_0186,train,remove,C1_sr,mmlu_sr_qa
pairs_mcq_v2.csv,3501,mcq,mmlu_sociology_0187,train,remove,C1_sr,mmlu_sr_qa
pairs_mcq_v2.csv,3502,mcq,mmlu_sociology_0188,train,remove,C1_sr,mmlu_sr_qa
pairs_mcq_v2.csv,3505,mcq,mmlu_sociology_0191,train,remove,C1_sr,mmlu_sr_qa
pairs_mcq_v2.csv,3506,mcq,mmlu_sociology_0192,train,remove,C1_sr,mmlu_sr_qa
pairs_mcq_v2.csv,3507,mcq,mmlu_sociology_0193,train,remove,C1_sr,mmlu_sr_qa
pairs_mcq_v2.csv,3508,mcq,mmlu_sociology_0194,train,remove,C1_sr,mmlu_sr_qa
pairs_mcq_v2.csv,3512,mcq,mmlu_sociology_0198,train,remove,C1_sr,mmlu_sr_qa
pairs_mcq_v2.csv,3514,mcq,mmlu_sociology_0200,train,remove,C1_sr,mmlu_sr_qa
pairs_math_v2.csv,6,math,math_2,train,remove,C0_exact,math_copy
pairs_math_v2.csv,7,math,math_2,train,remove,C2_answer_bearing,math_solution_frag
pairs_math_v2.csv,8,math,math_2,train,retain,H2_perturb_simple,math_perturb_simple
pairs_math_v2.csv,9,math,math_2,train,retain,H2_perturb_hard,math_perturb_hard
pairs_math_v2.csv,10,math,math_2,train,retain,H1_same_topic,math_same_type
pairs_math_v2.csv,11,math,math_2,train,retain,R_random,math_random
pairs_math_v2.csv,12,math,math_3,train,remove,C0_exact,math_copy
pairs_math_v2.csv,13,math,math_3,train,remove,C2_answer_bearing,math_solution_frag
pairs_math_v2.csv,14,math,math_3,train,retain,H2_perturb_simple,math_perturb_simple
pairs_math_v2.csv,15,math,math_3,train,retain,H2_perturb_hard,math_perturb_hard
pairs_math_v2.csv,16,math,math_3,train,retain,H1_same_topic,math_same_type
pairs_math_v2.csv,17,math,math_3,train,retain,R_random,math_random
pairs_math_v2.csv,24,math,math_6,train,remove,C0_exact,math_copy
pairs_math_v2.csv,25,math,math_6,train,remove,C2_answer_bearing,math_solution_frag
pairs_math_v2.csv,26,math,math_6,train,retain,H2_perturb_simple,math_perturb_simple
pairs_math_v2.csv,27,math,math_6,train,retain,H2_perturb_hard,math_perturb_hard
pairs_math_v2.csv,28,math,math_6,train,retain,H1_same_topic,math_same_type
pairs_math_v2.csv,29,math,math_6,train,retain,R_random,math_random
pairs_math_v2.csv,30,math,math_8,train,remove,C0_exact,math_copy
pairs_math_v2.csv,31,math,math_8,train,remove,C2_answer_bearing,math_solution_frag
pairs_math_v2.csv,32,math,math_8,train,retain,H2_perturb_simple,math_perturb_simple
pairs_math_v2.csv,33,math,math_8,train,retain,H2_perturb_hard,math_perturb_hard
pairs_math_v2.csv,34,math,math_8,train,retain,H1_same_topic,math_same_type
pairs_math_v2.csv,35,math,math_8,train,retain,R_random,math_random
pairs_math_v2.csv,42,math,math_10,train,remove,C0_exact,math_copy
pairs_math_v2.csv,43,math,math_10,train,remove,C2_answer_bearing,math_solution_frag
pairs_math_v2.csv,44,math,math_10,train,retain,H2_perturb_simple,math_perturb_simple
pairs_math_v2.csv,45,math,math_10,train,retain,H2_perturb_hard,math_perturb_hard
pairs_math_v2.csv,46,math,math_10,train,retain,H1_same_topic,math_same_type
pairs_math_v2.csv,47,math,math_10,train,retain,R_random,math_random
pairs_math_v2.csv,72,math,math_15,train,remove,C0_exact,math_copy
pairs_math_v2.csv,73,math,math_15,train,remove,C2_answer_bearing,math_solution_frag
pairs_math_v2.csv,74,math,math_15,train,retain,H2_perturb_simple,math_perturb_simple
pairs_math_v2.csv,75,math,math_15,train,retain,H2_perturb_hard,math_perturb_hard
pairs_math_v2.csv,76,math,math_15,train,retain,H1_same_topic,math_same_type
pairs_math_v2.csv,77,math,math_15,train,retain,R_random,math_random
pairs_math_v2.csv,84,math,math_17,train,remove,C0_exact,math_copy
pairs_math_v2.csv,85,math,math_17,train,remove,C2_answer_bearing,math_solution_frag
pairs_math_v2.csv,86,math,math_17,train,retain,H2_perturb_simple,math_perturb_simple
pairs_math_v2.csv,87,math,math_17,train,retain,H2_perturb_hard,math_perturb_hard
pairs_math_v2.csv,88,math,math_17,train,retain,H1_same_topic,math_same_type
pairs_math_v2.csv,89,math,math_17,train,retain,R_random,math_random
pairs_math_v2.csv,108,math,math_23,train,remove,C0_exact,math_copy
pairs_math_v2.csv,109,math,math_23,train,remove,C2_answer_bearing,math_solution_frag
pairs_math_v2.csv,110,math,math_23,train,retain,H2_perturb_simple,math_perturb_simple
pairs_math_v2.csv,111,math,math_23,train,retain,H2_perturb_hard,math_perturb_hard
pairs_math_v2.csv,112,math,math_23,train,retain,H1_same_topic,math_same_type
pairs_math_v2.csv,113,math,math_23,train,retain,R_random,math_random
pairs_math_v2.csv,114,math,math_25,train,remove,C0_exact,math_copy
pairs_math_v2.csv,115,math,math_25,train,remove,C2_answer_bearing,math_solution_frag
pairs_math_v2.csv,116,math,math_25,train,retain,H2_perturb_simple,math_perturb_simple
pairs_math_v2.csv,117,math,math_25,train,retain,H2_perturb_hard,math_perturb_hard
pairs_math_v2.csv,118,math,math_25,train,retain,H1_same_topic,math_same_type
pairs_math_v2.csv,119,math,math_25,train,retain,R_random,math_random
pairs_math_v2.csv,132,math,math_245,train,remove,C0_exact,math_copy
pairs_math_v2.csv,133,math,math_245,train,remove,C2_answer_bearing,math_solution_frag
pairs_math_v2.csv,134,math,math_245,train,retain,H2_perturb_simple,math_perturb_simple
pairs_math_v2.csv,135,math,math_245,train,retain,H2_perturb_hard,math_perturb_hard
pairs_math_v2.csv,136,math,math_245,train,retain,H1_same_topic,math_same_type
pairs_math_v2.csv,137,math,math_245,train,retain,R_random,math_random
pairs_math_v2.csv,144,math,math_247,train,remove,C0_exact,math_copy
pairs_math_v2.csv,145,math,math_247,train,remove,C2_answer_bearing,math_solution_frag
pairs_math_v2.csv,146,math,math_247,train,retain,H2_perturb_simple,math_perturb_simple
pairs_math_v2.csv,147,math,math_247,train,retain,H2_perturb_hard,math_perturb_hard
pairs_math_v2.csv,148,math,math_247,train,retain,H1_same_topic,math_same_type
pairs_math_v2.csv,149,math,math_247,train,retain,R_random,math_random
pairs_math_v2.csv,156,math,math_254,train,remove,C0_exact,math_copy
pairs_math_v2.csv,157,math,math_254,train,remove,C2_answer_bearing,math_solution_frag
pairs_math_v2.csv,158,math,math_254,train,retain,H2_perturb_simple,math_perturb_simple
pairs_math_v2.csv,159,math,math_254,train,retain,H2_perturb_hard,math_perturb_hard
pairs_math_v2.csv,160,math,math_254,train,retain,H1_same_topic,math_same_type
pairs_math_v2.csv,161,math,math_254,train,retain,R_random,math_random
pairs_math_v2.csv,180,math,math_262,train,remove,C0_exact,math_copy
pairs_math_v2.csv,181,math,math_262,train,remove,C2_answer_bearing,math_solution_frag
pairs_math_v2.csv,182,math,math_262,train,retain,H2_perturb_simple,math_perturb_simple
pairs_math_v2.csv,183,math,math_262,train,retain,H2_perturb_hard,math_perturb_hard
pairs_math_v2.csv,184,math,math_262,train,retain,H1_same_topic,math_same_type
pairs_math_v2.csv,185,math,math_262,train,retain,R_random,math_random
pairs_math_v2.csv,210,math,math_283,train,remove,C0_exact,math_copy
pairs_math_v2.csv,211,math,math_283,train,remove,C2_answer_bearing,math_solution_frag
pairs_math_v2.csv,212,math,math_283,train,retain,H2_perturb_simple,math_perturb_simple
pairs_math_v2.csv,213,math,math_283,train,retain,H2_perturb_hard,math_perturb_hard
pairs_math_v2.csv,214,math,math_283,train,retain,H1_same_topic,math_same_type
pairs_math_v2.csv,215,math,math_283,train,retain,R_random,math_random
pairs_math_v2.csv,222,math,math_293,train,remove,C0_exact,math_copy
pairs_math_v2.csv,223,math,math_293,train,remove,C2_answer_bearing,math_solution_frag
pairs_math_v2.csv,224,math,math_293,train,retain,H2_perturb_simple,math_perturb_simple
pairs_math_v2.csv,225,math,math_293,train,retain,H2_perturb_hard,math_perturb_hard
pairs_math_v2.csv,226,math,math_293,train,retain,H1_same_topic,math_same_type
pairs_math_v2.csv,227,math,math_293,train,retain,R_random,math_random
pairs_math_v2.csv,252,math,math_366,train,remove,C0_exact,math_copy
pairs_math_v2.csv,253,math,math_366,train,remove,C2_answer_bearing,math_solution_frag
pairs_math_v2.csv,254,math,math_366,train,retain,H2_perturb_simple,math_perturb_simple
pairs_math_v2.csv,255,math,math_366,train,retain,H2_perturb_hard,math_perturb_hard
pairs_math_v2.csv,256,math,math_366,train,retain,H1_same_topic,math_same_type
pairs_math_v2.csv,257,math,math_366,train,retain,R_random,math_random
pairs_math_v2.csv,258,math,math_485,train,remove,C0_exact,math_copy
pairs_math_v2.csv,259,math,math_485,train,remove,C2_answer_bearing,math_solution_frag
pairs_math_v2.csv,260,math,math_485,train,retain,H2_perturb_simple,math_perturb_simple
pairs_math_v2.csv,261,math,math_485,train,retain,H2_perturb_hard,math_perturb_hard
pairs_math_v2.csv,262,math,math_485,train,retain,H1_same_topic,math_same_type
pairs_math_v2.csv,263,math,math_485,train,retain,R_random,math_random
pairs_math_v2.csv,270,math,math_498,train,remove,C0_exact,math_copy
pairs_math_v2.csv,271,math,math_498,train,remove,C2_answer_bearing,math_solution_frag
pairs_math_v2.csv,272,math,math_498,train,retain,H2_perturb_simple,math_perturb_simple
pairs_math_v2.csv,273,math,math_498,train,retain,H2_perturb_hard,math_perturb_hard
pairs_math_v2.csv,274,math,math_498,train,retain,H1_same_topic,math_same_type
pairs_math_v2.csv,275,math,math_498,train,retain,R_random,math_random
pairs_math_v2.csv,282,math,math_509,train,remove,C0_exact,math_copy
pairs_math_v2.csv,283,math,math_509,train,remove,C2_answer_bearing,math_solution_frag
pairs_math_v2.csv,284,math,math_509,train,retain,H2_perturb_simple,math_perturb_simple
pairs_math_v2.csv,285,math,math_509,train,retain,H2_perturb_hard,math_perturb_hard
pairs_math_v2.csv,286,math,math_509,train,retain,H1_same_topic,math_same_type
pairs_math_v2.csv,287,math,math_509,train,retain,R_random,math_random
pairs_math_v2.csv,288,math,math_513,train,remove,C0_exact,math_copy
pairs_math_v2.csv,289,math,math_513,train,remove,C2_answer_bearing,math_solution_frag
pairs_math_v2.csv,290,math,math_513,train,retain,H2_perturb_simple,math_perturb_simple
pairs_math_v2.csv,291,math,math_513,train,retain,H2_perturb_hard,math_perturb_hard
pairs_math_v2.csv,292,math,math_513,train,retain,H1_same_topic,math_same_type
pairs_math_v2.csv,293,math,math_513,train,retain,R_random,math_random
pairs_math_v2.csv,300,math,math_529,train,remove,C0_exact,math_copy
pairs_math_v2.csv,301,math,math_529,train,remove,C2_answer_bearing,math_solution_frag
pairs_math_v2.csv,302,math,math_529,train,retain,H2_perturb_simple,math_perturb_simple
pairs_math_v2.csv,303,math,math_529,train,retain,H2_perturb_hard,math_perturb_hard
pairs_math_v2.csv,304,math,math_529,train,retain,H1_same_topic,math_same_type
pairs_math_v2.csv,305,math,math_529,train,retain,R_random,math_random
pairs_math_v2.csv,306,math,math_552,train,remove,C0_exact,math_copy
pairs_math_v2.csv,307,math,math_552,train,remove,C2_answer_bearing,math_solution_frag
pairs_math_v2.csv,308,math,math_552,train,retain,H2_perturb_simple,math_perturb_simple
pairs_math_v2.csv,309,math,math_552,train,retain,H2_perturb_hard,math_perturb_hard
pairs_math_v2.csv,310,math,math_552,train,retain,H1_same_topic,math_same_type
pairs_math_v2.csv,311,math,math_552,train,retain,R_random,math_random
pairs_math_v2.csv,312,math,math_554,train,remove,C0_exact,math_copy
pairs_math_v2.csv,313,math,math_554,train,remove,C2_answer_bearing,math_solution_frag
pairs_math_v2.csv,314,math,math_554,train,retain,H2_perturb_simple,math_perturb_simple
pairs_math_v2.csv,315,math,math_554,train,retain,H2_perturb_hard,math_perturb_hard
pairs_math_v2.csv,316,math,math_554,train,retain,H1_same_topic,math_same_type
pairs_math_v2.csv,317,math,math_554,train,retain,R_random,math_random
pairs_math_v2.csv,318,math,math_567,train,remove,C0_exact,math_copy
pairs_math_v2.csv,319,math,math_567,train,remove,C2_answer_bearing,math_solution_frag
pairs_math_v2.csv,320,math,math_567,train,retain,H2_perturb_simple,math_perturb_simple
pairs_math_v2.csv,321,math,math_567,train,retain,H2_perturb_hard,math_perturb_hard
pairs_math_v2.csv,322,math,math_567,train,retain,H1_same_topic,math_same_type
pairs_math_v2.csv,323,math,math_567,train,retain,R_random,math_random
pairs_math_v2.csv,330,math,math_575,train,remove,C0_exact,math_copy
pairs_math_v2.csv,331,math,math_575,train,remove,C2_answer_bearing,math_solution_frag
pairs_math_v2.csv,332,math,math_575,train,retain,H2_perturb_simple,math_perturb_simple
pairs_math_v2.csv,333,math,math_575,train,retain,H2_perturb_hard,math_perturb_hard
pairs_math_v2.csv,334,math,math_575,train,retain,H1_same_topic,math_same_type
pairs_math_v2.csv,335,math,math_575,train,retain,R_random,math_random
pairs_math_v2.csv,354,math,math_626,train,remove,C0_exact,math_copy
pairs_math_v2.csv,355,math,math_626,train,remove,C2_answer_bearing,math_solution_frag
pairs_math_v2.csv,356,math,math_626,train,retain,H2_perturb_simple,math_perturb_simple
pairs_math_v2.csv,357,math,math_626,train,retain,H2_perturb_hard,math_perturb_hard
pairs_math_v2.csv,358,math,math_626,train,retain,H1_same_topic,math_same_type
pairs_math_v2.csv,359,math,math_626,train,retain,R_random,math_random
pairs_math_v2.csv,384,math,math_729,train,remove,C0_exact,math_copy
pairs_math_v2.csv,385,math,math_729,train,remove,C2_answer_bearing,math_solution_frag
pairs_math_v2.csv,386,math,math_729,train,retain,H2_perturb_simple,math_perturb_simple
pairs_math_v2.csv,387,math,math_729,train,retain,H2_perturb_hard,math_perturb_hard
pairs_math_v2.csv,388,math,math_729,train,retain,H1_same_topic,math_same_type
pairs_math_v2.csv,389,math,math_729,train,retain,R_random,math_random
pairs_math_v2.csv,402,math,math_734,train,remove,C0_exact,math_copy
pairs_math_v2.csv,403,math,math_734,train,remove,C2_answer_bearing,math_solution_frag
pairs_math_v2.csv,404,math,math_734,train,retain,H2_perturb_simple,math_perturb_simple
pairs_math_v2.csv,405,math,math_734,train,retain,H2_perturb_hard,math_perturb_hard
pairs_math_v2.csv,406,math,math_734,train,retain,H1_same_topic,math_same_type
pairs_math_v2.csv,407,math,math_734,train,retain,R_random,math_random
pairs_math_v2.csv,408,math,math_736,train,remove,C0_exact,math_copy
pairs_math_v2.csv,409,math,math_736,train,remove,C2_answer_bearing,math_solution_frag
pairs_math_v2.csv,410,math,math_736,train,retain,H2_perturb_simple,math_perturb_simple
pairs_math_v2.csv,411,math,math_736,train,retain,H2_perturb_hard,math_perturb_hard
pairs_math_v2.csv,412,math,math_736,train,retain,H1_same_topic,math_same_type
pairs_math_v2.csv,413,math,math_736,train,retain,R_random,math_random
pairs_math_v2.csv,420,math,math_739,train,remove,C0_exact,math_copy
pairs_math_v2.csv,421,math,math_739,train,remove,C2_answer_bearing,math_solution_frag
pairs_math_v2.csv,422,math,math_739,train,retain,H2_perturb_simple,math_perturb_simple
pairs_math_v2.csv,423,math,math_739,train,retain,H2_perturb_hard,math_perturb_hard
pairs_math_v2.csv,424,math,math_739,train,retain,H1_same_topic,math_same_type
pairs_math_v2.csv,425,math,math_739,train,retain,R_random,math_random
pairs_math_v2.csv,444,math,math_748,train,remove,C0_exact,math_copy
pairs_math_v2.csv,445,math,math_748,train,remove,C2_answer_bearing,math_solution_frag
pairs_math_v2.csv,446,math,math_748,train,retain,H2_perturb_simple,math_perturb_simple
pairs_math_v2.csv,447,math,math_748,train,retain,H2_perturb_hard,math_perturb_hard
pairs_math_v2.csv,448,math,math_748,train,retain,H1_same_topic,math_same_type
pairs_math_v2.csv,449,math,math_748,train,retain,R_random,math_random
pairs_math_v2.csv,456,math,math_750,train,remove,C0_exact,math_copy
pairs_math_v2.csv,457,math,math_750,train,remove,C2_answer_bearing,math_solution_frag
pairs_math_v2.csv,458,math,math_750,train,retain,H2_perturb_simple,math_perturb_simple
pairs_math_v2.csv,459,math,math_750,train,retain,H2_perturb_hard,math_perturb_hard
pairs_math_v2.csv,460,math,math_750,train,retain,H1_same_topic,math_same_type
pairs_math_v2.csv,461,math,math_750,train,retain,R_random,math_random
pairs_math_v2.csv,462,math,math_751,train,remove,C0_exact,math_copy
pairs_math_v2.csv,463,math,math_751,train,remove,C2_answer_bearing,math_solution_frag
pairs_math_v2.csv,464,math,math_751,train,retain,H2_perturb_simple,math_perturb_simple
pairs_math_v2.csv,465,math,math_751,train,retain,H2_perturb_hard,math_perturb_hard
pairs_math_v2.csv,466,math,math_751,train,retain,H1_same_topic,math_same_type
pairs_math_v2.csv,467,math,math_751,train,retain,R_random,math_random
pairs_math_v2.csv,468,math,math_759,train,remove,C0_exact,math_copy
pairs_math_v2.csv,469,math,math_759,train,remove,C2_answer_bearing,math_solution_frag
pairs_math_v2.csv,470,math,math_759,train,retain,H2_perturb_simple,math_perturb_simple
pairs_math_v2.csv,471,math,math_759,train,retain,H2_perturb_hard,math_perturb_hard
pairs_math_v2.csv,472,math,math_759,train,retain,H1_same_topic,math_same_type
pairs_math_v2.csv,473,math,math_759,train,retain,R_random,math_random
pairs_math_v2.csv,474,math,math_763,train,remove,C0_exact,math_copy
pairs_math_v2.csv,475,math,math_763,train,remove,C2_answer_bearing,math_solution_frag
pairs_math_v2.csv,476,math,math_763,train,retain,H2_perturb_simple,math_perturb_simple
pairs_math_v2.csv,477,math,math_763,train,retain,H2_perturb_hard,math_perturb_hard
pairs_math_v2.csv,478,math,math_763,train,retain,H1_same_topic,math_same_type
pairs_math_v2.csv,479,math,math_763,train,retain,R_random,math_random
pairs_math_v2.csv,480,math,math_765,train,remove,C0_exact,math_copy
pairs_math_v2.csv,481,math,math_765,train,remove,C2_answer_bearing,math_solution_frag
pairs_math_v2.csv,482,math,math_765,train,retain,H2_perturb_simple,math_perturb_simple
pairs_math_v2.csv,483,math,math_765,train,retain,H2_perturb_hard,math_perturb_hard
pairs_math_v2.csv,484,math,math_765,train,retain,H1_same_topic,math_same_type
pairs_math_v2.csv,485,math,math_765,train,retain,R_random,math_random
pairs_math_v2.csv,492,math,math_847,train,remove,C0_exact,math_copy
pairs_math_v2.csv,493,math,math_847,train,remove,C2_answer_bearing,math_solution_frag
pairs_math_v2.csv,494,math,math_847,train,retain,H2_perturb_simple,math_perturb_simple
pairs_math_v2.csv,495,math,math_847,train,retain,H2_perturb_hard,math_perturb_hard
pairs_math_v2.csv,496,math,math_847,train,retain,H1_same_topic,math_same_type
pairs_math_v2.csv,497,math,math_847,train,retain,R_random,math_random
pairs_math_v2.csv,522,math,math_974,train,remove,C0_exact,math_copy
pairs_math_v2.csv,523,math,math_974,train,remove,C2_answer_bearing,math_solution_frag
pairs_math_v2.csv,524,math,math_974,train,retain,H2_perturb_simple,math_perturb_simple
pairs_math_v2.csv,525,math,math_974,train,retain,H2_perturb_hard,math_perturb_hard
pairs_math_v2.csv,526,math,math_974,train,retain,H1_same_topic,math_same_type
pairs_math_v2.csv,527,math,math_974,train,retain,R_random,math_random
pairs_math_v2.csv,528,math,math_975,train,remove,C0_exact,math_copy
pairs_math_v2.csv,529,math,math_975,train,remove,C2_answer_bearing,math_solution_frag
pairs_math_v2.csv,530,math,math_975,train,retain,H2_perturb_simple,math_perturb_simple
pairs_math_v2.csv,531,math,math_975,train,retain,H2_perturb_hard,math_perturb_hard
pairs_math_v2.csv,532,math,math_975,train,retain,H1_same_topic,math_same_type
pairs_math_v2.csv,533,math,math_975,train,retain,R_random,math_random
pairs_math_v2.csv,534,math,math_976,train,remove,C0_exact,math_copy
pairs_math_v2.csv,535,math,math_976,train,remove,C2_answer_bearing,math_solution_frag
pairs_math_v2.csv,536,math,math_976,train,retain,H2_perturb_simple,math_perturb_simple
pairs_math_v2.csv,537,math,math_976,train,retain,H2_perturb_hard,math_perturb_hard
pairs_math_v2.csv,538,math,math_976,train,retain,H1_same_topic,math_same_type
pairs_math_v2.csv,539,math,math_976,train,retain,R_random,math_random
pairs_math_v2.csv,552,math,math_981,train,remove,C0_exact,math_copy
pairs_math_v2.csv,553,math,math_981,train,remove,C2_answer_bearing,math_solution_frag
pairs_math_v2.csv,554,math,math_981,train,retain,H2_perturb_simple,math_perturb_simple
pairs_math_v2.csv,555,math,math_981,train,retain,H2_perturb_hard,math_perturb_hard
pairs_math_v2.csv,556,math,math_981,train,retain,H1_same_topic,math_same_type
pairs_math_v2.csv,557,math,math_981,train,retain,R_random,math_random
pairs_math_v2.csv,570,math,math_985,train,remove,C0_exact,math_copy
pairs_math_v2.csv,571,math,math_985,train,remove,C2_answer_bearing,math_solution_frag
pairs_math_v2.csv,572,math,math_985,train,retain,H2_perturb_simple,math_perturb_simple
pairs_math_v2.csv,573,math,math_985,train,retain,H2_perturb_hard,math_perturb_hard
pairs_math_v2.csv,574,math,math_985,train,retain,H1_same_topic,math_same_type
pairs_math_v2.csv,575,math,math_985,train,retain,R_random,math_random
pairs_math_v2.csv,582,math,math_990,train,remove,C0_exact,math_copy
pairs_math_v2.csv,583,math,math_990,train,remove,C2_answer_bearing,math_solution_frag
pairs_math_v2.csv,584,math,math_990,train,retain,H2_perturb_simple,math_perturb_simple
pairs_math_v2.csv,585,math,math_990,train,retain,H2_perturb_hard,math_perturb_hard
pairs_math_v2.csv,586,math,math_990,train,retain,H1_same_topic,math_same_type
pairs_math_v2.csv,587,math,math_990,train,retain,R_random,math_random
pairs_math_v2.csv,594,math,math_994,train,remove,C0_exact,math_copy
pairs_math_v2.csv,595,math,math_994,train,remove,C2_answer_bearing,math_solution_frag
pairs_math_v2.csv,596,math,math_994,train,retain,H2_perturb_simple,math_perturb_simple
pairs_math_v2.csv,597,math,math_994,train,retain,H2_perturb_hard,math_perturb_hard
pairs_math_v2.csv,598,math,math_994,train,retain,H1_same_topic,math_same_type
pairs_math_v2.csv,599,math,math_994,train,retain,R_random,math_random
pairs_math_v2.csv,606,math,math_996,train,remove,C0_exact,math_copy
pairs_math_v2.csv,607,math,math_996,train,remove,C2_answer_bearing,math_solution_frag
pairs_math_v2.csv,608,math,math_996,train,retain,H2_perturb_simple,math_perturb_simple
pairs_math_v2.csv,609,math,math_996,train,retain,H2_perturb_hard,math_perturb_hard
pairs_math_v2.csv,610,math,math_996,train,retain,H1_same_topic,math_same_type
pairs_math_v2.csv,611,math,math_996,train,retain,R_random,math_random
pairs_math_v2.csv,612,math,math_1002,train,remove,C0_exact,math_copy
pairs_math_v2.csv,613,math,math_1002,train,remove,C2_answer_bearing,math_solution_frag
pairs_math_v2.csv,614,math,math_1002,train,retain,H2_perturb_simple,math_perturb_simple
pairs_math_v2.csv,615,math,math_1002,train,retain,H2_perturb_hard,math_perturb_hard
pairs_math_v2.csv,616,math,math_1002,train,retain,H1_same_topic,math_same_type
pairs_math_v2.csv,617,math,math_1002,train,retain,R_random,math_random
pairs_math_v2.csv,618,math,math_1005,train,remove,C0_exact,math_copy
pairs_math_v2.csv,619,math,math_1005,train,remove,C2_answer_bearing,math_solution_frag
pairs_math_v2.csv,620,math,math_1005,train,retain,H2_perturb_simple,math_perturb_simple
pairs_math_v2.csv,621,math,math_1005,train,retain,H2_perturb_hard,math_perturb_hard
pairs_math_v2.csv,622,math,math_1005,train,retain,H1_same_topic,math_same_type
pairs_math_v2.csv,623,math,math_1005,train,retain,R_random,math_random
pairs_math_v2.csv,624,math,math_1020,train,remove,C0_exact,math_copy
pairs_math_v2.csv,625,math,math_1020,train,remove,C2_answer_bearing,math_solution_frag
pairs_math_v2.csv,626,math,math_1020,train,retain,H2_perturb_simple,math_perturb_simple
pairs_math_v2.csv,627,math,math_1020,train,retain,H2_perturb_hard,math_perturb_hard
pairs_math_v2.csv,628,math,math_1020,train,retain,H1_same_topic,math_same_type
pairs_math_v2.csv,629,math,math_1020,train,retain,R_random,math_random
pairs_math_v2.csv,648,math,math_1210,train,remove,C0_exact,math_copy
pairs_math_v2.csv,649,math,math_1210,train,remove,C2_answer_bearing,math_solution_frag
pairs_math_v2.csv,650,math,math_1210,train,retain,H2_perturb_simple,math_perturb_simple
pairs_math_v2.csv,651,math,math_1210,train,retain,H2_perturb_hard,math_perturb_hard
pairs_math_v2.csv,652,math,math_1210,train,retain,H1_same_topic,math_same_type
pairs_math_v2.csv,653,math,math_1210,train,retain,R_random,math_random
pairs_math_v2.csv,678,math,math_1216,train,remove,C0_exact,math_copy
pairs_math_v2.csv,679,math,math_1216,train,remove,C2_answer_bearing,math_solution_frag
pairs_math_v2.csv,680,math,math_1216,train,retain,H2_perturb_simple,math_perturb_simple
pairs_math_v2.csv,681,math,math_1216,train,retain,H2_perturb_hard,math_perturb_hard
pairs_math_v2.csv,682,math,math_1216,train,retain,H1_same_topic,math_same_type
pairs_math_v2.csv,683,math,math_1216,train,retain,R_random,math_random
pairs_math_v2.csv,690,math,math_1218,train,remove,C0_exact,math_copy
pairs_math_v2.csv,691,math,math_1218,train,remove,C2_answer_bearing,math_solution_frag
pairs_math_v2.csv,692,math,math_1218,train,retain,H2_perturb_simple,math_perturb_simple
pairs_math_v2.csv,693,math,math_1218,train,retain,H2_perturb_hard,math_perturb_hard
pairs_math_v2.csv,694,math,math_1218,train,retain,H1_same_topic,math_same_type
pairs_math_v2.csv,695,math,math_1218,train,retain,R_random,math_random
pairs_math_v2.csv,714,math,math_1222,train,remove,C0_exact,math_copy
pairs_math_v2.csv,715,math,math_1222,train,remove,C2_answer_bearing,math_solution_frag
pairs_math_v2.csv,716,math,math_1222,train,retain,H2_perturb_simple,math_perturb_simple
pairs_math_v2.csv,717,math,math_1222,train,retain,H2_perturb_hard,math_perturb_hard
pairs_math_v2.csv,718,math,math_1222,train,retain,H1_same_topic,math_same_type
pairs_math_v2.csv,719,math,math_1222,train,retain,R_random,math_random
pairs_math_v2.csv,720,math,math_1223,train,remove,C0_exact,math_copy
pairs_math_v2.csv,721,math,math_1223,train,remove,C2_answer_bearing,math_solution_frag
pairs_math_v2.csv,722,math,math_1223,train,retain,H2_perturb_simple,math_perturb_simple
pairs_math_v2.csv,723,math,math_1223,train,retain,H2_perturb_hard,math_perturb_hard
pairs_math_v2.csv,724,math,math_1223,train,retain,H1_same_topic,math_same_type
pairs_math_v2.csv,725,math,math_1223,train,retain,R_random,math_random
pairs_math_v2.csv,732,math,math_1226,train,remove,C0_exact,math_copy
pairs_math_v2.csv,733,math,math_1226,train,remove,C2_answer_bearing,math_solution_frag
pairs_math_v2.csv,734,math,math_1226,train,retain,H2_perturb_simple,math_perturb_simple
pairs_math_v2.csv,735,math,math_1226,train,retain,H2_perturb_hard,math_perturb_hard
pairs_math_v2.csv,736,math,math_1226,train,retain,H1_same_topic,math_same_type
pairs_math_v2.csv,737,math,math_1226,train,retain,R_random,math_random
pairs_math_v2.csv,744,math,math_1228,train,remove,C0_exact,math_copy
pairs_math_v2.csv,745,math,math_1228,train,remove,C2_answer_bearing,math_solution_frag
pairs_math_v2.csv,746,math,math_1228,train,retain,H2_perturb_simple,math_perturb_simple
pairs_math_v2.csv,747,math,math_1228,train,retain,H2_perturb_hard,math_perturb_hard
pairs_math_v2.csv,748,math,math_1228,train,retain,H1_same_topic,math_same_type
pairs_math_v2.csv,749,math,math_1228,train,retain,R_random,math_random
pairs_math_v2.csv,774,math,math_1691,train,remove,C0_exact,math_copy
pairs_math_v2.csv,775,math,math_1691,train,remove,C2_answer_bearing,math_solution_frag
pairs_math_v2.csv,776,math,math_1691,train,retain,H2_perturb_simple,math_perturb_simple
pairs_math_v2.csv,777,math,math_1691,train,retain,H2_perturb_hard,math_perturb_hard
pairs_math_v2.csv,778,math,math_1691,train,retain,H1_same_topic,math_same_type
pairs_math_v2.csv,779,math,math_1691,train,retain,R_random,math_random
pairs_math_v2.csv,804,math,math_1699,train,remove,C0_exact,math_copy
pairs_math_v2.csv,805,math,math_1699,train,remove,C2_answer_bearing,math_solution_frag
pairs_math_v2.csv,806,math,math_1699,train,retain,H2_perturb_simple,math_perturb_simple
pairs_math_v2.csv,807,math,math_1699,train,retain,H2_perturb_hard,math_perturb_hard
pairs_math_v2.csv,808,math,math_1699,train,retain,H1_same_topic,math_same_type
pairs_math_v2.csv,809,math,math_1699,train,retain,R_random,math_random
pairs_math_v2.csv,810,math,math_1703,train,remove,C0_exact,math_copy
pairs_math_v2.csv,811,math,math_1703,train,remove,C2_answer_bearing,math_solution_frag
pairs_math_v2.csv,812,math,math_1703,train,retain,H2_perturb_simple,math_perturb_simple
pairs_math_v2.csv,813,math,math_1703,train,retain,H2_perturb_hard,math_perturb_hard
pairs_math_v2.csv,814,math,math_1703,train,retain,H1_same_topic,math_same_type
pairs_math_v2.csv,815,math,math_1703,train,retain,R_random,math_random
pairs_math_v2.csv,816,math,math_1706,train,remove,C0_exact,math_copy
pairs_math_v2.csv,817,math,math_1706,train,remove,C2_answer_bearing,math_solution_frag
pairs_math_v2.csv,818,math,math_1706,train,retain,H2_perturb_simple,math_perturb_simple
pairs_math_v2.csv,819,math,math_1706,train,retain,H2_perturb_hard,math_perturb_hard
pairs_math_v2.csv,820,math,math_1706,train,retain,H1_same_topic,math_same_type
pairs_math_v2.csv,821,math,math_1706,train,retain,R_random,math_random
pairs_math_v2.csv,840,math,math_1713,train,remove,C0_exact,math_copy
pairs_math_v2.csv,841,math,math_1713,train,remove,C2_answer_bearing,math_solution_frag
pairs_math_v2.csv,842,math,math_1713,train,retain,H2_perturb_simple,math_perturb_simple
pairs_math_v2.csv,843,math,math_1713,train,retain,H2_perturb_hard,math_perturb_hard
pairs_math_v2.csv,844,math,math_1713,train,retain,H1_same_topic,math_same_type
pairs_math_v2.csv,845,math,math_1713,train,retain,R_random,math_random
pairs_math_v2.csv,846,math,math_1718,train,remove,C0_exact,math_copy
pairs_math_v2.csv,847,math,math_1718,train,remove,C2_answer_bearing,math_solution_frag
pairs_math_v2.csv,848,math,math_1718,train,retain,H2_perturb_simple,math_perturb_simple
pairs_math_v2.csv,849,math,math_1718,train,retain,H2_perturb_hard,math_perturb_hard
pairs_math_v2.csv,850,math,math_1718,train,retain,H1_same_topic,math_same_type
pairs_math_v2.csv,851,math,math_1718,train,retain,R_random,math_random
pairs_math_v2.csv,876,math,math_1748,train,remove,C0_exact,math_copy
pairs_math_v2.csv,877,math,math_1748,train,remove,C2_answer_bearing,math_solution_frag
pairs_math_v2.csv,878,math,math_1748,train,retain,H2_perturb_simple,math_perturb_simple
pairs_math_v2.csv,879,math,math_1748,train,retain,H2_perturb_hard,math_perturb_hard
pairs_math_v2.csv,880,math,math_1748,train,retain,H1_same_topic,math_same_type
pairs_math_v2.csv,881,math,math_1748,train,retain,R_random,math_random
pairs_math_v2.csv,888,math,math_1940,train,remove,C0_exact,math_copy
pairs_math_v2.csv,889,math,math_1940,train,remove,C2_answer_bearing,math_solution_frag
pairs_math_v2.csv,890,math,math_1940,train,retain,H2_perturb_simple,math_perturb_simple
pairs_math_v2.csv,891,math,math_1940,train,retain,H2_perturb_hard,math_perturb_hard
pairs_math_v2.csv,892,math,math_1940,train,retain,H1_same_topic,math_same_type
pairs_math_v2.csv,893,math,math_1940,train,retain,R_random,math_random
pairs_math_v2.csv,906,math,math_1961,train,remove,C0_exact,math_copy
pairs_math_v2.csv,907,math,math_1961,train,remove,C2_answer_bearing,math_solution_frag
pairs_math_v2.csv,908,math,math_1961,train,retain,H2_perturb_simple,math_perturb_simple
pairs_math_v2.csv,909,math,math_1961,train,retain,H2_perturb_hard,math_perturb_hard
pairs_math_v2.csv,910,math,math_1961,train,retain,H1_same_topic,math_same_type
pairs_math_v2.csv,911,math,math_1961,train,retain,R_random,math_random
pairs_math_v2.csv,960,math,math_2038,train,remove,C0_exact,math_copy
pairs_math_v2.csv,961,math,math_2038,train,remove,C2_answer_bearing,math_solution_frag
pairs_math_v2.csv,962,math,math_2038,train,retain,H2_perturb_simple,math_perturb_simple
pairs_math_v2.csv,963,math,math_2038,train,retain,H2_perturb_hard,math_perturb_hard
pairs_math_v2.csv,964,math,math_2038,train,retain,H1_same_topic,math_same_type
pairs_math_v2.csv,965,math,math_2038,train,retain,R_random,math_random
pairs_math_v2.csv,984,math,math_2073,train,remove,C0_exact,math_copy
pairs_math_v2.csv,985,math,math_2073,train,remove,C2_answer_bearing,math_solution_frag
pairs_math_v2.csv,986,math,math_2073,train,retain,H2_perturb_simple,math_perturb_simple
pairs_math_v2.csv,987,math,math_2073,train,retain,H2_perturb_hard,math_perturb_hard
pairs_math_v2.csv,988,math,math_2073,train,retain,H1_same_topic,math_same_type
pairs_math_v2.csv,989,math,math_2073,train,retain,R_random,math_random
pairs_math_v2.csv,990,math,math_2100,train,remove,C0_exact,math_copy
pairs_math_v2.csv,991,math,math_2100,train,remove,C2_answer_bearing,math_solution_frag
pairs_math_v2.csv,992,math,math_2100,train,retain,H2_perturb_simple,math_perturb_simple
pairs_math_v2.csv,993,math,math_2100,train,retain,H2_perturb_hard,math_perturb_hard
pairs_math_v2.csv,994,math,math_2100,train,retain,H1_same_topic,math_same_type
pairs_math_v2.csv,995,math,math_2100,train,retain,R_random,math_random
pairs_math_v2.csv,1014,math,math_2172,train,remove,C0_exact,math_copy
pairs_math_v2.csv,1015,math,math_2172,train,remove,C2_answer_bearing,math_solution_frag
pairs_math_v2.csv,1016,math,math_2172,train,retain,H2_perturb_simple,math_perturb_simple
pairs_math_v2.csv,1017,math,math_2172,train,retain,H2_perturb_hard,math_perturb_hard
pairs_math_v2.csv,1018,math,math_2172,train,retain,H1_same_topic,math_same_type
pairs_math_v2.csv,1019,math,math_2172,train,retain,R_random,math_random
pairs_math_v2.csv,1038,math,math_2176,train,remove,C0_exact,math_copy
pairs_math_v2.csv,1039,math,math_2176,train,remove,C2_answer_bearing,math_solution_frag
pairs_math_v2.csv,1040,math,math_2176,train,retain,H2_perturb_simple,math_perturb_simple
pairs_math_v2.csv,1041,math,math_2176,train,retain,H2_perturb_hard,math_perturb_hard
pairs_math_v2.csv,1042,math,math_2176,train,retain,H1_same_topic,math_same_type
pairs_math_v2.csv,1043,math,math_2176,train,retain,R_random,math_random
pairs_math_v2.csv,1044,math,math_2178,train,remove,C0_exact,math_copy
pairs_math_v2.csv,1045,math,math_2178,train,remove,C2_answer_bearing,math_solution_frag
pairs_math_v2.csv,1046,math,math_2178,train,retain,H2_perturb_simple,math_perturb_simple
pairs_math_v2.csv,1047,math,math_2178,train,retain,H2_perturb_hard,math_perturb_hard
pairs_math_v2.csv,1048,math,math_2178,train,retain,H1_same_topic,math_same_type
pairs_math_v2.csv,1049,math,math_2178,train,retain,R_random,math_random
pairs_math_v2.csv,1050,math,math_2179,train,remove,C0_exact,math_copy
pairs_math_v2.csv,1051,math,math_2179,train,remove,C2_answer_bearing,math_solution_frag
pairs_math_v2.csv,1052,math,math_2179,train,retain,H2_perturb_simple,math_perturb_simple
pairs_math_v2.csv,1053,math,math_2179,train,retain,H2_perturb_hard,math_perturb_hard
pairs_math_v2.csv,1054,math,math_2179,train,retain,H1_same_topic,math_same_type
pairs_math_v2.csv,1055,math,math_2179,train,retain,R_random,math_random
pairs_math_v2.csv,1056,math,math_2180,train,remove,C0_exact,math_copy
pairs_math_v2.csv,1057,math,math_2180,train,remove,C2_answer_bearing,math_solution_frag
pairs_math_v2.csv,1058,math,math_2180,train,retain,H2_perturb_simple,math_perturb_simple
pairs_math_v2.csv,1059,math,math_2180,train,retain,H2_perturb_hard,math_perturb_hard
pairs_math_v2.csv,1060,math,math_2180,train,retain,H1_same_topic,math_same_type
pairs_math_v2.csv,1061,math,math_2180,train,retain,R_random,math_random
pairs_math_v2.csv,1062,math,math_2181,train,remove,C0_exact,math_copy
pairs_math_v2.csv,1063,math,math_2181,train,remove,C2_answer_bearing,math_solution_frag
pairs_math_v2.csv,1064,math,math_2181,train,retain,H2_perturb_simple,math_perturb_simple
pairs_math_v2.csv,1065,math,math_2181,train,retain,H2_perturb_hard,math_perturb_hard
pairs_math_v2.csv,1066,math,math_2181,train,retain,H1_same_topic,math_same_type
pairs_math_v2.csv,1067,math,math_2181,train,retain,R_random,math_random
pairs_math_v2.csv,1068,math,math_2182,train,remove,C0_exact,math_copy
pairs_math_v2.csv,1069,math,math_2182,train,remove,C2_answer_bearing,math_solution_frag
pairs_math_v2.csv,1070,math,math_2182,train,retain,H2_perturb_simple,math_perturb_simple
pairs_math_v2.csv,1071,math,math_2182,train,retain,H2_perturb_hard,math_perturb_hard
pairs_math_v2.csv,1072,math,math_2182,train,retain,H1_same_topic,math_same_type
pairs_math_v2.csv,1073,math,math_2182,train,retain,R_random,math_random
pairs_math_v2.csv,1092,math,math_2186,train,remove,C0_exact,math_copy
pairs_math_v2.csv,1093,math,math_2186,train,remove,C2_answer_bearing,math_solution_frag
pairs_math_v2.csv,1094,math,math_2186,train,retain,H2_perturb_simple,math_perturb_simple
pairs_math_v2.csv,1095,math,math_2186,train,retain,H2_perturb_hard,math_perturb_hard
pairs_math_v2.csv,1096,math,math_2186,train,retain,H1_same_topic,math_same_type
pairs_math_v2.csv,1097,math,math_2186,train,retain,R_random,math_random
pairs_math_v2.csv,1116,math,math_2191,train,remove,C0_exact,math_copy
pairs_math_v2.csv,1117,math,math_2191,train,remove,C2_answer_bearing,math_solution_frag
pairs_math_v2.csv,1118,math,math_2191,train,retain,H2_perturb_simple,math_perturb_simple
pairs_math_v2.csv,1119,math,math_2191,train,retain,H2_perturb_hard,math_perturb_hard
pairs_math_v2.csv,1120,math,math_2191,train,retain,H1_same_topic,math_same_type
pairs_math_v2.csv,1121,math,math_2191,train,retain,R_random,math_random
pairs_math_v2.csv,1122,math,math_2194,train,remove,C0_exact,math_copy
pairs_math_v2.csv,1123,math,math_2194,train,remove,C2_answer_bearing,math_solution_frag
pairs_math_v2.csv,1124,math,math_2194,train,retain,H2_perturb_simple,math_perturb_simple
pairs_math_v2.csv,1125,math,math_2194,train,retain,H2_perturb_hard,math_perturb_hard
pairs_math_v2.csv,1126,math,math_2194,train,retain,H1_same_topic,math_same_type
pairs_math_v2.csv,1127,math,math_2194,train,retain,R_random,math_random
pairs_math_v2.csv,1128,math,math_2195,train,remove,C0_exact,math_copy
pairs_math_v2.csv,1129,math,math_2195,train,remove,C2_answer_bearing,math_solution_frag
pairs_math_v2.csv,1130,math,math_2195,train,retain,H2_perturb_simple,math_perturb_simple
pairs_math_v2.csv,1131,math,math_2195,train,retain,H2_perturb_hard,math_perturb_hard
pairs_math_v2.csv,1132,math,math_2195,train,retain,H1_same_topic,math_same_type
pairs_math_v2.csv,1133,math,math_2195,train,retain,R_random,math_random
pairs_math_v2.csv,1152,math,math_2413,train,remove,C0_exact,math_copy
pairs_math_v2.csv,1153,math,math_2413,train,remove,C2_answer_bearing,math_solution_frag
pairs_math_v2.csv,1154,math,math_2413,train,retain,H2_perturb_simple,math_perturb_simple
pairs_math_v2.csv,1155,math,math_2413,train,retain,H2_perturb_hard,math_perturb_hard
pairs_math_v2.csv,1156,math,math_2413,train,retain,H1_same_topic,math_same_type
pairs_math_v2.csv,1157,math,math_2413,train,retain,R_random,math_random
pairs_math_v2.csv,1182,math,math_2422,train,remove,C0_exact,math_copy
pairs_math_v2.csv,1183,math,math_2422,train,remove,C2_answer_bearing,math_solution_frag
pairs_math_v2.csv,1184,math,math_2422,train,retain,H2_perturb_simple,math_perturb_simple
pairs_math_v2.csv,1185,math,math_2422,train,retain,H2_perturb_hard,math_perturb_hard
pairs_math_v2.csv,1186,math,math_2422,train,retain,H1_same_topic,math_same_type
pairs_math_v2.csv,1187,math,math_2422,train,retain,R_random,math_random
pairs_math_v2.csv,1194,math,math_2424,train,remove,C0_exact,math_copy
pairs_math_v2.csv,1195,math,math_2424,train,remove,C2_answer_bearing,math_solution_frag
pairs_math_v2.csv,1196,math,math_2424,train,retain,H2_perturb_simple,math_perturb_simple
pairs_math_v2.csv,1197,math,math_2424,train,retain,H2_perturb_hard,math_perturb_hard
pairs_math_v2.csv,1198,math,math_2424,train,retain,H1_same_topic,math_same_type
pairs_math_v2.csv,1199,math,math_2424,train,retain,R_random,math_random
pairs_math_v2.csv,1206,math,math_2427,train,remove,C0_exact,math_copy
pairs_math_v2.csv,1207,math,math_2427,train,remove,C2_answer_bearing,math_solution_frag
pairs_math_v2.csv,1208,math,math_2427,train,retain,H2_perturb_simple,math_perturb_simple
pairs_math_v2.csv,1209,math,math_2427,train,retain,H2_perturb_hard,math_perturb_hard
pairs_math_v2.csv,1210,math,math_2427,train,retain,H1_same_topic,math_same_type
pairs_math_v2.csv,1211,math,math_2427,train,retain,R_random,math_random
pairs_math_v2.csv,1212,math,math_2428,train,remove,C0_exact,math_copy
pairs_math_v2.csv,1213,math,math_2428,train,remove,C2_answer_bearing,math_solution_frag
pairs_math_v2.csv,1214,math,math_2428,train,retain,H2_perturb_simple,math_perturb_simple
pairs_math_v2.csv,1215,math,math_2428,train,retain,H2_perturb_hard,math_perturb_hard
pairs_math_v2.csv,1216,math,math_2428,train,retain,H1_same_topic,math_same_type
pairs_math_v2.csv,1217,math,math_2428,train,retain,R_random,math_random
pairs_math_v2.csv,1218,math,math_2429,train,remove,C0_exact,math_copy
pairs_math_v2.csv,1219,math,math_2429,train,remove,C2_answer_bearing,math_solution_frag
pairs_math_v2.csv,1220,math,math_2429,train,retain,H2_perturb_simple,math_perturb_simple
pairs_math_v2.csv,1221,math,math_2429,train,retain,H2_perturb_hard,math_perturb_hard
pairs_math_v2.csv,1222,math,math_2429,train,retain,H1_same_topic,math_same_type
pairs_math_v2.csv,1223,math,math_2429,train,retain,R_random,math_random
pairs_math_v2.csv,1254,math,math_2435,train,remove,C0_exact,math_copy
pairs_math_v2.csv,1255,math,math_2435,train,remove,C2_answer_bearing,math_solution_frag
pairs_math_v2.csv,1256,math,math_2435,train,retain,H2_perturb_simple,math_perturb_simple
pairs_math_v2.csv,1257,math,math_2435,train,retain,H2_perturb_hard,math_perturb_hard
pairs_math_v2.csv,1258,math,math_2435,train,retain,H1_same_topic,math_same_type
pairs_math_v2.csv,1259,math,math_2435,train,retain,R_random,math_random
pairs_math_v2.csv,1260,math,math_2436,train,remove,C0_exact,math_copy
pairs_math_v2.csv,1261,math,math_2436,train,remove,C2_answer_bearing,math_solution_frag
pairs_math_v2.csv,1262,math,math_2436,train,retain,H2_perturb_simple,math_perturb_simple
pairs_math_v2.csv,1263,math,math_2436,train,retain,H2_perturb_hard,math_perturb_hard
pairs_math_v2.csv,1264,math,math_2436,train,retain,H1_same_topic,math_same_type
pairs_math_v2.csv,1265,math,math_2436,train,retain,R_random,math_random
pairs_math_v2.csv,1266,math,math_2437,train,remove,C0_exact,math_copy
pairs_math_v2.csv,1267,math,math_2437,train,remove,C2_answer_bearing,math_solution_frag
pairs_math_v2.csv,1268,math,math_2437,train,retain,H2_perturb_simple,math_perturb_simple
pairs_math_v2.csv,1269,math,math_2437,train,retain,H2_perturb_hard,math_perturb_hard
pairs_math_v2.csv,1270,math,math_2437,train,retain,H1_same_topic,math_same_type
pairs_math_v2.csv,1271,math,math_2437,train,retain,R_random,math_random
pairs_math_v2.csv,1284,math,math_2654,train,remove,C0_exact,math_copy
pairs_math_v2.csv,1285,math,math_2654,train,remove,C2_answer_bearing,math_solution_frag
pairs_math_v2.csv,1286,math,math_2654,train,retain,H2_perturb_simple,math_perturb_simple
pairs_math_v2.csv,1287,math,math_2654,train,retain,H2_perturb_hard,math_perturb_hard
pairs_math_v2.csv,1288,math,math_2654,train,retain,H1_same_topic,math_same_type
pairs_math_v2.csv,1289,math,math_2654,train,retain,R_random,math_random
pairs_math_v2.csv,1290,math,math_2656,train,remove,C0_exact,math_copy
pairs_math_v2.csv,1291,math,math_2656,train,remove,C2_answer_bearing,math_solution_frag
pairs_math_v2.csv,1292,math,math_2656,train,retain,H2_perturb_simple,math_perturb_simple
pairs_math_v2.csv,1293,math,math_2656,train,retain,H2_perturb_hard,math_perturb_hard
pairs_math_v2.csv,1294,math,math_2656,train,retain,H1_same_topic,math_same_type
pairs_math_v2.csv,1295,math,math_2656,train,retain,R_random,math_random
pairs_math_v2.csv,1296,math,math_2660,train,remove,C0_exact,math_copy
pairs_math_v2.csv,1297,math,math_2660,train,remove,C2_answer_bearing,math_solution_frag
pairs_math_v2.csv,1298,math,math_2660,train,retain,H2_perturb_simple,math_perturb_simple
pairs_math_v2.csv,1299,math,math_2660,train,retain,H2_perturb_hard,math_perturb_hard
pairs_math_v2.csv,1300,math,math_2660,train,retain,H1_same_topic,math_same_type
pairs_math_v2.csv,1301,math,math_2660,train,retain,R_random,math_random
pairs_math_v2.csv,1302,math,math_2661,train,remove,C0_exact,math_copy
pairs_math_v2.csv,1303,math,math_2661,train,remove,C2_answer_bearing,math_solution_frag
pairs_math_v2.csv,1304,math,math_2661,train,retain,H2_perturb_simple,math_perturb_simple
pairs_math_v2.csv,1305,math,math_2661,train,retain,H2_perturb_hard,math_perturb_hard
pairs_math_v2.csv,1306,math,math_2661,train,retain,H1_same_topic,math_same_type
pairs_math_v2.csv,1307,math,math_2661,train,retain,R_random,math_random
pairs_math_v2.csv,1314,math,math_2664,train,remove,C0_exact,math_copy
pairs_math_v2.csv,1315,math,math_2664,train,remove,C2_answer_bearing,math_solution_frag
pairs_math_v2.csv,1316,math,math_2664,train,retain,H2_perturb_simple,math_perturb_simple
pairs_math_v2.csv,1317,math,math_2664,train,retain,H2_perturb_hard,math_perturb_hard
pairs_math_v2.csv,1318,math,math_2664,train,retain,H1_same_topic,math_same_type
pairs_math_v2.csv,1319,math,math_2664,train,retain,R_random,math_random
pairs_math_v2.csv,1344,math,math_2678,train,remove,C0_exact,math_copy
pairs_math_v2.csv,1345,math,math_2678,train,remove,C2_answer_bearing,math_solution_frag
pairs_math_v2.csv,1346,math,math_2678,train,retain,H2_perturb_simple,math_perturb_simple
pairs_math_v2.csv,1347,math,math_2678,train,retain,H2_perturb_hard,math_perturb_hard
pairs_math_v2.csv,1348,math,math_2678,train,retain,H1_same_topic,math_same_type
pairs_math_v2.csv,1349,math,math_2678,train,retain,R_random,math_random
pairs_math_v2.csv,1416,math,math_3145,train,remove,C0_exact,math_copy
pairs_math_v2.csv,1417,math,math_3145,train,remove,C2_answer_bearing,math_solution_frag
pairs_math_v2.csv,1418,math,math_3145,train,retain,H2_perturb_simple,math_perturb_simple
pairs_math_v2.csv,1419,math,math_3145,train,retain,H2_perturb_hard,math_perturb_hard
pairs_math_v2.csv,1420,math,math_3145,train,retain,H1_same_topic,math_same_type
pairs_math_v2.csv,1421,math,math_3145,train,retain,R_random,math_random
pairs_math_v2.csv,1428,math,math_3148,train,remove,C0_exact,math_copy
pairs_math_v2.csv,1429,math,math_3148,train,remove,C2_answer_bearing,math_solution_frag
pairs_math_v2.csv,1430,math,math_3148,train,retain,H2_perturb_simple,math_perturb_simple
pairs_math_v2.csv,1431,math,math_3148,train,retain,H2_perturb_hard,math_perturb_hard
pairs_math_v2.csv,1432,math,math_3148,train,retain,H1_same_topic,math_same_type
pairs_math_v2.csv,1433,math,math_3148,train,retain,R_random,math_random
pairs_math_v2.csv,1452,math,math_3156,train,remove,C0_exact,math_copy
pairs_math_v2.csv,1453,math,math_3156,train,remove,C2_answer_bearing,math_solution_frag
pairs_math_v2.csv,1454,math,math_3156,train,retain,H2_perturb_simple,math_perturb_simple
pairs_math_v2.csv,1455,math,math_3156,train,retain,H2_perturb_hard,math_perturb_hard
pairs_math_v2.csv,1456,math,math_3156,train,retain,H1_same_topic,math_same_type
pairs_math_v2.csv,1457,math,math_3156,train,retain,R_random,math_random
pairs_math_v2.csv,1458,math,math_3157,train,remove,C0_exact,math_copy
pairs_math_v2.csv,1459,math,math_3157,train,remove,C2_answer_bearing,math_solution_frag
pairs_math_v2.csv,1460,math,math_3157,train,retain,H2_perturb_simple,math_perturb_simple
pairs_math_v2.csv,1461,math,math_3157,train,retain,H2_perturb_hard,math_perturb_hard
pairs_math_v2.csv,1462,math,math_3157,train,retain,H1_same_topic,math_same_type
pairs_math_v2.csv,1463,math,math_3157,train,retain,R_random,math_random
pairs_math_v2.csv,1464,math,math_3158,train,remove,C0_exact,math_copy
pairs_math_v2.csv,1465,math,math_3158,train,remove,C2_answer_bearing,math_solution_frag
pairs_math_v2.csv,1466,math,math_3158,train,retain,H2_perturb_simple,math_perturb_simple
pairs_math_v2.csv,1467,math,math_3158,train,retain,H2_perturb_hard,math_perturb_hard
pairs_math_v2.csv,1468,math,math_3158,train,retain,H1_same_topic,math_same_type
pairs_math_v2.csv,1469,math,math_3158,train,retain,R_random,math_random
pairs_math_v2.csv,1476,math,math_3173,train,remove,C0_exact,math_copy
pairs_math_v2.csv,1477,math,math_3173,train,remove,C2_answer_bearing,math_solution_frag
pairs_math_v2.csv,1478,math,math_3173,train,retain,H2_perturb_simple,math_perturb_simple
pairs_math_v2.csv,1479,math,math_3173,train,retain,H2_perturb_hard,math_perturb_hard
pairs_math_v2.csv,1480,math,math_3173,train,retain,H1_same_topic,math_same_type
pairs_math_v2.csv,1481,math,math_3173,train,retain,R_random,math_random
pairs_math_v2.csv,1482,math,math_3175,train,remove,C0_exact,math_copy
pairs_math_v2.csv,1483,math,math_3175,train,remove,C2_answer_bearing,math_solution_frag
pairs_math_v2.csv,1484,math,math_3175,train,retain,H2_perturb_simple,math_perturb_simple
pairs_math_v2.csv,1485,math,math_3175,train,retain,H2_perturb_hard,math_perturb_hard
pairs_math_v2.csv,1486,math,math_3175,train,retain,H1_same_topic,math_same_type
pairs_math_v2.csv,1487,math,math_3175,train,retain,R_random,math_random
pairs_math_v2.csv,1500,math,math_3194,train,remove,C0_exact,math_copy
pairs_math_v2.csv,1501,math,math_3194,train,remove,C2_answer_bearing,math_solution_frag
pairs_math_v2.csv,1502,math,math_3194,train,retain,H2_perturb_simple,math_perturb_simple
pairs_math_v2.csv,1503,math,math_3194,train,retain,H2_perturb_hard,math_perturb_hard
pairs_math_v2.csv,1504,math,math_3194,train,retain,H1_same_topic,math_same_type
pairs_math_v2.csv,1505,math,math_3194,train,retain,R_random,math_random
