source_csv,source_csv_row,family,group_id,part,decision_label,relation,candidate_source
pairs_arith_v2.csv,0,arithmetic,gsm8k_test_0000,train,remove,C0_exact,gsm8k_copy
pairs_arith_v2.csv,1,arithmetic,gsm8k_test_0000,train,remove,C1_transformed,lmsys_rephrase
pairs_arith_v2.csv,2,arithmetic,gsm8k_test_0000,train,remove,C2_answer_bearing,gsm8k_solution_frag
pairs_arith_v2.csv,3,arithmetic,gsm8k_test_0000,train,retain,H2_same_template,gsmplus_numerical_substitution
pairs_arith_v2.csv,4,arithmetic,gsm8k_test_0000,train,remove,C1_transformed,gsmplus_problem_understanding
pairs_arith_v2.csv,5,arithmetic,gsm8k_test_0000,train,retain,H2_same_template,gsmplus_critical_thinking
pairs_arith_v2.csv,6,arithmetic,gsm8k_test_0000,train,retain,H1_same_topic,svamp
pairs_arith_v2.csv,7,arithmetic,gsm8k_test_0000,train,retain,H3_predating,asdiv
pairs_arith_v2.csv,8,arithmetic,gsm8k_test_0000,train,retain,R_random,truthfulqa
pairs_arith_v2.csv,36,arithmetic,gsm8k_test_0004,train,remove,C0_exact,gsm8k_copy
pairs_arith_v2.csv,37,arithmetic,gsm8k_test_0004,train,remove,C1_transformed,lmsys_rephrase
pairs_arith_v2.csv,38,arithmetic,gsm8k_test_0004,train,remove,C2_answer_bearing,gsm8k_solution_frag
pairs_arith_v2.csv,39,arithmetic,gsm8k_test_0004,train,retain,H2_same_template,gsmplus_numerical_substitution
pairs_arith_v2.csv,40,arithmetic,gsm8k_test_0004,train,remove,C1_transformed,gsmplus_problem_understanding
pairs_arith_v2.csv,41,arithmetic,gsm8k_test_0004,train,retain,H2_same_template,gsmplus_critical_thinking
pairs_arith_v2.csv,42,arithmetic,gsm8k_test_0004,train,retain,H1_same_topic,svamp
pairs_arith_v2.csv,43,arithmetic,gsm8k_test_0004,train,retain,H3_predating,asdiv
pairs_arith_v2.csv,44,arithmetic,gsm8k_test_0004,train,retain,R_random,truthfulqa
pairs_arith_v2.csv,45,arithmetic,gsm8k_test_0005,train,remove,C0_exact,gsm8k_copy
pairs_arith_v2.csv,46,arithmetic,gsm8k_test_0005,train,remove,C1_transformed,lmsys_rephrase
pairs_arith_v2.csv,47,arithmetic,gsm8k_test_0005,train,remove,C2_answer_bearing,gsm8k_solution_frag
pairs_arith_v2.csv,48,arithmetic,gsm8k_test_0005,train,retain,H2_same_template,gsmplus_numerical_substitution
pairs_arith_v2.csv,49,arithmetic,gsm8k_test_0005,train,remove,C1_transformed,gsmplus_problem_understanding
pairs_arith_v2.csv,50,arithmetic,gsm8k_test_0005,train,retain,H2_same_template,gsmplus_critical_thinking
pairs_arith_v2.csv,51,arithmetic,gsm8k_test_0005,train,retain,H1_same_topic,svamp
pairs_arith_v2.csv,52,arithmetic,gsm8k_test_0005,train,retain,H3_predating,asdiv
pairs_arith_v2.csv,53,arithmetic,gsm8k_test_0005,train,retain,R_random,truthfulqa
pairs_arith_v2.csv,54,arithmetic,gsm8k_test_0006,train,remove,C0_exact,gsm8k_copy
pairs_arith_v2.csv,55,arithmetic,gsm8k_test_0006,train,remove,C1_transformed,lmsys_rephrase
pairs_arith_v2.csv,56,arithmetic,gsm8k_test_0006,train,remove,C2_answer_bearing,gsm8k_solution_frag
pairs_arith_v2.csv,57,arithmetic,gsm8k_test_0006,train,retain,H2_same_template,gsmplus_numerical_substitution
pairs_arith_v2.csv,58,arithmetic,gsm8k_test_0006,train,remove,C1_transformed,gsmplus_problem_understanding
pairs_arith_v2.csv,59,arithmetic,gsm8k_test_0006,train,retain,H2_same_template,gsmplus_critical_thinking
pairs_arith_v2.csv,60,arithmetic,gsm8k_test_0006,train,retain,H1_same_topic,svamp
pairs_arith_v2.csv,61,arithmetic,gsm8k_test_0006,train,retain,H3_predating,asdiv
pairs_arith_v2.csv,62,arithmetic,gsm8k_test_0006,train,retain,R_random,truthfulqa
pairs_arith_v2.csv,63,arithmetic,gsm8k_test_0007,train,remove,C0_exact,gsm8k_copy
pairs_arith_v2.csv,64,arithmetic,gsm8k_test_0007,train,remove,C1_transformed,lmsys_rephrase
pairs_arith_v2.csv,65,arithmetic,gsm8k_test_0007,train,remove,C2_answer_bearing,gsm8k_solution_frag
pairs_arith_v2.csv,66,arithmetic,gsm8k_test_0007,train,retain,H2_same_template,gsmplus_numerical_substitution
pairs_arith_v2.csv,67,arithmetic,gsm8k_test_0007,train,remove,C1_transformed,gsmplus_problem_understanding
pairs_arith_v2.csv,68,arithmetic,gsm8k_test_0007,train,retain,H2_same_template,gsmplus_critical_thinking
pairs_arith_v2.csv,69,arithmetic,gsm8k_test_0007,train,retain,H1_same_topic,svamp
pairs_arith_v2.csv,70,arithmetic,gsm8k_test_0007,train,retain,H3_predating,asdiv
pairs_arith_v2.csv,71,arithmetic,gsm8k_test_0007,train,retain,R_random,truthfulqa
pairs_arith_v2.csv,81,arithmetic,gsm8k_test_0009,train,remove,C0_exact,gsm8k_copy
pairs_arith_v2.csv,82,arithmetic,gsm8k_test_0009,train,remove,C1_transformed,lmsys_rephrase
pairs_arith_v2.csv,83,arithmetic,gsm8k_test_0009,train,remove,C2_answer_bearing,gsm8k_solution_frag
pairs_arith_v2.csv,84,arithmetic,gsm8k_test_0009,train,retain,H2_same_template,gsmplus_numerical_substitution
pairs_arith_v2.csv,85,arithmetic,gsm8k_test_0009,train,remove,C1_transformed,gsmplus_problem_understanding
pairs_arith_v2.csv,86,arithmetic,gsm8k_test_0009,train,retain,H2_same_template,gsmplus_critical_thinking
pairs_arith_v2.csv,87,arithmetic,gsm8k_test_0009,train,retain,H1_same_topic,svamp
pairs_arith_v2.csv,88,arithmetic,gsm8k_test_0009,train,retain,H3_predating,asdiv
pairs_arith_v2.csv,89,arithmetic,gsm8k_test_0009,train,retain,R_random,truthfulqa
pairs_arith_v2.csv,117,arithmetic,gsm8k_test_0013,train,remove,C0_exact,gsm8k_copy
pairs_arith_v2.csv,118,arithmetic,gsm8k_test_0013,train,remove,C1_transformed,lmsys_rephrase
pairs_arith_v2.csv,119,arithmetic,gsm8k_test_0013,train,remove,C2_answer_bearing,gsm8k_solution_frag
pairs_arith_v2.csv,120,arithmetic,gsm8k_test_0013,train,remove,C1_transformed,gsmplus_problem_understanding
pairs_arith_v2.csv,121,arithmetic,gsm8k_test_0013,train,retain,H2_same_template,gsmplus_critical_thinking
pairs_arith_v2.csv,122,arithmetic,gsm8k_test_0013,train,retain,H1_same_topic,svamp
pairs_arith_v2.csv,123,arithmetic,gsm8k_test_0013,train,retain,H3_predating,asdiv
pairs_arith_v2.csv,124,arithmetic,gsm8k_test_0013,train,retain,R_random,truthfulqa
pairs_arith_v2.csv,125,arithmetic,gsm8k_test_0014,train,remove,C0_exact,gsm8k_copy
pairs_arith_v2.csv,126,arithmetic,gsm8k_test_0014,train,remove,C1_transformed,lmsys_rephrase
pairs_arith_v2.csv,127,arithmetic,gsm8k_test_0014,train,remove,C2_answer_bearing,gsm8k_solution_frag
pairs_arith_v2.csv,128,arithmetic,gsm8k_test_0014,train,retain,H2_same_template,gsmplus_numerical_substitution
pairs_arith_v2.csv,129,arithmetic,gsm8k_test_0014,train,remove,C1_transformed,gsmplus_problem_understanding
pairs_arith_v2.csv,130,arithmetic,gsm8k_test_0014,train,retain,H2_same_template,gsmplus_critical_thinking
pairs_arith_v2.csv,131,arithmetic,gsm8k_test_0014,train,retain,H1_same_topic,svamp
pairs_arith_v2.csv,132,arithmetic,gsm8k_test_0014,train,retain,H3_predating,asdiv
pairs_arith_v2.csv,133,arithmetic,gsm8k_test_0014,train,retain,R_random,truthfulqa
pairs_arith_v2.csv,134,arithmetic,gsm8k_test_0015,train,remove,C0_exact,gsm8k_copy
pairs_arith_v2.csv,135,arithmetic,gsm8k_test_0015,train,remove,C1_transformed,lmsys_rephrase
pairs_arith_v2.csv,136,arithmetic,gsm8k_test_0015,train,remove,C2_answer_bearing,gsm8k_solution_frag
pairs_arith_v2.csv,137,arithmetic,gsm8k_test_0015,train,retain,H2_same_template,gsmplus_numerical_substitution
pairs_arith_v2.csv,138,arithmetic,gsm8k_test_0015,train,remove,C1_transformed,gsmplus_problem_understanding
pairs_arith_v2.csv,139,arithmetic,gsm8k_test_0015,train,retain,H2_same_template,gsmplus_critical_thinking
pairs_arith_v2.csv,140,arithmetic,gsm8k_test_0015,train,retain,H1_same_topic,svamp
pairs_arith_v2.csv,141,arithmetic,gsm8k_test_0015,train,retain,H3_predating,asdiv
pairs_arith_v2.csv,142,arithmetic,gsm8k_test_0015,train,retain,R_random,truthfulqa
pairs_arith_v2.csv,143,arithmetic,gsm8k_test_0016,train,remove,C0_exact,gsm8k_copy
pairs_arith_v2.csv,144,arithmetic,gsm8k_test_0016,train,remove,C1_transformed,lmsys_rephrase
pairs_arith_v2.csv,145,arithmetic,gsm8k_test_0016,train,remove,C2_answer_bearing,gsm8k_solution_frag
pairs_arith_v2.csv,146,arithmetic,gsm8k_test_0016,train,retain,H2_same_template,gsmplus_numerical_substitution
pairs_arith_v2.csv,147,arithmetic,gsm8k_test_0016,train,remove,C1_transformed,gsmplus_problem_understanding
pairs_arith_v2.csv,148,arithmetic,gsm8k_test_0016,train,retain,H2_same_template,gsmplus_critical_thinking
pairs_arith_v2.csv,149,arithmetic,gsm8k_test_0016,train,retain,H1_same_topic,svamp
pairs_arith_v2.csv,150,arithmetic,gsm8k_test_0016,train,retain,H3_predating,asdiv
pairs_arith_v2.csv,151,arithmetic,gsm8k_test_0016,train,retain,R_random,truthfulqa
pairs_arith_v2.csv,161,arithmetic,gsm8k_test_0018,train,remove,C0_exact,gsm8k_copy
pairs_arith_v2.csv,162,arithmetic,gsm8k_test_0018,train,remove,C1_transformed,lmsys_rephrase
pairs_arith_v2.csv,163,arithmetic,gsm8k_test_0018,train,remove,C2_answer_bearing,gsm8k_solution_frag
pairs_arith_v2.csv,164,arithmetic,gsm8k_test_0018,train,retain,H2_same_template,gsmplus_numerical_substitution
pairs_arith_v2.csv,165,arithmetic,gsm8k_test_0018,train,remove,C1_transformed,gsmplus_problem_understanding
pairs_arith_v2.csv,166,arithmetic,gsm8k_test_0018,train,retain,H2_same_template,gsmplus_critical_thinking
pairs_arith_v2.csv,167,arithmetic,gsm8k_test_0018,train,retain,H1_same_topic,svamp
pairs_arith_v2.csv,168,arithmetic,gsm8k_test_0018,train,retain,H3_predating,asdiv
pairs_arith_v2.csv,169,arithmetic,gsm8k_test_0018,train,retain,R_random,truthfulqa
pairs_arith_v2.csv,170,arithmetic,gsm8k_test_0019,train,remove,C0_exact,gsm8k_copy
pairs_arith_v2.csv,171,arithmetic,gsm8k_test_0019,train,remove,C1_transformed,lmsys_rephrase
pairs_arith_v2.csv,172,arithmetic,gsm8k_test_0019,train,remove,C2_answer_bearing,gsm8k_solution_frag
pairs_arith_v2.csv,173,arithmetic,gsm8k_test_0019,train,retain,H2_same_template,gsmplus_numerical_substitution
pairs_arith_v2.csv,174,arithmetic,gsm8k_test_0019,train,remove,C1_transformed,gsmplus_problem_understanding
pairs_arith_v2.csv,175,arithmetic,gsm8k_test_0019,train,retain,H2_same_template,gsmplus_critical_thinking
pairs_arith_v2.csv,176,arithmetic,gsm8k_test_0019,train,retain,H1_same_topic,svamp
pairs_arith_v2.csv,177,arithmetic,gsm8k_test_0019,train,retain,H3_predating,asdiv
pairs_arith_v2.csv,178,arithmetic,gsm8k_test_0019,train,retain,R_random,truthfulqa
pairs_arith_v2.csv,188,arithmetic,gsm8k_test_0021,train,remove,C0_exact,gsm8k_copy
pairs_arith_v2.csv,189,arithmetic,gsm8k_test_0021,train,remove,C1_transformed,lmsys_rephrase
pairs_arith_v2.csv,190,arithmetic,gsm8k_test_0021,train,remove,C2_answer_bearing,gsm8k_solution_frag
pairs_arith_v2.csv,191,arithmetic,gsm8k_test_0021,train,retain,H2_same_template,gsmplus_numerical_substitution
pairs_arith_v2.csv,192,arithmetic,gsm8k_test_0021,train,remove,C1_transformed,gsmplus_problem_understanding
pairs_arith_v2.csv,193,arithmetic,gsm8k_test_0021,train,retain,H2_same_template,gsmplus_critical_thinking
pairs_arith_v2.csv,194,arithmetic,gsm8k_test_0021,train,retain,H1_same_topic,svamp
pairs_arith_v2.csv,195,arithmetic,gsm8k_test_0021,train,retain,H3_predating,asdiv
pairs_arith_v2.csv,196,arithmetic,gsm8k_test_0021,train,retain,R_random,truthfulqa
pairs_arith_v2.csv,242,arithmetic,gsm8k_test_0027,train,remove,C0_exact,gsm8k_copy
pairs_arith_v2.csv,243,arithmetic,gsm8k_test_0027,train,remove,C1_transformed,lmsys_rephrase
pairs_arith_v2.csv,244,arithmetic,gsm8k_test_0027,train,remove,C2_answer_bearing,gsm8k_solution_frag
pairs_arith_v2.csv,245,arithmetic,gsm8k_test_0027,train,retain,H2_same_template,gsmplus_numerical_substitution
pairs_arith_v2.csv,246,arithmetic,gsm8k_test_0027,train,remove,C1_transformed,gsmplus_problem_understanding
pairs_arith_v2.csv,247,arithmetic,gsm8k_test_0027,train,retain,H2_same_template,gsmplus_critical_thinking
pairs_arith_v2.csv,248,arithmetic,gsm8k_test_0027,train,retain,H1_same_topic,svamp
pairs_arith_v2.csv,249,arithmetic,gsm8k_test_0027,train,retain,H3_predating,asdiv
pairs_arith_v2.csv,250,arithmetic,gsm8k_test_0027,train,retain,R_random,truthfulqa
pairs_arith_v2.csv,251,arithmetic,gsm8k_test_0028,train,remove,C0_exact,gsm8k_copy
pairs_arith_v2.csv,252,arithmetic,gsm8k_test_0028,train,remove,C1_transformed,lmsys_rephrase
pairs_arith_v2.csv,253,arithmetic,gsm8k_test_0028,train,remove,C2_answer_bearing,gsm8k_solution_frag
pairs_arith_v2.csv,254,arithmetic,gsm8k_test_0028,train,retain,H2_same_template,gsmplus_numerical_substitution
pairs_arith_v2.csv,255,arithmetic,gsm8k_test_0028,train,remove,C1_transformed,gsmplus_problem_understanding
pairs_arith_v2.csv,256,arithmetic,gsm8k_test_0028,train,retain,H2_same_template,gsmplus_critical_thinking
pairs_arith_v2.csv,257,arithmetic,gsm8k_test_0028,train,retain,H1_same_topic,svamp
pairs_arith_v2.csv,258,arithmetic,gsm8k_test_0028,train,retain,H3_predating,asdiv
pairs_arith_v2.csv,259,arithmetic,gsm8k_test_0028,train,retain,R_random,truthfulqa
pairs_arith_v2.csv,260,arithmetic,gsm8k_test_0029,train,remove,C0_exact,gsm8k_copy
pairs_arith_v2.csv,261,arithmetic,gsm8k_test_0029,train,remove,C1_transformed,lmsys_rephrase
pairs_arith_v2.csv,262,arithmetic,gsm8k_test_0029,train,remove,C2_answer_bearing,gsm8k_solution_frag
pairs_arith_v2.csv,263,arithmetic,gsm8k_test_0029,train,retain,H2_same_template,gsmplus_numerical_substitution
pairs_arith_v2.csv,264,arithmetic,gsm8k_test_0029,train,remove,C1_transformed,gsmplus_problem_understanding
pairs_arith_v2.csv,265,arithmetic,gsm8k_test_0029,train,retain,H2_same_template,gsmplus_critical_thinking
pairs_arith_v2.csv,266,arithmetic,gsm8k_test_0029,train,retain,H1_same_topic,svamp
pairs_arith_v2.csv,267,arithmetic,gsm8k_test_0029,train,retain,H3_predating,asdiv
pairs_arith_v2.csv,268,arithmetic,gsm8k_test_0029,train,retain,R_random,truthfulqa
pairs_arith_v2.csv,278,arithmetic,gsm8k_test_0031,train,remove,C0_exact,gsm8k_copy
pairs_arith_v2.csv,279,arithmetic,gsm8k_test_0031,train,remove,C1_transformed,lmsys_rephrase
pairs_arith_v2.csv,280,arithmetic,gsm8k_test_0031,train,remove,C2_answer_bearing,gsm8k_solution_frag
pairs_arith_v2.csv,281,arithmetic,gsm8k_test_0031,train,retain,H2_same_template,gsmplus_numerical_substitution
pairs_arith_v2.csv,282,arithmetic,gsm8k_test_0031,train,remove,C1_transformed,gsmplus_problem_understanding
pairs_arith_v2.csv,283,arithmetic,gsm8k_test_0031,train,retain,H2_same_template,gsmplus_critical_thinking
pairs_arith_v2.csv,284,arithmetic,gsm8k_test_0031,train,retain,H1_same_topic,svamp
pairs_arith_v2.csv,285,arithmetic,gsm8k_test_0031,train,retain,H3_predating,asdiv
pairs_arith_v2.csv,286,arithmetic,gsm8k_test_0031,train,retain,R_random,truthfulqa
pairs_arith_v2.csv,314,arithmetic,gsm8k_test_0035,train,remove,C0_exact,gsm8k_copy
pairs_arith_v2.csv,315,arithmetic,gsm8k_test_0035,train,remove,C1_transformed,lmsys_rephrase
pairs_arith_v2.csv,316,arithmetic,gsm8k_test_0035,train,remove,C2_answer_bearing,gsm8k_solution_frag
pairs_arith_v2.csv,317,arithmetic,gsm8k_test_0035,train,retain,H2_same_template,gsmplus_numerical_substitution
pairs_arith_v2.csv,318,arithmetic,gsm8k_test_0035,train,remove,C1_transformed,gsmplus_problem_understanding
pairs_arith_v2.csv,319,arithmetic,gsm8k_test_0035,train,retain,H2_same_template,gsmplus_critical_thinking
pairs_arith_v2.csv,320,arithmetic,gsm8k_test_0035,train,retain,H1_same_topic,svamp
pairs_arith_v2.csv,321,arithmetic,gsm8k_test_0035,train,retain,H3_predating,asdiv
pairs_arith_v2.csv,322,arithmetic,gsm8k_test_0035,train,retain,R_random,truthfulqa
pairs_arith_v2.csv,332,arithmetic,gsm8k_test_0037,train,remove,C0_exact,gsm8k_copy
pairs_arith_v2.csv,333,arithmetic,gsm8k_test_0037,train,remove,C1_transformed,lmsys_rephrase
pairs_arith_v2.csv,334,arithmetic,gsm8k_test_0037,train,remove,C2_answer_bearing,gsm8k_solution_frag
pairs_arith_v2.csv,335,arithmetic,gsm8k_test_0037,train,retain,H2_same_template,gsmplus_numerical_substitution
pairs_arith_v2.csv,336,arithmetic,gsm8k_test_0037,train,remove,C1_transformed,gsmplus_problem_understanding
pairs_arith_v2.csv,337,arithmetic,gsm8k_test_0037,train,retain,H2_same_template,gsmplus_critical_thinking
pairs_arith_v2.csv,338,arithmetic,gsm8k_test_0037,train,retain,H1_same_topic,svamp
pairs_arith_v2.csv,339,arithmetic,gsm8k_test_0037,train,retain,H3_predating,asdiv
pairs_arith_v2.csv,340,arithmetic,gsm8k_test_0037,train,retain,R_random,truthfulqa
pairs_arith_v2.csv,341,arithmetic,gsm8k_test_0038,train,remove,C0_exact,gsm8k_copy
pairs_arith_v2.csv,342,arithmetic,gsm8k_test_0038,train,remove,C1_transformed,lmsys_rephrase
pairs_arith_v2.csv,343,arithmetic,gsm8k_test_0038,train,remove,C2_answer_bearing,gsm8k_solution_frag
pairs_arith_v2.csv,344,arithmetic,gsm8k_test_0038,train,retain,H2_same_template,gsmplus_numerical_substitution
pairs_arith_v2.csv,345,arithmetic,gsm8k_test_0038,train,remove,C1_transformed,gsmplus_problem_understanding
pairs_arith_v2.csv,346,arithmetic,gsm8k_test_0038,train,retain,H2_same_template,gsmplus_critical_thinking
pairs_arith_v2.csv,347,arithmetic,gsm8k_test_0038,train,retain,H1_same_topic,svamp
pairs_arith_v2.csv,348,arithmetic,gsm8k_test_0038,train,retain,H3_predating,asdiv
pairs_arith_v2.csv,349,arithmetic,gsm8k_test_0038,train,retain,R_random,truthfulqa
pairs_arith_v2.csv,350,arithmetic,gsm8k_test_0039,train,remove,C0_exact,gsm8k_copy
pairs_arith_v2.csv,351,arithmetic,gsm8k_test_0039,train,remove,C1_transformed,lmsys_rephrase
pairs_arith_v2.csv,352,arithmetic,gsm8k_test_0039,train,remove,C2_answer_bearing,gsm8k_solution_frag
pairs_arith_v2.csv,353,arithmetic,gsm8k_test_0039,train,retain,H2_same_template,gsmplus_numerical_substitution
pairs_arith_v2.csv,354,arithmetic,gsm8k_test_0039,train,remove,C1_transformed,gsmplus_problem_understanding
pairs_arith_v2.csv,355,arithmetic,gsm8k_test_0039,train,retain,H2_same_template,gsmplus_critical_thinking
pairs_arith_v2.csv,356,arithmetic,gsm8k_test_0039,train,retain,H1_same_topic,svamp
pairs_arith_v2.csv,357,arithmetic,gsm8k_test_0039,train,retain,H3_predating,asdiv
pairs_arith_v2.csv,358,arithmetic,gsm8k_test_0039,train,retain,R_random,truthfulqa
pairs_arith_v2.csv,359,arithmetic,gsm8k_test_0040,train,remove,C0_exact,gsm8k_copy
pairs_arith_v2.csv,360,arithmetic,gsm8k_test_0040,train,remove,C1_transformed,lmsys_rephrase
pairs_arith_v2.csv,361,arithmetic,gsm8k_test_0040,train,remove,C2_answer_bearing,gsm8k_solution_frag
pairs_arith_v2.csv,362,arithmetic,gsm8k_test_0040,train,retain,H2_same_template,gsmplus_numerical_substitution
pairs_arith_v2.csv,363,arithmetic,gsm8k_test_0040,train,remove,C1_transformed,gsmplus_problem_understanding
pairs_arith_v2.csv,364,arithmetic,gsm8k_test_0040,train,retain,H2_same_template,gsmplus_critical_thinking
pairs_arith_v2.csv,365,arithmetic,gsm8k_test_0040,train,retain,H1_same_topic,svamp
pairs_arith_v2.csv,366,arithmetic,gsm8k_test_0040,train,retain,H3_predating,asdiv
pairs_arith_v2.csv,367,arithmetic,gsm8k_test_0040,train,retain,R_random,truthfulqa
pairs_arith_v2.csv,413,arithmetic,gsm8k_test_0046,train,remove,C0_exact,gsm8k_copy
pairs_arith_v2.csv,414,arithmetic,gsm8k_test_0046,train,remove,C1_transformed,lmsys_rephrase
pairs_arith_v2.csv,415,arithmetic,gsm8k_test_0046,train,remove,C2_answer_bearing,gsm8k_solution_frag
pairs_arith_v2.csv,416,arithmetic,gsm8k_test_0046,train,retain,H2_same_template,gsmplus_numerical_substitution
pairs_arith_v2.csv,417,arithmetic,gsm8k_test_0046,train,remove,C1_transformed,gsmplus_problem_understanding
pairs_arith_v2.csv,418,arithmetic,gsm8k_test_0046,train,retain,H2_same_template,gsmplus_critical_thinking
pairs_arith_v2.csv,419,arithmetic,gsm8k_test_0046,train,retain,H1_same_topic,svamp
pairs_arith_v2.csv,420,arithmetic,gsm8k_test_0046,train,retain,H3_predating,asdiv
pairs_arith_v2.csv,421,arithmetic,gsm8k_test_0046,train,retain,R_random,truthfulqa
pairs_arith_v2.csv,431,arithmetic,gsm8k_test_0048,train,remove,C0_exact,gsm8k_copy
pairs_arith_v2.csv,432,arithmetic,gsm8k_test_0048,train,remove,C1_transformed,lmsys_rephrase
pairs_arith_v2.csv,433,arithmetic,gsm8k_test_0048,train,remove,C2_answer_bearing,gsm8k_solution_frag
pairs_arith_v2.csv,434,arithmetic,gsm8k_test_0048,train,retain,H2_same_template,gsmplus_numerical_substitution
pairs_arith_v2.csv,435,arithmetic,gsm8k_test_0048,train,remove,C1_transformed,gsmplus_problem_understanding
pairs_arith_v2.csv,436,arithmetic,gsm8k_test_0048,train,retain,H2_same_template,gsmplus_critical_thinking
pairs_arith_v2.csv,437,arithmetic,gsm8k_test_0048,train,retain,H1_same_topic,svamp
pairs_arith_v2.csv,438,arithmetic,gsm8k_test_0048,train,retain,H3_predating,asdiv
pairs_arith_v2.csv,439,arithmetic,gsm8k_test_0048,train,retain,R_random,truthfulqa
pairs_arith_v2.csv,458,arithmetic,gsm8k_test_0051,train,remove,C0_exact,gsm8k_copy
pairs_arith_v2.csv,459,arithmetic,gsm8k_test_0051,train,remove,C1_transformed,lmsys_rephrase
pairs_arith_v2.csv,460,arithmetic,gsm8k_test_0051,train,remove,C2_answer_bearing,gsm8k_solution_frag
pairs_arith_v2.csv,461,arithmetic,gsm8k_test_0051,train,remove,C1_transformed,gsmplus_problem_understanding
pairs_arith_v2.csv,462,arithmetic,gsm8k_test_0051,train,retain,H2_same_template,gsmplus_critical_thinking
pairs_arith_v2.csv,463,arithmetic,gsm8k_test_0051,train,retain,H1_same_topic,svamp
pairs_arith_v2.csv,464,arithmetic,gsm8k_test_0051,train,retain,H3_predating,asdiv
pairs_arith_v2.csv,465,arithmetic,gsm8k_test_0051,train,retain,R_random,truthfulqa
pairs_arith_v2.csv,466,arithmetic,gsm8k_test_0052,train,remove,C0_exact,gsm8k_copy
pairs_arith_v2.csv,467,arithmetic,gsm8k_test_0052,train,remove,C1_transformed,lmsys_rephrase
pairs_arith_v2.csv,468,arithmetic,gsm8k_test_0052,train,remove,C2_answer_bearing,gsm8k_solution_frag
pairs_arith_v2.csv,469,arithmetic,gsm8k_test_0052,train,retain,H2_same_template,gsmplus_numerical_substitution
pairs_arith_v2.csv,470,arithmetic,gsm8k_test_0052,train,remove,C1_transformed,gsmplus_problem_understanding
pairs_arith_v2.csv,471,arithmetic,gsm8k_test_0052,train,retain,H2_same_template,gsmplus_critical_thinking
pairs_arith_v2.csv,472,arithmetic,gsm8k_test_0052,train,retain,H1_same_topic,svamp
pairs_arith_v2.csv,473,arithmetic,gsm8k_test_0052,train,retain,H3_predating,asdiv
pairs_arith_v2.csv,474,arithmetic,gsm8k_test_0052,train,retain,R_random,truthfulqa
pairs_arith_v2.csv,484,arithmetic,gsm8k_test_0054,train,remove,C0_exact,gsm8k_copy
pairs_arith_v2.csv,485,arithmetic,gsm8k_test_0054,train,remove,C1_transformed,lmsys_rephrase
pairs_arith_v2.csv,486,arithmetic,gsm8k_test_0054,train,remove,C2_answer_bearing,gsm8k_solution_frag
pairs_arith_v2.csv,487,arithmetic,gsm8k_test_0054,train,retain,H2_same_template,gsmplus_numerical_substitution
pairs_arith_v2.csv,488,arithmetic,gsm8k_test_0054,train,remove,C1_transformed,gsmplus_problem_understanding
pairs_arith_v2.csv,489,arithmetic,gsm8k_test_0054,train,retain,H2_same_template,gsmplus_critical_thinking
pairs_arith_v2.csv,490,arithmetic,gsm8k_test_0054,train,retain,H1_same_topic,svamp
pairs_arith_v2.csv,491,arithmetic,gsm8k_test_0054,train,retain,H3_predating,asdiv
pairs_arith_v2.csv,492,arithmetic,gsm8k_test_0054,train,retain,R_random,truthfulqa
pairs_arith_v2.csv,537,arithmetic,gsm8k_test_0060,train,remove,C0_exact,gsm8k_copy
pairs_arith_v2.csv,538,arithmetic,gsm8k_test_0060,train,remove,C1_transformed,lmsys_rephrase
pairs_arith_v2.csv,539,arithmetic,gsm8k_test_0060,train,remove,C2_answer_bearing,gsm8k_solution_frag
pairs_arith_v2.csv,540,arithmetic,gsm8k_test_0060,train,retain,H2_same_template,gsmplus_numerical_substitution
pairs_arith_v2.csv,541,arithmetic,gsm8k_test_0060,train,remove,C1_transformed,gsmplus_problem_understanding
pairs_arith_v2.csv,542,arithmetic,gsm8k_test_0060,train,retain,H2_same_template,gsmplus_critical_thinking
pairs_arith_v2.csv,543,arithmetic,gsm8k_test_0060,train,retain,H1_same_topic,svamp
pairs_arith_v2.csv,544,arithmetic,gsm8k_test_0060,train,retain,H3_predating,asdiv
pairs_arith_v2.csv,545,arithmetic,gsm8k_test_0060,train,retain,R_random,truthfulqa
pairs_arith_v2.csv,546,arithmetic,gsm8k_test_0061,train,remove,C0_exact,gsm8k_copy
pairs_arith_v2.csv,547,arithmetic,gsm8k_test_0061,train,remove,C1_transformed,lmsys_rephrase
pairs_arith_v2.csv,548,arithmetic,gsm8k_test_0061,train,remove,C2_answer_bearing,gsm8k_solution_frag
pairs_arith_v2.csv,549,arithmetic,gsm8k_test_0061,train,retain,H2_same_template,gsmplus_numerical_substitution
pairs_arith_v2.csv,550,arithmetic,gsm8k_test_0061,train,remove,C1_transformed,gsmplus_problem_understanding
pairs_arith_v2.csv,551,arithmetic,gsm8k_test_0061,train,retain,H2_same_template,gsmplus_critical_thinking
pairs_arith_v2.csv,552,arithmetic,gsm8k_test_0061,train,retain,H1_same_topic,svamp
pairs_arith_v2.csv,553,arithmetic,gsm8k_test_0061,train,retain,H3_predating,asdiv
pairs_arith_v2.csv,554,arithmetic,gsm8k_test_0061,train,retain,R_random,truthfulqa
pairs_arith_v2.csv,555,arithmetic,gsm8k_test_0062,train,remove,C0_exact,gsm8k_copy
pairs_arith_v2.csv,556,arithmetic,gsm8k_test_0062,train,remove,C1_transformed,lmsys_rephrase
pairs_arith_v2.csv,557,arithmetic,gsm8k_test_0062,train,remove,C2_answer_bearing,gsm8k_solution_frag
pairs_arith_v2.csv,558,arithmetic,gsm8k_test_0062,train,retain,H2_same_template,gsmplus_numerical_substitution
pairs_arith_v2.csv,559,arithmetic,gsm8k_test_0062,train,remove,C1_transformed,gsmplus_problem_understanding
pairs_arith_v2.csv,560,arithmetic,gsm8k_test_0062,train,retain,H2_same_template,gsmplus_critical_thinking
pairs_arith_v2.csv,561,arithmetic,gsm8k_test_0062,train,retain,H1_same_topic,svamp
pairs_arith_v2.csv,562,arithmetic,gsm8k_test_0062,train,retain,H3_predating,asdiv
pairs_arith_v2.csv,563,arithmetic,gsm8k_test_0062,train,retain,R_random,truthfulqa
pairs_arith_v2.csv,564,arithmetic,gsm8k_test_0063,train,remove,C0_exact,gsm8k_copy
pairs_arith_v2.csv,565,arithmetic,gsm8k_test_0063,train,remove,C1_transformed,lmsys_rephrase
pairs_arith_v2.csv,566,arithmetic,gsm8k_test_0063,train,remove,C2_answer_bearing,gsm8k_solution_frag
pairs_arith_v2.csv,567,arithmetic,gsm8k_test_0063,train,retain,H2_same_template,gsmplus_numerical_substitution
pairs_arith_v2.csv,568,arithmetic,gsm8k_test_0063,train,remove,C1_transformed,gsmplus_problem_understanding
pairs_arith_v2.csv,569,arithmetic,gsm8k_test_0063,train,retain,H2_same_template,gsmplus_critical_thinking
pairs_arith_v2.csv,570,arithmetic,gsm8k_test_0063,train,retain,H1_same_topic,svamp
pairs_arith_v2.csv,571,arithmetic,gsm8k_test_0063,train,retain,H3_predating,asdiv
pairs_arith_v2.csv,572,arithmetic,gsm8k_test_0063,train,retain,R_random,truthfulqa
pairs_arith_v2.csv,591,arithmetic,gsm8k_test_0066,train,remove,C0_exact,gsm8k_copy
pairs_arith_v2.csv,592,arithmetic,gsm8k_test_0066,train,remove,C1_transformed,lmsys_rephrase
pairs_arith_v2.csv,593,arithmetic,gsm8k_test_0066,train,remove,C2_answer_bearing,gsm8k_solution_frag
pairs_arith_v2.csv,594,arithmetic,gsm8k_test_0066,train,retain,H2_same_template,gsmplus_numerical_substitution
pairs_arith_v2.csv,595,arithmetic,gsm8k_test_0066,train,remove,C1_transformed,gsmplus_problem_understanding
pairs_arith_v2.csv,596,arithmetic,gsm8k_test_0066,train,retain,H2_same_template,gsmplus_critical_thinking
pairs_arith_v2.csv,597,arithmetic,gsm8k_test_0066,train,retain,H1_same_topic,svamp
pairs_arith_v2.csv,598,arithmetic,gsm8k_test_0066,train,retain,H3_predating,asdiv
pairs_arith_v2.csv,599,arithmetic,gsm8k_test_0066,train,retain,R_random,truthfulqa
pairs_arith_v2.csv,618,arithmetic,gsm8k_test_0069,train,remove,C0_exact,gsm8k_copy
pairs_arith_v2.csv,619,arithmetic,gsm8k_test_0069,train,remove,C1_transformed,lmsys_rephrase
pairs_arith_v2.csv,620,arithmetic,gsm8k_test_0069,train,remove,C2_answer_bearing,gsm8k_solution_frag
pairs_arith_v2.csv,621,arithmetic,gsm8k_test_0069,train,retain,H2_same_template,gsmplus_numerical_substitution
pairs_arith_v2.csv,622,arithmetic,gsm8k_test_0069,train,remove,C1_transformed,gsmplus_problem_understanding
pairs_arith_v2.csv,623,arithmetic,gsm8k_test_0069,train,retain,H2_same_template,gsmplus_critical_thinking
pairs_arith_v2.csv,624,arithmetic,gsm8k_test_0069,train,retain,H1_same_topic,svamp
pairs_arith_v2.csv,625,arithmetic,gsm8k_test_0069,train,retain,H3_predating,asdiv
pairs_arith_v2.csv,626,arithmetic,gsm8k_test_0069,train,retain,R_random,truthfulqa
pairs_arith_v2.csv,645,arithmetic,gsm8k_test_0072,train,remove,C0_exact,gsm8k_copy
pairs_arith_v2.csv,646,arithmetic,gsm8k_test_0072,train,remove,C1_transformed,lmsys_rephrase
pairs_arith_v2.csv,647,arithmetic,gsm8k_test_0072,train,remove,C2_answer_bearing,gsm8k_solution_frag
pairs_arith_v2.csv,648,arithmetic,gsm8k_test_0072,train,retain,H2_same_template,gsmplus_numerical_substitution
pairs_arith_v2.csv,649,arithmetic,gsm8k_test_0072,train,remove,C1_transformed,gsmplus_problem_understanding
pairs_arith_v2.csv,650,arithmetic,gsm8k_test_0072,train,retain,H2_same_template,gsmplus_critical_thinking
pairs_arith_v2.csv,651,arithmetic,gsm8k_test_0072,train,retain,H1_same_topic,svamp
pairs_arith_v2.csv,652,arithmetic,gsm8k_test_0072,train,retain,H3_predating,asdiv
pairs_arith_v2.csv,653,arithmetic,gsm8k_test_0072,train,retain,R_random,truthfulqa
pairs_arith_v2.csv,654,arithmetic,gsm8k_test_0073,train,remove,C0_exact,gsm8k_copy
pairs_arith_v2.csv,655,arithmetic,gsm8k_test_0073,train,remove,C1_transformed,lmsys_rephrase
pairs_arith_v2.csv,656,arithmetic,gsm8k_test_0073,train,remove,C2_answer_bearing,gsm8k_solution_frag
pairs_arith_v2.csv,657,arithmetic,gsm8k_test_0073,train,retain,H2_same_template,gsmplus_numerical_substitution
pairs_arith_v2.csv,658,arithmetic,gsm8k_test_0073,train,remove,C1_transformed,gsmplus_problem_understanding
pairs_arith_v2.csv,659,arithmetic,gsm8k_test_0073,train,retain,H2_same_template,gsmplus_critical_thinking
pairs_arith_v2.csv,660,arithmetic,gsm8k_test_0073,train,retain,H1_same_topic,svamp
pairs_arith_v2.csv,661,arithmetic,gsm8k_test_0073,train,retain,H3_predating,asdiv
pairs_arith_v2.csv,662,arithmetic,gsm8k_test_0073,train,retain,R_random,truthfulqa
pairs_arith_v2.csv,663,arithmetic,gsm8k_test_0074,train,remove,C0_exact,gsm8k_copy
pairs_arith_v2.csv,664,arithmetic,gsm8k_test_0074,train,remove,C1_transformed,lmsys_rephrase
pairs_arith_v2.csv,665,arithmetic,gsm8k_test_0074,train,remove,C2_answer_bearing,gsm8k_solution_frag
pairs_arith_v2.csv,666,arithmetic,gsm8k_test_0074,train,retain,H2_same_template,gsmplus_numerical_substitution
pairs_arith_v2.csv,667,arithmetic,gsm8k_test_0074,train,remove,C1_transformed,gsmplus_problem_understanding
pairs_arith_v2.csv,668,arithmetic,gsm8k_test_0074,train,retain,H2_same_template,gsmplus_critical_thinking
pairs_arith_v2.csv,669,arithmetic,gsm8k_test_0074,train,retain,H1_same_topic,svamp
pairs_arith_v2.csv,670,arithmetic,gsm8k_test_0074,train,retain,H3_predating,asdiv
pairs_arith_v2.csv,671,arithmetic,gsm8k_test_0074,train,retain,R_random,truthfulqa
pairs_arith_v2.csv,690,arithmetic,gsm8k_test_0077,train,remove,C0_exact,gsm8k_copy
pairs_arith_v2.csv,691,arithmetic,gsm8k_test_0077,train,remove,C1_transformed,lmsys_rephrase
pairs_arith_v2.csv,692,arithmetic,gsm8k_test_0077,train,remove,C2_answer_bearing,gsm8k_solution_frag
pairs_arith_v2.csv,693,arithmetic,gsm8k_test_0077,train,retain,H2_same_template,gsmplus_numerical_substitution
pairs_arith_v2.csv,694,arithmetic,gsm8k_test_0077,train,remove,C1_transformed,gsmplus_problem_understanding
pairs_arith_v2.csv,695,arithmetic,gsm8k_test_0077,train,retain,H2_same_template,gsmplus_critical_thinking
pairs_arith_v2.csv,696,arithmetic,gsm8k_test_0077,train,retain,H1_same_topic,svamp
pairs_arith_v2.csv,697,arithmetic,gsm8k_test_0077,train,retain,H3_predating,asdiv
pairs_arith_v2.csv,698,arithmetic,gsm8k_test_0077,train,retain,R_random,truthfulqa
pairs_arith_v2.csv,726,arithmetic,gsm8k_test_0081,train,remove,C0_exact,gsm8k_copy
pairs_arith_v2.csv,727,arithmetic,gsm8k_test_0081,train,remove,C1_transformed,lmsys_rephrase
pairs_arith_v2.csv,728,arithmetic,gsm8k_test_0081,train,remove,C2_answer_bearing,gsm8k_solution_frag
pairs_arith_v2.csv,729,arithmetic,gsm8k_test_0081,train,retain,H2_same_template,gsmplus_numerical_substitution
pairs_arith_v2.csv,730,arithmetic,gsm8k_test_0081,train,remove,C1_transformed,gsmplus_problem_understanding
pairs_arith_v2.csv,731,arithmetic,gsm8k_test_0081,train,retain,H2_same_template,gsmplus_critical_thinking
pairs_arith_v2.csv,732,arithmetic,gsm8k_test_0081,train,retain,H1_same_topic,svamp
pairs_arith_v2.csv,733,arithmetic,gsm8k_test_0081,train,retain,H3_predating,asdiv
pairs_arith_v2.csv,734,arithmetic,gsm8k_test_0081,train,retain,R_random,truthfulqa
pairs_arith_v2.csv,735,arithmetic,gsm8k_test_0082,train,remove,C0_exact,gsm8k_copy
pairs_arith_v2.csv,736,arithmetic,gsm8k_test_0082,train,remove,C1_transformed,lmsys_rephrase
pairs_arith_v2.csv,737,arithmetic,gsm8k_test_0082,train,remove,C2_answer_bearing,gsm8k_solution_frag
pairs_arith_v2.csv,738,arithmetic,gsm8k_test_0082,train,retain,H2_same_template,gsmplus_numerical_substitution
pairs_arith_v2.csv,739,arithmetic,gsm8k_test_0082,train,remove,C1_transformed,gsmplus_problem_understanding
pairs_arith_v2.csv,740,arithmetic,gsm8k_test_0082,train,retain,H2_same_template,gsmplus_critical_thinking
pairs_arith_v2.csv,741,arithmetic,gsm8k_test_0082,train,retain,H1_same_topic,svamp
pairs_arith_v2.csv,742,arithmetic,gsm8k_test_0082,train,retain,H3_predating,asdiv
pairs_arith_v2.csv,743,arithmetic,gsm8k_test_0082,train,retain,R_random,truthfulqa
pairs_arith_v2.csv,780,arithmetic,gsm8k_test_0087,train,remove,C0_exact,gsm8k_copy
pairs_arith_v2.csv,781,arithmetic,gsm8k_test_0087,train,remove,C1_transformed,lmsys_rephrase
pairs_arith_v2.csv,782,arithmetic,gsm8k_test_0087,train,remove,C2_answer_bearing,gsm8k_solution_frag
pairs_arith_v2.csv,783,arithmetic,gsm8k_test_0087,train,retain,H2_same_template,gsmplus_numerical_substitution
pairs_arith_v2.csv,784,arithmetic,gsm8k_test_0087,train,remove,C1_transformed,gsmplus_problem_understanding
pairs_arith_v2.csv,785,arithmetic,gsm8k_test_0087,train,retain,H2_same_template,gsmplus_critical_thinking
pairs_arith_v2.csv,786,arithmetic,gsm8k_test_0087,train,retain,H1_same_topic,svamp
pairs_arith_v2.csv,787,arithmetic,gsm8k_test_0087,train,retain,H3_predating,asdiv
pairs_arith_v2.csv,788,arithmetic,gsm8k_test_0087,train,retain,R_random,truthfulqa
pairs_arith_v2.csv,843,arithmetic,gsm8k_test_0094,train,remove,C0_exact,gsm8k_copy
pairs_arith_v2.csv,844,arithmetic,gsm8k_test_0094,train,remove,C1_transformed,lmsys_rephrase
pairs_arith_v2.csv,845,arithmetic,gsm8k_test_0094,train,remove,C2_answer_bearing,gsm8k_solution_frag
pairs_arith_v2.csv,846,arithmetic,gsm8k_test_0094,train,retain,H2_same_template,gsmplus_numerical_substitution
pairs_arith_v2.csv,847,arithmetic,gsm8k_test_0094,train,remove,C1_transformed,gsmplus_problem_understanding
pairs_arith_v2.csv,848,arithmetic,gsm8k_test_0094,train,retain,H2_same_template,gsmplus_critical_thinking
pairs_arith_v2.csv,849,arithmetic,gsm8k_test_0094,train,retain,H1_same_topic,svamp
pairs_arith_v2.csv,850,arithmetic,gsm8k_test_0094,train,retain,H3_predating,asdiv
pairs_arith_v2.csv,851,arithmetic,gsm8k_test_0094,train,retain,R_random,truthfulqa
pairs_arith_v2.csv,870,arithmetic,gsm8k_test_0097,train,remove,C0_exact,gsm8k_copy
pairs_arith_v2.csv,871,arithmetic,gsm8k_test_0097,train,remove,C1_transformed,lmsys_rephrase
pairs_arith_v2.csv,872,arithmetic,gsm8k_test_0097,train,remove,C2_answer_bearing,gsm8k_solution_frag
pairs_arith_v2.csv,873,arithmetic,gsm8k_test_0097,train,retain,H2_same_template,gsmplus_numerical_substitution
pairs_arith_v2.csv,874,arithmetic,gsm8k_test_0097,train,remove,C1_transformed,gsmplus_problem_understanding
pairs_arith_v2.csv,875,arithmetic,gsm8k_test_0097,train,retain,H2_same_template,gsmplus_critical_thinking
pairs_arith_v2.csv,876,arithmetic,gsm8k_test_0097,train,retain,H1_same_topic,svamp
pairs_arith_v2.csv,877,arithmetic,gsm8k_test_0097,train,retain,H3_predating,asdiv
pairs_arith_v2.csv,878,arithmetic,gsm8k_test_0097,train,retain,R_random,truthfulqa
pairs_arith_v2.csv,905,arithmetic,gsm8k_test_0101,train,remove,C0_exact,gsm8k_copy
pairs_arith_v2.csv,906,arithmetic,gsm8k_test_0101,train,remove,C1_transformed,lmsys_rephrase
pairs_arith_v2.csv,907,arithmetic,gsm8k_test_0101,train,remove,C2_answer_bearing,gsm8k_solution_frag
pairs_arith_v2.csv,908,arithmetic,gsm8k_test_0101,train,retain,H2_same_template,gsmplus_numerical_substitution
pairs_arith_v2.csv,909,arithmetic,gsm8k_test_0101,train,remove,C1_transformed,gsmplus_problem_understanding
pairs_arith_v2.csv,910,arithmetic,gsm8k_test_0101,train,retain,H2_same_template,gsmplus_critical_thinking
pairs_arith_v2.csv,911,arithmetic,gsm8k_test_0101,train,retain,H1_same_topic,svamp
pairs_arith_v2.csv,912,arithmetic,gsm8k_test_0101,train,retain,H3_predating,asdiv
pairs_arith_v2.csv,913,arithmetic,gsm8k_test_0101,train,retain,R_random,truthfulqa
pairs_arith_v2.csv,914,arithmetic,gsm8k_test_0102,train,remove,C0_exact,gsm8k_copy
pairs_arith_v2.csv,915,arithmetic,gsm8k_test_0102,train,remove,C1_transformed,lmsys_rephrase
pairs_arith_v2.csv,916,arithmetic,gsm8k_test_0102,train,remove,C2_answer_bearing,gsm8k_solution_frag
pairs_arith_v2.csv,917,arithmetic,gsm8k_test_0102,train,retain,H2_same_template,gsmplus_numerical_substitution
pairs_arith_v2.csv,918,arithmetic,gsm8k_test_0102,train,remove,C1_transformed,gsmplus_problem_understanding
pairs_arith_v2.csv,919,arithmetic,gsm8k_test_0102,train,retain,H2_same_template,gsmplus_critical_thinking
pairs_arith_v2.csv,920,arithmetic,gsm8k_test_0102,train,retain,H1_same_topic,svamp
pairs_arith_v2.csv,921,arithmetic,gsm8k_test_0102,train,retain,H3_predating,asdiv
pairs_arith_v2.csv,922,arithmetic,gsm8k_test_0102,train,retain,R_random,truthfulqa
pairs_arith_v2.csv,923,arithmetic,gsm8k_test_0103,train,remove,C0_exact,gsm8k_copy
pairs_arith_v2.csv,924,arithmetic,gsm8k_test_0103,train,remove,C1_transformed,lmsys_rephrase
pairs_arith_v2.csv,925,arithmetic,gsm8k_test_0103,train,remove,C2_answer_bearing,gsm8k_solution_frag
pairs_arith_v2.csv,926,arithmetic,gsm8k_test_0103,train,retain,H2_same_template,gsmplus_numerical_substitution
pairs_arith_v2.csv,927,arithmetic,gsm8k_test_0103,train,remove,C1_transformed,gsmplus_problem_understanding
pairs_arith_v2.csv,928,arithmetic,gsm8k_test_0103,train,retain,H2_same_template,gsmplus_critical_thinking
pairs_arith_v2.csv,929,arithmetic,gsm8k_test_0103,train,retain,H1_same_topic,svamp
pairs_arith_v2.csv,930,arithmetic,gsm8k_test_0103,train,retain,H3_predating,asdiv
pairs_arith_v2.csv,931,arithmetic,gsm8k_test_0103,train,retain,R_random,truthfulqa
pairs_arith_v2.csv,959,arithmetic,gsm8k_test_0107,train,remove,C0_exact,gsm8k_copy
pairs_arith_v2.csv,960,arithmetic,gsm8k_test_0107,train,remove,C1_transformed,lmsys_rephrase
pairs_arith_v2.csv,961,arithmetic,gsm8k_test_0107,train,remove,C2_answer_bearing,gsm8k_solution_frag
pairs_arith_v2.csv,962,arithmetic,gsm8k_test_0107,train,retain,H2_same_template,gsmplus_numerical_substitution
pairs_arith_v2.csv,963,arithmetic,gsm8k_test_0107,train,remove,C1_transformed,gsmplus_problem_understanding
pairs_arith_v2.csv,964,arithmetic,gsm8k_test_0107,train,retain,H2_same_template,gsmplus_critical_thinking
pairs_arith_v2.csv,965,arithmetic,gsm8k_test_0107,train,retain,H1_same_topic,svamp
pairs_arith_v2.csv,966,arithmetic,gsm8k_test_0107,train,retain,H3_predating,asdiv
pairs_arith_v2.csv,967,arithmetic,gsm8k_test_0107,train,retain,R_random,truthfulqa
pairs_arith_v2.csv,968,arithmetic,gsm8k_test_0108,train,remove,C0_exact,gsm8k_copy
pairs_arith_v2.csv,969,arithmetic,gsm8k_test_0108,train,remove,C1_transformed,lmsys_rephrase
pairs_arith_v2.csv,970,arithmetic,gsm8k_test_0108,train,remove,C2_answer_bearing,gsm8k_solution_frag
pairs_arith_v2.csv,971,arithmetic,gsm8k_test_0108,train,retain,H2_same_template,gsmplus_numerical_substitution
pairs_arith_v2.csv,972,arithmetic,gsm8k_test_0108,train,remove,C1_transformed,gsmplus_problem_understanding
pairs_arith_v2.csv,973,arithmetic,gsm8k_test_0108,train,retain,H2_same_template,gsmplus_critical_thinking
pairs_arith_v2.csv,974,arithmetic,gsm8k_test_0108,train,retain,H1_same_topic,svamp
pairs_arith_v2.csv,975,arithmetic,gsm8k_test_0108,train,retain,H3_predating,asdiv
pairs_arith_v2.csv,976,arithmetic,gsm8k_test_0108,train,retain,R_random,truthfulqa
pairs_arith_v2.csv,977,arithmetic,gsm8k_test_0109,train,remove,C0_exact,gsm8k_copy
pairs_arith_v2.csv,978,arithmetic,gsm8k_test_0109,train,remove,C1_transformed,lmsys_rephrase
pairs_arith_v2.csv,979,arithmetic,gsm8k_test_0109,train,remove,C2_answer_bearing,gsm8k_solution_frag
pairs_arith_v2.csv,980,arithmetic,gsm8k_test_0109,train,retain,H2_same_template,gsmplus_numerical_substitution
pairs_arith_v2.csv,981,arithmetic,gsm8k_test_0109,train,remove,C1_transformed,gsmplus_problem_understanding
pairs_arith_v2.csv,982,arithmetic,gsm8k_test_0109,train,retain,H2_same_template,gsmplus_critical_thinking
pairs_arith_v2.csv,983,arithmetic,gsm8k_test_0109,train,retain,H1_same_topic,svamp
pairs_arith_v2.csv,984,arithmetic,gsm8k_test_0109,train,retain,H3_predating,asdiv
pairs_arith_v2.csv,985,arithmetic,gsm8k_test_0109,train,retain,R_random,truthfulqa
pairs_arith_v2.csv,986,arithmetic,gsm8k_test_0110,train,remove,C0_exact,gsm8k_copy
pairs_arith_v2.csv,987,arithmetic,gsm8k_test_0110,train,remove,C1_transformed,lmsys_rephrase
pairs_arith_v2.csv,988,arithmetic,gsm8k_test_0110,train,remove,C2_answer_bearing,gsm8k_solution_frag
pairs_arith_v2.csv,989,arithmetic,gsm8k_test_0110,train,retain,H2_same_template,gsmplus_numerical_substitution
pairs_arith_v2.csv,990,arithmetic,gsm8k_test_0110,train,remove,C1_transformed,gsmplus_problem_understanding
pairs_arith_v2.csv,991,arithmetic,gsm8k_test_0110,train,retain,H2_same_template,gsmplus_critical_thinking
pairs_arith_v2.csv,992,arithmetic,gsm8k_test_0110,train,retain,H1_same_topic,svamp
pairs_arith_v2.csv,993,arithmetic,gsm8k_test_0110,train,retain,H3_predating,asdiv
pairs_arith_v2.csv,994,arithmetic,gsm8k_test_0110,train,retain,R_random,truthfulqa
pairs_arith_v2.csv,1004,arithmetic,gsm8k_test_0112,train,remove,C0_exact,gsm8k_copy
pairs_arith_v2.csv,1005,arithmetic,gsm8k_test_0112,train,remove,C1_transformed,lmsys_rephrase
pairs_arith_v2.csv,1006,arithmetic,gsm8k_test_0112,train,remove,C2_answer_bearing,gsm8k_solution_frag
pairs_arith_v2.csv,1007,arithmetic,gsm8k_test_0112,train,retain,H2_same_template,gsmplus_numerical_substitution
pairs_arith_v2.csv,1008,arithmetic,gsm8k_test_0112,train,remove,C1_transformed,gsmplus_problem_understanding
pairs_arith_v2.csv,1009,arithmetic,gsm8k_test_0112,train,retain,H2_same_template,gsmplus_critical_thinking
pairs_arith_v2.csv,1010,arithmetic,gsm8k_test_0112,train,retain,H1_same_topic,svamp
pairs_arith_v2.csv,1011,arithmetic,gsm8k_test_0112,train,retain,H3_predating,asdiv
pairs_arith_v2.csv,1012,arithmetic,gsm8k_test_0112,train,retain,R_random,truthfulqa
pairs_arith_v2.csv,1013,arithmetic,gsm8k_test_0113,train,remove,C0_exact,gsm8k_copy
pairs_arith_v2.csv,1014,arithmetic,gsm8k_test_0113,train,remove,C1_transformed,lmsys_rephrase
pairs_arith_v2.csv,1015,arithmetic,gsm8k_test_0113,train,remove,C2_answer_bearing,gsm8k_solution_frag
pairs_arith_v2.csv,1016,arithmetic,gsm8k_test_0113,train,retain,H2_same_template,gsmplus_numerical_substitution
pairs_arith_v2.csv,1017,arithmetic,gsm8k_test_0113,train,remove,C1_transformed,gsmplus_problem_understanding
pairs_arith_v2.csv,1018,arithmetic,gsm8k_test_0113,train,retain,H2_same_template,gsmplus_critical_thinking
pairs_arith_v2.csv,1019,arithmetic,gsm8k_test_0113,train,retain,H1_same_topic,svamp
pairs_arith_v2.csv,1020,arithmetic,gsm8k_test_0113,train,retain,H3_predating,asdiv
pairs_arith_v2.csv,1021,arithmetic,gsm8k_test_0113,train,retain,R_random,truthfulqa
pairs_arith_v2.csv,1022,arithmetic,gsm8k_test_0114,train,remove,C0_exact,gsm8k_copy
pairs_arith_v2.csv,1023,arithmetic,gsm8k_test_0114,train,remove,C1_transformed,lmsys_rephrase
pairs_arith_v2.csv,1024,arithmetic,gsm8k_test_0114,train,remove,C2_answer_bearing,gsm8k_solution_frag
pairs_arith_v2.csv,1025,arithmetic,gsm8k_test_0114,train,retain,H2_same_template,gsmplus_numerical_substitution
pairs_arith_v2.csv,1026,arithmetic,gsm8k_test_0114,train,remove,C1_transformed,gsmplus_problem_understanding
pairs_arith_v2.csv,1027,arithmetic,gsm8k_test_0114,train,retain,H2_same_template,gsmplus_critical_thinking
pairs_arith_v2.csv,1028,arithmetic,gsm8k_test_0114,train,retain,H1_same_topic,svamp
pairs_arith_v2.csv,1029,arithmetic,gsm8k_test_0114,train,retain,H3_predating,asdiv
pairs_arith_v2.csv,1030,arithmetic,gsm8k_test_0114,train,retain,R_random,truthfulqa
pairs_arith_v2.csv,1040,arithmetic,gsm8k_test_0116,train,remove,C0_exact,gsm8k_copy
pairs_arith_v2.csv,1041,arithmetic,gsm8k_test_0116,train,remove,C1_transformed,lmsys_rephrase
pairs_arith_v2.csv,1042,arithmetic,gsm8k_test_0116,train,remove,C2_answer_bearing,gsm8k_solution_frag
pairs_arith_v2.csv,1043,arithmetic,gsm8k_test_0116,train,retain,H2_same_template,gsmplus_numerical_substitution
pairs_arith_v2.csv,1044,arithmetic,gsm8k_test_0116,train,remove,C1_transformed,gsmplus_problem_understanding
pairs_arith_v2.csv,1045,arithmetic,gsm8k_test_0116,train,retain,H2_same_template,gsmplus_critical_thinking
pairs_arith_v2.csv,1046,arithmetic,gsm8k_test_0116,train,retain,H1_same_topic,svamp
pairs_arith_v2.csv,1047,arithmetic,gsm8k_test_0116,train,retain,H3_predating,asdiv
pairs_arith_v2.csv,1048,arithmetic,gsm8k_test_0116,train,retain,R_random,truthfulqa
pairs_arith_v2.csv,1085,arithmetic,gsm8k_test_0121,train,remove,C0_exact,gsm8k_copy
pairs_arith_v2.csv,1086,arithmetic,gsm8k_test_0121,train,remove,C1_transformed,lmsys_rephrase
pairs_arith_v2.csv,1087,arithmetic,gsm8k_test_0121,train,remove,C2_answer_bearing,gsm8k_solution_frag
pairs_arith_v2.csv,1088,arithmetic,gsm8k_test_0121,train,retain,H2_same_template,gsmplus_numerical_substitution
pairs_arith_v2.csv,1089,arithmetic,gsm8k_test_0121,train,remove,C1_transformed,gsmplus_problem_understanding
pairs_arith_v2.csv,1090,arithmetic,gsm8k_test_0121,train,retain,H2_same_template,gsmplus_critical_thinking
pairs_arith_v2.csv,1091,arithmetic,gsm8k_test_0121,train,retain,H1_same_topic,svamp
pairs_arith_v2.csv,1092,arithmetic,gsm8k_test_0121,train,retain,H3_predating,asdiv
pairs_arith_v2.csv,1093,arithmetic,gsm8k_test_0121,train,retain,R_random,truthfulqa
pairs_arith_v2.csv,1094,arithmetic,gsm8k_test_0122,train,remove,C0_exact,gsm8k_copy
pairs_arith_v2.csv,1095,arithmetic,gsm8k_test_0122,train,remove,C1_transformed,lmsys_rephrase
pairs_arith_v2.csv,1096,arithmetic,gsm8k_test_0122,train,remove,C2_answer_bearing,gsm8k_solution_frag
pairs_arith_v2.csv,1097,arithmetic,gsm8k_test_0122,train,retain,H2_same_template,gsmplus_numerical_substitution
pairs_arith_v2.csv,1098,arithmetic,gsm8k_test_0122,train,remove,C1_transformed,gsmplus_problem_understanding
pairs_arith_v2.csv,1099,arithmetic,gsm8k_test_0122,train,retain,H2_same_template,gsmplus_critical_thinking
pairs_arith_v2.csv,1100,arithmetic,gsm8k_test_0122,train,retain,H1_same_topic,svamp
pairs_arith_v2.csv,1101,arithmetic,gsm8k_test_0122,train,retain,H3_predating,asdiv
pairs_arith_v2.csv,1102,arithmetic,gsm8k_test_0122,train,retain,R_random,truthfulqa
pairs_arith_v2.csv,1103,arithmetic,gsm8k_test_0123,train,remove,C0_exact,gsm8k_copy
pairs_arith_v2.csv,1104,arithmetic,gsm8k_test_0123,train,remove,C1_transformed,lmsys_rephrase
pairs_arith_v2.csv,1105,arithmetic,gsm8k_test_0123,train,remove,C2_answer_bearing,gsm8k_solution_frag
pairs_arith_v2.csv,1106,arithmetic,gsm8k_test_0123,train,retain,H2_same_template,gsmplus_numerical_substitution
pairs_arith_v2.csv,1107,arithmetic,gsm8k_test_0123,train,remove,C1_transformed,gsmplus_problem_understanding
pairs_arith_v2.csv,1108,arithmetic,gsm8k_test_0123,train,retain,H2_same_template,gsmplus_critical_thinking
pairs_arith_v2.csv,1109,arithmetic,gsm8k_test_0123,train,retain,H1_same_topic,svamp
pairs_arith_v2.csv,1110,arithmetic,gsm8k_test_0123,train,retain,H3_predating,asdiv
pairs_arith_v2.csv,1111,arithmetic,gsm8k_test_0123,train,retain,R_random,truthfulqa
pairs_arith_v2.csv,1120,arithmetic,gsm8k_test_0125,train,remove,C0_exact,gsm8k_copy
pairs_arith_v2.csv,1121,arithmetic,gsm8k_test_0125,train,remove,C1_transformed,lmsys_rephrase
pairs_arith_v2.csv,1122,arithmetic,gsm8k_test_0125,train,remove,C2_answer_bearing,gsm8k_solution_frag
pairs_arith_v2.csv,1123,arithmetic,gsm8k_test_0125,train,retain,H2_same_template,gsmplus_numerical_substitution
pairs_arith_v2.csv,1124,arithmetic,gsm8k_test_0125,train,remove,C1_transformed,gsmplus_problem_understanding
pairs_arith_v2.csv,1125,arithmetic,gsm8k_test_0125,train,retain,H2_same_template,gsmplus_critical_thinking
pairs_arith_v2.csv,1126,arithmetic,gsm8k_test_0125,train,retain,H1_same_topic,svamp
pairs_arith_v2.csv,1127,arithmetic,gsm8k_test_0125,train,retain,H3_predating,asdiv
pairs_arith_v2.csv,1128,arithmetic,gsm8k_test_0125,train,retain,R_random,truthfulqa
pairs_arith_v2.csv,1156,arithmetic,gsm8k_test_0129,train,remove,C0_exact,gsm8k_copy
pairs_arith_v2.csv,1157,arithmetic,gsm8k_test_0129,train,remove,C1_transformed,lmsys_rephrase
pairs_arith_v2.csv,1158,arithmetic,gsm8k_test_0129,train,remove,C2_answer_bearing,gsm8k_solution_frag
pairs_arith_v2.csv,1159,arithmetic,gsm8k_test_0129,train,retain,H2_same_template,gsmplus_numerical_substitution
pairs_arith_v2.csv,1160,arithmetic,gsm8k_test_0129,train,remove,C1_transformed,gsmplus_problem_understanding
pairs_arith_v2.csv,1161,arithmetic,gsm8k_test_0129,train,retain,H2_same_template,gsmplus_critical_thinking
pairs_arith_v2.csv,1162,arithmetic,gsm8k_test_0129,train,retain,H1_same_topic,svamp
pairs_arith_v2.csv,1163,arithmetic,gsm8k_test_0129,train,retain,H3_predating,asdiv
pairs_arith_v2.csv,1164,arithmetic,gsm8k_test_0129,train,retain,R_random,truthfulqa
pairs_arith_v2.csv,1174,arithmetic,gsm8k_test_0131,train,remove,C0_exact,gsm8k_copy
pairs_arith_v2.csv,1175,arithmetic,gsm8k_test_0131,train,remove,C1_transformed,lmsys_rephrase
pairs_arith_v2.csv,1176,arithmetic,gsm8k_test_0131,train,remove,C2_answer_bearing,gsm8k_solution_frag
pairs_arith_v2.csv,1177,arithmetic,gsm8k_test_0131,train,retain,H2_same_template,gsmplus_numerical_substitution
pairs_arith_v2.csv,1178,arithmetic,gsm8k_test_0131,train,remove,C1_transformed,gsmplus_problem_understanding
pairs_arith_v2.csv,1179,arithmetic,gsm8k_test_0131,train,retain,H2_same_template,gsmplus_critical_thinking
pairs_arith_v2.csv,1180,arithmetic,gsm8k_test_0131,train,retain,H1_same_topic,svamp
pairs_arith_v2.csv,1181,arithmetic,gsm8k_test_0131,train,retain,H3_predating,asdiv
pairs_arith_v2.csv,1182,arithmetic,gsm8k_test_0131,train,retain,R_random,truthfulqa
pairs_arith_v2.csv,1183,arithmetic,gsm8k_test_0132,train,remove,C0_exact,gsm8k_copy
pairs_arith_v2.csv,1184,arithmetic,gsm8k_test_0132,train,remove,C1_transformed,lmsys_rephrase
pairs_arith_v2.csv,1185,arithmetic,gsm8k_test_0132,train,remove,C2_answer_bearing,gsm8k_solution_frag
pairs_arith_v2.csv,1186,arithmetic,gsm8k_test_0132,train,remove,C1_transformed,gsmplus_problem_understanding
pairs_arith_v2.csv,1187,arithmetic,gsm8k_test_0132,train,retain,H2_same_template,gsmplus_critical_thinking
pairs_arith_v2.csv,1188,arithmetic,gsm8k_test_0132,train,retain,H1_same_topic,svamp
pairs_arith_v2.csv,1189,arithmetic,gsm8k_test_0132,train,retain,H3_predating,asdiv
pairs_arith_v2.csv,1190,arithmetic,gsm8k_test_0132,train,retain,R_random,truthfulqa
pairs_arith_v2.csv,1217,arithmetic,gsm8k_test_0136,train,remove,C0_exact,gsm8k_copy
pairs_arith_v2.csv,1218,arithmetic,gsm8k_test_0136,train,remove,C1_transformed,lmsys_rephrase
pairs_arith_v2.csv,1219,arithmetic,gsm8k_test_0136,train,remove,C2_answer_bearing,gsm8k_solution_frag
pairs_arith_v2.csv,1220,arithmetic,gsm8k_test_0136,train,remove,C1_transformed,gsmplus_problem_understanding
pairs_arith_v2.csv,1221,arithmetic,gsm8k_test_0136,train,retain,H2_same_template,gsmplus_critical_thinking
pairs_arith_v2.csv,1222,arithmetic,gsm8k_test_0136,train,retain,H1_same_topic,svamp
pairs_arith_v2.csv,1223,arithmetic,gsm8k_test_0136,train,retain,H3_predating,asdiv
pairs_arith_v2.csv,1224,arithmetic,gsm8k_test_0136,train,retain,R_random,truthfulqa
pairs_arith_v2.csv,1252,arithmetic,gsm8k_test_0140,train,remove,C0_exact,gsm8k_copy
pairs_arith_v2.csv,1253,arithmetic,gsm8k_test_0140,train,remove,C1_transformed,lmsys_rephrase
pairs_arith_v2.csv,1254,arithmetic,gsm8k_test_0140,train,remove,C2_answer_bearing,gsm8k_solution_frag
pairs_arith_v2.csv,1255,arithmetic,gsm8k_test_0140,train,remove,C1_transformed,gsmplus_problem_understanding
pairs_arith_v2.csv,1256,arithmetic,gsm8k_test_0140,train,retain,H2_same_template,gsmplus_critical_thinking
pairs_arith_v2.csv,1257,arithmetic,gsm8k_test_0140,train,retain,H1_same_topic,svamp
pairs_arith_v2.csv,1258,arithmetic,gsm8k_test_0140,train,retain,H3_predating,asdiv
pairs_arith_v2.csv,1259,arithmetic,gsm8k_test_0140,train,retain,R_random,truthfulqa
pairs_arith_v2.csv,1296,arithmetic,gsm8k_test_0145,train,remove,C0_exact,gsm8k_copy
pairs_arith_v2.csv,1297,arithmetic,gsm8k_test_0145,train,remove,C1_transformed,lmsys_rephrase
pairs_arith_v2.csv,1298,arithmetic,gsm8k_test_0145,train,remove,C2_answer_bearing,gsm8k_solution_frag
pairs_arith_v2.csv,1299,arithmetic,gsm8k_test_0145,train,retain,H2_same_template,gsmplus_numerical_substitution
pairs_arith_v2.csv,1300,arithmetic,gsm8k_test_0145,train,remove,C1_transformed,gsmplus_problem_understanding
pairs_arith_v2.csv,1301,arithmetic,gsm8k_test_0145,train,retain,H2_same_template,gsmplus_critical_thinking
pairs_arith_v2.csv,1302,arithmetic,gsm8k_test_0145,train,retain,H1_same_topic,svamp
pairs_arith_v2.csv,1303,arithmetic,gsm8k_test_0145,train,retain,H3_predating,asdiv
pairs_arith_v2.csv,1304,arithmetic,gsm8k_test_0145,train,retain,R_random,truthfulqa
pairs_arith_v2.csv,1305,arithmetic,gsm8k_test_0146,train,remove,C0_exact,gsm8k_copy
pairs_arith_v2.csv,1306,arithmetic,gsm8k_test_0146,train,remove,C1_transformed,lmsys_rephrase
pairs_arith_v2.csv,1307,arithmetic,gsm8k_test_0146,train,remove,C2_answer_bearing,gsm8k_solution_frag
pairs_arith_v2.csv,1308,arithmetic,gsm8k_test_0146,train,retain,H2_same_template,gsmplus_numerical_substitution
pairs_arith_v2.csv,1309,arithmetic,gsm8k_test_0146,train,remove,C1_transformed,gsmplus_problem_understanding
pairs_arith_v2.csv,1310,arithmetic,gsm8k_test_0146,train,retain,H2_same_template,gsmplus_critical_thinking
pairs_arith_v2.csv,1311,arithmetic,gsm8k_test_0146,train,retain,H1_same_topic,svamp
pairs_arith_v2.csv,1312,arithmetic,gsm8k_test_0146,train,retain,H3_predating,asdiv
pairs_arith_v2.csv,1313,arithmetic,gsm8k_test_0146,train,retain,R_random,truthfulqa
pairs_arith_v2.csv,1314,arithmetic,gsm8k_test_0147,train,remove,C0_exact,gsm8k_copy
pairs_arith_v2.csv,1315,arithmetic,gsm8k_test_0147,train,remove,C1_transformed,lmsys_rephrase
pairs_arith_v2.csv,1316,arithmetic,gsm8k_test_0147,train,remove,C2_answer_bearing,gsm8k_solution_frag
pairs_arith_v2.csv,1317,arithmetic,gsm8k_test_0147,train,retain,H2_same_template,gsmplus_numerical_substitution
pairs_arith_v2.csv,1318,arithmetic,gsm8k_test_0147,train,remove,C1_transformed,gsmplus_problem_understanding
pairs_arith_v2.csv,1319,arithmetic,gsm8k_test_0147,train,retain,H2_same_template,gsmplus_critical_thinking
pairs_arith_v2.csv,1320,arithmetic,gsm8k_test_0147,train,retain,H1_same_topic,svamp
pairs_arith_v2.csv,1321,arithmetic,gsm8k_test_0147,train,retain,H3_predating,asdiv
pairs_arith_v2.csv,1322,arithmetic,gsm8k_test_0147,train,retain,R_random,truthfulqa
pairs_arith_v2.csv,1323,arithmetic,gsm8k_test_0148,train,remove,C0_exact,gsm8k_copy
pairs_arith_v2.csv,1324,arithmetic,gsm8k_test_0148,train,remove,C1_transformed,lmsys_rephrase
pairs_arith_v2.csv,1325,arithmetic,gsm8k_test_0148,train,remove,C2_answer_bearing,gsm8k_solution_frag
pairs_arith_v2.csv,1326,arithmetic,gsm8k_test_0148,train,remove,C1_transformed,gsmplus_problem_understanding
pairs_arith_v2.csv,1327,arithmetic,gsm8k_test_0148,train,retain,H2_same_template,gsmplus_critical_thinking
pairs_arith_v2.csv,1328,arithmetic,gsm8k_test_0148,train,retain,H1_same_topic,svamp
pairs_arith_v2.csv,1329,arithmetic,gsm8k_test_0148,train,retain,H3_predating,asdiv
pairs_arith_v2.csv,1330,arithmetic,gsm8k_test_0148,train,retain,R_random,truthfulqa
pairs_arith_v2.csv,1331,arithmetic,gsm8k_test_0149,train,remove,C0_exact,gsm8k_copy
pairs_arith_v2.csv,1332,arithmetic,gsm8k_test_0149,train,remove,C1_transformed,lmsys_rephrase
pairs_arith_v2.csv,1333,arithmetic,gsm8k_test_0149,train,remove,C2_answer_bearing,gsm8k_solution_frag
pairs_arith_v2.csv,1334,arithmetic,gsm8k_test_0149,train,retain,H2_same_template,gsmplus_numerical_substitution
pairs_arith_v2.csv,1335,arithmetic,gsm8k_test_0149,train,remove,C1_transformed,gsmplus_problem_understanding
pairs_arith_v2.csv,1336,arithmetic,gsm8k_test_0149,train,retain,H2_same_template,gsmplus_critical_thinking
pairs_arith_v2.csv,1337,arithmetic,gsm8k_test_0149,train,retain,H1_same_topic,svamp
pairs_arith_v2.csv,1338,arithmetic,gsm8k_test_0149,train,retain,H3_predating,asdiv
pairs_arith_v2.csv,1339,arithmetic,gsm8k_test_0149,train,retain,R_random,truthfulqa
pairs_arith_v2.csv,1349,arithmetic,gsm8k_test_0151,train,remove,C0_exact,gsm8k_copy
pairs_arith_v2.csv,1350,arithmetic,gsm8k_test_0151,train,remove,C1_transformed,lmsys_rephrase
pairs_arith_v2.csv,1351,arithmetic,gsm8k_test_0151,train,remove,C2_answer_bearing,gsm8k_solution_frag
pairs_arith_v2.csv,1352,arithmetic,gsm8k_test_0151,train,retain,H2_same_template,gsmplus_numerical_substitution
pairs_arith_v2.csv,1353,arithmetic,gsm8k_test_0151,train,remove,C1_transformed,gsmplus_problem_understanding
pairs_arith_v2.csv,1354,arithmetic,gsm8k_test_0151,train,retain,H2_same_template,gsmplus_critical_thinking
pairs_arith_v2.csv,1355,arithmetic,gsm8k_test_0151,train,retain,H1_same_topic,svamp
pairs_arith_v2.csv,1356,arithmetic,gsm8k_test_0151,train,retain,H3_predating,asdiv
pairs_arith_v2.csv,1357,arithmetic,gsm8k_test_0151,train,retain,R_random,truthfulqa
pairs_arith_v2.csv,1358,arithmetic,gsm8k_test_0152,train,remove,C0_exact,gsm8k_copy
pairs_arith_v2.csv,1359,arithmetic,gsm8k_test_0152,train,remove,C1_transformed,lmsys_rephrase
pairs_arith_v2.csv,1360,arithmetic,gsm8k_test_0152,train,remove,C2_answer_bearing,gsm8k_solution_frag
pairs_arith_v2.csv,1361,arithmetic,gsm8k_test_0152,train,retain,H2_same_template,gsmplus_numerical_substitution
pairs_arith_v2.csv,1362,arithmetic,gsm8k_test_0152,train,remove,C1_transformed,gsmplus_problem_understanding
pairs_arith_v2.csv,1363,arithmetic,gsm8k_test_0152,train,retain,H2_same_template,gsmplus_critical_thinking
pairs_arith_v2.csv,1364,arithmetic,gsm8k_test_0152,train,retain,H1_same_topic,svamp
pairs_arith_v2.csv,1365,arithmetic,gsm8k_test_0152,train,retain,H3_predating,asdiv
pairs_arith_v2.csv,1366,arithmetic,gsm8k_test_0152,train,retain,R_random,truthfulqa
pairs_arith_v2.csv,1385,arithmetic,gsm8k_test_0155,train,remove,C0_exact,gsm8k_copy
pairs_arith_v2.csv,1386,arithmetic,gsm8k_test_0155,train,remove,C1_transformed,lmsys_rephrase
pairs_arith_v2.csv,1387,arithmetic,gsm8k_test_0155,train,remove,C2_answer_bearing,gsm8k_solution_frag
pairs_arith_v2.csv,1388,arithmetic,gsm8k_test_0155,train,retain,H2_same_template,gsmplus_numerical_substitution
pairs_arith_v2.csv,1389,arithmetic,gsm8k_test_0155,train,remove,C1_transformed,gsmplus_problem_understanding
pairs_arith_v2.csv,1390,arithmetic,gsm8k_test_0155,train,retain,H2_same_template,gsmplus_critical_thinking
pairs_arith_v2.csv,1391,arithmetic,gsm8k_test_0155,train,retain,H1_same_topic,svamp
pairs_arith_v2.csv,1392,arithmetic,gsm8k_test_0155,train,retain,H3_predating,asdiv
pairs_arith_v2.csv,1393,arithmetic,gsm8k_test_0155,train,retain,R_random,truthfulqa
pairs_arith_v2.csv,1394,arithmetic,gsm8k_test_0156,train,remove,C0_exact,gsm8k_copy
pairs_arith_v2.csv,1395,arithmetic,gsm8k_test_0156,train,remove,C1_transformed,lmsys_rephrase
pairs_arith_v2.csv,1396,arithmetic,gsm8k_test_0156,train,remove,C2_answer_bearing,gsm8k_solution_frag
pairs_arith_v2.csv,1397,arithmetic,gsm8k_test_0156,train,retain,H2_same_template,gsmplus_numerical_substitution
pairs_arith_v2.csv,1398,arithmetic,gsm8k_test_0156,train,remove,C1_transformed,gsmplus_problem_understanding
pairs_arith_v2.csv,1399,arithmetic,gsm8k_test_0156,train,retain,H2_same_template,gsmplus_critical_thinking
pairs_arith_v2.csv,1400,arithmetic,gsm8k_test_0156,train,retain,H1_same_topic,svamp
pairs_arith_v2.csv,1401,arithmetic,gsm8k_test_0156,train,retain,H3_predating,asdiv
pairs_arith_v2.csv,1402,arithmetic,gsm8k_test_0156,train,retain,R_random,truthfulqa
pairs_arith_v2.csv,1403,arithmetic,gsm8k_test_0157,train,remove,C0_exact,gsm8k_copy
pairs_arith_v2.csv,1404,arithmetic,gsm8k_test_0157,train,remove,C1_transformed,lmsys_rephrase
pairs_arith_v2.csv,1405,arithmetic,gsm8k_test_0157,train,remove,C2_answer_bearing,gsm8k_solution_frag
pairs_arith_v2.csv,1406,arithmetic,gsm8k_test_0157,train,retain,H2_same_template,gsmplus_numerical_substitution
pairs_arith_v2.csv,1407,arithmetic,gsm8k_test_0157,train,remove,C1_transformed,gsmplus_problem_understanding
pairs_arith_v2.csv,1408,arithmetic,gsm8k_test_0157,train,retain,H2_same_template,gsmplus_critical_thinking
pairs_arith_v2.csv,1409,arithmetic,gsm8k_test_0157,train,retain,H1_same_topic,svamp
pairs_arith_v2.csv,1410,arithmetic,gsm8k_test_0157,train,retain,H3_predating,asdiv
pairs_arith_v2.csv,1411,arithmetic,gsm8k_test_0157,train,retain,R_random,truthfulqa
pairs_arith_v2.csv,1412,arithmetic,gsm8k_test_0158,train,remove,C0_exact,gsm8k_copy
pairs_arith_v2.csv,1413,arithmetic,gsm8k_test_0158,train,remove,C1_transformed,lmsys_rephrase
pairs_arith_v2.csv,1414,arithmetic,gsm8k_test_0158,train,remove,C2_answer_bearing,gsm8k_solution_frag
pairs_arith_v2.csv,1415,arithmetic,gsm8k_test_0158,train,retain,H2_same_template,gsmplus_numerical_substitution
pairs_arith_v2.csv,1416,arithmetic,gsm8k_test_0158,train,remove,C1_transformed,gsmplus_problem_understanding
pairs_arith_v2.csv,1417,arithmetic,gsm8k_test_0158,train,retain,H2_same_template,gsmplus_critical_thinking
pairs_arith_v2.csv,1418,arithmetic,gsm8k_test_0158,train,retain,H1_same_topic,svamp
pairs_arith_v2.csv,1419,arithmetic,gsm8k_test_0158,train,retain,H3_predating,asdiv
pairs_arith_v2.csv,1420,arithmetic,gsm8k_test_0158,train,retain,R_random,truthfulqa
pairs_arith_v2.csv,1421,arithmetic,gsm8k_test_0159,train,remove,C0_exact,gsm8k_copy
pairs_arith_v2.csv,1422,arithmetic,gsm8k_test_0159,train,remove,C1_transformed,lmsys_rephrase
pairs_arith_v2.csv,1423,arithmetic,gsm8k_test_0159,train,remove,C2_answer_bearing,gsm8k_solution_frag
pairs_arith_v2.csv,1424,arithmetic,gsm8k_test_0159,train,retain,H2_same_template,gsmplus_numerical_substitution
pairs_arith_v2.csv,1425,arithmetic,gsm8k_test_0159,train,remove,C1_transformed,gsmplus_problem_understanding
pairs_arith_v2.csv,1426,arithmetic,gsm8k_test_0159,train,retain,H2_same_template,gsmplus_critical_thinking
pairs_arith_v2.csv,1427,arithmetic,gsm8k_test_0159,train,retain,H1_same_topic,svamp
pairs_arith_v2.csv,1428,arithmetic,gsm8k_test_0159,train,retain,H3_predating,asdiv
pairs_arith_v2.csv,1429,arithmetic,gsm8k_test_0159,train,retain,R_random,truthfulqa
pairs_arith_v2.csv,1447,arithmetic,gsm8k_test_0162,train,remove,C0_exact,gsm8k_copy
pairs_arith_v2.csv,1448,arithmetic,gsm8k_test_0162,train,remove,C1_transformed,lmsys_rephrase
pairs_arith_v2.csv,1449,arithmetic,gsm8k_test_0162,train,remove,C2_answer_bearing,gsm8k_solution_frag
pairs_arith_v2.csv,1450,arithmetic,gsm8k_test_0162,train,retain,H2_same_template,gsmplus_numerical_substitution
pairs_arith_v2.csv,1451,arithmetic,gsm8k_test_0162,train,remove,C1_transformed,gsmplus_problem_understanding
pairs_arith_v2.csv,1452,arithmetic,gsm8k_test_0162,train,retain,H2_same_template,gsmplus_critical_thinking
pairs_arith_v2.csv,1453,arithmetic,gsm8k_test_0162,train,retain,H1_same_topic,svamp
pairs_arith_v2.csv,1454,arithmetic,gsm8k_test_0162,train,retain,H3_predating,asdiv
pairs_arith_v2.csv,1455,arithmetic,gsm8k_test_0162,train,retain,R_random,truthfulqa
pairs_arith_v2.csv,1456,arithmetic,gsm8k_test_0163,train,remove,C0_exact,gsm8k_copy
pairs_arith_v2.csv,1457,arithmetic,gsm8k_test_0163,train,remove,C1_transformed,lmsys_rephrase
pairs_arith_v2.csv,1458,arithmetic,gsm8k_test_0163,train,remove,C2_answer_bearing,gsm8k_solution_frag
pairs_arith_v2.csv,1459,arithmetic,gsm8k_test_0163,train,retain,H2_same_template,gsmplus_numerical_substitution
pairs_arith_v2.csv,1460,arithmetic,gsm8k_test_0163,train,remove,C1_transformed,gsmplus_problem_understanding
pairs_arith_v2.csv,1461,arithmetic,gsm8k_test_0163,train,retain,H2_same_template,gsmplus_critical_thinking
pairs_arith_v2.csv,1462,arithmetic,gsm8k_test_0163,train,retain,H1_same_topic,svamp
pairs_arith_v2.csv,1463,arithmetic,gsm8k_test_0163,train,retain,H3_predating,asdiv
pairs_arith_v2.csv,1464,arithmetic,gsm8k_test_0163,train,retain,R_random,truthfulqa
pairs_arith_v2.csv,1465,arithmetic,gsm8k_test_0164,train,remove,C0_exact,gsm8k_copy
pairs_arith_v2.csv,1466,arithmetic,gsm8k_test_0164,train,remove,C1_transformed,lmsys_rephrase
pairs_arith_v2.csv,1467,arithmetic,gsm8k_test_0164,train,remove,C2_answer_bearing,gsm8k_solution_frag
pairs_arith_v2.csv,1468,arithmetic,gsm8k_test_0164,train,retain,H2_same_template,gsmplus_numerical_substitution
pairs_arith_v2.csv,1469,arithmetic,gsm8k_test_0164,train,remove,C1_transformed,gsmplus_problem_understanding
pairs_arith_v2.csv,1470,arithmetic,gsm8k_test_0164,train,retain,H2_same_template,gsmplus_critical_thinking
pairs_arith_v2.csv,1471,arithmetic,gsm8k_test_0164,train,retain,H1_same_topic,svamp
pairs_arith_v2.csv,1472,arithmetic,gsm8k_test_0164,train,retain,H3_predating,asdiv
pairs_arith_v2.csv,1473,arithmetic,gsm8k_test_0164,train,retain,R_random,truthfulqa
pairs_arith_v2.csv,1500,arithmetic,gsm8k_test_0168,train,remove,C0_exact,gsm8k_copy
pairs_arith_v2.csv,1501,arithmetic,gsm8k_test_0168,train,remove,C1_transformed,lmsys_rephrase
pairs_arith_v2.csv,1502,arithmetic,gsm8k_test_0168,train,remove,C2_answer_bearing,gsm8k_solution_frag
pairs_arith_v2.csv,1503,arithmetic,gsm8k_test_0168,train,retain,H2_same_template,gsmplus_numerical_substitution
pairs_arith_v2.csv,1504,arithmetic,gsm8k_test_0168,train,remove,C1_transformed,gsmplus_problem_understanding
pairs_arith_v2.csv,1505,arithmetic,gsm8k_test_0168,train,retain,H2_same_template,gsmplus_critical_thinking
pairs_arith_v2.csv,1506,arithmetic,gsm8k_test_0168,train,retain,H1_same_topic,svamp
pairs_arith_v2.csv,1507,arithmetic,gsm8k_test_0168,train,retain,H3_predating,asdiv
pairs_arith_v2.csv,1508,arithmetic,gsm8k_test_0168,train,retain,R_random,truthfulqa
pairs_arith_v2.csv,1518,arithmetic,gsm8k_test_0170,train,remove,C0_exact,gsm8k_copy
pairs_arith_v2.csv,1519,arithmetic,gsm8k_test_0170,train,remove,C1_transformed,lmsys_rephrase
pairs_arith_v2.csv,1520,arithmetic,gsm8k_test_0170,train,remove,C2_answer_bearing,gsm8k_solution_frag
pairs_arith_v2.csv,1521,arithmetic,gsm8k_test_0170,train,retain,H2_same_template,gsmplus_numerical_substitution
pairs_arith_v2.csv,1522,arithmetic,gsm8k_test_0170,train,remove,C1_transformed,gsmplus_problem_understanding
pairs_arith_v2.csv,1523,arithmetic,gsm8k_test_0170,train,retain,H2_same_template,gsmplus_critical_thinking
pairs_arith_v2.csv,1524,arithmetic,gsm8k_test_0170,train,retain,H1_same_topic,svamp
pairs_arith_v2.csv,1525,arithmetic,gsm8k_test_0170,train,retain,H3_predating,asdiv
pairs_arith_v2.csv,1526,arithmetic,gsm8k_test_0170,train,retain,R_random,truthfulqa
pairs_arith_v2.csv,1581,arithmetic,gsm8k_test_0177,train,remove,C0_exact,gsm8k_copy
pairs_arith_v2.csv,1582,arithmetic,gsm8k_test_0177,train,remove,C1_transformed,lmsys_rephrase
pairs_arith_v2.csv,1583,arithmetic,gsm8k_test_0177,train,remove,C2_answer_bearing,gsm8k_solution_frag
pairs_arith_v2.csv,1584,arithmetic,gsm8k_test_0177,train,retain,H2_same_template,gsmplus_numerical_substitution
pairs_arith_v2.csv,1585,arithmetic,gsm8k_test_0177,train,remove,C1_transformed,gsmplus_problem_understanding
pairs_arith_v2.csv,1586,arithmetic,gsm8k_test_0177,train,retain,H2_same_template,gsmplus_critical_thinking
pairs_arith_v2.csv,1587,arithmetic,gsm8k_test_0177,train,retain,H1_same_topic,svamp
pairs_arith_v2.csv,1588,arithmetic,gsm8k_test_0177,train,retain,H3_predating,asdiv
pairs_arith_v2.csv,1589,arithmetic,gsm8k_test_0177,train,retain,R_random,truthfulqa
pairs_arith_v2.csv,1653,arithmetic,gsm8k_test_0185,train,remove,C0_exact,gsm8k_copy
pairs_arith_v2.csv,1654,arithmetic,gsm8k_test_0185,train,remove,C1_transformed,lmsys_rephrase
pairs_arith_v2.csv,1655,arithmetic,gsm8k_test_0185,train,remove,C2_answer_bearing,gsm8k_solution_frag
pairs_arith_v2.csv,1656,arithmetic,gsm8k_test_0185,train,retain,H2_same_template,gsmplus_numerical_substitution
pairs_arith_v2.csv,1657,arithmetic,gsm8k_test_0185,train,remove,C1_transformed,gsmplus_problem_understanding
pairs_arith_v2.csv,1658,arithmetic,gsm8k_test_0185,train,retain,H2_same_template,gsmplus_critical_thinking
pairs_arith_v2.csv,1659,arithmetic,gsm8k_test_0185,train,retain,H1_same_topic,svamp
pairs_arith_v2.csv,1660,arithmetic,gsm8k_test_0185,train,retain,H3_predating,asdiv
pairs_arith_v2.csv,1661,arithmetic,gsm8k_test_0185,train,retain,R_random,truthfulqa
pairs_arith_v2.csv,1671,arithmetic,gsm8k_test_0187,train,remove,C0_exact,gsm8k_copy
pairs_arith_v2.csv,1672,arithmetic,gsm8k_test_0187,train,remove,C1_transformed,lmsys_rephrase
pairs_arith_v2.csv,1673,arithmetic,gsm8k_test_0187,train,remove,C2_answer_bearing,gsm8k_solution_frag
pairs_arith_v2.csv,1674,arithmetic,gsm8k_test_0187,train,retain,H2_same_template,gsmplus_numerical_substitution
pairs_arith_v2.csv,1675,arithmetic,gsm8k_test_0187,train,remove,C1_transformed,gsmplus_problem_understanding
pairs_arith_v2.csv,1676,arithmetic,gsm8k_test_0187,train,retain,H2_same_template,gsmplus_critical_thinking
pairs_arith_v2.csv,1677,arithmetic,gsm8k_test_0187,train,retain,H1_same_topic,svamp
pairs_arith_v2.csv,1678,arithmetic,gsm8k_test_0187,train,retain,H3_predating,asdiv
pairs_arith_v2.csv,1679,arithmetic,gsm8k_test_0187,train,retain,R_random,truthfulqa
pairs_arith_v2.csv,1680,arithmetic,gsm8k_test_0188,train,remove,C0_exact,gsm8k_copy
pairs_arith_v2.csv,1681,arithmetic,gsm8k_test_0188,train,remove,C1_transformed,lmsys_rephrase
pairs_arith_v2.csv,1682,arithmetic,gsm8k_test_0188,train,remove,C2_answer_bearing,gsm8k_solution_frag
pairs_arith_v2.csv,1683,arithmetic,gsm8k_test_0188,train,remove,C1_transformed,gsmplus_problem_understanding
pairs_arith_v2.csv,1684,arithmetic,gsm8k_test_0188,train,retain,H2_same_template,gsmplus_critical_thinking
pairs_arith_v2.csv,1685,arithmetic,gsm8k_test_0188,train,retain,H1_same_topic,svamp
pairs_arith_v2.csv,1686,arithmetic,gsm8k_test_0188,train,retain,H3_predating,asdiv
pairs_arith_v2.csv,1687,arithmetic,gsm8k_test_0188,train,retain,R_random,truthfulqa
pairs_arith_v2.csv,1768,arithmetic,gsm8k_test_0198,train,remove,C0_exact,gsm8k_copy
pairs_arith_v2.csv,1769,arithmetic,gsm8k_test_0198,train,remove,C1_transformed,lmsys_rephrase
pairs_arith_v2.csv,1770,arithmetic,gsm8k_test_0198,train,remove,C2_answer_bearing,gsm8k_solution_frag
pairs_arith_v2.csv,1771,arithmetic,gsm8k_test_0198,train,retain,H2_same_template,gsmplus_numerical_substitution
pairs_arith_v2.csv,1772,arithmetic,gsm8k_test_0198,train,remove,C1_transformed,gsmplus_problem_understanding
pairs_arith_v2.csv,1773,arithmetic,gsm8k_test_0198,train,retain,H2_same_template,gsmplus_critical_thinking
pairs_arith_v2.csv,1774,arithmetic,gsm8k_test_0198,train,retain,H1_same_topic,svamp
pairs_arith_v2.csv,1775,arithmetic,gsm8k_test_0198,train,retain,H3_predating,asdiv
pairs_arith_v2.csv,1776,arithmetic,gsm8k_test_0198,train,retain,R_random,truthfulqa
pairs_arith_v2.csv,1804,arithmetic,gsm8k_test_0202,train,remove,C0_exact,gsm8k_copy
pairs_arith_v2.csv,1805,arithmetic,gsm8k_test_0202,train,remove,C1_transformed,lmsys_rephrase
pairs_arith_v2.csv,1806,arithmetic,gsm8k_test_0202,train,remove,C2_answer_bearing,gsm8k_solution_frag
pairs_arith_v2.csv,1807,arithmetic,gsm8k_test_0202,train,retain,H2_same_template,gsmplus_numerical_substitution
pairs_arith_v2.csv,1808,arithmetic,gsm8k_test_0202,train,remove,C1_transformed,gsmplus_problem_understanding
pairs_arith_v2.csv,1809,arithmetic,gsm8k_test_0202,train,retain,H2_same_template,gsmplus_critical_thinking
pairs_arith_v2.csv,1810,arithmetic,gsm8k_test_0202,train,retain,H1_same_topic,svamp
pairs_arith_v2.csv,1811,arithmetic,gsm8k_test_0202,train,retain,H3_predating,asdiv
pairs_arith_v2.csv,1812,arithmetic,gsm8k_test_0202,train,retain,R_random,truthfulqa
pairs_arith_v2.csv,1831,arithmetic,gsm8k_test_0205,train,remove,C0_exact,gsm8k_copy
pairs_arith_v2.csv,1832,arithmetic,gsm8k_test_0205,train,remove,C1_transformed,lmsys_rephrase
pairs_arith_v2.csv,1833,arithmetic,gsm8k_test_0205,train,remove,C2_answer_bearing,gsm8k_solution_frag
pairs_arith_v2.csv,1834,arithmetic,gsm8k_test_0205,train,retain,H2_same_template,gsmplus_numerical_substitution
pairs_arith_v2.csv,1835,arithmetic,gsm8k_test_0205,train,remove,C1_transformed,gsmplus_problem_understanding
pairs_arith_v2.csv,1836,arithmetic,gsm8k_test_0205,train,retain,H2_same_template,gsmplus_critical_thinking
pairs_arith_v2.csv,1837,arithmetic,gsm8k_test_0205,train,retain,H1_same_topic,svamp
pairs_arith_v2.csv,1838,arithmetic,gsm8k_test_0205,train,retain,H3_predating,asdiv
pairs_arith_v2.csv,1839,arithmetic,gsm8k_test_0205,train,retain,R_random,truthfulqa
pairs_arith_v2.csv,1840,arithmetic,gsm8k_test_0206,train,remove,C0_exact,gsm8k_copy
pairs_arith_v2.csv,1841,arithmetic,gsm8k_test_0206,train,remove,C1_transformed,lmsys_rephrase
pairs_arith_v2.csv,1842,arithmetic,gsm8k_test_0206,train,remove,C2_answer_bearing,gsm8k_solution_frag
pairs_arith_v2.csv,1843,arithmetic,gsm8k_test_0206,train,retain,H2_same_template,gsmplus_numerical_substitution
pairs_arith_v2.csv,1844,arithmetic,gsm8k_test_0206,train,remove,C1_transformed,gsmplus_problem_understanding
pairs_arith_v2.csv,1845,arithmetic,gsm8k_test_0206,train,retain,H2_same_template,gsmplus_critical_thinking
pairs_arith_v2.csv,1846,arithmetic,gsm8k_test_0206,train,retain,H1_same_topic,svamp
pairs_arith_v2.csv,1847,arithmetic,gsm8k_test_0206,train,retain,H3_predating,asdiv
pairs_arith_v2.csv,1848,arithmetic,gsm8k_test_0206,train,retain,R_random,truthfulqa
pairs_arith_v2.csv,1858,arithmetic,gsm8k_test_0208,train,remove,C0_exact,gsm8k_copy
pairs_arith_v2.csv,1859,arithmetic,gsm8k_test_0208,train,remove,C1_transformed,lmsys_rephrase
pairs_arith_v2.csv,1860,arithmetic,gsm8k_test_0208,train,remove,C2_answer_bearing,gsm8k_solution_frag
pairs_arith_v2.csv,1861,arithmetic,gsm8k_test_0208,train,retain,H2_same_template,gsmplus_numerical_substitution
pairs_arith_v2.csv,1862,arithmetic,gsm8k_test_0208,train,remove,C1_transformed,gsmplus_problem_understanding
pairs_arith_v2.csv,1863,arithmetic,gsm8k_test_0208,train,retain,H2_same_template,gsmplus_critical_thinking
pairs_arith_v2.csv,1864,arithmetic,gsm8k_test_0208,train,retain,H1_same_topic,svamp
pairs_arith_v2.csv,1865,arithmetic,gsm8k_test_0208,train,retain,H3_predating,asdiv
pairs_arith_v2.csv,1866,arithmetic,gsm8k_test_0208,train,retain,R_random,truthfulqa
pairs_arith_v2.csv,1920,arithmetic,gsm8k_test_0215,train,remove,C0_exact,gsm8k_copy
pairs_arith_v2.csv,1921,arithmetic,gsm8k_test_0215,train,remove,C1_transformed,lmsys_rephrase
pairs_arith_v2.csv,1922,arithmetic,gsm8k_test_0215,train,remove,C2_answer_bearing,gsm8k_solution_frag
pairs_arith_v2.csv,1923,arithmetic,gsm8k_test_0215,train,retain,H2_same_template,gsmplus_numerical_substitution
pairs_arith_v2.csv,1924,arithmetic,gsm8k_test_0215,train,remove,C1_transformed,gsmplus_problem_understanding
pairs_arith_v2.csv,1925,arithmetic,gsm8k_test_0215,train,retain,H2_same_template,gsmplus_critical_thinking
pairs_arith_v2.csv,1926,arithmetic,gsm8k_test_0215,train,retain,H1_same_topic,svamp
pairs_arith_v2.csv,1927,arithmetic,gsm8k_test_0215,train,retain,H3_predating,asdiv
pairs_arith_v2.csv,1928,arithmetic,gsm8k_test_0215,train,retain,R_random,truthfulqa
pairs_arith_v2.csv,1938,arithmetic,gsm8k_test_0217,train,remove,C0_exact,gsm8k_copy
pairs_arith_v2.csv,1939,arithmetic,gsm8k_test_0217,train,remove,C1_transformed,lmsys_rephrase
pairs_arith_v2.csv,1940,arithmetic,gsm8k_test_0217,train,remove,C2_answer_bearing,gsm8k_solution_frag
pairs_arith_v2.csv,1941,arithmetic,gsm8k_test_0217,train,retain,H2_same_template,gsmplus_numerical_substitution
pairs_arith_v2.csv,1942,arithmetic,gsm8k_test_0217,train,remove,C1_transformed,gsmplus_problem_understanding
pairs_arith_v2.csv,1943,arithmetic,gsm8k_test_0217,train,retain,H2_same_template,gsmplus_critical_thinking
pairs_arith_v2.csv,1944,arithmetic,gsm8k_test_0217,train,retain,H1_same_topic,svamp
pairs_arith_v2.csv,1945,arithmetic,gsm8k_test_0217,train,retain,H3_predating,asdiv
pairs_arith_v2.csv,1946,arithmetic,gsm8k_test_0217,train,retain,R_random,truthfulqa
pairs_arith_v2.csv,1956,arithmetic,gsm8k_test_0219,train,remove,C0_exact,gsm8k_copy
pairs_arith_v2.csv,1957,arithmetic,gsm8k_test_0219,train,remove,C1_transformed,lmsys_rephrase
pairs_arith_v2.csv,1958,arithmetic,gsm8k_test_0219,train,remove,C2_answer_bearing,gsm8k_solution_frag
pairs_arith_v2.csv,1959,arithmetic,gsm8k_test_0219,train,retain,H2_same_template,gsmplus_numerical_substitution
pairs_arith_v2.csv,1960,arithmetic,gsm8k_test_0219,train,remove,C1_transformed,gsmplus_problem_understanding
pairs_arith_v2.csv,1961,arithmetic,gsm8k_test_0219,train,retain,H2_same_template,gsmplus_critical_thinking
pairs_arith_v2.csv,1962,arithmetic,gsm8k_test_0219,train,retain,H1_same_topic,svamp
pairs_arith_v2.csv,1963,arithmetic,gsm8k_test_0219,train,retain,H3_predating,asdiv
pairs_arith_v2.csv,1964,arithmetic,gsm8k_test_0219,train,retain,R_random,truthfulqa
pairs_arith_v2.csv,1965,arithmetic,gsm8k_test_0220,train,remove,C0_exact,gsm8k_copy
pairs_arith_v2.csv,1966,arithmetic,gsm8k_test_0220,train,remove,C1_transformed,lmsys_rephrase
pairs_arith_v2.csv,1967,arithmetic,gsm8k_test_0220,train,remove,C2_answer_bearing,gsm8k_solution_frag
pairs_arith_v2.csv,1968,arithmetic,gsm8k_test_0220,train,retain,H2_same_template,gsmplus_numerical_substitution
pairs_arith_v2.csv,1969,arithmetic,gsm8k_test_0220,train,remove,C1_transformed,gsmplus_problem_understanding
pairs_arith_v2.csv,1970,arithmetic,gsm8k_test_0220,train,retain,H2_same_template,gsmplus_critical_thinking
pairs_arith_v2.csv,1971,arithmetic,gsm8k_test_0220,train,retain,H1_same_topic,svamp
pairs_arith_v2.csv,1972,arithmetic,gsm8k_test_0220,train,retain,H3_predating,asdiv
pairs_arith_v2.csv,1973,arithmetic,gsm8k_test_0220,train,retain,R_random,truthfulqa
pairs_arith_v2.csv,1983,arithmetic,gsm8k_test_0222,train,remove,C0_exact,gsm8k_copy
pairs_arith_v2.csv,1984,arithmetic,gsm8k_test_0222,train,remove,C1_transformed,lmsys_rephrase
pairs_arith_v2.csv,1985,arithmetic,gsm8k_test_0222,train,remove,C2_answer_bearing,gsm8k_solution_frag
pairs_arith_v2.csv,1986,arithmetic,gsm8k_test_0222,train,remove,C1_transformed,gsmplus_problem_understanding
pairs_arith_v2.csv,1987,arithmetic,gsm8k_test_0222,train,retain,H2_same_template,gsmplus_critical_thinking
pairs_arith_v2.csv,1988,arithmetic,gsm8k_test_0222,train,retain,H1_same_topic,svamp
pairs_arith_v2.csv,1989,arithmetic,gsm8k_test_0222,train,retain,H3_predating,asdiv
pairs_arith_v2.csv,1990,arithmetic,gsm8k_test_0222,train,retain,R_random,truthfulqa
pairs_arith_v2.csv,1991,arithmetic,gsm8k_test_0223,train,remove,C0_exact,gsm8k_copy
pairs_arith_v2.csv,1992,arithmetic,gsm8k_test_0223,train,remove,C1_transformed,lmsys_rephrase
pairs_arith_v2.csv,1993,arithmetic,gsm8k_test_0223,train,remove,C2_answer_bearing,gsm8k_solution_frag
pairs_arith_v2.csv,1994,arithmetic,gsm8k_test_0223,train,retain,H2_same_template,gsmplus_numerical_substitution
pairs_arith_v2.csv,1995,arithmetic,gsm8k_test_0223,train,remove,C1_transformed,gsmplus_problem_understanding
pairs_arith_v2.csv,1996,arithmetic,gsm8k_test_0223,train,retain,H2_same_template,gsmplus_critical_thinking
pairs_arith_v2.csv,1997,arithmetic,gsm8k_test_0223,train,retain,H1_same_topic,svamp
pairs_arith_v2.csv,1998,arithmetic,gsm8k_test_0223,train,retain,H3_predating,asdiv
pairs_arith_v2.csv,1999,arithmetic,gsm8k_test_0223,train,retain,R_random,truthfulqa
pairs_arith_v2.csv,2009,arithmetic,gsm8k_test_0225,train,remove,C0_exact,gsm8k_copy
pairs_arith_v2.csv,2010,arithmetic,gsm8k_test_0225,train,remove,C1_transformed,lmsys_rephrase
pairs_arith_v2.csv,2011,arithmetic,gsm8k_test_0225,train,remove,C2_answer_bearing,gsm8k_solution_frag
pairs_arith_v2.csv,2012,arithmetic,gsm8k_test_0225,train,retain,H2_same_template,gsmplus_numerical_substitution
pairs_arith_v2.csv,2013,arithmetic,gsm8k_test_0225,train,remove,C1_transformed,gsmplus_problem_understanding
pairs_arith_v2.csv,2014,arithmetic,gsm8k_test_0225,train,retain,H2_same_template,gsmplus_critical_thinking
pairs_arith_v2.csv,2015,arithmetic,gsm8k_test_0225,train,retain,H1_same_topic,svamp
pairs_arith_v2.csv,2016,arithmetic,gsm8k_test_0225,train,retain,H3_predating,asdiv
pairs_arith_v2.csv,2017,arithmetic,gsm8k_test_0225,train,retain,R_random,truthfulqa
pairs_arith_v2.csv,2036,arithmetic,gsm8k_test_0228,train,remove,C0_exact,gsm8k_copy
pairs_arith_v2.csv,2037,arithmetic,gsm8k_test_0228,train,remove,C1_transformed,lmsys_rephrase
pairs_arith_v2.csv,2038,arithmetic,gsm8k_test_0228,train,remove,C2_answer_bearing,gsm8k_solution_frag
pairs_arith_v2.csv,2039,arithmetic,gsm8k_test_0228,train,remove,C1_transformed,gsmplus_problem_understanding
pairs_arith_v2.csv,2040,arithmetic,gsm8k_test_0228,train,retain,H2_same_template,gsmplus_critical_thinking
pairs_arith_v2.csv,2041,arithmetic,gsm8k_test_0228,train,retain,H1_same_topic,svamp
pairs_arith_v2.csv,2042,arithmetic,gsm8k_test_0228,train,retain,H3_predating,asdiv
pairs_arith_v2.csv,2043,arithmetic,gsm8k_test_0228,train,retain,R_random,truthfulqa
pairs_arith_v2.csv,2053,arithmetic,gsm8k_test_0230,train,remove,C0_exact,gsm8k_copy
pairs_arith_v2.csv,2054,arithmetic,gsm8k_test_0230,train,remove,C1_transformed,lmsys_rephrase
pairs_arith_v2.csv,2055,arithmetic,gsm8k_test_0230,train,remove,C2_answer_bearing,gsm8k_solution_frag
pairs_arith_v2.csv,2056,arithmetic,gsm8k_test_0230,train,retain,H2_same_template,gsmplus_numerical_substitution
pairs_arith_v2.csv,2057,arithmetic,gsm8k_test_0230,train,remove,C1_transformed,gsmplus_problem_understanding
pairs_arith_v2.csv,2058,arithmetic,gsm8k_test_0230,train,retain,H2_same_template,gsmplus_critical_thinking
pairs_arith_v2.csv,2059,arithmetic,gsm8k_test_0230,train,retain,H1_same_topic,svamp
pairs_arith_v2.csv,2060,arithmetic,gsm8k_test_0230,train,retain,H3_predating,asdiv
pairs_arith_v2.csv,2061,arithmetic,gsm8k_test_0230,train,retain,R_random,truthfulqa
pairs_arith_v2.csv,2071,arithmetic,gsm8k_test_0232,train,remove,C0_exact,gsm8k_copy
pairs_arith_v2.csv,2072,arithmetic,gsm8k_test_0232,train,remove,C1_transformed,lmsys_rephrase
pairs_arith_v2.csv,2073,arithmetic,gsm8k_test_0232,train,remove,C2_answer_bearing,gsm8k_solution_frag
pairs_arith_v2.csv,2074,arithmetic,gsm8k_test_0232,train,retain,H2_same_template,gsmplus_numerical_substitution
pairs_arith_v2.csv,2075,arithmetic,gsm8k_test_0232,train,remove,C1_transformed,gsmplus_problem_understanding
pairs_arith_v2.csv,2076,arithmetic,gsm8k_test_0232,train,retain,H2_same_template,gsmplus_critical_thinking
pairs_arith_v2.csv,2077,arithmetic,gsm8k_test_0232,train,retain,H1_same_topic,svamp
pairs_arith_v2.csv,2078,arithmetic,gsm8k_test_0232,train,retain,H3_predating,asdiv
pairs_arith_v2.csv,2079,arithmetic,gsm8k_test_0232,train,retain,R_random,truthfulqa
pairs_arith_v2.csv,2080,arithmetic,gsm8k_test_0233,train,remove,C0_exact,gsm8k_copy
pairs_arith_v2.csv,2081,arithmetic,gsm8k_test_0233,train,remove,C1_transformed,lmsys_rephrase
pairs_arith_v2.csv,2082,arithmetic,gsm8k_test_0233,train,remove,C2_answer_bearing,gsm8k_solution_frag
pairs_arith_v2.csv,2083,arithmetic,gsm8k_test_0233,train,retain,H2_same_template,gsmplus_numerical_substitution
pairs_arith_v2.csv,2084,arithmetic,gsm8k_test_0233,train,remove,C1_transformed,gsmplus_problem_understanding
pairs_arith_v2.csv,2085,arithmetic,gsm8k_test_0233,train,retain,H2_same_template,gsmplus_critical_thinking
pairs_arith_v2.csv,2086,arithmetic,gsm8k_test_0233,train,retain,H1_same_topic,svamp
pairs_arith_v2.csv,2087,arithmetic,gsm8k_test_0233,train,retain,H3_predating,asdiv
pairs_arith_v2.csv,2088,arithmetic,gsm8k_test_0233,train,retain,R_random,truthfulqa
pairs_arith_v2.csv,2089,arithmetic,gsm8k_test_0234,train,remove,C0_exact,gsm8k_copy
pairs_arith_v2.csv,2090,arithmetic,gsm8k_test_0234,train,remove,C1_transformed,lmsys_rephrase
pairs_arith_v2.csv,2091,arithmetic,gsm8k_test_0234,train,remove,C2_answer_bearing,gsm8k_solution_frag
pairs_arith_v2.csv,2092,arithmetic,gsm8k_test_0234,train,remove,C1_transformed,gsmplus_problem_understanding
pairs_arith_v2.csv,2093,arithmetic,gsm8k_test_0234,train,retain,H2_same_template,gsmplus_critical_thinking
pairs_arith_v2.csv,2094,arithmetic,gsm8k_test_0234,train,retain,H1_same_topic,svamp
pairs_arith_v2.csv,2095,arithmetic,gsm8k_test_0234,train,retain,H3_predating,asdiv
pairs_arith_v2.csv,2096,arithmetic,gsm8k_test_0234,train,retain,R_random,truthfulqa
pairs_arith_v2.csv,2123,arithmetic,gsm8k_test_0238,train,remove,C0_exact,gsm8k_copy
pairs_arith_v2.csv,2124,arithmetic,gsm8k_test_0238,train,remove,C1_transformed,lmsys_rephrase
pairs_arith_v2.csv,2125,arithmetic,gsm8k_test_0238,train,remove,C2_answer_bearing,gsm8k_solution_frag
pairs_arith_v2.csv,2126,arithmetic,gsm8k_test_0238,train,retain,H2_same_template,gsmplus_numerical_substitution
pairs_arith_v2.csv,2127,arithmetic,gsm8k_test_0238,train,remove,C1_transformed,gsmplus_problem_understanding
pairs_arith_v2.csv,2128,arithmetic,gsm8k_test_0238,train,retain,H2_same_template,gsmplus_critical_thinking
pairs_arith_v2.csv,2129,arithmetic,gsm8k_test_0238,train,retain,H1_same_topic,svamp
pairs_arith_v2.csv,2130,arithmetic,gsm8k_test_0238,train,retain,H3_predating,asdiv
pairs_arith_v2.csv,2131,arithmetic,gsm8k_test_0238,train,retain,R_random,truthfulqa
pairs_arith_v2.csv,2132,arithmetic,gsm8k_test_0239,train,remove,C0_exact,gsm8k_copy
pairs_arith_v2.csv,2133,arithmetic,gsm8k_test_0239,train,remove,C1_transformed,lmsys_rephrase
pairs_arith_v2.csv,2134,arithmetic,gsm8k_test_0239,train,remove,C2_answer_bearing,gsm8k_solution_frag
pairs_arith_v2.csv,2135,arithmetic,gsm8k_test_0239,train,retain,H2_same_template,gsmplus_numerical_substitution
pairs_arith_v2.csv,2136,arithmetic,gsm8k_test_0239,train,remove,C1_transformed,gsmplus_problem_understanding
pairs_arith_v2.csv,2137,arithmetic,gsm8k_test_0239,train,retain,H2_same_template,gsmplus_critical_thinking
pairs_arith_v2.csv,2138,arithmetic,gsm8k_test_0239,train,retain,H1_same_topic,svamp
pairs_arith_v2.csv,2139,arithmetic,gsm8k_test_0239,train,retain,H3_predating,asdiv
pairs_arith_v2.csv,2140,arithmetic,gsm8k_test_0239,train,retain,R_random,truthfulqa
pairs_arith_v2.csv,2177,arithmetic,gsm8k_test_0244,train,remove,C0_exact,gsm8k_copy
pairs_arith_v2.csv,2178,arithmetic,gsm8k_test_0244,train,remove,C1_transformed,lmsys_rephrase
pairs_arith_v2.csv,2179,arithmetic,gsm8k_test_0244,train,remove,C2_answer_bearing,gsm8k_solution_frag
pairs_arith_v2.csv,2180,arithmetic,gsm8k_test_0244,train,retain,H2_same_template,gsmplus_numerical_substitution
pairs_arith_v2.csv,2181,arithmetic,gsm8k_test_0244,train,remove,C1_transformed,gsmplus_problem_understanding
pairs_arith_v2.csv,2182,arithmetic,gsm8k_test_0244,train,retain,H2_same_template,gsmplus_critical_thinking
pairs_arith_v2.csv,2183,arithmetic,gsm8k_test_0244,train,retain,H1_same_topic,svamp
pairs_arith_v2.csv,2184,arithmetic,gsm8k_test_0244,train,retain,H3_predating,asdiv
pairs_arith_v2.csv,2185,arithmetic,gsm8k_test_0244,train,retain,R_random,truthfulqa
pairs_arith_v2.csv,2204,arithmetic,gsm8k_test_0247,train,remove,C0_exact,gsm8k_copy
pairs_arith_v2.csv,2205,arithmetic,gsm8k_test_0247,train,remove,C1_transformed,lmsys_rephrase
pairs_arith_v2.csv,2206,arithmetic,gsm8k_test_0247,train,remove,C2_answer_bearing,gsm8k_solution_frag
pairs_arith_v2.csv,2207,arithmetic,gsm8k_test_0247,train,retain,H2_same_template,gsmplus_numerical_substitution
pairs_arith_v2.csv,2208,arithmetic,gsm8k_test_0247,train,remove,C1_transformed,gsmplus_problem_understanding
pairs_arith_v2.csv,2209,arithmetic,gsm8k_test_0247,train,retain,H2_same_template,gsmplus_critical_thinking
pairs_arith_v2.csv,2210,arithmetic,gsm8k_test_0247,train,retain,H1_same_topic,svamp
pairs_arith_v2.csv,2211,arithmetic,gsm8k_test_0247,train,retain,H3_predating,asdiv
pairs_arith_v2.csv,2212,arithmetic,gsm8k_test_0247,train,retain,R_random,truthfulqa
pairs_arith_v2.csv,2231,arithmetic,gsm8k_test_0250,train,remove,C0_exact,gsm8k_copy
pairs_arith_v2.csv,2232,arithmetic,gsm8k_test_0250,train,remove,C1_transformed,lmsys_rephrase
pairs_arith_v2.csv,2233,arithmetic,gsm8k_test_0250,train,remove,C2_answer_bearing,gsm8k_solution_frag
pairs_arith_v2.csv,2234,arithmetic,gsm8k_test_0250,train,retain,H2_same_template,gsmplus_numerical_substitution
pairs_arith_v2.csv,2235,arithmetic,gsm8k_test_0250,train,remove,C1_transformed,gsmplus_problem_understanding
pairs_arith_v2.csv,2236,arithmetic,gsm8k_test_0250,train,retain,H2_same_template,gsmplus_critical_thinking
pairs_arith_v2.csv,2237,arithmetic,gsm8k_test_0250,train,retain,H1_same_topic,svamp
pairs_arith_v2.csv,2238,arithmetic,gsm8k_test_0250,train,retain,H3_predating,asdiv
pairs_arith_v2.csv,2239,arithmetic,gsm8k_test_0250,train,retain,R_random,truthfulqa
pairs_arith_v2.csv,2249,arithmetic,gsm8k_test_0252,train,remove,C0_exact,gsm8k_copy
pairs_arith_v2.csv,2250,arithmetic,gsm8k_test_0252,train,remove,C1_transformed,lmsys_rephrase
pairs_arith_v2.csv,2251,arithmetic,gsm8k_test_0252,train,remove,C2_answer_bearing,gsm8k_solution_frag
pairs_arith_v2.csv,2252,arithmetic,gsm8k_test_0252,train,retain,H2_same_template,gsmplus_numerical_substitution
pairs_arith_v2.csv,2253,arithmetic,gsm8k_test_0252,train,remove,C1_transformed,gsmplus_problem_understanding
pairs_arith_v2.csv,2254,arithmetic,gsm8k_test_0252,train,retain,H2_same_template,gsmplus_critical_thinking
pairs_arith_v2.csv,2255,arithmetic,gsm8k_test_0252,train,retain,H1_same_topic,svamp
pairs_arith_v2.csv,2256,arithmetic,gsm8k_test_0252,train,retain,H3_predating,asdiv
pairs_arith_v2.csv,2257,arithmetic,gsm8k_test_0252,train,retain,R_random,truthfulqa
pairs_arith_v2.csv,2267,arithmetic,gsm8k_test_0254,train,remove,C0_exact,gsm8k_copy
pairs_arith_v2.csv,2268,arithmetic,gsm8k_test_0254,train,remove,C1_transformed,lmsys_rephrase
pairs_arith_v2.csv,2269,arithmetic,gsm8k_test_0254,train,remove,C2_answer_bearing,gsm8k_solution_frag
pairs_arith_v2.csv,2270,arithmetic,gsm8k_test_0254,train,retain,H2_same_template,gsmplus_numerical_substitution
pairs_arith_v2.csv,2271,arithmetic,gsm8k_test_0254,train,remove,C1_transformed,gsmplus_problem_understanding
pairs_arith_v2.csv,2272,arithmetic,gsm8k_test_0254,train,retain,H2_same_template,gsmplus_critical_thinking
pairs_arith_v2.csv,2273,arithmetic,gsm8k_test_0254,train,retain,H1_same_topic,svamp
pairs_arith_v2.csv,2274,arithmetic,gsm8k_test_0254,train,retain,H3_predating,asdiv
pairs_arith_v2.csv,2275,arithmetic,gsm8k_test_0254,train,retain,R_random,truthfulqa
pairs_arith_v2.csv,2276,arithmetic,gsm8k_test_0255,train,remove,C0_exact,gsm8k_copy
pairs_arith_v2.csv,2277,arithmetic,gsm8k_test_0255,train,remove,C1_transformed,lmsys_rephrase
pairs_arith_v2.csv,2278,arithmetic,gsm8k_test_0255,train,remove,C2_answer_bearing,gsm8k_solution_frag
pairs_arith_v2.csv,2279,arithmetic,gsm8k_test_0255,train,retain,H2_same_template,gsmplus_numerical_substitution
pairs_arith_v2.csv,2280,arithmetic,gsm8k_test_0255,train,remove,C1_transformed,gsmplus_problem_understanding
pairs_arith_v2.csv,2281,arithmetic,gsm8k_test_0255,train,retain,H2_same_template,gsmplus_critical_thinking
pairs_arith_v2.csv,2282,arithmetic,gsm8k_test_0255,train,retain,H1_same_topic,svamp
pairs_arith_v2.csv,2283,arithmetic,gsm8k_test_0255,train,retain,H3_predating,asdiv
pairs_arith_v2.csv,2284,arithmetic,gsm8k_test_0255,train,retain,R_random,truthfulqa
pairs_arith_v2.csv,2285,arithmetic,gsm8k_test_0256,train,remove,C0_exact,gsm8k_copy
pairs_arith_v2.csv,2286,arithmetic,gsm8k_test_0256,train,remove,C1_transformed,lmsys_rephrase
pairs_arith_v2.csv,2287,arithmetic,gsm8k_test_0256,train,remove,C2_answer_bearing,gsm8k_solution_frag
pairs_arith_v2.csv,2288,arithmetic,gsm8k_test_0256,train,retain,H2_same_template,gsmplus_numerical_substitution
pairs_arith_v2.csv,2289,arithmetic,gsm8k_test_0256,train,remove,C1_transformed,gsmplus_problem_understanding
pairs_arith_v2.csv,2290,arithmetic,gsm8k_test_0256,train,retain,H2_same_template,gsmplus_critical_thinking
pairs_arith_v2.csv,2291,arithmetic,gsm8k_test_0256,train,retain,H1_same_topic,svamp
pairs_arith_v2.csv,2292,arithmetic,gsm8k_test_0256,train,retain,H3_predating,asdiv
pairs_arith_v2.csv,2293,arithmetic,gsm8k_test_0256,train,retain,R_random,truthfulqa
pairs_arith_v2.csv,2321,arithmetic,gsm8k_test_0260,train,remove,C0_exact,gsm8k_copy
pairs_arith_v2.csv,2322,arithmetic,gsm8k_test_0260,train,remove,C1_transformed,lmsys_rephrase
pairs_arith_v2.csv,2323,arithmetic,gsm8k_test_0260,train,remove,C2_answer_bearing,gsm8k_solution_frag
pairs_arith_v2.csv,2324,arithmetic,gsm8k_test_0260,train,retain,H2_same_template,gsmplus_numerical_substitution
pairs_arith_v2.csv,2325,arithmetic,gsm8k_test_0260,train,remove,C1_transformed,gsmplus_problem_understanding
pairs_arith_v2.csv,2326,arithmetic,gsm8k_test_0260,train,retain,H2_same_template,gsmplus_critical_thinking
pairs_arith_v2.csv,2327,arithmetic,gsm8k_test_0260,train,retain,H1_same_topic,svamp
pairs_arith_v2.csv,2328,arithmetic,gsm8k_test_0260,train,retain,H3_predating,asdiv
pairs_arith_v2.csv,2329,arithmetic,gsm8k_test_0260,train,retain,R_random,truthfulqa
pairs_arith_v2.csv,2366,arithmetic,gsm8k_test_0265,train,remove,C0_exact,gsm8k_copy
pairs_arith_v2.csv,2367,arithmetic,gsm8k_test_0265,train,remove,C1_transformed,lmsys_rephrase
pairs_arith_v2.csv,2368,arithmetic,gsm8k_test_0265,train,remove,C2_answer_bearing,gsm8k_solution_frag
pairs_arith_v2.csv,2369,arithmetic,gsm8k_test_0265,train,retain,H2_same_template,gsmplus_numerical_substitution
pairs_arith_v2.csv,2370,arithmetic,gsm8k_test_0265,train,remove,C1_transformed,gsmplus_problem_understanding
pairs_arith_v2.csv,2371,arithmetic,gsm8k_test_0265,train,retain,H2_same_template,gsmplus_critical_thinking
pairs_arith_v2.csv,2372,arithmetic,gsm8k_test_0265,train,retain,H1_same_topic,svamp
pairs_arith_v2.csv,2373,arithmetic,gsm8k_test_0265,train,retain,H3_predating,asdiv
pairs_arith_v2.csv,2374,arithmetic,gsm8k_test_0265,train,retain,R_random,truthfulqa
pairs_arith_v2.csv,2375,arithmetic,gsm8k_test_0266,train,remove,C0_exact,gsm8k_copy
pairs_arith_v2.csv,2376,arithmetic,gsm8k_test_0266,train,remove,C1_transformed,lmsys_rephrase
pairs_arith_v2.csv,2377,arithmetic,gsm8k_test_0266,train,remove,C2_answer_bearing,gsm8k_solution_frag
pairs_arith_v2.csv,2378,arithmetic,gsm8k_test_0266,train,retain,H2_same_template,gsmplus_numerical_substitution
pairs_arith_v2.csv,2379,arithmetic,gsm8k_test_0266,train,remove,C1_transformed,gsmplus_problem_understanding
pairs_arith_v2.csv,2380,arithmetic,gsm8k_test_0266,train,retain,H2_same_template,gsmplus_critical_thinking
pairs_arith_v2.csv,2381,arithmetic,gsm8k_test_0266,train,retain,H1_same_topic,svamp
pairs_arith_v2.csv,2382,arithmetic,gsm8k_test_0266,train,retain,H3_predating,asdiv
pairs_arith_v2.csv,2383,arithmetic,gsm8k_test_0266,train,retain,R_random,truthfulqa
pairs_arith_v2.csv,2402,arithmetic,gsm8k_test_0269,train,remove,C0_exact,gsm8k_copy
pairs_arith_v2.csv,2403,arithmetic,gsm8k_test_0269,train,remove,C1_transformed,lmsys_rephrase
pairs_arith_v2.csv,2404,arithmetic,gsm8k_test_0269,train,remove,C2_answer_bearing,gsm8k_solution_frag
pairs_arith_v2.csv,2405,arithmetic,gsm8k_test_0269,train,retain,H2_same_template,gsmplus_numerical_substitution
pairs_arith_v2.csv,2406,arithmetic,gsm8k_test_0269,train,remove,C1_transformed,gsmplus_problem_understanding
pairs_arith_v2.csv,2407,arithmetic,gsm8k_test_0269,train,retain,H2_same_template,gsmplus_critical_thinking
pairs_arith_v2.csv,2408,arithmetic,gsm8k_test_0269,train,retain,H1_same_topic,svamp
pairs_arith_v2.csv,2409,arithmetic,gsm8k_test_0269,train,retain,H3_predating,asdiv
pairs_arith_v2.csv,2410,arithmetic,gsm8k_test_0269,train,retain,R_random,truthfulqa
pairs_arith_v2.csv,2420,arithmetic,gsm8k_test_0271,train,remove,C0_exact,gsm8k_copy
pairs_arith_v2.csv,2421,arithmetic,gsm8k_test_0271,train,remove,C1_transformed,lmsys_rephrase
pairs_arith_v2.csv,2422,arithmetic,gsm8k_test_0271,train,remove,C2_answer_bearing,gsm8k_solution_frag
pairs_arith_v2.csv,2423,arithmetic,gsm8k_test_0271,train,retain,H2_same_template,gsmplus_numerical_substitution
pairs_arith_v2.csv,2424,arithmetic,gsm8k_test_0271,train,remove,C1_transformed,gsmplus_problem_understanding
pairs_arith_v2.csv,2425,arithmetic,gsm8k_test_0271,train,retain,H2_same_template,gsmplus_critical_thinking
pairs_arith_v2.csv,2426,arithmetic,gsm8k_test_0271,train,retain,H1_same_topic,svamp
pairs_arith_v2.csv,2427,arithmetic,gsm8k_test_0271,train,retain,H3_predating,asdiv
pairs_arith_v2.csv,2428,arithmetic,gsm8k_test_0271,train,retain,R_random,truthfulqa
pairs_arith_v2.csv,2492,arithmetic,gsm8k_test_0279,train,remove,C0_exact,gsm8k_copy
pairs_arith_v2.csv,2493,arithmetic,gsm8k_test_0279,train,remove,C1_transformed,lmsys_rephrase
pairs_arith_v2.csv,2494,arithmetic,gsm8k_test_0279,train,remove,C2_answer_bearing,gsm8k_solution_frag
pairs_arith_v2.csv,2495,arithmetic,gsm8k_test_0279,train,retain,H2_same_template,gsmplus_numerical_substitution
pairs_arith_v2.csv,2496,arithmetic,gsm8k_test_0279,train,remove,C1_transformed,gsmplus_problem_understanding
pairs_arith_v2.csv,2497,arithmetic,gsm8k_test_0279,train,retain,H2_same_template,gsmplus_critical_thinking
pairs_arith_v2.csv,2498,arithmetic,gsm8k_test_0279,train,retain,H1_same_topic,svamp
pairs_arith_v2.csv,2499,arithmetic,gsm8k_test_0279,train,retain,H3_predating,asdiv
pairs_arith_v2.csv,2500,arithmetic,gsm8k_test_0279,train,retain,R_random,truthfulqa
pairs_arith_v2.csv,2501,arithmetic,gsm8k_test_0280,train,remove,C0_exact,gsm8k_copy
pairs_arith_v2.csv,2502,arithmetic,gsm8k_test_0280,train,remove,C1_transformed,lmsys_rephrase
pairs_arith_v2.csv,2503,arithmetic,gsm8k_test_0280,train,remove,C2_answer_bearing,gsm8k_solution_frag
pairs_arith_v2.csv,2504,arithmetic,gsm8k_test_0280,train,retain,H2_same_template,gsmplus_numerical_substitution
pairs_arith_v2.csv,2505,arithmetic,gsm8k_test_0280,train,remove,C1_transformed,gsmplus_problem_understanding
pairs_arith_v2.csv,2506,arithmetic,gsm8k_test_0280,train,retain,H2_same_template,gsmplus_critical_thinking
pairs_arith_v2.csv,2507,arithmetic,gsm8k_test_0280,train,retain,H1_same_topic,svamp
pairs_arith_v2.csv,2508,arithmetic,gsm8k_test_0280,train,retain,H3_predating,asdiv
pairs_arith_v2.csv,2509,arithmetic,gsm8k_test_0280,train,retain,R_random,truthfulqa
pairs_arith_v2.csv,2510,arithmetic,gsm8k_test_0281,train,remove,C0_exact,gsm8k_copy
pairs_arith_v2.csv,2511,arithmetic,gsm8k_test_0281,train,remove,C1_transformed,lmsys_rephrase
pairs_arith_v2.csv,2512,arithmetic,gsm8k_test_0281,train,remove,C2_answer_bearing,gsm8k_solution_frag
pairs_arith_v2.csv,2513,arithmetic,gsm8k_test_0281,train,retain,H2_same_template,gsmplus_numerical_substitution
pairs_arith_v2.csv,2514,arithmetic,gsm8k_test_0281,train,remove,C1_transformed,gsmplus_problem_understanding
pairs_arith_v2.csv,2515,arithmetic,gsm8k_test_0281,train,retain,H2_same_template,gsmplus_critical_thinking
pairs_arith_v2.csv,2516,arithmetic,gsm8k_test_0281,train,retain,H1_same_topic,svamp
pairs_arith_v2.csv,2517,arithmetic,gsm8k_test_0281,train,retain,H3_predating,asdiv
pairs_arith_v2.csv,2518,arithmetic,gsm8k_test_0281,train,retain,R_random,truthfulqa
pairs_arith_v2.csv,2528,arithmetic,gsm8k_test_0283,train,remove,C0_exact,gsm8k_copy
pairs_arith_v2.csv,2529,arithmetic,gsm8k_test_0283,train,remove,C1_transformed,lmsys_rephrase
pairs_arith_v2.csv,2530,arithmetic,gsm8k_test_0283,train,remove,C2_answer_bearing,gsm8k_solution_frag
pairs_arith_v2.csv,2531,arithmetic,gsm8k_test_0283,train,retain,H2_same_template,gsmplus_numerical_substitution
pairs_arith_v2.csv,2532,arithmetic,gsm8k_test_0283,train,remove,C1_transformed,gsmplus_problem_understanding
pairs_arith_v2.csv,2533,arithmetic,gsm8k_test_0283,train,retain,H2_same_template,gsmplus_critical_thinking
pairs_arith_v2.csv,2534,arithmetic,gsm8k_test_0283,train,retain,H1_same_topic,svamp
pairs_arith_v2.csv,2535,arithmetic,gsm8k_test_0283,train,retain,H3_predating,asdiv
pairs_arith_v2.csv,2536,arithmetic,gsm8k_test_0283,train,retain,R_random,truthfulqa
pairs_arith_v2.csv,2537,arithmetic,gsm8k_test_0284,train,remove,C0_exact,gsm8k_copy
pairs_arith_v2.csv,2538,arithmetic,gsm8k_test_0284,train,remove,C1_transformed,lmsys_rephrase
pairs_arith_v2.csv,2539,arithmetic,gsm8k_test_0284,train,remove,C2_answer_bearing,gsm8k_solution_frag
pairs_arith_v2.csv,2540,arithmetic,gsm8k_test_0284,train,retain,H2_same_template,gsmplus_numerical_substitution
pairs_arith_v2.csv,2541,arithmetic,gsm8k_test_0284,train,remove,C1_transformed,gsmplus_problem_understanding
pairs_arith_v2.csv,2542,arithmetic,gsm8k_test_0284,train,retain,H2_same_template,gsmplus_critical_thinking
pairs_arith_v2.csv,2543,arithmetic,gsm8k_test_0284,train,retain,H1_same_topic,svamp
pairs_arith_v2.csv,2544,arithmetic,gsm8k_test_0284,train,retain,H3_predating,asdiv
pairs_arith_v2.csv,2545,arithmetic,gsm8k_test_0284,train,retain,R_random,truthfulqa
pairs_arith_v2.csv,2546,arithmetic,gsm8k_test_0285,train,remove,C0_exact,gsm8k_copy
pairs_arith_v2.csv,2547,arithmetic,gsm8k_test_0285,train,remove,C1_transformed,lmsys_rephrase
pairs_arith_v2.csv,2548,arithmetic,gsm8k_test_0285,train,remove,C2_answer_bearing,gsm8k_solution_frag
pairs_arith_v2.csv,2549,arithmetic,gsm8k_test_0285,train,retain,H2_same_template,gsmplus_numerical_substitution
pairs_arith_v2.csv,2550,arithmetic,gsm8k_test_0285,train,remove,C1_transformed,gsmplus_problem_understanding
pairs_arith_v2.csv,2551,arithmetic,gsm8k_test_0285,train,retain,H2_same_template,gsmplus_critical_thinking
pairs_arith_v2.csv,2552,arithmetic,gsm8k_test_0285,train,retain,H1_same_topic,svamp
pairs_arith_v2.csv,2553,arithmetic,gsm8k_test_0285,train,retain,H3_predating,asdiv
pairs_arith_v2.csv,2554,arithmetic,gsm8k_test_0285,train,retain,R_random,truthfulqa
pairs_arith_v2.csv,2555,arithmetic,gsm8k_test_0286,train,remove,C0_exact,gsm8k_copy
pairs_arith_v2.csv,2556,arithmetic,gsm8k_test_0286,train,remove,C1_transformed,lmsys_rephrase
pairs_arith_v2.csv,2557,arithmetic,gsm8k_test_0286,train,remove,C2_answer_bearing,gsm8k_solution_frag
pairs_arith_v2.csv,2558,arithmetic,gsm8k_test_0286,train,retain,H2_same_template,gsmplus_numerical_substitution
pairs_arith_v2.csv,2559,arithmetic,gsm8k_test_0286,train,remove,C1_transformed,gsmplus_problem_understanding
pairs_arith_v2.csv,2560,arithmetic,gsm8k_test_0286,train,retain,H2_same_template,gsmplus_critical_thinking
pairs_arith_v2.csv,2561,arithmetic,gsm8k_test_0286,train,retain,H1_same_topic,svamp
pairs_arith_v2.csv,2562,arithmetic,gsm8k_test_0286,train,retain,H3_predating,asdiv
pairs_arith_v2.csv,2563,arithmetic,gsm8k_test_0286,train,retain,R_random,truthfulqa
pairs_arith_v2.csv,2564,arithmetic,gsm8k_test_0287,train,remove,C0_exact,gsm8k_copy
pairs_arith_v2.csv,2565,arithmetic,gsm8k_test_0287,train,remove,C1_transformed,lmsys_rephrase
pairs_arith_v2.csv,2566,arithmetic,gsm8k_test_0287,train,remove,C2_answer_bearing,gsm8k_solution_frag
pairs_arith_v2.csv,2567,arithmetic,gsm8k_test_0287,train,retain,H2_same_template,gsmplus_numerical_substitution
pairs_arith_v2.csv,2568,arithmetic,gsm8k_test_0287,train,remove,C1_transformed,gsmplus_problem_understanding
pairs_arith_v2.csv,2569,arithmetic,gsm8k_test_0287,train,retain,H2_same_template,gsmplus_critical_thinking
pairs_arith_v2.csv,2570,arithmetic,gsm8k_test_0287,train,retain,H1_same_topic,svamp
pairs_arith_v2.csv,2571,arithmetic,gsm8k_test_0287,train,retain,H3_predating,asdiv
pairs_arith_v2.csv,2572,arithmetic,gsm8k_test_0287,train,retain,R_random,truthfulqa
pairs_arith_v2.csv,2573,arithmetic,gsm8k_test_0288,train,remove,C0_exact,gsm8k_copy
pairs_arith_v2.csv,2574,arithmetic,gsm8k_test_0288,train,remove,C1_transformed,lmsys_rephrase
pairs_arith_v2.csv,2575,arithmetic,gsm8k_test_0288,train,remove,C2_answer_bearing,gsm8k_solution_frag
pairs_arith_v2.csv,2576,arithmetic,gsm8k_test_0288,train,retain,H2_same_template,gsmplus_numerical_substitution
pairs_arith_v2.csv,2577,arithmetic,gsm8k_test_0288,train,remove,C1_transformed,gsmplus_problem_understanding
pairs_arith_v2.csv,2578,arithmetic,gsm8k_test_0288,train,retain,H2_same_template,gsmplus_critical_thinking
pairs_arith_v2.csv,2579,arithmetic,gsm8k_test_0288,train,retain,H1_same_topic,svamp
pairs_arith_v2.csv,2580,arithmetic,gsm8k_test_0288,train,retain,H3_predating,asdiv
pairs_arith_v2.csv,2581,arithmetic,gsm8k_test_0288,train,retain,R_random,truthfulqa
pairs_arith_v2.csv,2608,arithmetic,gsm8k_test_0292,train,remove,C0_exact,gsm8k_copy
pairs_arith_v2.csv,2609,arithmetic,gsm8k_test_0292,train,remove,C1_transformed,lmsys_rephrase
pairs_arith_v2.csv,2610,arithmetic,gsm8k_test_0292,train,remove,C2_answer_bearing,gsm8k_solution_frag
pairs_arith_v2.csv,2611,arithmetic,gsm8k_test_0292,train,retain,H2_same_template,gsmplus_numerical_substitution
pairs_arith_v2.csv,2612,arithmetic,gsm8k_test_0292,train,remove,C1_transformed,gsmplus_problem_understanding
pairs_arith_v2.csv,2613,arithmetic,gsm8k_test_0292,train,retain,H2_same_template,gsmplus_critical_thinking
pairs_arith_v2.csv,2614,arithmetic,gsm8k_test_0292,train,retain,H1_same_topic,svamp
pairs_arith_v2.csv,2615,arithmetic,gsm8k_test_0292,train,retain,H3_predating,asdiv
pairs_arith_v2.csv,2616,arithmetic,gsm8k_test_0292,train,retain,R_random,truthfulqa
pairs_arith_v2.csv,2626,arithmetic,gsm8k_test_0294,train,remove,C0_exact,gsm8k_copy
pairs_arith_v2.csv,2627,arithmetic,gsm8k_test_0294,train,remove,C1_transformed,lmsys_rephrase
pairs_arith_v2.csv,2628,arithmetic,gsm8k_test_0294,train,remove,C2_answer_bearing,gsm8k_solution_frag
pairs_arith_v2.csv,2629,arithmetic,gsm8k_test_0294,train,retain,H2_same_template,gsmplus_numerical_substitution
pairs_arith_v2.csv,2630,arithmetic,gsm8k_test_0294,train,remove,C1_transformed,gsmplus_problem_understanding
pairs_arith_v2.csv,2631,arithmetic,gsm8k_test_0294,train,retain,H2_same_template,gsmplus_critical_thinking
pairs_arith_v2.csv,2632,arithmetic,gsm8k_test_0294,train,retain,H1_same_topic,svamp
pairs_arith_v2.csv,2633,arithmetic,gsm8k_test_0294,train,retain,H3_predating,asdiv
pairs_arith_v2.csv,2634,arithmetic,gsm8k_test_0294,train,retain,R_random,truthfulqa
pairs_arith_v2.csv,2644,arithmetic,gsm8k_test_0296,train,remove,C0_exact,gsm8k_copy
pairs_arith_v2.csv,2645,arithmetic,gsm8k_test_0296,train,remove,C1_transformed,lmsys_rephrase
pairs_arith_v2.csv,2646,arithmetic,gsm8k_test_0296,train,remove,C2_answer_bearing,gsm8k_solution_frag
pairs_arith_v2.csv,2647,arithmetic,gsm8k_test_0296,train,retain,H2_same_template,gsmplus_numerical_substitution
pairs_arith_v2.csv,2648,arithmetic,gsm8k_test_0296,train,remove,C1_transformed,gsmplus_problem_understanding
pairs_arith_v2.csv,2649,arithmetic,gsm8k_test_0296,train,retain,H2_same_template,gsmplus_critical_thinking
pairs_arith_v2.csv,2650,arithmetic,gsm8k_test_0296,train,retain,H1_same_topic,svamp
pairs_arith_v2.csv,2651,arithmetic,gsm8k_test_0296,train,retain,H3_predating,asdiv
pairs_arith_v2.csv,2652,arithmetic,gsm8k_test_0296,train,retain,R_random,truthfulqa
pairs_arith_v2.csv,2653,arithmetic,gsm8k_test_0297,train,remove,C0_exact,gsm8k_copy
pairs_arith_v2.csv,2654,arithmetic,gsm8k_test_0297,train,remove,C1_transformed,lmsys_rephrase
pairs_arith_v2.csv,2655,arithmetic,gsm8k_test_0297,train,remove,C2_answer_bearing,gsm8k_solution_frag
pairs_arith_v2.csv,2656,arithmetic,gsm8k_test_0297,train,retain,H2_same_template,gsmplus_numerical_substitution
pairs_arith_v2.csv,2657,arithmetic,gsm8k_test_0297,train,remove,C1_transformed,gsmplus_problem_understanding
pairs_arith_v2.csv,2658,arithmetic,gsm8k_test_0297,train,retain,H2_same_template,gsmplus_critical_thinking
pairs_arith_v2.csv,2659,arithmetic,gsm8k_test_0297,train,retain,H1_same_topic,svamp
pairs_arith_v2.csv,2660,arithmetic,gsm8k_test_0297,train,retain,H3_predating,asdiv
pairs_arith_v2.csv,2661,arithmetic,gsm8k_test_0297,train,retain,R_random,truthfulqa
pairs_arith_v2.csv,2671,arithmetic,gsm8k_test_0299,train,remove,C0_exact,gsm8k_copy
pairs_arith_v2.csv,2672,arithmetic,gsm8k_test_0299,train,remove,C1_transformed,lmsys_rephrase
pairs_arith_v2.csv,2673,arithmetic,gsm8k_test_0299,train,remove,C2_answer_bearing,gsm8k_solution_frag
pairs_arith_v2.csv,2674,arithmetic,gsm8k_test_0299,train,retain,H2_same_template,gsmplus_numerical_substitution
pairs_arith_v2.csv,2675,arithmetic,gsm8k_test_0299,train,remove,C1_transformed,gsmplus_problem_understanding
pairs_arith_v2.csv,2676,arithmetic,gsm8k_test_0299,train,retain,H2_same_template,gsmplus_critical_thinking
pairs_arith_v2.csv,2677,arithmetic,gsm8k_test_0299,train,retain,H1_same_topic,svamp
pairs_arith_v2.csv,2678,arithmetic,gsm8k_test_0299,train,retain,H3_predating,asdiv
pairs_arith_v2.csv,2679,arithmetic,gsm8k_test_0299,train,retain,R_random,truthfulqa
pairs_arith_v2.csv,2698,arithmetic,gsm8k_test_0302,train,remove,C0_exact,gsm8k_copy
pairs_arith_v2.csv,2699,arithmetic,gsm8k_test_0302,train,remove,C1_transformed,lmsys_rephrase
pairs_arith_v2.csv,2700,arithmetic,gsm8k_test_0302,train,remove,C2_answer_bearing,gsm8k_solution_frag
pairs_arith_v2.csv,2701,arithmetic,gsm8k_test_0302,train,retain,H2_same_template,gsmplus_numerical_substitution
pairs_arith_v2.csv,2702,arithmetic,gsm8k_test_0302,train,remove,C1_transformed,gsmplus_problem_understanding
pairs_arith_v2.csv,2703,arithmetic,gsm8k_test_0302,train,retain,H2_same_template,gsmplus_critical_thinking
pairs_arith_v2.csv,2704,arithmetic,gsm8k_test_0302,train,retain,H1_same_topic,svamp
pairs_arith_v2.csv,2705,arithmetic,gsm8k_test_0302,train,retain,H3_predating,asdiv
pairs_arith_v2.csv,2706,arithmetic,gsm8k_test_0302,train,retain,R_random,truthfulqa
pairs_arith_v2.csv,2734,arithmetic,gsm8k_test_0306,train,remove,C0_exact,gsm8k_copy
pairs_arith_v2.csv,2735,arithmetic,gsm8k_test_0306,train,remove,C1_transformed,lmsys_rephrase
pairs_arith_v2.csv,2736,arithmetic,gsm8k_test_0306,train,remove,C2_answer_bearing,gsm8k_solution_frag
pairs_arith_v2.csv,2737,arithmetic,gsm8k_test_0306,train,retain,H2_same_template,gsmplus_numerical_substitution
pairs_arith_v2.csv,2738,arithmetic,gsm8k_test_0306,train,remove,C1_transformed,gsmplus_problem_understanding
pairs_arith_v2.csv,2739,arithmetic,gsm8k_test_0306,train,retain,H2_same_template,gsmplus_critical_thinking
pairs_arith_v2.csv,2740,arithmetic,gsm8k_test_0306,train,retain,H1_same_topic,svamp
pairs_arith_v2.csv,2741,arithmetic,gsm8k_test_0306,train,retain,H3_predating,asdiv
pairs_arith_v2.csv,2742,arithmetic,gsm8k_test_0306,train,retain,R_random,truthfulqa
pairs_arith_v2.csv,2743,arithmetic,gsm8k_test_0307,train,remove,C0_exact,gsm8k_copy
pairs_arith_v2.csv,2744,arithmetic,gsm8k_test_0307,train,remove,C1_transformed,lmsys_rephrase
pairs_arith_v2.csv,2745,arithmetic,gsm8k_test_0307,train,remove,C2_answer_bearing,gsm8k_solution_frag
pairs_arith_v2.csv,2746,arithmetic,gsm8k_test_0307,train,retain,H2_same_template,gsmplus_numerical_substitution
pairs_arith_v2.csv,2747,arithmetic,gsm8k_test_0307,train,remove,C1_transformed,gsmplus_problem_understanding
pairs_arith_v2.csv,2748,arithmetic,gsm8k_test_0307,train,retain,H2_same_template,gsmplus_critical_thinking
pairs_arith_v2.csv,2749,arithmetic,gsm8k_test_0307,train,retain,H1_same_topic,svamp
pairs_arith_v2.csv,2750,arithmetic,gsm8k_test_0307,train,retain,H3_predating,asdiv
pairs_arith_v2.csv,2751,arithmetic,gsm8k_test_0307,train,retain,R_random,truthfulqa
pairs_arith_v2.csv,2752,arithmetic,gsm8k_test_0308,train,remove,C0_exact,gsm8k_copy
pairs_arith_v2.csv,2753,arithmetic,gsm8k_test_0308,train,remove,C1_transformed,lmsys_rephrase
pairs_arith_v2.csv,2754,arithmetic,gsm8k_test_0308,train,remove,C2_answer_bearing,gsm8k_solution_frag
pairs_arith_v2.csv,2755,arithmetic,gsm8k_test_0308,train,retain,H2_same_template,gsmplus_numerical_substitution
pairs_arith_v2.csv,2756,arithmetic,gsm8k_test_0308,train,remove,C1_transformed,gsmplus_problem_understanding
pairs_arith_v2.csv,2757,arithmetic,gsm8k_test_0308,train,retain,H2_same_template,gsmplus_critical_thinking
pairs_arith_v2.csv,2758,arithmetic,gsm8k_test_0308,train,retain,H1_same_topic,svamp
pairs_arith_v2.csv,2759,arithmetic,gsm8k_test_0308,train,retain,H3_predating,asdiv
pairs_arith_v2.csv,2760,arithmetic,gsm8k_test_0308,train,retain,R_random,truthfulqa
pairs_arith_v2.csv,2779,arithmetic,gsm8k_test_0311,train,remove,C0_exact,gsm8k_copy
pairs_arith_v2.csv,2780,arithmetic,gsm8k_test_0311,train,remove,C1_transformed,lmsys_rephrase
pairs_arith_v2.csv,2781,arithmetic,gsm8k_test_0311,train,remove,C2_answer_bearing,gsm8k_solution_frag
pairs_arith_v2.csv,2782,arithmetic,gsm8k_test_0311,train,retain,H2_same_template,gsmplus_numerical_substitution
pairs_arith_v2.csv,2783,arithmetic,gsm8k_test_0311,train,remove,C1_transformed,gsmplus_problem_understanding
pairs_arith_v2.csv,2784,arithmetic,gsm8k_test_0311,train,retain,H2_same_template,gsmplus_critical_thinking
pairs_arith_v2.csv,2785,arithmetic,gsm8k_test_0311,train,retain,H1_same_topic,svamp
pairs_arith_v2.csv,2786,arithmetic,gsm8k_test_0311,train,retain,H3_predating,asdiv
pairs_arith_v2.csv,2787,arithmetic,gsm8k_test_0311,train,retain,R_random,truthfulqa
pairs_arith_v2.csv,2788,arithmetic,gsm8k_test_0312,train,remove,C0_exact,gsm8k_copy
pairs_arith_v2.csv,2789,arithmetic,gsm8k_test_0312,train,remove,C1_transformed,lmsys_rephrase
pairs_arith_v2.csv,2790,arithmetic,gsm8k_test_0312,train,remove,C2_answer_bearing,gsm8k_solution_frag
pairs_arith_v2.csv,2791,arithmetic,gsm8k_test_0312,train,retain,H2_same_template,gsmplus_numerical_substitution
pairs_arith_v2.csv,2792,arithmetic,gsm8k_test_0312,train,remove,C1_transformed,gsmplus_problem_understanding
pairs_arith_v2.csv,2793,arithmetic,gsm8k_test_0312,train,retain,H2_same_template,gsmplus_critical_thinking
pairs_arith_v2.csv,2794,arithmetic,gsm8k_test_0312,train,retain,H1_same_topic,svamp
pairs_arith_v2.csv,2795,arithmetic,gsm8k_test_0312,train,retain,H3_predating,asdiv
pairs_arith_v2.csv,2796,arithmetic,gsm8k_test_0312,train,retain,R_random,truthfulqa
pairs_arith_v2.csv,2797,arithmetic,gsm8k_test_0313,train,remove,C0_exact,gsm8k_copy
pairs_arith_v2.csv,2798,arithmetic,gsm8k_test_0313,train,remove,C1_transformed,lmsys_rephrase
pairs_arith_v2.csv,2799,arithmetic,gsm8k_test_0313,train,remove,C2_answer_bearing,gsm8k_solution_frag
pairs_arith_v2.csv,2800,arithmetic,gsm8k_test_0313,train,retain,H2_same_template,gsmplus_numerical_substitution
pairs_arith_v2.csv,2801,arithmetic,gsm8k_test_0313,train,remove,C1_transformed,gsmplus_problem_understanding
pairs_arith_v2.csv,2802,arithmetic,gsm8k_test_0313,train,retain,H2_same_template,gsmplus_critical_thinking
pairs_arith_v2.csv,2803,arithmetic,gsm8k_test_0313,train,retain,H1_same_topic,svamp
pairs_arith_v2.csv,2804,arithmetic,gsm8k_test_0313,train,retain,H3_predating,asdiv
pairs_arith_v2.csv,2805,arithmetic,gsm8k_test_0313,train,retain,R_random,truthfulqa
pairs_arith_v2.csv,2806,arithmetic,gsm8k_test_0314,train,remove,C0_exact,gsm8k_copy
pairs_arith_v2.csv,2807,arithmetic,gsm8k_test_0314,train,remove,C1_transformed,lmsys_rephrase
pairs_arith_v2.csv,2808,arithmetic,gsm8k_test_0314,train,remove,C2_answer_bearing,gsm8k_solution_frag
pairs_arith_v2.csv,2809,arithmetic,gsm8k_test_0314,train,retain,H2_same_template,gsmplus_numerical_substitution
pairs_arith_v2.csv,2810,arithmetic,gsm8k_test_0314,train,remove,C1_transformed,gsmplus_problem_understanding
pairs_arith_v2.csv,2811,arithmetic,gsm8k_test_0314,train,retain,H2_same_template,gsmplus_critical_thinking
pairs_arith_v2.csv,2812,arithmetic,gsm8k_test_0314,train,retain,H1_same_topic,svamp
pairs_arith_v2.csv,2813,arithmetic,gsm8k_test_0314,train,retain,H3_predating,asdiv
pairs_arith_v2.csv,2814,arithmetic,gsm8k_test_0314,train,retain,R_random,truthfulqa
pairs_arith_v2.csv,2833,arithmetic,gsm8k_test_0317,train,remove,C0_exact,gsm8k_copy
pairs_arith_v2.csv,2834,arithmetic,gsm8k_test_0317,train,remove,C1_transformed,lmsys_rephrase
pairs_arith_v2.csv,2835,arithmetic,gsm8k_test_0317,train,remove,C2_answer_bearing,gsm8k_solution_frag
pairs_arith_v2.csv,2836,arithmetic,gsm8k_test_0317,train,retain,H2_same_template,gsmplus_numerical_substitution
pairs_arith_v2.csv,2837,arithmetic,gsm8k_test_0317,train,remove,C1_transformed,gsmplus_problem_understanding
pairs_arith_v2.csv,2838,arithmetic,gsm8k_test_0317,train,retain,H2_same_template,gsmplus_critical_thinking
pairs_arith_v2.csv,2839,arithmetic,gsm8k_test_0317,train,retain,H1_same_topic,svamp
pairs_arith_v2.csv,2840,arithmetic,gsm8k_test_0317,train,retain,H3_predating,asdiv
pairs_arith_v2.csv,2841,arithmetic,gsm8k_test_0317,train,retain,R_random,truthfulqa
pairs_arith_v2.csv,2869,arithmetic,gsm8k_test_0321,train,remove,C0_exact,gsm8k_copy
pairs_arith_v2.csv,2870,arithmetic,gsm8k_test_0321,train,remove,C1_transformed,lmsys_rephrase
pairs_arith_v2.csv,2871,arithmetic,gsm8k_test_0321,train,remove,C2_answer_bearing,gsm8k_solution_frag
pairs_arith_v2.csv,2872,arithmetic,gsm8k_test_0321,train,retain,H2_same_template,gsmplus_numerical_substitution
pairs_arith_v2.csv,2873,arithmetic,gsm8k_test_0321,train,remove,C1_transformed,gsmplus_problem_understanding
pairs_arith_v2.csv,2874,arithmetic,gsm8k_test_0321,train,retain,H2_same_template,gsmplus_critical_thinking
pairs_arith_v2.csv,2875,arithmetic,gsm8k_test_0321,train,retain,H1_same_topic,svamp
pairs_arith_v2.csv,2876,arithmetic,gsm8k_test_0321,train,retain,H3_predating,asdiv
pairs_arith_v2.csv,2877,arithmetic,gsm8k_test_0321,train,retain,R_random,truthfulqa
pairs_arith_v2.csv,2887,arithmetic,gsm8k_test_0323,train,remove,C0_exact,gsm8k_copy
pairs_arith_v2.csv,2888,arithmetic,gsm8k_test_0323,train,remove,C1_transformed,lmsys_rephrase
pairs_arith_v2.csv,2889,arithmetic,gsm8k_test_0323,train,remove,C2_answer_bearing,gsm8k_solution_frag
pairs_arith_v2.csv,2890,arithmetic,gsm8k_test_0323,train,retain,H2_same_template,gsmplus_numerical_substitution
pairs_arith_v2.csv,2891,arithmetic,gsm8k_test_0323,train,remove,C1_transformed,gsmplus_problem_understanding
pairs_arith_v2.csv,2892,arithmetic,gsm8k_test_0323,train,retain,H2_same_template,gsmplus_critical_thinking
pairs_arith_v2.csv,2893,arithmetic,gsm8k_test_0323,train,retain,H1_same_topic,svamp
pairs_arith_v2.csv,2894,arithmetic,gsm8k_test_0323,train,retain,H3_predating,asdiv
pairs_arith_v2.csv,2895,arithmetic,gsm8k_test_0323,train,retain,R_random,truthfulqa
pairs_arith_v2.csv,2914,arithmetic,gsm8k_test_0326,train,remove,C0_exact,gsm8k_copy
pairs_arith_v2.csv,2915,arithmetic,gsm8k_test_0326,train,remove,C1_transformed,lmsys_rephrase
pairs_arith_v2.csv,2916,arithmetic,gsm8k_test_0326,train,remove,C2_answer_bearing,gsm8k_solution_frag
pairs_arith_v2.csv,2917,arithmetic,gsm8k_test_0326,train,retain,H2_same_template,gsmplus_numerical_substitution
pairs_arith_v2.csv,2918,arithmetic,gsm8k_test_0326,train,remove,C1_transformed,gsmplus_problem_understanding
pairs_arith_v2.csv,2919,arithmetic,gsm8k_test_0326,train,retain,H2_same_template,gsmplus_critical_thinking
pairs_arith_v2.csv,2920,arithmetic,gsm8k_test_0326,train,retain,H1_same_topic,svamp
pairs_arith_v2.csv,2921,arithmetic,gsm8k_test_0326,train,retain,H3_predating,asdiv
pairs_arith_v2.csv,2922,arithmetic,gsm8k_test_0326,train,retain,R_random,truthfulqa
pairs_arith_v2.csv,2959,arithmetic,gsm8k_test_0331,train,remove,C0_exact,gsm8k_copy
pairs_arith_v2.csv,2960,arithmetic,gsm8k_test_0331,train,remove,C1_transformed,lmsys_rephrase
pairs_arith_v2.csv,2961,arithmetic,gsm8k_test_0331,train,remove,C2_answer_bearing,gsm8k_solution_frag
pairs_arith_v2.csv,2962,arithmetic,gsm8k_test_0331,train,retain,H2_same_template,gsmplus_numerical_substitution
pairs_arith_v2.csv,2963,arithmetic,gsm8k_test_0331,train,remove,C1_transformed,gsmplus_problem_understanding
pairs_arith_v2.csv,2964,arithmetic,gsm8k_test_0331,train,retain,H2_same_template,gsmplus_critical_thinking
pairs_arith_v2.csv,2965,arithmetic,gsm8k_test_0331,train,retain,H1_same_topic,svamp
pairs_arith_v2.csv,2966,arithmetic,gsm8k_test_0331,train,retain,H3_predating,asdiv
pairs_arith_v2.csv,2967,arithmetic,gsm8k_test_0331,train,retain,R_random,truthfulqa
pairs_arith_v2.csv,2986,arithmetic,gsm8k_test_0334,train,remove,C0_exact,gsm8k_copy
pairs_arith_v2.csv,2987,arithmetic,gsm8k_test_0334,train,remove,C1_transformed,lmsys_rephrase
pairs_arith_v2.csv,2988,arithmetic,gsm8k_test_0334,train,remove,C2_answer_bearing,gsm8k_solution_frag
pairs_arith_v2.csv,2989,arithmetic,gsm8k_test_0334,train,retain,H2_same_template,gsmplus_numerical_substitution
pairs_arith_v2.csv,2990,arithmetic,gsm8k_test_0334,train,remove,C1_transformed,gsmplus_problem_understanding
pairs_arith_v2.csv,2991,arithmetic,gsm8k_test_0334,train,retain,H2_same_template,gsmplus_critical_thinking
pairs_arith_v2.csv,2992,arithmetic,gsm8k_test_0334,train,retain,H1_same_topic,svamp
pairs_arith_v2.csv,2993,arithmetic,gsm8k_test_0334,train,retain,H3_predating,asdiv
pairs_arith_v2.csv,2994,arithmetic,gsm8k_test_0334,train,retain,R_random,truthfulqa
pairs_arith_v2.csv,2995,arithmetic,gsm8k_test_0335,train,remove,C0_exact,gsm8k_copy
pairs_arith_v2.csv,2996,arithmetic,gsm8k_test_0335,train,remove,C1_transformed,lmsys_rephrase
pairs_arith_v2.csv,2997,arithmetic,gsm8k_test_0335,train,remove,C2_answer_bearing,gsm8k_solution_frag
pairs_arith_v2.csv,2998,arithmetic,gsm8k_test_0335,train,retain,H2_same_template,gsmplus_numerical_substitution
pairs_arith_v2.csv,2999,arithmetic,gsm8k_test_0335,train,remove,C1_transformed,gsmplus_problem_understanding
pairs_arith_v2.csv,3000,arithmetic,gsm8k_test_0335,train,retain,H2_same_template,gsmplus_critical_thinking
pairs_arith_v2.csv,3001,arithmetic,gsm8k_test_0335,train,retain,H1_same_topic,svamp
pairs_arith_v2.csv,3002,arithmetic,gsm8k_test_0335,train,retain,H3_predating,asdiv
pairs_arith_v2.csv,3003,arithmetic,gsm8k_test_0335,train,retain,R_random,truthfulqa
pairs_arith_v2.csv,3004,arithmetic,gsm8k_test_0336,train,remove,C0_exact,gsm8k_copy
pairs_arith_v2.csv,3005,arithmetic,gsm8k_test_0336,train,remove,C1_transformed,lmsys_rephrase
pairs_arith_v2.csv,3006,arithmetic,gsm8k_test_0336,train,remove,C2_answer_bearing,gsm8k_solution_frag
pairs_arith_v2.csv,3007,arithmetic,gsm8k_test_0336,train,retain,H2_same_template,gsmplus_numerical_substitution
pairs_arith_v2.csv,3008,arithmetic,gsm8k_test_0336,train,remove,C1_transformed,gsmplus_problem_understanding
pairs_arith_v2.csv,3009,arithmetic,gsm8k_test_0336,train,retain,H2_same_template,gsmplus_critical_thinking
pairs_arith_v2.csv,3010,arithmetic,gsm8k_test_0336,train,retain,H1_same_topic,svamp
pairs_arith_v2.csv,3011,arithmetic,gsm8k_test_0336,train,retain,H3_predating,asdiv
pairs_arith_v2.csv,3012,arithmetic,gsm8k_test_0336,train,retain,R_random,truthfulqa
pairs_arith_v2.csv,3022,arithmetic,gsm8k_test_0338,train,remove,C0_exact,gsm8k_copy
pairs_arith_v2.csv,3023,arithmetic,gsm8k_test_0338,train,remove,C1_transformed,lmsys_rephrase
pairs_arith_v2.csv,3024,arithmetic,gsm8k_test_0338,train,remove,C2_answer_bearing,gsm8k_solution_frag
pairs_arith_v2.csv,3025,arithmetic,gsm8k_test_0338,train,retain,H2_same_template,gsmplus_numerical_substitution
pairs_arith_v2.csv,3026,arithmetic,gsm8k_test_0338,train,remove,C1_transformed,gsmplus_problem_understanding
pairs_arith_v2.csv,3027,arithmetic,gsm8k_test_0338,train,retain,H2_same_template,gsmplus_critical_thinking
pairs_arith_v2.csv,3028,arithmetic,gsm8k_test_0338,train,retain,H1_same_topic,svamp
pairs_arith_v2.csv,3029,arithmetic,gsm8k_test_0338,train,retain,H3_predating,asdiv
pairs_arith_v2.csv,3030,arithmetic,gsm8k_test_0338,train,retain,R_random,truthfulqa
pairs_arith_v2.csv,3031,arithmetic,gsm8k_test_0339,train,remove,C0_exact,gsm8k_copy
pairs_arith_v2.csv,3032,arithmetic,gsm8k_test_0339,train,remove,C1_transformed,lmsys_rephrase
pairs_arith_v2.csv,3033,arithmetic,gsm8k_test_0339,train,remove,C2_answer_bearing,gsm8k_solution_frag
pairs_arith_v2.csv,3034,arithmetic,gsm8k_test_0339,train,retain,H2_same_template,gsmplus_numerical_substitution
pairs_arith_v2.csv,3035,arithmetic,gsm8k_test_0339,train,remove,C1_transformed,gsmplus_problem_understanding
pairs_arith_v2.csv,3036,arithmetic,gsm8k_test_0339,train,retain,H2_same_template,gsmplus_critical_thinking
pairs_arith_v2.csv,3037,arithmetic,gsm8k_test_0339,train,retain,H1_same_topic,svamp
pairs_arith_v2.csv,3038,arithmetic,gsm8k_test_0339,train,retain,H3_predating,asdiv
pairs_arith_v2.csv,3039,arithmetic,gsm8k_test_0339,train,retain,R_random,truthfulqa
pairs_arith_v2.csv,3040,arithmetic,gsm8k_test_0340,train,remove,C0_exact,gsm8k_copy
pairs_arith_v2.csv,3041,arithmetic,gsm8k_test_0340,train,remove,C1_transformed,lmsys_rephrase
pairs_arith_v2.csv,3042,arithmetic,gsm8k_test_0340,train,remove,C2_answer_bearing,gsm8k_solution_frag
pairs_arith_v2.csv,3043,arithmetic,gsm8k_test_0340,train,retain,H2_same_template,gsmplus_numerical_substitution
pairs_arith_v2.csv,3044,arithmetic,gsm8k_test_0340,train,remove,C1_transformed,gsmplus_problem_understanding
pairs_arith_v2.csv,3045,arithmetic,gsm8k_test_0340,train,retain,H2_same_template,gsmplus_critical_thinking
pairs_arith_v2.csv,3046,arithmetic,gsm8k_test_0340,train,retain,H1_same_topic,svamp
pairs_arith_v2.csv,3047,arithmetic,gsm8k_test_0340,train,retain,H3_predating,asdiv
pairs_arith_v2.csv,3048,arithmetic,gsm8k_test_0340,train,retain,R_random,truthfulqa
pairs_arith_v2.csv,3049,arithmetic,gsm8k_test_0341,train,remove,C0_exact,gsm8k_copy
pairs_arith_v2.csv,3050,arithmetic,gsm8k_test_0341,train,remove,C1_transformed,lmsys_rephrase
pairs_arith_v2.csv,3051,arithmetic,gsm8k_test_0341,train,remove,C2_answer_bearing,gsm8k_solution_frag
pairs_arith_v2.csv,3052,arithmetic,gsm8k_test_0341,train,retain,H2_same_template,gsmplus_numerical_substitution
pairs_arith_v2.csv,3053,arithmetic,gsm8k_test_0341,train,remove,C1_transformed,gsmplus_problem_understanding
pairs_arith_v2.csv,3054,arithmetic,gsm8k_test_0341,train,retain,H2_same_template,gsmplus_critical_thinking
pairs_arith_v2.csv,3055,arithmetic,gsm8k_test_0341,train,retain,H1_same_topic,svamp
pairs_arith_v2.csv,3056,arithmetic,gsm8k_test_0341,train,retain,H3_predating,asdiv
pairs_arith_v2.csv,3057,arithmetic,gsm8k_test_0341,train,retain,R_random,truthfulqa
pairs_arith_v2.csv,3058,arithmetic,gsm8k_test_0342,train,remove,C0_exact,gsm8k_copy
pairs_arith_v2.csv,3059,arithmetic,gsm8k_test_0342,train,remove,C1_transformed,lmsys_rephrase
pairs_arith_v2.csv,3060,arithmetic,gsm8k_test_0342,train,remove,C2_answer_bearing,gsm8k_solution_frag
pairs_arith_v2.csv,3061,arithmetic,gsm8k_test_0342,train,retain,H2_same_template,gsmplus_numerical_substitution
pairs_arith_v2.csv,3062,arithmetic,gsm8k_test_0342,train,remove,C1_transformed,gsmplus_problem_understanding
pairs_arith_v2.csv,3063,arithmetic,gsm8k_test_0342,train,retain,H2_same_template,gsmplus_critical_thinking
pairs_arith_v2.csv,3064,arithmetic,gsm8k_test_0342,train,retain,H1_same_topic,svamp
pairs_arith_v2.csv,3065,arithmetic,gsm8k_test_0342,train,retain,H3_predating,asdiv
pairs_arith_v2.csv,3066,arithmetic,gsm8k_test_0342,train,retain,R_random,truthfulqa
pairs_arith_v2.csv,3076,arithmetic,gsm8k_test_0344,train,remove,C0_exact,gsm8k_copy
pairs_arith_v2.csv,3077,arithmetic,gsm8k_test_0344,train,remove,C1_transformed,lmsys_rephrase
pairs_arith_v2.csv,3078,arithmetic,gsm8k_test_0344,train,remove,C2_answer_bearing,gsm8k_solution_frag
pairs_arith_v2.csv,3079,arithmetic,gsm8k_test_0344,train,retain,H2_same_template,gsmplus_numerical_substitution
pairs_arith_v2.csv,3080,arithmetic,gsm8k_test_0344,train,remove,C1_transformed,gsmplus_problem_understanding
pairs_arith_v2.csv,3081,arithmetic,gsm8k_test_0344,train,retain,H2_same_template,gsmplus_critical_thinking
pairs_arith_v2.csv,3082,arithmetic,gsm8k_test_0344,train,retain,H1_same_topic,svamp
pairs_arith_v2.csv,3083,arithmetic,gsm8k_test_0344,train,retain,H3_predating,asdiv
pairs_arith_v2.csv,3084,arithmetic,gsm8k_test_0344,train,retain,R_random,truthfulqa
pairs_arith_v2.csv,3085,arithmetic,gsm8k_test_0345,train,remove,C0_exact,gsm8k_copy
pairs_arith_v2.csv,3086,arithmetic,gsm8k_test_0345,train,remove,C1_transformed,lmsys_rephrase
pairs_arith_v2.csv,3087,arithmetic,gsm8k_test_0345,train,remove,C2_answer_bearing,gsm8k_solution_frag
pairs_arith_v2.csv,3088,arithmetic,gsm8k_test_0345,train,retain,H2_same_template,gsmplus_numerical_substitution
pairs_arith_v2.csv,3089,arithmetic,gsm8k_test_0345,train,remove,C1_transformed,gsmplus_problem_understanding
pairs_arith_v2.csv,3090,arithmetic,gsm8k_test_0345,train,retain,H2_same_template,gsmplus_critical_thinking
pairs_arith_v2.csv,3091,arithmetic,gsm8k_test_0345,train,retain,H1_same_topic,svamp
pairs_arith_v2.csv,3092,arithmetic,gsm8k_test_0345,train,retain,H3_predating,asdiv
pairs_arith_v2.csv,3093,arithmetic,gsm8k_test_0345,train,retain,R_random,truthfulqa
pairs_arith_v2.csv,3139,arithmetic,gsm8k_test_0351,train,remove,C0_exact,gsm8k_copy
pairs_arith_v2.csv,3140,arithmetic,gsm8k_test_0351,train,remove,C1_transformed,lmsys_rephrase
pairs_arith_v2.csv,3141,arithmetic,gsm8k_test_0351,train,remove,C2_answer_bearing,gsm8k_solution_frag
pairs_arith_v2.csv,3142,arithmetic,gsm8k_test_0351,train,retain,H2_same_template,gsmplus_numerical_substitution
pairs_arith_v2.csv,3143,arithmetic,gsm8k_test_0351,train,remove,C1_transformed,gsmplus_problem_understanding
pairs_arith_v2.csv,3144,arithmetic,gsm8k_test_0351,train,retain,H2_same_template,gsmplus_critical_thinking
pairs_arith_v2.csv,3145,arithmetic,gsm8k_test_0351,train,retain,H1_same_topic,svamp
pairs_arith_v2.csv,3146,arithmetic,gsm8k_test_0351,train,retain,H3_predating,asdiv
pairs_arith_v2.csv,3147,arithmetic,gsm8k_test_0351,train,retain,R_random,truthfulqa
pairs_arith_v2.csv,3193,arithmetic,gsm8k_test_0357,train,remove,C0_exact,gsm8k_copy
pairs_arith_v2.csv,3194,arithmetic,gsm8k_test_0357,train,remove,C1_transformed,lmsys_rephrase
pairs_arith_v2.csv,3195,arithmetic,gsm8k_test_0357,train,remove,C2_answer_bearing,gsm8k_solution_frag
pairs_arith_v2.csv,3196,arithmetic,gsm8k_test_0357,train,retain,H2_same_template,gsmplus_numerical_substitution
pairs_arith_v2.csv,3197,arithmetic,gsm8k_test_0357,train,remove,C1_transformed,gsmplus_problem_understanding
pairs_arith_v2.csv,3198,arithmetic,gsm8k_test_0357,train,retain,H2_same_template,gsmplus_critical_thinking
pairs_arith_v2.csv,3199,arithmetic,gsm8k_test_0357,train,retain,H1_same_topic,svamp
pairs_arith_v2.csv,3200,arithmetic,gsm8k_test_0357,train,retain,H3_predating,asdiv
pairs_arith_v2.csv,3201,arithmetic,gsm8k_test_0357,train,retain,R_random,truthfulqa
pairs_arith_v2.csv,3273,arithmetic,gsm8k_test_0366,train,remove,C0_exact,gsm8k_copy
pairs_arith_v2.csv,3274,arithmetic,gsm8k_test_0366,train,remove,C1_transformed,lmsys_rephrase
pairs_arith_v2.csv,3275,arithmetic,gsm8k_test_0366,train,remove,C2_answer_bearing,gsm8k_solution_frag
pairs_arith_v2.csv,3276,arithmetic,gsm8k_test_0366,train,retain,H2_same_template,gsmplus_numerical_substitution
pairs_arith_v2.csv,3277,arithmetic,gsm8k_test_0366,train,remove,C1_transformed,gsmplus_problem_understanding
pairs_arith_v2.csv,3278,arithmetic,gsm8k_test_0366,train,retain,H2_same_template,gsmplus_critical_thinking
pairs_arith_v2.csv,3279,arithmetic,gsm8k_test_0366,train,retain,H1_same_topic,svamp
pairs_arith_v2.csv,3280,arithmetic,gsm8k_test_0366,train,retain,H3_predating,asdiv
pairs_arith_v2.csv,3281,arithmetic,gsm8k_test_0366,train,retain,R_random,truthfulqa
pairs_arith_v2.csv,3282,arithmetic,gsm8k_test_0367,train,remove,C0_exact,gsm8k_copy
pairs_arith_v2.csv,3283,arithmetic,gsm8k_test_0367,train,remove,C1_transformed,lmsys_rephrase
pairs_arith_v2.csv,3284,arithmetic,gsm8k_test_0367,train,remove,C2_answer_bearing,gsm8k_solution_frag
pairs_arith_v2.csv,3285,arithmetic,gsm8k_test_0367,train,retain,H2_same_template,gsmplus_numerical_substitution
pairs_arith_v2.csv,3286,arithmetic,gsm8k_test_0367,train,remove,C1_transformed,gsmplus_problem_understanding
pairs_arith_v2.csv,3287,arithmetic,gsm8k_test_0367,train,retain,H2_same_template,gsmplus_critical_thinking
pairs_arith_v2.csv,3288,arithmetic,gsm8k_test_0367,train,retain,H1_same_topic,svamp
pairs_arith_v2.csv,3289,arithmetic,gsm8k_test_0367,train,retain,H3_predating,asdiv
pairs_arith_v2.csv,3290,arithmetic,gsm8k_test_0367,train,retain,R_random,truthfulqa
pairs_arith_v2.csv,3291,arithmetic,gsm8k_test_0368,train,remove,C0_exact,gsm8k_copy
pairs_arith_v2.csv,3292,arithmetic,gsm8k_test_0368,train,remove,C1_transformed,lmsys_rephrase
pairs_arith_v2.csv,3293,arithmetic,gsm8k_test_0368,train,remove,C2_answer_bearing,gsm8k_solution_frag
pairs_arith_v2.csv,3294,arithmetic,gsm8k_test_0368,train,retain,H2_same_template,gsmplus_numerical_substitution
pairs_arith_v2.csv,3295,arithmetic,gsm8k_test_0368,train,remove,C1_transformed,gsmplus_problem_understanding
pairs_arith_v2.csv,3296,arithmetic,gsm8k_test_0368,train,retain,H2_same_template,gsmplus_critical_thinking
pairs_arith_v2.csv,3297,arithmetic,gsm8k_test_0368,train,retain,H1_same_topic,svamp
pairs_arith_v2.csv,3298,arithmetic,gsm8k_test_0368,train,retain,H3_predating,asdiv
pairs_arith_v2.csv,3299,arithmetic,gsm8k_test_0368,train,retain,R_random,truthfulqa
pairs_arith_v2.csv,3309,arithmetic,gsm8k_test_0370,train,remove,C0_exact,gsm8k_copy
pairs_arith_v2.csv,3310,arithmetic,gsm8k_test_0370,train,remove,C1_transformed,lmsys_rephrase
pairs_arith_v2.csv,3311,arithmetic,gsm8k_test_0370,train,remove,C2_answer_bearing,gsm8k_solution_frag
pairs_arith_v2.csv,3312,arithmetic,gsm8k_test_0370,train,retain,H2_same_template,gsmplus_numerical_substitution
pairs_arith_v2.csv,3313,arithmetic,gsm8k_test_0370,train,remove,C1_transformed,gsmplus_problem_understanding
pairs_arith_v2.csv,3314,arithmetic,gsm8k_test_0370,train,retain,H2_same_template,gsmplus_critical_thinking
pairs_arith_v2.csv,3315,arithmetic,gsm8k_test_0370,train,retain,H1_same_topic,svamp
pairs_arith_v2.csv,3316,arithmetic,gsm8k_test_0370,train,retain,H3_predating,asdiv
pairs_arith_v2.csv,3317,arithmetic,gsm8k_test_0370,train,retain,R_random,truthfulqa
pairs_arith_v2.csv,3318,arithmetic,gsm8k_test_0371,train,remove,C0_exact,gsm8k_copy
pairs_arith_v2.csv,3319,arithmetic,gsm8k_test_0371,train,remove,C1_transformed,lmsys_rephrase
pairs_arith_v2.csv,3320,arithmetic,gsm8k_test_0371,train,remove,C2_answer_bearing,gsm8k_solution_frag
pairs_arith_v2.csv,3321,arithmetic,gsm8k_test_0371,train,retain,H2_same_template,gsmplus_numerical_substitution
pairs_arith_v2.csv,3322,arithmetic,gsm8k_test_0371,train,remove,C1_transformed,gsmplus_problem_understanding
pairs_arith_v2.csv,3323,arithmetic,gsm8k_test_0371,train,retain,H2_same_template,gsmplus_critical_thinking
pairs_arith_v2.csv,3324,arithmetic,gsm8k_test_0371,train,retain,H1_same_topic,svamp
pairs_arith_v2.csv,3325,arithmetic,gsm8k_test_0371,train,retain,H3_predating,asdiv
pairs_arith_v2.csv,3326,arithmetic,gsm8k_test_0371,train,retain,R_random,truthfulqa
pairs_arith_v2.csv,3327,arithmetic,gsm8k_test_0372,train,remove,C0_exact,gsm8k_copy
pairs_arith_v2.csv,3328,arithmetic,gsm8k_test_0372,train,remove,C1_transformed,lmsys_rephrase
pairs_arith_v2.csv,3329,arithmetic,gsm8k_test_0372,train,remove,C2_answer_bearing,gsm8k_solution_frag
pairs_arith_v2.csv,3330,arithmetic,gsm8k_test_0372,train,retain,H2_same_template,gsmplus_numerical_substitution
pairs_arith_v2.csv,3331,arithmetic,gsm8k_test_0372,train,remove,C1_transformed,gsmplus_problem_understanding
pairs_arith_v2.csv,3332,arithmetic,gsm8k_test_0372,train,retain,H2_same_template,gsmplus_critical_thinking
pairs_arith_v2.csv,3333,arithmetic,gsm8k_test_0372,train,retain,H1_same_topic,svamp
pairs_arith_v2.csv,3334,arithmetic,gsm8k_test_0372,train,retain,H3_predating,asdiv
pairs_arith_v2.csv,3335,arithmetic,gsm8k_test_0372,train,retain,R_random,truthfulqa
pairs_arith_v2.csv,3354,arithmetic,gsm8k_test_0375,train,remove,C0_exact,gsm8k_copy
pairs_arith_v2.csv,3355,arithmetic,gsm8k_test_0375,train,remove,C1_transformed,lmsys_rephrase
pairs_arith_v2.csv,3356,arithmetic,gsm8k_test_0375,train,remove,C2_answer_bearing,gsm8k_solution_frag
pairs_arith_v2.csv,3357,arithmetic,gsm8k_test_0375,train,retain,H2_same_template,gsmplus_numerical_substitution
pairs_arith_v2.csv,3358,arithmetic,gsm8k_test_0375,train,remove,C1_transformed,gsmplus_problem_understanding
pairs_arith_v2.csv,3359,arithmetic,gsm8k_test_0375,train,retain,H2_same_template,gsmplus_critical_thinking
pairs_arith_v2.csv,3360,arithmetic,gsm8k_test_0375,train,retain,H1_same_topic,svamp
pairs_arith_v2.csv,3361,arithmetic,gsm8k_test_0375,train,retain,H3_predating,asdiv
pairs_arith_v2.csv,3362,arithmetic,gsm8k_test_0375,train,retain,R_random,truthfulqa
pairs_arith_v2.csv,3398,arithmetic,gsm8k_test_0380,train,remove,C0_exact,gsm8k_copy
pairs_arith_v2.csv,3399,arithmetic,gsm8k_test_0380,train,remove,C1_transformed,lmsys_rephrase
pairs_arith_v2.csv,3400,arithmetic,gsm8k_test_0380,train,remove,C2_answer_bearing,gsm8k_solution_frag
pairs_arith_v2.csv,3401,arithmetic,gsm8k_test_0380,train,retain,H2_same_template,gsmplus_numerical_substitution
pairs_arith_v2.csv,3402,arithmetic,gsm8k_test_0380,train,remove,C1_transformed,gsmplus_problem_understanding
pairs_arith_v2.csv,3403,arithmetic,gsm8k_test_0380,train,retain,H2_same_template,gsmplus_critical_thinking
pairs_arith_v2.csv,3404,arithmetic,gsm8k_test_0380,train,retain,H1_same_topic,svamp
pairs_arith_v2.csv,3405,arithmetic,gsm8k_test_0380,train,retain,H3_predating,asdiv
pairs_arith_v2.csv,3406,arithmetic,gsm8k_test_0380,train,retain,R_random,truthfulqa
pairs_arith_v2.csv,3407,arithmetic,gsm8k_test_0381,train,remove,C0_exact,gsm8k_copy
pairs_arith_v2.csv,3408,arithmetic,gsm8k_test_0381,train,remove,C1_transformed,lmsys_rephrase
pairs_arith_v2.csv,3409,arithmetic,gsm8k_test_0381,train,remove,C2_answer_bearing,gsm8k_solution_frag
pairs_arith_v2.csv,3410,arithmetic,gsm8k_test_0381,train,retain,H2_same_template,gsmplus_numerical_substitution
pairs_arith_v2.csv,3411,arithmetic,gsm8k_test_0381,train,remove,C1_transformed,gsmplus_problem_understanding
pairs_arith_v2.csv,3412,arithmetic,gsm8k_test_0381,train,retain,H2_same_template,gsmplus_critical_thinking
pairs_arith_v2.csv,3413,arithmetic,gsm8k_test_0381,train,retain,H1_same_topic,svamp
pairs_arith_v2.csv,3414,arithmetic,gsm8k_test_0381,train,retain,H3_predating,asdiv
pairs_arith_v2.csv,3415,arithmetic,gsm8k_test_0381,train,retain,R_random,truthfulqa
pairs_arith_v2.csv,3416,arithmetic,gsm8k_test_0382,train,remove,C0_exact,gsm8k_copy
pairs_arith_v2.csv,3417,arithmetic,gsm8k_test_0382,train,remove,C1_transformed,lmsys_rephrase
pairs_arith_v2.csv,3418,arithmetic,gsm8k_test_0382,train,remove,C2_answer_bearing,gsm8k_solution_frag
pairs_arith_v2.csv,3419,arithmetic,gsm8k_test_0382,train,retain,H2_same_template,gsmplus_numerical_substitution
pairs_arith_v2.csv,3420,arithmetic,gsm8k_test_0382,train,remove,C1_transformed,gsmplus_problem_understanding
pairs_arith_v2.csv,3421,arithmetic,gsm8k_test_0382,train,retain,H2_same_template,gsmplus_critical_thinking
pairs_arith_v2.csv,3422,arithmetic,gsm8k_test_0382,train,retain,H1_same_topic,svamp
pairs_arith_v2.csv,3423,arithmetic,gsm8k_test_0382,train,retain,H3_predating,asdiv
pairs_arith_v2.csv,3424,arithmetic,gsm8k_test_0382,train,retain,R_random,truthfulqa
pairs_arith_v2.csv,3470,arithmetic,gsm8k_test_0388,train,remove,C0_exact,gsm8k_copy
pairs_arith_v2.csv,3471,arithmetic,gsm8k_test_0388,train,remove,C1_transformed,lmsys_rephrase
pairs_arith_v2.csv,3472,arithmetic,gsm8k_test_0388,train,remove,C2_answer_bearing,gsm8k_solution_frag
pairs_arith_v2.csv,3473,arithmetic,gsm8k_test_0388,train,retain,H2_same_template,gsmplus_numerical_substitution
pairs_arith_v2.csv,3474,arithmetic,gsm8k_test_0388,train,remove,C1_transformed,gsmplus_problem_understanding
pairs_arith_v2.csv,3475,arithmetic,gsm8k_test_0388,train,retain,H2_same_template,gsmplus_critical_thinking
pairs_arith_v2.csv,3476,arithmetic,gsm8k_test_0388,train,retain,H1_same_topic,svamp
pairs_arith_v2.csv,3477,arithmetic,gsm8k_test_0388,train,retain,H3_predating,asdiv
pairs_arith_v2.csv,3478,arithmetic,gsm8k_test_0388,train,retain,R_random,truthfulqa
pairs_arith_v2.csv,3479,arithmetic,gsm8k_test_0389,train,remove,C0_exact,gsm8k_copy
pairs_arith_v2.csv,3480,arithmetic,gsm8k_test_0389,train,remove,C1_transformed,lmsys_rephrase
pairs_arith_v2.csv,3481,arithmetic,gsm8k_test_0389,train,remove,C2_answer_bearing,gsm8k_solution_frag
pairs_arith_v2.csv,3482,arithmetic,gsm8k_test_0389,train,retain,H2_same_template,gsmplus_numerical_substitution
pairs_arith_v2.csv,3483,arithmetic,gsm8k_test_0389,train,remove,C1_transformed,gsmplus_problem_understanding
pairs_arith_v2.csv,3484,arithmetic,gsm8k_test_0389,train,retain,H2_same_template,gsmplus_critical_thinking
pairs_arith_v2.csv,3485,arithmetic,gsm8k_test_0389,train,retain,H1_same_topic,svamp
pairs_arith_v2.csv,3486,arithmetic,gsm8k_test_0389,train,retain,H3_predating,asdiv
pairs_arith_v2.csv,3487,arithmetic,gsm8k_test_0389,train,retain,R_random,truthfulqa
pairs_arith_v2.csv,3506,arithmetic,gsm8k_test_0392,train,remove,C0_exact,gsm8k_copy
pairs_arith_v2.csv,3507,arithmetic,gsm8k_test_0392,train,remove,C1_transformed,lmsys_rephrase
pairs_arith_v2.csv,3508,arithmetic,gsm8k_test_0392,train,remove,C2_answer_bearing,gsm8k_solution_frag
pairs_arith_v2.csv,3509,arithmetic,gsm8k_test_0392,train,retain,H2_same_template,gsmplus_numerical_substitution
pairs_arith_v2.csv,3510,arithmetic,gsm8k_test_0392,train,remove,C1_transformed,gsmplus_problem_understanding
pairs_arith_v2.csv,3511,arithmetic,gsm8k_test_0392,train,retain,H2_same_template,gsmplus_critical_thinking
pairs_arith_v2.csv,3512,arithmetic,gsm8k_test_0392,train,retain,H1_same_topic,svamp
pairs_arith_v2.csv,3513,arithmetic,gsm8k_test_0392,train,retain,H3_predating,asdiv
pairs_arith_v2.csv,3514,arithmetic,gsm8k_test_0392,train,retain,R_random,truthfulqa
pairs_arith_v2.csv,3515,arithmetic,gsm8k_test_0393,train,remove,C0_exact,gsm8k_copy
pairs_arith_v2.csv,3516,arithmetic,gsm8k_test_0393,train,remove,C1_transformed,lmsys_rephrase
pairs_arith_v2.csv,3517,arithmetic,gsm8k_test_0393,train,remove,C2_answer_bearing,gsm8k_solution_frag
pairs_arith_v2.csv,3518,arithmetic,gsm8k_test_0393,train,retain,H2_same_template,gsmplus_numerical_substitution
pairs_arith_v2.csv,3519,arithmetic,gsm8k_test_0393,train,remove,C1_transformed,gsmplus_problem_understanding
pairs_arith_v2.csv,3520,arithmetic,gsm8k_test_0393,train,retain,H2_same_template,gsmplus_critical_thinking
pairs_arith_v2.csv,3521,arithmetic,gsm8k_test_0393,train,retain,H1_same_topic,svamp
pairs_arith_v2.csv,3522,arithmetic,gsm8k_test_0393,train,retain,H3_predating,asdiv
pairs_arith_v2.csv,3523,arithmetic,gsm8k_test_0393,train,retain,R_random,truthfulqa
pairs_arith_v2.csv,3524,arithmetic,gsm8k_test_0394,train,remove,C0_exact,gsm8k_copy
pairs_arith_v2.csv,3525,arithmetic,gsm8k_test_0394,train,remove,C1_transformed,lmsys_rephrase
pairs_arith_v2.csv,3526,arithmetic,gsm8k_test_0394,train,remove,C2_answer_bearing,gsm8k_solution_frag
pairs_arith_v2.csv,3527,arithmetic,gsm8k_test_0394,train,retain,H2_same_template,gsmplus_numerical_substitution
pairs_arith_v2.csv,3528,arithmetic,gsm8k_test_0394,train,remove,C1_transformed,gsmplus_problem_understanding
pairs_arith_v2.csv,3529,arithmetic,gsm8k_test_0394,train,retain,H2_same_template,gsmplus_critical_thinking
pairs_arith_v2.csv,3530,arithmetic,gsm8k_test_0394,train,retain,H1_same_topic,svamp
pairs_arith_v2.csv,3531,arithmetic,gsm8k_test_0394,train,retain,H3_predating,asdiv
pairs_arith_v2.csv,3532,arithmetic,gsm8k_test_0394,train,retain,R_random,truthfulqa
pairs_arith_v2.csv,3542,arithmetic,gsm8k_test_0396,train,remove,C0_exact,gsm8k_copy
pairs_arith_v2.csv,3543,arithmetic,gsm8k_test_0396,train,remove,C1_transformed,lmsys_rephrase
pairs_arith_v2.csv,3544,arithmetic,gsm8k_test_0396,train,remove,C2_answer_bearing,gsm8k_solution_frag
pairs_arith_v2.csv,3545,arithmetic,gsm8k_test_0396,train,retain,H2_same_template,gsmplus_numerical_substitution
pairs_arith_v2.csv,3546,arithmetic,gsm8k_test_0396,train,remove,C1_transformed,gsmplus_problem_understanding
pairs_arith_v2.csv,3547,arithmetic,gsm8k_test_0396,train,retain,H2_same_template,gsmplus_critical_thinking
pairs_arith_v2.csv,3548,arithmetic,gsm8k_test_0396,train,retain,H1_same_topic,svamp
pairs_arith_v2.csv,3549,arithmetic,gsm8k_test_0396,train,retain,H3_predating,asdiv
pairs_arith_v2.csv,3550,arithmetic,gsm8k_test_0396,train,retain,R_random,truthfulqa
pairs_arith_v2.csv,3551,arithmetic,gsm8k_test_0397,train,remove,C0_exact,gsm8k_copy
pairs_arith_v2.csv,3552,arithmetic,gsm8k_test_0397,train,remove,C1_transformed,lmsys_rephrase
pairs_arith_v2.csv,3553,arithmetic,gsm8k_test_0397,train,remove,C2_answer_bearing,gsm8k_solution_frag
pairs_arith_v2.csv,3554,arithmetic,gsm8k_test_0397,train,retain,H2_same_template,gsmplus_numerical_substitution
pairs_arith_v2.csv,3555,arithmetic,gsm8k_test_0397,train,remove,C1_transformed,gsmplus_problem_understanding
pairs_arith_v2.csv,3556,arithmetic,gsm8k_test_0397,train,retain,H2_same_template,gsmplus_critical_thinking
pairs_arith_v2.csv,3557,arithmetic,gsm8k_test_0397,train,retain,H1_same_topic,svamp
pairs_arith_v2.csv,3558,arithmetic,gsm8k_test_0397,train,retain,H3_predating,asdiv
pairs_arith_v2.csv,3559,arithmetic,gsm8k_test_0397,train,retain,R_random,truthfulqa
pairs_arith_v2.csv,3596,arithmetic,gsm8k_test_0402,train,remove,C0_exact,gsm8k_copy
pairs_arith_v2.csv,3597,arithmetic,gsm8k_test_0402,train,remove,C1_transformed,lmsys_rephrase
pairs_arith_v2.csv,3598,arithmetic,gsm8k_test_0402,train,remove,C2_answer_bearing,gsm8k_solution_frag
pairs_arith_v2.csv,3599,arithmetic,gsm8k_test_0402,train,remove,C1_transformed,gsmplus_problem_understanding
pairs_arith_v2.csv,3600,arithmetic,gsm8k_test_0402,train,retain,H2_same_template,gsmplus_critical_thinking
pairs_arith_v2.csv,3601,arithmetic,gsm8k_test_0402,train,retain,H1_same_topic,svamp
pairs_arith_v2.csv,3602,arithmetic,gsm8k_test_0402,train,retain,H3_predating,asdiv
pairs_arith_v2.csv,3603,arithmetic,gsm8k_test_0402,train,retain,R_random,truthfulqa
pairs_arith_v2.csv,3622,arithmetic,gsm8k_test_0405,train,remove,C0_exact,gsm8k_copy
pairs_arith_v2.csv,3623,arithmetic,gsm8k_test_0405,train,remove,C1_transformed,lmsys_rephrase
pairs_arith_v2.csv,3624,arithmetic,gsm8k_test_0405,train,remove,C2_answer_bearing,gsm8k_solution_frag
pairs_arith_v2.csv,3625,arithmetic,gsm8k_test_0405,train,retain,H2_same_template,gsmplus_numerical_substitution
pairs_arith_v2.csv,3626,arithmetic,gsm8k_test_0405,train,remove,C1_transformed,gsmplus_problem_understanding
pairs_arith_v2.csv,3627,arithmetic,gsm8k_test_0405,train,retain,H2_same_template,gsmplus_critical_thinking
pairs_arith_v2.csv,3628,arithmetic,gsm8k_test_0405,train,retain,H1_same_topic,svamp
pairs_arith_v2.csv,3629,arithmetic,gsm8k_test_0405,train,retain,H3_predating,asdiv
pairs_arith_v2.csv,3630,arithmetic,gsm8k_test_0405,train,retain,R_random,truthfulqa
pairs_arith_v2.csv,3667,arithmetic,gsm8k_test_0410,train,remove,C0_exact,gsm8k_copy
pairs_arith_v2.csv,3668,arithmetic,gsm8k_test_0410,train,remove,C1_transformed,lmsys_rephrase
pairs_arith_v2.csv,3669,arithmetic,gsm8k_test_0410,train,remove,C2_answer_bearing,gsm8k_solution_frag
pairs_arith_v2.csv,3670,arithmetic,gsm8k_test_0410,train,retain,H2_same_template,gsmplus_numerical_substitution
pairs_arith_v2.csv,3671,arithmetic,gsm8k_test_0410,train,remove,C1_transformed,gsmplus_problem_understanding
pairs_arith_v2.csv,3672,arithmetic,gsm8k_test_0410,train,retain,H2_same_template,gsmplus_critical_thinking
pairs_arith_v2.csv,3673,arithmetic,gsm8k_test_0410,train,retain,H1_same_topic,svamp
pairs_arith_v2.csv,3674,arithmetic,gsm8k_test_0410,train,retain,H3_predating,asdiv
pairs_arith_v2.csv,3675,arithmetic,gsm8k_test_0410,train,retain,R_random,truthfulqa
pairs_arith_v2.csv,3676,arithmetic,gsm8k_test_0411,train,remove,C0_exact,gsm8k_copy
pairs_arith_v2.csv,3677,arithmetic,gsm8k_test_0411,train,remove,C1_transformed,lmsys_rephrase
pairs_arith_v2.csv,3678,arithmetic,gsm8k_test_0411,train,remove,C2_answer_bearing,gsm8k_solution_frag
pairs_arith_v2.csv,3679,arithmetic,gsm8k_test_0411,train,retain,H2_same_template,gsmplus_numerical_substitution
pairs_arith_v2.csv,3680,arithmetic,gsm8k_test_0411,train,remove,C1_transformed,gsmplus_problem_understanding
pairs_arith_v2.csv,3681,arithmetic,gsm8k_test_0411,train,retain,H2_same_template,gsmplus_critical_thinking
pairs_arith_v2.csv,3682,arithmetic,gsm8k_test_0411,train,retain,H1_same_topic,svamp
pairs_arith_v2.csv,3683,arithmetic,gsm8k_test_0411,train,retain,H3_predating,asdiv
pairs_arith_v2.csv,3684,arithmetic,gsm8k_test_0411,train,retain,R_random,truthfulqa
pairs_arith_v2.csv,3694,arithmetic,gsm8k_test_0413,train,remove,C0_exact,gsm8k_copy
pairs_arith_v2.csv,3695,arithmetic,gsm8k_test_0413,train,remove,C1_transformed,lmsys_rephrase
pairs_arith_v2.csv,3696,arithmetic,gsm8k_test_0413,train,remove,C2_answer_bearing,gsm8k_solution_frag
pairs_arith_v2.csv,3697,arithmetic,gsm8k_test_0413,train,retain,H2_same_template,gsmplus_numerical_substitution
pairs_arith_v2.csv,3698,arithmetic,gsm8k_test_0413,train,remove,C1_transformed,gsmplus_problem_understanding
pairs_arith_v2.csv,3699,arithmetic,gsm8k_test_0413,train,retain,H2_same_template,gsmplus_critical_thinking
pairs_arith_v2.csv,3700,arithmetic,gsm8k_test_0413,train,retain,H1_same_topic,svamp
pairs_arith_v2.csv,3701,arithmetic,gsm8k_test_0413,train,retain,H3_predating,asdiv
pairs_arith_v2.csv,3702,arithmetic,gsm8k_test_0413,train,retain,R_random,truthfulqa
pairs_arith_v2.csv,3730,arithmetic,gsm8k_test_0417,train,remove,C0_exact,gsm8k_copy
pairs_arith_v2.csv,3731,arithmetic,gsm8k_test_0417,train,remove,C1_transformed,lmsys_rephrase
pairs_arith_v2.csv,3732,arithmetic,gsm8k_test_0417,train,remove,C2_answer_bearing,gsm8k_solution_frag
pairs_arith_v2.csv,3733,arithmetic,gsm8k_test_0417,train,retain,H2_same_template,gsmplus_numerical_substitution
pairs_arith_v2.csv,3734,arithmetic,gsm8k_test_0417,train,remove,C1_transformed,gsmplus_problem_understanding
pairs_arith_v2.csv,3735,arithmetic,gsm8k_test_0417,train,retain,H2_same_template,gsmplus_critical_thinking
pairs_arith_v2.csv,3736,arithmetic,gsm8k_test_0417,train,retain,H1_same_topic,svamp
pairs_arith_v2.csv,3737,arithmetic,gsm8k_test_0417,train,retain,H3_predating,asdiv
pairs_arith_v2.csv,3738,arithmetic,gsm8k_test_0417,train,retain,R_random,truthfulqa
pairs_arith_v2.csv,3757,arithmetic,gsm8k_test_0420,train,remove,C0_exact,gsm8k_copy
pairs_arith_v2.csv,3758,arithmetic,gsm8k_test_0420,train,remove,C1_transformed,lmsys_rephrase
pairs_arith_v2.csv,3759,arithmetic,gsm8k_test_0420,train,remove,C2_answer_bearing,gsm8k_solution_frag
pairs_arith_v2.csv,3760,arithmetic,gsm8k_test_0420,train,retain,H2_same_template,gsmplus_numerical_substitution
pairs_arith_v2.csv,3761,arithmetic,gsm8k_test_0420,train,remove,C1_transformed,gsmplus_problem_understanding
pairs_arith_v2.csv,3762,arithmetic,gsm8k_test_0420,train,retain,H2_same_template,gsmplus_critical_thinking
pairs_arith_v2.csv,3763,arithmetic,gsm8k_test_0420,train,retain,H1_same_topic,svamp
pairs_arith_v2.csv,3764,arithmetic,gsm8k_test_0420,train,retain,H3_predating,asdiv
pairs_arith_v2.csv,3765,arithmetic,gsm8k_test_0420,train,retain,R_random,truthfulqa
pairs_arith_v2.csv,3775,arithmetic,gsm8k_test_0422,train,remove,C0_exact,gsm8k_copy
pairs_arith_v2.csv,3776,arithmetic,gsm8k_test_0422,train,remove,C1_transformed,lmsys_rephrase
pairs_arith_v2.csv,3777,arithmetic,gsm8k_test_0422,train,remove,C2_answer_bearing,gsm8k_solution_frag
pairs_arith_v2.csv,3778,arithmetic,gsm8k_test_0422,train,retain,H2_same_template,gsmplus_numerical_substitution
pairs_arith_v2.csv,3779,arithmetic,gsm8k_test_0422,train,remove,C1_transformed,gsmplus_problem_understanding
pairs_arith_v2.csv,3780,arithmetic,gsm8k_test_0422,train,retain,H2_same_template,gsmplus_critical_thinking
pairs_arith_v2.csv,3781,arithmetic,gsm8k_test_0422,train,retain,H1_same_topic,svamp
pairs_arith_v2.csv,3782,arithmetic,gsm8k_test_0422,train,retain,H3_predating,asdiv
pairs_arith_v2.csv,3783,arithmetic,gsm8k_test_0422,train,retain,R_random,truthfulqa
pairs_arith_v2.csv,3802,arithmetic,gsm8k_test_0425,train,remove,C0_exact,gsm8k_copy
pairs_arith_v2.csv,3803,arithmetic,gsm8k_test_0425,train,remove,C1_transformed,lmsys_rephrase
pairs_arith_v2.csv,3804,arithmetic,gsm8k_test_0425,train,remove,C2_answer_bearing,gsm8k_solution_frag
pairs_arith_v2.csv,3805,arithmetic,gsm8k_test_0425,train,retain,H2_same_template,gsmplus_numerical_substitution
pairs_arith_v2.csv,3806,arithmetic,gsm8k_test_0425,train,remove,C1_transformed,gsmplus_problem_understanding
pairs_arith_v2.csv,3807,arithmetic,gsm8k_test_0425,train,retain,H2_same_template,gsmplus_critical_thinking
pairs_arith_v2.csv,3808,arithmetic,gsm8k_test_0425,train,retain,H1_same_topic,svamp
pairs_arith_v2.csv,3809,arithmetic,gsm8k_test_0425,train,retain,H3_predating,asdiv
pairs_arith_v2.csv,3810,arithmetic,gsm8k_test_0425,train,retain,R_random,truthfulqa
pairs_arith_v2.csv,3811,arithmetic,gsm8k_test_0426,train,remove,C0_exact,gsm8k_copy
pairs_arith_v2.csv,3812,arithmetic,gsm8k_test_0426,train,remove,C1_transformed,lmsys_rephrase
pairs_arith_v2.csv,3813,arithmetic,gsm8k_test_0426,train,remove,C2_answer_bearing,gsm8k_solution_frag
pairs_arith_v2.csv,3814,arithmetic,gsm8k_test_0426,train,retain,H2_same_template,gsmplus_numerical_substitution
pairs_arith_v2.csv,3815,arithmetic,gsm8k_test_0426,train,remove,C1_transformed,gsmplus_problem_understanding
pairs_arith_v2.csv,3816,arithmetic,gsm8k_test_0426,train,retain,H2_same_template,gsmplus_critical_thinking
pairs_arith_v2.csv,3817,arithmetic,gsm8k_test_0426,train,retain,H1_same_topic,svamp
pairs_arith_v2.csv,3818,arithmetic,gsm8k_test_0426,train,retain,H3_predating,asdiv
pairs_arith_v2.csv,3819,arithmetic,gsm8k_test_0426,train,retain,R_random,truthfulqa
pairs_arith_v2.csv,3838,arithmetic,gsm8k_test_0429,train,remove,C0_exact,gsm8k_copy
pairs_arith_v2.csv,3839,arithmetic,gsm8k_test_0429,train,remove,C1_transformed,lmsys_rephrase
pairs_arith_v2.csv,3840,arithmetic,gsm8k_test_0429,train,remove,C2_answer_bearing,gsm8k_solution_frag
pairs_arith_v2.csv,3841,arithmetic,gsm8k_test_0429,train,retain,H2_same_template,gsmplus_numerical_substitution
pairs_arith_v2.csv,3842,arithmetic,gsm8k_test_0429,train,remove,C1_transformed,gsmplus_problem_understanding
pairs_arith_v2.csv,3843,arithmetic,gsm8k_test_0429,train,retain,H2_same_template,gsmplus_critical_thinking
pairs_arith_v2.csv,3844,arithmetic,gsm8k_test_0429,train,retain,H1_same_topic,svamp
pairs_arith_v2.csv,3845,arithmetic,gsm8k_test_0429,train,retain,H3_predating,asdiv
pairs_arith_v2.csv,3846,arithmetic,gsm8k_test_0429,train,retain,R_random,truthfulqa
pairs_arith_v2.csv,3847,arithmetic,gsm8k_test_0430,train,remove,C0_exact,gsm8k_copy
pairs_arith_v2.csv,3848,arithmetic,gsm8k_test_0430,train,remove,C1_transformed,lmsys_rephrase
pairs_arith_v2.csv,3849,arithmetic,gsm8k_test_0430,train,remove,C2_answer_bearing,gsm8k_solution_frag
pairs_arith_v2.csv,3850,arithmetic,gsm8k_test_0430,train,retain,H2_same_template,gsmplus_numerical_substitution
pairs_arith_v2.csv,3851,arithmetic,gsm8k_test_0430,train,remove,C1_transformed,gsmplus_problem_understanding
pairs_arith_v2.csv,3852,arithmetic,gsm8k_test_0430,train,retain,H2_same_template,gsmplus_critical_thinking
pairs_arith_v2.csv,3853,arithmetic,gsm8k_test_0430,train,retain,H1_same_topic,svamp
pairs_arith_v2.csv,3854,arithmetic,gsm8k_test_0430,train,retain,H3_predating,asdiv
pairs_arith_v2.csv,3855,arithmetic,gsm8k_test_0430,train,retain,R_random,truthfulqa
pairs_arith_v2.csv,3865,arithmetic,gsm8k_test_0432,train,remove,C0_exact,gsm8k_copy
pairs_arith_v2.csv,3866,arithmetic,gsm8k_test_0432,train,remove,C1_transformed,lmsys_rephrase
pairs_arith_v2.csv,3867,arithmetic,gsm8k_test_0432,train,remove,C2_answer_bearing,gsm8k_solution_frag
pairs_arith_v2.csv,3868,arithmetic,gsm8k_test_0432,train,retain,H2_same_template,gsmplus_numerical_substitution
pairs_arith_v2.csv,3869,arithmetic,gsm8k_test_0432,train,remove,C1_transformed,gsmplus_problem_understanding
pairs_arith_v2.csv,3870,arithmetic,gsm8k_test_0432,train,retain,H2_same_template,gsmplus_critical_thinking
pairs_arith_v2.csv,3871,arithmetic,gsm8k_test_0432,train,retain,H1_same_topic,svamp
pairs_arith_v2.csv,3872,arithmetic,gsm8k_test_0432,train,retain,H3_predating,asdiv
pairs_arith_v2.csv,3873,arithmetic,gsm8k_test_0432,train,retain,R_random,truthfulqa
pairs_arith_v2.csv,3874,arithmetic,gsm8k_test_0433,train,remove,C0_exact,gsm8k_copy
pairs_arith_v2.csv,3875,arithmetic,gsm8k_test_0433,train,remove,C1_transformed,lmsys_rephrase
pairs_arith_v2.csv,3876,arithmetic,gsm8k_test_0433,train,remove,C2_answer_bearing,gsm8k_solution_frag
pairs_arith_v2.csv,3877,arithmetic,gsm8k_test_0433,train,retain,H2_same_template,gsmplus_numerical_substitution
pairs_arith_v2.csv,3878,arithmetic,gsm8k_test_0433,train,remove,C1_transformed,gsmplus_problem_understanding
pairs_arith_v2.csv,3879,arithmetic,gsm8k_test_0433,train,retain,H2_same_template,gsmplus_critical_thinking
pairs_arith_v2.csv,3880,arithmetic,gsm8k_test_0433,train,retain,H1_same_topic,svamp
pairs_arith_v2.csv,3881,arithmetic,gsm8k_test_0433,train,retain,H3_predating,asdiv
pairs_arith_v2.csv,3882,arithmetic,gsm8k_test_0433,train,retain,R_random,truthfulqa
pairs_arith_v2.csv,3883,arithmetic,gsm8k_test_0434,train,remove,C0_exact,gsm8k_copy
pairs_arith_v2.csv,3884,arithmetic,gsm8k_test_0434,train,remove,C1_transformed,lmsys_rephrase
pairs_arith_v2.csv,3885,arithmetic,gsm8k_test_0434,train,remove,C2_answer_bearing,gsm8k_solution_frag
pairs_arith_v2.csv,3886,arithmetic,gsm8k_test_0434,train,retain,H2_same_template,gsmplus_numerical_substitution
pairs_arith_v2.csv,3887,arithmetic,gsm8k_test_0434,train,remove,C1_transformed,gsmplus_problem_understanding
pairs_arith_v2.csv,3888,arithmetic,gsm8k_test_0434,train,retain,H2_same_template,gsmplus_critical_thinking
pairs_arith_v2.csv,3889,arithmetic,gsm8k_test_0434,train,retain,H1_same_topic,svamp
pairs_arith_v2.csv,3890,arithmetic,gsm8k_test_0434,train,retain,H3_predating,asdiv
pairs_arith_v2.csv,3891,arithmetic,gsm8k_test_0434,train,retain,R_random,truthfulqa
pairs_arith_v2.csv,3892,arithmetic,gsm8k_test_0435,train,remove,C0_exact,gsm8k_copy
pairs_arith_v2.csv,3893,arithmetic,gsm8k_test_0435,train,remove,C1_transformed,lmsys_rephrase
pairs_arith_v2.csv,3894,arithmetic,gsm8k_test_0435,train,remove,C2_answer_bearing,gsm8k_solution_frag
pairs_arith_v2.csv,3895,arithmetic,gsm8k_test_0435,train,retain,H2_same_template,gsmplus_numerical_substitution
pairs_arith_v2.csv,3896,arithmetic,gsm8k_test_0435,train,remove,C1_transformed,gsmplus_problem_understanding
pairs_arith_v2.csv,3897,arithmetic,gsm8k_test_0435,train,retain,H2_same_template,gsmplus_critical_thinking
pairs_arith_v2.csv,3898,arithmetic,gsm8k_test_0435,train,retain,H1_same_topic,svamp
pairs_arith_v2.csv,3899,arithmetic,gsm8k_test_0435,train,retain,H3_predating,asdiv
pairs_arith_v2.csv,3900,arithmetic,gsm8k_test_0435,train,retain,R_random,truthfulqa
pairs_arith_v2.csv,3937,arithmetic,gsm8k_test_0440,train,remove,C0_exact,gsm8k_copy
pairs_arith_v2.csv,3938,arithmetic,gsm8k_test_0440,train,remove,C1_transformed,lmsys_rephrase
pairs_arith_v2.csv,3939,arithmetic,gsm8k_test_0440,train,remove,C2_answer_bearing,gsm8k_solution_frag
pairs_arith_v2.csv,3940,arithmetic,gsm8k_test_0440,train,retain,H2_same_template,gsmplus_numerical_substitution
pairs_arith_v2.csv,3941,arithmetic,gsm8k_test_0440,train,remove,C1_transformed,gsmplus_problem_understanding
pairs_arith_v2.csv,3942,arithmetic,gsm8k_test_0440,train,retain,H2_same_template,gsmplus_critical_thinking
pairs_arith_v2.csv,3943,arithmetic,gsm8k_test_0440,train,retain,H1_same_topic,svamp
pairs_arith_v2.csv,3944,arithmetic,gsm8k_test_0440,train,retain,H3_predating,asdiv
pairs_arith_v2.csv,3945,arithmetic,gsm8k_test_0440,train,retain,R_random,truthfulqa
pairs_arith_v2.csv,3955,arithmetic,gsm8k_test_0442,train,remove,C0_exact,gsm8k_copy
pairs_arith_v2.csv,3956,arithmetic,gsm8k_test_0442,train,remove,C1_transformed,lmsys_rephrase
pairs_arith_v2.csv,3957,arithmetic,gsm8k_test_0442,train,remove,C2_answer_bearing,gsm8k_solution_frag
pairs_arith_v2.csv,3958,arithmetic,gsm8k_test_0442,train,retain,H2_same_template,gsmplus_numerical_substitution
pairs_arith_v2.csv,3959,arithmetic,gsm8k_test_0442,train,remove,C1_transformed,gsmplus_problem_understanding
pairs_arith_v2.csv,3960,arithmetic,gsm8k_test_0442,train,retain,H2_same_template,gsmplus_critical_thinking
pairs_arith_v2.csv,3961,arithmetic,gsm8k_test_0442,train,retain,H1_same_topic,svamp
pairs_arith_v2.csv,3962,arithmetic,gsm8k_test_0442,train,retain,H3_predating,asdiv
pairs_arith_v2.csv,3963,arithmetic,gsm8k_test_0442,train,retain,R_random,truthfulqa
pairs_arith_v2.csv,4009,arithmetic,gsm8k_test_0448,train,remove,C0_exact,gsm8k_copy
pairs_arith_v2.csv,4010,arithmetic,gsm8k_test_0448,train,remove,C1_transformed,lmsys_rephrase
pairs_arith_v2.csv,4011,arithmetic,gsm8k_test_0448,train,remove,C2_answer_bearing,gsm8k_solution_frag
pairs_arith_v2.csv,4012,arithmetic,gsm8k_test_0448,train,retain,H2_same_template,gsmplus_numerical_substitution
pairs_arith_v2.csv,4013,arithmetic,gsm8k_test_0448,train,remove,C1_transformed,gsmplus_problem_understanding
pairs_arith_v2.csv,4014,arithmetic,gsm8k_test_0448,train,retain,H2_same_template,gsmplus_critical_thinking
pairs_arith_v2.csv,4015,arithmetic,gsm8k_test_0448,train,retain,H1_same_topic,svamp
pairs_arith_v2.csv,4016,arithmetic,gsm8k_test_0448,train,retain,H3_predating,asdiv
pairs_arith_v2.csv,4017,arithmetic,gsm8k_test_0448,train,retain,R_random,truthfulqa
pairs_arith_v2.csv,4018,arithmetic,gsm8k_test_0449,train,remove,C0_exact,gsm8k_copy
pairs_arith_v2.csv,4019,arithmetic,gsm8k_test_0449,train,remove,C1_transformed,lmsys_rephrase
pairs_arith_v2.csv,4020,arithmetic,gsm8k_test_0449,train,remove,C2_answer_bearing,gsm8k_solution_frag
pairs_arith_v2.csv,4021,arithmetic,gsm8k_test_0449,train,retain,H2_same_template,gsmplus_numerical_substitution
pairs_arith_v2.csv,4022,arithmetic,gsm8k_test_0449,train,remove,C1_transformed,gsmplus_problem_understanding
pairs_arith_v2.csv,4023,arithmetic,gsm8k_test_0449,train,retain,H2_same_template,gsmplus_critical_thinking
pairs_arith_v2.csv,4024,arithmetic,gsm8k_test_0449,train,retain,H1_same_topic,svamp
pairs_arith_v2.csv,4025,arithmetic,gsm8k_test_0449,train,retain,H3_predating,asdiv
pairs_arith_v2.csv,4026,arithmetic,gsm8k_test_0449,train,retain,R_random,truthfulqa
pairs_arith_v2.csv,4036,arithmetic,gsm8k_test_0451,train,remove,C0_exact,gsm8k_copy
pairs_arith_v2.csv,4037,arithmetic,gsm8k_test_0451,train,remove,C1_transformed,lmsys_rephrase
pairs_arith_v2.csv,4038,arithmetic,gsm8k_test_0451,train,remove,C2_answer_bearing,gsm8k_solution_frag
pairs_arith_v2.csv,4039,arithmetic,gsm8k_test_0451,train,retain,H2_same_template,gsmplus_numerical_substitution
pairs_arith_v2.csv,4040,arithmetic,gsm8k_test_0451,train,remove,C1_transformed,gsmplus_problem_understanding
pairs_arith_v2.csv,4041,arithmetic,gsm8k_test_0451,train,retain,H2_same_template,gsmplus_critical_thinking
pairs_arith_v2.csv,4042,arithmetic,gsm8k_test_0451,train,retain,H1_same_topic,svamp
pairs_arith_v2.csv,4043,arithmetic,gsm8k_test_0451,train,retain,H3_predating,asdiv
pairs_arith_v2.csv,4044,arithmetic,gsm8k_test_0451,train,retain,R_random,truthfulqa
pairs_arith_v2.csv,4045,arithmetic,gsm8k_test_0452,train,remove,C0_exact,gsm8k_copy
pairs_arith_v2.csv,4046,arithmetic,gsm8k_test_0452,train,remove,C1_transformed,lmsys_rephrase
pairs_arith_v2.csv,4047,arithmetic,gsm8k_test_0452,train,remove,C2_answer_bearing,gsm8k_solution_frag
pairs_arith_v2.csv,4048,arithmetic,gsm8k_test_0452,train,retain,H2_same_template,gsmplus_numerical_substitution
pairs_arith_v2.csv,4049,arithmetic,gsm8k_test_0452,train,remove,C1_transformed,gsmplus_problem_understanding
pairs_arith_v2.csv,4050,arithmetic,gsm8k_test_0452,train,retain,H2_same_template,gsmplus_critical_thinking
pairs_arith_v2.csv,4051,arithmetic,gsm8k_test_0452,train,retain,H1_same_topic,svamp
pairs_arith_v2.csv,4052,arithmetic,gsm8k_test_0452,train,retain,H3_predating,asdiv
pairs_arith_v2.csv,4053,arithmetic,gsm8k_test_0452,train,retain,R_random,truthfulqa
pairs_arith_v2.csv,4054,arithmetic,gsm8k_test_0453,train,remove,C0_exact,gsm8k_copy
pairs_arith_v2.csv,4055,arithmetic,gsm8k_test_0453,train,remove,C1_transformed,lmsys_rephrase
pairs_arith_v2.csv,4056,arithmetic,gsm8k_test_0453,train,remove,C2_answer_bearing,gsm8k_solution_frag
pairs_arith_v2.csv,4057,arithmetic,gsm8k_test_0453,train,retain,H2_same_template,gsmplus_numerical_substitution
pairs_arith_v2.csv,4058,arithmetic,gsm8k_test_0453,train,remove,C1_transformed,gsmplus_problem_understanding
pairs_arith_v2.csv,4059,arithmetic,gsm8k_test_0453,train,retain,H2_same_template,gsmplus_critical_thinking
pairs_arith_v2.csv,4060,arithmetic,gsm8k_test_0453,train,retain,H1_same_topic,svamp
pairs_arith_v2.csv,4061,arithmetic,gsm8k_test_0453,train,retain,H3_predating,asdiv
pairs_arith_v2.csv,4062,arithmetic,gsm8k_test_0453,train,retain,R_random,truthfulqa
pairs_arith_v2.csv,4072,arithmetic,gsm8k_test_0455,train,remove,C0_exact,gsm8k_copy
pairs_arith_v2.csv,4073,arithmetic,gsm8k_test_0455,train,remove,C1_transformed,lmsys_rephrase
pairs_arith_v2.csv,4074,arithmetic,gsm8k_test_0455,train,remove,C2_answer_bearing,gsm8k_solution_frag
pairs_arith_v2.csv,4075,arithmetic,gsm8k_test_0455,train,retain,H2_same_template,gsmplus_numerical_substitution
pairs_arith_v2.csv,4076,arithmetic,gsm8k_test_0455,train,remove,C1_transformed,gsmplus_problem_understanding
pairs_arith_v2.csv,4077,arithmetic,gsm8k_test_0455,train,retain,H2_same_template,gsmplus_critical_thinking
pairs_arith_v2.csv,4078,arithmetic,gsm8k_test_0455,train,retain,H1_same_topic,svamp
pairs_arith_v2.csv,4079,arithmetic,gsm8k_test_0455,train,retain,H3_predating,asdiv
pairs_arith_v2.csv,4080,arithmetic,gsm8k_test_0455,train,retain,R_random,truthfulqa
pairs_arith_v2.csv,4081,arithmetic,gsm8k_test_0456,train,remove,C0_exact,gsm8k_copy
pairs_arith_v2.csv,4082,arithmetic,gsm8k_test_0456,train,remove,C1_transformed,lmsys_rephrase
pairs_arith_v2.csv,4083,arithmetic,gsm8k_test_0456,train,remove,C2_answer_bearing,gsm8k_solution_frag
pairs_arith_v2.csv,4084,arithmetic,gsm8k_test_0456,train,retain,H2_same_template,gsmplus_numerical_substitution
pairs_arith_v2.csv,4085,arithmetic,gsm8k_test_0456,train,remove,C1_transformed,gsmplus_problem_understanding
pairs_arith_v2.csv,4086,arithmetic,gsm8k_test_0456,train,retain,H2_same_template,gsmplus_critical_thinking
pairs_arith_v2.csv,4087,arithmetic,gsm8k_test_0456,train,retain,H1_same_topic,svamp
pairs_arith_v2.csv,4088,arithmetic,gsm8k_test_0456,train,retain,H3_predating,asdiv
pairs_arith_v2.csv,4089,arithmetic,gsm8k_test_0456,train,retain,R_random,truthfulqa
pairs_arith_v2.csv,4090,arithmetic,gsm8k_test_0457,train,remove,C0_exact,gsm8k_copy
pairs_arith_v2.csv,4091,arithmetic,gsm8k_test_0457,train,remove,C1_transformed,lmsys_rephrase
pairs_arith_v2.csv,4092,arithmetic,gsm8k_test_0457,train,remove,C2_answer_bearing,gsm8k_solution_frag
pairs_arith_v2.csv,4093,arithmetic,gsm8k_test_0457,train,retain,H2_same_template,gsmplus_numerical_substitution
pairs_arith_v2.csv,4094,arithmetic,gsm8k_test_0457,train,remove,C1_transformed,gsmplus_problem_understanding
pairs_arith_v2.csv,4095,arithmetic,gsm8k_test_0457,train,retain,H2_same_template,gsmplus_critical_thinking
pairs_arith_v2.csv,4096,arithmetic,gsm8k_test_0457,train,retain,H1_same_topic,svamp
pairs_arith_v2.csv,4097,arithmetic,gsm8k_test_0457,train,retain,H3_predating,asdiv
pairs_arith_v2.csv,4098,arithmetic,gsm8k_test_0457,train,retain,R_random,truthfulqa
pairs_arith_v2.csv,4126,arithmetic,gsm8k_test_0461,train,remove,C0_exact,gsm8k_copy
pairs_arith_v2.csv,4127,arithmetic,gsm8k_test_0461,train,remove,C1_transformed,lmsys_rephrase
pairs_arith_v2.csv,4128,arithmetic,gsm8k_test_0461,train,remove,C2_answer_bearing,gsm8k_solution_frag
pairs_arith_v2.csv,4129,arithmetic,gsm8k_test_0461,train,retain,H2_same_template,gsmplus_numerical_substitution
pairs_arith_v2.csv,4130,arithmetic,gsm8k_test_0461,train,remove,C1_transformed,gsmplus_problem_understanding
pairs_arith_v2.csv,4131,arithmetic,gsm8k_test_0461,train,retain,H2_same_template,gsmplus_critical_thinking
pairs_arith_v2.csv,4132,arithmetic,gsm8k_test_0461,train,retain,H1_same_topic,svamp
pairs_arith_v2.csv,4133,arithmetic,gsm8k_test_0461,train,retain,H3_predating,asdiv
pairs_arith_v2.csv,4134,arithmetic,gsm8k_test_0461,train,retain,R_random,truthfulqa
pairs_arith_v2.csv,4153,arithmetic,gsm8k_test_0464,train,remove,C0_exact,gsm8k_copy
pairs_arith_v2.csv,4154,arithmetic,gsm8k_test_0464,train,remove,C1_transformed,lmsys_rephrase
pairs_arith_v2.csv,4155,arithmetic,gsm8k_test_0464,train,remove,C2_answer_bearing,gsm8k_solution_frag
pairs_arith_v2.csv,4156,arithmetic,gsm8k_test_0464,train,retain,H2_same_template,gsmplus_numerical_substitution
pairs_arith_v2.csv,4157,arithmetic,gsm8k_test_0464,train,remove,C1_transformed,gsmplus_problem_understanding
pairs_arith_v2.csv,4158,arithmetic,gsm8k_test_0464,train,retain,H2_same_template,gsmplus_critical_thinking
pairs_arith_v2.csv,4159,arithmetic,gsm8k_test_0464,train,retain,H1_same_topic,svamp
pairs_arith_v2.csv,4160,arithmetic,gsm8k_test_0464,train,retain,H3_predating,asdiv
pairs_arith_v2.csv,4161,arithmetic,gsm8k_test_0464,train,retain,R_random,truthfulqa
pairs_arith_v2.csv,4207,arithmetic,gsm8k_test_0470,train,remove,C0_exact,gsm8k_copy
pairs_arith_v2.csv,4208,arithmetic,gsm8k_test_0470,train,remove,C1_transformed,lmsys_rephrase
pairs_arith_v2.csv,4209,arithmetic,gsm8k_test_0470,train,remove,C2_answer_bearing,gsm8k_solution_frag
pairs_arith_v2.csv,4210,arithmetic,gsm8k_test_0470,train,retain,H2_same_template,gsmplus_numerical_substitution
pairs_arith_v2.csv,4211,arithmetic,gsm8k_test_0470,train,remove,C1_transformed,gsmplus_problem_understanding
pairs_arith_v2.csv,4212,arithmetic,gsm8k_test_0470,train,retain,H2_same_template,gsmplus_critical_thinking
pairs_arith_v2.csv,4213,arithmetic,gsm8k_test_0470,train,retain,H1_same_topic,svamp
pairs_arith_v2.csv,4214,arithmetic,gsm8k_test_0470,train,retain,H3_predating,asdiv
pairs_arith_v2.csv,4215,arithmetic,gsm8k_test_0470,train,retain,R_random,truthfulqa
pairs_arith_v2.csv,4234,arithmetic,gsm8k_test_0473,train,remove,C0_exact,gsm8k_copy
pairs_arith_v2.csv,4235,arithmetic,gsm8k_test_0473,train,remove,C1_transformed,lmsys_rephrase
pairs_arith_v2.csv,4236,arithmetic,gsm8k_test_0473,train,remove,C2_answer_bearing,gsm8k_solution_frag
pairs_arith_v2.csv,4237,arithmetic,gsm8k_test_0473,train,retain,H2_same_template,gsmplus_numerical_substitution
pairs_arith_v2.csv,4238,arithmetic,gsm8k_test_0473,train,remove,C1_transformed,gsmplus_problem_understanding
pairs_arith_v2.csv,4239,arithmetic,gsm8k_test_0473,train,retain,H2_same_template,gsmplus_critical_thinking
pairs_arith_v2.csv,4240,arithmetic,gsm8k_test_0473,train,retain,H1_same_topic,svamp
pairs_arith_v2.csv,4241,arithmetic,gsm8k_test_0473,train,retain,H3_predating,asdiv
pairs_arith_v2.csv,4242,arithmetic,gsm8k_test_0473,train,retain,R_random,truthfulqa
pairs_arith_v2.csv,4279,arithmetic,gsm8k_test_0478,train,remove,C0_exact,gsm8k_copy
pairs_arith_v2.csv,4280,arithmetic,gsm8k_test_0478,train,remove,C1_transformed,lmsys_rephrase
pairs_arith_v2.csv,4281,arithmetic,gsm8k_test_0478,train,remove,C2_answer_bearing,gsm8k_solution_frag
pairs_arith_v2.csv,4282,arithmetic,gsm8k_test_0478,train,retain,H2_same_template,gsmplus_numerical_substitution
pairs_arith_v2.csv,4283,arithmetic,gsm8k_test_0478,train,remove,C1_transformed,gsmplus_problem_understanding
pairs_arith_v2.csv,4284,arithmetic,gsm8k_test_0478,train,retain,H2_same_template,gsmplus_critical_thinking
pairs_arith_v2.csv,4285,arithmetic,gsm8k_test_0478,train,retain,H1_same_topic,svamp
pairs_arith_v2.csv,4286,arithmetic,gsm8k_test_0478,train,retain,H3_predating,asdiv
pairs_arith_v2.csv,4287,arithmetic,gsm8k_test_0478,train,retain,R_random,truthfulqa
pairs_arith_v2.csv,4288,arithmetic,gsm8k_test_0479,train,remove,C0_exact,gsm8k_copy
pairs_arith_v2.csv,4289,arithmetic,gsm8k_test_0479,train,remove,C1_transformed,lmsys_rephrase
pairs_arith_v2.csv,4290,arithmetic,gsm8k_test_0479,train,remove,C2_answer_bearing,gsm8k_solution_frag
pairs_arith_v2.csv,4291,arithmetic,gsm8k_test_0479,train,retain,H2_same_template,gsmplus_numerical_substitution
pairs_arith_v2.csv,4292,arithmetic,gsm8k_test_0479,train,remove,C1_transformed,gsmplus_problem_understanding
pairs_arith_v2.csv,4293,arithmetic,gsm8k_test_0479,train,retain,H2_same_template,gsmplus_critical_thinking
pairs_arith_v2.csv,4294,arithmetic,gsm8k_test_0479,train,retain,H1_same_topic,svamp
pairs_arith_v2.csv,4295,arithmetic,gsm8k_test_0479,train,retain,H3_predating,asdiv
pairs_arith_v2.csv,4296,arithmetic,gsm8k_test_0479,train,retain,R_random,truthfulqa
pairs_arith_v2.csv,4305,arithmetic,gsm8k_test_0481,train,remove,C0_exact,gsm8k_copy
pairs_arith_v2.csv,4306,arithmetic,gsm8k_test_0481,train,remove,C1_transformed,lmsys_rephrase
pairs_arith_v2.csv,4307,arithmetic,gsm8k_test_0481,train,remove,C2_answer_bearing,gsm8k_solution_frag
pairs_arith_v2.csv,4308,arithmetic,gsm8k_test_0481,train,retain,H2_same_template,gsmplus_numerical_substitution
pairs_arith_v2.csv,4309,arithmetic,gsm8k_test_0481,train,remove,C1_transformed,gsmplus_problem_understanding
pairs_arith_v2.csv,4310,arithmetic,gsm8k_test_0481,train,retain,H2_same_template,gsmplus_critical_thinking
pairs_arith_v2.csv,4311,arithmetic,gsm8k_test_0481,train,retain,H1_same_topic,svamp
pairs_arith_v2.csv,4312,arithmetic,gsm8k_test_0481,train,retain,H3_predating,asdiv
pairs_arith_v2.csv,4313,arithmetic,gsm8k_test_0481,train,retain,R_random,truthfulqa
pairs_arith_v2.csv,4314,arithmetic,gsm8k_test_0482,train,remove,C0_exact,gsm8k_copy
pairs_arith_v2.csv,4315,arithmetic,gsm8k_test_0482,train,remove,C1_transformed,lmsys_rephrase
pairs_arith_v2.csv,4316,arithmetic,gsm8k_test_0482,train,remove,C2_answer_bearing,gsm8k_solution_frag
pairs_arith_v2.csv,4317,arithmetic,gsm8k_test_0482,train,retain,H2_same_template,gsmplus_numerical_substitution
pairs_arith_v2.csv,4318,arithmetic,gsm8k_test_0482,train,remove,C1_transformed,gsmplus_problem_understanding
pairs_arith_v2.csv,4319,arithmetic,gsm8k_test_0482,train,retain,H2_same_template,gsmplus_critical_thinking
pairs_arith_v2.csv,4320,arithmetic,gsm8k_test_0482,train,retain,H1_same_topic,svamp
pairs_arith_v2.csv,4321,arithmetic,gsm8k_test_0482,train,retain,H3_predating,asdiv
pairs_arith_v2.csv,4322,arithmetic,gsm8k_test_0482,train,retain,R_random,truthfulqa
pairs_arith_v2.csv,4323,arithmetic,gsm8k_test_0483,train,remove,C0_exact,gsm8k_copy
pairs_arith_v2.csv,4324,arithmetic,gsm8k_test_0483,train,remove,C1_transformed,lmsys_rephrase
pairs_arith_v2.csv,4325,arithmetic,gsm8k_test_0483,train,remove,C2_answer_bearing,gsm8k_solution_frag
pairs_arith_v2.csv,4326,arithmetic,gsm8k_test_0483,train,retain,H2_same_template,gsmplus_numerical_substitution
pairs_arith_v2.csv,4327,arithmetic,gsm8k_test_0483,train,remove,C1_transformed,gsmplus_problem_understanding
pairs_arith_v2.csv,4328,arithmetic,gsm8k_test_0483,train,retain,H2_same_template,gsmplus_critical_thinking
pairs_arith_v2.csv,4329,arithmetic,gsm8k_test_0483,train,retain,H1_same_topic,svamp
pairs_arith_v2.csv,4330,arithmetic,gsm8k_test_0483,train,retain,H3_predating,asdiv
pairs_arith_v2.csv,4331,arithmetic,gsm8k_test_0483,train,retain,R_random,truthfulqa
pairs_arith_v2.csv,4341,arithmetic,gsm8k_test_0485,train,remove,C0_exact,gsm8k_copy
pairs_arith_v2.csv,4342,arithmetic,gsm8k_test_0485,train,remove,C1_transformed,lmsys_rephrase
pairs_arith_v2.csv,4343,arithmetic,gsm8k_test_0485,train,remove,C2_answer_bearing,gsm8k_solution_frag
pairs_arith_v2.csv,4344,arithmetic,gsm8k_test_0485,train,retain,H2_same_template,gsmplus_numerical_substitution
pairs_arith_v2.csv,4345,arithmetic,gsm8k_test_0485,train,remove,C1_transformed,gsmplus_problem_understanding
pairs_arith_v2.csv,4346,arithmetic,gsm8k_test_0485,train,retain,H2_same_template,gsmplus_critical_thinking
pairs_arith_v2.csv,4347,arithmetic,gsm8k_test_0485,train,retain,H1_same_topic,svamp
pairs_arith_v2.csv,4348,arithmetic,gsm8k_test_0485,train,retain,H3_predating,asdiv
pairs_arith_v2.csv,4349,arithmetic,gsm8k_test_0485,train,retain,R_random,truthfulqa
pairs_arith_v2.csv,4350,arithmetic,gsm8k_test_0486,train,remove,C0_exact,gsm8k_copy
pairs_arith_v2.csv,4351,arithmetic,gsm8k_test_0486,train,remove,C1_transformed,lmsys_rephrase
pairs_arith_v2.csv,4352,arithmetic,gsm8k_test_0486,train,remove,C2_answer_bearing,gsm8k_solution_frag
pairs_arith_v2.csv,4353,arithmetic,gsm8k_test_0486,train,retain,H2_same_template,gsmplus_numerical_substitution
pairs_arith_v2.csv,4354,arithmetic,gsm8k_test_0486,train,remove,C1_transformed,gsmplus_problem_understanding
pairs_arith_v2.csv,4355,arithmetic,gsm8k_test_0486,train,retain,H2_same_template,gsmplus_critical_thinking
pairs_arith_v2.csv,4356,arithmetic,gsm8k_test_0486,train,retain,H1_same_topic,svamp
pairs_arith_v2.csv,4357,arithmetic,gsm8k_test_0486,train,retain,H3_predating,asdiv
pairs_arith_v2.csv,4358,arithmetic,gsm8k_test_0486,train,retain,R_random,truthfulqa
pairs_arith_v2.csv,4403,arithmetic,gsm8k_test_0492,train,remove,C0_exact,gsm8k_copy
pairs_arith_v2.csv,4404,arithmetic,gsm8k_test_0492,train,remove,C1_transformed,lmsys_rephrase
pairs_arith_v2.csv,4405,arithmetic,gsm8k_test_0492,train,remove,C2_answer_bearing,gsm8k_solution_frag
pairs_arith_v2.csv,4406,arithmetic,gsm8k_test_0492,train,retain,H2_same_template,gsmplus_numerical_substitution
pairs_arith_v2.csv,4407,arithmetic,gsm8k_test_0492,train,remove,C1_transformed,gsmplus_problem_understanding
pairs_arith_v2.csv,4408,arithmetic,gsm8k_test_0492,train,retain,H2_same_template,gsmplus_critical_thinking
pairs_arith_v2.csv,4409,arithmetic,gsm8k_test_0492,train,retain,H1_same_topic,svamp
pairs_arith_v2.csv,4410,arithmetic,gsm8k_test_0492,train,retain,H3_predating,asdiv
pairs_arith_v2.csv,4411,arithmetic,gsm8k_test_0492,train,retain,R_random,truthfulqa
pairs_arith_v2.csv,4448,arithmetic,gsm8k_test_0497,train,remove,C0_exact,gsm8k_copy
pairs_arith_v2.csv,4449,arithmetic,gsm8k_test_0497,train,remove,C1_transformed,lmsys_rephrase
pairs_arith_v2.csv,4450,arithmetic,gsm8k_test_0497,train,remove,C2_answer_bearing,gsm8k_solution_frag
pairs_arith_v2.csv,4451,arithmetic,gsm8k_test_0497,train,retain,H2_same_template,gsmplus_numerical_substitution
pairs_arith_v2.csv,4452,arithmetic,gsm8k_test_0497,train,remove,C1_transformed,gsmplus_problem_understanding
pairs_arith_v2.csv,4453,arithmetic,gsm8k_test_0497,train,retain,H2_same_template,gsmplus_critical_thinking
pairs_arith_v2.csv,4454,arithmetic,gsm8k_test_0497,train,retain,H1_same_topic,svamp
pairs_arith_v2.csv,4455,arithmetic,gsm8k_test_0497,train,retain,H3_predating,asdiv
pairs_arith_v2.csv,4456,arithmetic,gsm8k_test_0497,train,retain,R_random,truthfulqa
pairs_arith_v2.csv,4457,arithmetic,gsm8k_test_0498,train,remove,C0_exact,gsm8k_copy
pairs_arith_v2.csv,4458,arithmetic,gsm8k_test_0498,train,remove,C1_transformed,lmsys_rephrase
pairs_arith_v2.csv,4459,arithmetic,gsm8k_test_0498,train,remove,C2_answer_bearing,gsm8k_solution_frag
pairs_arith_v2.csv,4460,arithmetic,gsm8k_test_0498,train,retain,H2_same_template,gsmplus_numerical_substitution
pairs_arith_v2.csv,4461,arithmetic,gsm8k_test_0498,train,remove,C1_transformed,gsmplus_problem_understanding
pairs_arith_v2.csv,4462,arithmetic,gsm8k_test_0498,train,retain,H2_same_template,gsmplus_critical_thinking
pairs_arith_v2.csv,4463,arithmetic,gsm8k_test_0498,train,retain,H1_same_topic,svamp
pairs_arith_v2.csv,4464,arithmetic,gsm8k_test_0498,train,retain,H3_predating,asdiv
pairs_arith_v2.csv,4465,arithmetic,gsm8k_test_0498,train,retain,R_random,truthfulqa
pairs_arith_v2.csv,4493,arithmetic,gsm8k_test_0502,train,remove,C0_exact,gsm8k_copy
pairs_arith_v2.csv,4494,arithmetic,gsm8k_test_0502,train,remove,C1_transformed,lmsys_rephrase
pairs_arith_v2.csv,4495,arithmetic,gsm8k_test_0502,train,remove,C2_answer_bearing,gsm8k_solution_frag
pairs_arith_v2.csv,4496,arithmetic,gsm8k_test_0502,train,retain,H2_same_template,gsmplus_numerical_substitution
pairs_arith_v2.csv,4497,arithmetic,gsm8k_test_0502,train,remove,C1_transformed,gsmplus_problem_understanding
pairs_arith_v2.csv,4498,arithmetic,gsm8k_test_0502,train,retain,H2_same_template,gsmplus_critical_thinking
pairs_arith_v2.csv,4499,arithmetic,gsm8k_test_0502,train,retain,H1_same_topic,svamp
pairs_arith_v2.csv,4500,arithmetic,gsm8k_test_0502,train,retain,H3_predating,asdiv
pairs_arith_v2.csv,4501,arithmetic,gsm8k_test_0502,train,retain,R_random,truthfulqa
pairs_arith_v2.csv,4520,arithmetic,gsm8k_test_0505,train,remove,C0_exact,gsm8k_copy
pairs_arith_v2.csv,4521,arithmetic,gsm8k_test_0505,train,remove,C1_transformed,lmsys_rephrase
pairs_arith_v2.csv,4522,arithmetic,gsm8k_test_0505,train,remove,C2_answer_bearing,gsm8k_solution_frag
pairs_arith_v2.csv,4523,arithmetic,gsm8k_test_0505,train,retain,H2_same_template,gsmplus_numerical_substitution
pairs_arith_v2.csv,4524,arithmetic,gsm8k_test_0505,train,remove,C1_transformed,gsmplus_problem_understanding
pairs_arith_v2.csv,4525,arithmetic,gsm8k_test_0505,train,retain,H2_same_template,gsmplus_critical_thinking
pairs_arith_v2.csv,4526,arithmetic,gsm8k_test_0505,train,retain,H1_same_topic,svamp
pairs_arith_v2.csv,4527,arithmetic,gsm8k_test_0505,train,retain,H3_predating,asdiv
pairs_arith_v2.csv,4528,arithmetic,gsm8k_test_0505,train,retain,R_random,truthfulqa
pairs_arith_v2.csv,4529,arithmetic,gsm8k_test_0506,train,remove,C0_exact,gsm8k_copy
pairs_arith_v2.csv,4530,arithmetic,gsm8k_test_0506,train,remove,C1_transformed,lmsys_rephrase
pairs_arith_v2.csv,4531,arithmetic,gsm8k_test_0506,train,remove,C2_answer_bearing,gsm8k_solution_frag
pairs_arith_v2.csv,4532,arithmetic,gsm8k_test_0506,train,retain,H2_same_template,gsmplus_numerical_substitution
pairs_arith_v2.csv,4533,arithmetic,gsm8k_test_0506,train,remove,C1_transformed,gsmplus_problem_understanding
pairs_arith_v2.csv,4534,arithmetic,gsm8k_test_0506,train,retain,H2_same_template,gsmplus_critical_thinking
pairs_arith_v2.csv,4535,arithmetic,gsm8k_test_0506,train,retain,H1_same_topic,svamp
pairs_arith_v2.csv,4536,arithmetic,gsm8k_test_0506,train,retain,H3_predating,asdiv
pairs_arith_v2.csv,4537,arithmetic,gsm8k_test_0506,train,retain,R_random,truthfulqa
pairs_arith_v2.csv,4547,arithmetic,gsm8k_test_0508,train,remove,C0_exact,gsm8k_copy
pairs_arith_v2.csv,4548,arithmetic,gsm8k_test_0508,train,remove,C1_transformed,lmsys_rephrase
pairs_arith_v2.csv,4549,arithmetic,gsm8k_test_0508,train,remove,C2_answer_bearing,gsm8k_solution_frag
pairs_arith_v2.csv,4550,arithmetic,gsm8k_test_0508,train,retain,H2_same_template,gsmplus_numerical_substitution
pairs_arith_v2.csv,4551,arithmetic,gsm8k_test_0508,train,remove,C1_transformed,gsmplus_problem_understanding
pairs_arith_v2.csv,4552,arithmetic,gsm8k_test_0508,train,retain,H2_same_template,gsmplus_critical_thinking
pairs_arith_v2.csv,4553,arithmetic,gsm8k_test_0508,train,retain,H1_same_topic,svamp
pairs_arith_v2.csv,4554,arithmetic,gsm8k_test_0508,train,retain,H3_predating,asdiv
pairs_arith_v2.csv,4555,arithmetic,gsm8k_test_0508,train,retain,R_random,truthfulqa
pairs_arith_v2.csv,4565,arithmetic,gsm8k_test_0510,train,remove,C0_exact,gsm8k_copy
pairs_arith_v2.csv,4566,arithmetic,gsm8k_test_0510,train,remove,C1_transformed,lmsys_rephrase
pairs_arith_v2.csv,4567,arithmetic,gsm8k_test_0510,train,remove,C2_answer_bearing,gsm8k_solution_frag
pairs_arith_v2.csv,4568,arithmetic,gsm8k_test_0510,train,retain,H2_same_template,gsmplus_numerical_substitution
pairs_arith_v2.csv,4569,arithmetic,gsm8k_test_0510,train,remove,C1_transformed,gsmplus_problem_understanding
pairs_arith_v2.csv,4570,arithmetic,gsm8k_test_0510,train,retain,H2_same_template,gsmplus_critical_thinking
pairs_arith_v2.csv,4571,arithmetic,gsm8k_test_0510,train,retain,H1_same_topic,svamp
pairs_arith_v2.csv,4572,arithmetic,gsm8k_test_0510,train,retain,H3_predating,asdiv
pairs_arith_v2.csv,4573,arithmetic,gsm8k_test_0510,train,retain,R_random,truthfulqa
pairs_arith_v2.csv,4583,arithmetic,gsm8k_test_0512,train,remove,C0_exact,gsm8k_copy
pairs_arith_v2.csv,4584,arithmetic,gsm8k_test_0512,train,remove,C1_transformed,lmsys_rephrase
pairs_arith_v2.csv,4585,arithmetic,gsm8k_test_0512,train,remove,C2_answer_bearing,gsm8k_solution_frag
pairs_arith_v2.csv,4586,arithmetic,gsm8k_test_0512,train,retain,H2_same_template,gsmplus_numerical_substitution
pairs_arith_v2.csv,4587,arithmetic,gsm8k_test_0512,train,remove,C1_transformed,gsmplus_problem_understanding
pairs_arith_v2.csv,4588,arithmetic,gsm8k_test_0512,train,retain,H2_same_template,gsmplus_critical_thinking
pairs_arith_v2.csv,4589,arithmetic,gsm8k_test_0512,train,retain,H1_same_topic,svamp
pairs_arith_v2.csv,4590,arithmetic,gsm8k_test_0512,train,retain,H3_predating,asdiv
pairs_arith_v2.csv,4591,arithmetic,gsm8k_test_0512,train,retain,R_random,truthfulqa
pairs_arith_v2.csv,4592,arithmetic,gsm8k_test_0513,train,remove,C0_exact,gsm8k_copy
pairs_arith_v2.csv,4593,arithmetic,gsm8k_test_0513,train,remove,C1_transformed,lmsys_rephrase
pairs_arith_v2.csv,4594,arithmetic,gsm8k_test_0513,train,remove,C2_answer_bearing,gsm8k_solution_frag
pairs_arith_v2.csv,4595,arithmetic,gsm8k_test_0513,train,retain,H2_same_template,gsmplus_numerical_substitution
pairs_arith_v2.csv,4596,arithmetic,gsm8k_test_0513,train,remove,C1_transformed,gsmplus_problem_understanding
pairs_arith_v2.csv,4597,arithmetic,gsm8k_test_0513,train,retain,H2_same_template,gsmplus_critical_thinking
pairs_arith_v2.csv,4598,arithmetic,gsm8k_test_0513,train,retain,H1_same_topic,svamp
pairs_arith_v2.csv,4599,arithmetic,gsm8k_test_0513,train,retain,H3_predating,asdiv
pairs_arith_v2.csv,4600,arithmetic,gsm8k_test_0513,train,retain,R_random,truthfulqa
pairs_arith_v2.csv,4610,arithmetic,gsm8k_test_0515,train,remove,C0_exact,gsm8k_copy
pairs_arith_v2.csv,4611,arithmetic,gsm8k_test_0515,train,remove,C1_transformed,lmsys_rephrase
pairs_arith_v2.csv,4612,arithmetic,gsm8k_test_0515,train,remove,C2_answer_bearing,gsm8k_solution_frag
pairs_arith_v2.csv,4613,arithmetic,gsm8k_test_0515,train,retain,H2_same_template,gsmplus_numerical_substitution
pairs_arith_v2.csv,4614,arithmetic,gsm8k_test_0515,train,remove,C1_transformed,gsmplus_problem_understanding
pairs_arith_v2.csv,4615,arithmetic,gsm8k_test_0515,train,retain,H2_same_template,gsmplus_critical_thinking
pairs_arith_v2.csv,4616,arithmetic,gsm8k_test_0515,train,retain,H1_same_topic,svamp
pairs_arith_v2.csv,4617,arithmetic,gsm8k_test_0515,train,retain,H3_predating,asdiv
pairs_arith_v2.csv,4618,arithmetic,gsm8k_test_0515,train,retain,R_random,truthfulqa
pairs_arith_v2.csv,4619,arithmetic,gsm8k_test_0516,train,remove,C0_exact,gsm8k_copy
pairs_arith_v2.csv,4620,arithmetic,gsm8k_test_0516,train,remove,C1_transformed,lmsys_rephrase
pairs_arith_v2.csv,4621,arithmetic,gsm8k_test_0516,train,remove,C2_answer_bearing,gsm8k_solution_frag
pairs_arith_v2.csv,4622,arithmetic,gsm8k_test_0516,train,retain,H2_same_template,gsmplus_numerical_substitution
pairs_arith_v2.csv,4623,arithmetic,gsm8k_test_0516,train,remove,C1_transformed,gsmplus_problem_understanding
pairs_arith_v2.csv,4624,arithmetic,gsm8k_test_0516,train,retain,H2_same_template,gsmplus_critical_thinking
pairs_arith_v2.csv,4625,arithmetic,gsm8k_test_0516,train,retain,H1_same_topic,svamp
pairs_arith_v2.csv,4626,arithmetic,gsm8k_test_0516,train,retain,H3_predating,asdiv
pairs_arith_v2.csv,4627,arithmetic,gsm8k_test_0516,train,retain,R_random,truthfulqa
pairs_arith_v2.csv,4628,arithmetic,gsm8k_test_0517,train,remove,C0_exact,gsm8k_copy
pairs_arith_v2.csv,4629,arithmetic,gsm8k_test_0517,train,remove,C1_transformed,lmsys_rephrase
pairs_arith_v2.csv,4630,arithmetic,gsm8k_test_0517,train,remove,C2_answer_bearing,gsm8k_solution_frag
pairs_arith_v2.csv,4631,arithmetic,gsm8k_test_0517,train,retain,H2_same_template,gsmplus_numerical_substitution
pairs_arith_v2.csv,4632,arithmetic,gsm8k_test_0517,train,remove,C1_transformed,gsmplus_problem_understanding
pairs_arith_v2.csv,4633,arithmetic,gsm8k_test_0517,train,retain,H2_same_template,gsmplus_critical_thinking
pairs_arith_v2.csv,4634,arithmetic,gsm8k_test_0517,train,retain,H1_same_topic,svamp
pairs_arith_v2.csv,4635,arithmetic,gsm8k_test_0517,train,retain,H3_predating,asdiv
pairs_arith_v2.csv,4636,arithmetic,gsm8k_test_0517,train,retain,R_random,truthfulqa
pairs_arith_v2.csv,4655,arithmetic,gsm8k_test_0520,train,remove,C0_exact,gsm8k_copy
pairs_arith_v2.csv,4656,arithmetic,gsm8k_test_0520,train,remove,C1_transformed,lmsys_rephrase
pairs_arith_v2.csv,4657,arithmetic,gsm8k_test_0520,train,remove,C2_answer_bearing,gsm8k_solution_frag
pairs_arith_v2.csv,4658,arithmetic,gsm8k_test_0520,train,retain,H2_same_template,gsmplus_numerical_substitution
pairs_arith_v2.csv,4659,arithmetic,gsm8k_test_0520,train,remove,C1_transformed,gsmplus_problem_understanding
pairs_arith_v2.csv,4660,arithmetic,gsm8k_test_0520,train,retain,H2_same_template,gsmplus_critical_thinking
pairs_arith_v2.csv,4661,arithmetic,gsm8k_test_0520,train,retain,H1_same_topic,svamp
pairs_arith_v2.csv,4662,arithmetic,gsm8k_test_0520,train,retain,H3_predating,asdiv
pairs_arith_v2.csv,4663,arithmetic,gsm8k_test_0520,train,retain,R_random,truthfulqa
pairs_arith_v2.csv,4664,arithmetic,gsm8k_test_0521,train,remove,C0_exact,gsm8k_copy
pairs_arith_v2.csv,4665,arithmetic,gsm8k_test_0521,train,remove,C1_transformed,lmsys_rephrase
pairs_arith_v2.csv,4666,arithmetic,gsm8k_test_0521,train,remove,C2_answer_bearing,gsm8k_solution_frag
pairs_arith_v2.csv,4667,arithmetic,gsm8k_test_0521,train,retain,H2_same_template,gsmplus_numerical_substitution
pairs_arith_v2.csv,4668,arithmetic,gsm8k_test_0521,train,remove,C1_transformed,gsmplus_problem_understanding
pairs_arith_v2.csv,4669,arithmetic,gsm8k_test_0521,train,retain,H2_same_template,gsmplus_critical_thinking
pairs_arith_v2.csv,4670,arithmetic,gsm8k_test_0521,train,retain,H1_same_topic,svamp
pairs_arith_v2.csv,4671,arithmetic,gsm8k_test_0521,train,retain,H3_predating,asdiv
pairs_arith_v2.csv,4672,arithmetic,gsm8k_test_0521,train,retain,R_random,truthfulqa
pairs_arith_v2.csv,4708,arithmetic,gsm8k_test_0526,train,remove,C0_exact,gsm8k_copy
pairs_arith_v2.csv,4709,arithmetic,gsm8k_test_0526,train,remove,C1_transformed,lmsys_rephrase
pairs_arith_v2.csv,4710,arithmetic,gsm8k_test_0526,train,remove,C2_answer_bearing,gsm8k_solution_frag
pairs_arith_v2.csv,4711,arithmetic,gsm8k_test_0526,train,retain,H2_same_template,gsmplus_numerical_substitution
pairs_arith_v2.csv,4712,arithmetic,gsm8k_test_0526,train,remove,C1_transformed,gsmplus_problem_understanding
pairs_arith_v2.csv,4713,arithmetic,gsm8k_test_0526,train,retain,H2_same_template,gsmplus_critical_thinking
pairs_arith_v2.csv,4714,arithmetic,gsm8k_test_0526,train,retain,H1_same_topic,svamp
pairs_arith_v2.csv,4715,arithmetic,gsm8k_test_0526,train,retain,H3_predating,asdiv
pairs_arith_v2.csv,4716,arithmetic,gsm8k_test_0526,train,retain,R_random,truthfulqa
pairs_arith_v2.csv,4717,arithmetic,gsm8k_test_0527,train,remove,C0_exact,gsm8k_copy
pairs_arith_v2.csv,4718,arithmetic,gsm8k_test_0527,train,remove,C1_transformed,lmsys_rephrase
pairs_arith_v2.csv,4719,arithmetic,gsm8k_test_0527,train,remove,C2_answer_bearing,gsm8k_solution_frag
pairs_arith_v2.csv,4720,arithmetic,gsm8k_test_0527,train,retain,H2_same_template,gsmplus_numerical_substitution
pairs_arith_v2.csv,4721,arithmetic,gsm8k_test_0527,train,remove,C1_transformed,gsmplus_problem_understanding
pairs_arith_v2.csv,4722,arithmetic,gsm8k_test_0527,train,retain,H2_same_template,gsmplus_critical_thinking
pairs_arith_v2.csv,4723,arithmetic,gsm8k_test_0527,train,retain,H1_same_topic,svamp
pairs_arith_v2.csv,4724,arithmetic,gsm8k_test_0527,train,retain,H3_predating,asdiv
pairs_arith_v2.csv,4725,arithmetic,gsm8k_test_0527,train,retain,R_random,truthfulqa
pairs_arith_v2.csv,4726,arithmetic,gsm8k_test_0528,train,remove,C0_exact,gsm8k_copy
pairs_arith_v2.csv,4727,arithmetic,gsm8k_test_0528,train,remove,C1_transformed,lmsys_rephrase
pairs_arith_v2.csv,4728,arithmetic,gsm8k_test_0528,train,remove,C2_answer_bearing,gsm8k_solution_frag
pairs_arith_v2.csv,4729,arithmetic,gsm8k_test_0528,train,retain,H2_same_template,gsmplus_numerical_substitution
pairs_arith_v2.csv,4730,arithmetic,gsm8k_test_0528,train,remove,C1_transformed,gsmplus_problem_understanding
pairs_arith_v2.csv,4731,arithmetic,gsm8k_test_0528,train,retain,H2_same_template,gsmplus_critical_thinking
pairs_arith_v2.csv,4732,arithmetic,gsm8k_test_0528,train,retain,H1_same_topic,svamp
pairs_arith_v2.csv,4733,arithmetic,gsm8k_test_0528,train,retain,H3_predating,asdiv
pairs_arith_v2.csv,4734,arithmetic,gsm8k_test_0528,train,retain,R_random,truthfulqa
pairs_arith_v2.csv,4780,arithmetic,gsm8k_test_0534,train,remove,C0_exact,gsm8k_copy
pairs_arith_v2.csv,4781,arithmetic,gsm8k_test_0534,train,remove,C1_transformed,lmsys_rephrase
pairs_arith_v2.csv,4782,arithmetic,gsm8k_test_0534,train,remove,C2_answer_bearing,gsm8k_solution_frag
pairs_arith_v2.csv,4783,arithmetic,gsm8k_test_0534,train,retain,H2_same_template,gsmplus_numerical_substitution
pairs_arith_v2.csv,4784,arithmetic,gsm8k_test_0534,train,remove,C1_transformed,gsmplus_problem_understanding
pairs_arith_v2.csv,4785,arithmetic,gsm8k_test_0534,train,retain,H2_same_template,gsmplus_critical_thinking
pairs_arith_v2.csv,4786,arithmetic,gsm8k_test_0534,train,retain,H1_same_topic,svamp
pairs_arith_v2.csv,4787,arithmetic,gsm8k_test_0534,train,retain,H3_predating,asdiv
pairs_arith_v2.csv,4788,arithmetic,gsm8k_test_0534,train,retain,R_random,truthfulqa
pairs_arith_v2.csv,4789,arithmetic,gsm8k_test_0535,train,remove,C0_exact,gsm8k_copy
pairs_arith_v2.csv,4790,arithmetic,gsm8k_test_0535,train,remove,C1_transformed,lmsys_rephrase
pairs_arith_v2.csv,4791,arithmetic,gsm8k_test_0535,train,remove,C2_answer_bearing,gsm8k_solution_frag
pairs_arith_v2.csv,4792,arithmetic,gsm8k_test_0535,train,retain,H2_same_template,gsmplus_numerical_substitution
pairs_arith_v2.csv,4793,arithmetic,gsm8k_test_0535,train,remove,C1_transformed,gsmplus_problem_understanding
pairs_arith_v2.csv,4794,arithmetic,gsm8k_test_0535,train,retain,H2_same_template,gsmplus_critical_thinking
pairs_arith_v2.csv,4795,arithmetic,gsm8k_test_0535,train,retain,H1_same_topic,svamp
pairs_arith_v2.csv,4796,arithmetic,gsm8k_test_0535,train,retain,H3_predating,asdiv
pairs_arith_v2.csv,4797,arithmetic,gsm8k_test_0535,train,retain,R_random,truthfulqa
pairs_arith_v2.csv,4798,arithmetic,gsm8k_test_0536,train,remove,C0_exact,gsm8k_copy
pairs_arith_v2.csv,4799,arithmetic,gsm8k_test_0536,train,remove,C1_transformed,lmsys_rephrase
pairs_arith_v2.csv,4800,arithmetic,gsm8k_test_0536,train,remove,C2_answer_bearing,gsm8k_solution_frag
pairs_arith_v2.csv,4801,arithmetic,gsm8k_test_0536,train,retain,H2_same_template,gsmplus_numerical_substitution
pairs_arith_v2.csv,4802,arithmetic,gsm8k_test_0536,train,remove,C1_transformed,gsmplus_problem_understanding
pairs_arith_v2.csv,4803,arithmetic,gsm8k_test_0536,train,retain,H2_same_template,gsmplus_critical_thinking
pairs_arith_v2.csv,4804,arithmetic,gsm8k_test_0536,train,retain,H1_same_topic,svamp
pairs_arith_v2.csv,4805,arithmetic,gsm8k_test_0536,train,retain,H3_predating,asdiv
pairs_arith_v2.csv,4806,arithmetic,gsm8k_test_0536,train,retain,R_random,truthfulqa
pairs_arith_v2.csv,4825,arithmetic,gsm8k_test_0539,train,remove,C0_exact,gsm8k_copy
pairs_arith_v2.csv,4826,arithmetic,gsm8k_test_0539,train,remove,C1_transformed,lmsys_rephrase
pairs_arith_v2.csv,4827,arithmetic,gsm8k_test_0539,train,remove,C2_answer_bearing,gsm8k_solution_frag
pairs_arith_v2.csv,4828,arithmetic,gsm8k_test_0539,train,retain,H2_same_template,gsmplus_numerical_substitution
pairs_arith_v2.csv,4829,arithmetic,gsm8k_test_0539,train,remove,C1_transformed,gsmplus_problem_understanding
pairs_arith_v2.csv,4830,arithmetic,gsm8k_test_0539,train,retain,H2_same_template,gsmplus_critical_thinking
pairs_arith_v2.csv,4831,arithmetic,gsm8k_test_0539,train,retain,H1_same_topic,svamp
pairs_arith_v2.csv,4832,arithmetic,gsm8k_test_0539,train,retain,H3_predating,asdiv
pairs_arith_v2.csv,4833,arithmetic,gsm8k_test_0539,train,retain,R_random,truthfulqa
pairs_arith_v2.csv,4843,arithmetic,gsm8k_test_0541,train,remove,C0_exact,gsm8k_copy
pairs_arith_v2.csv,4844,arithmetic,gsm8k_test_0541,train,remove,C1_transformed,lmsys_rephrase
pairs_arith_v2.csv,4845,arithmetic,gsm8k_test_0541,train,remove,C2_answer_bearing,gsm8k_solution_frag
pairs_arith_v2.csv,4846,arithmetic,gsm8k_test_0541,train,retain,H2_same_template,gsmplus_numerical_substitution
pairs_arith_v2.csv,4847,arithmetic,gsm8k_test_0541,train,remove,C1_transformed,gsmplus_problem_understanding
pairs_arith_v2.csv,4848,arithmetic,gsm8k_test_0541,train,retain,H2_same_template,gsmplus_critical_thinking
pairs_arith_v2.csv,4849,arithmetic,gsm8k_test_0541,train,retain,H1_same_topic,svamp
pairs_arith_v2.csv,4850,arithmetic,gsm8k_test_0541,train,retain,H3_predating,asdiv
pairs_arith_v2.csv,4851,arithmetic,gsm8k_test_0541,train,retain,R_random,truthfulqa
pairs_arith_v2.csv,4861,arithmetic,gsm8k_test_0543,train,remove,C0_exact,gsm8k_copy
pairs_arith_v2.csv,4862,arithmetic,gsm8k_test_0543,train,remove,C1_transformed,lmsys_rephrase
pairs_arith_v2.csv,4863,arithmetic,gsm8k_test_0543,train,remove,C2_answer_bearing,gsm8k_solution_frag
pairs_arith_v2.csv,4864,arithmetic,gsm8k_test_0543,train,retain,H2_same_template,gsmplus_numerical_substitution
pairs_arith_v2.csv,4865,arithmetic,gsm8k_test_0543,train,remove,C1_transformed,gsmplus_problem_understanding
pairs_arith_v2.csv,4866,arithmetic,gsm8k_test_0543,train,retain,H2_same_template,gsmplus_critical_thinking
pairs_arith_v2.csv,4867,arithmetic,gsm8k_test_0543,train,retain,H1_same_topic,svamp
pairs_arith_v2.csv,4868,arithmetic,gsm8k_test_0543,train,retain,H3_predating,asdiv
pairs_arith_v2.csv,4869,arithmetic,gsm8k_test_0543,train,retain,R_random,truthfulqa
pairs_arith_v2.csv,4870,arithmetic,gsm8k_test_0544,train,remove,C0_exact,gsm8k_copy
pairs_arith_v2.csv,4871,arithmetic,gsm8k_test_0544,train,remove,C1_transformed,lmsys_rephrase
pairs_arith_v2.csv,4872,arithmetic,gsm8k_test_0544,train,remove,C2_answer_bearing,gsm8k_solution_frag
pairs_arith_v2.csv,4873,arithmetic,gsm8k_test_0544,train,retain,H2_same_template,gsmplus_numerical_substitution
pairs_arith_v2.csv,4874,arithmetic,gsm8k_test_0544,train,remove,C1_transformed,gsmplus_problem_understanding
pairs_arith_v2.csv,4875,arithmetic,gsm8k_test_0544,train,retain,H2_same_template,gsmplus_critical_thinking
pairs_arith_v2.csv,4876,arithmetic,gsm8k_test_0544,train,retain,H1_same_topic,svamp
pairs_arith_v2.csv,4877,arithmetic,gsm8k_test_0544,train,retain,H3_predating,asdiv
pairs_arith_v2.csv,4878,arithmetic,gsm8k_test_0544,train,retain,R_random,truthfulqa
pairs_arith_v2.csv,4879,arithmetic,gsm8k_test_0545,train,remove,C0_exact,gsm8k_copy
pairs_arith_v2.csv,4880,arithmetic,gsm8k_test_0545,train,remove,C1_transformed,lmsys_rephrase
pairs_arith_v2.csv,4881,arithmetic,gsm8k_test_0545,train,remove,C2_answer_bearing,gsm8k_solution_frag
pairs_arith_v2.csv,4882,arithmetic,gsm8k_test_0545,train,retain,H2_same_template,gsmplus_numerical_substitution
pairs_arith_v2.csv,4883,arithmetic,gsm8k_test_0545,train,remove,C1_transformed,gsmplus_problem_understanding
pairs_arith_v2.csv,4884,arithmetic,gsm8k_test_0545,train,retain,H2_same_template,gsmplus_critical_thinking
pairs_arith_v2.csv,4885,arithmetic,gsm8k_test_0545,train,retain,H1_same_topic,svamp
pairs_arith_v2.csv,4886,arithmetic,gsm8k_test_0545,train,retain,H3_predating,asdiv
pairs_arith_v2.csv,4887,arithmetic,gsm8k_test_0545,train,retain,R_random,truthfulqa
pairs_arith_v2.csv,4933,arithmetic,gsm8k_test_0551,train,remove,C0_exact,gsm8k_copy
pairs_arith_v2.csv,4934,arithmetic,gsm8k_test_0551,train,remove,C1_transformed,lmsys_rephrase
pairs_arith_v2.csv,4935,arithmetic,gsm8k_test_0551,train,remove,C2_answer_bearing,gsm8k_solution_frag
pairs_arith_v2.csv,4936,arithmetic,gsm8k_test_0551,train,retain,H2_same_template,gsmplus_numerical_substitution
pairs_arith_v2.csv,4937,arithmetic,gsm8k_test_0551,train,remove,C1_transformed,gsmplus_problem_understanding
pairs_arith_v2.csv,4938,arithmetic,gsm8k_test_0551,train,retain,H2_same_template,gsmplus_critical_thinking
pairs_arith_v2.csv,4939,arithmetic,gsm8k_test_0551,train,retain,H1_same_topic,svamp
pairs_arith_v2.csv,4940,arithmetic,gsm8k_test_0551,train,retain,H3_predating,asdiv
pairs_arith_v2.csv,4941,arithmetic,gsm8k_test_0551,train,retain,R_random,truthfulqa
pairs_arith_v2.csv,4977,arithmetic,gsm8k_test_0556,train,remove,C0_exact,gsm8k_copy
pairs_arith_v2.csv,4978,arithmetic,gsm8k_test_0556,train,remove,C1_transformed,lmsys_rephrase
pairs_arith_v2.csv,4979,arithmetic,gsm8k_test_0556,train,remove,C2_answer_bearing,gsm8k_solution_frag
pairs_arith_v2.csv,4980,arithmetic,gsm8k_test_0556,train,retain,H2_same_template,gsmplus_numerical_substitution
pairs_arith_v2.csv,4981,arithmetic,gsm8k_test_0556,train,remove,C1_transformed,gsmplus_problem_understanding
pairs_arith_v2.csv,4982,arithmetic,gsm8k_test_0556,train,retain,H2_same_template,gsmplus_critical_thinking
pairs_arith_v2.csv,4983,arithmetic,gsm8k_test_0556,train,retain,H1_same_topic,svamp
pairs_arith_v2.csv,4984,arithmetic,gsm8k_test_0556,train,retain,H3_predating,asdiv
pairs_arith_v2.csv,4985,arithmetic,gsm8k_test_0556,train,retain,R_random,truthfulqa
pairs_arith_v2.csv,4995,arithmetic,gsm8k_test_0558,train,remove,C0_exact,gsm8k_copy
pairs_arith_v2.csv,4996,arithmetic,gsm8k_test_0558,train,remove,C1_transformed,lmsys_rephrase
pairs_arith_v2.csv,4997,arithmetic,gsm8k_test_0558,train,remove,C2_answer_bearing,gsm8k_solution_frag
pairs_arith_v2.csv,4998,arithmetic,gsm8k_test_0558,train,retain,H2_same_template,gsmplus_numerical_substitution
pairs_arith_v2.csv,4999,arithmetic,gsm8k_test_0558,train,remove,C1_transformed,gsmplus_problem_understanding
pairs_arith_v2.csv,5000,arithmetic,gsm8k_test_0558,train,retain,H2_same_template,gsmplus_critical_thinking
pairs_arith_v2.csv,5001,arithmetic,gsm8k_test_0558,train,retain,H1_same_topic,svamp
pairs_arith_v2.csv,5002,arithmetic,gsm8k_test_0558,train,retain,H3_predating,asdiv
pairs_arith_v2.csv,5003,arithmetic,gsm8k_test_0558,train,retain,R_random,truthfulqa
pairs_arith_v2.csv,5013,arithmetic,gsm8k_test_0560,train,remove,C0_exact,gsm8k_copy
pairs_arith_v2.csv,5014,arithmetic,gsm8k_test_0560,train,remove,C1_transformed,lmsys_rephrase
pairs_arith_v2.csv,5015,arithmetic,gsm8k_test_0560,train,remove,C2_answer_bearing,gsm8k_solution_frag
pairs_arith_v2.csv,5016,arithmetic,gsm8k_test_0560,train,retain,H2_same_template,gsmplus_numerical_substitution
pairs_arith_v2.csv,5017,arithmetic,gsm8k_test_0560,train,remove,C1_transformed,gsmplus_problem_understanding
pairs_arith_v2.csv,5018,arithmetic,gsm8k_test_0560,train,retain,H2_same_template,gsmplus_critical_thinking
pairs_arith_v2.csv,5019,arithmetic,gsm8k_test_0560,train,retain,H1_same_topic,svamp
pairs_arith_v2.csv,5020,arithmetic,gsm8k_test_0560,train,retain,H3_predating,asdiv
pairs_arith_v2.csv,5021,arithmetic,gsm8k_test_0560,train,retain,R_random,truthfulqa
pairs_arith_v2.csv,5031,arithmetic,gsm8k_test_0562,train,remove,C0_exact,gsm8k_copy
pairs_arith_v2.csv,5032,arithmetic,gsm8k_test_0562,train,remove,C1_transformed,lmsys_rephrase
pairs_arith_v2.csv,5033,arithmetic,gsm8k_test_0562,train,remove,C2_answer_bearing,gsm8k_solution_frag
pairs_arith_v2.csv,5034,arithmetic,gsm8k_test_0562,train,retain,H2_same_template,gsmplus_numerical_substitution
pairs_arith_v2.csv,5035,arithmetic,gsm8k_test_0562,train,remove,C1_transformed,gsmplus_problem_understanding
pairs_arith_v2.csv,5036,arithmetic,gsm8k_test_0562,train,retain,H2_same_template,gsmplus_critical_thinking
pairs_arith_v2.csv,5037,arithmetic,gsm8k_test_0562,train,retain,H1_same_topic,svamp
pairs_arith_v2.csv,5038,arithmetic,gsm8k_test_0562,train,retain,H3_predating,asdiv
pairs_arith_v2.csv,5039,arithmetic,gsm8k_test_0562,train,retain,R_random,truthfulqa
pairs_arith_v2.csv,5040,arithmetic,gsm8k_test_0563,train,remove,C0_exact,gsm8k_copy
pairs_arith_v2.csv,5041,arithmetic,gsm8k_test_0563,train,remove,C1_transformed,lmsys_rephrase
pairs_arith_v2.csv,5042,arithmetic,gsm8k_test_0563,train,remove,C2_answer_bearing,gsm8k_solution_frag
pairs_arith_v2.csv,5043,arithmetic,gsm8k_test_0563,train,retain,H2_same_template,gsmplus_numerical_substitution
pairs_arith_v2.csv,5044,arithmetic,gsm8k_test_0563,train,remove,C1_transformed,gsmplus_problem_understanding
pairs_arith_v2.csv,5045,arithmetic,gsm8k_test_0563,train,retain,H2_same_template,gsmplus_critical_thinking
pairs_arith_v2.csv,5046,arithmetic,gsm8k_test_0563,train,retain,H1_same_topic,svamp
pairs_arith_v2.csv,5047,arithmetic,gsm8k_test_0563,train,retain,H3_predating,asdiv
pairs_arith_v2.csv,5048,arithmetic,gsm8k_test_0563,train,retain,R_random,truthfulqa
pairs_arith_v2.csv,5049,arithmetic,gsm8k_test_0564,train,remove,C0_exact,gsm8k_copy
pairs_arith_v2.csv,5050,arithmetic,gsm8k_test_0564,train,remove,C1_transformed,lmsys_rephrase
pairs_arith_v2.csv,5051,arithmetic,gsm8k_test_0564,train,remove,C2_answer_bearing,gsm8k_solution_frag
pairs_arith_v2.csv,5052,arithmetic,gsm8k_test_0564,train,retain,H2_same_template,gsmplus_numerical_substitution
pairs_arith_v2.csv,5053,arithmetic,gsm8k_test_0564,train,remove,C1_transformed,gsmplus_problem_understanding
pairs_arith_v2.csv,5054,arithmetic,gsm8k_test_0564,train,retain,H2_same_template,gsmplus_critical_thinking
pairs_arith_v2.csv,5055,arithmetic,gsm8k_test_0564,train,retain,H1_same_topic,svamp
pairs_arith_v2.csv,5056,arithmetic,gsm8k_test_0564,train,retain,H3_predating,asdiv
pairs_arith_v2.csv,5057,arithmetic,gsm8k_test_0564,train,retain,R_random,truthfulqa
pairs_arith_v2.csv,5058,arithmetic,gsm8k_test_0565,train,remove,C0_exact,gsm8k_copy
pairs_arith_v2.csv,5059,arithmetic,gsm8k_test_0565,train,remove,C1_transformed,lmsys_rephrase
pairs_arith_v2.csv,5060,arithmetic,gsm8k_test_0565,train,remove,C2_answer_bearing,gsm8k_solution_frag
pairs_arith_v2.csv,5061,arithmetic,gsm8k_test_0565,train,retain,H2_same_template,gsmplus_numerical_substitution
pairs_arith_v2.csv,5062,arithmetic,gsm8k_test_0565,train,remove,C1_transformed,gsmplus_problem_understanding
pairs_arith_v2.csv,5063,arithmetic,gsm8k_test_0565,train,retain,H2_same_template,gsmplus_critical_thinking
pairs_arith_v2.csv,5064,arithmetic,gsm8k_test_0565,train,retain,H1_same_topic,svamp
pairs_arith_v2.csv,5065,arithmetic,gsm8k_test_0565,train,retain,H3_predating,asdiv
pairs_arith_v2.csv,5066,arithmetic,gsm8k_test_0565,train,retain,R_random,truthfulqa
pairs_arith_v2.csv,5085,arithmetic,gsm8k_test_0568,train,remove,C0_exact,gsm8k_copy
pairs_arith_v2.csv,5086,arithmetic,gsm8k_test_0568,train,remove,C1_transformed,lmsys_rephrase
pairs_arith_v2.csv,5087,arithmetic,gsm8k_test_0568,train,remove,C2_answer_bearing,gsm8k_solution_frag
pairs_arith_v2.csv,5088,arithmetic,gsm8k_test_0568,train,retain,H2_same_template,gsmplus_numerical_substitution
pairs_arith_v2.csv,5089,arithmetic,gsm8k_test_0568,train,remove,C1_transformed,gsmplus_problem_understanding
pairs_arith_v2.csv,5090,arithmetic,gsm8k_test_0568,train,retain,H2_same_template,gsmplus_critical_thinking
pairs_arith_v2.csv,5091,arithmetic,gsm8k_test_0568,train,retain,H1_same_topic,svamp
pairs_arith_v2.csv,5092,arithmetic,gsm8k_test_0568,train,retain,H3_predating,asdiv
pairs_arith_v2.csv,5093,arithmetic,gsm8k_test_0568,train,retain,R_random,truthfulqa
pairs_arith_v2.csv,5094,arithmetic,gsm8k_test_0569,train,remove,C0_exact,gsm8k_copy
pairs_arith_v2.csv,5095,arithmetic,gsm8k_test_0569,train,remove,C1_transformed,lmsys_rephrase
pairs_arith_v2.csv,5096,arithmetic,gsm8k_test_0569,train,remove,C2_answer_bearing,gsm8k_solution_frag
pairs_arith_v2.csv,5097,arithmetic,gsm8k_test_0569,train,retain,H2_same_template,gsmplus_numerical_substitution
pairs_arith_v2.csv,5098,arithmetic,gsm8k_test_0569,train,remove,C1_transformed,gsmplus_problem_understanding
pairs_arith_v2.csv,5099,arithmetic,gsm8k_test_0569,train,retain,H2_same_template,gsmplus_critical_thinking
pairs_arith_v2.csv,5100,arithmetic,gsm8k_test_0569,train,retain,H1_same_topic,svamp
pairs_arith_v2.csv,5101,arithmetic,gsm8k_test_0569,train,retain,H3_predating,asdiv
pairs_arith_v2.csv,5102,arithmetic,gsm8k_test_0569,train,retain,R_random,truthfulqa
pairs_arith_v2.csv,5139,arithmetic,gsm8k_test_0574,train,remove,C0_exact,gsm8k_copy
pairs_arith_v2.csv,5140,arithmetic,gsm8k_test_0574,train,remove,C1_transformed,lmsys_rephrase
pairs_arith_v2.csv,5141,arithmetic,gsm8k_test_0574,train,remove,C2_answer_bearing,gsm8k_solution_frag
pairs_arith_v2.csv,5142,arithmetic,gsm8k_test_0574,train,retain,H2_same_template,gsmplus_numerical_substitution
pairs_arith_v2.csv,5143,arithmetic,gsm8k_test_0574,train,remove,C1_transformed,gsmplus_problem_understanding
pairs_arith_v2.csv,5144,arithmetic,gsm8k_test_0574,train,retain,H2_same_template,gsmplus_critical_thinking
pairs_arith_v2.csv,5145,arithmetic,gsm8k_test_0574,train,retain,H1_same_topic,svamp
pairs_arith_v2.csv,5146,arithmetic,gsm8k_test_0574,train,retain,H3_predating,asdiv
pairs_arith_v2.csv,5147,arithmetic,gsm8k_test_0574,train,retain,R_random,truthfulqa
pairs_arith_v2.csv,5148,arithmetic,gsm8k_test_0575,train,remove,C0_exact,gsm8k_copy
pairs_arith_v2.csv,5149,arithmetic,gsm8k_test_0575,train,remove,C1_transformed,lmsys_rephrase
pairs_arith_v2.csv,5150,arithmetic,gsm8k_test_0575,train,remove,C2_answer_bearing,gsm8k_solution_frag
pairs_arith_v2.csv,5151,arithmetic,gsm8k_test_0575,train,retain,H2_same_template,gsmplus_numerical_substitution
pairs_arith_v2.csv,5152,arithmetic,gsm8k_test_0575,train,remove,C1_transformed,gsmplus_problem_understanding
pairs_arith_v2.csv,5153,arithmetic,gsm8k_test_0575,train,retain,H2_same_template,gsmplus_critical_thinking
pairs_arith_v2.csv,5154,arithmetic,gsm8k_test_0575,train,retain,H1_same_topic,svamp
pairs_arith_v2.csv,5155,arithmetic,gsm8k_test_0575,train,retain,H3_predating,asdiv
pairs_arith_v2.csv,5156,arithmetic,gsm8k_test_0575,train,retain,R_random,truthfulqa
pairs_arith_v2.csv,5175,arithmetic,gsm8k_test_0578,train,remove,C0_exact,gsm8k_copy
pairs_arith_v2.csv,5176,arithmetic,gsm8k_test_0578,train,remove,C1_transformed,lmsys_rephrase
pairs_arith_v2.csv,5177,arithmetic,gsm8k_test_0578,train,remove,C2_answer_bearing,gsm8k_solution_frag
pairs_arith_v2.csv,5178,arithmetic,gsm8k_test_0578,train,retain,H2_same_template,gsmplus_numerical_substitution
pairs_arith_v2.csv,5179,arithmetic,gsm8k_test_0578,train,remove,C1_transformed,gsmplus_problem_understanding
pairs_arith_v2.csv,5180,arithmetic,gsm8k_test_0578,train,retain,H2_same_template,gsmplus_critical_thinking
pairs_arith_v2.csv,5181,arithmetic,gsm8k_test_0578,train,retain,H1_same_topic,svamp
pairs_arith_v2.csv,5182,arithmetic,gsm8k_test_0578,train,retain,H3_predating,asdiv
pairs_arith_v2.csv,5183,arithmetic,gsm8k_test_0578,train,retain,R_random,truthfulqa
pairs_arith_v2.csv,5184,arithmetic,gsm8k_test_0579,train,remove,C0_exact,gsm8k_copy
pairs_arith_v2.csv,5185,arithmetic,gsm8k_test_0579,train,remove,C1_transformed,lmsys_rephrase
pairs_arith_v2.csv,5186,arithmetic,gsm8k_test_0579,train,remove,C2_answer_bearing,gsm8k_solution_frag
pairs_arith_v2.csv,5187,arithmetic,gsm8k_test_0579,train,retain,H2_same_template,gsmplus_numerical_substitution
pairs_arith_v2.csv,5188,arithmetic,gsm8k_test_0579,train,remove,C1_transformed,gsmplus_problem_understanding
pairs_arith_v2.csv,5189,arithmetic,gsm8k_test_0579,train,retain,H2_same_template,gsmplus_critical_thinking
pairs_arith_v2.csv,5190,arithmetic,gsm8k_test_0579,train,retain,H1_same_topic,svamp
pairs_arith_v2.csv,5191,arithmetic,gsm8k_test_0579,train,retain,H3_predating,asdiv
pairs_arith_v2.csv,5192,arithmetic,gsm8k_test_0579,train,retain,R_random,truthfulqa
pairs_arith_v2.csv,5202,arithmetic,gsm8k_test_0581,train,remove,C0_exact,gsm8k_copy
pairs_arith_v2.csv,5203,arithmetic,gsm8k_test_0581,train,remove,C1_transformed,lmsys_rephrase
pairs_arith_v2.csv,5204,arithmetic,gsm8k_test_0581,train,remove,C2_answer_bearing,gsm8k_solution_frag
pairs_arith_v2.csv,5205,arithmetic,gsm8k_test_0581,train,retain,H2_same_template,gsmplus_numerical_substitution
pairs_arith_v2.csv,5206,arithmetic,gsm8k_test_0581,train,remove,C1_transformed,gsmplus_problem_understanding
pairs_arith_v2.csv,5207,arithmetic,gsm8k_test_0581,train,retain,H2_same_template,gsmplus_critical_thinking
pairs_arith_v2.csv,5208,arithmetic,gsm8k_test_0581,train,retain,H1_same_topic,svamp
pairs_arith_v2.csv,5209,arithmetic,gsm8k_test_0581,train,retain,H3_predating,asdiv
pairs_arith_v2.csv,5210,arithmetic,gsm8k_test_0581,train,retain,R_random,truthfulqa
pairs_arith_v2.csv,5238,arithmetic,gsm8k_test_0585,train,remove,C0_exact,gsm8k_copy
pairs_arith_v2.csv,5239,arithmetic,gsm8k_test_0585,train,remove,C1_transformed,lmsys_rephrase
pairs_arith_v2.csv,5240,arithmetic,gsm8k_test_0585,train,remove,C2_answer_bearing,gsm8k_solution_frag
pairs_arith_v2.csv,5241,arithmetic,gsm8k_test_0585,train,retain,H2_same_template,gsmplus_numerical_substitution
pairs_arith_v2.csv,5242,arithmetic,gsm8k_test_0585,train,remove,C1_transformed,gsmplus_problem_understanding
pairs_arith_v2.csv,5243,arithmetic,gsm8k_test_0585,train,retain,H2_same_template,gsmplus_critical_thinking
pairs_arith_v2.csv,5244,arithmetic,gsm8k_test_0585,train,retain,H1_same_topic,svamp
pairs_arith_v2.csv,5245,arithmetic,gsm8k_test_0585,train,retain,H3_predating,asdiv
pairs_arith_v2.csv,5246,arithmetic,gsm8k_test_0585,train,retain,R_random,truthfulqa
pairs_arith_v2.csv,5256,arithmetic,gsm8k_test_0587,train,remove,C0_exact,gsm8k_copy
pairs_arith_v2.csv,5257,arithmetic,gsm8k_test_0587,train,remove,C1_transformed,lmsys_rephrase
pairs_arith_v2.csv,5258,arithmetic,gsm8k_test_0587,train,remove,C2_answer_bearing,gsm8k_solution_frag
pairs_arith_v2.csv,5259,arithmetic,gsm8k_test_0587,train,retain,H2_same_template,gsmplus_numerical_substitution
pairs_arith_v2.csv,5260,arithmetic,gsm8k_test_0587,train,remove,C1_transformed,gsmplus_problem_understanding
pairs_arith_v2.csv,5261,arithmetic,gsm8k_test_0587,train,retain,H2_same_template,gsmplus_critical_thinking
pairs_arith_v2.csv,5262,arithmetic,gsm8k_test_0587,train,retain,H1_same_topic,svamp
pairs_arith_v2.csv,5263,arithmetic,gsm8k_test_0587,train,retain,H3_predating,asdiv
pairs_arith_v2.csv,5264,arithmetic,gsm8k_test_0587,train,retain,R_random,truthfulqa
pairs_arith_v2.csv,5265,arithmetic,gsm8k_test_0588,train,remove,C0_exact,gsm8k_copy
pairs_arith_v2.csv,5266,arithmetic,gsm8k_test_0588,train,remove,C1_transformed,lmsys_rephrase
pairs_arith_v2.csv,5267,arithmetic,gsm8k_test_0588,train,remove,C2_answer_bearing,gsm8k_solution_frag
pairs_arith_v2.csv,5268,arithmetic,gsm8k_test_0588,train,retain,H2_same_template,gsmplus_numerical_substitution
pairs_arith_v2.csv,5269,arithmetic,gsm8k_test_0588,train,remove,C1_transformed,gsmplus_problem_understanding
pairs_arith_v2.csv,5270,arithmetic,gsm8k_test_0588,train,retain,H2_same_template,gsmplus_critical_thinking
pairs_arith_v2.csv,5271,arithmetic,gsm8k_test_0588,train,retain,H1_same_topic,svamp
pairs_arith_v2.csv,5272,arithmetic,gsm8k_test_0588,train,retain,H3_predating,asdiv
pairs_arith_v2.csv,5273,arithmetic,gsm8k_test_0588,train,retain,R_random,truthfulqa
pairs_arith_v2.csv,5274,arithmetic,gsm8k_test_0589,train,remove,C0_exact,gsm8k_copy
pairs_arith_v2.csv,5275,arithmetic,gsm8k_test_0589,train,remove,C1_transformed,lmsys_rephrase
pairs_arith_v2.csv,5276,arithmetic,gsm8k_test_0589,train,remove,C2_answer_bearing,gsm8k_solution_frag
pairs_arith_v2.csv,5277,arithmetic,gsm8k_test_0589,train,retain,H2_same_template,gsmplus_numerical_substitution
pairs_arith_v2.csv,5278,arithmetic,gsm8k_test_0589,train,remove,C1_transformed,gsmplus_problem_understanding
pairs_arith_v2.csv,5279,arithmetic,gsm8k_test_0589,train,retain,H2_same_template,gsmplus_critical_thinking
pairs_arith_v2.csv,5280,arithmetic,gsm8k_test_0589,train,retain,H1_same_topic,svamp
pairs_arith_v2.csv,5281,arithmetic,gsm8k_test_0589,train,retain,H3_predating,asdiv
pairs_arith_v2.csv,5282,arithmetic,gsm8k_test_0589,train,retain,R_random,truthfulqa
pairs_arith_v2.csv,5283,arithmetic,gsm8k_test_0590,train,remove,C0_exact,gsm8k_copy
pairs_arith_v2.csv,5284,arithmetic,gsm8k_test_0590,train,remove,C1_transformed,lmsys_rephrase
pairs_arith_v2.csv,5285,arithmetic,gsm8k_test_0590,train,remove,C2_answer_bearing,gsm8k_solution_frag
pairs_arith_v2.csv,5286,arithmetic,gsm8k_test_0590,train,retain,H2_same_template,gsmplus_numerical_substitution
pairs_arith_v2.csv,5287,arithmetic,gsm8k_test_0590,train,remove,C1_transformed,gsmplus_problem_understanding
pairs_arith_v2.csv,5288,arithmetic,gsm8k_test_0590,train,retain,H2_same_template,gsmplus_critical_thinking
pairs_arith_v2.csv,5289,arithmetic,gsm8k_test_0590,train,retain,H1_same_topic,svamp
pairs_arith_v2.csv,5290,arithmetic,gsm8k_test_0590,train,retain,H3_predating,asdiv
pairs_arith_v2.csv,5291,arithmetic,gsm8k_test_0590,train,retain,R_random,truthfulqa
pairs_arith_v2.csv,5301,arithmetic,gsm8k_test_0592,train,remove,C0_exact,gsm8k_copy
pairs_arith_v2.csv,5302,arithmetic,gsm8k_test_0592,train,remove,C1_transformed,lmsys_rephrase
pairs_arith_v2.csv,5303,arithmetic,gsm8k_test_0592,train,remove,C2_answer_bearing,gsm8k_solution_frag
pairs_arith_v2.csv,5304,arithmetic,gsm8k_test_0592,train,retain,H2_same_template,gsmplus_numerical_substitution
pairs_arith_v2.csv,5305,arithmetic,gsm8k_test_0592,train,remove,C1_transformed,gsmplus_problem_understanding
pairs_arith_v2.csv,5306,arithmetic,gsm8k_test_0592,train,retain,H2_same_template,gsmplus_critical_thinking
pairs_arith_v2.csv,5307,arithmetic,gsm8k_test_0592,train,retain,H1_same_topic,svamp
pairs_arith_v2.csv,5308,arithmetic,gsm8k_test_0592,train,retain,H3_predating,asdiv
pairs_arith_v2.csv,5309,arithmetic,gsm8k_test_0592,train,retain,R_random,truthfulqa
pairs_arith_v2.csv,5345,arithmetic,gsm8k_test_0597,train,remove,C0_exact,gsm8k_copy
pairs_arith_v2.csv,5346,arithmetic,gsm8k_test_0597,train,remove,C1_transformed,lmsys_rephrase
pairs_arith_v2.csv,5347,arithmetic,gsm8k_test_0597,train,remove,C2_answer_bearing,gsm8k_solution_frag
pairs_arith_v2.csv,5348,arithmetic,gsm8k_test_0597,train,retain,H2_same_template,gsmplus_numerical_substitution
pairs_arith_v2.csv,5349,arithmetic,gsm8k_test_0597,train,remove,C1_transformed,gsmplus_problem_understanding
pairs_arith_v2.csv,5350,arithmetic,gsm8k_test_0597,train,retain,H2_same_template,gsmplus_critical_thinking
pairs_arith_v2.csv,5351,arithmetic,gsm8k_test_0597,train,retain,H1_same_topic,svamp
pairs_arith_v2.csv,5352,arithmetic,gsm8k_test_0597,train,retain,H3_predating,asdiv
pairs_arith_v2.csv,5353,arithmetic,gsm8k_test_0597,train,retain,R_random,truthfulqa
pairs_arith_v2.csv,5363,arithmetic,gsm8k_test_0599,train,remove,C0_exact,gsm8k_copy
pairs_arith_v2.csv,5364,arithmetic,gsm8k_test_0599,train,remove,C1_transformed,lmsys_rephrase
pairs_arith_v2.csv,5365,arithmetic,gsm8k_test_0599,train,remove,C2_answer_bearing,gsm8k_solution_frag
pairs_arith_v2.csv,5366,arithmetic,gsm8k_test_0599,train,retain,H2_same_template,gsmplus_numerical_substitution
pairs_arith_v2.csv,5367,arithmetic,gsm8k_test_0599,train,remove,C1_transformed,gsmplus_problem_understanding
pairs_arith_v2.csv,5368,arithmetic,gsm8k_test_0599,train,retain,H2_same_template,gsmplus_critical_thinking
pairs_arith_v2.csv,5369,arithmetic,gsm8k_test_0599,train,retain,H1_same_topic,svamp
pairs_arith_v2.csv,5370,arithmetic,gsm8k_test_0599,train,retain,H3_predating,asdiv
pairs_arith_v2.csv,5371,arithmetic,gsm8k_test_0599,train,retain,R_random,truthfulqa
pairs_arith_v2.csv,5390,arithmetic,gsm8k_test_0602,train,remove,C0_exact,gsm8k_copy
pairs_arith_v2.csv,5391,arithmetic,gsm8k_test_0602,train,remove,C1_transformed,lmsys_rephrase
pairs_arith_v2.csv,5392,arithmetic,gsm8k_test_0602,train,remove,C2_answer_bearing,gsm8k_solution_frag
pairs_arith_v2.csv,5393,arithmetic,gsm8k_test_0602,train,remove,C1_transformed,gsmplus_problem_understanding
pairs_arith_v2.csv,5394,arithmetic,gsm8k_test_0602,train,retain,H2_same_template,gsmplus_critical_thinking
pairs_arith_v2.csv,5395,arithmetic,gsm8k_test_0602,train,retain,H1_same_topic,svamp
pairs_arith_v2.csv,5396,arithmetic,gsm8k_test_0602,train,retain,H3_predating,asdiv
pairs_arith_v2.csv,5397,arithmetic,gsm8k_test_0602,train,retain,R_random,truthfulqa
pairs_arith_v2.csv,5398,arithmetic,gsm8k_test_0603,train,remove,C0_exact,gsm8k_copy
pairs_arith_v2.csv,5399,arithmetic,gsm8k_test_0603,train,remove,C1_transformed,lmsys_rephrase
pairs_arith_v2.csv,5400,arithmetic,gsm8k_test_0603,train,remove,C2_answer_bearing,gsm8k_solution_frag
pairs_arith_v2.csv,5401,arithmetic,gsm8k_test_0603,train,retain,H2_same_template,gsmplus_numerical_substitution
pairs_arith_v2.csv,5402,arithmetic,gsm8k_test_0603,train,remove,C1_transformed,gsmplus_problem_understanding
pairs_arith_v2.csv,5403,arithmetic,gsm8k_test_0603,train,retain,H2_same_template,gsmplus_critical_thinking
pairs_arith_v2.csv,5404,arithmetic,gsm8k_test_0603,train,retain,H1_same_topic,svamp
pairs_arith_v2.csv,5405,arithmetic,gsm8k_test_0603,train,retain,H3_predating,asdiv
pairs_arith_v2.csv,5406,arithmetic,gsm8k_test_0603,train,retain,R_random,truthfulqa
pairs_arith_v2.csv,5416,arithmetic,gsm8k_test_0605,train,remove,C0_exact,gsm8k_copy
pairs_arith_v2.csv,5417,arithmetic,gsm8k_test_0605,train,remove,C1_transformed,lmsys_rephrase
pairs_arith_v2.csv,5418,arithmetic,gsm8k_test_0605,train,remove,C2_answer_bearing,gsm8k_solution_frag
pairs_arith_v2.csv,5419,arithmetic,gsm8k_test_0605,train,retain,H2_same_template,gsmplus_numerical_substitution
pairs_arith_v2.csv,5420,arithmetic,gsm8k_test_0605,train,remove,C1_transformed,gsmplus_problem_understanding
pairs_arith_v2.csv,5421,arithmetic,gsm8k_test_0605,train,retain,H2_same_template,gsmplus_critical_thinking
pairs_arith_v2.csv,5422,arithmetic,gsm8k_test_0605,train,retain,H1_same_topic,svamp
pairs_arith_v2.csv,5423,arithmetic,gsm8k_test_0605,train,retain,H3_predating,asdiv
pairs_arith_v2.csv,5424,arithmetic,gsm8k_test_0605,train,retain,R_random,truthfulqa
pairs_arith_v2.csv,5425,arithmetic,gsm8k_test_0606,train,remove,C0_exact,gsm8k_copy
pairs_arith_v2.csv,5426,arithmetic,gsm8k_test_0606,train,remove,C1_transformed,lmsys_rephrase
pairs_arith_v2.csv,5427,arithmetic,gsm8k_test_0606,train,remove,C2_answer_bearing,gsm8k_solution_frag
pairs_arith_v2.csv,5428,arithmetic,gsm8k_test_0606,train,retain,H2_same_template,gsmplus_numerical_substitution
pairs_arith_v2.csv,5429,arithmetic,gsm8k_test_0606,train,remove,C1_transformed,gsmplus_problem_understanding
pairs_arith_v2.csv,5430,arithmetic,gsm8k_test_0606,train,retain,H2_same_template,gsmplus_critical_thinking
pairs_arith_v2.csv,5431,arithmetic,gsm8k_test_0606,train,retain,H1_same_topic,svamp
pairs_arith_v2.csv,5432,arithmetic,gsm8k_test_0606,train,retain,H3_predating,asdiv
pairs_arith_v2.csv,5433,arithmetic,gsm8k_test_0606,train,retain,R_random,truthfulqa
pairs_arith_v2.csv,5434,arithmetic,gsm8k_test_0607,train,remove,C0_exact,gsm8k_copy
pairs_arith_v2.csv,5435,arithmetic,gsm8k_test_0607,train,remove,C1_transformed,lmsys_rephrase
pairs_arith_v2.csv,5436,arithmetic,gsm8k_test_0607,train,remove,C2_answer_bearing,gsm8k_solution_frag
pairs_arith_v2.csv,5437,arithmetic,gsm8k_test_0607,train,retain,H2_same_template,gsmplus_numerical_substitution
pairs_arith_v2.csv,5438,arithmetic,gsm8k_test_0607,train,remove,C1_transformed,gsmplus_problem_understanding
pairs_arith_v2.csv,5439,arithmetic,gsm8k_test_0607,train,retain,H2_same_template,gsmplus_critical_thinking
pairs_arith_v2.csv,5440,arithmetic,gsm8k_test_0607,train,retain,H1_same_topic,svamp
pairs_arith_v2.csv,5441,arithmetic,gsm8k_test_0607,train,retain,H3_predating,asdiv
pairs_arith_v2.csv,5442,arithmetic,gsm8k_test_0607,train,retain,R_random,truthfulqa
pairs_arith_v2.csv,5443,arithmetic,gsm8k_test_0608,train,remove,C0_exact,gsm8k_copy
pairs_arith_v2.csv,5444,arithmetic,gsm8k_test_0608,train,remove,C1_transformed,lmsys_rephrase
pairs_arith_v2.csv,5445,arithmetic,gsm8k_test_0608,train,remove,C2_answer_bearing,gsm8k_solution_frag
pairs_arith_v2.csv,5446,arithmetic,gsm8k_test_0608,train,retain,H2_same_template,gsmplus_numerical_substitution
pairs_arith_v2.csv,5447,arithmetic,gsm8k_test_0608,train,remove,C1_transformed,gsmplus_problem_understanding
pairs_arith_v2.csv,5448,arithmetic,gsm8k_test_0608,train,retain,H2_same_template,gsmplus_critical_thinking
pairs_arith_v2.csv,5449,arithmetic,gsm8k_test_0608,train,retain,H1_same_topic,svamp
pairs_arith_v2.csv,5450,arithmetic,gsm8k_test_0608,train,retain,H3_predating,asdiv
pairs_arith_v2.csv,5451,arithmetic,gsm8k_test_0608,train,retain,R_random,truthfulqa
pairs_arith_v2.csv,5470,arithmetic,gsm8k_test_0611,train,remove,C0_exact,gsm8k_copy
pairs_arith_v2.csv,5471,arithmetic,gsm8k_test_0611,train,remove,C1_transformed,lmsys_rephrase
pairs_arith_v2.csv,5472,arithmetic,gsm8k_test_0611,train,remove,C2_answer_bearing,gsm8k_solution_frag
pairs_arith_v2.csv,5473,arithmetic,gsm8k_test_0611,train,retain,H2_same_template,gsmplus_numerical_substitution
pairs_arith_v2.csv,5474,arithmetic,gsm8k_test_0611,train,remove,C1_transformed,gsmplus_problem_understanding
pairs_arith_v2.csv,5475,arithmetic,gsm8k_test_0611,train,retain,H2_same_template,gsmplus_critical_thinking
pairs_arith_v2.csv,5476,arithmetic,gsm8k_test_0611,train,retain,H1_same_topic,svamp
pairs_arith_v2.csv,5477,arithmetic,gsm8k_test_0611,train,retain,H3_predating,asdiv
pairs_arith_v2.csv,5478,arithmetic,gsm8k_test_0611,train,retain,R_random,truthfulqa
pairs_arith_v2.csv,5497,arithmetic,gsm8k_test_0614,train,remove,C0_exact,gsm8k_copy
pairs_arith_v2.csv,5498,arithmetic,gsm8k_test_0614,train,remove,C1_transformed,lmsys_rephrase
pairs_arith_v2.csv,5499,arithmetic,gsm8k_test_0614,train,remove,C2_answer_bearing,gsm8k_solution_frag
pairs_arith_v2.csv,5500,arithmetic,gsm8k_test_0614,train,retain,H2_same_template,gsmplus_numerical_substitution
pairs_arith_v2.csv,5501,arithmetic,gsm8k_test_0614,train,remove,C1_transformed,gsmplus_problem_understanding
pairs_arith_v2.csv,5502,arithmetic,gsm8k_test_0614,train,retain,H2_same_template,gsmplus_critical_thinking
pairs_arith_v2.csv,5503,arithmetic,gsm8k_test_0614,train,retain,H1_same_topic,svamp
pairs_arith_v2.csv,5504,arithmetic,gsm8k_test_0614,train,retain,H3_predating,asdiv
pairs_arith_v2.csv,5505,arithmetic,gsm8k_test_0614,train,retain,R_random,truthfulqa
pairs_arith_v2.csv,5541,arithmetic,gsm8k_test_0619,train,remove,C0_exact,gsm8k_copy
pairs_arith_v2.csv,5542,arithmetic,gsm8k_test_0619,train,remove,C1_transformed,lmsys_rephrase
pairs_arith_v2.csv,5543,arithmetic,gsm8k_test_0619,train,remove,C2_answer_bearing,gsm8k_solution_frag
pairs_arith_v2.csv,5544,arithmetic,gsm8k_test_0619,train,retain,H2_same_template,gsmplus_numerical_substitution
pairs_arith_v2.csv,5545,arithmetic,gsm8k_test_0619,train,remove,C1_transformed,gsmplus_problem_understanding
pairs_arith_v2.csv,5546,arithmetic,gsm8k_test_0619,train,retain,H2_same_template,gsmplus_critical_thinking
pairs_arith_v2.csv,5547,arithmetic,gsm8k_test_0619,train,retain,H1_same_topic,svamp
pairs_arith_v2.csv,5548,arithmetic,gsm8k_test_0619,train,retain,H3_predating,asdiv
pairs_arith_v2.csv,5549,arithmetic,gsm8k_test_0619,train,retain,R_random,truthfulqa
pairs_arith_v2.csv,5550,arithmetic,gsm8k_test_0620,train,remove,C0_exact,gsm8k_copy
pairs_arith_v2.csv,5551,arithmetic,gsm8k_test_0620,train,remove,C1_transformed,lmsys_rephrase
pairs_arith_v2.csv,5552,arithmetic,gsm8k_test_0620,train,remove,C2_answer_bearing,gsm8k_solution_frag
pairs_arith_v2.csv,5553,arithmetic,gsm8k_test_0620,train,retain,H2_same_template,gsmplus_numerical_substitution
pairs_arith_v2.csv,5554,arithmetic,gsm8k_test_0620,train,remove,C1_transformed,gsmplus_problem_understanding
pairs_arith_v2.csv,5555,arithmetic,gsm8k_test_0620,train,retain,H2_same_template,gsmplus_critical_thinking
pairs_arith_v2.csv,5556,arithmetic,gsm8k_test_0620,train,retain,H1_same_topic,svamp
pairs_arith_v2.csv,5557,arithmetic,gsm8k_test_0620,train,retain,H3_predating,asdiv
pairs_arith_v2.csv,5558,arithmetic,gsm8k_test_0620,train,retain,R_random,truthfulqa
pairs_arith_v2.csv,5559,arithmetic,gsm8k_test_0621,train,remove,C0_exact,gsm8k_copy
pairs_arith_v2.csv,5560,arithmetic,gsm8k_test_0621,train,remove,C1_transformed,lmsys_rephrase
pairs_arith_v2.csv,5561,arithmetic,gsm8k_test_0621,train,remove,C2_answer_bearing,gsm8k_solution_frag
pairs_arith_v2.csv,5562,arithmetic,gsm8k_test_0621,train,retain,H2_same_template,gsmplus_numerical_substitution
pairs_arith_v2.csv,5563,arithmetic,gsm8k_test_0621,train,remove,C1_transformed,gsmplus_problem_understanding
pairs_arith_v2.csv,5564,arithmetic,gsm8k_test_0621,train,retain,H2_same_template,gsmplus_critical_thinking
pairs_arith_v2.csv,5565,arithmetic,gsm8k_test_0621,train,retain,H1_same_topic,svamp
pairs_arith_v2.csv,5566,arithmetic,gsm8k_test_0621,train,retain,H3_predating,asdiv
pairs_arith_v2.csv,5567,arithmetic,gsm8k_test_0621,train,retain,R_random,truthfulqa
pairs_arith_v2.csv,5577,arithmetic,gsm8k_test_0623,train,remove,C0_exact,gsm8k_copy
pairs_arith_v2.csv,5578,arithmetic,gsm8k_test_0623,train,remove,C1_transformed,lmsys_rephrase
pairs_arith_v2.csv,5579,arithmetic,gsm8k_test_0623,train,remove,C2_answer_bearing,gsm8k_solution_frag
pairs_arith_v2.csv,5580,arithmetic,gsm8k_test_0623,train,retain,H2_same_template,gsmplus_numerical_substitution
pairs_arith_v2.csv,5581,arithmetic,gsm8k_test_0623,train,remove,C1_transformed,gsmplus_problem_understanding
pairs_arith_v2.csv,5582,arithmetic,gsm8k_test_0623,train,retain,H2_same_template,gsmplus_critical_thinking
pairs_arith_v2.csv,5583,arithmetic,gsm8k_test_0623,train,retain,H1_same_topic,svamp
pairs_arith_v2.csv,5584,arithmetic,gsm8k_test_0623,train,retain,H3_predating,asdiv
pairs_arith_v2.csv,5585,arithmetic,gsm8k_test_0623,train,retain,R_random,truthfulqa
pairs_arith_v2.csv,5586,arithmetic,gsm8k_test_0624,train,remove,C0_exact,gsm8k_copy
pairs_arith_v2.csv,5587,arithmetic,gsm8k_test_0624,train,remove,C1_transformed,lmsys_rephrase
pairs_arith_v2.csv,5588,arithmetic,gsm8k_test_0624,train,remove,C2_answer_bearing,gsm8k_solution_frag
pairs_arith_v2.csv,5589,arithmetic,gsm8k_test_0624,train,retain,H2_same_template,gsmplus_numerical_substitution
pairs_arith_v2.csv,5590,arithmetic,gsm8k_test_0624,train,remove,C1_transformed,gsmplus_problem_understanding
pairs_arith_v2.csv,5591,arithmetic,gsm8k_test_0624,train,retain,H2_same_template,gsmplus_critical_thinking
pairs_arith_v2.csv,5592,arithmetic,gsm8k_test_0624,train,retain,H1_same_topic,svamp
pairs_arith_v2.csv,5593,arithmetic,gsm8k_test_0624,train,retain,H3_predating,asdiv
pairs_arith_v2.csv,5594,arithmetic,gsm8k_test_0624,train,retain,R_random,truthfulqa
pairs_arith_v2.csv,5595,arithmetic,gsm8k_test_0625,train,remove,C0_exact,gsm8k_copy
pairs_arith_v2.csv,5596,arithmetic,gsm8k_test_0625,train,remove,C1_transformed,lmsys_rephrase
pairs_arith_v2.csv,5597,arithmetic,gsm8k_test_0625,train,remove,C2_answer_bearing,gsm8k_solution_frag
pairs_arith_v2.csv,5598,arithmetic,gsm8k_test_0625,train,retain,H2_same_template,gsmplus_numerical_substitution
pairs_arith_v2.csv,5599,arithmetic,gsm8k_test_0625,train,remove,C1_transformed,gsmplus_problem_understanding
pairs_arith_v2.csv,5600,arithmetic,gsm8k_test_0625,train,retain,H2_same_template,gsmplus_critical_thinking
pairs_arith_v2.csv,5601,arithmetic,gsm8k_test_0625,train,retain,H1_same_topic,svamp
pairs_arith_v2.csv,5602,arithmetic,gsm8k_test_0625,train,retain,H3_predating,asdiv
pairs_arith_v2.csv,5603,arithmetic,gsm8k_test_0625,train,retain,R_random,truthfulqa
pairs_arith_v2.csv,5622,arithmetic,gsm8k_test_0628,train,remove,C0_exact,gsm8k_copy
pairs_arith_v2.csv,5623,arithmetic,gsm8k_test_0628,train,remove,C1_transformed,lmsys_rephrase
pairs_arith_v2.csv,5624,arithmetic,gsm8k_test_0628,train,remove,C2_answer_bearing,gsm8k_solution_frag
pairs_arith_v2.csv,5625,arithmetic,gsm8k_test_0628,train,retain,H2_same_template,gsmplus_numerical_substitution
pairs_arith_v2.csv,5626,arithmetic,gsm8k_test_0628,train,remove,C1_transformed,gsmplus_problem_understanding
pairs_arith_v2.csv,5627,arithmetic,gsm8k_test_0628,train,retain,H2_same_template,gsmplus_critical_thinking
pairs_arith_v2.csv,5628,arithmetic,gsm8k_test_0628,train,retain,H1_same_topic,svamp
pairs_arith_v2.csv,5629,arithmetic,gsm8k_test_0628,train,retain,H3_predating,asdiv
pairs_arith_v2.csv,5630,arithmetic,gsm8k_test_0628,train,retain,R_random,truthfulqa
pairs_arith_v2.csv,5649,arithmetic,gsm8k_test_0631,train,remove,C0_exact,gsm8k_copy
pairs_arith_v2.csv,5650,arithmetic,gsm8k_test_0631,train,remove,C1_transformed,lmsys_rephrase
pairs_arith_v2.csv,5651,arithmetic,gsm8k_test_0631,train,remove,C2_answer_bearing,gsm8k_solution_frag
pairs_arith_v2.csv,5652,arithmetic,gsm8k_test_0631,train,retain,H2_same_template,gsmplus_numerical_substitution
pairs_arith_v2.csv,5653,arithmetic,gsm8k_test_0631,train,remove,C1_transformed,gsmplus_problem_understanding
pairs_arith_v2.csv,5654,arithmetic,gsm8k_test_0631,train,retain,H2_same_template,gsmplus_critical_thinking
pairs_arith_v2.csv,5655,arithmetic,gsm8k_test_0631,train,retain,H1_same_topic,svamp
pairs_arith_v2.csv,5656,arithmetic,gsm8k_test_0631,train,retain,H3_predating,asdiv
pairs_arith_v2.csv,5657,arithmetic,gsm8k_test_0631,train,retain,R_random,truthfulqa
pairs_arith_v2.csv,5703,arithmetic,gsm8k_test_0637,train,remove,C0_exact,gsm8k_copy
pairs_arith_v2.csv,5704,arithmetic,gsm8k_test_0637,train,remove,C1_transformed,lmsys_rephrase
pairs_arith_v2.csv,5705,arithmetic,gsm8k_test_0637,train,remove,C2_answer_bearing,gsm8k_solution_frag
pairs_arith_v2.csv,5706,arithmetic,gsm8k_test_0637,train,retain,H2_same_template,gsmplus_numerical_substitution
pairs_arith_v2.csv,5707,arithmetic,gsm8k_test_0637,train,remove,C1_transformed,gsmplus_problem_understanding
pairs_arith_v2.csv,5708,arithmetic,gsm8k_test_0637,train,retain,H2_same_template,gsmplus_critical_thinking
pairs_arith_v2.csv,5709,arithmetic,gsm8k_test_0637,train,retain,H1_same_topic,svamp
pairs_arith_v2.csv,5710,arithmetic,gsm8k_test_0637,train,retain,H3_predating,asdiv
pairs_arith_v2.csv,5711,arithmetic,gsm8k_test_0637,train,retain,R_random,truthfulqa
pairs_arith_v2.csv,5712,arithmetic,gsm8k_test_0638,train,remove,C0_exact,gsm8k_copy
pairs_arith_v2.csv,5713,arithmetic,gsm8k_test_0638,train,remove,C1_transformed,lmsys_rephrase
pairs_arith_v2.csv,5714,arithmetic,gsm8k_test_0638,train,remove,C2_answer_bearing,gsm8k_solution_frag
pairs_arith_v2.csv,5715,arithmetic,gsm8k_test_0638,train,retain,H2_same_template,gsmplus_numerical_substitution
pairs_arith_v2.csv,5716,arithmetic,gsm8k_test_0638,train,remove,C1_transformed,gsmplus_problem_understanding
pairs_arith_v2.csv,5717,arithmetic,gsm8k_test_0638,train,retain,H2_same_template,gsmplus_critical_thinking
pairs_arith_v2.csv,5718,arithmetic,gsm8k_test_0638,train,retain,H1_same_topic,svamp
pairs_arith_v2.csv,5719,arithmetic,gsm8k_test_0638,train,retain,H3_predating,asdiv
pairs_arith_v2.csv,5720,arithmetic,gsm8k_test_0638,train,retain,R_random,truthfulqa
pairs_arith_v2.csv,5739,arithmetic,gsm8k_test_0641,train,remove,C0_exact,gsm8k_copy
pairs_arith_v2.csv,5740,arithmetic,gsm8k_test_0641,train,remove,C1_transformed,lmsys_rephrase
pairs_arith_v2.csv,5741,arithmetic,gsm8k_test_0641,train,remove,C2_answer_bearing,gsm8k_solution_frag
pairs_arith_v2.csv,5742,arithmetic,gsm8k_test_0641,train,retain,H2_same_template,gsmplus_numerical_substitution
pairs_arith_v2.csv,5743,arithmetic,gsm8k_test_0641,train,remove,C1_transformed,gsmplus_problem_understanding
pairs_arith_v2.csv,5744,arithmetic,gsm8k_test_0641,train,retain,H2_same_template,gsmplus_critical_thinking
pairs_arith_v2.csv,5745,arithmetic,gsm8k_test_0641,train,retain,H1_same_topic,svamp
pairs_arith_v2.csv,5746,arithmetic,gsm8k_test_0641,train,retain,H3_predating,asdiv
pairs_arith_v2.csv,5747,arithmetic,gsm8k_test_0641,train,retain,R_random,truthfulqa
pairs_arith_v2.csv,5766,arithmetic,gsm8k_test_0644,train,remove,C0_exact,gsm8k_copy
pairs_arith_v2.csv,5767,arithmetic,gsm8k_test_0644,train,remove,C1_transformed,lmsys_rephrase
pairs_arith_v2.csv,5768,arithmetic,gsm8k_test_0644,train,remove,C2_answer_bearing,gsm8k_solution_frag
pairs_arith_v2.csv,5769,arithmetic,gsm8k_test_0644,train,retain,H2_same_template,gsmplus_numerical_substitution
pairs_arith_v2.csv,5770,arithmetic,gsm8k_test_0644,train,remove,C1_transformed,gsmplus_problem_understanding
pairs_arith_v2.csv,5771,arithmetic,gsm8k_test_0644,train,retain,H2_same_template,gsmplus_critical_thinking
pairs_arith_v2.csv,5772,arithmetic,gsm8k_test_0644,train,retain,H1_same_topic,svamp
pairs_arith_v2.csv,5773,arithmetic,gsm8k_test_0644,train,retain,H3_predating,asdiv
pairs_arith_v2.csv,5774,arithmetic,gsm8k_test_0644,train,retain,R_random,truthfulqa
pairs_arith_v2.csv,5793,arithmetic,gsm8k_test_0647,train,remove,C0_exact,gsm8k_copy
pairs_arith_v2.csv,5794,arithmetic,gsm8k_test_0647,train,remove,C1_transformed,lmsys_rephrase
pairs_arith_v2.csv,5795,arithmetic,gsm8k_test_0647,train,remove,C2_answer_bearing,gsm8k_solution_frag
pairs_arith_v2.csv,5796,arithmetic,gsm8k_test_0647,train,retain,H2_same_template,gsmplus_numerical_substitution
pairs_arith_v2.csv,5797,arithmetic,gsm8k_test_0647,train,remove,C1_transformed,gsmplus_problem_understanding
pairs_arith_v2.csv,5798,arithmetic,gsm8k_test_0647,train,retain,H2_same_template,gsmplus_critical_thinking
pairs_arith_v2.csv,5799,arithmetic,gsm8k_test_0647,train,retain,H1_same_topic,svamp
pairs_arith_v2.csv,5800,arithmetic,gsm8k_test_0647,train,retain,H3_predating,asdiv
pairs_arith_v2.csv,5801,arithmetic,gsm8k_test_0647,train,retain,R_random,truthfulqa
pairs_arith_v2.csv,5811,arithmetic,gsm8k_test_0649,train,remove,C0_exact,gsm8k_copy
pairs_arith_v2.csv,5812,arithmetic,gsm8k_test_0649,train,remove,C1_transformed,lmsys_rephrase
pairs_arith_v2.csv,5813,arithmetic,gsm8k_test_0649,train,remove,C2_answer_bearing,gsm8k_solution_frag
pairs_arith_v2.csv,5814,arithmetic,gsm8k_test_0649,train,retain,H2_same_template,gsmplus_numerical_substitution
pairs_arith_v2.csv,5815,arithmetic,gsm8k_test_0649,train,remove,C1_transformed,gsmplus_problem_understanding
pairs_arith_v2.csv,5816,arithmetic,gsm8k_test_0649,train,retain,H2_same_template,gsmplus_critical_thinking
pairs_arith_v2.csv,5817,arithmetic,gsm8k_test_0649,train,retain,H1_same_topic,svamp
pairs_arith_v2.csv,5818,arithmetic,gsm8k_test_0649,train,retain,H3_predating,asdiv
pairs_arith_v2.csv,5819,arithmetic,gsm8k_test_0649,train,retain,R_random,truthfulqa
pairs_arith_v2.csv,5820,arithmetic,gsm8k_test_0650,train,remove,C0_exact,gsm8k_copy
pairs_arith_v2.csv,5821,arithmetic,gsm8k_test_0650,train,remove,C1_transformed,lmsys_rephrase
pairs_arith_v2.csv,5822,arithmetic,gsm8k_test_0650,train,remove,C2_answer_bearing,gsm8k_solution_frag
pairs_arith_v2.csv,5823,arithmetic,gsm8k_test_0650,train,retain,H2_same_template,gsmplus_numerical_substitution
pairs_arith_v2.csv,5824,arithmetic,gsm8k_test_0650,train,remove,C1_transformed,gsmplus_problem_understanding
pairs_arith_v2.csv,5825,arithmetic,gsm8k_test_0650,train,retain,H2_same_template,gsmplus_critical_thinking
pairs_arith_v2.csv,5826,arithmetic,gsm8k_test_0650,train,retain,H1_same_topic,svamp
pairs_arith_v2.csv,5827,arithmetic,gsm8k_test_0650,train,retain,H3_predating,asdiv
pairs_arith_v2.csv,5828,arithmetic,gsm8k_test_0650,train,retain,R_random,truthfulqa
pairs_arith_v2.csv,5883,arithmetic,gsm8k_test_0657,train,remove,C0_exact,gsm8k_copy
pairs_arith_v2.csv,5884,arithmetic,gsm8k_test_0657,train,remove,C1_transformed,lmsys_rephrase
pairs_arith_v2.csv,5885,arithmetic,gsm8k_test_0657,train,remove,C2_answer_bearing,gsm8k_solution_frag
pairs_arith_v2.csv,5886,arithmetic,gsm8k_test_0657,train,retain,H2_same_template,gsmplus_numerical_substitution
pairs_arith_v2.csv,5887,arithmetic,gsm8k_test_0657,train,remove,C1_transformed,gsmplus_problem_understanding
pairs_arith_v2.csv,5888,arithmetic,gsm8k_test_0657,train,retain,H2_same_template,gsmplus_critical_thinking
pairs_arith_v2.csv,5889,arithmetic,gsm8k_test_0657,train,retain,H1_same_topic,svamp
pairs_arith_v2.csv,5890,arithmetic,gsm8k_test_0657,train,retain,H3_predating,asdiv
pairs_arith_v2.csv,5891,arithmetic,gsm8k_test_0657,train,retain,R_random,truthfulqa
pairs_arith_v2.csv,5910,arithmetic,gsm8k_test_0660,train,remove,C0_exact,gsm8k_copy
pairs_arith_v2.csv,5911,arithmetic,gsm8k_test_0660,train,remove,C1_transformed,lmsys_rephrase
pairs_arith_v2.csv,5912,arithmetic,gsm8k_test_0660,train,remove,C2_answer_bearing,gsm8k_solution_frag
pairs_arith_v2.csv,5913,arithmetic,gsm8k_test_0660,train,remove,C1_transformed,gsmplus_problem_understanding
pairs_arith_v2.csv,5914,arithmetic,gsm8k_test_0660,train,retain,H2_same_template,gsmplus_critical_thinking
pairs_arith_v2.csv,5915,arithmetic,gsm8k_test_0660,train,retain,H1_same_topic,svamp
pairs_arith_v2.csv,5916,arithmetic,gsm8k_test_0660,train,retain,H3_predating,asdiv
pairs_arith_v2.csv,5917,arithmetic,gsm8k_test_0660,train,retain,R_random,truthfulqa
pairs_arith_v2.csv,5918,arithmetic,gsm8k_test_0661,train,remove,C0_exact,gsm8k_copy
pairs_arith_v2.csv,5919,arithmetic,gsm8k_test_0661,train,remove,C1_transformed,lmsys_rephrase
pairs_arith_v2.csv,5920,arithmetic,gsm8k_test_0661,train,remove,C2_answer_bearing,gsm8k_solution_frag
pairs_arith_v2.csv,5921,arithmetic,gsm8k_test_0661,train,retain,H2_same_template,gsmplus_numerical_substitution
pairs_arith_v2.csv,5922,arithmetic,gsm8k_test_0661,train,remove,C1_transformed,gsmplus_problem_understanding
pairs_arith_v2.csv,5923,arithmetic,gsm8k_test_0661,train,retain,H2_same_template,gsmplus_critical_thinking
pairs_arith_v2.csv,5924,arithmetic,gsm8k_test_0661,train,retain,H1_same_topic,svamp
pairs_arith_v2.csv,5925,arithmetic,gsm8k_test_0661,train,retain,H3_predating,asdiv
pairs_arith_v2.csv,5926,arithmetic,gsm8k_test_0661,train,retain,R_random,truthfulqa
pairs_arith_v2.csv,5927,arithmetic,gsm8k_test_0662,train,remove,C0_exact,gsm8k_copy
pairs_arith_v2.csv,5928,arithmetic,gsm8k_test_0662,train,remove,C1_transformed,lmsys_rephrase
pairs_arith_v2.csv,5929,arithmetic,gsm8k_test_0662,train,remove,C2_answer_bearing,gsm8k_solution_frag
pairs_arith_v2.csv,5930,arithmetic,gsm8k_test_0662,train,retain,H2_same_template,gsmplus_numerical_substitution
pairs_arith_v2.csv,5931,arithmetic,gsm8k_test_0662,train,remove,C1_transformed,gsmplus_problem_understanding
pairs_arith_v2.csv,5932,arithmetic,gsm8k_test_0662,train,retain,H2_same_template,gsmplus_critical_thinking
pairs_arith_v2.csv,5933,arithmetic,gsm8k_test_0662,train,retain,H1_same_topic,svamp
pairs_arith_v2.csv,5934,arithmetic,gsm8k_test_0662,train,retain,H3_predating,asdiv
pairs_arith_v2.csv,5935,arithmetic,gsm8k_test_0662,train,retain,R_random,truthfulqa
pairs_arith_v2.csv,5952,arithmetic,gsm8k_test_0665,train,remove,C0_exact,gsm8k_copy
pairs_arith_v2.csv,5953,arithmetic,gsm8k_test_0665,train,remove,C1_transformed,lmsys_rephrase
pairs_arith_v2.csv,5954,arithmetic,gsm8k_test_0665,train,remove,C2_answer_bearing,gsm8k_solution_frag
pairs_arith_v2.csv,5955,arithmetic,gsm8k_test_0665,train,retain,H2_same_template,gsmplus_numerical_substitution
pairs_arith_v2.csv,5956,arithmetic,gsm8k_test_0665,train,remove,C1_transformed,gsmplus_problem_understanding
pairs_arith_v2.csv,5957,arithmetic,gsm8k_test_0665,train,retain,H2_same_template,gsmplus_critical_thinking
pairs_arith_v2.csv,5958,arithmetic,gsm8k_test_0665,train,retain,H1_same_topic,svamp
pairs_arith_v2.csv,5959,arithmetic,gsm8k_test_0665,train,retain,H3_predating,asdiv
pairs_arith_v2.csv,5960,arithmetic,gsm8k_test_0665,train,retain,R_random,truthfulqa
pairs_arith_v2.csv,5988,arithmetic,gsm8k_test_0669,train,remove,C0_exact,gsm8k_copy
pairs_arith_v2.csv,5990,arithmetic,gsm8k_test_0669,train,remove,C2_answer_bearing,gsm8k_solution_frag
pairs_arith_v2.csv,5991,arithmetic,gsm8k_test_0669,train,retain,H2_same_template,gsmplus_numerical_substitution
pairs_arith_v2.csv,5992,arithmetic,gsm8k_test_0669,train,remove,C1_transformed,gsmplus_problem_understanding
pairs_arith_v2.csv,5993,arithmetic,gsm8k_test_0669,train,retain,H2_same_template,gsmplus_critical_thinking
pairs_arith_v2.csv,5994,arithmetic,gsm8k_test_0669,train,retain,H1_same_topic,svamp
pairs_arith_v2.csv,5995,arithmetic,gsm8k_test_0669,train,retain,H3_predating,asdiv
pairs_arith_v2.csv,5996,arithmetic,gsm8k_test_0669,train,retain,R_random,truthfulqa
pairs_arith_v2.csv,6051,arithmetic,gsm8k_test_0676,train,remove,C0_exact,gsm8k_copy
pairs_arith_v2.csv,6052,arithmetic,gsm8k_test_0676,train,remove,C1_transformed,lmsys_rephrase
pairs_arith_v2.csv,6053,arithmetic,gsm8k_test_0676,train,remove,C2_answer_bearing,gsm8k_solution_frag
pairs_arith_v2.csv,6054,arithmetic,gsm8k_test_0676,train,retain,H2_same_template,gsmplus_numerical_substitution
pairs_arith_v2.csv,6055,arithmetic,gsm8k_test_0676,train,remove,C1_transformed,gsmplus_problem_understanding
pairs_arith_v2.csv,6056,arithmetic,gsm8k_test_0676,train,retain,H2_same_template,gsmplus_critical_thinking
pairs_arith_v2.csv,6057,arithmetic,gsm8k_test_0676,train,retain,H1_same_topic,svamp
pairs_arith_v2.csv,6058,arithmetic,gsm8k_test_0676,train,retain,H3_predating,asdiv
pairs_arith_v2.csv,6059,arithmetic,gsm8k_test_0676,train,retain,R_random,truthfulqa
pairs_arith_v2.csv,6087,arithmetic,gsm8k_test_0680,train,remove,C0_exact,gsm8k_copy
pairs_arith_v2.csv,6088,arithmetic,gsm8k_test_0680,train,remove,C1_transformed,lmsys_rephrase
pairs_arith_v2.csv,6089,arithmetic,gsm8k_test_0680,train,remove,C2_answer_bearing,gsm8k_solution_frag
pairs_arith_v2.csv,6090,arithmetic,gsm8k_test_0680,train,retain,H2_same_template,gsmplus_numerical_substitution
pairs_arith_v2.csv,6091,arithmetic,gsm8k_test_0680,train,remove,C1_transformed,gsmplus_problem_understanding
pairs_arith_v2.csv,6092,arithmetic,gsm8k_test_0680,train,retain,H2_same_template,gsmplus_critical_thinking
pairs_arith_v2.csv,6093,arithmetic,gsm8k_test_0680,train,retain,H1_same_topic,svamp
pairs_arith_v2.csv,6094,arithmetic,gsm8k_test_0680,train,retain,H3_predating,asdiv
pairs_arith_v2.csv,6095,arithmetic,gsm8k_test_0680,train,retain,R_random,truthfulqa
pairs_arith_v2.csv,6105,arithmetic,gsm8k_test_0682,train,remove,C0_exact,gsm8k_copy
pairs_arith_v2.csv,6106,arithmetic,gsm8k_test_0682,train,remove,C1_transformed,lmsys_rephrase
pairs_arith_v2.csv,6107,arithmetic,gsm8k_test_0682,train,remove,C2_answer_bearing,gsm8k_solution_frag
pairs_arith_v2.csv,6108,arithmetic,gsm8k_test_0682,train,retain,H2_same_template,gsmplus_numerical_substitution
pairs_arith_v2.csv,6109,arithmetic,gsm8k_test_0682,train,remove,C1_transformed,gsmplus_problem_understanding
pairs_arith_v2.csv,6110,arithmetic,gsm8k_test_0682,train,retain,H2_same_template,gsmplus_critical_thinking
pairs_arith_v2.csv,6111,arithmetic,gsm8k_test_0682,train,retain,H1_same_topic,svamp
pairs_arith_v2.csv,6112,arithmetic,gsm8k_test_0682,train,retain,H3_predating,asdiv
pairs_arith_v2.csv,6113,arithmetic,gsm8k_test_0682,train,retain,R_random,truthfulqa
pairs_arith_v2.csv,6114,arithmetic,gsm8k_test_0683,train,remove,C0_exact,gsm8k_copy
pairs_arith_v2.csv,6115,arithmetic,gsm8k_test_0683,train,remove,C1_transformed,lmsys_rephrase
pairs_arith_v2.csv,6116,arithmetic,gsm8k_test_0683,train,remove,C2_answer_bearing,gsm8k_solution_frag
pairs_arith_v2.csv,6117,arithmetic,gsm8k_test_0683,train,retain,H2_same_template,gsmplus_numerical_substitution
pairs_arith_v2.csv,6118,arithmetic,gsm8k_test_0683,train,remove,C1_transformed,gsmplus_problem_understanding
pairs_arith_v2.csv,6119,arithmetic,gsm8k_test_0683,train,retain,H2_same_template,gsmplus_critical_thinking
pairs_arith_v2.csv,6120,arithmetic,gsm8k_test_0683,train,retain,H1_same_topic,svamp
pairs_arith_v2.csv,6121,arithmetic,gsm8k_test_0683,train,retain,H3_predating,asdiv
pairs_arith_v2.csv,6122,arithmetic,gsm8k_test_0683,train,retain,R_random,truthfulqa
pairs_arith_v2.csv,6132,arithmetic,gsm8k_test_0685,train,remove,C0_exact,gsm8k_copy
pairs_arith_v2.csv,6133,arithmetic,gsm8k_test_0685,train,remove,C1_transformed,lmsys_rephrase
pairs_arith_v2.csv,6134,arithmetic,gsm8k_test_0685,train,remove,C2_answer_bearing,gsm8k_solution_frag
pairs_arith_v2.csv,6135,arithmetic,gsm8k_test_0685,train,retain,H2_same_template,gsmplus_numerical_substitution
pairs_arith_v2.csv,6136,arithmetic,gsm8k_test_0685,train,remove,C1_transformed,gsmplus_problem_understanding
pairs_arith_v2.csv,6137,arithmetic,gsm8k_test_0685,train,retain,H2_same_template,gsmplus_critical_thinking
pairs_arith_v2.csv,6138,arithmetic,gsm8k_test_0685,train,retain,H1_same_topic,svamp
pairs_arith_v2.csv,6139,arithmetic,gsm8k_test_0685,train,retain,H3_predating,asdiv
pairs_arith_v2.csv,6140,arithmetic,gsm8k_test_0685,train,retain,R_random,truthfulqa
pairs_arith_v2.csv,6141,arithmetic,gsm8k_test_0686,train,remove,C0_exact,gsm8k_copy
pairs_arith_v2.csv,6142,arithmetic,gsm8k_test_0686,train,remove,C1_transformed,lmsys_rephrase
pairs_arith_v2.csv,6143,arithmetic,gsm8k_test_0686,train,remove,C2_answer_bearing,gsm8k_solution_frag
pairs_arith_v2.csv,6144,arithmetic,gsm8k_test_0686,train,retain,H2_same_template,gsmplus_numerical_substitution
pairs_arith_v2.csv,6145,arithmetic,gsm8k_test_0686,train,remove,C1_transformed,gsmplus_problem_understanding
pairs_arith_v2.csv,6146,arithmetic,gsm8k_test_0686,train,retain,H2_same_template,gsmplus_critical_thinking
pairs_arith_v2.csv,6147,arithmetic,gsm8k_test_0686,train,retain,H1_same_topic,svamp
pairs_arith_v2.csv,6148,arithmetic,gsm8k_test_0686,train,retain,H3_predating,asdiv
pairs_arith_v2.csv,6149,arithmetic,gsm8k_test_0686,train,retain,R_random,truthfulqa
pairs_arith_v2.csv,6168,arithmetic,gsm8k_test_0689,train,remove,C0_exact,gsm8k_copy
pairs_arith_v2.csv,6169,arithmetic,gsm8k_test_0689,train,remove,C1_transformed,lmsys_rephrase
pairs_arith_v2.csv,6170,arithmetic,gsm8k_test_0689,train,remove,C2_answer_bearing,gsm8k_solution_frag
pairs_arith_v2.csv,6171,arithmetic,gsm8k_test_0689,train,retain,H2_same_template,gsmplus_numerical_substitution
pairs_arith_v2.csv,6172,arithmetic,gsm8k_test_0689,train,remove,C1_transformed,gsmplus_problem_understanding
pairs_arith_v2.csv,6173,arithmetic,gsm8k_test_0689,train,retain,H2_same_template,gsmplus_critical_thinking
pairs_arith_v2.csv,6174,arithmetic,gsm8k_test_0689,train,retain,H1_same_topic,svamp
pairs_arith_v2.csv,6175,arithmetic,gsm8k_test_0689,train,retain,H3_predating,asdiv
pairs_arith_v2.csv,6176,arithmetic,gsm8k_test_0689,train,retain,R_random,truthfulqa
pairs_arith_v2.csv,6177,arithmetic,gsm8k_test_0690,train,remove,C0_exact,gsm8k_copy
pairs_arith_v2.csv,6178,arithmetic,gsm8k_test_0690,train,remove,C1_transformed,lmsys_rephrase
pairs_arith_v2.csv,6179,arithmetic,gsm8k_test_0690,train,remove,C2_answer_bearing,gsm8k_solution_frag
pairs_arith_v2.csv,6180,arithmetic,gsm8k_test_0690,train,retain,H2_same_template,gsmplus_numerical_substitution
pairs_arith_v2.csv,6181,arithmetic,gsm8k_test_0690,train,remove,C1_transformed,gsmplus_problem_understanding
pairs_arith_v2.csv,6182,arithmetic,gsm8k_test_0690,train,retain,H2_same_template,gsmplus_critical_thinking
pairs_arith_v2.csv,6183,arithmetic,gsm8k_test_0690,train,retain,H1_same_topic,svamp
pairs_arith_v2.csv,6184,arithmetic,gsm8k_test_0690,train,retain,H3_predating,asdiv
pairs_arith_v2.csv,6185,arithmetic,gsm8k_test_0690,train,retain,R_random,truthfulqa
pairs_arith_v2.csv,6186,arithmetic,gsm8k_test_0691,train,remove,C0_exact,gsm8k_copy
pairs_arith_v2.csv,6187,arithmetic,gsm8k_test_0691,train,remove,C1_transformed,lmsys_rephrase
pairs_arith_v2.csv,6188,arithmetic,gsm8k_test_0691,train,remove,C2_answer_bearing,gsm8k_solution_frag
pairs_arith_v2.csv,6189,arithmetic,gsm8k_test_0691,train,retain,H2_same_template,gsmplus_numerical_substitution
pairs_arith_v2.csv,6190,arithmetic,gsm8k_test_0691,train,remove,C1_transformed,gsmplus_problem_understanding
pairs_arith_v2.csv,6191,arithmetic,gsm8k_test_0691,train,retain,H2_same_template,gsmplus_critical_thinking
pairs_arith_v2.csv,6192,arithmetic,gsm8k_test_0691,train,retain,H1_same_topic,svamp
pairs_arith_v2.csv,6193,arithmetic,gsm8k_test_0691,train,retain,H3_predating,asdiv
pairs_arith_v2.csv,6194,arithmetic,gsm8k_test_0691,train,retain,R_random,truthfulqa
pairs_arith_v2.csv,6195,arithmetic,gsm8k_test_0692,train,remove,C0_exact,gsm8k_copy
pairs_arith_v2.csv,6196,arithmetic,gsm8k_test_0692,train,remove,C1_transformed,lmsys_rephrase
pairs_arith_v2.csv,6197,arithmetic,gsm8k_test_0692,train,remove,C2_answer_bearing,gsm8k_solution_frag
pairs_arith_v2.csv,6198,arithmetic,gsm8k_test_0692,train,retain,H2_same_template,gsmplus_numerical_substitution
pairs_arith_v2.csv,6199,arithmetic,gsm8k_test_0692,train,remove,C1_transformed,gsmplus_problem_understanding
pairs_arith_v2.csv,6200,arithmetic,gsm8k_test_0692,train,retain,H2_same_template,gsmplus_critical_thinking
pairs_arith_v2.csv,6201,arithmetic,gsm8k_test_0692,train,retain,H1_same_topic,svamp
pairs_arith_v2.csv,6202,arithmetic,gsm8k_test_0692,train,retain,H3_predating,asdiv
pairs_arith_v2.csv,6203,arithmetic,gsm8k_test_0692,train,retain,R_random,truthfulqa
pairs_arith_v2.csv,6222,arithmetic,gsm8k_test_0695,train,remove,C0_exact,gsm8k_copy
pairs_arith_v2.csv,6223,arithmetic,gsm8k_test_0695,train,remove,C1_transformed,lmsys_rephrase
pairs_arith_v2.csv,6224,arithmetic,gsm8k_test_0695,train,remove,C2_answer_bearing,gsm8k_solution_frag
pairs_arith_v2.csv,6225,arithmetic,gsm8k_test_0695,train,retain,H2_same_template,gsmplus_numerical_substitution
pairs_arith_v2.csv,6226,arithmetic,gsm8k_test_0695,train,remove,C1_transformed,gsmplus_problem_understanding
pairs_arith_v2.csv,6227,arithmetic,gsm8k_test_0695,train,retain,H2_same_template,gsmplus_critical_thinking
pairs_arith_v2.csv,6228,arithmetic,gsm8k_test_0695,train,retain,H1_same_topic,svamp
pairs_arith_v2.csv,6229,arithmetic,gsm8k_test_0695,train,retain,H3_predating,asdiv
pairs_arith_v2.csv,6230,arithmetic,gsm8k_test_0695,train,retain,R_random,truthfulqa
pairs_arith_v2.csv,6231,arithmetic,gsm8k_test_0696,train,remove,C0_exact,gsm8k_copy
pairs_arith_v2.csv,6232,arithmetic,gsm8k_test_0696,train,remove,C1_transformed,lmsys_rephrase
pairs_arith_v2.csv,6233,arithmetic,gsm8k_test_0696,train,remove,C2_answer_bearing,gsm8k_solution_frag
pairs_arith_v2.csv,6234,arithmetic,gsm8k_test_0696,train,retain,H2_same_template,gsmplus_numerical_substitution
pairs_arith_v2.csv,6235,arithmetic,gsm8k_test_0696,train,remove,C1_transformed,gsmplus_problem_understanding
pairs_arith_v2.csv,6236,arithmetic,gsm8k_test_0696,train,retain,H2_same_template,gsmplus_critical_thinking
pairs_arith_v2.csv,6237,arithmetic,gsm8k_test_0696,train,retain,H1_same_topic,svamp
pairs_arith_v2.csv,6238,arithmetic,gsm8k_test_0696,train,retain,H3_predating,asdiv
pairs_arith_v2.csv,6239,arithmetic,gsm8k_test_0696,train,retain,R_random,truthfulqa
pairs_arith_v2.csv,6285,arithmetic,gsm8k_test_0702,train,remove,C0_exact,gsm8k_copy
pairs_arith_v2.csv,6286,arithmetic,gsm8k_test_0702,train,remove,C1_transformed,lmsys_rephrase
pairs_arith_v2.csv,6287,arithmetic,gsm8k_test_0702,train,remove,C2_answer_bearing,gsm8k_solution_frag
pairs_arith_v2.csv,6288,arithmetic,gsm8k_test_0702,train,retain,H2_same_template,gsmplus_numerical_substitution
pairs_arith_v2.csv,6289,arithmetic,gsm8k_test_0702,train,remove,C1_transformed,gsmplus_problem_understanding
pairs_arith_v2.csv,6290,arithmetic,gsm8k_test_0702,train,retain,H2_same_template,gsmplus_critical_thinking
pairs_arith_v2.csv,6291,arithmetic,gsm8k_test_0702,train,retain,H1_same_topic,svamp
pairs_arith_v2.csv,6292,arithmetic,gsm8k_test_0702,train,retain,H3_predating,asdiv
pairs_arith_v2.csv,6293,arithmetic,gsm8k_test_0702,train,retain,R_random,truthfulqa
pairs_arith_v2.csv,6321,arithmetic,gsm8k_test_0706,train,remove,C0_exact,gsm8k_copy
pairs_arith_v2.csv,6322,arithmetic,gsm8k_test_0706,train,remove,C1_transformed,lmsys_rephrase
pairs_arith_v2.csv,6323,arithmetic,gsm8k_test_0706,train,remove,C2_answer_bearing,gsm8k_solution_frag
pairs_arith_v2.csv,6324,arithmetic,gsm8k_test_0706,train,retain,H2_same_template,gsmplus_numerical_substitution
pairs_arith_v2.csv,6325,arithmetic,gsm8k_test_0706,train,remove,C1_transformed,gsmplus_problem_understanding
pairs_arith_v2.csv,6326,arithmetic,gsm8k_test_0706,train,retain,H2_same_template,gsmplus_critical_thinking
pairs_arith_v2.csv,6327,arithmetic,gsm8k_test_0706,train,retain,H1_same_topic,svamp
pairs_arith_v2.csv,6328,arithmetic,gsm8k_test_0706,train,retain,H3_predating,asdiv
pairs_arith_v2.csv,6329,arithmetic,gsm8k_test_0706,train,retain,R_random,truthfulqa
pairs_arith_v2.csv,6330,arithmetic,gsm8k_test_0707,train,remove,C0_exact,gsm8k_copy
pairs_arith_v2.csv,6331,arithmetic,gsm8k_test_0707,train,remove,C1_transformed,lmsys_rephrase
pairs_arith_v2.csv,6332,arithmetic,gsm8k_test_0707,train,remove,C2_answer_bearing,gsm8k_solution_frag
pairs_arith_v2.csv,6333,arithmetic,gsm8k_test_0707,train,retain,H2_same_template,gsmplus_numerical_substitution
pairs_arith_v2.csv,6334,arithmetic,gsm8k_test_0707,train,remove,C1_transformed,gsmplus_problem_understanding
pairs_arith_v2.csv,6335,arithmetic,gsm8k_test_0707,train,retain,H2_same_template,gsmplus_critical_thinking
pairs_arith_v2.csv,6336,arithmetic,gsm8k_test_0707,train,retain,H1_same_topic,svamp
pairs_arith_v2.csv,6337,arithmetic,gsm8k_test_0707,train,retain,H3_predating,asdiv
pairs_arith_v2.csv,6338,arithmetic,gsm8k_test_0707,train,retain,R_random,truthfulqa
pairs_arith_v2.csv,6357,arithmetic,gsm8k_test_0710,train,remove,C0_exact,gsm8k_copy
pairs_arith_v2.csv,6358,arithmetic,gsm8k_test_0710,train,remove,C1_transformed,lmsys_rephrase
pairs_arith_v2.csv,6359,arithmetic,gsm8k_test_0710,train,remove,C2_answer_bearing,gsm8k_solution_frag
pairs_arith_v2.csv,6360,arithmetic,gsm8k_test_0710,train,retain,H2_same_template,gsmplus_numerical_substitution
pairs_arith_v2.csv,6361,arithmetic,gsm8k_test_0710,train,remove,C1_transformed,gsmplus_problem_understanding
pairs_arith_v2.csv,6362,arithmetic,gsm8k_test_0710,train,retain,H2_same_template,gsmplus_critical_thinking
pairs_arith_v2.csv,6363,arithmetic,gsm8k_test_0710,train,retain,H1_same_topic,svamp
pairs_arith_v2.csv,6364,arithmetic,gsm8k_test_0710,train,retain,H3_predating,asdiv
pairs_arith_v2.csv,6365,arithmetic,gsm8k_test_0710,train,retain,R_random,truthfulqa
pairs_arith_v2.csv,6384,arithmetic,gsm8k_test_0713,train,remove,C0_exact,gsm8k_copy
pairs_arith_v2.csv,6385,arithmetic,gsm8k_test_0713,train,remove,C1_transformed,lmsys_rephrase
pairs_arith_v2.csv,6386,arithmetic,gsm8k_test_0713,train,remove,C2_answer_bearing,gsm8k_solution_frag
pairs_arith_v2.csv,6387,arithmetic,gsm8k_test_0713,train,retain,H2_same_template,gsmplus_numerical_substitution
pairs_arith_v2.csv,6388,arithmetic,gsm8k_test_0713,train,remove,C1_transformed,gsmplus_problem_understanding
pairs_arith_v2.csv,6389,arithmetic,gsm8k_test_0713,train,retain,H2_same_template,gsmplus_critical_thinking
pairs_arith_v2.csv,6390,arithmetic,gsm8k_test_0713,train,retain,H1_same_topic,svamp
pairs_arith_v2.csv,6391,arithmetic,gsm8k_test_0713,train,retain,H3_predating,asdiv
pairs_arith_v2.csv,6392,arithmetic,gsm8k_test_0713,train,retain,R_random,truthfulqa
pairs_arith_v2.csv,6393,arithmetic,gsm8k_test_0714,train,remove,C0_exact,gsm8k_copy
pairs_arith_v2.csv,6394,arithmetic,gsm8k_test_0714,train,remove,C1_transformed,lmsys_rephrase
pairs_arith_v2.csv,6395,arithmetic,gsm8k_test_0714,train,remove,C2_answer_bearing,gsm8k_solution_frag
pairs_arith_v2.csv,6396,arithmetic,gsm8k_test_0714,train,retain,H2_same_template,gsmplus_numerical_substitution
pairs_arith_v2.csv,6397,arithmetic,gsm8k_test_0714,train,remove,C1_transformed,gsmplus_problem_understanding
pairs_arith_v2.csv,6398,arithmetic,gsm8k_test_0714,train,retain,H2_same_template,gsmplus_critical_thinking
pairs_arith_v2.csv,6399,arithmetic,gsm8k_test_0714,train,retain,H1_same_topic,svamp
pairs_arith_v2.csv,6400,arithmetic,gsm8k_test_0714,train,retain,H3_predating,asdiv
pairs_arith_v2.csv,6401,arithmetic,gsm8k_test_0714,train,retain,R_random,truthfulqa
pairs_arith_v2.csv,6402,arithmetic,gsm8k_test_0715,train,remove,C0_exact,gsm8k_copy
pairs_arith_v2.csv,6403,arithmetic,gsm8k_test_0715,train,remove,C1_transformed,lmsys_rephrase
pairs_arith_v2.csv,6404,arithmetic,gsm8k_test_0715,train,remove,C2_answer_bearing,gsm8k_solution_frag
pairs_arith_v2.csv,6405,arithmetic,gsm8k_test_0715,train,retain,H2_same_template,gsmplus_numerical_substitution
pairs_arith_v2.csv,6406,arithmetic,gsm8k_test_0715,train,remove,C1_transformed,gsmplus_problem_understanding
pairs_arith_v2.csv,6407,arithmetic,gsm8k_test_0715,train,retain,H2_same_template,gsmplus_critical_thinking
pairs_arith_v2.csv,6408,arithmetic,gsm8k_test_0715,train,retain,H1_same_topic,svamp
pairs_arith_v2.csv,6409,arithmetic,gsm8k_test_0715,train,retain,H3_predating,asdiv
pairs_arith_v2.csv,6410,arithmetic,gsm8k_test_0715,train,retain,R_random,truthfulqa
pairs_arith_v2.csv,6420,arithmetic,gsm8k_test_0717,train,remove,C0_exact,gsm8k_copy
pairs_arith_v2.csv,6421,arithmetic,gsm8k_test_0717,train,remove,C1_transformed,lmsys_rephrase
pairs_arith_v2.csv,6422,arithmetic,gsm8k_test_0717,train,remove,C2_answer_bearing,gsm8k_solution_frag
pairs_arith_v2.csv,6423,arithmetic,gsm8k_test_0717,train,retain,H2_same_template,gsmplus_numerical_substitution
pairs_arith_v2.csv,6424,arithmetic,gsm8k_test_0717,train,remove,C1_transformed,gsmplus_problem_understanding
pairs_arith_v2.csv,6425,arithmetic,gsm8k_test_0717,train,retain,H2_same_template,gsmplus_critical_thinking
pairs_arith_v2.csv,6426,arithmetic,gsm8k_test_0717,train,retain,H1_same_topic,svamp
pairs_arith_v2.csv,6427,arithmetic,gsm8k_test_0717,train,retain,H3_predating,asdiv
pairs_arith_v2.csv,6428,arithmetic,gsm8k_test_0717,train,retain,R_random,truthfulqa
pairs_arith_v2.csv,6429,arithmetic,gsm8k_test_0718,train,remove,C0_exact,gsm8k_copy
pairs_arith_v2.csv,6430,arithmetic,gsm8k_test_0718,train,remove,C1_transformed,lmsys_rephrase
pairs_arith_v2.csv,6431,arithmetic,gsm8k_test_0718,train,remove,C2_answer_bearing,gsm8k_solution_frag
pairs_arith_v2.csv,6432,arithmetic,gsm8k_test_0718,train,retain,H2_same_template,gsmplus_numerical_substitution
pairs_arith_v2.csv,6433,arithmetic,gsm8k_test_0718,train,remove,C1_transformed,gsmplus_problem_understanding
pairs_arith_v2.csv,6434,arithmetic,gsm8k_test_0718,train,retain,H2_same_template,gsmplus_critical_thinking
pairs_arith_v2.csv,6435,arithmetic,gsm8k_test_0718,train,retain,H1_same_topic,svamp
pairs_arith_v2.csv,6436,arithmetic,gsm8k_test_0718,train,retain,H3_predating,asdiv
pairs_arith_v2.csv,6437,arithmetic,gsm8k_test_0718,train,retain,R_random,truthfulqa
pairs_arith_v2.csv,6474,arithmetic,gsm8k_test_0723,train,remove,C0_exact,gsm8k_copy
pairs_arith_v2.csv,6475,arithmetic,gsm8k_test_0723,train,remove,C1_transformed,lmsys_rephrase
pairs_arith_v2.csv,6476,arithmetic,gsm8k_test_0723,train,remove,C2_answer_bearing,gsm8k_solution_frag
pairs_arith_v2.csv,6477,arithmetic,gsm8k_test_0723,train,retain,H2_same_template,gsmplus_numerical_substitution
pairs_arith_v2.csv,6478,arithmetic,gsm8k_test_0723,train,remove,C1_transformed,gsmplus_problem_understanding
pairs_arith_v2.csv,6479,arithmetic,gsm8k_test_0723,train,retain,H2_same_template,gsmplus_critical_thinking
pairs_arith_v2.csv,6480,arithmetic,gsm8k_test_0723,train,retain,H1_same_topic,svamp
pairs_arith_v2.csv,6481,arithmetic,gsm8k_test_0723,train,retain,H3_predating,asdiv
pairs_arith_v2.csv,6482,arithmetic,gsm8k_test_0723,train,retain,R_random,truthfulqa
pairs_arith_v2.csv,6528,arithmetic,gsm8k_test_0729,train,remove,C0_exact,gsm8k_copy
pairs_arith_v2.csv,6529,arithmetic,gsm8k_test_0729,train,remove,C1_transformed,lmsys_rephrase
pairs_arith_v2.csv,6530,arithmetic,gsm8k_test_0729,train,remove,C2_answer_bearing,gsm8k_solution_frag
pairs_arith_v2.csv,6531,arithmetic,gsm8k_test_0729,train,retain,H2_same_template,gsmplus_numerical_substitution
pairs_arith_v2.csv,6532,arithmetic,gsm8k_test_0729,train,remove,C1_transformed,gsmplus_problem_understanding
pairs_arith_v2.csv,6533,arithmetic,gsm8k_test_0729,train,retain,H2_same_template,gsmplus_critical_thinking
pairs_arith_v2.csv,6534,arithmetic,gsm8k_test_0729,train,retain,H1_same_topic,svamp
pairs_arith_v2.csv,6535,arithmetic,gsm8k_test_0729,train,retain,H3_predating,asdiv
pairs_arith_v2.csv,6536,arithmetic,gsm8k_test_0729,train,retain,R_random,truthfulqa
pairs_arith_v2.csv,6546,arithmetic,gsm8k_test_0731,train,remove,C0_exact,gsm8k_copy
pairs_arith_v2.csv,6547,arithmetic,gsm8k_test_0731,train,remove,C1_transformed,lmsys_rephrase
pairs_arith_v2.csv,6548,arithmetic,gsm8k_test_0731,train,remove,C2_answer_bearing,gsm8k_solution_frag
pairs_arith_v2.csv,6549,arithmetic,gsm8k_test_0731,train,retain,H2_same_template,gsmplus_numerical_substitution
pairs_arith_v2.csv,6550,arithmetic,gsm8k_test_0731,train,remove,C1_transformed,gsmplus_problem_understanding
pairs_arith_v2.csv,6551,arithmetic,gsm8k_test_0731,train,retain,H2_same_template,gsmplus_critical_thinking
pairs_arith_v2.csv,6552,arithmetic,gsm8k_test_0731,train,retain,H1_same_topic,svamp
pairs_arith_v2.csv,6553,arithmetic,gsm8k_test_0731,train,retain,H3_predating,asdiv
pairs_arith_v2.csv,6554,arithmetic,gsm8k_test_0731,train,retain,R_random,truthfulqa
pairs_arith_v2.csv,6555,arithmetic,gsm8k_test_0732,train,remove,C0_exact,gsm8k_copy
pairs_arith_v2.csv,6556,arithmetic,gsm8k_test_0732,train,remove,C1_transformed,lmsys_rephrase
pairs_arith_v2.csv,6557,arithmetic,gsm8k_test_0732,train,remove,C2_answer_bearing,gsm8k_solution_frag
pairs_arith_v2.csv,6558,arithmetic,gsm8k_test_0732,train,retain,H2_same_template,gsmplus_numerical_substitution
pairs_arith_v2.csv,6559,arithmetic,gsm8k_test_0732,train,remove,C1_transformed,gsmplus_problem_understanding
pairs_arith_v2.csv,6560,arithmetic,gsm8k_test_0732,train,retain,H2_same_template,gsmplus_critical_thinking
pairs_arith_v2.csv,6561,arithmetic,gsm8k_test_0732,train,retain,H1_same_topic,svamp
pairs_arith_v2.csv,6562,arithmetic,gsm8k_test_0732,train,retain,H3_predating,asdiv
pairs_arith_v2.csv,6563,arithmetic,gsm8k_test_0732,train,retain,R_random,truthfulqa
pairs_arith_v2.csv,6572,arithmetic,gsm8k_test_0734,train,remove,C0_exact,gsm8k_copy
pairs_arith_v2.csv,6573,arithmetic,gsm8k_test_0734,train,remove,C1_transformed,lmsys_rephrase
pairs_arith_v2.csv,6574,arithmetic,gsm8k_test_0734,train,remove,C2_answer_bearing,gsm8k_solution_frag
pairs_arith_v2.csv,6575,arithmetic,gsm8k_test_0734,train,retain,H2_same_template,gsmplus_numerical_substitution
pairs_arith_v2.csv,6576,arithmetic,gsm8k_test_0734,train,remove,C1_transformed,gsmplus_problem_understanding
pairs_arith_v2.csv,6577,arithmetic,gsm8k_test_0734,train,retain,H2_same_template,gsmplus_critical_thinking
pairs_arith_v2.csv,6578,arithmetic,gsm8k_test_0734,train,retain,H1_same_topic,svamp
pairs_arith_v2.csv,6579,arithmetic,gsm8k_test_0734,train,retain,H3_predating,asdiv
pairs_arith_v2.csv,6580,arithmetic,gsm8k_test_0734,train,retain,R_random,truthfulqa
pairs_arith_v2.csv,6581,arithmetic,gsm8k_test_0735,train,remove,C0_exact,gsm8k_copy
pairs_arith_v2.csv,6582,arithmetic,gsm8k_test_0735,train,remove,C1_transformed,lmsys_rephrase
pairs_arith_v2.csv,6583,arithmetic,gsm8k_test_0735,train,remove,C2_answer_bearing,gsm8k_solution_frag
pairs_arith_v2.csv,6584,arithmetic,gsm8k_test_0735,train,remove,C1_transformed,gsmplus_problem_understanding
pairs_arith_v2.csv,6585,arithmetic,gsm8k_test_0735,train,retain,H2_same_template,gsmplus_critical_thinking
pairs_arith_v2.csv,6586,arithmetic,gsm8k_test_0735,train,retain,H1_same_topic,svamp
pairs_arith_v2.csv,6587,arithmetic,gsm8k_test_0735,train,retain,H3_predating,asdiv
pairs_arith_v2.csv,6588,arithmetic,gsm8k_test_0735,train,retain,R_random,truthfulqa
pairs_arith_v2.csv,6598,arithmetic,gsm8k_test_0737,train,remove,C0_exact,gsm8k_copy
pairs_arith_v2.csv,6599,arithmetic,gsm8k_test_0737,train,remove,C1_transformed,lmsys_rephrase
pairs_arith_v2.csv,6600,arithmetic,gsm8k_test_0737,train,remove,C2_answer_bearing,gsm8k_solution_frag
pairs_arith_v2.csv,6601,arithmetic,gsm8k_test_0737,train,retain,H2_same_template,gsmplus_numerical_substitution
pairs_arith_v2.csv,6602,arithmetic,gsm8k_test_0737,train,remove,C1_transformed,gsmplus_problem_understanding
pairs_arith_v2.csv,6603,arithmetic,gsm8k_test_0737,train,retain,H2_same_template,gsmplus_critical_thinking
pairs_arith_v2.csv,6604,arithmetic,gsm8k_test_0737,train,retain,H1_same_topic,svamp
pairs_arith_v2.csv,6605,arithmetic,gsm8k_test_0737,train,retain,H3_predating,asdiv
pairs_arith_v2.csv,6606,arithmetic,gsm8k_test_0737,train,retain,R_random,truthfulqa
pairs_arith_v2.csv,6607,arithmetic,gsm8k_test_0738,train,remove,C0_exact,gsm8k_copy
pairs_arith_v2.csv,6608,arithmetic,gsm8k_test_0738,train,remove,C1_transformed,lmsys_rephrase
pairs_arith_v2.csv,6609,arithmetic,gsm8k_test_0738,train,remove,C2_answer_bearing,gsm8k_solution_frag
pairs_arith_v2.csv,6610,arithmetic,gsm8k_test_0738,train,retain,H2_same_template,gsmplus_numerical_substitution
pairs_arith_v2.csv,6611,arithmetic,gsm8k_test_0738,train,remove,C1_transformed,gsmplus_problem_understanding
pairs_arith_v2.csv,6612,arithmetic,gsm8k_test_0738,train,retain,H2_same_template,gsmplus_critical_thinking
pairs_arith_v2.csv,6613,arithmetic,gsm8k_test_0738,train,retain,H1_same_topic,svamp
pairs_arith_v2.csv,6614,arithmetic,gsm8k_test_0738,train,retain,H3_predating,asdiv
pairs_arith_v2.csv,6615,arithmetic,gsm8k_test_0738,train,retain,R_random,truthfulqa
pairs_arith_v2.csv,6616,arithmetic,gsm8k_test_0739,train,remove,C0_exact,gsm8k_copy
pairs_arith_v2.csv,6617,arithmetic,gsm8k_test_0739,train,remove,C1_transformed,lmsys_rephrase
pairs_arith_v2.csv,6618,arithmetic,gsm8k_test_0739,train,remove,C2_answer_bearing,gsm8k_solution_frag
pairs_arith_v2.csv,6619,arithmetic,gsm8k_test_0739,train,retain,H2_same_template,gsmplus_numerical_substitution
pairs_arith_v2.csv,6620,arithmetic,gsm8k_test_0739,train,remove,C1_transformed,gsmplus_problem_understanding
pairs_arith_v2.csv,6621,arithmetic,gsm8k_test_0739,train,retain,H2_same_template,gsmplus_critical_thinking
pairs_arith_v2.csv,6622,arithmetic,gsm8k_test_0739,train,retain,H1_same_topic,svamp
pairs_arith_v2.csv,6623,arithmetic,gsm8k_test_0739,train,retain,H3_predating,asdiv
pairs_arith_v2.csv,6624,arithmetic,gsm8k_test_0739,train,retain,R_random,truthfulqa
pairs_arith_v2.csv,6634,arithmetic,gsm8k_test_0741,train,remove,C0_exact,gsm8k_copy
pairs_arith_v2.csv,6635,arithmetic,gsm8k_test_0741,train,remove,C1_transformed,lmsys_rephrase
pairs_arith_v2.csv,6636,arithmetic,gsm8k_test_0741,train,remove,C2_answer_bearing,gsm8k_solution_frag
pairs_arith_v2.csv,6637,arithmetic,gsm8k_test_0741,train,retain,H2_same_template,gsmplus_numerical_substitution
pairs_arith_v2.csv,6638,arithmetic,gsm8k_test_0741,train,remove,C1_transformed,gsmplus_problem_understanding
pairs_arith_v2.csv,6639,arithmetic,gsm8k_test_0741,train,retain,H2_same_template,gsmplus_critical_thinking
pairs_arith_v2.csv,6640,arithmetic,gsm8k_test_0741,train,retain,H1_same_topic,svamp
pairs_arith_v2.csv,6641,arithmetic,gsm8k_test_0741,train,retain,H3_predating,asdiv
pairs_arith_v2.csv,6642,arithmetic,gsm8k_test_0741,train,retain,R_random,truthfulqa
pairs_arith_v2.csv,6652,arithmetic,gsm8k_test_0743,train,remove,C0_exact,gsm8k_copy
pairs_arith_v2.csv,6653,arithmetic,gsm8k_test_0743,train,remove,C1_transformed,lmsys_rephrase
pairs_arith_v2.csv,6654,arithmetic,gsm8k_test_0743,train,remove,C2_answer_bearing,gsm8k_solution_frag
pairs_arith_v2.csv,6655,arithmetic,gsm8k_test_0743,train,retain,H2_same_template,gsmplus_numerical_substitution
pairs_arith_v2.csv,6656,arithmetic,gsm8k_test_0743,train,remove,C1_transformed,gsmplus_problem_understanding
pairs_arith_v2.csv,6657,arithmetic,gsm8k_test_0743,train,retain,H2_same_template,gsmplus_critical_thinking
pairs_arith_v2.csv,6658,arithmetic,gsm8k_test_0743,train,retain,H1_same_topic,svamp
pairs_arith_v2.csv,6659,arithmetic,gsm8k_test_0743,train,retain,H3_predating,asdiv
pairs_arith_v2.csv,6660,arithmetic,gsm8k_test_0743,train,retain,R_random,truthfulqa
pairs_arith_v2.csv,6661,arithmetic,gsm8k_test_0744,train,remove,C0_exact,gsm8k_copy
pairs_arith_v2.csv,6662,arithmetic,gsm8k_test_0744,train,remove,C1_transformed,lmsys_rephrase
pairs_arith_v2.csv,6663,arithmetic,gsm8k_test_0744,train,remove,C2_answer_bearing,gsm8k_solution_frag
pairs_arith_v2.csv,6664,arithmetic,gsm8k_test_0744,train,retain,H2_same_template,gsmplus_numerical_substitution
pairs_arith_v2.csv,6665,arithmetic,gsm8k_test_0744,train,remove,C1_transformed,gsmplus_problem_understanding
pairs_arith_v2.csv,6666,arithmetic,gsm8k_test_0744,train,retain,H2_same_template,gsmplus_critical_thinking
pairs_arith_v2.csv,6667,arithmetic,gsm8k_test_0744,train,retain,H1_same_topic,svamp
pairs_arith_v2.csv,6668,arithmetic,gsm8k_test_0744,train,retain,H3_predating,asdiv
pairs_arith_v2.csv,6669,arithmetic,gsm8k_test_0744,train,retain,R_random,truthfulqa
pairs_arith_v2.csv,6670,arithmetic,gsm8k_test_0745,train,remove,C0_exact,gsm8k_copy
pairs_arith_v2.csv,6671,arithmetic,gsm8k_test_0745,train,remove,C1_transformed,lmsys_rephrase
pairs_arith_v2.csv,6672,arithmetic,gsm8k_test_0745,train,remove,C2_answer_bearing,gsm8k_solution_frag
pairs_arith_v2.csv,6673,arithmetic,gsm8k_test_0745,train,retain,H2_same_template,gsmplus_numerical_substitution
pairs_arith_v2.csv,6674,arithmetic,gsm8k_test_0745,train,remove,C1_transformed,gsmplus_problem_understanding
pairs_arith_v2.csv,6675,arithmetic,gsm8k_test_0745,train,retain,H2_same_template,gsmplus_critical_thinking
pairs_arith_v2.csv,6676,arithmetic,gsm8k_test_0745,train,retain,H1_same_topic,svamp
pairs_arith_v2.csv,6677,arithmetic,gsm8k_test_0745,train,retain,H3_predating,asdiv
pairs_arith_v2.csv,6678,arithmetic,gsm8k_test_0745,train,retain,R_random,truthfulqa
pairs_arith_v2.csv,6679,arithmetic,gsm8k_test_0746,train,remove,C0_exact,gsm8k_copy
pairs_arith_v2.csv,6680,arithmetic,gsm8k_test_0746,train,remove,C1_transformed,lmsys_rephrase
pairs_arith_v2.csv,6681,arithmetic,gsm8k_test_0746,train,remove,C2_answer_bearing,gsm8k_solution_frag
pairs_arith_v2.csv,6682,arithmetic,gsm8k_test_0746,train,retain,H2_same_template,gsmplus_numerical_substitution
pairs_arith_v2.csv,6683,arithmetic,gsm8k_test_0746,train,remove,C1_transformed,gsmplus_problem_understanding
pairs_arith_v2.csv,6684,arithmetic,gsm8k_test_0746,train,retain,H2_same_template,gsmplus_critical_thinking
pairs_arith_v2.csv,6685,arithmetic,gsm8k_test_0746,train,retain,H1_same_topic,svamp
pairs_arith_v2.csv,6686,arithmetic,gsm8k_test_0746,train,retain,H3_predating,asdiv
pairs_arith_v2.csv,6687,arithmetic,gsm8k_test_0746,train,retain,R_random,truthfulqa
pairs_arith_v2.csv,6688,arithmetic,gsm8k_test_0747,train,remove,C0_exact,gsm8k_copy
pairs_arith_v2.csv,6689,arithmetic,gsm8k_test_0747,train,remove,C1_transformed,lmsys_rephrase
pairs_arith_v2.csv,6690,arithmetic,gsm8k_test_0747,train,remove,C2_answer_bearing,gsm8k_solution_frag
pairs_arith_v2.csv,6691,arithmetic,gsm8k_test_0747,train,retain,H2_same_template,gsmplus_numerical_substitution
pairs_arith_v2.csv,6692,arithmetic,gsm8k_test_0747,train,remove,C1_transformed,gsmplus_problem_understanding
pairs_arith_v2.csv,6693,arithmetic,gsm8k_test_0747,train,retain,H2_same_template,gsmplus_critical_thinking
pairs_arith_v2.csv,6694,arithmetic,gsm8k_test_0747,train,retain,H1_same_topic,svamp
pairs_arith_v2.csv,6695,arithmetic,gsm8k_test_0747,train,retain,H3_predating,asdiv
pairs_arith_v2.csv,6696,arithmetic,gsm8k_test_0747,train,retain,R_random,truthfulqa
pairs_arith_v2.csv,6706,arithmetic,gsm8k_test_0749,train,remove,C0_exact,gsm8k_copy
pairs_arith_v2.csv,6707,arithmetic,gsm8k_test_0749,train,remove,C1_transformed,lmsys_rephrase
pairs_arith_v2.csv,6708,arithmetic,gsm8k_test_0749,train,remove,C2_answer_bearing,gsm8k_solution_frag
pairs_arith_v2.csv,6709,arithmetic,gsm8k_test_0749,train,retain,H2_same_template,gsmplus_numerical_substitution
pairs_arith_v2.csv,6710,arithmetic,gsm8k_test_0749,train,remove,C1_transformed,gsmplus_problem_understanding
pairs_arith_v2.csv,6711,arithmetic,gsm8k_test_0749,train,retain,H2_same_template,gsmplus_critical_thinking
pairs_arith_v2.csv,6712,arithmetic,gsm8k_test_0749,train,retain,H1_same_topic,svamp
pairs_arith_v2.csv,6713,arithmetic,gsm8k_test_0749,train,retain,H3_predating,asdiv
pairs_arith_v2.csv,6714,arithmetic,gsm8k_test_0749,train,retain,R_random,truthfulqa
pairs_arith_v2.csv,6724,arithmetic,gsm8k_test_0751,train,remove,C0_exact,gsm8k_copy
pairs_arith_v2.csv,6725,arithmetic,gsm8k_test_0751,train,remove,C1_transformed,lmsys_rephrase
pairs_arith_v2.csv,6726,arithmetic,gsm8k_test_0751,train,remove,C2_answer_bearing,gsm8k_solution_frag
pairs_arith_v2.csv,6727,arithmetic,gsm8k_test_0751,train,retain,H2_same_template,gsmplus_numerical_substitution
pairs_arith_v2.csv,6728,arithmetic,gsm8k_test_0751,train,remove,C1_transformed,gsmplus_problem_understanding
pairs_arith_v2.csv,6729,arithmetic,gsm8k_test_0751,train,retain,H2_same_template,gsmplus_critical_thinking
pairs_arith_v2.csv,6730,arithmetic,gsm8k_test_0751,train,retain,H1_same_topic,svamp
pairs_arith_v2.csv,6731,arithmetic,gsm8k_test_0751,train,retain,H3_predating,asdiv
pairs_arith_v2.csv,6732,arithmetic,gsm8k_test_0751,train,retain,R_random,truthfulqa
pairs_arith_v2.csv,6733,arithmetic,gsm8k_test_0752,train,remove,C0_exact,gsm8k_copy
pairs_arith_v2.csv,6734,arithmetic,gsm8k_test_0752,train,remove,C1_transformed,lmsys_rephrase
pairs_arith_v2.csv,6735,arithmetic,gsm8k_test_0752,train,remove,C2_answer_bearing,gsm8k_solution_frag
pairs_arith_v2.csv,6736,arithmetic,gsm8k_test_0752,train,retain,H2_same_template,gsmplus_numerical_substitution
pairs_arith_v2.csv,6737,arithmetic,gsm8k_test_0752,train,remove,C1_transformed,gsmplus_problem_understanding
pairs_arith_v2.csv,6738,arithmetic,gsm8k_test_0752,train,retain,H2_same_template,gsmplus_critical_thinking
pairs_arith_v2.csv,6739,arithmetic,gsm8k_test_0752,train,retain,H1_same_topic,svamp
pairs_arith_v2.csv,6740,arithmetic,gsm8k_test_0752,train,retain,H3_predating,asdiv
pairs_arith_v2.csv,6741,arithmetic,gsm8k_test_0752,train,retain,R_random,truthfulqa
pairs_arith_v2.csv,6787,arithmetic,gsm8k_test_0758,train,remove,C0_exact,gsm8k_copy
pairs_arith_v2.csv,6788,arithmetic,gsm8k_test_0758,train,remove,C1_transformed,lmsys_rephrase
pairs_arith_v2.csv,6789,arithmetic,gsm8k_test_0758,train,remove,C2_answer_bearing,gsm8k_solution_frag
pairs_arith_v2.csv,6790,arithmetic,gsm8k_test_0758,train,retain,H2_same_template,gsmplus_numerical_substitution
pairs_arith_v2.csv,6791,arithmetic,gsm8k_test_0758,train,remove,C1_transformed,gsmplus_problem_understanding
pairs_arith_v2.csv,6792,arithmetic,gsm8k_test_0758,train,retain,H2_same_template,gsmplus_critical_thinking
pairs_arith_v2.csv,6793,arithmetic,gsm8k_test_0758,train,retain,H1_same_topic,svamp
pairs_arith_v2.csv,6794,arithmetic,gsm8k_test_0758,train,retain,H3_predating,asdiv
pairs_arith_v2.csv,6795,arithmetic,gsm8k_test_0758,train,retain,R_random,truthfulqa
pairs_arith_v2.csv,6823,arithmetic,gsm8k_test_0762,train,remove,C0_exact,gsm8k_copy
pairs_arith_v2.csv,6824,arithmetic,gsm8k_test_0762,train,remove,C1_transformed,lmsys_rephrase
pairs_arith_v2.csv,6825,arithmetic,gsm8k_test_0762,train,remove,C2_answer_bearing,gsm8k_solution_frag
pairs_arith_v2.csv,6826,arithmetic,gsm8k_test_0762,train,retain,H2_same_template,gsmplus_numerical_substitution
pairs_arith_v2.csv,6827,arithmetic,gsm8k_test_0762,train,remove,C1_transformed,gsmplus_problem_understanding
pairs_arith_v2.csv,6828,arithmetic,gsm8k_test_0762,train,retain,H2_same_template,gsmplus_critical_thinking
pairs_arith_v2.csv,6829,arithmetic,gsm8k_test_0762,train,retain,H1_same_topic,svamp
pairs_arith_v2.csv,6830,arithmetic,gsm8k_test_0762,train,retain,H3_predating,asdiv
pairs_arith_v2.csv,6831,arithmetic,gsm8k_test_0762,train,retain,R_random,truthfulqa
pairs_arith_v2.csv,6841,arithmetic,gsm8k_test_0764,train,remove,C0_exact,gsm8k_copy
pairs_arith_v2.csv,6842,arithmetic,gsm8k_test_0764,train,remove,C1_transformed,lmsys_rephrase
pairs_arith_v2.csv,6843,arithmetic,gsm8k_test_0764,train,remove,C2_answer_bearing,gsm8k_solution_frag
pairs_arith_v2.csv,6844,arithmetic,gsm8k_test_0764,train,retain,H2_same_template,gsmplus_numerical_substitution
pairs_arith_v2.csv,6845,arithmetic,gsm8k_test_0764,train,remove,C1_transformed,gsmplus_problem_understanding
pairs_arith_v2.csv,6846,arithmetic,gsm8k_test_0764,train,retain,H2_same_template,gsmplus_critical_thinking
pairs_arith_v2.csv,6847,arithmetic,gsm8k_test_0764,train,retain,H1_same_topic,svamp
pairs_arith_v2.csv,6848,arithmetic,gsm8k_test_0764,train,retain,H3_predating,asdiv
pairs_arith_v2.csv,6849,arithmetic,gsm8k_test_0764,train,retain,R_random,truthfulqa
pairs_arith_v2.csv,6850,arithmetic,gsm8k_test_0765,train,remove,C0_exact,gsm8k_copy
pairs_arith_v2.csv,6851,arithmetic,gsm8k_test_0765,train,remove,C1_transformed,lmsys_rephrase
pairs_arith_v2.csv,6852,arithmetic,gsm8k_test_0765,train,remove,C2_answer_bearing,gsm8k_solution_frag
pairs_arith_v2.csv,6853,arithmetic,gsm8k_test_0765,train,retain,H2_same_template,gsmplus_numerical_substitution
pairs_arith_v2.csv,6854,arithmetic,gsm8k_test_0765,train,remove,C1_transformed,gsmplus_problem_understanding
pairs_arith_v2.csv,6855,arithmetic,gsm8k_test_0765,train,retain,H2_same_template,gsmplus_critical_thinking
pairs_arith_v2.csv,6856,arithmetic,gsm8k_test_0765,train,retain,H1_same_topic,svamp
pairs_arith_v2.csv,6857,arithmetic,gsm8k_test_0765,train,retain,H3_predating,asdiv
pairs_arith_v2.csv,6858,arithmetic,gsm8k_test_0765,train,retain,R_random,truthfulqa
pairs_arith_v2.csv,6859,arithmetic,gsm8k_test_0766,train,remove,C0_exact,gsm8k_copy
pairs_arith_v2.csv,6860,arithmetic,gsm8k_test_0766,train,remove,C1_transformed,lmsys_rephrase
pairs_arith_v2.csv,6861,arithmetic,gsm8k_test_0766,train,remove,C2_answer_bearing,gsm8k_solution_frag
pairs_arith_v2.csv,6862,arithmetic,gsm8k_test_0766,train,retain,H2_same_template,gsmplus_numerical_substitution
pairs_arith_v2.csv,6863,arithmetic,gsm8k_test_0766,train,remove,C1_transformed,gsmplus_problem_understanding
pairs_arith_v2.csv,6864,arithmetic,gsm8k_test_0766,train,retain,H2_same_template,gsmplus_critical_thinking
pairs_arith_v2.csv,6865,arithmetic,gsm8k_test_0766,train,retain,H1_same_topic,svamp
pairs_arith_v2.csv,6866,arithmetic,gsm8k_test_0766,train,retain,H3_predating,asdiv
pairs_arith_v2.csv,6867,arithmetic,gsm8k_test_0766,train,retain,R_random,truthfulqa
pairs_arith_v2.csv,6886,arithmetic,gsm8k_test_0769,train,remove,C0_exact,gsm8k_copy
pairs_arith_v2.csv,6887,arithmetic,gsm8k_test_0769,train,remove,C1_transformed,lmsys_rephrase
pairs_arith_v2.csv,6888,arithmetic,gsm8k_test_0769,train,remove,C2_answer_bearing,gsm8k_solution_frag
pairs_arith_v2.csv,6889,arithmetic,gsm8k_test_0769,train,retain,H2_same_template,gsmplus_numerical_substitution
pairs_arith_v2.csv,6890,arithmetic,gsm8k_test_0769,train,remove,C1_transformed,gsmplus_problem_understanding
pairs_arith_v2.csv,6891,arithmetic,gsm8k_test_0769,train,retain,H2_same_template,gsmplus_critical_thinking
pairs_arith_v2.csv,6892,arithmetic,gsm8k_test_0769,train,retain,H1_same_topic,svamp
pairs_arith_v2.csv,6893,arithmetic,gsm8k_test_0769,train,retain,H3_predating,asdiv
pairs_arith_v2.csv,6894,arithmetic,gsm8k_test_0769,train,retain,R_random,truthfulqa
pairs_arith_v2.csv,6939,arithmetic,gsm8k_test_0775,train,remove,C0_exact,gsm8k_copy
pairs_arith_v2.csv,6940,arithmetic,gsm8k_test_0775,train,remove,C1_transformed,lmsys_rephrase
pairs_arith_v2.csv,6941,arithmetic,gsm8k_test_0775,train,remove,C2_answer_bearing,gsm8k_solution_frag
pairs_arith_v2.csv,6942,arithmetic,gsm8k_test_0775,train,retain,H2_same_template,gsmplus_numerical_substitution
pairs_arith_v2.csv,6943,arithmetic,gsm8k_test_0775,train,remove,C1_transformed,gsmplus_problem_understanding
pairs_arith_v2.csv,6944,arithmetic,gsm8k_test_0775,train,retain,H2_same_template,gsmplus_critical_thinking
pairs_arith_v2.csv,6945,arithmetic,gsm8k_test_0775,train,retain,H1_same_topic,svamp
pairs_arith_v2.csv,6946,arithmetic,gsm8k_test_0775,train,retain,H3_predating,asdiv
pairs_arith_v2.csv,6947,arithmetic,gsm8k_test_0775,train,retain,R_random,truthfulqa
pairs_arith_v2.csv,6975,arithmetic,gsm8k_test_0779,train,remove,C0_exact,gsm8k_copy
pairs_arith_v2.csv,6976,arithmetic,gsm8k_test_0779,train,remove,C1_transformed,lmsys_rephrase
pairs_arith_v2.csv,6977,arithmetic,gsm8k_test_0779,train,remove,C2_answer_bearing,gsm8k_solution_frag
pairs_arith_v2.csv,6978,arithmetic,gsm8k_test_0779,train,retain,H2_same_template,gsmplus_numerical_substitution
pairs_arith_v2.csv,6979,arithmetic,gsm8k_test_0779,train,remove,C1_transformed,gsmplus_problem_understanding
pairs_arith_v2.csv,6980,arithmetic,gsm8k_test_0779,train,retain,H2_same_template,gsmplus_critical_thinking
pairs_arith_v2.csv,6981,arithmetic,gsm8k_test_0779,train,retain,H1_same_topic,svamp
pairs_arith_v2.csv,6982,arithmetic,gsm8k_test_0779,train,retain,H3_predating,asdiv
pairs_arith_v2.csv,6983,arithmetic,gsm8k_test_0779,train,retain,R_random,truthfulqa
pairs_arith_v2.csv,6984,arithmetic,gsm8k_test_0780,train,remove,C0_exact,gsm8k_copy
pairs_arith_v2.csv,6985,arithmetic,gsm8k_test_0780,train,remove,C1_transformed,lmsys_rephrase
pairs_arith_v2.csv,6986,arithmetic,gsm8k_test_0780,train,remove,C2_answer_bearing,gsm8k_solution_frag
pairs_arith_v2.csv,6987,arithmetic,gsm8k_test_0780,train,retain,H2_same_template,gsmplus_numerical_substitution
pairs_arith_v2.csv,6988,arithmetic,gsm8k_test_0780,train,remove,C1_transformed,gsmplus_problem_understanding
pairs_arith_v2.csv,6989,arithmetic,gsm8k_test_0780,train,retain,H2_same_template,gsmplus_critical_thinking
pairs_arith_v2.csv,6990,arithmetic,gsm8k_test_0780,train,retain,H1_same_topic,svamp
pairs_arith_v2.csv,6991,arithmetic,gsm8k_test_0780,train,retain,H3_predating,asdiv
pairs_arith_v2.csv,6992,arithmetic,gsm8k_test_0780,train,retain,R_random,truthfulqa
pairs_arith_v2.csv,7065,arithmetic,gsm8k_test_0789,train,remove,C0_exact,gsm8k_copy
pairs_arith_v2.csv,7066,arithmetic,gsm8k_test_0789,train,remove,C1_transformed,lmsys_rephrase
pairs_arith_v2.csv,7067,arithmetic,gsm8k_test_0789,train,remove,C2_answer_bearing,gsm8k_solution_frag
pairs_arith_v2.csv,7068,arithmetic,gsm8k_test_0789,train,retain,H2_same_template,gsmplus_numerical_substitution
pairs_arith_v2.csv,7069,arithmetic,gsm8k_test_0789,train,remove,C1_transformed,gsmplus_problem_understanding
pairs_arith_v2.csv,7070,arithmetic,gsm8k_test_0789,train,retain,H2_same_template,gsmplus_critical_thinking
pairs_arith_v2.csv,7071,arithmetic,gsm8k_test_0789,train,retain,H1_same_topic,svamp
pairs_arith_v2.csv,7072,arithmetic,gsm8k_test_0789,train,retain,H3_predating,asdiv
pairs_arith_v2.csv,7073,arithmetic,gsm8k_test_0789,train,retain,R_random,truthfulqa
pairs_arith_v2.csv,7083,arithmetic,gsm8k_test_0791,train,remove,C0_exact,gsm8k_copy
pairs_arith_v2.csv,7084,arithmetic,gsm8k_test_0791,train,remove,C1_transformed,lmsys_rephrase
pairs_arith_v2.csv,7085,arithmetic,gsm8k_test_0791,train,remove,C2_answer_bearing,gsm8k_solution_frag
pairs_arith_v2.csv,7086,arithmetic,gsm8k_test_0791,train,retain,H2_same_template,gsmplus_numerical_substitution
pairs_arith_v2.csv,7087,arithmetic,gsm8k_test_0791,train,remove,C1_transformed,gsmplus_problem_understanding
pairs_arith_v2.csv,7088,arithmetic,gsm8k_test_0791,train,retain,H2_same_template,gsmplus_critical_thinking
pairs_arith_v2.csv,7089,arithmetic,gsm8k_test_0791,train,retain,H1_same_topic,svamp
pairs_arith_v2.csv,7090,arithmetic,gsm8k_test_0791,train,retain,H3_predating,asdiv
pairs_arith_v2.csv,7091,arithmetic,gsm8k_test_0791,train,retain,R_random,truthfulqa
pairs_arith_v2.csv,7092,arithmetic,gsm8k_test_0792,train,remove,C0_exact,gsm8k_copy
pairs_arith_v2.csv,7093,arithmetic,gsm8k_test_0792,train,remove,C1_transformed,lmsys_rephrase
pairs_arith_v2.csv,7094,arithmetic,gsm8k_test_0792,train,remove,C2_answer_bearing,gsm8k_solution_frag
pairs_arith_v2.csv,7095,arithmetic,gsm8k_test_0792,train,retain,H2_same_template,gsmplus_numerical_substitution
pairs_arith_v2.csv,7096,arithmetic,gsm8k_test_0792,train,remove,C1_transformed,gsmplus_problem_understanding
pairs_arith_v2.csv,7097,arithmetic,gsm8k_test_0792,train,retain,H2_same_template,gsmplus_critical_thinking
pairs_arith_v2.csv,7098,arithmetic,gsm8k_test_0792,train,retain,H1_same_topic,svamp
pairs_arith_v2.csv,7099,arithmetic,gsm8k_test_0792,train,retain,H3_predating,asdiv
pairs_arith_v2.csv,7100,arithmetic,gsm8k_test_0792,train,retain,R_random,truthfulqa
pairs_arith_v2.csv,7101,arithmetic,gsm8k_test_0793,train,remove,C0_exact,gsm8k_copy
pairs_arith_v2.csv,7102,arithmetic,gsm8k_test_0793,train,remove,C1_transformed,lmsys_rephrase
pairs_arith_v2.csv,7103,arithmetic,gsm8k_test_0793,train,remove,C2_answer_bearing,gsm8k_solution_frag
pairs_arith_v2.csv,7104,arithmetic,gsm8k_test_0793,train,retain,H2_same_template,gsmplus_numerical_substitution
pairs_arith_v2.csv,7105,arithmetic,gsm8k_test_0793,train,remove,C1_transformed,gsmplus_problem_understanding
pairs_arith_v2.csv,7106,arithmetic,gsm8k_test_0793,train,retain,H2_same_template,gsmplus_critical_thinking
pairs_arith_v2.csv,7107,arithmetic,gsm8k_test_0793,train,retain,H1_same_topic,svamp
pairs_arith_v2.csv,7108,arithmetic,gsm8k_test_0793,train,retain,H3_predating,asdiv
pairs_arith_v2.csv,7109,arithmetic,gsm8k_test_0793,train,retain,R_random,truthfulqa
pairs_arith_v2.csv,7110,arithmetic,gsm8k_test_0794,train,remove,C0_exact,gsm8k_copy
pairs_arith_v2.csv,7111,arithmetic,gsm8k_test_0794,train,remove,C1_transformed,lmsys_rephrase
pairs_arith_v2.csv,7112,arithmetic,gsm8k_test_0794,train,remove,C2_answer_bearing,gsm8k_solution_frag
pairs_arith_v2.csv,7113,arithmetic,gsm8k_test_0794,train,retain,H2_same_template,gsmplus_numerical_substitution
pairs_arith_v2.csv,7114,arithmetic,gsm8k_test_0794,train,remove,C1_transformed,gsmplus_problem_understanding
pairs_arith_v2.csv,7115,arithmetic,gsm8k_test_0794,train,retain,H2_same_template,gsmplus_critical_thinking
pairs_arith_v2.csv,7116,arithmetic,gsm8k_test_0794,train,retain,H1_same_topic,svamp
pairs_arith_v2.csv,7117,arithmetic,gsm8k_test_0794,train,retain,H3_predating,asdiv
pairs_arith_v2.csv,7118,arithmetic,gsm8k_test_0794,train,retain,R_random,truthfulqa
pairs_arith_v2.csv,7119,arithmetic,gsm8k_test_0795,train,remove,C0_exact,gsm8k_copy
pairs_arith_v2.csv,7120,arithmetic,gsm8k_test_0795,train,remove,C1_transformed,lmsys_rephrase
pairs_arith_v2.csv,7121,arithmetic,gsm8k_test_0795,train,remove,C2_answer_bearing,gsm8k_solution_frag
pairs_arith_v2.csv,7122,arithmetic,gsm8k_test_0795,train,retain,H2_same_template,gsmplus_numerical_substitution
pairs_arith_v2.csv,7123,arithmetic,gsm8k_test_0795,train,remove,C1_transformed,gsmplus_problem_understanding
pairs_arith_v2.csv,7124,arithmetic,gsm8k_test_0795,train,retain,H2_same_template,gsmplus_critical_thinking
pairs_arith_v2.csv,7125,arithmetic,gsm8k_test_0795,train,retain,H1_same_topic,svamp
pairs_arith_v2.csv,7126,arithmetic,gsm8k_test_0795,train,retain,H3_predating,asdiv
pairs_arith_v2.csv,7127,arithmetic,gsm8k_test_0795,train,retain,R_random,truthfulqa
pairs_arith_v2.csv,7146,arithmetic,gsm8k_test_0798,train,remove,C0_exact,gsm8k_copy
pairs_arith_v2.csv,7147,arithmetic,gsm8k_test_0798,train,remove,C1_transformed,lmsys_rephrase
pairs_arith_v2.csv,7148,arithmetic,gsm8k_test_0798,train,remove,C2_answer_bearing,gsm8k_solution_frag
pairs_arith_v2.csv,7149,arithmetic,gsm8k_test_0798,train,retain,H2_same_template,gsmplus_numerical_substitution
pairs_arith_v2.csv,7150,arithmetic,gsm8k_test_0798,train,remove,C1_transformed,gsmplus_problem_understanding
pairs_arith_v2.csv,7151,arithmetic,gsm8k_test_0798,train,retain,H2_same_template,gsmplus_critical_thinking
pairs_arith_v2.csv,7152,arithmetic,gsm8k_test_0798,train,retain,H1_same_topic,svamp
pairs_arith_v2.csv,7153,arithmetic,gsm8k_test_0798,train,retain,H3_predating,asdiv
pairs_arith_v2.csv,7154,arithmetic,gsm8k_test_0798,train,retain,R_random,truthfulqa
pairs_arith_v2.csv,7155,arithmetic,gsm8k_test_0799,train,remove,C0_exact,gsm8k_copy
pairs_arith_v2.csv,7156,arithmetic,gsm8k_test_0799,train,remove,C1_transformed,lmsys_rephrase
pairs_arith_v2.csv,7157,arithmetic,gsm8k_test_0799,train,remove,C2_answer_bearing,gsm8k_solution_frag
pairs_arith_v2.csv,7158,arithmetic,gsm8k_test_0799,train,retain,H2_same_template,gsmplus_numerical_substitution
pairs_arith_v2.csv,7159,arithmetic,gsm8k_test_0799,train,remove,C1_transformed,gsmplus_problem_understanding
pairs_arith_v2.csv,7160,arithmetic,gsm8k_test_0799,train,retain,H2_same_template,gsmplus_critical_thinking
pairs_arith_v2.csv,7161,arithmetic,gsm8k_test_0799,train,retain,H1_same_topic,svamp
pairs_arith_v2.csv,7162,arithmetic,gsm8k_test_0799,train,retain,H3_predating,asdiv
pairs_arith_v2.csv,7163,arithmetic,gsm8k_test_0799,train,retain,R_random,truthfulqa
pairs_arith_v2.csv,7164,arithmetic,gsm8k_test_0800,train,remove,C0_exact,gsm8k_copy
pairs_arith_v2.csv,7165,arithmetic,gsm8k_test_0800,train,remove,C1_transformed,lmsys_rephrase
pairs_arith_v2.csv,7166,arithmetic,gsm8k_test_0800,train,remove,C2_answer_bearing,gsm8k_solution_frag
pairs_arith_v2.csv,7167,arithmetic,gsm8k_test_0800,train,retain,H2_same_template,gsmplus_numerical_substitution
pairs_arith_v2.csv,7168,arithmetic,gsm8k_test_0800,train,remove,C1_transformed,gsmplus_problem_understanding
pairs_arith_v2.csv,7169,arithmetic,gsm8k_test_0800,train,retain,H2_same_template,gsmplus_critical_thinking
pairs_arith_v2.csv,7170,arithmetic,gsm8k_test_0800,train,retain,H1_same_topic,svamp
pairs_arith_v2.csv,7171,arithmetic,gsm8k_test_0800,train,retain,H3_predating,asdiv
pairs_arith_v2.csv,7172,arithmetic,gsm8k_test_0800,train,retain,R_random,truthfulqa
pairs_arith_v2.csv,7173,arithmetic,gsm8k_test_0801,train,remove,C0_exact,gsm8k_copy
pairs_arith_v2.csv,7174,arithmetic,gsm8k_test_0801,train,remove,C1_transformed,lmsys_rephrase
pairs_arith_v2.csv,7175,arithmetic,gsm8k_test_0801,train,remove,C2_answer_bearing,gsm8k_solution_frag
pairs_arith_v2.csv,7176,arithmetic,gsm8k_test_0801,train,retain,H2_same_template,gsmplus_numerical_substitution
pairs_arith_v2.csv,7177,arithmetic,gsm8k_test_0801,train,remove,C1_transformed,gsmplus_problem_understanding
pairs_arith_v2.csv,7178,arithmetic,gsm8k_test_0801,train,retain,H2_same_template,gsmplus_critical_thinking
pairs_arith_v2.csv,7179,arithmetic,gsm8k_test_0801,train,retain,H1_same_topic,svamp
pairs_arith_v2.csv,7180,arithmetic,gsm8k_test_0801,train,retain,H3_predating,asdiv
pairs_arith_v2.csv,7181,arithmetic,gsm8k_test_0801,train,retain,R_random,truthfulqa
pairs_arith_v2.csv,7236,arithmetic,gsm8k_test_0808,train,remove,C0_exact,gsm8k_copy
pairs_arith_v2.csv,7237,arithmetic,gsm8k_test_0808,train,remove,C1_transformed,lmsys_rephrase
pairs_arith_v2.csv,7238,arithmetic,gsm8k_test_0808,train,remove,C2_answer_bearing,gsm8k_solution_frag
pairs_arith_v2.csv,7239,arithmetic,gsm8k_test_0808,train,retain,H2_same_template,gsmplus_numerical_substitution
pairs_arith_v2.csv,7240,arithmetic,gsm8k_test_0808,train,remove,C1_transformed,gsmplus_problem_understanding
pairs_arith_v2.csv,7241,arithmetic,gsm8k_test_0808,train,retain,H2_same_template,gsmplus_critical_thinking
pairs_arith_v2.csv,7242,arithmetic,gsm8k_test_0808,train,retain,H1_same_topic,svamp
pairs_arith_v2.csv,7243,arithmetic,gsm8k_test_0808,train,retain,H3_predating,asdiv
pairs_arith_v2.csv,7244,arithmetic,gsm8k_test_0808,train,retain,R_random,truthfulqa
pairs_arith_v2.csv,7289,arithmetic,gsm8k_test_0814,train,remove,C0_exact,gsm8k_copy
pairs_arith_v2.csv,7290,arithmetic,gsm8k_test_0814,train,remove,C1_transformed,lmsys_rephrase
pairs_arith_v2.csv,7291,arithmetic,gsm8k_test_0814,train,remove,C2_answer_bearing,gsm8k_solution_frag
pairs_arith_v2.csv,7292,arithmetic,gsm8k_test_0814,train,retain,H2_same_template,gsmplus_numerical_substitution
pairs_arith_v2.csv,7293,arithmetic,gsm8k_test_0814,train,remove,C1_transformed,gsmplus_problem_understanding
pairs_arith_v2.csv,7294,arithmetic,gsm8k_test_0814,train,retain,H2_same_template,gsmplus_critical_thinking
pairs_arith_v2.csv,7295,arithmetic,gsm8k_test_0814,train,retain,H1_same_topic,svamp
pairs_arith_v2.csv,7296,arithmetic,gsm8k_test_0814,train,retain,H3_predating,asdiv
pairs_arith_v2.csv,7297,arithmetic,gsm8k_test_0814,train,retain,R_random,truthfulqa
pairs_arith_v2.csv,7298,arithmetic,gsm8k_test_0815,train,remove,C0_exact,gsm8k_copy
pairs_arith_v2.csv,7299,arithmetic,gsm8k_test_0815,train,remove,C1_transformed,lmsys_rephrase
pairs_arith_v2.csv,7300,arithmetic,gsm8k_test_0815,train,remove,C2_answer_bearing,gsm8k_solution_frag
pairs_arith_v2.csv,7301,arithmetic,gsm8k_test_0815,train,retain,H2_same_template,gsmplus_numerical_substitution
pairs_arith_v2.csv,7302,arithmetic,gsm8k_test_0815,train,remove,C1_transformed,gsmplus_problem_understanding
pairs_arith_v2.csv,7303,arithmetic,gsm8k_test_0815,train,retain,H2_same_template,gsmplus_critical_thinking
pairs_arith_v2.csv,7304,arithmetic,gsm8k_test_0815,train,retain,H1_same_topic,svamp
pairs_arith_v2.csv,7305,arithmetic,gsm8k_test_0815,train,retain,H3_predating,asdiv
pairs_arith_v2.csv,7306,arithmetic,gsm8k_test_0815,train,retain,R_random,truthfulqa
pairs_arith_v2.csv,7307,arithmetic,gsm8k_test_0816,train,remove,C0_exact,gsm8k_copy
pairs_arith_v2.csv,7308,arithmetic,gsm8k_test_0816,train,remove,C1_transformed,lmsys_rephrase
pairs_arith_v2.csv,7309,arithmetic,gsm8k_test_0816,train,remove,C2_answer_bearing,gsm8k_solution_frag
pairs_arith_v2.csv,7310,arithmetic,gsm8k_test_0816,train,retain,H2_same_template,gsmplus_numerical_substitution
pairs_arith_v2.csv,7311,arithmetic,gsm8k_test_0816,train,remove,C1_transformed,gsmplus_problem_understanding
pairs_arith_v2.csv,7312,arithmetic,gsm8k_test_0816,train,retain,H2_same_template,gsmplus_critical_thinking
pairs_arith_v2.csv,7313,arithmetic,gsm8k_test_0816,train,retain,H1_same_topic,svamp
pairs_arith_v2.csv,7314,arithmetic,gsm8k_test_0816,train,retain,H3_predating,asdiv
pairs_arith_v2.csv,7315,arithmetic,gsm8k_test_0816,train,retain,R_random,truthfulqa
pairs_arith_v2.csv,7325,arithmetic,gsm8k_test_0818,train,remove,C0_exact,gsm8k_copy
pairs_arith_v2.csv,7326,arithmetic,gsm8k_test_0818,train,remove,C1_transformed,lmsys_rephrase
pairs_arith_v2.csv,7327,arithmetic,gsm8k_test_0818,train,remove,C2_answer_bearing,gsm8k_solution_frag
pairs_arith_v2.csv,7328,arithmetic,gsm8k_test_0818,train,retain,H2_same_template,gsmplus_numerical_substitution
pairs_arith_v2.csv,7329,arithmetic,gsm8k_test_0818,train,remove,C1_transformed,gsmplus_problem_understanding
pairs_arith_v2.csv,7330,arithmetic,gsm8k_test_0818,train,retain,H2_same_template,gsmplus_critical_thinking
pairs_arith_v2.csv,7331,arithmetic,gsm8k_test_0818,train,retain,H1_same_topic,svamp
pairs_arith_v2.csv,7332,arithmetic,gsm8k_test_0818,train,retain,H3_predating,asdiv
pairs_arith_v2.csv,7333,arithmetic,gsm8k_test_0818,train,retain,R_random,truthfulqa
pairs_arith_v2.csv,7334,arithmetic,gsm8k_test_0819,train,remove,C0_exact,gsm8k_copy
pairs_arith_v2.csv,7335,arithmetic,gsm8k_test_0819,train,remove,C1_transformed,lmsys_rephrase
pairs_arith_v2.csv,7336,arithmetic,gsm8k_test_0819,train,remove,C2_answer_bearing,gsm8k_solution_frag
pairs_arith_v2.csv,7337,arithmetic,gsm8k_test_0819,train,retain,H2_same_template,gsmplus_numerical_substitution
pairs_arith_v2.csv,7338,arithmetic,gsm8k_test_0819,train,remove,C1_transformed,gsmplus_problem_understanding
pairs_arith_v2.csv,7339,arithmetic,gsm8k_test_0819,train,retain,H2_same_template,gsmplus_critical_thinking
pairs_arith_v2.csv,7340,arithmetic,gsm8k_test_0819,train,retain,H1_same_topic,svamp
pairs_arith_v2.csv,7341,arithmetic,gsm8k_test_0819,train,retain,H3_predating,asdiv
pairs_arith_v2.csv,7342,arithmetic,gsm8k_test_0819,train,retain,R_random,truthfulqa
pairs_arith_v2.csv,7343,arithmetic,gsm8k_test_0820,train,remove,C0_exact,gsm8k_copy
pairs_arith_v2.csv,7344,arithmetic,gsm8k_test_0820,train,remove,C1_transformed,lmsys_rephrase
pairs_arith_v2.csv,7345,arithmetic,gsm8k_test_0820,train,remove,C2_answer_bearing,gsm8k_solution_frag
pairs_arith_v2.csv,7346,arithmetic,gsm8k_test_0820,train,retain,H2_same_template,gsmplus_numerical_substitution
pairs_arith_v2.csv,7347,arithmetic,gsm8k_test_0820,train,remove,C1_transformed,gsmplus_problem_understanding
pairs_arith_v2.csv,7348,arithmetic,gsm8k_test_0820,train,retain,H2_same_template,gsmplus_critical_thinking
pairs_arith_v2.csv,7349,arithmetic,gsm8k_test_0820,train,retain,H1_same_topic,svamp
pairs_arith_v2.csv,7350,arithmetic,gsm8k_test_0820,train,retain,H3_predating,asdiv
pairs_arith_v2.csv,7351,arithmetic,gsm8k_test_0820,train,retain,R_random,truthfulqa
pairs_arith_v2.csv,7361,arithmetic,gsm8k_test_0822,train,remove,C0_exact,gsm8k_copy
pairs_arith_v2.csv,7362,arithmetic,gsm8k_test_0822,train,remove,C1_transformed,lmsys_rephrase
pairs_arith_v2.csv,7363,arithmetic,gsm8k_test_0822,train,remove,C2_answer_bearing,gsm8k_solution_frag
pairs_arith_v2.csv,7364,arithmetic,gsm8k_test_0822,train,retain,H2_same_template,gsmplus_numerical_substitution
pairs_arith_v2.csv,7365,arithmetic,gsm8k_test_0822,train,remove,C1_transformed,gsmplus_problem_understanding
pairs_arith_v2.csv,7366,arithmetic,gsm8k_test_0822,train,retain,H2_same_template,gsmplus_critical_thinking
pairs_arith_v2.csv,7367,arithmetic,gsm8k_test_0822,train,retain,H1_same_topic,svamp
pairs_arith_v2.csv,7368,arithmetic,gsm8k_test_0822,train,retain,H3_predating,asdiv
pairs_arith_v2.csv,7369,arithmetic,gsm8k_test_0822,train,retain,R_random,truthfulqa
pairs_arith_v2.csv,7379,arithmetic,gsm8k_test_0824,train,remove,C0_exact,gsm8k_copy
pairs_arith_v2.csv,7380,arithmetic,gsm8k_test_0824,train,remove,C1_transformed,lmsys_rephrase
pairs_arith_v2.csv,7381,arithmetic,gsm8k_test_0824,train,remove,C2_answer_bearing,gsm8k_solution_frag
pairs_arith_v2.csv,7382,arithmetic,gsm8k_test_0824,train,retain,H2_same_template,gsmplus_numerical_substitution
pairs_arith_v2.csv,7383,arithmetic,gsm8k_test_0824,train,remove,C1_transformed,gsmplus_problem_understanding
pairs_arith_v2.csv,7384,arithmetic,gsm8k_test_0824,train,retain,H2_same_template,gsmplus_critical_thinking
pairs_arith_v2.csv,7385,arithmetic,gsm8k_test_0824,train,retain,H1_same_topic,svamp
pairs_arith_v2.csv,7386,arithmetic,gsm8k_test_0824,train,retain,H3_predating,asdiv
pairs_arith_v2.csv,7387,arithmetic,gsm8k_test_0824,train,retain,R_random,truthfulqa
pairs_arith_v2.csv,7469,arithmetic,gsm8k_test_0834,train,remove,C0_exact,gsm8k_copy
pairs_arith_v2.csv,7470,arithmetic,gsm8k_test_0834,train,remove,C1_transformed,lmsys_rephrase
pairs_arith_v2.csv,7471,arithmetic,gsm8k_test_0834,train,remove,C2_answer_bearing,gsm8k_solution_frag
pairs_arith_v2.csv,7472,arithmetic,gsm8k_test_0834,train,retain,H2_same_template,gsmplus_numerical_substitution
pairs_arith_v2.csv,7473,arithmetic,gsm8k_test_0834,train,remove,C1_transformed,gsmplus_problem_understanding
pairs_arith_v2.csv,7474,arithmetic,gsm8k_test_0834,train,retain,H2_same_template,gsmplus_critical_thinking
pairs_arith_v2.csv,7475,arithmetic,gsm8k_test_0834,train,retain,H1_same_topic,svamp
pairs_arith_v2.csv,7476,arithmetic,gsm8k_test_0834,train,retain,H3_predating,asdiv
pairs_arith_v2.csv,7477,arithmetic,gsm8k_test_0834,train,retain,R_random,truthfulqa
pairs_arith_v2.csv,7478,arithmetic,gsm8k_test_0835,train,remove,C0_exact,gsm8k_copy
pairs_arith_v2.csv,7479,arithmetic,gsm8k_test_0835,train,remove,C1_transformed,lmsys_rephrase
pairs_arith_v2.csv,7480,arithmetic,gsm8k_test_0835,train,remove,C2_answer_bearing,gsm8k_solution_frag
pairs_arith_v2.csv,7481,arithmetic,gsm8k_test_0835,train,retain,H2_same_template,gsmplus_numerical_substitution
pairs_arith_v2.csv,7482,arithmetic,gsm8k_test_0835,train,remove,C1_transformed,gsmplus_problem_understanding
pairs_arith_v2.csv,7483,arithmetic,gsm8k_test_0835,train,retain,H2_same_template,gsmplus_critical_thinking
pairs_arith_v2.csv,7484,arithmetic,gsm8k_test_0835,train,retain,H1_same_topic,svamp
pairs_arith_v2.csv,7485,arithmetic,gsm8k_test_0835,train,retain,H3_predating,asdiv
pairs_arith_v2.csv,7486,arithmetic,gsm8k_test_0835,train,retain,R_random,truthfulqa
pairs_arith_v2.csv,7496,arithmetic,gsm8k_test_0837,train,remove,C0_exact,gsm8k_copy
pairs_arith_v2.csv,7497,arithmetic,gsm8k_test_0837,train,remove,C1_transformed,lmsys_rephrase
pairs_arith_v2.csv,7498,arithmetic,gsm8k_test_0837,train,remove,C2_answer_bearing,gsm8k_solution_frag
pairs_arith_v2.csv,7499,arithmetic,gsm8k_test_0837,train,retain,H2_same_template,gsmplus_numerical_substitution
pairs_arith_v2.csv,7500,arithmetic,gsm8k_test_0837,train,remove,C1_transformed,gsmplus_problem_understanding
pairs_arith_v2.csv,7501,arithmetic,gsm8k_test_0837,train,retain,H2_same_template,gsmplus_critical_thinking
pairs_arith_v2.csv,7502,arithmetic,gsm8k_test_0837,train,retain,H1_same_topic,svamp
pairs_arith_v2.csv,7503,arithmetic,gsm8k_test_0837,train,retain,H3_predating,asdiv
pairs_arith_v2.csv,7504,arithmetic,gsm8k_test_0837,train,retain,R_random,truthfulqa
pairs_arith_v2.csv,7558,arithmetic,gsm8k_test_0844,train,remove,C0_exact,gsm8k_copy
pairs_arith_v2.csv,7559,arithmetic,gsm8k_test_0844,train,remove,C1_transformed,lmsys_rephrase
pairs_arith_v2.csv,7560,arithmetic,gsm8k_test_0844,train,remove,C2_answer_bearing,gsm8k_solution_frag
pairs_arith_v2.csv,7561,arithmetic,gsm8k_test_0844,train,retain,H2_same_template,gsmplus_numerical_substitution
pairs_arith_v2.csv,7562,arithmetic,gsm8k_test_0844,train,remove,C1_transformed,gsmplus_problem_understanding
pairs_arith_v2.csv,7563,arithmetic,gsm8k_test_0844,train,retain,H2_same_template,gsmplus_critical_thinking
pairs_arith_v2.csv,7564,arithmetic,gsm8k_test_0844,train,retain,H1_same_topic,svamp
pairs_arith_v2.csv,7565,arithmetic,gsm8k_test_0844,train,retain,H3_predating,asdiv
pairs_arith_v2.csv,7566,arithmetic,gsm8k_test_0844,train,retain,R_random,truthfulqa
pairs_arith_v2.csv,7612,arithmetic,gsm8k_test_0850,train,remove,C0_exact,gsm8k_copy
pairs_arith_v2.csv,7613,arithmetic,gsm8k_test_0850,train,remove,C1_transformed,lmsys_rephrase
pairs_arith_v2.csv,7614,arithmetic,gsm8k_test_0850,train,remove,C2_answer_bearing,gsm8k_solution_frag
pairs_arith_v2.csv,7615,arithmetic,gsm8k_test_0850,train,retain,H2_same_template,gsmplus_numerical_substitution
pairs_arith_v2.csv,7616,arithmetic,gsm8k_test_0850,train,remove,C1_transformed,gsmplus_problem_understanding
pairs_arith_v2.csv,7617,arithmetic,gsm8k_test_0850,train,retain,H2_same_template,gsmplus_critical_thinking
pairs_arith_v2.csv,7618,arithmetic,gsm8k_test_0850,train,retain,H1_same_topic,svamp
pairs_arith_v2.csv,7619,arithmetic,gsm8k_test_0850,train,retain,H3_predating,asdiv
pairs_arith_v2.csv,7620,arithmetic,gsm8k_test_0850,train,retain,R_random,truthfulqa
pairs_arith_v2.csv,7621,arithmetic,gsm8k_test_0851,train,remove,C0_exact,gsm8k_copy
pairs_arith_v2.csv,7622,arithmetic,gsm8k_test_0851,train,remove,C1_transformed,lmsys_rephrase
pairs_arith_v2.csv,7623,arithmetic,gsm8k_test_0851,train,remove,C2_answer_bearing,gsm8k_solution_frag
pairs_arith_v2.csv,7624,arithmetic,gsm8k_test_0851,train,remove,C1_transformed,gsmplus_problem_understanding
pairs_arith_v2.csv,7625,arithmetic,gsm8k_test_0851,train,retain,H2_same_template,gsmplus_critical_thinking
pairs_arith_v2.csv,7626,arithmetic,gsm8k_test_0851,train,retain,H1_same_topic,svamp
pairs_arith_v2.csv,7627,arithmetic,gsm8k_test_0851,train,retain,H3_predating,asdiv
pairs_arith_v2.csv,7628,arithmetic,gsm8k_test_0851,train,retain,R_random,truthfulqa
pairs_arith_v2.csv,7629,arithmetic,gsm8k_test_0852,train,remove,C0_exact,gsm8k_copy
pairs_arith_v2.csv,7630,arithmetic,gsm8k_test_0852,train,remove,C1_transformed,lmsys_rephrase
pairs_arith_v2.csv,7631,arithmetic,gsm8k_test_0852,train,remove,C2_answer_bearing,gsm8k_solution_frag
pairs_arith_v2.csv,7632,arithmetic,gsm8k_test_0852,train,retain,H2_same_template,gsmplus_numerical_substitution
pairs_arith_v2.csv,7633,arithmetic,gsm8k_test_0852,train,remove,C1_transformed,gsmplus_problem_understanding
pairs_arith_v2.csv,7634,arithmetic,gsm8k_test_0852,train,retain,H2_same_template,gsmplus_critical_thinking
pairs_arith_v2.csv,7635,arithmetic,gsm8k_test_0852,train,retain,H1_same_topic,svamp
pairs_arith_v2.csv,7636,arithmetic,gsm8k_test_0852,train,retain,H3_predating,asdiv
pairs_arith_v2.csv,7637,arithmetic,gsm8k_test_0852,train,retain,R_random,truthfulqa
pairs_arith_v2.csv,7646,arithmetic,gsm8k_test_0854,train,remove,C0_exact,gsm8k_copy
pairs_arith_v2.csv,7647,arithmetic,gsm8k_test_0854,train,remove,C1_transformed,lmsys_rephrase
pairs_arith_v2.csv,7648,arithmetic,gsm8k_test_0854,train,remove,C2_answer_bearing,gsm8k_solution_frag
pairs_arith_v2.csv,7649,arithmetic,gsm8k_test_0854,train,retain,H2_same_template,gsmplus_numerical_substitution
pairs_arith_v2.csv,7650,arithmetic,gsm8k_test_0854,train,remove,C1_transformed,gsmplus_problem_understanding
pairs_arith_v2.csv,7651,arithmetic,gsm8k_test_0854,train,retain,H2_same_template,gsmplus_critical_thinking
pairs_arith_v2.csv,7652,arithmetic,gsm8k_test_0854,train,retain,H1_same_topic,svamp
pairs_arith_v2.csv,7653,arithmetic,gsm8k_test_0854,train,retain,H3_predating,asdiv
pairs_arith_v2.csv,7654,arithmetic,gsm8k_test_0854,train,retain,R_random,truthfulqa
pairs_arith_v2.csv,7655,arithmetic,gsm8k_test_0855,train,remove,C0_exact,gsm8k_copy
pairs_arith_v2.csv,7656,arithmetic,gsm8k_test_0855,train,remove,C1_transformed,lmsys_rephrase
pairs_arith_v2.csv,7657,arithmetic,gsm8k_test_0855,train,remove,C2_answer_bearing,gsm8k_solution_frag
pairs_arith_v2.csv,7658,arithmetic,gsm8k_test_0855,train,retain,H2_same_template,gsmplus_numerical_substitution
pairs_arith_v2.csv,7659,arithmetic,gsm8k_test_0855,train,remove,C1_transformed,gsmplus_problem_understanding
pairs_arith_v2.csv,7660,arithmetic,gsm8k_test_0855,train,retain,H2_same_template,gsmplus_critical_thinking
pairs_arith_v2.csv,7661,arithmetic,gsm8k_test_0855,train,retain,H1_same_topic,svamp
pairs_arith_v2.csv,7662,arithmetic,gsm8k_test_0855,train,retain,H3_predating,asdiv
pairs_arith_v2.csv,7663,arithmetic,gsm8k_test_0855,train,retain,R_random,truthfulqa
pairs_arith_v2.csv,7673,arithmetic,gsm8k_test_0857,train,remove,C0_exact,gsm8k_copy
pairs_arith_v2.csv,7674,arithmetic,gsm8k_test_0857,train,remove,C1_transformed,lmsys_rephrase
pairs_arith_v2.csv,7675,arithmetic,gsm8k_test_0857,train,remove,C2_answer_bearing,gsm8k_solution_frag
pairs_arith_v2.csv,7676,arithmetic,gsm8k_test_0857,train,retain,H2_same_template,gsmplus_numerical_substitution
pairs_arith_v2.csv,7677,arithmetic,gsm8k_test_0857,train,remove,C1_transformed,gsmplus_problem_understanding
pairs_arith_v2.csv,7678,arithmetic,gsm8k_test_0857,train,retain,H2_same_template,gsmplus_critical_thinking
pairs_arith_v2.csv,7679,arithmetic,gsm8k_test_0857,train,retain,H1_same_topic,svamp
pairs_arith_v2.csv,7680,arithmetic,gsm8k_test_0857,train,retain,H3_predating,asdiv
pairs_arith_v2.csv,7681,arithmetic,gsm8k_test_0857,train,retain,R_random,truthfulqa
pairs_arith_v2.csv,7682,arithmetic,gsm8k_test_0858,train,remove,C0_exact,gsm8k_copy
pairs_arith_v2.csv,7683,arithmetic,gsm8k_test_0858,train,remove,C1_transformed,lmsys_rephrase
pairs_arith_v2.csv,7684,arithmetic,gsm8k_test_0858,train,remove,C2_answer_bearing,gsm8k_solution_frag
pairs_arith_v2.csv,7685,arithmetic,gsm8k_test_0858,train,remove,C1_transformed,gsmplus_problem_understanding
pairs_arith_v2.csv,7686,arithmetic,gsm8k_test_0858,train,retain,H2_same_template,gsmplus_critical_thinking
pairs_arith_v2.csv,7687,arithmetic,gsm8k_test_0858,train,retain,H1_same_topic,svamp
pairs_arith_v2.csv,7688,arithmetic,gsm8k_test_0858,train,retain,H3_predating,asdiv
pairs_arith_v2.csv,7689,arithmetic,gsm8k_test_0858,train,retain,R_random,truthfulqa
pairs_arith_v2.csv,7699,arithmetic,gsm8k_test_0860,train,remove,C0_exact,gsm8k_copy
pairs_arith_v2.csv,7700,arithmetic,gsm8k_test_0860,train,remove,C1_transformed,lmsys_rephrase
pairs_arith_v2.csv,7701,arithmetic,gsm8k_test_0860,train,remove,C2_answer_bearing,gsm8k_solution_frag
pairs_arith_v2.csv,7702,arithmetic,gsm8k_test_0860,train,retain,H2_same_template,gsmplus_numerical_substitution
pairs_arith_v2.csv,7703,arithmetic,gsm8k_test_0860,train,remove,C1_transformed,gsmplus_problem_understanding
pairs_arith_v2.csv,7704,arithmetic,gsm8k_test_0860,train,retain,H2_same_template,gsmplus_critical_thinking
pairs_arith_v2.csv,7705,arithmetic,gsm8k_test_0860,train,retain,H1_same_topic,svamp
pairs_arith_v2.csv,7706,arithmetic,gsm8k_test_0860,train,retain,H3_predating,asdiv
pairs_arith_v2.csv,7707,arithmetic,gsm8k_test_0860,train,retain,R_random,truthfulqa
pairs_arith_v2.csv,7708,arithmetic,gsm8k_test_0861,train,remove,C0_exact,gsm8k_copy
pairs_arith_v2.csv,7709,arithmetic,gsm8k_test_0861,train,remove,C1_transformed,lmsys_rephrase
pairs_arith_v2.csv,7710,arithmetic,gsm8k_test_0861,train,remove,C2_answer_bearing,gsm8k_solution_frag
pairs_arith_v2.csv,7711,arithmetic,gsm8k_test_0861,train,retain,H2_same_template,gsmplus_numerical_substitution
pairs_arith_v2.csv,7712,arithmetic,gsm8k_test_0861,train,remove,C1_transformed,gsmplus_problem_understanding
pairs_arith_v2.csv,7713,arithmetic,gsm8k_test_0861,train,retain,H2_same_template,gsmplus_critical_thinking
pairs_arith_v2.csv,7714,arithmetic,gsm8k_test_0861,train,retain,H1_same_topic,svamp
pairs_arith_v2.csv,7715,arithmetic,gsm8k_test_0861,train,retain,H3_predating,asdiv
pairs_arith_v2.csv,7716,arithmetic,gsm8k_test_0861,train,retain,R_random,truthfulqa
pairs_arith_v2.csv,7726,arithmetic,gsm8k_test_0863,train,remove,C0_exact,gsm8k_copy
pairs_arith_v2.csv,7727,arithmetic,gsm8k_test_0863,train,remove,C1_transformed,lmsys_rephrase
pairs_arith_v2.csv,7728,arithmetic,gsm8k_test_0863,train,remove,C2_answer_bearing,gsm8k_solution_frag
pairs_arith_v2.csv,7729,arithmetic,gsm8k_test_0863,train,retain,H2_same_template,gsmplus_numerical_substitution
pairs_arith_v2.csv,7730,arithmetic,gsm8k_test_0863,train,remove,C1_transformed,gsmplus_problem_understanding
pairs_arith_v2.csv,7731,arithmetic,gsm8k_test_0863,train,retain,H2_same_template,gsmplus_critical_thinking
pairs_arith_v2.csv,7732,arithmetic,gsm8k_test_0863,train,retain,H1_same_topic,svamp
pairs_arith_v2.csv,7733,arithmetic,gsm8k_test_0863,train,retain,H3_predating,asdiv
pairs_arith_v2.csv,7734,arithmetic,gsm8k_test_0863,train,retain,R_random,truthfulqa
pairs_arith_v2.csv,7735,arithmetic,gsm8k_test_0864,train,remove,C0_exact,gsm8k_copy
pairs_arith_v2.csv,7736,arithmetic,gsm8k_test_0864,train,remove,C1_transformed,lmsys_rephrase
pairs_arith_v2.csv,7737,arithmetic,gsm8k_test_0864,train,remove,C2_answer_bearing,gsm8k_solution_frag
pairs_arith_v2.csv,7738,arithmetic,gsm8k_test_0864,train,retain,H2_same_template,gsmplus_numerical_substitution
pairs_arith_v2.csv,7739,arithmetic,gsm8k_test_0864,train,remove,C1_transformed,gsmplus_problem_understanding
pairs_arith_v2.csv,7740,arithmetic,gsm8k_test_0864,train,retain,H2_same_template,gsmplus_critical_thinking
pairs_arith_v2.csv,7741,arithmetic,gsm8k_test_0864,train,retain,H1_same_topic,svamp
pairs_arith_v2.csv,7742,arithmetic,gsm8k_test_0864,train,retain,H3_predating,asdiv
pairs_arith_v2.csv,7743,arithmetic,gsm8k_test_0864,train,retain,R_random,truthfulqa
pairs_arith_v2.csv,7753,arithmetic,gsm8k_test_0866,train,remove,C0_exact,gsm8k_copy
pairs_arith_v2.csv,7754,arithmetic,gsm8k_test_0866,train,remove,C1_transformed,lmsys_rephrase
pairs_arith_v2.csv,7755,arithmetic,gsm8k_test_0866,train,remove,C2_answer_bearing,gsm8k_solution_frag
pairs_arith_v2.csv,7756,arithmetic,gsm8k_test_0866,train,retain,H2_same_template,gsmplus_numerical_substitution
pairs_arith_v2.csv,7757,arithmetic,gsm8k_test_0866,train,remove,C1_transformed,gsmplus_problem_understanding
pairs_arith_v2.csv,7758,arithmetic,gsm8k_test_0866,train,retain,H2_same_template,gsmplus_critical_thinking
pairs_arith_v2.csv,7759,arithmetic,gsm8k_test_0866,train,retain,H1_same_topic,svamp
pairs_arith_v2.csv,7760,arithmetic,gsm8k_test_0866,train,retain,H3_predating,asdiv
pairs_arith_v2.csv,7761,arithmetic,gsm8k_test_0866,train,retain,R_random,truthfulqa
pairs_arith_v2.csv,7779,arithmetic,gsm8k_test_0869,train,remove,C0_exact,gsm8k_copy
pairs_arith_v2.csv,7780,arithmetic,gsm8k_test_0869,train,remove,C1_transformed,lmsys_rephrase
pairs_arith_v2.csv,7781,arithmetic,gsm8k_test_0869,train,remove,C2_answer_bearing,gsm8k_solution_frag
pairs_arith_v2.csv,7782,arithmetic,gsm8k_test_0869,train,remove,C1_transformed,gsmplus_problem_understanding
pairs_arith_v2.csv,7783,arithmetic,gsm8k_test_0869,train,retain,H2_same_template,gsmplus_critical_thinking
pairs_arith_v2.csv,7784,arithmetic,gsm8k_test_0869,train,retain,H1_same_topic,svamp
pairs_arith_v2.csv,7785,arithmetic,gsm8k_test_0869,train,retain,H3_predating,asdiv
pairs_arith_v2.csv,7786,arithmetic,gsm8k_test_0869,train,retain,R_random,truthfulqa
pairs_arith_v2.csv,7805,arithmetic,gsm8k_test_0872,train,remove,C0_exact,gsm8k_copy
pairs_arith_v2.csv,7806,arithmetic,gsm8k_test_0872,train,remove,C1_transformed,lmsys_rephrase
pairs_arith_v2.csv,7807,arithmetic,gsm8k_test_0872,train,remove,C2_answer_bearing,gsm8k_solution_frag
pairs_arith_v2.csv,7808,arithmetic,gsm8k_test_0872,train,retain,H2_same_template,gsmplus_numerical_substitution
pairs_arith_v2.csv,7809,arithmetic,gsm8k_test_0872,train,remove,C1_transformed,gsmplus_problem_understanding
pairs_arith_v2.csv,7810,arithmetic,gsm8k_test_0872,train,retain,H2_same_template,gsmplus_critical_thinking
pairs_arith_v2.csv,7811,arithmetic,gsm8k_test_0872,train,retain,H1_same_topic,svamp
pairs_arith_v2.csv,7812,arithmetic,gsm8k_test_0872,train,retain,H3_predating,asdiv
pairs_arith_v2.csv,7813,arithmetic,gsm8k_test_0872,train,retain,R_random,truthfulqa
pairs_arith_v2.csv,7814,arithmetic,gsm8k_test_0873,train,remove,C0_exact,gsm8k_copy
pairs_arith_v2.csv,7815,arithmetic,gsm8k_test_0873,train,remove,C1_transformed,lmsys_rephrase
pairs_arith_v2.csv,7816,arithmetic,gsm8k_test_0873,train,remove,C2_answer_bearing,gsm8k_solution_frag
pairs_arith_v2.csv,7817,arithmetic,gsm8k_test_0873,train,retain,H2_same_template,gsmplus_numerical_substitution
pairs_arith_v2.csv,7818,arithmetic,gsm8k_test_0873,train,remove,C1_transformed,gsmplus_problem_understanding
pairs_arith_v2.csv,7819,arithmetic,gsm8k_test_0873,train,retain,H2_same_template,gsmplus_critical_thinking
pairs_arith_v2.csv,7820,arithmetic,gsm8k_test_0873,train,retain,H1_same_topic,svamp
pairs_arith_v2.csv,7821,arithmetic,gsm8k_test_0873,train,retain,H3_predating,asdiv
pairs_arith_v2.csv,7822,arithmetic,gsm8k_test_0873,train,retain,R_random,truthfulqa
pairs_arith_v2.csv,7832,arithmetic,gsm8k_test_0875,train,remove,C0_exact,gsm8k_copy
pairs_arith_v2.csv,7833,arithmetic,gsm8k_test_0875,train,remove,C1_transformed,lmsys_rephrase
pairs_arith_v2.csv,7834,arithmetic,gsm8k_test_0875,train,remove,C2_answer_bearing,gsm8k_solution_frag
pairs_arith_v2.csv,7835,arithmetic,gsm8k_test_0875,train,retain,H2_same_template,gsmplus_numerical_substitution
pairs_arith_v2.csv,7836,arithmetic,gsm8k_test_0875,train,remove,C1_transformed,gsmplus_problem_understanding
pairs_arith_v2.csv,7837,arithmetic,gsm8k_test_0875,train,retain,H2_same_template,gsmplus_critical_thinking
pairs_arith_v2.csv,7838,arithmetic,gsm8k_test_0875,train,retain,H1_same_topic,svamp
pairs_arith_v2.csv,7839,arithmetic,gsm8k_test_0875,train,retain,H3_predating,asdiv
pairs_arith_v2.csv,7840,arithmetic,gsm8k_test_0875,train,retain,R_random,truthfulqa
pairs_arith_v2.csv,7850,arithmetic,gsm8k_test_0877,train,remove,C0_exact,gsm8k_copy
pairs_arith_v2.csv,7851,arithmetic,gsm8k_test_0877,train,remove,C1_transformed,lmsys_rephrase
pairs_arith_v2.csv,7852,arithmetic,gsm8k_test_0877,train,remove,C2_answer_bearing,gsm8k_solution_frag
pairs_arith_v2.csv,7853,arithmetic,gsm8k_test_0877,train,retain,H2_same_template,gsmplus_numerical_substitution
pairs_arith_v2.csv,7854,arithmetic,gsm8k_test_0877,train,remove,C1_transformed,gsmplus_problem_understanding
pairs_arith_v2.csv,7855,arithmetic,gsm8k_test_0877,train,retain,H2_same_template,gsmplus_critical_thinking
pairs_arith_v2.csv,7856,arithmetic,gsm8k_test_0877,train,retain,H1_same_topic,svamp
pairs_arith_v2.csv,7857,arithmetic,gsm8k_test_0877,train,retain,H3_predating,asdiv
pairs_arith_v2.csv,7858,arithmetic,gsm8k_test_0877,train,retain,R_random,truthfulqa
pairs_arith_v2.csv,7859,arithmetic,gsm8k_test_0878,train,remove,C0_exact,gsm8k_copy
pairs_arith_v2.csv,7860,arithmetic,gsm8k_test_0878,train,remove,C1_transformed,lmsys_rephrase
pairs_arith_v2.csv,7861,arithmetic,gsm8k_test_0878,train,remove,C2_answer_bearing,gsm8k_solution_frag
pairs_arith_v2.csv,7862,arithmetic,gsm8k_test_0878,train,retain,H2_same_template,gsmplus_numerical_substitution
pairs_arith_v2.csv,7863,arithmetic,gsm8k_test_0878,train,remove,C1_transformed,gsmplus_problem_understanding
pairs_arith_v2.csv,7864,arithmetic,gsm8k_test_0878,train,retain,H2_same_template,gsmplus_critical_thinking
pairs_arith_v2.csv,7865,arithmetic,gsm8k_test_0878,train,retain,H1_same_topic,svamp
pairs_arith_v2.csv,7866,arithmetic,gsm8k_test_0878,train,retain,H3_predating,asdiv
pairs_arith_v2.csv,7867,arithmetic,gsm8k_test_0878,train,retain,R_random,truthfulqa
pairs_arith_v2.csv,7868,arithmetic,gsm8k_test_0879,train,remove,C0_exact,gsm8k_copy
pairs_arith_v2.csv,7869,arithmetic,gsm8k_test_0879,train,remove,C1_transformed,lmsys_rephrase
pairs_arith_v2.csv,7870,arithmetic,gsm8k_test_0879,train,remove,C2_answer_bearing,gsm8k_solution_frag
pairs_arith_v2.csv,7871,arithmetic,gsm8k_test_0879,train,retain,H2_same_template,gsmplus_numerical_substitution
pairs_arith_v2.csv,7872,arithmetic,gsm8k_test_0879,train,remove,C1_transformed,gsmplus_problem_understanding
pairs_arith_v2.csv,7873,arithmetic,gsm8k_test_0879,train,retain,H2_same_template,gsmplus_critical_thinking
pairs_arith_v2.csv,7874,arithmetic,gsm8k_test_0879,train,retain,H1_same_topic,svamp
pairs_arith_v2.csv,7875,arithmetic,gsm8k_test_0879,train,retain,H3_predating,asdiv
pairs_arith_v2.csv,7876,arithmetic,gsm8k_test_0879,train,retain,R_random,truthfulqa
pairs_arith_v2.csv,7904,arithmetic,gsm8k_test_0883,train,remove,C0_exact,gsm8k_copy
pairs_arith_v2.csv,7905,arithmetic,gsm8k_test_0883,train,remove,C1_transformed,lmsys_rephrase
pairs_arith_v2.csv,7906,arithmetic,gsm8k_test_0883,train,remove,C2_answer_bearing,gsm8k_solution_frag
pairs_arith_v2.csv,7907,arithmetic,gsm8k_test_0883,train,retain,H2_same_template,gsmplus_numerical_substitution
pairs_arith_v2.csv,7908,arithmetic,gsm8k_test_0883,train,remove,C1_transformed,gsmplus_problem_understanding
pairs_arith_v2.csv,7909,arithmetic,gsm8k_test_0883,train,retain,H2_same_template,gsmplus_critical_thinking
pairs_arith_v2.csv,7910,arithmetic,gsm8k_test_0883,train,retain,H1_same_topic,svamp
pairs_arith_v2.csv,7911,arithmetic,gsm8k_test_0883,train,retain,H3_predating,asdiv
pairs_arith_v2.csv,7912,arithmetic,gsm8k_test_0883,train,retain,R_random,truthfulqa
pairs_arith_v2.csv,7913,arithmetic,gsm8k_test_0884,train,remove,C0_exact,gsm8k_copy
pairs_arith_v2.csv,7914,arithmetic,gsm8k_test_0884,train,remove,C1_transformed,lmsys_rephrase
pairs_arith_v2.csv,7915,arithmetic,gsm8k_test_0884,train,remove,C2_answer_bearing,gsm8k_solution_frag
pairs_arith_v2.csv,7916,arithmetic,gsm8k_test_0884,train,retain,H2_same_template,gsmplus_numerical_substitution
pairs_arith_v2.csv,7917,arithmetic,gsm8k_test_0884,train,remove,C1_transformed,gsmplus_problem_understanding
pairs_arith_v2.csv,7918,arithmetic,gsm8k_test_0884,train,retain,H2_same_template,gsmplus_critical_thinking
pairs_arith_v2.csv,7919,arithmetic,gsm8k_test_0884,train,retain,H1_same_topic,svamp
pairs_arith_v2.csv,7920,arithmetic,gsm8k_test_0884,train,retain,H3_predating,asdiv
pairs_arith_v2.csv,7921,arithmetic,gsm8k_test_0884,train,retain,R_random,truthfulqa
pairs_arith_v2.csv,7922,arithmetic,gsm8k_test_0885,train,remove,C0_exact,gsm8k_copy
pairs_arith_v2.csv,7923,arithmetic,gsm8k_test_0885,train,remove,C1_transformed,lmsys_rephrase
pairs_arith_v2.csv,7924,arithmetic,gsm8k_test_0885,train,remove,C2_answer_bearing,gsm8k_solution_frag
pairs_arith_v2.csv,7925,arithmetic,gsm8k_test_0885,train,retain,H2_same_template,gsmplus_numerical_substitution
pairs_arith_v2.csv,7926,arithmetic,gsm8k_test_0885,train,remove,C1_transformed,gsmplus_problem_understanding
pairs_arith_v2.csv,7927,arithmetic,gsm8k_test_0885,train,retain,H2_same_template,gsmplus_critical_thinking
pairs_arith_v2.csv,7928,arithmetic,gsm8k_test_0885,train,retain,H1_same_topic,svamp
pairs_arith_v2.csv,7929,arithmetic,gsm8k_test_0885,train,retain,H3_predating,asdiv
pairs_arith_v2.csv,7930,arithmetic,gsm8k_test_0885,train,retain,R_random,truthfulqa
pairs_arith_v2.csv,7940,arithmetic,gsm8k_test_0887,train,remove,C0_exact,gsm8k_copy
pairs_arith_v2.csv,7941,arithmetic,gsm8k_test_0887,train,remove,C1_transformed,lmsys_rephrase
pairs_arith_v2.csv,7942,arithmetic,gsm8k_test_0887,train,remove,C2_answer_bearing,gsm8k_solution_frag
pairs_arith_v2.csv,7943,arithmetic,gsm8k_test_0887,train,retain,H2_same_template,gsmplus_numerical_substitution
pairs_arith_v2.csv,7944,arithmetic,gsm8k_test_0887,train,remove,C1_transformed,gsmplus_problem_understanding
pairs_arith_v2.csv,7945,arithmetic,gsm8k_test_0887,train,retain,H2_same_template,gsmplus_critical_thinking
pairs_arith_v2.csv,7946,arithmetic,gsm8k_test_0887,train,retain,H1_same_topic,svamp
pairs_arith_v2.csv,7947,arithmetic,gsm8k_test_0887,train,retain,H3_predating,asdiv
pairs_arith_v2.csv,7948,arithmetic,gsm8k_test_0887,train,retain,R_random,truthfulqa
pairs_arith_v2.csv,7958,arithmetic,gsm8k_test_0889,train,remove,C0_exact,gsm8k_copy
pairs_arith_v2.csv,7959,arithmetic,gsm8k_test_0889,train,remove,C1_transformed,lmsys_rephrase
pairs_arith_v2.csv,7960,arithmetic,gsm8k_test_0889,train,remove,C2_answer_bearing,gsm8k_solution_frag
pairs_arith_v2.csv,7961,arithmetic,gsm8k_test_0889,train,retain,H2_same_template,gsmplus_numerical_substitution
pairs_arith_v2.csv,7962,arithmetic,gsm8k_test_0889,train,remove,C1_transformed,gsmplus_problem_understanding
pairs_arith_v2.csv,7963,arithmetic,gsm8k_test_0889,train,retain,H2_same_template,gsmplus_critical_thinking
pairs_arith_v2.csv,7964,arithmetic,gsm8k_test_0889,train,retain,H1_same_topic,svamp
pairs_arith_v2.csv,7965,arithmetic,gsm8k_test_0889,train,retain,H3_predating,asdiv
pairs_arith_v2.csv,7966,arithmetic,gsm8k_test_0889,train,retain,R_random,truthfulqa
pairs_arith_v2.csv,7967,arithmetic,gsm8k_test_0890,train,remove,C0_exact,gsm8k_copy
pairs_arith_v2.csv,7968,arithmetic,gsm8k_test_0890,train,remove,C1_transformed,lmsys_rephrase
pairs_arith_v2.csv,7969,arithmetic,gsm8k_test_0890,train,remove,C2_answer_bearing,gsm8k_solution_frag
pairs_arith_v2.csv,7970,arithmetic,gsm8k_test_0890,train,retain,H2_same_template,gsmplus_numerical_substitution
pairs_arith_v2.csv,7971,arithmetic,gsm8k_test_0890,train,remove,C1_transformed,gsmplus_problem_understanding
pairs_arith_v2.csv,7972,arithmetic,gsm8k_test_0890,train,retain,H2_same_template,gsmplus_critical_thinking
pairs_arith_v2.csv,7973,arithmetic,gsm8k_test_0890,train,retain,H1_same_topic,svamp
pairs_arith_v2.csv,7974,arithmetic,gsm8k_test_0890,train,retain,H3_predating,asdiv
pairs_arith_v2.csv,7975,arithmetic,gsm8k_test_0890,train,retain,R_random,truthfulqa
pairs_arith_v2.csv,7976,arithmetic,gsm8k_test_0891,train,remove,C0_exact,gsm8k_copy
pairs_arith_v2.csv,7977,arithmetic,gsm8k_test_0891,train,remove,C1_transformed,lmsys_rephrase
pairs_arith_v2.csv,7978,arithmetic,gsm8k_test_0891,train,remove,C2_answer_bearing,gsm8k_solution_frag
pairs_arith_v2.csv,7979,arithmetic,gsm8k_test_0891,train,retain,H2_same_template,gsmplus_numerical_substitution
pairs_arith_v2.csv,7980,arithmetic,gsm8k_test_0891,train,remove,C1_transformed,gsmplus_problem_understanding
pairs_arith_v2.csv,7981,arithmetic,gsm8k_test_0891,train,retain,H2_same_template,gsmplus_critical_thinking
pairs_arith_v2.csv,7982,arithmetic,gsm8k_test_0891,train,retain,H1_same_topic,svamp
pairs_arith_v2.csv,7983,arithmetic,gsm8k_test_0891,train,retain,H3_predating,asdiv
pairs_arith_v2.csv,7984,arithmetic,gsm8k_test_0891,train,retain,R_random,truthfulqa
pairs_arith_v2.csv,7985,arithmetic,gsm8k_test_0892,train,remove,C0_exact,gsm8k_copy
pairs_arith_v2.csv,7986,arithmetic,gsm8k_test_0892,train,remove,C1_transformed,lmsys_rephrase
pairs_arith_v2.csv,7987,arithmetic,gsm8k_test_0892,train,remove,C2_answer_bearing,gsm8k_solution_frag
pairs_arith_v2.csv,7988,arithmetic,gsm8k_test_0892,train,remove,C1_transformed,gsmplus_problem_understanding
pairs_arith_v2.csv,7989,arithmetic,gsm8k_test_0892,train,retain,H2_same_template,gsmplus_critical_thinking
pairs_arith_v2.csv,7990,arithmetic,gsm8k_test_0892,train,retain,H1_same_topic,svamp
pairs_arith_v2.csv,7991,arithmetic,gsm8k_test_0892,train,retain,H3_predating,asdiv
pairs_arith_v2.csv,7992,arithmetic,gsm8k_test_0892,train,retain,R_random,truthfulqa
pairs_arith_v2.csv,8019,arithmetic,gsm8k_test_0896,train,remove,C0_exact,gsm8k_copy
pairs_arith_v2.csv,8020,arithmetic,gsm8k_test_0896,train,remove,C1_transformed,lmsys_rephrase
pairs_arith_v2.csv,8021,arithmetic,gsm8k_test_0896,train,remove,C2_answer_bearing,gsm8k_solution_frag
pairs_arith_v2.csv,8022,arithmetic,gsm8k_test_0896,train,retain,H2_same_template,gsmplus_numerical_substitution
pairs_arith_v2.csv,8023,arithmetic,gsm8k_test_0896,train,remove,C1_transformed,gsmplus_problem_understanding
pairs_arith_v2.csv,8024,arithmetic,gsm8k_test_0896,train,retain,H2_same_template,gsmplus_critical_thinking
pairs_arith_v2.csv,8025,arithmetic,gsm8k_test_0896,train,retain,H1_same_topic,svamp
pairs_arith_v2.csv,8026,arithmetic,gsm8k_test_0896,train,retain,H3_predating,asdiv
pairs_arith_v2.csv,8027,arithmetic,gsm8k_test_0896,train,retain,R_random,truthfulqa
pairs_arith_v2.csv,8064,arithmetic,gsm8k_test_0901,train,remove,C0_exact,gsm8k_copy
pairs_arith_v2.csv,8065,arithmetic,gsm8k_test_0901,train,remove,C1_transformed,lmsys_rephrase
pairs_arith_v2.csv,8066,arithmetic,gsm8k_test_0901,train,remove,C2_answer_bearing,gsm8k_solution_frag
pairs_arith_v2.csv,8067,arithmetic,gsm8k_test_0901,train,remove,C1_transformed,gsmplus_problem_understanding
pairs_arith_v2.csv,8068,arithmetic,gsm8k_test_0901,train,retain,H2_same_template,gsmplus_critical_thinking
pairs_arith_v2.csv,8069,arithmetic,gsm8k_test_0901,train,retain,H1_same_topic,svamp
pairs_arith_v2.csv,8070,arithmetic,gsm8k_test_0901,train,retain,H3_predating,asdiv
pairs_arith_v2.csv,8071,arithmetic,gsm8k_test_0901,train,retain,R_random,truthfulqa
pairs_arith_v2.csv,8081,arithmetic,gsm8k_test_0903,train,remove,C0_exact,gsm8k_copy
pairs_arith_v2.csv,8082,arithmetic,gsm8k_test_0903,train,remove,C1_transformed,lmsys_rephrase
pairs_arith_v2.csv,8083,arithmetic,gsm8k_test_0903,train,remove,C2_answer_bearing,gsm8k_solution_frag
pairs_arith_v2.csv,8084,arithmetic,gsm8k_test_0903,train,retain,H2_same_template,gsmplus_numerical_substitution
pairs_arith_v2.csv,8085,arithmetic,gsm8k_test_0903,train,remove,C1_transformed,gsmplus_problem_understanding
pairs_arith_v2.csv,8086,arithmetic,gsm8k_test_0903,train,retain,H2_same_template,gsmplus_critical_thinking
pairs_arith_v2.csv,8087,arithmetic,gsm8k_test_0903,train,retain,H1_same_topic,svamp
pairs_arith_v2.csv,8088,arithmetic,gsm8k_test_0903,train,retain,H3_predating,asdiv
pairs_arith_v2.csv,8089,arithmetic,gsm8k_test_0903,train,retain,R_random,truthfulqa
pairs_arith_v2.csv,8090,arithmetic,gsm8k_test_0904,train,remove,C0_exact,gsm8k_copy
pairs_arith_v2.csv,8091,arithmetic,gsm8k_test_0904,train,remove,C1_transformed,lmsys_rephrase
pairs_arith_v2.csv,8092,arithmetic,gsm8k_test_0904,train,remove,C2_answer_bearing,gsm8k_solution_frag
pairs_arith_v2.csv,8093,arithmetic,gsm8k_test_0904,train,retain,H2_same_template,gsmplus_numerical_substitution
pairs_arith_v2.csv,8094,arithmetic,gsm8k_test_0904,train,remove,C1_transformed,gsmplus_problem_understanding
pairs_arith_v2.csv,8095,arithmetic,gsm8k_test_0904,train,retain,H2_same_template,gsmplus_critical_thinking
pairs_arith_v2.csv,8096,arithmetic,gsm8k_test_0904,train,retain,H1_same_topic,svamp
pairs_arith_v2.csv,8097,arithmetic,gsm8k_test_0904,train,retain,H3_predating,asdiv
pairs_arith_v2.csv,8098,arithmetic,gsm8k_test_0904,train,retain,R_random,truthfulqa
pairs_arith_v2.csv,8116,arithmetic,gsm8k_test_0907,train,remove,C0_exact,gsm8k_copy
pairs_arith_v2.csv,8117,arithmetic,gsm8k_test_0907,train,remove,C1_transformed,lmsys_rephrase
pairs_arith_v2.csv,8118,arithmetic,gsm8k_test_0907,train,remove,C2_answer_bearing,gsm8k_solution_frag
pairs_arith_v2.csv,8119,arithmetic,gsm8k_test_0907,train,retain,H2_same_template,gsmplus_numerical_substitution
pairs_arith_v2.csv,8120,arithmetic,gsm8k_test_0907,train,remove,C1_transformed,gsmplus_problem_understanding
pairs_arith_v2.csv,8121,arithmetic,gsm8k_test_0907,train,retain,H2_same_template,gsmplus_critical_thinking
pairs_arith_v2.csv,8122,arithmetic,gsm8k_test_0907,train,retain,H1_same_topic,svamp
pairs_arith_v2.csv,8123,arithmetic,gsm8k_test_0907,train,retain,H3_predating,asdiv
pairs_arith_v2.csv,8124,arithmetic,gsm8k_test_0907,train,retain,R_random,truthfulqa
pairs_arith_v2.csv,8143,arithmetic,gsm8k_test_0910,train,remove,C0_exact,gsm8k_copy
pairs_arith_v2.csv,8144,arithmetic,gsm8k_test_0910,train,remove,C1_transformed,lmsys_rephrase
pairs_arith_v2.csv,8145,arithmetic,gsm8k_test_0910,train,remove,C2_answer_bearing,gsm8k_solution_frag
pairs_arith_v2.csv,8146,arithmetic,gsm8k_test_0910,train,retain,H2_same_template,gsmplus_numerical_substitution
pairs_arith_v2.csv,8147,arithmetic,gsm8k_test_0910,train,remove,C1_transformed,gsmplus_problem_understanding
pairs_arith_v2.csv,8148,arithmetic,gsm8k_test_0910,train,retain,H2_same_template,gsmplus_critical_thinking
pairs_arith_v2.csv,8149,arithmetic,gsm8k_test_0910,train,retain,H1_same_topic,svamp
pairs_arith_v2.csv,8150,arithmetic,gsm8k_test_0910,train,retain,H3_predating,asdiv
pairs_arith_v2.csv,8151,arithmetic,gsm8k_test_0910,train,retain,R_random,truthfulqa
pairs_arith_v2.csv,8152,arithmetic,gsm8k_test_0911,train,remove,C0_exact,gsm8k_copy
pairs_arith_v2.csv,8153,arithmetic,gsm8k_test_0911,train,remove,C1_transformed,lmsys_rephrase
pairs_arith_v2.csv,8154,arithmetic,gsm8k_test_0911,train,remove,C2_answer_bearing,gsm8k_solution_frag
pairs_arith_v2.csv,8155,arithmetic,gsm8k_test_0911,train,retain,H2_same_template,gsmplus_numerical_substitution
pairs_arith_v2.csv,8156,arithmetic,gsm8k_test_0911,train,remove,C1_transformed,gsmplus_problem_understanding
pairs_arith_v2.csv,8157,arithmetic,gsm8k_test_0911,train,retain,H2_same_template,gsmplus_critical_thinking
pairs_arith_v2.csv,8158,arithmetic,gsm8k_test_0911,train,retain,H1_same_topic,svamp
pairs_arith_v2.csv,8159,arithmetic,gsm8k_test_0911,train,retain,H3_predating,asdiv
pairs_arith_v2.csv,8160,arithmetic,gsm8k_test_0911,train,retain,R_random,truthfulqa
pairs_arith_v2.csv,8170,arithmetic,gsm8k_test_0913,train,remove,C0_exact,gsm8k_copy
pairs_arith_v2.csv,8171,arithmetic,gsm8k_test_0913,train,remove,C1_transformed,lmsys_rephrase
pairs_arith_v2.csv,8172,arithmetic,gsm8k_test_0913,train,remove,C2_answer_bearing,gsm8k_solution_frag
pairs_arith_v2.csv,8173,arithmetic,gsm8k_test_0913,train,retain,H2_same_template,gsmplus_numerical_substitution
pairs_arith_v2.csv,8174,arithmetic,gsm8k_test_0913,train,remove,C1_transformed,gsmplus_problem_understanding
pairs_arith_v2.csv,8175,arithmetic,gsm8k_test_0913,train,retain,H2_same_template,gsmplus_critical_thinking
pairs_arith_v2.csv,8176,arithmetic,gsm8k_test_0913,train,retain,H1_same_topic,svamp
pairs_arith_v2.csv,8177,arithmetic,gsm8k_test_0913,train,retain,H3_predating,asdiv
pairs_arith_v2.csv,8178,arithmetic,gsm8k_test_0913,train,retain,R_random,truthfulqa
pairs_arith_v2.csv,8188,arithmetic,gsm8k_test_0915,train,remove,C0_exact,gsm8k_copy
pairs_arith_v2.csv,8189,arithmetic,gsm8k_test_0915,train,remove,C1_transformed,lmsys_rephrase
pairs_arith_v2.csv,8190,arithmetic,gsm8k_test_0915,train,remove,C2_answer_bearing,gsm8k_solution_frag
pairs_arith_v2.csv,8191,arithmetic,gsm8k_test_0915,train,retain,H2_same_template,gsmplus_numerical_substitution
pairs_arith_v2.csv,8192,arithmetic,gsm8k_test_0915,train,remove,C1_transformed,gsmplus_problem_understanding
pairs_arith_v2.csv,8193,arithmetic,gsm8k_test_0915,train,retain,H2_same_template,gsmplus_critical_thinking
pairs_arith_v2.csv,8194,arithmetic,gsm8k_test_0915,train,retain,H1_same_topic,svamp
pairs_arith_v2.csv,8195,arithmetic,gsm8k_test_0915,train,retain,H3_predating,asdiv
pairs_arith_v2.csv,8196,arithmetic,gsm8k_test_0915,train,retain,R_random,truthfulqa
pairs_arith_v2.csv,8197,arithmetic,gsm8k_test_0916,train,remove,C0_exact,gsm8k_copy
pairs_arith_v2.csv,8198,arithmetic,gsm8k_test_0916,train,remove,C1_transformed,lmsys_rephrase
pairs_arith_v2.csv,8199,arithmetic,gsm8k_test_0916,train,remove,C2_answer_bearing,gsm8k_solution_frag
pairs_arith_v2.csv,8200,arithmetic,gsm8k_test_0916,train,retain,H2_same_template,gsmplus_numerical_substitution
pairs_arith_v2.csv,8201,arithmetic,gsm8k_test_0916,train,remove,C1_transformed,gsmplus_problem_understanding
pairs_arith_v2.csv,8202,arithmetic,gsm8k_test_0916,train,retain,H2_same_template,gsmplus_critical_thinking
pairs_arith_v2.csv,8203,arithmetic,gsm8k_test_0916,train,retain,H1_same_topic,svamp
pairs_arith_v2.csv,8204,arithmetic,gsm8k_test_0916,train,retain,H3_predating,asdiv
pairs_arith_v2.csv,8205,arithmetic,gsm8k_test_0916,train,retain,R_random,truthfulqa
pairs_arith_v2.csv,8215,arithmetic,gsm8k_test_0918,train,remove,C0_exact,gsm8k_copy
pairs_arith_v2.csv,8216,arithmetic,gsm8k_test_0918,train,remove,C1_transformed,lmsys_rephrase
pairs_arith_v2.csv,8217,arithmetic,gsm8k_test_0918,train,remove,C2_answer_bearing,gsm8k_solution_frag
pairs_arith_v2.csv,8218,arithmetic,gsm8k_test_0918,train,retain,H2_same_template,gsmplus_numerical_substitution
pairs_arith_v2.csv,8219,arithmetic,gsm8k_test_0918,train,remove,C1_transformed,gsmplus_problem_understanding
pairs_arith_v2.csv,8220,arithmetic,gsm8k_test_0918,train,retain,H2_same_template,gsmplus_critical_thinking
pairs_arith_v2.csv,8221,arithmetic,gsm8k_test_0918,train,retain,H1_same_topic,svamp
pairs_arith_v2.csv,8222,arithmetic,gsm8k_test_0918,train,retain,H3_predating,asdiv
pairs_arith_v2.csv,8223,arithmetic,gsm8k_test_0918,train,retain,R_random,truthfulqa
pairs_arith_v2.csv,8224,arithmetic,gsm8k_test_0919,train,remove,C0_exact,gsm8k_copy
pairs_arith_v2.csv,8225,arithmetic,gsm8k_test_0919,train,remove,C1_transformed,lmsys_rephrase
pairs_arith_v2.csv,8226,arithmetic,gsm8k_test_0919,train,remove,C2_answer_bearing,gsm8k_solution_frag
pairs_arith_v2.csv,8227,arithmetic,gsm8k_test_0919,train,retain,H2_same_template,gsmplus_numerical_substitution
pairs_arith_v2.csv,8228,arithmetic,gsm8k_test_0919,train,remove,C1_transformed,gsmplus_problem_understanding
pairs_arith_v2.csv,8229,arithmetic,gsm8k_test_0919,train,retain,H2_same_template,gsmplus_critical_thinking
pairs_arith_v2.csv,8230,arithmetic,gsm8k_test_0919,train,retain,H1_same_topic,svamp
pairs_arith_v2.csv,8231,arithmetic,gsm8k_test_0919,train,retain,H3_predating,asdiv
pairs_arith_v2.csv,8232,arithmetic,gsm8k_test_0919,train,retain,R_random,truthfulqa
pairs_arith_v2.csv,8294,arithmetic,gsm8k_test_0927,train,remove,C0_exact,gsm8k_copy
pairs_arith_v2.csv,8295,arithmetic,gsm8k_test_0927,train,remove,C1_transformed,lmsys_rephrase
pairs_arith_v2.csv,8296,arithmetic,gsm8k_test_0927,train,remove,C2_answer_bearing,gsm8k_solution_frag
pairs_arith_v2.csv,8297,arithmetic,gsm8k_test_0927,train,retain,H2_same_template,gsmplus_numerical_substitution
pairs_arith_v2.csv,8298,arithmetic,gsm8k_test_0927,train,remove,C1_transformed,gsmplus_problem_understanding
pairs_arith_v2.csv,8299,arithmetic,gsm8k_test_0927,train,retain,H2_same_template,gsmplus_critical_thinking
pairs_arith_v2.csv,8300,arithmetic,gsm8k_test_0927,train,retain,H1_same_topic,svamp
pairs_arith_v2.csv,8301,arithmetic,gsm8k_test_0927,train,retain,H3_predating,asdiv
pairs_arith_v2.csv,8302,arithmetic,gsm8k_test_0927,train,retain,R_random,truthfulqa
pairs_arith_v2.csv,8321,arithmetic,gsm8k_test_0930,train,remove,C0_exact,gsm8k_copy
pairs_arith_v2.csv,8322,arithmetic,gsm8k_test_0930,train,remove,C1_transformed,lmsys_rephrase
pairs_arith_v2.csv,8323,arithmetic,gsm8k_test_0930,train,remove,C2_answer_bearing,gsm8k_solution_frag
pairs_arith_v2.csv,8324,arithmetic,gsm8k_test_0930,train,retain,H2_same_template,gsmplus_numerical_substitution
pairs_arith_v2.csv,8325,arithmetic,gsm8k_test_0930,train,remove,C1_transformed,gsmplus_problem_understanding
pairs_arith_v2.csv,8326,arithmetic,gsm8k_test_0930,train,retain,H2_same_template,gsmplus_critical_thinking
pairs_arith_v2.csv,8327,arithmetic,gsm8k_test_0930,train,retain,H1_same_topic,svamp
pairs_arith_v2.csv,8328,arithmetic,gsm8k_test_0930,train,retain,H3_predating,asdiv
pairs_arith_v2.csv,8329,arithmetic,gsm8k_test_0930,train,retain,R_random,truthfulqa
pairs_arith_v2.csv,8348,arithmetic,gsm8k_test_0933,train,remove,C0_exact,gsm8k_copy
pairs_arith_v2.csv,8349,arithmetic,gsm8k_test_0933,train,remove,C1_transformed,lmsys_rephrase
pairs_arith_v2.csv,8350,arithmetic,gsm8k_test_0933,train,remove,C2_answer_bearing,gsm8k_solution_frag
pairs_arith_v2.csv,8351,arithmetic,gsm8k_test_0933,train,retain,H2_same_template,gsmplus_numerical_substitution
pairs_arith_v2.csv,8352,arithmetic,gsm8k_test_0933,train,remove,C1_transformed,gsmplus_problem_understanding
pairs_arith_v2.csv,8353,arithmetic,gsm8k_test_0933,train,retain,H2_same_template,gsmplus_critical_thinking
pairs_arith_v2.csv,8354,arithmetic,gsm8k_test_0933,train,retain,H1_same_topic,svamp
pairs_arith_v2.csv,8355,arithmetic,gsm8k_test_0933,train,retain,H3_predating,asdiv
pairs_arith_v2.csv,8356,arithmetic,gsm8k_test_0933,train,retain,R_random,truthfulqa
pairs_arith_v2.csv,8375,arithmetic,gsm8k_test_0936,train,remove,C0_exact,gsm8k_copy
pairs_arith_v2.csv,8376,arithmetic,gsm8k_test_0936,train,remove,C1_transformed,lmsys_rephrase
pairs_arith_v2.csv,8377,arithmetic,gsm8k_test_0936,train,remove,C2_answer_bearing,gsm8k_solution_frag
pairs_arith_v2.csv,8378,arithmetic,gsm8k_test_0936,train,retain,H2_same_template,gsmplus_numerical_substitution
pairs_arith_v2.csv,8379,arithmetic,gsm8k_test_0936,train,remove,C1_transformed,gsmplus_problem_understanding
pairs_arith_v2.csv,8380,arithmetic,gsm8k_test_0936,train,retain,H2_same_template,gsmplus_critical_thinking
pairs_arith_v2.csv,8381,arithmetic,gsm8k_test_0936,train,retain,H1_same_topic,svamp
pairs_arith_v2.csv,8382,arithmetic,gsm8k_test_0936,train,retain,H3_predating,asdiv
pairs_arith_v2.csv,8383,arithmetic,gsm8k_test_0936,train,retain,R_random,truthfulqa
pairs_arith_v2.csv,8384,arithmetic,gsm8k_test_0937,train,remove,C0_exact,gsm8k_copy
pairs_arith_v2.csv,8385,arithmetic,gsm8k_test_0937,train,remove,C1_transformed,lmsys_rephrase
pairs_arith_v2.csv,8386,arithmetic,gsm8k_test_0937,train,remove,C2_answer_bearing,gsm8k_solution_frag
pairs_arith_v2.csv,8387,arithmetic,gsm8k_test_0937,train,retain,H2_same_template,gsmplus_numerical_substitution
pairs_arith_v2.csv,8388,arithmetic,gsm8k_test_0937,train,remove,C1_transformed,gsmplus_problem_understanding
pairs_arith_v2.csv,8389,arithmetic,gsm8k_test_0937,train,retain,H2_same_template,gsmplus_critical_thinking
pairs_arith_v2.csv,8390,arithmetic,gsm8k_test_0937,train,retain,H1_same_topic,svamp
pairs_arith_v2.csv,8391,arithmetic,gsm8k_test_0937,train,retain,H3_predating,asdiv
pairs_arith_v2.csv,8392,arithmetic,gsm8k_test_0937,train,retain,R_random,truthfulqa
pairs_arith_v2.csv,8447,arithmetic,gsm8k_test_0944,train,remove,C0_exact,gsm8k_copy
pairs_arith_v2.csv,8448,arithmetic,gsm8k_test_0944,train,remove,C1_transformed,lmsys_rephrase
pairs_arith_v2.csv,8449,arithmetic,gsm8k_test_0944,train,remove,C2_answer_bearing,gsm8k_solution_frag
pairs_arith_v2.csv,8450,arithmetic,gsm8k_test_0944,train,retain,H2_same_template,gsmplus_numerical_substitution
pairs_arith_v2.csv,8451,arithmetic,gsm8k_test_0944,train,remove,C1_transformed,gsmplus_problem_understanding
pairs_arith_v2.csv,8452,arithmetic,gsm8k_test_0944,train,retain,H2_same_template,gsmplus_critical_thinking
pairs_arith_v2.csv,8453,arithmetic,gsm8k_test_0944,train,retain,H1_same_topic,svamp
pairs_arith_v2.csv,8454,arithmetic,gsm8k_test_0944,train,retain,H3_predating,asdiv
pairs_arith_v2.csv,8455,arithmetic,gsm8k_test_0944,train,retain,R_random,truthfulqa
pairs_arith_v2.csv,8465,arithmetic,gsm8k_test_0946,train,remove,C0_exact,gsm8k_copy
pairs_arith_v2.csv,8466,arithmetic,gsm8k_test_0946,train,remove,C1_transformed,lmsys_rephrase
pairs_arith_v2.csv,8467,arithmetic,gsm8k_test_0946,train,remove,C2_answer_bearing,gsm8k_solution_frag
pairs_arith_v2.csv,8468,arithmetic,gsm8k_test_0946,train,remove,C1_transformed,gsmplus_problem_understanding
pairs_arith_v2.csv,8469,arithmetic,gsm8k_test_0946,train,retain,H2_same_template,gsmplus_critical_thinking
pairs_arith_v2.csv,8470,arithmetic,gsm8k_test_0946,train,retain,H1_same_topic,svamp
pairs_arith_v2.csv,8471,arithmetic,gsm8k_test_0946,train,retain,H3_predating,asdiv
pairs_arith_v2.csv,8472,arithmetic,gsm8k_test_0946,train,retain,R_random,truthfulqa
pairs_arith_v2.csv,8473,arithmetic,gsm8k_test_0947,train,remove,C0_exact,gsm8k_copy
pairs_arith_v2.csv,8474,arithmetic,gsm8k_test_0947,train,remove,C1_transformed,lmsys_rephrase
pairs_arith_v2.csv,8475,arithmetic,gsm8k_test_0947,train,remove,C2_answer_bearing,gsm8k_solution_frag
pairs_arith_v2.csv,8476,arithmetic,gsm8k_test_0947,train,retain,H2_same_template,gsmplus_numerical_substitution
pairs_arith_v2.csv,8477,arithmetic,gsm8k_test_0947,train,remove,C1_transformed,gsmplus_problem_understanding
pairs_arith_v2.csv,8478,arithmetic,gsm8k_test_0947,train,retain,H2_same_template,gsmplus_critical_thinking
pairs_arith_v2.csv,8479,arithmetic,gsm8k_test_0947,train,retain,H1_same_topic,svamp
pairs_arith_v2.csv,8480,arithmetic,gsm8k_test_0947,train,retain,H3_predating,asdiv
pairs_arith_v2.csv,8481,arithmetic,gsm8k_test_0947,train,retain,R_random,truthfulqa
pairs_arith_v2.csv,8491,arithmetic,gsm8k_test_0949,train,remove,C0_exact,gsm8k_copy
pairs_arith_v2.csv,8492,arithmetic,gsm8k_test_0949,train,remove,C1_transformed,lmsys_rephrase
pairs_arith_v2.csv,8493,arithmetic,gsm8k_test_0949,train,remove,C2_answer_bearing,gsm8k_solution_frag
pairs_arith_v2.csv,8494,arithmetic,gsm8k_test_0949,train,retain,H2_same_template,gsmplus_numerical_substitution
pairs_arith_v2.csv,8495,arithmetic,gsm8k_test_0949,train,remove,C1_transformed,gsmplus_problem_understanding
pairs_arith_v2.csv,8496,arithmetic,gsm8k_test_0949,train,retain,H2_same_template,gsmplus_critical_thinking
pairs_arith_v2.csv,8497,arithmetic,gsm8k_test_0949,train,retain,H1_same_topic,svamp
pairs_arith_v2.csv,8498,arithmetic,gsm8k_test_0949,train,retain,H3_predating,asdiv
pairs_arith_v2.csv,8499,arithmetic,gsm8k_test_0949,train,retain,R_random,truthfulqa
pairs_arith_v2.csv,8500,arithmetic,gsm8k_test_0950,train,remove,C0_exact,gsm8k_copy
pairs_arith_v2.csv,8501,arithmetic,gsm8k_test_0950,train,remove,C1_transformed,lmsys_rephrase
pairs_arith_v2.csv,8502,arithmetic,gsm8k_test_0950,train,remove,C2_answer_bearing,gsm8k_solution_frag
pairs_arith_v2.csv,8503,arithmetic,gsm8k_test_0950,train,retain,H2_same_template,gsmplus_numerical_substitution
pairs_arith_v2.csv,8504,arithmetic,gsm8k_test_0950,train,remove,C1_transformed,gsmplus_problem_understanding
pairs_arith_v2.csv,8505,arithmetic,gsm8k_test_0950,train,retain,H2_same_template,gsmplus_critical_thinking
pairs_arith_v2.csv,8506,arithmetic,gsm8k_test_0950,train,retain,H1_same_topic,svamp
pairs_arith_v2.csv,8507,arithmetic,gsm8k_test_0950,train,retain,H3_predating,asdiv
pairs_arith_v2.csv,8508,arithmetic,gsm8k_test_0950,train,retain,R_random,truthfulqa
pairs_arith_v2.csv,8536,arithmetic,gsm8k_test_0954,train,remove,C0_exact,gsm8k_copy
pairs_arith_v2.csv,8537,arithmetic,gsm8k_test_0954,train,remove,C1_transformed,lmsys_rephrase
pairs_arith_v2.csv,8538,arithmetic,gsm8k_test_0954,train,remove,C2_answer_bearing,gsm8k_solution_frag
pairs_arith_v2.csv,8539,arithmetic,gsm8k_test_0954,train,retain,H2_same_template,gsmplus_numerical_substitution
pairs_arith_v2.csv,8540,arithmetic,gsm8k_test_0954,train,remove,C1_transformed,gsmplus_problem_understanding
pairs_arith_v2.csv,8541,arithmetic,gsm8k_test_0954,train,retain,H2_same_template,gsmplus_critical_thinking
pairs_arith_v2.csv,8542,arithmetic,gsm8k_test_0954,train,retain,H1_same_topic,svamp
pairs_arith_v2.csv,8543,arithmetic,gsm8k_test_0954,train,retain,H3_predating,asdiv
pairs_arith_v2.csv,8544,arithmetic,gsm8k_test_0954,train,retain,R_random,truthfulqa
pairs_arith_v2.csv,8545,arithmetic,gsm8k_test_0955,train,remove,C0_exact,gsm8k_copy
pairs_arith_v2.csv,8546,arithmetic,gsm8k_test_0955,train,remove,C1_transformed,lmsys_rephrase
pairs_arith_v2.csv,8547,arithmetic,gsm8k_test_0955,train,remove,C2_answer_bearing,gsm8k_solution_frag
pairs_arith_v2.csv,8548,arithmetic,gsm8k_test_0955,train,retain,H2_same_template,gsmplus_numerical_substitution
pairs_arith_v2.csv,8549,arithmetic,gsm8k_test_0955,train,remove,C1_transformed,gsmplus_problem_understanding
pairs_arith_v2.csv,8550,arithmetic,gsm8k_test_0955,train,retain,H2_same_template,gsmplus_critical_thinking
pairs_arith_v2.csv,8551,arithmetic,gsm8k_test_0955,train,retain,H1_same_topic,svamp
pairs_arith_v2.csv,8552,arithmetic,gsm8k_test_0955,train,retain,H3_predating,asdiv
pairs_arith_v2.csv,8553,arithmetic,gsm8k_test_0955,train,retain,R_random,truthfulqa
pairs_arith_v2.csv,8581,arithmetic,gsm8k_test_0959,train,remove,C0_exact,gsm8k_copy
pairs_arith_v2.csv,8582,arithmetic,gsm8k_test_0959,train,remove,C1_transformed,lmsys_rephrase
pairs_arith_v2.csv,8583,arithmetic,gsm8k_test_0959,train,remove,C2_answer_bearing,gsm8k_solution_frag
pairs_arith_v2.csv,8584,arithmetic,gsm8k_test_0959,train,retain,H2_same_template,gsmplus_numerical_substitution
pairs_arith_v2.csv,8585,arithmetic,gsm8k_test_0959,train,remove,C1_transformed,gsmplus_problem_understanding
pairs_arith_v2.csv,8586,arithmetic,gsm8k_test_0959,train,retain,H2_same_template,gsmplus_critical_thinking
pairs_arith_v2.csv,8587,arithmetic,gsm8k_test_0959,train,retain,H1_same_topic,svamp
pairs_arith_v2.csv,8588,arithmetic,gsm8k_test_0959,train,retain,H3_predating,asdiv
pairs_arith_v2.csv,8589,arithmetic,gsm8k_test_0959,train,retain,R_random,truthfulqa
pairs_arith_v2.csv,8608,arithmetic,gsm8k_test_0962,train,remove,C0_exact,gsm8k_copy
pairs_arith_v2.csv,8609,arithmetic,gsm8k_test_0962,train,remove,C1_transformed,lmsys_rephrase
pairs_arith_v2.csv,8610,arithmetic,gsm8k_test_0962,train,remove,C2_answer_bearing,gsm8k_solution_frag
pairs_arith_v2.csv,8611,arithmetic,gsm8k_test_0962,train,retain,H2_same_template,gsmplus_numerical_substitution
pairs_arith_v2.csv,8612,arithmetic,gsm8k_test_0962,train,remove,C1_transformed,gsmplus_problem_understanding
pairs_arith_v2.csv,8613,arithmetic,gsm8k_test_0962,train,retain,H2_same_template,gsmplus_critical_thinking
pairs_arith_v2.csv,8614,arithmetic,gsm8k_test_0962,train,retain,H1_same_topic,svamp
pairs_arith_v2.csv,8615,arithmetic,gsm8k_test_0962,train,retain,H3_predating,asdiv
pairs_arith_v2.csv,8616,arithmetic,gsm8k_test_0962,train,retain,R_random,truthfulqa
pairs_arith_v2.csv,8653,arithmetic,gsm8k_test_0967,train,remove,C0_exact,gsm8k_copy
pairs_arith_v2.csv,8654,arithmetic,gsm8k_test_0967,train,remove,C1_transformed,lmsys_rephrase
pairs_arith_v2.csv,8655,arithmetic,gsm8k_test_0967,train,remove,C2_answer_bearing,gsm8k_solution_frag
pairs_arith_v2.csv,8656,arithmetic,gsm8k_test_0967,train,retain,H2_same_template,gsmplus_numerical_substitution
pairs_arith_v2.csv,8657,arithmetic,gsm8k_test_0967,train,remove,C1_transformed,gsmplus_problem_understanding
pairs_arith_v2.csv,8658,arithmetic,gsm8k_test_0967,train,retain,H2_same_template,gsmplus_critical_thinking
pairs_arith_v2.csv,8659,arithmetic,gsm8k_test_0967,train,retain,H1_same_topic,svamp
pairs_arith_v2.csv,8660,arithmetic,gsm8k_test_0967,train,retain,H3_predating,asdiv
pairs_arith_v2.csv,8661,arithmetic,gsm8k_test_0967,train,retain,R_random,truthfulqa
pairs_arith_v2.csv,8662,arithmetic,gsm8k_test_0968,train,remove,C0_exact,gsm8k_copy
pairs_arith_v2.csv,8663,arithmetic,gsm8k_test_0968,train,remove,C1_transformed,lmsys_rephrase
pairs_arith_v2.csv,8664,arithmetic,gsm8k_test_0968,train,remove,C2_answer_bearing,gsm8k_solution_frag
pairs_arith_v2.csv,8665,arithmetic,gsm8k_test_0968,train,retain,H2_same_template,gsmplus_numerical_substitution
pairs_arith_v2.csv,8666,arithmetic,gsm8k_test_0968,train,remove,C1_transformed,gsmplus_problem_understanding
pairs_arith_v2.csv,8667,arithmetic,gsm8k_test_0968,train,retain,H2_same_template,gsmplus_critical_thinking
pairs_arith_v2.csv,8668,arithmetic,gsm8k_test_0968,train,retain,H1_same_topic,svamp
pairs_arith_v2.csv,8669,arithmetic,gsm8k_test_0968,train,retain,H3_predating,asdiv
pairs_arith_v2.csv,8670,arithmetic,gsm8k_test_0968,train,retain,R_random,truthfulqa
pairs_arith_v2.csv,8689,arithmetic,gsm8k_test_0971,train,remove,C0_exact,gsm8k_copy
pairs_arith_v2.csv,8690,arithmetic,gsm8k_test_0971,train,remove,C1_transformed,lmsys_rephrase
pairs_arith_v2.csv,8691,arithmetic,gsm8k_test_0971,train,remove,C2_answer_bearing,gsm8k_solution_frag
pairs_arith_v2.csv,8692,arithmetic,gsm8k_test_0971,train,retain,H2_same_template,gsmplus_numerical_substitution
pairs_arith_v2.csv,8693,arithmetic,gsm8k_test_0971,train,remove,C1_transformed,gsmplus_problem_understanding
pairs_arith_v2.csv,8694,arithmetic,gsm8k_test_0971,train,retain,H2_same_template,gsmplus_critical_thinking
pairs_arith_v2.csv,8695,arithmetic,gsm8k_test_0971,train,retain,H1_same_topic,svamp
pairs_arith_v2.csv,8696,arithmetic,gsm8k_test_0971,train,retain,H3_predating,asdiv
pairs_arith_v2.csv,8697,arithmetic,gsm8k_test_0971,train,retain,R_random,truthfulqa
pairs_arith_v2.csv,8716,arithmetic,gsm8k_test_0974,train,remove,C0_exact,gsm8k_copy
pairs_arith_v2.csv,8717,arithmetic,gsm8k_test_0974,train,remove,C1_transformed,lmsys_rephrase
pairs_arith_v2.csv,8718,arithmetic,gsm8k_test_0974,train,remove,C2_answer_bearing,gsm8k_solution_frag
pairs_arith_v2.csv,8719,arithmetic,gsm8k_test_0974,train,remove,C1_transformed,gsmplus_problem_understanding
pairs_arith_v2.csv,8720,arithmetic,gsm8k_test_0974,train,retain,H2_same_template,gsmplus_critical_thinking
pairs_arith_v2.csv,8721,arithmetic,gsm8k_test_0974,train,retain,H1_same_topic,svamp
pairs_arith_v2.csv,8722,arithmetic,gsm8k_test_0974,train,retain,H3_predating,asdiv
pairs_arith_v2.csv,8723,arithmetic,gsm8k_test_0974,train,retain,R_random,truthfulqa
pairs_arith_v2.csv,8724,arithmetic,gsm8k_test_0975,train,remove,C0_exact,gsm8k_copy
pairs_arith_v2.csv,8725,arithmetic,gsm8k_test_0975,train,remove,C1_transformed,lmsys_rephrase
pairs_arith_v2.csv,8726,arithmetic,gsm8k_test_0975,train,remove,C2_answer_bearing,gsm8k_solution_frag
pairs_arith_v2.csv,8727,arithmetic,gsm8k_test_0975,train,remove,C1_transformed,gsmplus_problem_understanding
pairs_arith_v2.csv,8728,arithmetic,gsm8k_test_0975,train,retain,H2_same_template,gsmplus_critical_thinking
pairs_arith_v2.csv,8729,arithmetic,gsm8k_test_0975,train,retain,H1_same_topic,svamp
pairs_arith_v2.csv,8730,arithmetic,gsm8k_test_0975,train,retain,H3_predating,asdiv
pairs_arith_v2.csv,8731,arithmetic,gsm8k_test_0975,train,retain,R_random,truthfulqa
pairs_arith_v2.csv,8750,arithmetic,gsm8k_test_0978,train,remove,C0_exact,gsm8k_copy
pairs_arith_v2.csv,8751,arithmetic,gsm8k_test_0978,train,remove,C1_transformed,lmsys_rephrase
pairs_arith_v2.csv,8752,arithmetic,gsm8k_test_0978,train,remove,C2_answer_bearing,gsm8k_solution_frag
pairs_arith_v2.csv,8753,arithmetic,gsm8k_test_0978,train,retain,H2_same_template,gsmplus_numerical_substitution
pairs_arith_v2.csv,8754,arithmetic,gsm8k_test_0978,train,remove,C1_transformed,gsmplus_problem_understanding
pairs_arith_v2.csv,8755,arithmetic,gsm8k_test_0978,train,retain,H2_same_template,gsmplus_critical_thinking
pairs_arith_v2.csv,8756,arithmetic,gsm8k_test_0978,train,retain,H1_same_topic,svamp
pairs_arith_v2.csv,8757,arithmetic,gsm8k_test_0978,train,retain,H3_predating,asdiv
pairs_arith_v2.csv,8758,arithmetic,gsm8k_test_0978,train,retain,R_random,truthfulqa
pairs_arith_v2.csv,8777,arithmetic,gsm8k_test_0981,train,remove,C0_exact,gsm8k_copy
pairs_arith_v2.csv,8778,arithmetic,gsm8k_test_0981,train,remove,C1_transformed,lmsys_rephrase
pairs_arith_v2.csv,8779,arithmetic,gsm8k_test_0981,train,remove,C2_answer_bearing,gsm8k_solution_frag
pairs_arith_v2.csv,8780,arithmetic,gsm8k_test_0981,train,retain,H2_same_template,gsmplus_numerical_substitution
pairs_arith_v2.csv,8781,arithmetic,gsm8k_test_0981,train,remove,C1_transformed,gsmplus_problem_understanding
pairs_arith_v2.csv,8782,arithmetic,gsm8k_test_0981,train,retain,H2_same_template,gsmplus_critical_thinking
pairs_arith_v2.csv,8783,arithmetic,gsm8k_test_0981,train,retain,H1_same_topic,svamp
pairs_arith_v2.csv,8784,arithmetic,gsm8k_test_0981,train,retain,H3_predating,asdiv
pairs_arith_v2.csv,8785,arithmetic,gsm8k_test_0981,train,retain,R_random,truthfulqa
pairs_arith_v2.csv,8839,arithmetic,gsm8k_test_0988,train,remove,C0_exact,gsm8k_copy
pairs_arith_v2.csv,8840,arithmetic,gsm8k_test_0988,train,remove,C1_transformed,lmsys_rephrase
pairs_arith_v2.csv,8841,arithmetic,gsm8k_test_0988,train,remove,C2_answer_bearing,gsm8k_solution_frag
pairs_arith_v2.csv,8842,arithmetic,gsm8k_test_0988,train,retain,H2_same_template,gsmplus_numerical_substitution
pairs_arith_v2.csv,8843,arithmetic,gsm8k_test_0988,train,remove,C1_transformed,gsmplus_problem_understanding
pairs_arith_v2.csv,8844,arithmetic,gsm8k_test_0988,train,retain,H2_same_template,gsmplus_critical_thinking
pairs_arith_v2.csv,8845,arithmetic,gsm8k_test_0988,train,retain,H1_same_topic,svamp
pairs_arith_v2.csv,8846,arithmetic,gsm8k_test_0988,train,retain,H3_predating,asdiv
pairs_arith_v2.csv,8847,arithmetic,gsm8k_test_0988,train,retain,R_random,truthfulqa
pairs_arith_v2.csv,8848,arithmetic,gsm8k_test_0989,train,remove,C0_exact,gsm8k_copy
pairs_arith_v2.csv,8849,arithmetic,gsm8k_test_0989,train,remove,C1_transformed,lmsys_rephrase
pairs_arith_v2.csv,8850,arithmetic,gsm8k_test_0989,train,remove,C2_answer_bearing,gsm8k_solution_frag
pairs_arith_v2.csv,8851,arithmetic,gsm8k_test_0989,train,retain,H2_same_template,gsmplus_numerical_substitution
pairs_arith_v2.csv,8852,arithmetic,gsm8k_test_0989,train,remove,C1_transformed,gsmplus_problem_understanding
pairs_arith_v2.csv,8853,arithmetic,gsm8k_test_0989,train,retain,H2_same_template,gsmplus_critical_thinking
pairs_arith_v2.csv,8854,arithmetic,gsm8k_test_0989,train,retain,H1_same_topic,svamp
pairs_arith_v2.csv,8855,arithmetic,gsm8k_test_0989,train,retain,H3_predating,asdiv
pairs_arith_v2.csv,8856,arithmetic,gsm8k_test_0989,train,retain,R_random,truthfulqa
pairs_arith_v2.csv,8866,arithmetic,gsm8k_test_0991,train,remove,C0_exact,gsm8k_copy
pairs_arith_v2.csv,8867,arithmetic,gsm8k_test_0991,train,remove,C1_transformed,lmsys_rephrase
pairs_arith_v2.csv,8868,arithmetic,gsm8k_test_0991,train,remove,C2_answer_bearing,gsm8k_solution_frag
pairs_arith_v2.csv,8869,arithmetic,gsm8k_test_0991,train,retain,H2_same_template,gsmplus_numerical_substitution
pairs_arith_v2.csv,8870,arithmetic,gsm8k_test_0991,train,remove,C1_transformed,gsmplus_problem_understanding
pairs_arith_v2.csv,8871,arithmetic,gsm8k_test_0991,train,retain,H2_same_template,gsmplus_critical_thinking
pairs_arith_v2.csv,8872,arithmetic,gsm8k_test_0991,train,retain,H1_same_topic,svamp
pairs_arith_v2.csv,8873,arithmetic,gsm8k_test_0991,train,retain,H3_predating,asdiv
pairs_arith_v2.csv,8874,arithmetic,gsm8k_test_0991,train,retain,R_random,truthfulqa
pairs_arith_v2.csv,8875,arithmetic,gsm8k_test_0992,train,remove,C0_exact,gsm8k_copy
pairs_arith_v2.csv,8876,arithmetic,gsm8k_test_0992,train,remove,C1_transformed,lmsys_rephrase
pairs_arith_v2.csv,8877,arithmetic,gsm8k_test_0992,train,remove,C2_answer_bearing,gsm8k_solution_frag
pairs_arith_v2.csv,8878,arithmetic,gsm8k_test_0992,train,retain,H2_same_template,gsmplus_numerical_substitution
pairs_arith_v2.csv,8879,arithmetic,gsm8k_test_0992,train,remove,C1_transformed,gsmplus_problem_understanding
pairs_arith_v2.csv,8880,arithmetic,gsm8k_test_0992,train,retain,H2_same_template,gsmplus_critical_thinking
pairs_arith_v2.csv,8881,arithmetic,gsm8k_test_0992,train,retain,H1_same_topic,svamp
pairs_arith_v2.csv,8882,arithmetic,gsm8k_test_0992,train,retain,H3_predating,asdiv
pairs_arith_v2.csv,8883,arithmetic,gsm8k_test_0992,train,retain,R_random,truthfulqa
pairs_arith_v2.csv,8937,arithmetic,gsm8k_test_0999,train,remove,C0_exact,gsm8k_copy
pairs_arith_v2.csv,8938,arithmetic,gsm8k_test_0999,train,remove,C1_transformed,lmsys_rephrase
pairs_arith_v2.csv,8939,arithmetic,gsm8k_test_0999,train,remove,C2_answer_bearing,gsm8k_solution_frag
pairs_arith_v2.csv,8940,arithmetic,gsm8k_test_0999,train,retain,H2_same_template,gsmplus_numerical_substitution
pairs_arith_v2.csv,8941,arithmetic,gsm8k_test_0999,train,remove,C1_transformed,gsmplus_problem_understanding
pairs_arith_v2.csv,8942,arithmetic,gsm8k_test_0999,train,retain,H2_same_template,gsmplus_critical_thinking
pairs_arith_v2.csv,8943,arithmetic,gsm8k_test_0999,train,retain,H1_same_topic,svamp
pairs_arith_v2.csv,8944,arithmetic,gsm8k_test_0999,train,retain,H3_predating,asdiv
pairs_arith_v2.csv,8945,arithmetic,gsm8k_test_0999,train,retain,R_random,truthfulqa
pairs_arith_v2.csv,8964,arithmetic,gsm8k_test_1002,train,remove,C0_exact,gsm8k_copy
pairs_arith_v2.csv,8965,arithmetic,gsm8k_test_1002,train,remove,C1_transformed,lmsys_rephrase
pairs_arith_v2.csv,8966,arithmetic,gsm8k_test_1002,train,remove,C2_answer_bearing,gsm8k_solution_frag
pairs_arith_v2.csv,8967,arithmetic,gsm8k_test_1002,train,remove,C1_transformed,gsmplus_problem_understanding
pairs_arith_v2.csv,8968,arithmetic,gsm8k_test_1002,train,retain,H2_same_template,gsmplus_critical_thinking
pairs_arith_v2.csv,8969,arithmetic,gsm8k_test_1002,train,retain,H1_same_topic,svamp
pairs_arith_v2.csv,8970,arithmetic,gsm8k_test_1002,train,retain,H3_predating,asdiv
pairs_arith_v2.csv,8971,arithmetic,gsm8k_test_1002,train,retain,R_random,truthfulqa
pairs_arith_v2.csv,8981,arithmetic,gsm8k_test_1004,train,remove,C0_exact,gsm8k_copy
pairs_arith_v2.csv,8982,arithmetic,gsm8k_test_1004,train,remove,C1_transformed,lmsys_rephrase
pairs_arith_v2.csv,8983,arithmetic,gsm8k_test_1004,train,remove,C2_answer_bearing,gsm8k_solution_frag
pairs_arith_v2.csv,8984,arithmetic,gsm8k_test_1004,train,retain,H2_same_template,gsmplus_numerical_substitution
pairs_arith_v2.csv,8985,arithmetic,gsm8k_test_1004,train,remove,C1_transformed,gsmplus_problem_understanding
pairs_arith_v2.csv,8986,arithmetic,gsm8k_test_1004,train,retain,H2_same_template,gsmplus_critical_thinking
pairs_arith_v2.csv,8987,arithmetic,gsm8k_test_1004,train,retain,H1_same_topic,svamp
pairs_arith_v2.csv,8988,arithmetic,gsm8k_test_1004,train,retain,H3_predating,asdiv
pairs_arith_v2.csv,8989,arithmetic,gsm8k_test_1004,train,retain,R_random,truthfulqa
pairs_arith_v2.csv,9008,arithmetic,gsm8k_test_1007,train,remove,C0_exact,gsm8k_copy
pairs_arith_v2.csv,9009,arithmetic,gsm8k_test_1007,train,remove,C1_transformed,lmsys_rephrase
pairs_arith_v2.csv,9010,arithmetic,gsm8k_test_1007,train,remove,C2_answer_bearing,gsm8k_solution_frag
pairs_arith_v2.csv,9011,arithmetic,gsm8k_test_1007,train,retain,H2_same_template,gsmplus_numerical_substitution
pairs_arith_v2.csv,9012,arithmetic,gsm8k_test_1007,train,remove,C1_transformed,gsmplus_problem_understanding
pairs_arith_v2.csv,9013,arithmetic,gsm8k_test_1007,train,retain,H2_same_template,gsmplus_critical_thinking
pairs_arith_v2.csv,9014,arithmetic,gsm8k_test_1007,train,retain,H1_same_topic,svamp
pairs_arith_v2.csv,9015,arithmetic,gsm8k_test_1007,train,retain,H3_predating,asdiv
pairs_arith_v2.csv,9016,arithmetic,gsm8k_test_1007,train,retain,R_random,truthfulqa
pairs_arith_v2.csv,9035,arithmetic,gsm8k_test_1010,train,remove,C0_exact,gsm8k_copy
pairs_arith_v2.csv,9036,arithmetic,gsm8k_test_1010,train,remove,C1_transformed,lmsys_rephrase
pairs_arith_v2.csv,9037,arithmetic,gsm8k_test_1010,train,remove,C2_answer_bearing,gsm8k_solution_frag
pairs_arith_v2.csv,9038,arithmetic,gsm8k_test_1010,train,retain,H2_same_template,gsmplus_numerical_substitution
pairs_arith_v2.csv,9039,arithmetic,gsm8k_test_1010,train,remove,C1_transformed,gsmplus_problem_understanding
pairs_arith_v2.csv,9040,arithmetic,gsm8k_test_1010,train,retain,H2_same_template,gsmplus_critical_thinking
pairs_arith_v2.csv,9041,arithmetic,gsm8k_test_1010,train,retain,H1_same_topic,svamp
pairs_arith_v2.csv,9042,arithmetic,gsm8k_test_1010,train,retain,H3_predating,asdiv
pairs_arith_v2.csv,9043,arithmetic,gsm8k_test_1010,train,retain,R_random,truthfulqa
pairs_arith_v2.csv,9044,arithmetic,gsm8k_test_1011,train,remove,C0_exact,gsm8k_copy
pairs_arith_v2.csv,9045,arithmetic,gsm8k_test_1011,train,remove,C1_transformed,lmsys_rephrase
pairs_arith_v2.csv,9046,arithmetic,gsm8k_test_1011,train,remove,C2_answer_bearing,gsm8k_solution_frag
pairs_arith_v2.csv,9047,arithmetic,gsm8k_test_1011,train,retain,H2_same_template,gsmplus_numerical_substitution
pairs_arith_v2.csv,9048,arithmetic,gsm8k_test_1011,train,remove,C1_transformed,gsmplus_problem_understanding
pairs_arith_v2.csv,9049,arithmetic,gsm8k_test_1011,train,retain,H2_same_template,gsmplus_critical_thinking
pairs_arith_v2.csv,9050,arithmetic,gsm8k_test_1011,train,retain,H1_same_topic,svamp
pairs_arith_v2.csv,9051,arithmetic,gsm8k_test_1011,train,retain,H3_predating,asdiv
pairs_arith_v2.csv,9052,arithmetic,gsm8k_test_1011,train,retain,R_random,truthfulqa
pairs_arith_v2.csv,9053,arithmetic,gsm8k_test_1012,train,remove,C0_exact,gsm8k_copy
pairs_arith_v2.csv,9054,arithmetic,gsm8k_test_1012,train,remove,C1_transformed,lmsys_rephrase
pairs_arith_v2.csv,9055,arithmetic,gsm8k_test_1012,train,remove,C2_answer_bearing,gsm8k_solution_frag
pairs_arith_v2.csv,9056,arithmetic,gsm8k_test_1012,train,retain,H2_same_template,gsmplus_numerical_substitution
pairs_arith_v2.csv,9057,arithmetic,gsm8k_test_1012,train,remove,C1_transformed,gsmplus_problem_understanding
pairs_arith_v2.csv,9058,arithmetic,gsm8k_test_1012,train,retain,H2_same_template,gsmplus_critical_thinking
pairs_arith_v2.csv,9059,arithmetic,gsm8k_test_1012,train,retain,H1_same_topic,svamp
pairs_arith_v2.csv,9060,arithmetic,gsm8k_test_1012,train,retain,H3_predating,asdiv
pairs_arith_v2.csv,9061,arithmetic,gsm8k_test_1012,train,retain,R_random,truthfulqa
pairs_arith_v2.csv,9098,arithmetic,gsm8k_test_1017,train,remove,C0_exact,gsm8k_copy
pairs_arith_v2.csv,9099,arithmetic,gsm8k_test_1017,train,remove,C1_transformed,lmsys_rephrase
pairs_arith_v2.csv,9100,arithmetic,gsm8k_test_1017,train,remove,C2_answer_bearing,gsm8k_solution_frag
pairs_arith_v2.csv,9101,arithmetic,gsm8k_test_1017,train,retain,H2_same_template,gsmplus_numerical_substitution
pairs_arith_v2.csv,9102,arithmetic,gsm8k_test_1017,train,remove,C1_transformed,gsmplus_problem_understanding
pairs_arith_v2.csv,9103,arithmetic,gsm8k_test_1017,train,retain,H2_same_template,gsmplus_critical_thinking
pairs_arith_v2.csv,9104,arithmetic,gsm8k_test_1017,train,retain,H1_same_topic,svamp
pairs_arith_v2.csv,9105,arithmetic,gsm8k_test_1017,train,retain,H3_predating,asdiv
pairs_arith_v2.csv,9106,arithmetic,gsm8k_test_1017,train,retain,R_random,truthfulqa
pairs_arith_v2.csv,9161,arithmetic,gsm8k_test_1024,train,remove,C0_exact,gsm8k_copy
pairs_arith_v2.csv,9162,arithmetic,gsm8k_test_1024,train,remove,C1_transformed,lmsys_rephrase
pairs_arith_v2.csv,9163,arithmetic,gsm8k_test_1024,train,remove,C2_answer_bearing,gsm8k_solution_frag
pairs_arith_v2.csv,9164,arithmetic,gsm8k_test_1024,train,retain,H2_same_template,gsmplus_numerical_substitution
pairs_arith_v2.csv,9165,arithmetic,gsm8k_test_1024,train,remove,C1_transformed,gsmplus_problem_understanding
pairs_arith_v2.csv,9166,arithmetic,gsm8k_test_1024,train,retain,H2_same_template,gsmplus_critical_thinking
pairs_arith_v2.csv,9167,arithmetic,gsm8k_test_1024,train,retain,H1_same_topic,svamp
pairs_arith_v2.csv,9168,arithmetic,gsm8k_test_1024,train,retain,H3_predating,asdiv
pairs_arith_v2.csv,9169,arithmetic,gsm8k_test_1024,train,retain,R_random,truthfulqa
pairs_arith_v2.csv,9170,arithmetic,gsm8k_test_1025,train,remove,C0_exact,gsm8k_copy
pairs_arith_v2.csv,9171,arithmetic,gsm8k_test_1025,train,remove,C1_transformed,lmsys_rephrase
pairs_arith_v2.csv,9172,arithmetic,gsm8k_test_1025,train,remove,C2_answer_bearing,gsm8k_solution_frag
pairs_arith_v2.csv,9173,arithmetic,gsm8k_test_1025,train,retain,H2_same_template,gsmplus_numerical_substitution
pairs_arith_v2.csv,9174,arithmetic,gsm8k_test_1025,train,remove,C1_transformed,gsmplus_problem_understanding
pairs_arith_v2.csv,9175,arithmetic,gsm8k_test_1025,train,retain,H2_same_template,gsmplus_critical_thinking
pairs_arith_v2.csv,9176,arithmetic,gsm8k_test_1025,train,retain,H1_same_topic,svamp
pairs_arith_v2.csv,9177,arithmetic,gsm8k_test_1025,train,retain,H3_predating,asdiv
pairs_arith_v2.csv,9178,arithmetic,gsm8k_test_1025,train,retain,R_random,truthfulqa
pairs_arith_v2.csv,9197,arithmetic,gsm8k_test_1028,train,remove,C0_exact,gsm8k_copy
pairs_arith_v2.csv,9198,arithmetic,gsm8k_test_1028,train,remove,C1_transformed,lmsys_rephrase
pairs_arith_v2.csv,9199,arithmetic,gsm8k_test_1028,train,remove,C2_answer_bearing,gsm8k_solution_frag
pairs_arith_v2.csv,9200,arithmetic,gsm8k_test_1028,train,retain,H2_same_template,gsmplus_numerical_substitution
pairs_arith_v2.csv,9201,arithmetic,gsm8k_test_1028,train,remove,C1_transformed,gsmplus_problem_understanding
pairs_arith_v2.csv,9202,arithmetic,gsm8k_test_1028,train,retain,H2_same_template,gsmplus_critical_thinking
pairs_arith_v2.csv,9203,arithmetic,gsm8k_test_1028,train,retain,H1_same_topic,svamp
pairs_arith_v2.csv,9204,arithmetic,gsm8k_test_1028,train,retain,H3_predating,asdiv
pairs_arith_v2.csv,9205,arithmetic,gsm8k_test_1028,train,retain,R_random,truthfulqa
pairs_arith_v2.csv,9233,arithmetic,gsm8k_test_1032,train,remove,C0_exact,gsm8k_copy
pairs_arith_v2.csv,9234,arithmetic,gsm8k_test_1032,train,remove,C1_transformed,lmsys_rephrase
pairs_arith_v2.csv,9235,arithmetic,gsm8k_test_1032,train,remove,C2_answer_bearing,gsm8k_solution_frag
pairs_arith_v2.csv,9236,arithmetic,gsm8k_test_1032,train,retain,H2_same_template,gsmplus_numerical_substitution
pairs_arith_v2.csv,9237,arithmetic,gsm8k_test_1032,train,remove,C1_transformed,gsmplus_problem_understanding
pairs_arith_v2.csv,9238,arithmetic,gsm8k_test_1032,train,retain,H2_same_template,gsmplus_critical_thinking
pairs_arith_v2.csv,9239,arithmetic,gsm8k_test_1032,train,retain,H1_same_topic,svamp
pairs_arith_v2.csv,9240,arithmetic,gsm8k_test_1032,train,retain,H3_predating,asdiv
pairs_arith_v2.csv,9241,arithmetic,gsm8k_test_1032,train,retain,R_random,truthfulqa
pairs_arith_v2.csv,9242,arithmetic,gsm8k_test_1033,train,remove,C0_exact,gsm8k_copy
pairs_arith_v2.csv,9243,arithmetic,gsm8k_test_1033,train,remove,C1_transformed,lmsys_rephrase
pairs_arith_v2.csv,9244,arithmetic,gsm8k_test_1033,train,remove,C2_answer_bearing,gsm8k_solution_frag
pairs_arith_v2.csv,9245,arithmetic,gsm8k_test_1033,train,retain,H2_same_template,gsmplus_numerical_substitution
pairs_arith_v2.csv,9246,arithmetic,gsm8k_test_1033,train,remove,C1_transformed,gsmplus_problem_understanding
pairs_arith_v2.csv,9247,arithmetic,gsm8k_test_1033,train,retain,H2_same_template,gsmplus_critical_thinking
pairs_arith_v2.csv,9248,arithmetic,gsm8k_test_1033,train,retain,H1_same_topic,svamp
pairs_arith_v2.csv,9249,arithmetic,gsm8k_test_1033,train,retain,H3_predating,asdiv
pairs_arith_v2.csv,9250,arithmetic,gsm8k_test_1033,train,retain,R_random,truthfulqa
pairs_arith_v2.csv,9251,arithmetic,gsm8k_test_1034,train,remove,C0_exact,gsm8k_copy
pairs_arith_v2.csv,9252,arithmetic,gsm8k_test_1034,train,remove,C1_transformed,lmsys_rephrase
pairs_arith_v2.csv,9253,arithmetic,gsm8k_test_1034,train,remove,C2_answer_bearing,gsm8k_solution_frag
pairs_arith_v2.csv,9254,arithmetic,gsm8k_test_1034,train,retain,H2_same_template,gsmplus_numerical_substitution
pairs_arith_v2.csv,9255,arithmetic,gsm8k_test_1034,train,remove,C1_transformed,gsmplus_problem_understanding
pairs_arith_v2.csv,9256,arithmetic,gsm8k_test_1034,train,retain,H2_same_template,gsmplus_critical_thinking
pairs_arith_v2.csv,9257,arithmetic,gsm8k_test_1034,train,retain,H1_same_topic,svamp
pairs_arith_v2.csv,9258,arithmetic,gsm8k_test_1034,train,retain,H3_predating,asdiv
pairs_arith_v2.csv,9259,arithmetic,gsm8k_test_1034,train,retain,R_random,truthfulqa
pairs_arith_v2.csv,9296,arithmetic,gsm8k_test_1039,train,remove,C0_exact,gsm8k_copy
pairs_arith_v2.csv,9297,arithmetic,gsm8k_test_1039,train,remove,C1_transformed,lmsys_rephrase
pairs_arith_v2.csv,9298,arithmetic,gsm8k_test_1039,train,remove,C2_answer_bearing,gsm8k_solution_frag
pairs_arith_v2.csv,9299,arithmetic,gsm8k_test_1039,train,retain,H2_same_template,gsmplus_numerical_substitution
pairs_arith_v2.csv,9300,arithmetic,gsm8k_test_1039,train,remove,C1_transformed,gsmplus_problem_understanding
pairs_arith_v2.csv,9301,arithmetic,gsm8k_test_1039,train,retain,H2_same_template,gsmplus_critical_thinking
pairs_arith_v2.csv,9302,arithmetic,gsm8k_test_1039,train,retain,H1_same_topic,svamp
pairs_arith_v2.csv,9303,arithmetic,gsm8k_test_1039,train,retain,H3_predating,asdiv
pairs_arith_v2.csv,9304,arithmetic,gsm8k_test_1039,train,retain,R_random,truthfulqa
pairs_arith_v2.csv,9332,arithmetic,gsm8k_test_1043,train,remove,C0_exact,gsm8k_copy
pairs_arith_v2.csv,9333,arithmetic,gsm8k_test_1043,train,remove,C1_transformed,lmsys_rephrase
pairs_arith_v2.csv,9334,arithmetic,gsm8k_test_1043,train,remove,C2_answer_bearing,gsm8k_solution_frag
pairs_arith_v2.csv,9335,arithmetic,gsm8k_test_1043,train,retain,H2_same_template,gsmplus_numerical_substitution
pairs_arith_v2.csv,9336,arithmetic,gsm8k_test_1043,train,remove,C1_transformed,gsmplus_problem_understanding
pairs_arith_v2.csv,9337,arithmetic,gsm8k_test_1043,train,retain,H2_same_template,gsmplus_critical_thinking
pairs_arith_v2.csv,9338,arithmetic,gsm8k_test_1043,train,retain,H1_same_topic,svamp
pairs_arith_v2.csv,9339,arithmetic,gsm8k_test_1043,train,retain,H3_predating,asdiv
pairs_arith_v2.csv,9340,arithmetic,gsm8k_test_1043,train,retain,R_random,truthfulqa
pairs_arith_v2.csv,9385,arithmetic,gsm8k_test_1049,train,remove,C0_exact,gsm8k_copy
pairs_arith_v2.csv,9386,arithmetic,gsm8k_test_1049,train,remove,C1_transformed,lmsys_rephrase
pairs_arith_v2.csv,9387,arithmetic,gsm8k_test_1049,train,remove,C2_answer_bearing,gsm8k_solution_frag
pairs_arith_v2.csv,9388,arithmetic,gsm8k_test_1049,train,retain,H2_same_template,gsmplus_numerical_substitution
pairs_arith_v2.csv,9389,arithmetic,gsm8k_test_1049,train,remove,C1_transformed,gsmplus_problem_understanding
pairs_arith_v2.csv,9390,arithmetic,gsm8k_test_1049,train,retain,H2_same_template,gsmplus_critical_thinking
pairs_arith_v2.csv,9391,arithmetic,gsm8k_test_1049,train,retain,H1_same_topic,svamp
pairs_arith_v2.csv,9392,arithmetic,gsm8k_test_1049,train,retain,H3_predating,asdiv
pairs_arith_v2.csv,9393,arithmetic,gsm8k_test_1049,train,retain,R_random,truthfulqa
pairs_arith_v2.csv,9421,arithmetic,gsm8k_test_1053,train,remove,C0_exact,gsm8k_copy
pairs_arith_v2.csv,9422,arithmetic,gsm8k_test_1053,train,remove,C1_transformed,lmsys_rephrase
pairs_arith_v2.csv,9423,arithmetic,gsm8k_test_1053,train,remove,C2_answer_bearing,gsm8k_solution_frag
pairs_arith_v2.csv,9424,arithmetic,gsm8k_test_1053,train,retain,H2_same_template,gsmplus_numerical_substitution
pairs_arith_v2.csv,9425,arithmetic,gsm8k_test_1053,train,remove,C1_transformed,gsmplus_problem_understanding
pairs_arith_v2.csv,9426,arithmetic,gsm8k_test_1053,train,retain,H2_same_template,gsmplus_critical_thinking
pairs_arith_v2.csv,9427,arithmetic,gsm8k_test_1053,train,retain,H1_same_topic,svamp
pairs_arith_v2.csv,9428,arithmetic,gsm8k_test_1053,train,retain,H3_predating,asdiv
pairs_arith_v2.csv,9429,arithmetic,gsm8k_test_1053,train,retain,R_random,truthfulqa
pairs_arith_v2.csv,9430,arithmetic,gsm8k_test_1054,train,remove,C0_exact,gsm8k_copy
pairs_arith_v2.csv,9431,arithmetic,gsm8k_test_1054,train,remove,C1_transformed,lmsys_rephrase
pairs_arith_v2.csv,9432,arithmetic,gsm8k_test_1054,train,remove,C2_answer_bearing,gsm8k_solution_frag
pairs_arith_v2.csv,9433,arithmetic,gsm8k_test_1054,train,retain,H2_same_template,gsmplus_numerical_substitution
pairs_arith_v2.csv,9434,arithmetic,gsm8k_test_1054,train,remove,C1_transformed,gsmplus_problem_understanding
pairs_arith_v2.csv,9435,arithmetic,gsm8k_test_1054,train,retain,H2_same_template,gsmplus_critical_thinking
pairs_arith_v2.csv,9436,arithmetic,gsm8k_test_1054,train,retain,H1_same_topic,svamp
pairs_arith_v2.csv,9437,arithmetic,gsm8k_test_1054,train,retain,H3_predating,asdiv
pairs_arith_v2.csv,9438,arithmetic,gsm8k_test_1054,train,retain,R_random,truthfulqa
pairs_arith_v2.csv,9456,arithmetic,gsm8k_test_1057,train,remove,C0_exact,gsm8k_copy
pairs_arith_v2.csv,9457,arithmetic,gsm8k_test_1057,train,remove,C1_transformed,lmsys_rephrase
pairs_arith_v2.csv,9458,arithmetic,gsm8k_test_1057,train,remove,C2_answer_bearing,gsm8k_solution_frag
pairs_arith_v2.csv,9459,arithmetic,gsm8k_test_1057,train,retain,H2_same_template,gsmplus_numerical_substitution
pairs_arith_v2.csv,9460,arithmetic,gsm8k_test_1057,train,remove,C1_transformed,gsmplus_problem_understanding
pairs_arith_v2.csv,9461,arithmetic,gsm8k_test_1057,train,retain,H2_same_template,gsmplus_critical_thinking
pairs_arith_v2.csv,9462,arithmetic,gsm8k_test_1057,train,retain,H1_same_topic,svamp
pairs_arith_v2.csv,9463,arithmetic,gsm8k_test_1057,train,retain,H3_predating,asdiv
pairs_arith_v2.csv,9464,arithmetic,gsm8k_test_1057,train,retain,R_random,truthfulqa
pairs_arith_v2.csv,9465,arithmetic,gsm8k_test_1058,train,remove,C0_exact,gsm8k_copy
pairs_arith_v2.csv,9466,arithmetic,gsm8k_test_1058,train,remove,C1_transformed,lmsys_rephrase
pairs_arith_v2.csv,9467,arithmetic,gsm8k_test_1058,train,remove,C2_answer_bearing,gsm8k_solution_frag
pairs_arith_v2.csv,9468,arithmetic,gsm8k_test_1058,train,retain,H2_same_template,gsmplus_numerical_substitution
pairs_arith_v2.csv,9469,arithmetic,gsm8k_test_1058,train,remove,C1_transformed,gsmplus_problem_understanding
pairs_arith_v2.csv,9470,arithmetic,gsm8k_test_1058,train,retain,H2_same_template,gsmplus_critical_thinking
pairs_arith_v2.csv,9471,arithmetic,gsm8k_test_1058,train,retain,H1_same_topic,svamp
pairs_arith_v2.csv,9472,arithmetic,gsm8k_test_1058,train,retain,H3_predating,asdiv
pairs_arith_v2.csv,9473,arithmetic,gsm8k_test_1058,train,retain,R_random,truthfulqa
pairs_arith_v2.csv,9491,arithmetic,gsm8k_test_1061,train,remove,C0_exact,gsm8k_copy
pairs_arith_v2.csv,9492,arithmetic,gsm8k_test_1061,train,remove,C1_transformed,lmsys_rephrase
pairs_arith_v2.csv,9493,arithmetic,gsm8k_test_1061,train,remove,C2_answer_bearing,gsm8k_solution_frag
pairs_arith_v2.csv,9494,arithmetic,gsm8k_test_1061,train,retain,H2_same_template,gsmplus_numerical_substitution
pairs_arith_v2.csv,9495,arithmetic,gsm8k_test_1061,train,remove,C1_transformed,gsmplus_problem_understanding
pairs_arith_v2.csv,9496,arithmetic,gsm8k_test_1061,train,retain,H2_same_template,gsmplus_critical_thinking
pairs_arith_v2.csv,9497,arithmetic,gsm8k_test_1061,train,retain,H1_same_topic,svamp
pairs_arith_v2.csv,9498,arithmetic,gsm8k_test_1061,train,retain,H3_predating,asdiv
pairs_arith_v2.csv,9499,arithmetic,gsm8k_test_1061,train,retain,R_random,truthfulqa
pairs_arith_v2.csv,9536,arithmetic,gsm8k_test_1066,train,remove,C0_exact,gsm8k_copy
pairs_arith_v2.csv,9537,arithmetic,gsm8k_test_1066,train,remove,C1_transformed,lmsys_rephrase
pairs_arith_v2.csv,9538,arithmetic,gsm8k_test_1066,train,remove,C2_answer_bearing,gsm8k_solution_frag
pairs_arith_v2.csv,9539,arithmetic,gsm8k_test_1066,train,retain,H2_same_template,gsmplus_numerical_substitution
pairs_arith_v2.csv,9540,arithmetic,gsm8k_test_1066,train,remove,C1_transformed,gsmplus_problem_understanding
pairs_arith_v2.csv,9541,arithmetic,gsm8k_test_1066,train,retain,H2_same_template,gsmplus_critical_thinking
pairs_arith_v2.csv,9542,arithmetic,gsm8k_test_1066,train,retain,H1_same_topic,svamp
pairs_arith_v2.csv,9543,arithmetic,gsm8k_test_1066,train,retain,H3_predating,asdiv
pairs_arith_v2.csv,9544,arithmetic,gsm8k_test_1066,train,retain,R_random,truthfulqa
pairs_arith_v2.csv,9554,arithmetic,gsm8k_test_1068,train,remove,C0_exact,gsm8k_copy
pairs_arith_v2.csv,9555,arithmetic,gsm8k_test_1068,train,remove,C1_transformed,lmsys_rephrase
pairs_arith_v2.csv,9556,arithmetic,gsm8k_test_1068,train,remove,C2_answer_bearing,gsm8k_solution_frag
pairs_arith_v2.csv,9557,arithmetic,gsm8k_test_1068,train,retain,H2_same_template,gsmplus_numerical_substitution
pairs_arith_v2.csv,9558,arithmetic,gsm8k_test_1068,train,remove,C1_transformed,gsmplus_problem_understanding
pairs_arith_v2.csv,9559,arithmetic,gsm8k_test_1068,train,retain,H2_same_template,gsmplus_critical_thinking
pairs_arith_v2.csv,9560,arithmetic,gsm8k_test_1068,train,retain,H1_same_topic,svamp
pairs_arith_v2.csv,9561,arithmetic,gsm8k_test_1068,train,retain,H3_predating,asdiv
pairs_arith_v2.csv,9562,arithmetic,gsm8k_test_1068,train,retain,R_random,truthfulqa
pairs_arith_v2.csv,9563,arithmetic,gsm8k_test_1069,train,remove,C0_exact,gsm8k_copy
pairs_arith_v2.csv,9564,arithmetic,gsm8k_test_1069,train,remove,C1_transformed,lmsys_rephrase
pairs_arith_v2.csv,9565,arithmetic,gsm8k_test_1069,train,remove,C2_answer_bearing,gsm8k_solution_frag
pairs_arith_v2.csv,9566,arithmetic,gsm8k_test_1069,train,remove,C1_transformed,gsmplus_problem_understanding
pairs_arith_v2.csv,9567,arithmetic,gsm8k_test_1069,train,retain,H2_same_template,gsmplus_critical_thinking
pairs_arith_v2.csv,9568,arithmetic,gsm8k_test_1069,train,retain,H1_same_topic,svamp
pairs_arith_v2.csv,9569,arithmetic,gsm8k_test_1069,train,retain,H3_predating,asdiv
pairs_arith_v2.csv,9570,arithmetic,gsm8k_test_1069,train,retain,R_random,truthfulqa
pairs_arith_v2.csv,9571,arithmetic,gsm8k_test_1070,train,remove,C0_exact,gsm8k_copy
pairs_arith_v2.csv,9572,arithmetic,gsm8k_test_1070,train,remove,C1_transformed,lmsys_rephrase
pairs_arith_v2.csv,9573,arithmetic,gsm8k_test_1070,train,remove,C2_answer_bearing,gsm8k_solution_frag
pairs_arith_v2.csv,9574,arithmetic,gsm8k_test_1070,train,retain,H2_same_template,gsmplus_numerical_substitution
pairs_arith_v2.csv,9575,arithmetic,gsm8k_test_1070,train,remove,C1_transformed,gsmplus_problem_understanding
pairs_arith_v2.csv,9576,arithmetic,gsm8k_test_1070,train,retain,H2_same_template,gsmplus_critical_thinking
pairs_arith_v2.csv,9577,arithmetic,gsm8k_test_1070,train,retain,H1_same_topic,svamp
pairs_arith_v2.csv,9578,arithmetic,gsm8k_test_1070,train,retain,H3_predating,asdiv
pairs_arith_v2.csv,9579,arithmetic,gsm8k_test_1070,train,retain,R_random,truthfulqa
pairs_arith_v2.csv,9598,arithmetic,gsm8k_test_1073,train,remove,C0_exact,gsm8k_copy
pairs_arith_v2.csv,9599,arithmetic,gsm8k_test_1073,train,remove,C1_transformed,lmsys_rephrase
pairs_arith_v2.csv,9600,arithmetic,gsm8k_test_1073,train,remove,C2_answer_bearing,gsm8k_solution_frag
pairs_arith_v2.csv,9601,arithmetic,gsm8k_test_1073,train,retain,H2_same_template,gsmplus_numerical_substitution
pairs_arith_v2.csv,9602,arithmetic,gsm8k_test_1073,train,remove,C1_transformed,gsmplus_problem_understanding
pairs_arith_v2.csv,9603,arithmetic,gsm8k_test_1073,train,retain,H2_same_template,gsmplus_critical_thinking
pairs_arith_v2.csv,9604,arithmetic,gsm8k_test_1073,train,retain,H1_same_topic,svamp
pairs_arith_v2.csv,9605,arithmetic,gsm8k_test_1073,train,retain,H3_predating,asdiv
pairs_arith_v2.csv,9606,arithmetic,gsm8k_test_1073,train,retain,R_random,truthfulqa
pairs_arith_v2.csv,9643,arithmetic,gsm8k_test_1078,train,remove,C0_exact,gsm8k_copy
pairs_arith_v2.csv,9644,arithmetic,gsm8k_test_1078,train,remove,C1_transformed,lmsys_rephrase
pairs_arith_v2.csv,9645,arithmetic,gsm8k_test_1078,train,remove,C2_answer_bearing,gsm8k_solution_frag
pairs_arith_v2.csv,9646,arithmetic,gsm8k_test_1078,train,retain,H2_same_template,gsmplus_numerical_substitution
pairs_arith_v2.csv,9647,arithmetic,gsm8k_test_1078,train,remove,C1_transformed,gsmplus_problem_understanding
pairs_arith_v2.csv,9648,arithmetic,gsm8k_test_1078,train,retain,H2_same_template,gsmplus_critical_thinking
pairs_arith_v2.csv,9649,arithmetic,gsm8k_test_1078,train,retain,H1_same_topic,svamp
pairs_arith_v2.csv,9650,arithmetic,gsm8k_test_1078,train,retain,H3_predating,asdiv
pairs_arith_v2.csv,9651,arithmetic,gsm8k_test_1078,train,retain,R_random,truthfulqa
pairs_arith_v2.csv,9661,arithmetic,gsm8k_test_1080,train,remove,C0_exact,gsm8k_copy
pairs_arith_v2.csv,9662,arithmetic,gsm8k_test_1080,train,remove,C1_transformed,lmsys_rephrase
pairs_arith_v2.csv,9663,arithmetic,gsm8k_test_1080,train,remove,C2_answer_bearing,gsm8k_solution_frag
pairs_arith_v2.csv,9664,arithmetic,gsm8k_test_1080,train,retain,H2_same_template,gsmplus_numerical_substitution
pairs_arith_v2.csv,9665,arithmetic,gsm8k_test_1080,train,remove,C1_transformed,gsmplus_problem_understanding
pairs_arith_v2.csv,9666,arithmetic,gsm8k_test_1080,train,retain,H2_same_template,gsmplus_critical_thinking
pairs_arith_v2.csv,9667,arithmetic,gsm8k_test_1080,train,retain,H1_same_topic,svamp
pairs_arith_v2.csv,9668,arithmetic,gsm8k_test_1080,train,retain,H3_predating,asdiv
pairs_arith_v2.csv,9669,arithmetic,gsm8k_test_1080,train,retain,R_random,truthfulqa
pairs_arith_v2.csv,9679,arithmetic,gsm8k_test_1082,train,remove,C0_exact,gsm8k_copy
pairs_arith_v2.csv,9680,arithmetic,gsm8k_test_1082,train,remove,C1_transformed,lmsys_rephrase
pairs_arith_v2.csv,9681,arithmetic,gsm8k_test_1082,train,remove,C2_answer_bearing,gsm8k_solution_frag
pairs_arith_v2.csv,9682,arithmetic,gsm8k_test_1082,train,retain,H2_same_template,gsmplus_numerical_substitution
pairs_arith_v2.csv,9683,arithmetic,gsm8k_test_1082,train,remove,C1_transformed,gsmplus_problem_understanding
pairs_arith_v2.csv,9684,arithmetic,gsm8k_test_1082,train,retain,H2_same_template,gsmplus_critical_thinking
pairs_arith_v2.csv,9685,arithmetic,gsm8k_test_1082,train,retain,H1_same_topic,svamp
pairs_arith_v2.csv,9686,arithmetic,gsm8k_test_1082,train,retain,H3_predating,asdiv
pairs_arith_v2.csv,9687,arithmetic,gsm8k_test_1082,train,retain,R_random,truthfulqa
pairs_arith_v2.csv,9697,arithmetic,gsm8k_test_1084,train,remove,C0_exact,gsm8k_copy
pairs_arith_v2.csv,9698,arithmetic,gsm8k_test_1084,train,remove,C1_transformed,lmsys_rephrase
pairs_arith_v2.csv,9699,arithmetic,gsm8k_test_1084,train,remove,C2_answer_bearing,gsm8k_solution_frag
pairs_arith_v2.csv,9700,arithmetic,gsm8k_test_1084,train,retain,H2_same_template,gsmplus_numerical_substitution
pairs_arith_v2.csv,9701,arithmetic,gsm8k_test_1084,train,remove,C1_transformed,gsmplus_problem_understanding
pairs_arith_v2.csv,9702,arithmetic,gsm8k_test_1084,train,retain,H2_same_template,gsmplus_critical_thinking
pairs_arith_v2.csv,9703,arithmetic,gsm8k_test_1084,train,retain,H1_same_topic,svamp
pairs_arith_v2.csv,9704,arithmetic,gsm8k_test_1084,train,retain,H3_predating,asdiv
pairs_arith_v2.csv,9705,arithmetic,gsm8k_test_1084,train,retain,R_random,truthfulqa
pairs_arith_v2.csv,9715,arithmetic,gsm8k_test_1086,train,remove,C0_exact,gsm8k_copy
pairs_arith_v2.csv,9716,arithmetic,gsm8k_test_1086,train,remove,C1_transformed,lmsys_rephrase
pairs_arith_v2.csv,9717,arithmetic,gsm8k_test_1086,train,remove,C2_answer_bearing,gsm8k_solution_frag
pairs_arith_v2.csv,9718,arithmetic,gsm8k_test_1086,train,retain,H2_same_template,gsmplus_numerical_substitution
pairs_arith_v2.csv,9719,arithmetic,gsm8k_test_1086,train,remove,C1_transformed,gsmplus_problem_understanding
pairs_arith_v2.csv,9720,arithmetic,gsm8k_test_1086,train,retain,H2_same_template,gsmplus_critical_thinking
pairs_arith_v2.csv,9721,arithmetic,gsm8k_test_1086,train,retain,H1_same_topic,svamp
pairs_arith_v2.csv,9722,arithmetic,gsm8k_test_1086,train,retain,H3_predating,asdiv
pairs_arith_v2.csv,9723,arithmetic,gsm8k_test_1086,train,retain,R_random,truthfulqa
pairs_arith_v2.csv,9724,arithmetic,gsm8k_test_1087,train,remove,C0_exact,gsm8k_copy
pairs_arith_v2.csv,9725,arithmetic,gsm8k_test_1087,train,remove,C1_transformed,lmsys_rephrase
pairs_arith_v2.csv,9726,arithmetic,gsm8k_test_1087,train,remove,C2_answer_bearing,gsm8k_solution_frag
pairs_arith_v2.csv,9727,arithmetic,gsm8k_test_1087,train,retain,H2_same_template,gsmplus_numerical_substitution
pairs_arith_v2.csv,9728,arithmetic,gsm8k_test_1087,train,remove,C1_transformed,gsmplus_problem_understanding
pairs_arith_v2.csv,9729,arithmetic,gsm8k_test_1087,train,retain,H2_same_template,gsmplus_critical_thinking
pairs_arith_v2.csv,9730,arithmetic,gsm8k_test_1087,train,retain,H1_same_topic,svamp
pairs_arith_v2.csv,9731,arithmetic,gsm8k_test_1087,train,retain,H3_predating,asdiv
pairs_arith_v2.csv,9732,arithmetic,gsm8k_test_1087,train,retain,R_random,truthfulqa
pairs_arith_v2.csv,9733,arithmetic,gsm8k_test_1088,train,remove,C0_exact,gsm8k_copy
pairs_arith_v2.csv,9734,arithmetic,gsm8k_test_1088,train,remove,C1_transformed,lmsys_rephrase
pairs_arith_v2.csv,9735,arithmetic,gsm8k_test_1088,train,remove,C2_answer_bearing,gsm8k_solution_frag
pairs_arith_v2.csv,9736,arithmetic,gsm8k_test_1088,train,retain,H2_same_template,gsmplus_numerical_substitution
pairs_arith_v2.csv,9737,arithmetic,gsm8k_test_1088,train,remove,C1_transformed,gsmplus_problem_understanding
pairs_arith_v2.csv,9738,arithmetic,gsm8k_test_1088,train,retain,H2_same_template,gsmplus_critical_thinking
pairs_arith_v2.csv,9739,arithmetic,gsm8k_test_1088,train,retain,H1_same_topic,svamp
pairs_arith_v2.csv,9740,arithmetic,gsm8k_test_1088,train,retain,H3_predating,asdiv
pairs_arith_v2.csv,9741,arithmetic,gsm8k_test_1088,train,retain,R_random,truthfulqa
pairs_arith_v2.csv,9751,arithmetic,gsm8k_test_1090,train,remove,C0_exact,gsm8k_copy
pairs_arith_v2.csv,9752,arithmetic,gsm8k_test_1090,train,remove,C1_transformed,lmsys_rephrase
pairs_arith_v2.csv,9753,arithmetic,gsm8k_test_1090,train,remove,C2_answer_bearing,gsm8k_solution_frag
pairs_arith_v2.csv,9754,arithmetic,gsm8k_test_1090,train,retain,H2_same_template,gsmplus_numerical_substitution
pairs_arith_v2.csv,9755,arithmetic,gsm8k_test_1090,train,remove,C1_transformed,gsmplus_problem_understanding
pairs_arith_v2.csv,9756,arithmetic,gsm8k_test_1090,train,retain,H2_same_template,gsmplus_critical_thinking
pairs_arith_v2.csv,9757,arithmetic,gsm8k_test_1090,train,retain,H1_same_topic,svamp
pairs_arith_v2.csv,9758,arithmetic,gsm8k_test_1090,train,retain,H3_predating,asdiv
pairs_arith_v2.csv,9759,arithmetic,gsm8k_test_1090,train,retain,R_random,truthfulqa
pairs_arith_v2.csv,9769,arithmetic,gsm8k_test_1092,train,remove,C0_exact,gsm8k_copy
pairs_arith_v2.csv,9770,arithmetic,gsm8k_test_1092,train,remove,C1_transformed,lmsys_rephrase
pairs_arith_v2.csv,9771,arithmetic,gsm8k_test_1092,train,remove,C2_answer_bearing,gsm8k_solution_frag
pairs_arith_v2.csv,9772,arithmetic,gsm8k_test_1092,train,retain,H2_same_template,gsmplus_numerical_substitution
pairs_arith_v2.csv,9773,arithmetic,gsm8k_test_1092,train,remove,C1_transformed,gsmplus_problem_understanding
pairs_arith_v2.csv,9774,arithmetic,gsm8k_test_1092,train,retain,H2_same_template,gsmplus_critical_thinking
pairs_arith_v2.csv,9775,arithmetic,gsm8k_test_1092,train,retain,H1_same_topic,svamp
pairs_arith_v2.csv,9776,arithmetic,gsm8k_test_1092,train,retain,H3_predating,asdiv
pairs_arith_v2.csv,9777,arithmetic,gsm8k_test_1092,train,retain,R_random,truthfulqa
pairs_arith_v2.csv,9841,arithmetic,gsm8k_test_1100,train,remove,C0_exact,gsm8k_copy
pairs_arith_v2.csv,9842,arithmetic,gsm8k_test_1100,train,remove,C1_transformed,lmsys_rephrase
pairs_arith_v2.csv,9843,arithmetic,gsm8k_test_1100,train,remove,C2_answer_bearing,gsm8k_solution_frag
pairs_arith_v2.csv,9844,arithmetic,gsm8k_test_1100,train,retain,H2_same_template,gsmplus_numerical_substitution
pairs_arith_v2.csv,9845,arithmetic,gsm8k_test_1100,train,remove,C1_transformed,gsmplus_problem_understanding
pairs_arith_v2.csv,9846,arithmetic,gsm8k_test_1100,train,retain,H2_same_template,gsmplus_critical_thinking
pairs_arith_v2.csv,9847,arithmetic,gsm8k_test_1100,train,retain,H1_same_topic,svamp
pairs_arith_v2.csv,9848,arithmetic,gsm8k_test_1100,train,retain,H3_predating,asdiv
pairs_arith_v2.csv,9849,arithmetic,gsm8k_test_1100,train,retain,R_random,truthfulqa
pairs_arith_v2.csv,9877,arithmetic,gsm8k_test_1104,train,remove,C0_exact,gsm8k_copy
pairs_arith_v2.csv,9878,arithmetic,gsm8k_test_1104,train,remove,C1_transformed,lmsys_rephrase
pairs_arith_v2.csv,9879,arithmetic,gsm8k_test_1104,train,remove,C2_answer_bearing,gsm8k_solution_frag
pairs_arith_v2.csv,9880,arithmetic,gsm8k_test_1104,train,retain,H2_same_template,gsmplus_numerical_substitution
pairs_arith_v2.csv,9881,arithmetic,gsm8k_test_1104,train,remove,C1_transformed,gsmplus_problem_understanding
pairs_arith_v2.csv,9882,arithmetic,gsm8k_test_1104,train,retain,H2_same_template,gsmplus_critical_thinking
pairs_arith_v2.csv,9883,arithmetic,gsm8k_test_1104,train,retain,H1_same_topic,svamp
pairs_arith_v2.csv,9884,arithmetic,gsm8k_test_1104,train,retain,H3_predating,asdiv
pairs_arith_v2.csv,9885,arithmetic,gsm8k_test_1104,train,retain,R_random,truthfulqa
pairs_arith_v2.csv,9895,arithmetic,gsm8k_test_1106,train,remove,C0_exact,gsm8k_copy
pairs_arith_v2.csv,9896,arithmetic,gsm8k_test_1106,train,remove,C1_transformed,lmsys_rephrase
pairs_arith_v2.csv,9897,arithmetic,gsm8k_test_1106,train,remove,C2_answer_bearing,gsm8k_solution_frag
pairs_arith_v2.csv,9898,arithmetic,gsm8k_test_1106,train,retain,H2_same_template,gsmplus_numerical_substitution
pairs_arith_v2.csv,9899,arithmetic,gsm8k_test_1106,train,remove,C1_transformed,gsmplus_problem_understanding
pairs_arith_v2.csv,9900,arithmetic,gsm8k_test_1106,train,retain,H2_same_template,gsmplus_critical_thinking
pairs_arith_v2.csv,9901,arithmetic,gsm8k_test_1106,train,retain,H1_same_topic,svamp
pairs_arith_v2.csv,9902,arithmetic,gsm8k_test_1106,train,retain,H3_predating,asdiv
pairs_arith_v2.csv,9903,arithmetic,gsm8k_test_1106,train,retain,R_random,truthfulqa
pairs_arith_v2.csv,9904,arithmetic,gsm8k_test_1107,train,remove,C0_exact,gsm8k_copy
pairs_arith_v2.csv,9905,arithmetic,gsm8k_test_1107,train,remove,C1_transformed,lmsys_rephrase
pairs_arith_v2.csv,9906,arithmetic,gsm8k_test_1107,train,remove,C2_answer_bearing,gsm8k_solution_frag
pairs_arith_v2.csv,9907,arithmetic,gsm8k_test_1107,train,retain,H2_same_template,gsmplus_numerical_substitution
pairs_arith_v2.csv,9908,arithmetic,gsm8k_test_1107,train,remove,C1_transformed,gsmplus_problem_understanding
pairs_arith_v2.csv,9909,arithmetic,gsm8k_test_1107,train,retain,H2_same_template,gsmplus_critical_thinking
pairs_arith_v2.csv,9910,arithmetic,gsm8k_test_1107,train,retain,H1_same_topic,svamp
pairs_arith_v2.csv,9911,arithmetic,gsm8k_test_1107,train,retain,H3_predating,asdiv
pairs_arith_v2.csv,9912,arithmetic,gsm8k_test_1107,train,retain,R_random,truthfulqa
pairs_arith_v2.csv,9921,arithmetic,gsm8k_test_1109,train,remove,C0_exact,gsm8k_copy
pairs_arith_v2.csv,9922,arithmetic,gsm8k_test_1109,train,remove,C1_transformed,lmsys_rephrase
pairs_arith_v2.csv,9923,arithmetic,gsm8k_test_1109,train,remove,C2_answer_bearing,gsm8k_solution_frag
pairs_arith_v2.csv,9924,arithmetic,gsm8k_test_1109,train,retain,H2_same_template,gsmplus_numerical_substitution
pairs_arith_v2.csv,9925,arithmetic,gsm8k_test_1109,train,remove,C1_transformed,gsmplus_problem_understanding
pairs_arith_v2.csv,9926,arithmetic,gsm8k_test_1109,train,retain,H2_same_template,gsmplus_critical_thinking
pairs_arith_v2.csv,9927,arithmetic,gsm8k_test_1109,train,retain,H1_same_topic,svamp
pairs_arith_v2.csv,9928,arithmetic,gsm8k_test_1109,train,retain,H3_predating,asdiv
pairs_arith_v2.csv,9929,arithmetic,gsm8k_test_1109,train,retain,R_random,truthfulqa
pairs_arith_v2.csv,9993,arithmetic,gsm8k_test_1117,train,remove,C0_exact,gsm8k_copy
pairs_arith_v2.csv,9994,arithmetic,gsm8k_test_1117,train,remove,C1_transformed,lmsys_rephrase
pairs_arith_v2.csv,9995,arithmetic,gsm8k_test_1117,train,remove,C2_answer_bearing,gsm8k_solution_frag
pairs_arith_v2.csv,9996,arithmetic,gsm8k_test_1117,train,retain,H2_same_template,gsmplus_numerical_substitution
pairs_arith_v2.csv,9997,arithmetic,gsm8k_test_1117,train,remove,C1_transformed,gsmplus_problem_understanding
pairs_arith_v2.csv,9998,arithmetic,gsm8k_test_1117,train,retain,H2_same_template,gsmplus_critical_thinking
pairs_arith_v2.csv,9999,arithmetic,gsm8k_test_1117,train,retain,H1_same_topic,svamp
pairs_arith_v2.csv,10000,arithmetic,gsm8k_test_1117,train,retain,H3_predating,asdiv
pairs_arith_v2.csv,10001,arithmetic,gsm8k_test_1117,train,retain,R_random,truthfulqa
pairs_arith_v2.csv,10010,arithmetic,gsm8k_test_1119,train,remove,C0_exact,gsm8k_copy
pairs_arith_v2.csv,10011,arithmetic,gsm8k_test_1119,train,remove,C1_transformed,lmsys_rephrase
pairs_arith_v2.csv,10012,arithmetic,gsm8k_test_1119,train,remove,C2_answer_bearing,gsm8k_solution_frag
pairs_arith_v2.csv,10013,arithmetic,gsm8k_test_1119,train,retain,H2_same_template,gsmplus_numerical_substitution
pairs_arith_v2.csv,10014,arithmetic,gsm8k_test_1119,train,remove,C1_transformed,gsmplus_problem_understanding
pairs_arith_v2.csv,10015,arithmetic,gsm8k_test_1119,train,retain,H2_same_template,gsmplus_critical_thinking
pairs_arith_v2.csv,10016,arithmetic,gsm8k_test_1119,train,retain,H1_same_topic,svamp
pairs_arith_v2.csv,10017,arithmetic,gsm8k_test_1119,train,retain,H3_predating,asdiv
pairs_arith_v2.csv,10018,arithmetic,gsm8k_test_1119,train,retain,R_random,truthfulqa
pairs_arith_v2.csv,10028,arithmetic,gsm8k_test_1121,train,remove,C0_exact,gsm8k_copy
pairs_arith_v2.csv,10029,arithmetic,gsm8k_test_1121,train,remove,C1_transformed,lmsys_rephrase
pairs_arith_v2.csv,10030,arithmetic,gsm8k_test_1121,train,remove,C2_answer_bearing,gsm8k_solution_frag
pairs_arith_v2.csv,10031,arithmetic,gsm8k_test_1121,train,retain,H2_same_template,gsmplus_numerical_substitution
pairs_arith_v2.csv,10032,arithmetic,gsm8k_test_1121,train,remove,C1_transformed,gsmplus_problem_understanding
pairs_arith_v2.csv,10033,arithmetic,gsm8k_test_1121,train,retain,H2_same_template,gsmplus_critical_thinking
pairs_arith_v2.csv,10034,arithmetic,gsm8k_test_1121,train,retain,H1_same_topic,svamp
pairs_arith_v2.csv,10035,arithmetic,gsm8k_test_1121,train,retain,H3_predating,asdiv
pairs_arith_v2.csv,10036,arithmetic,gsm8k_test_1121,train,retain,R_random,truthfulqa
pairs_arith_v2.csv,10037,arithmetic,gsm8k_test_1122,train,remove,C0_exact,gsm8k_copy
pairs_arith_v2.csv,10038,arithmetic,gsm8k_test_1122,train,remove,C1_transformed,lmsys_rephrase
pairs_arith_v2.csv,10039,arithmetic,gsm8k_test_1122,train,remove,C2_answer_bearing,gsm8k_solution_frag
pairs_arith_v2.csv,10040,arithmetic,gsm8k_test_1122,train,retain,H2_same_template,gsmplus_numerical_substitution
pairs_arith_v2.csv,10041,arithmetic,gsm8k_test_1122,train,remove,C1_transformed,gsmplus_problem_understanding
pairs_arith_v2.csv,10042,arithmetic,gsm8k_test_1122,train,retain,H2_same_template,gsmplus_critical_thinking
pairs_arith_v2.csv,10043,arithmetic,gsm8k_test_1122,train,retain,H1_same_topic,svamp
pairs_arith_v2.csv,10044,arithmetic,gsm8k_test_1122,train,retain,H3_predating,asdiv
pairs_arith_v2.csv,10045,arithmetic,gsm8k_test_1122,train,retain,R_random,truthfulqa
pairs_arith_v2.csv,10073,arithmetic,gsm8k_test_1126,train,remove,C0_exact,gsm8k_copy
pairs_arith_v2.csv,10074,arithmetic,gsm8k_test_1126,train,remove,C1_transformed,lmsys_rephrase
pairs_arith_v2.csv,10075,arithmetic,gsm8k_test_1126,train,remove,C2_answer_bearing,gsm8k_solution_frag
pairs_arith_v2.csv,10076,arithmetic,gsm8k_test_1126,train,remove,C1_transformed,gsmplus_problem_understanding
pairs_arith_v2.csv,10077,arithmetic,gsm8k_test_1126,train,retain,H2_same_template,gsmplus_critical_thinking
pairs_arith_v2.csv,10078,arithmetic,gsm8k_test_1126,train,retain,H1_same_topic,svamp
pairs_arith_v2.csv,10079,arithmetic,gsm8k_test_1126,train,retain,H3_predating,asdiv
pairs_arith_v2.csv,10080,arithmetic,gsm8k_test_1126,train,retain,R_random,truthfulqa
pairs_arith_v2.csv,10108,arithmetic,gsm8k_test_1130,train,remove,C0_exact,gsm8k_copy
pairs_arith_v2.csv,10109,arithmetic,gsm8k_test_1130,train,remove,C1_transformed,lmsys_rephrase
pairs_arith_v2.csv,10110,arithmetic,gsm8k_test_1130,train,remove,C2_answer_bearing,gsm8k_solution_frag
pairs_arith_v2.csv,10111,arithmetic,gsm8k_test_1130,train,retain,H2_same_template,gsmplus_numerical_substitution
pairs_arith_v2.csv,10112,arithmetic,gsm8k_test_1130,train,remove,C1_transformed,gsmplus_problem_understanding
pairs_arith_v2.csv,10113,arithmetic,gsm8k_test_1130,train,retain,H2_same_template,gsmplus_critical_thinking
pairs_arith_v2.csv,10114,arithmetic,gsm8k_test_1130,train,retain,H1_same_topic,svamp
pairs_arith_v2.csv,10115,arithmetic,gsm8k_test_1130,train,retain,H3_predating,asdiv
pairs_arith_v2.csv,10116,arithmetic,gsm8k_test_1130,train,retain,R_random,truthfulqa
pairs_arith_v2.csv,10126,arithmetic,gsm8k_test_1132,train,remove,C0_exact,gsm8k_copy
pairs_arith_v2.csv,10127,arithmetic,gsm8k_test_1132,train,remove,C1_transformed,lmsys_rephrase
pairs_arith_v2.csv,10128,arithmetic,gsm8k_test_1132,train,remove,C2_answer_bearing,gsm8k_solution_frag
pairs_arith_v2.csv,10129,arithmetic,gsm8k_test_1132,train,retain,H2_same_template,gsmplus_numerical_substitution
pairs_arith_v2.csv,10130,arithmetic,gsm8k_test_1132,train,remove,C1_transformed,gsmplus_problem_understanding
pairs_arith_v2.csv,10131,arithmetic,gsm8k_test_1132,train,retain,H2_same_template,gsmplus_critical_thinking
pairs_arith_v2.csv,10132,arithmetic,gsm8k_test_1132,train,retain,H1_same_topic,svamp
pairs_arith_v2.csv,10133,arithmetic,gsm8k_test_1132,train,retain,H3_predating,asdiv
pairs_arith_v2.csv,10134,arithmetic,gsm8k_test_1132,train,retain,R_random,truthfulqa
pairs_arith_v2.csv,10135,arithmetic,gsm8k_test_1133,train,remove,C0_exact,gsm8k_copy
pairs_arith_v2.csv,10136,arithmetic,gsm8k_test_1133,train,remove,C1_transformed,lmsys_rephrase
pairs_arith_v2.csv,10137,arithmetic,gsm8k_test_1133,train,remove,C2_answer_bearing,gsm8k_solution_frag
pairs_arith_v2.csv,10138,arithmetic,gsm8k_test_1133,train,retain,H2_same_template,gsmplus_numerical_substitution
pairs_arith_v2.csv,10139,arithmetic,gsm8k_test_1133,train,remove,C1_transformed,gsmplus_problem_understanding
pairs_arith_v2.csv,10140,arithmetic,gsm8k_test_1133,train,retain,H2_same_template,gsmplus_critical_thinking
pairs_arith_v2.csv,10141,arithmetic,gsm8k_test_1133,train,retain,H1_same_topic,svamp
pairs_arith_v2.csv,10142,arithmetic,gsm8k_test_1133,train,retain,H3_predating,asdiv
pairs_arith_v2.csv,10143,arithmetic,gsm8k_test_1133,train,retain,R_random,truthfulqa
pairs_arith_v2.csv,10153,arithmetic,gsm8k_test_1135,train,remove,C0_exact,gsm8k_copy
pairs_arith_v2.csv,10154,arithmetic,gsm8k_test_1135,train,remove,C1_transformed,lmsys_rephrase
pairs_arith_v2.csv,10155,arithmetic,gsm8k_test_1135,train,remove,C2_answer_bearing,gsm8k_solution_frag
pairs_arith_v2.csv,10156,arithmetic,gsm8k_test_1135,train,retain,H2_same_template,gsmplus_numerical_substitution
pairs_arith_v2.csv,10157,arithmetic,gsm8k_test_1135,train,remove,C1_transformed,gsmplus_problem_understanding
pairs_arith_v2.csv,10158,arithmetic,gsm8k_test_1135,train,retain,H2_same_template,gsmplus_critical_thinking
pairs_arith_v2.csv,10159,arithmetic,gsm8k_test_1135,train,retain,H1_same_topic,svamp
pairs_arith_v2.csv,10160,arithmetic,gsm8k_test_1135,train,retain,H3_predating,asdiv
pairs_arith_v2.csv,10161,arithmetic,gsm8k_test_1135,train,retain,R_random,truthfulqa
pairs_arith_v2.csv,10198,arithmetic,gsm8k_test_1140,train,remove,C0_exact,gsm8k_copy
pairs_arith_v2.csv,10199,arithmetic,gsm8k_test_1140,train,remove,C1_transformed,lmsys_rephrase
pairs_arith_v2.csv,10200,arithmetic,gsm8k_test_1140,train,remove,C2_answer_bearing,gsm8k_solution_frag
pairs_arith_v2.csv,10201,arithmetic,gsm8k_test_1140,train,retain,H2_same_template,gsmplus_numerical_substitution
pairs_arith_v2.csv,10202,arithmetic,gsm8k_test_1140,train,remove,C1_transformed,gsmplus_problem_understanding
pairs_arith_v2.csv,10203,arithmetic,gsm8k_test_1140,train,retain,H2_same_template,gsmplus_critical_thinking
pairs_arith_v2.csv,10204,arithmetic,gsm8k_test_1140,train,retain,H1_same_topic,svamp
pairs_arith_v2.csv,10205,arithmetic,gsm8k_test_1140,train,retain,H3_predating,asdiv
pairs_arith_v2.csv,10206,arithmetic,gsm8k_test_1140,train,retain,R_random,truthfulqa
pairs_arith_v2.csv,10234,arithmetic,gsm8k_test_1144,train,remove,C0_exact,gsm8k_copy
pairs_arith_v2.csv,10235,arithmetic,gsm8k_test_1144,train,remove,C1_transformed,lmsys_rephrase
pairs_arith_v2.csv,10236,arithmetic,gsm8k_test_1144,train,remove,C2_answer_bearing,gsm8k_solution_frag
pairs_arith_v2.csv,10237,arithmetic,gsm8k_test_1144,train,retain,H2_same_template,gsmplus_numerical_substitution
pairs_arith_v2.csv,10238,arithmetic,gsm8k_test_1144,train,remove,C1_transformed,gsmplus_problem_understanding
pairs_arith_v2.csv,10239,arithmetic,gsm8k_test_1144,train,retain,H2_same_template,gsmplus_critical_thinking
pairs_arith_v2.csv,10240,arithmetic,gsm8k_test_1144,train,retain,H1_same_topic,svamp
pairs_arith_v2.csv,10241,arithmetic,gsm8k_test_1144,train,retain,H3_predating,asdiv
pairs_arith_v2.csv,10242,arithmetic,gsm8k_test_1144,train,retain,R_random,truthfulqa
pairs_arith_v2.csv,10243,arithmetic,gsm8k_test_1145,train,remove,C0_exact,gsm8k_copy
pairs_arith_v2.csv,10244,arithmetic,gsm8k_test_1145,train,remove,C1_transformed,lmsys_rephrase
pairs_arith_v2.csv,10245,arithmetic,gsm8k_test_1145,train,remove,C2_answer_bearing,gsm8k_solution_frag
pairs_arith_v2.csv,10246,arithmetic,gsm8k_test_1145,train,retain,H2_same_template,gsmplus_numerical_substitution
pairs_arith_v2.csv,10247,arithmetic,gsm8k_test_1145,train,remove,C1_transformed,gsmplus_problem_understanding
pairs_arith_v2.csv,10248,arithmetic,gsm8k_test_1145,train,retain,H2_same_template,gsmplus_critical_thinking
pairs_arith_v2.csv,10249,arithmetic,gsm8k_test_1145,train,retain,H1_same_topic,svamp
pairs_arith_v2.csv,10250,arithmetic,gsm8k_test_1145,train,retain,H3_predating,asdiv
pairs_arith_v2.csv,10251,arithmetic,gsm8k_test_1145,train,retain,R_random,truthfulqa
pairs_arith_v2.csv,10252,arithmetic,gsm8k_test_1146,train,remove,C0_exact,gsm8k_copy
pairs_arith_v2.csv,10253,arithmetic,gsm8k_test_1146,train,remove,C1_transformed,lmsys_rephrase
pairs_arith_v2.csv,10254,arithmetic,gsm8k_test_1146,train,remove,C2_answer_bearing,gsm8k_solution_frag
pairs_arith_v2.csv,10255,arithmetic,gsm8k_test_1146,train,retain,H2_same_template,gsmplus_numerical_substitution
pairs_arith_v2.csv,10256,arithmetic,gsm8k_test_1146,train,remove,C1_transformed,gsmplus_problem_understanding
pairs_arith_v2.csv,10257,arithmetic,gsm8k_test_1146,train,retain,H2_same_template,gsmplus_critical_thinking
pairs_arith_v2.csv,10258,arithmetic,gsm8k_test_1146,train,retain,H1_same_topic,svamp
pairs_arith_v2.csv,10259,arithmetic,gsm8k_test_1146,train,retain,H3_predating,asdiv
pairs_arith_v2.csv,10260,arithmetic,gsm8k_test_1146,train,retain,R_random,truthfulqa
pairs_arith_v2.csv,10269,arithmetic,gsm8k_test_1148,train,remove,C0_exact,gsm8k_copy
pairs_arith_v2.csv,10270,arithmetic,gsm8k_test_1148,train,remove,C1_transformed,lmsys_rephrase
pairs_arith_v2.csv,10271,arithmetic,gsm8k_test_1148,train,remove,C2_answer_bearing,gsm8k_solution_frag
pairs_arith_v2.csv,10272,arithmetic,gsm8k_test_1148,train,retain,H2_same_template,gsmplus_numerical_substitution
pairs_arith_v2.csv,10273,arithmetic,gsm8k_test_1148,train,remove,C1_transformed,gsmplus_problem_understanding
pairs_arith_v2.csv,10274,arithmetic,gsm8k_test_1148,train,retain,H2_same_template,gsmplus_critical_thinking
pairs_arith_v2.csv,10275,arithmetic,gsm8k_test_1148,train,retain,H1_same_topic,svamp
pairs_arith_v2.csv,10276,arithmetic,gsm8k_test_1148,train,retain,H3_predating,asdiv
pairs_arith_v2.csv,10277,arithmetic,gsm8k_test_1148,train,retain,R_random,truthfulqa
pairs_arith_v2.csv,10278,arithmetic,gsm8k_test_1149,train,remove,C0_exact,gsm8k_copy
pairs_arith_v2.csv,10279,arithmetic,gsm8k_test_1149,train,remove,C1_transformed,lmsys_rephrase
pairs_arith_v2.csv,10280,arithmetic,gsm8k_test_1149,train,remove,C2_answer_bearing,gsm8k_solution_frag
pairs_arith_v2.csv,10281,arithmetic,gsm8k_test_1149,train,retain,H2_same_template,gsmplus_numerical_substitution
pairs_arith_v2.csv,10282,arithmetic,gsm8k_test_1149,train,remove,C1_transformed,gsmplus_problem_understanding
pairs_arith_v2.csv,10283,arithmetic,gsm8k_test_1149,train,retain,H2_same_template,gsmplus_critical_thinking
pairs_arith_v2.csv,10284,arithmetic,gsm8k_test_1149,train,retain,H1_same_topic,svamp
pairs_arith_v2.csv,10285,arithmetic,gsm8k_test_1149,train,retain,H3_predating,asdiv
pairs_arith_v2.csv,10286,arithmetic,gsm8k_test_1149,train,retain,R_random,truthfulqa
pairs_arith_v2.csv,10287,arithmetic,gsm8k_test_1150,train,remove,C0_exact,gsm8k_copy
pairs_arith_v2.csv,10288,arithmetic,gsm8k_test_1150,train,remove,C1_transformed,lmsys_rephrase
pairs_arith_v2.csv,10289,arithmetic,gsm8k_test_1150,train,remove,C2_answer_bearing,gsm8k_solution_frag
pairs_arith_v2.csv,10290,arithmetic,gsm8k_test_1150,train,retain,H2_same_template,gsmplus_numerical_substitution
pairs_arith_v2.csv,10291,arithmetic,gsm8k_test_1150,train,remove,C1_transformed,gsmplus_problem_understanding
pairs_arith_v2.csv,10292,arithmetic,gsm8k_test_1150,train,retain,H2_same_template,gsmplus_critical_thinking
pairs_arith_v2.csv,10293,arithmetic,gsm8k_test_1150,train,retain,H1_same_topic,svamp
pairs_arith_v2.csv,10294,arithmetic,gsm8k_test_1150,train,retain,H3_predating,asdiv
pairs_arith_v2.csv,10295,arithmetic,gsm8k_test_1150,train,retain,R_random,truthfulqa
pairs_arith_v2.csv,10313,arithmetic,gsm8k_test_1153,train,remove,C0_exact,gsm8k_copy
pairs_arith_v2.csv,10314,arithmetic,gsm8k_test_1153,train,remove,C1_transformed,lmsys_rephrase
pairs_arith_v2.csv,10315,arithmetic,gsm8k_test_1153,train,remove,C2_answer_bearing,gsm8k_solution_frag
pairs_arith_v2.csv,10316,arithmetic,gsm8k_test_1153,train,retain,H2_same_template,gsmplus_numerical_substitution
pairs_arith_v2.csv,10317,arithmetic,gsm8k_test_1153,train,remove,C1_transformed,gsmplus_problem_understanding
pairs_arith_v2.csv,10318,arithmetic,gsm8k_test_1153,train,retain,H2_same_template,gsmplus_critical_thinking
pairs_arith_v2.csv,10319,arithmetic,gsm8k_test_1153,train,retain,H1_same_topic,svamp
pairs_arith_v2.csv,10320,arithmetic,gsm8k_test_1153,train,retain,H3_predating,asdiv
pairs_arith_v2.csv,10321,arithmetic,gsm8k_test_1153,train,retain,R_random,truthfulqa
pairs_arith_v2.csv,10322,arithmetic,gsm8k_test_1154,train,remove,C0_exact,gsm8k_copy
pairs_arith_v2.csv,10323,arithmetic,gsm8k_test_1154,train,remove,C1_transformed,lmsys_rephrase
pairs_arith_v2.csv,10324,arithmetic,gsm8k_test_1154,train,remove,C2_answer_bearing,gsm8k_solution_frag
pairs_arith_v2.csv,10325,arithmetic,gsm8k_test_1154,train,retain,H2_same_template,gsmplus_numerical_substitution
pairs_arith_v2.csv,10326,arithmetic,gsm8k_test_1154,train,remove,C1_transformed,gsmplus_problem_understanding
pairs_arith_v2.csv,10327,arithmetic,gsm8k_test_1154,train,retain,H2_same_template,gsmplus_critical_thinking
pairs_arith_v2.csv,10328,arithmetic,gsm8k_test_1154,train,retain,H1_same_topic,svamp
pairs_arith_v2.csv,10329,arithmetic,gsm8k_test_1154,train,retain,H3_predating,asdiv
pairs_arith_v2.csv,10330,arithmetic,gsm8k_test_1154,train,retain,R_random,truthfulqa
pairs_arith_v2.csv,10349,arithmetic,gsm8k_test_1157,train,remove,C0_exact,gsm8k_copy
pairs_arith_v2.csv,10350,arithmetic,gsm8k_test_1157,train,remove,C1_transformed,lmsys_rephrase
pairs_arith_v2.csv,10351,arithmetic,gsm8k_test_1157,train,remove,C2_answer_bearing,gsm8k_solution_frag
pairs_arith_v2.csv,10352,arithmetic,gsm8k_test_1157,train,retain,H2_same_template,gsmplus_numerical_substitution
pairs_arith_v2.csv,10353,arithmetic,gsm8k_test_1157,train,remove,C1_transformed,gsmplus_problem_understanding
pairs_arith_v2.csv,10354,arithmetic,gsm8k_test_1157,train,retain,H2_same_template,gsmplus_critical_thinking
pairs_arith_v2.csv,10355,arithmetic,gsm8k_test_1157,train,retain,H1_same_topic,svamp
pairs_arith_v2.csv,10356,arithmetic,gsm8k_test_1157,train,retain,H3_predating,asdiv
pairs_arith_v2.csv,10357,arithmetic,gsm8k_test_1157,train,retain,R_random,truthfulqa
pairs_arith_v2.csv,10358,arithmetic,gsm8k_test_1158,train,remove,C0_exact,gsm8k_copy
pairs_arith_v2.csv,10359,arithmetic,gsm8k_test_1158,train,remove,C1_transformed,lmsys_rephrase
pairs_arith_v2.csv,10360,arithmetic,gsm8k_test_1158,train,remove,C2_answer_bearing,gsm8k_solution_frag
pairs_arith_v2.csv,10361,arithmetic,gsm8k_test_1158,train,retain,H2_same_template,gsmplus_numerical_substitution
pairs_arith_v2.csv,10362,arithmetic,gsm8k_test_1158,train,remove,C1_transformed,gsmplus_problem_understanding
pairs_arith_v2.csv,10363,arithmetic,gsm8k_test_1158,train,retain,H2_same_template,gsmplus_critical_thinking
pairs_arith_v2.csv,10364,arithmetic,gsm8k_test_1158,train,retain,H1_same_topic,svamp
pairs_arith_v2.csv,10365,arithmetic,gsm8k_test_1158,train,retain,H3_predating,asdiv
pairs_arith_v2.csv,10366,arithmetic,gsm8k_test_1158,train,retain,R_random,truthfulqa
pairs_arith_v2.csv,10367,arithmetic,gsm8k_test_1159,train,remove,C0_exact,gsm8k_copy
pairs_arith_v2.csv,10368,arithmetic,gsm8k_test_1159,train,remove,C1_transformed,lmsys_rephrase
pairs_arith_v2.csv,10369,arithmetic,gsm8k_test_1159,train,remove,C2_answer_bearing,gsm8k_solution_frag
pairs_arith_v2.csv,10370,arithmetic,gsm8k_test_1159,train,remove,C1_transformed,gsmplus_problem_understanding
pairs_arith_v2.csv,10371,arithmetic,gsm8k_test_1159,train,retain,H2_same_template,gsmplus_critical_thinking
pairs_arith_v2.csv,10372,arithmetic,gsm8k_test_1159,train,retain,H1_same_topic,svamp
pairs_arith_v2.csv,10373,arithmetic,gsm8k_test_1159,train,retain,H3_predating,asdiv
pairs_arith_v2.csv,10374,arithmetic,gsm8k_test_1159,train,retain,R_random,truthfulqa
pairs_arith_v2.csv,10375,arithmetic,gsm8k_test_1160,train,remove,C0_exact,gsm8k_copy
pairs_arith_v2.csv,10376,arithmetic,gsm8k_test_1160,train,remove,C1_transformed,lmsys_rephrase
pairs_arith_v2.csv,10377,arithmetic,gsm8k_test_1160,train,remove,C2_answer_bearing,gsm8k_solution_frag
pairs_arith_v2.csv,10378,arithmetic,gsm8k_test_1160,train,retain,H2_same_template,gsmplus_numerical_substitution
pairs_arith_v2.csv,10379,arithmetic,gsm8k_test_1160,train,remove,C1_transformed,gsmplus_problem_understanding
pairs_arith_v2.csv,10380,arithmetic,gsm8k_test_1160,train,retain,H2_same_template,gsmplus_critical_thinking
pairs_arith_v2.csv,10381,arithmetic,gsm8k_test_1160,train,retain,H1_same_topic,svamp
pairs_arith_v2.csv,10382,arithmetic,gsm8k_test_1160,train,retain,H3_predating,asdiv
pairs_arith_v2.csv,10383,arithmetic,gsm8k_test_1160,train,retain,R_random,truthfulqa
pairs_arith_v2.csv,10393,arithmetic,gsm8k_test_1162,train,remove,C0_exact,gsm8k_copy
pairs_arith_v2.csv,10394,arithmetic,gsm8k_test_1162,train,remove,C1_transformed,lmsys_rephrase
pairs_arith_v2.csv,10395,arithmetic,gsm8k_test_1162,train,remove,C2_answer_bearing,gsm8k_solution_frag
pairs_arith_v2.csv,10396,arithmetic,gsm8k_test_1162,train,retain,H2_same_template,gsmplus_numerical_substitution
pairs_arith_v2.csv,10397,arithmetic,gsm8k_test_1162,train,remove,C1_transformed,gsmplus_problem_understanding
pairs_arith_v2.csv,10398,arithmetic,gsm8k_test_1162,train,retain,H2_same_template,gsmplus_critical_thinking
pairs_arith_v2.csv,10399,arithmetic,gsm8k_test_1162,train,retain,H1_same_topic,svamp
pairs_arith_v2.csv,10400,arithmetic,gsm8k_test_1162,train,retain,H3_predating,asdiv
pairs_arith_v2.csv,10401,arithmetic,gsm8k_test_1162,train,retain,R_random,truthfulqa
pairs_arith_v2.csv,10411,arithmetic,gsm8k_test_1164,train,remove,C0_exact,gsm8k_copy
pairs_arith_v2.csv,10412,arithmetic,gsm8k_test_1164,train,remove,C1_transformed,lmsys_rephrase
pairs_arith_v2.csv,10413,arithmetic,gsm8k_test_1164,train,remove,C2_answer_bearing,gsm8k_solution_frag
pairs_arith_v2.csv,10414,arithmetic,gsm8k_test_1164,train,retain,H2_same_template,gsmplus_numerical_substitution
pairs_arith_v2.csv,10415,arithmetic,gsm8k_test_1164,train,remove,C1_transformed,gsmplus_problem_understanding
pairs_arith_v2.csv,10416,arithmetic,gsm8k_test_1164,train,retain,H2_same_template,gsmplus_critical_thinking
pairs_arith_v2.csv,10417,arithmetic,gsm8k_test_1164,train,retain,H1_same_topic,svamp
pairs_arith_v2.csv,10418,arithmetic,gsm8k_test_1164,train,retain,H3_predating,asdiv
pairs_arith_v2.csv,10419,arithmetic,gsm8k_test_1164,train,retain,R_random,truthfulqa
pairs_arith_v2.csv,10420,arithmetic,gsm8k_test_1165,train,remove,C0_exact,gsm8k_copy
pairs_arith_v2.csv,10421,arithmetic,gsm8k_test_1165,train,remove,C1_transformed,lmsys_rephrase
pairs_arith_v2.csv,10422,arithmetic,gsm8k_test_1165,train,remove,C2_answer_bearing,gsm8k_solution_frag
pairs_arith_v2.csv,10423,arithmetic,gsm8k_test_1165,train,retain,H2_same_template,gsmplus_numerical_substitution
pairs_arith_v2.csv,10424,arithmetic,gsm8k_test_1165,train,remove,C1_transformed,gsmplus_problem_understanding
pairs_arith_v2.csv,10425,arithmetic,gsm8k_test_1165,train,retain,H2_same_template,gsmplus_critical_thinking
pairs_arith_v2.csv,10426,arithmetic,gsm8k_test_1165,train,retain,H1_same_topic,svamp
pairs_arith_v2.csv,10427,arithmetic,gsm8k_test_1165,train,retain,H3_predating,asdiv
pairs_arith_v2.csv,10428,arithmetic,gsm8k_test_1165,train,retain,R_random,truthfulqa
pairs_arith_v2.csv,10465,arithmetic,gsm8k_test_1170,train,remove,C0_exact,gsm8k_copy
pairs_arith_v2.csv,10466,arithmetic,gsm8k_test_1170,train,remove,C1_transformed,lmsys_rephrase
pairs_arith_v2.csv,10467,arithmetic,gsm8k_test_1170,train,remove,C2_answer_bearing,gsm8k_solution_frag
pairs_arith_v2.csv,10468,arithmetic,gsm8k_test_1170,train,retain,H2_same_template,gsmplus_numerical_substitution
pairs_arith_v2.csv,10469,arithmetic,gsm8k_test_1170,train,remove,C1_transformed,gsmplus_problem_understanding
pairs_arith_v2.csv,10470,arithmetic,gsm8k_test_1170,train,retain,H2_same_template,gsmplus_critical_thinking
pairs_arith_v2.csv,10471,arithmetic,gsm8k_test_1170,train,retain,H1_same_topic,svamp
pairs_arith_v2.csv,10472,arithmetic,gsm8k_test_1170,train,retain,H3_predating,asdiv
pairs_arith_v2.csv,10473,arithmetic,gsm8k_test_1170,train,retain,R_random,truthfulqa
pairs_arith_v2.csv,10483,arithmetic,gsm8k_test_1172,train,remove,C0_exact,gsm8k_copy
pairs_arith_v2.csv,10484,arithmetic,gsm8k_test_1172,train,remove,C1_transformed,lmsys_rephrase
pairs_arith_v2.csv,10485,arithmetic,gsm8k_test_1172,train,remove,C2_answer_bearing,gsm8k_solution_frag
pairs_arith_v2.csv,10486,arithmetic,gsm8k_test_1172,train,retain,H2_same_template,gsmplus_numerical_substitution
pairs_arith_v2.csv,10487,arithmetic,gsm8k_test_1172,train,remove,C1_transformed,gsmplus_problem_understanding
pairs_arith_v2.csv,10488,arithmetic,gsm8k_test_1172,train,retain,H2_same_template,gsmplus_critical_thinking
pairs_arith_v2.csv,10489,arithmetic,gsm8k_test_1172,train,retain,H1_same_topic,svamp
pairs_arith_v2.csv,10490,arithmetic,gsm8k_test_1172,train,retain,H3_predating,asdiv
pairs_arith_v2.csv,10491,arithmetic,gsm8k_test_1172,train,retain,R_random,truthfulqa
pairs_arith_v2.csv,10510,arithmetic,gsm8k_test_1175,train,remove,C0_exact,gsm8k_copy
pairs_arith_v2.csv,10511,arithmetic,gsm8k_test_1175,train,remove,C1_transformed,lmsys_rephrase
pairs_arith_v2.csv,10512,arithmetic,gsm8k_test_1175,train,remove,C2_answer_bearing,gsm8k_solution_frag
pairs_arith_v2.csv,10513,arithmetic,gsm8k_test_1175,train,retain,H2_same_template,gsmplus_numerical_substitution
pairs_arith_v2.csv,10514,arithmetic,gsm8k_test_1175,train,remove,C1_transformed,gsmplus_problem_understanding
pairs_arith_v2.csv,10515,arithmetic,gsm8k_test_1175,train,retain,H2_same_template,gsmplus_critical_thinking
pairs_arith_v2.csv,10516,arithmetic,gsm8k_test_1175,train,retain,H1_same_topic,svamp
pairs_arith_v2.csv,10517,arithmetic,gsm8k_test_1175,train,retain,H3_predating,asdiv
pairs_arith_v2.csv,10518,arithmetic,gsm8k_test_1175,train,retain,R_random,truthfulqa
pairs_arith_v2.csv,10519,arithmetic,gsm8k_test_1176,train,remove,C0_exact,gsm8k_copy
pairs_arith_v2.csv,10520,arithmetic,gsm8k_test_1176,train,remove,C1_transformed,lmsys_rephrase
pairs_arith_v2.csv,10521,arithmetic,gsm8k_test_1176,train,remove,C2_answer_bearing,gsm8k_solution_frag
pairs_arith_v2.csv,10522,arithmetic,gsm8k_test_1176,train,retain,H2_same_template,gsmplus_numerical_substitution
pairs_arith_v2.csv,10523,arithmetic,gsm8k_test_1176,train,remove,C1_transformed,gsmplus_problem_understanding
pairs_arith_v2.csv,10524,arithmetic,gsm8k_test_1176,train,retain,H2_same_template,gsmplus_critical_thinking
pairs_arith_v2.csv,10525,arithmetic,gsm8k_test_1176,train,retain,H1_same_topic,svamp
pairs_arith_v2.csv,10526,arithmetic,gsm8k_test_1176,train,retain,H3_predating,asdiv
pairs_arith_v2.csv,10527,arithmetic,gsm8k_test_1176,train,retain,R_random,truthfulqa
pairs_arith_v2.csv,10537,arithmetic,gsm8k_test_1178,train,remove,C0_exact,gsm8k_copy
pairs_arith_v2.csv,10538,arithmetic,gsm8k_test_1178,train,remove,C1_transformed,lmsys_rephrase
pairs_arith_v2.csv,10539,arithmetic,gsm8k_test_1178,train,remove,C2_answer_bearing,gsm8k_solution_frag
pairs_arith_v2.csv,10540,arithmetic,gsm8k_test_1178,train,remove,C1_transformed,gsmplus_problem_understanding
pairs_arith_v2.csv,10541,arithmetic,gsm8k_test_1178,train,retain,H2_same_template,gsmplus_critical_thinking
pairs_arith_v2.csv,10542,arithmetic,gsm8k_test_1178,train,retain,H1_same_topic,svamp
pairs_arith_v2.csv,10543,arithmetic,gsm8k_test_1178,train,retain,H3_predating,asdiv
pairs_arith_v2.csv,10544,arithmetic,gsm8k_test_1178,train,retain,R_random,truthfulqa
pairs_arith_v2.csv,10571,arithmetic,gsm8k_test_1182,train,remove,C0_exact,gsm8k_copy
pairs_arith_v2.csv,10572,arithmetic,gsm8k_test_1182,train,remove,C1_transformed,lmsys_rephrase
pairs_arith_v2.csv,10573,arithmetic,gsm8k_test_1182,train,remove,C2_answer_bearing,gsm8k_solution_frag
pairs_arith_v2.csv,10574,arithmetic,gsm8k_test_1182,train,remove,C1_transformed,gsmplus_problem_understanding
pairs_arith_v2.csv,10575,arithmetic,gsm8k_test_1182,train,retain,H2_same_template,gsmplus_critical_thinking
pairs_arith_v2.csv,10576,arithmetic,gsm8k_test_1182,train,retain,H1_same_topic,svamp
pairs_arith_v2.csv,10577,arithmetic,gsm8k_test_1182,train,retain,H3_predating,asdiv
pairs_arith_v2.csv,10578,arithmetic,gsm8k_test_1182,train,retain,R_random,truthfulqa
pairs_arith_v2.csv,10579,arithmetic,gsm8k_test_1183,train,remove,C0_exact,gsm8k_copy
pairs_arith_v2.csv,10580,arithmetic,gsm8k_test_1183,train,remove,C1_transformed,lmsys_rephrase
pairs_arith_v2.csv,10581,arithmetic,gsm8k_test_1183,train,remove,C2_answer_bearing,gsm8k_solution_frag
pairs_arith_v2.csv,10582,arithmetic,gsm8k_test_1183,train,retain,H2_same_template,gsmplus_numerical_substitution
pairs_arith_v2.csv,10583,arithmetic,gsm8k_test_1183,train,remove,C1_transformed,gsmplus_problem_understanding
pairs_arith_v2.csv,10584,arithmetic,gsm8k_test_1183,train,retain,H2_same_template,gsmplus_critical_thinking
pairs_arith_v2.csv,10585,arithmetic,gsm8k_test_1183,train,retain,H1_same_topic,svamp
pairs_arith_v2.csv,10586,arithmetic,gsm8k_test_1183,train,retain,H3_predating,asdiv
pairs_arith_v2.csv,10587,arithmetic,gsm8k_test_1183,train,retain,R_random,truthfulqa
pairs_arith_v2.csv,10623,arithmetic,gsm8k_test_1188,train,remove,C0_exact,gsm8k_copy
pairs_arith_v2.csv,10624,arithmetic,gsm8k_test_1188,train,remove,C1_transformed,lmsys_rephrase
pairs_arith_v2.csv,10625,arithmetic,gsm8k_test_1188,train,remove,C2_answer_bearing,gsm8k_solution_frag
pairs_arith_v2.csv,10626,arithmetic,gsm8k_test_1188,train,retain,H2_same_template,gsmplus_numerical_substitution
pairs_arith_v2.csv,10627,arithmetic,gsm8k_test_1188,train,remove,C1_transformed,gsmplus_problem_understanding
pairs_arith_v2.csv,10628,arithmetic,gsm8k_test_1188,train,retain,H2_same_template,gsmplus_critical_thinking
pairs_arith_v2.csv,10629,arithmetic,gsm8k_test_1188,train,retain,H1_same_topic,svamp
pairs_arith_v2.csv,10630,arithmetic,gsm8k_test_1188,train,retain,H3_predating,asdiv
pairs_arith_v2.csv,10631,arithmetic,gsm8k_test_1188,train,retain,R_random,truthfulqa
pairs_arith_v2.csv,10641,arithmetic,gsm8k_test_1190,train,remove,C0_exact,gsm8k_copy
pairs_arith_v2.csv,10642,arithmetic,gsm8k_test_1190,train,remove,C1_transformed,lmsys_rephrase
pairs_arith_v2.csv,10643,arithmetic,gsm8k_test_1190,train,remove,C2_answer_bearing,gsm8k_solution_frag
pairs_arith_v2.csv,10644,arithmetic,gsm8k_test_1190,train,retain,H2_same_template,gsmplus_numerical_substitution
pairs_arith_v2.csv,10645,arithmetic,gsm8k_test_1190,train,remove,C1_transformed,gsmplus_problem_understanding
pairs_arith_v2.csv,10646,arithmetic,gsm8k_test_1190,train,retain,H2_same_template,gsmplus_critical_thinking
pairs_arith_v2.csv,10647,arithmetic,gsm8k_test_1190,train,retain,H1_same_topic,svamp
pairs_arith_v2.csv,10648,arithmetic,gsm8k_test_1190,train,retain,H3_predating,asdiv
pairs_arith_v2.csv,10649,arithmetic,gsm8k_test_1190,train,retain,R_random,truthfulqa
pairs_arith_v2.csv,10650,arithmetic,gsm8k_test_1191,train,remove,C0_exact,gsm8k_copy
pairs_arith_v2.csv,10651,arithmetic,gsm8k_test_1191,train,remove,C1_transformed,lmsys_rephrase
pairs_arith_v2.csv,10652,arithmetic,gsm8k_test_1191,train,remove,C2_answer_bearing,gsm8k_solution_frag
pairs_arith_v2.csv,10653,arithmetic,gsm8k_test_1191,train,retain,H2_same_template,gsmplus_numerical_substitution
pairs_arith_v2.csv,10654,arithmetic,gsm8k_test_1191,train,remove,C1_transformed,gsmplus_problem_understanding
pairs_arith_v2.csv,10655,arithmetic,gsm8k_test_1191,train,retain,H2_same_template,gsmplus_critical_thinking
pairs_arith_v2.csv,10656,arithmetic,gsm8k_test_1191,train,retain,H1_same_topic,svamp
pairs_arith_v2.csv,10657,arithmetic,gsm8k_test_1191,train,retain,H3_predating,asdiv
pairs_arith_v2.csv,10658,arithmetic,gsm8k_test_1191,train,retain,R_random,truthfulqa
pairs_arith_v2.csv,10677,arithmetic,gsm8k_test_1194,train,remove,C0_exact,gsm8k_copy
pairs_arith_v2.csv,10678,arithmetic,gsm8k_test_1194,train,remove,C1_transformed,lmsys_rephrase
pairs_arith_v2.csv,10679,arithmetic,gsm8k_test_1194,train,remove,C2_answer_bearing,gsm8k_solution_frag
pairs_arith_v2.csv,10680,arithmetic,gsm8k_test_1194,train,retain,H2_same_template,gsmplus_numerical_substitution
pairs_arith_v2.csv,10681,arithmetic,gsm8k_test_1194,train,remove,C1_transformed,gsmplus_problem_understanding
pairs_arith_v2.csv,10682,arithmetic,gsm8k_test_1194,train,retain,H2_same_template,gsmplus_critical_thinking
pairs_arith_v2.csv,10683,arithmetic,gsm8k_test_1194,train,retain,H1_same_topic,svamp
pairs_arith_v2.csv,10684,arithmetic,gsm8k_test_1194,train,retain,H3_predating,asdiv
pairs_arith_v2.csv,10685,arithmetic,gsm8k_test_1194,train,retain,R_random,truthfulqa
pairs_arith_v2.csv,10704,arithmetic,gsm8k_test_1197,train,remove,C0_exact,gsm8k_copy
pairs_arith_v2.csv,10705,arithmetic,gsm8k_test_1197,train,remove,C1_transformed,lmsys_rephrase
pairs_arith_v2.csv,10706,arithmetic,gsm8k_test_1197,train,remove,C2_answer_bearing,gsm8k_solution_frag
pairs_arith_v2.csv,10707,arithmetic,gsm8k_test_1197,train,retain,H2_same_template,gsmplus_numerical_substitution
pairs_arith_v2.csv,10708,arithmetic,gsm8k_test_1197,train,remove,C1_transformed,gsmplus_problem_understanding
pairs_arith_v2.csv,10709,arithmetic,gsm8k_test_1197,train,retain,H2_same_template,gsmplus_critical_thinking
pairs_arith_v2.csv,10710,arithmetic,gsm8k_test_1197,train,retain,H1_same_topic,svamp
pairs_arith_v2.csv,10711,arithmetic,gsm8k_test_1197,train,retain,H3_predating,asdiv
pairs_arith_v2.csv,10712,arithmetic,gsm8k_test_1197,train,retain,R_random,truthfulqa
pairs_arith_v2.csv,10713,arithmetic,gsm8k_test_1198,train,remove,C0_exact,gsm8k_copy
pairs_arith_v2.csv,10714,arithmetic,gsm8k_test_1198,train,remove,C1_transformed,lmsys_rephrase
pairs_arith_v2.csv,10715,arithmetic,gsm8k_test_1198,train,remove,C2_answer_bearing,gsm8k_solution_frag
pairs_arith_v2.csv,10716,arithmetic,gsm8k_test_1198,train,retain,H2_same_template,gsmplus_numerical_substitution
pairs_arith_v2.csv,10717,arithmetic,gsm8k_test_1198,train,remove,C1_transformed,gsmplus_problem_understanding
pairs_arith_v2.csv,10718,arithmetic,gsm8k_test_1198,train,retain,H2_same_template,gsmplus_critical_thinking
pairs_arith_v2.csv,10719,arithmetic,gsm8k_test_1198,train,retain,H1_same_topic,svamp
pairs_arith_v2.csv,10720,arithmetic,gsm8k_test_1198,train,retain,H3_predating,asdiv
pairs_arith_v2.csv,10721,arithmetic,gsm8k_test_1198,train,retain,R_random,truthfulqa
pairs_arith_v2.csv,10731,arithmetic,gsm8k_test_1200,train,remove,C0_exact,gsm8k_copy
pairs_arith_v2.csv,10732,arithmetic,gsm8k_test_1200,train,remove,C1_transformed,lmsys_rephrase
pairs_arith_v2.csv,10733,arithmetic,gsm8k_test_1200,train,remove,C2_answer_bearing,gsm8k_solution_frag
pairs_arith_v2.csv,10734,arithmetic,gsm8k_test_1200,train,remove,C1_transformed,gsmplus_problem_understanding
pairs_arith_v2.csv,10735,arithmetic,gsm8k_test_1200,train,retain,H2_same_template,gsmplus_critical_thinking
pairs_arith_v2.csv,10736,arithmetic,gsm8k_test_1200,train,retain,H1_same_topic,svamp
pairs_arith_v2.csv,10737,arithmetic,gsm8k_test_1200,train,retain,H3_predating,asdiv
pairs_arith_v2.csv,10738,arithmetic,gsm8k_test_1200,train,retain,R_random,truthfulqa
pairs_arith_v2.csv,10765,arithmetic,gsm8k_test_1204,train,remove,C0_exact,gsm8k_copy
pairs_arith_v2.csv,10766,arithmetic,gsm8k_test_1204,train,remove,C1_transformed,lmsys_rephrase
pairs_arith_v2.csv,10767,arithmetic,gsm8k_test_1204,train,remove,C2_answer_bearing,gsm8k_solution_frag
pairs_arith_v2.csv,10768,arithmetic,gsm8k_test_1204,train,retain,H2_same_template,gsmplus_numerical_substitution
pairs_arith_v2.csv,10769,arithmetic,gsm8k_test_1204,train,remove,C1_transformed,gsmplus_problem_understanding
pairs_arith_v2.csv,10770,arithmetic,gsm8k_test_1204,train,retain,H2_same_template,gsmplus_critical_thinking
pairs_arith_v2.csv,10771,arithmetic,gsm8k_test_1204,train,retain,H1_same_topic,svamp
pairs_arith_v2.csv,10772,arithmetic,gsm8k_test_1204,train,retain,H3_predating,asdiv
pairs_arith_v2.csv,10773,arithmetic,gsm8k_test_1204,train,retain,R_random,truthfulqa
pairs_arith_v2.csv,10891,arithmetic,gsm8k_test_1218,train,remove,C0_exact,gsm8k_copy
pairs_arith_v2.csv,10892,arithmetic,gsm8k_test_1218,train,remove,C1_transformed,lmsys_rephrase
pairs_arith_v2.csv,10893,arithmetic,gsm8k_test_1218,train,remove,C2_answer_bearing,gsm8k_solution_frag
pairs_arith_v2.csv,10894,arithmetic,gsm8k_test_1218,train,retain,H2_same_template,gsmplus_numerical_substitution
pairs_arith_v2.csv,10895,arithmetic,gsm8k_test_1218,train,remove,C1_transformed,gsmplus_problem_understanding
pairs_arith_v2.csv,10896,arithmetic,gsm8k_test_1218,train,retain,H2_same_template,gsmplus_critical_thinking
pairs_arith_v2.csv,10897,arithmetic,gsm8k_test_1218,train,retain,H1_same_topic,svamp
pairs_arith_v2.csv,10898,arithmetic,gsm8k_test_1218,train,retain,H3_predating,asdiv
pairs_arith_v2.csv,10899,arithmetic,gsm8k_test_1218,train,retain,R_random,truthfulqa
pairs_arith_v2.csv,10963,arithmetic,gsm8k_test_1226,train,remove,C0_exact,gsm8k_copy
pairs_arith_v2.csv,10964,arithmetic,gsm8k_test_1226,train,remove,C1_transformed,lmsys_rephrase
pairs_arith_v2.csv,10965,arithmetic,gsm8k_test_1226,train,remove,C2_answer_bearing,gsm8k_solution_frag
pairs_arith_v2.csv,10966,arithmetic,gsm8k_test_1226,train,retain,H2_same_template,gsmplus_numerical_substitution
pairs_arith_v2.csv,10967,arithmetic,gsm8k_test_1226,train,remove,C1_transformed,gsmplus_problem_understanding
pairs_arith_v2.csv,10968,arithmetic,gsm8k_test_1226,train,retain,H2_same_template,gsmplus_critical_thinking
pairs_arith_v2.csv,10969,arithmetic,gsm8k_test_1226,train,retain,H1_same_topic,svamp
pairs_arith_v2.csv,10970,arithmetic,gsm8k_test_1226,train,retain,H3_predating,asdiv
pairs_arith_v2.csv,10971,arithmetic,gsm8k_test_1226,train,retain,R_random,truthfulqa
pairs_arith_v2.csv,10990,arithmetic,gsm8k_test_1229,train,remove,C0_exact,gsm8k_copy
pairs_arith_v2.csv,10991,arithmetic,gsm8k_test_1229,train,remove,C1_transformed,lmsys_rephrase
pairs_arith_v2.csv,10992,arithmetic,gsm8k_test_1229,train,remove,C2_answer_bearing,gsm8k_solution_frag
pairs_arith_v2.csv,10993,arithmetic,gsm8k_test_1229,train,retain,H2_same_template,gsmplus_numerical_substitution
pairs_arith_v2.csv,10994,arithmetic,gsm8k_test_1229,train,remove,C1_transformed,gsmplus_problem_understanding
pairs_arith_v2.csv,10995,arithmetic,gsm8k_test_1229,train,retain,H2_same_template,gsmplus_critical_thinking
pairs_arith_v2.csv,10996,arithmetic,gsm8k_test_1229,train,retain,H1_same_topic,svamp
pairs_arith_v2.csv,10997,arithmetic,gsm8k_test_1229,train,retain,H3_predating,asdiv
pairs_arith_v2.csv,10998,arithmetic,gsm8k_test_1229,train,retain,R_random,truthfulqa
pairs_arith_v2.csv,11035,arithmetic,gsm8k_test_1234,train,remove,C0_exact,gsm8k_copy
pairs_arith_v2.csv,11036,arithmetic,gsm8k_test_1234,train,remove,C1_transformed,lmsys_rephrase
pairs_arith_v2.csv,11037,arithmetic,gsm8k_test_1234,train,remove,C2_answer_bearing,gsm8k_solution_frag
pairs_arith_v2.csv,11038,arithmetic,gsm8k_test_1234,train,retain,H2_same_template,gsmplus_numerical_substitution
pairs_arith_v2.csv,11039,arithmetic,gsm8k_test_1234,train,remove,C1_transformed,gsmplus_problem_understanding
pairs_arith_v2.csv,11040,arithmetic,gsm8k_test_1234,train,retain,H2_same_template,gsmplus_critical_thinking
pairs_arith_v2.csv,11041,arithmetic,gsm8k_test_1234,train,retain,H1_same_topic,svamp
pairs_arith_v2.csv,11042,arithmetic,gsm8k_test_1234,train,retain,H3_predating,asdiv
pairs_arith_v2.csv,11043,arithmetic,gsm8k_test_1234,train,retain,R_random,truthfulqa
pairs_arith_v2.csv,11044,arithmetic,gsm8k_test_1235,train,remove,C0_exact,gsm8k_copy
pairs_arith_v2.csv,11045,arithmetic,gsm8k_test_1235,train,remove,C1_transformed,lmsys_rephrase
pairs_arith_v2.csv,11046,arithmetic,gsm8k_test_1235,train,remove,C2_answer_bearing,gsm8k_solution_frag
pairs_arith_v2.csv,11047,arithmetic,gsm8k_test_1235,train,retain,H2_same_template,gsmplus_numerical_substitution
pairs_arith_v2.csv,11048,arithmetic,gsm8k_test_1235,train,remove,C1_transformed,gsmplus_problem_understanding
pairs_arith_v2.csv,11049,arithmetic,gsm8k_test_1235,train,retain,H2_same_template,gsmplus_critical_thinking
pairs_arith_v2.csv,11050,arithmetic,gsm8k_test_1235,train,retain,H1_same_topic,svamp
pairs_arith_v2.csv,11051,arithmetic,gsm8k_test_1235,train,retain,H3_predating,asdiv
pairs_arith_v2.csv,11052,arithmetic,gsm8k_test_1235,train,retain,R_random,truthfulqa
pairs_arith_v2.csv,11071,arithmetic,gsm8k_test_1238,train,remove,C0_exact,gsm8k_copy
pairs_arith_v2.csv,11072,arithmetic,gsm8k_test_1238,train,remove,C1_transformed,lmsys_rephrase
pairs_arith_v2.csv,11073,arithmetic,gsm8k_test_1238,train,remove,C2_answer_bearing,gsm8k_solution_frag
pairs_arith_v2.csv,11074,arithmetic,gsm8k_test_1238,train,retain,H2_same_template,gsmplus_numerical_substitution
pairs_arith_v2.csv,11075,arithmetic,gsm8k_test_1238,train,remove,C1_transformed,gsmplus_problem_understanding
pairs_arith_v2.csv,11076,arithmetic,gsm8k_test_1238,train,retain,H2_same_template,gsmplus_critical_thinking
pairs_arith_v2.csv,11077,arithmetic,gsm8k_test_1238,train,retain,H1_same_topic,svamp
pairs_arith_v2.csv,11078,arithmetic,gsm8k_test_1238,train,retain,H3_predating,asdiv
pairs_arith_v2.csv,11079,arithmetic,gsm8k_test_1238,train,retain,R_random,truthfulqa
pairs_arith_v2.csv,11098,arithmetic,gsm8k_test_1241,train,remove,C0_exact,gsm8k_copy
pairs_arith_v2.csv,11099,arithmetic,gsm8k_test_1241,train,remove,C1_transformed,lmsys_rephrase
pairs_arith_v2.csv,11100,arithmetic,gsm8k_test_1241,train,remove,C2_answer_bearing,gsm8k_solution_frag
pairs_arith_v2.csv,11101,arithmetic,gsm8k_test_1241,train,retain,H2_same_template,gsmplus_numerical_substitution
pairs_arith_v2.csv,11102,arithmetic,gsm8k_test_1241,train,remove,C1_transformed,gsmplus_problem_understanding
pairs_arith_v2.csv,11103,arithmetic,gsm8k_test_1241,train,retain,H2_same_template,gsmplus_critical_thinking
pairs_arith_v2.csv,11104,arithmetic,gsm8k_test_1241,train,retain,H1_same_topic,svamp
pairs_arith_v2.csv,11105,arithmetic,gsm8k_test_1241,train,retain,H3_predating,asdiv
pairs_arith_v2.csv,11106,arithmetic,gsm8k_test_1241,train,retain,R_random,truthfulqa
pairs_arith_v2.csv,11125,arithmetic,gsm8k_test_1244,train,remove,C0_exact,gsm8k_copy
pairs_arith_v2.csv,11126,arithmetic,gsm8k_test_1244,train,remove,C1_transformed,lmsys_rephrase
pairs_arith_v2.csv,11127,arithmetic,gsm8k_test_1244,train,remove,C2_answer_bearing,gsm8k_solution_frag
pairs_arith_v2.csv,11128,arithmetic,gsm8k_test_1244,train,retain,H2_same_template,gsmplus_numerical_substitution
pairs_arith_v2.csv,11129,arithmetic,gsm8k_test_1244,train,remove,C1_transformed,gsmplus_problem_understanding
pairs_arith_v2.csv,11130,arithmetic,gsm8k_test_1244,train,retain,H2_same_template,gsmplus_critical_thinking
pairs_arith_v2.csv,11131,arithmetic,gsm8k_test_1244,train,retain,H1_same_topic,svamp
pairs_arith_v2.csv,11132,arithmetic,gsm8k_test_1244,train,retain,H3_predating,asdiv
pairs_arith_v2.csv,11133,arithmetic,gsm8k_test_1244,train,retain,R_random,truthfulqa
pairs_arith_v2.csv,11161,arithmetic,gsm8k_test_1248,train,remove,C0_exact,gsm8k_copy
pairs_arith_v2.csv,11162,arithmetic,gsm8k_test_1248,train,remove,C1_transformed,lmsys_rephrase
pairs_arith_v2.csv,11163,arithmetic,gsm8k_test_1248,train,remove,C2_answer_bearing,gsm8k_solution_frag
pairs_arith_v2.csv,11164,arithmetic,gsm8k_test_1248,train,retain,H2_same_template,gsmplus_numerical_substitution
pairs_arith_v2.csv,11165,arithmetic,gsm8k_test_1248,train,remove,C1_transformed,gsmplus_problem_understanding
pairs_arith_v2.csv,11166,arithmetic,gsm8k_test_1248,train,retain,H2_same_template,gsmplus_critical_thinking
pairs_arith_v2.csv,11167,arithmetic,gsm8k_test_1248,train,retain,H1_same_topic,svamp
pairs_arith_v2.csv,11168,arithmetic,gsm8k_test_1248,train,retain,H3_predating,asdiv
pairs_arith_v2.csv,11169,arithmetic,gsm8k_test_1248,train,retain,R_random,truthfulqa
pairs_arith_v2.csv,11170,arithmetic,gsm8k_test_1249,train,remove,C0_exact,gsm8k_copy
pairs_arith_v2.csv,11171,arithmetic,gsm8k_test_1249,train,remove,C1_transformed,lmsys_rephrase
pairs_arith_v2.csv,11172,arithmetic,gsm8k_test_1249,train,remove,C2_answer_bearing,gsm8k_solution_frag
pairs_arith_v2.csv,11173,arithmetic,gsm8k_test_1249,train,retain,H2_same_template,gsmplus_numerical_substitution
pairs_arith_v2.csv,11174,arithmetic,gsm8k_test_1249,train,remove,C1_transformed,gsmplus_problem_understanding
pairs_arith_v2.csv,11175,arithmetic,gsm8k_test_1249,train,retain,H2_same_template,gsmplus_critical_thinking
pairs_arith_v2.csv,11176,arithmetic,gsm8k_test_1249,train,retain,H1_same_topic,svamp
pairs_arith_v2.csv,11177,arithmetic,gsm8k_test_1249,train,retain,H3_predating,asdiv
pairs_arith_v2.csv,11178,arithmetic,gsm8k_test_1249,train,retain,R_random,truthfulqa
pairs_arith_v2.csv,11233,arithmetic,gsm8k_test_1256,train,remove,C0_exact,gsm8k_copy
pairs_arith_v2.csv,11234,arithmetic,gsm8k_test_1256,train,remove,C1_transformed,lmsys_rephrase
pairs_arith_v2.csv,11235,arithmetic,gsm8k_test_1256,train,remove,C2_answer_bearing,gsm8k_solution_frag
pairs_arith_v2.csv,11236,arithmetic,gsm8k_test_1256,train,remove,C1_transformed,gsmplus_problem_understanding
pairs_arith_v2.csv,11237,arithmetic,gsm8k_test_1256,train,retain,H2_same_template,gsmplus_critical_thinking
pairs_arith_v2.csv,11238,arithmetic,gsm8k_test_1256,train,retain,H1_same_topic,svamp
pairs_arith_v2.csv,11239,arithmetic,gsm8k_test_1256,train,retain,H3_predating,asdiv
pairs_arith_v2.csv,11240,arithmetic,gsm8k_test_1256,train,retain,R_random,truthfulqa
pairs_arith_v2.csv,11250,arithmetic,gsm8k_test_1258,train,remove,C0_exact,gsm8k_copy
pairs_arith_v2.csv,11251,arithmetic,gsm8k_test_1258,train,remove,C1_transformed,lmsys_rephrase
pairs_arith_v2.csv,11252,arithmetic,gsm8k_test_1258,train,remove,C2_answer_bearing,gsm8k_solution_frag
pairs_arith_v2.csv,11253,arithmetic,gsm8k_test_1258,train,retain,H2_same_template,gsmplus_numerical_substitution
pairs_arith_v2.csv,11254,arithmetic,gsm8k_test_1258,train,remove,C1_transformed,gsmplus_problem_understanding
pairs_arith_v2.csv,11255,arithmetic,gsm8k_test_1258,train,retain,H2_same_template,gsmplus_critical_thinking
pairs_arith_v2.csv,11256,arithmetic,gsm8k_test_1258,train,retain,H1_same_topic,svamp
pairs_arith_v2.csv,11257,arithmetic,gsm8k_test_1258,train,retain,H3_predating,asdiv
pairs_arith_v2.csv,11258,arithmetic,gsm8k_test_1258,train,retain,R_random,truthfulqa
pairs_arith_v2.csv,11340,arithmetic,gsm8k_test_1268,train,remove,C0_exact,gsm8k_copy
pairs_arith_v2.csv,11341,arithmetic,gsm8k_test_1268,train,remove,C1_transformed,lmsys_rephrase
pairs_arith_v2.csv,11342,arithmetic,gsm8k_test_1268,train,remove,C2_answer_bearing,gsm8k_solution_frag
pairs_arith_v2.csv,11343,arithmetic,gsm8k_test_1268,train,retain,H2_same_template,gsmplus_numerical_substitution
pairs_arith_v2.csv,11344,arithmetic,gsm8k_test_1268,train,remove,C1_transformed,gsmplus_problem_understanding
pairs_arith_v2.csv,11345,arithmetic,gsm8k_test_1268,train,retain,H2_same_template,gsmplus_critical_thinking
pairs_arith_v2.csv,11346,arithmetic,gsm8k_test_1268,train,retain,H1_same_topic,svamp
pairs_arith_v2.csv,11347,arithmetic,gsm8k_test_1268,train,retain,H3_predating,asdiv
pairs_arith_v2.csv,11348,arithmetic,gsm8k_test_1268,train,retain,R_random,truthfulqa
pairs_arith_v2.csv,11358,arithmetic,gsm8k_test_1270,train,remove,C0_exact,gsm8k_copy
pairs_arith_v2.csv,11359,arithmetic,gsm8k_test_1270,train,remove,C1_transformed,lmsys_rephrase
pairs_arith_v2.csv,11360,arithmetic,gsm8k_test_1270,train,remove,C2_answer_bearing,gsm8k_solution_frag
pairs_arith_v2.csv,11361,arithmetic,gsm8k_test_1270,train,retain,H2_same_template,gsmplus_numerical_substitution
pairs_arith_v2.csv,11362,arithmetic,gsm8k_test_1270,train,remove,C1_transformed,gsmplus_problem_understanding
pairs_arith_v2.csv,11363,arithmetic,gsm8k_test_1270,train,retain,H2_same_template,gsmplus_critical_thinking
pairs_arith_v2.csv,11364,arithmetic,gsm8k_test_1270,train,retain,H1_same_topic,svamp
pairs_arith_v2.csv,11365,arithmetic,gsm8k_test_1270,train,retain,H3_predating,asdiv
pairs_arith_v2.csv,11366,arithmetic,gsm8k_test_1270,train,retain,R_random,truthfulqa
pairs_arith_v2.csv,11439,arithmetic,gsm8k_test_1279,train,remove,C0_exact,gsm8k_copy
pairs_arith_v2.csv,11440,arithmetic,gsm8k_test_1279,train,remove,C1_transformed,lmsys_rephrase
pairs_arith_v2.csv,11441,arithmetic,gsm8k_test_1279,train,remove,C2_answer_bearing,gsm8k_solution_frag
pairs_arith_v2.csv,11442,arithmetic,gsm8k_test_1279,train,retain,H2_same_template,gsmplus_numerical_substitution
pairs_arith_v2.csv,11443,arithmetic,gsm8k_test_1279,train,remove,C1_transformed,gsmplus_problem_understanding
pairs_arith_v2.csv,11444,arithmetic,gsm8k_test_1279,train,retain,H2_same_template,gsmplus_critical_thinking
pairs_arith_v2.csv,11445,arithmetic,gsm8k_test_1279,train,retain,H1_same_topic,svamp
pairs_arith_v2.csv,11446,arithmetic,gsm8k_test_1279,train,retain,H3_predating,asdiv
pairs_arith_v2.csv,11447,arithmetic,gsm8k_test_1279,train,retain,R_random,truthfulqa
pairs_arith_v2.csv,11475,arithmetic,gsm8k_test_1283,train,remove,C0_exact,gsm8k_copy
pairs_arith_v2.csv,11476,arithmetic,gsm8k_test_1283,train,remove,C1_transformed,lmsys_rephrase
pairs_arith_v2.csv,11477,arithmetic,gsm8k_test_1283,train,remove,C2_answer_bearing,gsm8k_solution_frag
pairs_arith_v2.csv,11478,arithmetic,gsm8k_test_1283,train,retain,H2_same_template,gsmplus_numerical_substitution
pairs_arith_v2.csv,11479,arithmetic,gsm8k_test_1283,train,remove,C1_transformed,gsmplus_problem_understanding
pairs_arith_v2.csv,11480,arithmetic,gsm8k_test_1283,train,retain,H2_same_template,gsmplus_critical_thinking
pairs_arith_v2.csv,11481,arithmetic,gsm8k_test_1283,train,retain,H1_same_topic,svamp
pairs_arith_v2.csv,11482,arithmetic,gsm8k_test_1283,train,retain,H3_predating,asdiv
pairs_arith_v2.csv,11483,arithmetic,gsm8k_test_1283,train,retain,R_random,truthfulqa
pairs_arith_v2.csv,11484,arithmetic,gsm8k_test_1284,train,remove,C0_exact,gsm8k_copy
pairs_arith_v2.csv,11485,arithmetic,gsm8k_test_1284,train,remove,C1_transformed,lmsys_rephrase
pairs_arith_v2.csv,11486,arithmetic,gsm8k_test_1284,train,remove,C2_answer_bearing,gsm8k_solution_frag
pairs_arith_v2.csv,11487,arithmetic,gsm8k_test_1284,train,retain,H2_same_template,gsmplus_numerical_substitution
pairs_arith_v2.csv,11488,arithmetic,gsm8k_test_1284,train,remove,C1_transformed,gsmplus_problem_understanding
pairs_arith_v2.csv,11489,arithmetic,gsm8k_test_1284,train,retain,H2_same_template,gsmplus_critical_thinking
pairs_arith_v2.csv,11490,arithmetic,gsm8k_test_1284,train,retain,H1_same_topic,svamp
pairs_arith_v2.csv,11491,arithmetic,gsm8k_test_1284,train,retain,H3_predating,asdiv
pairs_arith_v2.csv,11492,arithmetic,gsm8k_test_1284,train,retain,R_random,truthfulqa
pairs_arith_v2.csv,11493,arithmetic,gsm8k_test_1285,train,remove,C0_exact,gsm8k_copy
pairs_arith_v2.csv,11494,arithmetic,gsm8k_test_1285,train,remove,C1_transformed,lmsys_rephrase
pairs_arith_v2.csv,11495,arithmetic,gsm8k_test_1285,train,remove,C2_answer_bearing,gsm8k_solution_frag
pairs_arith_v2.csv,11496,arithmetic,gsm8k_test_1285,train,retain,H2_same_template,gsmplus_numerical_substitution
pairs_arith_v2.csv,11497,arithmetic,gsm8k_test_1285,train,remove,C1_transformed,gsmplus_problem_understanding
pairs_arith_v2.csv,11498,arithmetic,gsm8k_test_1285,train,retain,H2_same_template,gsmplus_critical_thinking
pairs_arith_v2.csv,11499,arithmetic,gsm8k_test_1285,train,retain,H1_same_topic,svamp
pairs_arith_v2.csv,11500,arithmetic,gsm8k_test_1285,train,retain,H3_predating,asdiv
pairs_arith_v2.csv,11501,arithmetic,gsm8k_test_1285,train,retain,R_random,truthfulqa
pairs_arith_v2.csv,11529,arithmetic,gsm8k_test_1289,train,remove,C0_exact,gsm8k_copy
pairs_arith_v2.csv,11530,arithmetic,gsm8k_test_1289,train,remove,C1_transformed,lmsys_rephrase
pairs_arith_v2.csv,11531,arithmetic,gsm8k_test_1289,train,remove,C2_answer_bearing,gsm8k_solution_frag
pairs_arith_v2.csv,11532,arithmetic,gsm8k_test_1289,train,retain,H2_same_template,gsmplus_numerical_substitution
pairs_arith_v2.csv,11533,arithmetic,gsm8k_test_1289,train,remove,C1_transformed,gsmplus_problem_understanding
pairs_arith_v2.csv,11534,arithmetic,gsm8k_test_1289,train,retain,H2_same_template,gsmplus_critical_thinking
pairs_arith_v2.csv,11535,arithmetic,gsm8k_test_1289,train,retain,H1_same_topic,svamp
pairs_arith_v2.csv,11536,arithmetic,gsm8k_test_1289,train,retain,H3_predating,asdiv
pairs_arith_v2.csv,11537,arithmetic,gsm8k_test_1289,train,retain,R_random,truthfulqa
pairs_arith_v2.csv,11556,arithmetic,gsm8k_test_1292,train,remove,C0_exact,gsm8k_copy
pairs_arith_v2.csv,11557,arithmetic,gsm8k_test_1292,train,remove,C1_transformed,lmsys_rephrase
pairs_arith_v2.csv,11558,arithmetic,gsm8k_test_1292,train,remove,C2_answer_bearing,gsm8k_solution_frag
pairs_arith_v2.csv,11559,arithmetic,gsm8k_test_1292,train,retain,H2_same_template,gsmplus_numerical_substitution
pairs_arith_v2.csv,11560,arithmetic,gsm8k_test_1292,train,remove,C1_transformed,gsmplus_problem_understanding
pairs_arith_v2.csv,11561,arithmetic,gsm8k_test_1292,train,retain,H2_same_template,gsmplus_critical_thinking
pairs_arith_v2.csv,11562,arithmetic,gsm8k_test_1292,train,retain,H1_same_topic,svamp
pairs_arith_v2.csv,11563,arithmetic,gsm8k_test_1292,train,retain,H3_predating,asdiv
pairs_arith_v2.csv,11564,arithmetic,gsm8k_test_1292,train,retain,R_random,truthfulqa
pairs_arith_v2.csv,11592,arithmetic,gsm8k_test_1296,train,remove,C0_exact,gsm8k_copy
pairs_arith_v2.csv,11593,arithmetic,gsm8k_test_1296,train,remove,C1_transformed,lmsys_rephrase
pairs_arith_v2.csv,11594,arithmetic,gsm8k_test_1296,train,remove,C2_answer_bearing,gsm8k_solution_frag
pairs_arith_v2.csv,11595,arithmetic,gsm8k_test_1296,train,retain,H2_same_template,gsmplus_numerical_substitution
pairs_arith_v2.csv,11596,arithmetic,gsm8k_test_1296,train,remove,C1_transformed,gsmplus_problem_understanding
pairs_arith_v2.csv,11597,arithmetic,gsm8k_test_1296,train,retain,H2_same_template,gsmplus_critical_thinking
pairs_arith_v2.csv,11598,arithmetic,gsm8k_test_1296,train,retain,H1_same_topic,svamp
pairs_arith_v2.csv,11599,arithmetic,gsm8k_test_1296,train,retain,H3_predating,asdiv
pairs_arith_v2.csv,11600,arithmetic,gsm8k_test_1296,train,retain,R_random,truthfulqa
pairs_arith_v2.csv,11646,arithmetic,gsm8k_test_1302,train,remove,C0_exact,gsm8k_copy
pairs_arith_v2.csv,11647,arithmetic,gsm8k_test_1302,train,remove,C1_transformed,lmsys_rephrase
pairs_arith_v2.csv,11648,arithmetic,gsm8k_test_1302,train,remove,C2_answer_bearing,gsm8k_solution_frag
pairs_arith_v2.csv,11649,arithmetic,gsm8k_test_1302,train,retain,H2_same_template,gsmplus_numerical_substitution
pairs_arith_v2.csv,11650,arithmetic,gsm8k_test_1302,train,remove,C1_transformed,gsmplus_problem_understanding
pairs_arith_v2.csv,11651,arithmetic,gsm8k_test_1302,train,retain,H2_same_template,gsmplus_critical_thinking
pairs_arith_v2.csv,11652,arithmetic,gsm8k_test_1302,train,retain,H1_same_topic,svamp
pairs_arith_v2.csv,11653,arithmetic,gsm8k_test_1302,train,retain,H3_predating,asdiv
pairs_arith_v2.csv,11654,arithmetic,gsm8k_test_1302,train,retain,R_random,truthfulqa
pairs_arith_v2.csv,11682,arithmetic,gsm8k_test_1306,train,remove,C0_exact,gsm8k_copy
pairs_arith_v2.csv,11683,arithmetic,gsm8k_test_1306,train,remove,C1_transformed,lmsys_rephrase
pairs_arith_v2.csv,11684,arithmetic,gsm8k_test_1306,train,remove,C2_answer_bearing,gsm8k_solution_frag
pairs_arith_v2.csv,11685,arithmetic,gsm8k_test_1306,train,retain,H2_same_template,gsmplus_numerical_substitution
pairs_arith_v2.csv,11686,arithmetic,gsm8k_test_1306,train,remove,C1_transformed,gsmplus_problem_understanding
pairs_arith_v2.csv,11687,arithmetic,gsm8k_test_1306,train,retain,H2_same_template,gsmplus_critical_thinking
pairs_arith_v2.csv,11688,arithmetic,gsm8k_test_1306,train,retain,H1_same_topic,svamp
pairs_arith_v2.csv,11689,arithmetic,gsm8k_test_1306,train,retain,H3_predating,asdiv
pairs_arith_v2.csv,11690,arithmetic,gsm8k_test_1306,train,retain,R_random,truthfulqa
pairs_arith_v2.csv,11736,arithmetic,gsm8k_test_1312,train,remove,C0_exact,gsm8k_copy
pairs_arith_v2.csv,11737,arithmetic,gsm8k_test_1312,train,remove,C1_transformed,lmsys_rephrase
pairs_arith_v2.csv,11738,arithmetic,gsm8k_test_1312,train,remove,C2_answer_bearing,gsm8k_solution_frag
pairs_arith_v2.csv,11739,arithmetic,gsm8k_test_1312,train,retain,H2_same_template,gsmplus_numerical_substitution
pairs_arith_v2.csv,11740,arithmetic,gsm8k_test_1312,train,remove,C1_transformed,gsmplus_problem_understanding
pairs_arith_v2.csv,11741,arithmetic,gsm8k_test_1312,train,retain,H2_same_template,gsmplus_critical_thinking
pairs_arith_v2.csv,11742,arithmetic,gsm8k_test_1312,train,retain,H1_same_topic,svamp
pairs_arith_v2.csv,11743,arithmetic,gsm8k_test_1312,train,retain,H3_predating,asdiv
pairs_arith_v2.csv,11744,arithmetic,gsm8k_test_1312,train,retain,R_random,truthfulqa
pairs_arith_v2.csv,11763,arithmetic,gsm8k_test_1315,train,remove,C0_exact,gsm8k_copy
pairs_arith_v2.csv,11764,arithmetic,gsm8k_test_1315,train,remove,C1_transformed,lmsys_rephrase
pairs_arith_v2.csv,11765,arithmetic,gsm8k_test_1315,train,remove,C2_answer_bearing,gsm8k_solution_frag
pairs_arith_v2.csv,11766,arithmetic,gsm8k_test_1315,train,retain,H2_same_template,gsmplus_numerical_substitution
pairs_arith_v2.csv,11767,arithmetic,gsm8k_test_1315,train,remove,C1_transformed,gsmplus_problem_understanding
pairs_arith_v2.csv,11768,arithmetic,gsm8k_test_1315,train,retain,H2_same_template,gsmplus_critical_thinking
pairs_arith_v2.csv,11769,arithmetic,gsm8k_test_1315,train,retain,H1_same_topic,svamp
pairs_arith_v2.csv,11770,arithmetic,gsm8k_test_1315,train,retain,H3_predating,asdiv
pairs_arith_v2.csv,11771,arithmetic,gsm8k_test_1315,train,retain,R_random,truthfulqa
pairs_arith_v2.csv,11772,arithmetic,gsm8k_test_1316,train,remove,C0_exact,gsm8k_copy
pairs_arith_v2.csv,11773,arithmetic,gsm8k_test_1316,train,remove,C1_transformed,lmsys_rephrase
pairs_arith_v2.csv,11774,arithmetic,gsm8k_test_1316,train,remove,C2_answer_bearing,gsm8k_solution_frag
pairs_arith_v2.csv,11775,arithmetic,gsm8k_test_1316,train,retain,H2_same_template,gsmplus_numerical_substitution
pairs_arith_v2.csv,11776,arithmetic,gsm8k_test_1316,train,remove,C1_transformed,gsmplus_problem_understanding
pairs_arith_v2.csv,11777,arithmetic,gsm8k_test_1316,train,retain,H2_same_template,gsmplus_critical_thinking
pairs_arith_v2.csv,11778,arithmetic,gsm8k_test_1316,train,retain,H1_same_topic,svamp
pairs_arith_v2.csv,11779,arithmetic,gsm8k_test_1316,train,retain,H3_predating,asdiv
pairs_arith_v2.csv,11780,arithmetic,gsm8k_test_1316,train,retain,R_random,truthfulqa
pairs_arith_v2.csv,11790,arithmetic,gsm8k_test_1318,train,remove,C0_exact,gsm8k_copy
pairs_arith_v2.csv,11791,arithmetic,gsm8k_test_1318,train,remove,C1_transformed,lmsys_rephrase
pairs_arith_v2.csv,11792,arithmetic,gsm8k_test_1318,train,remove,C2_answer_bearing,gsm8k_solution_frag
pairs_arith_v2.csv,11793,arithmetic,gsm8k_test_1318,train,retain,H2_same_template,gsmplus_numerical_substitution
pairs_arith_v2.csv,11794,arithmetic,gsm8k_test_1318,train,remove,C1_transformed,gsmplus_problem_understanding
pairs_arith_v2.csv,11795,arithmetic,gsm8k_test_1318,train,retain,H2_same_template,gsmplus_critical_thinking
pairs_arith_v2.csv,11796,arithmetic,gsm8k_test_1318,train,retain,H1_same_topic,svamp
pairs_arith_v2.csv,11797,arithmetic,gsm8k_test_1318,train,retain,H3_predating,asdiv
pairs_arith_v2.csv,11798,arithmetic,gsm8k_test_1318,train,retain,R_random,truthfulqa
pairs_arith_v2.csv,11799,arithmetic,gsm8k_test_0473,train,retain,H2_gsm_symbolic,gsm_symbolic
pairs_arith_v2.csv,11800,arithmetic,gsm8k_test_0473,train,retain,H2_gsm_symbolic,gsm_symbolic
pairs_arith_v2.csv,11801,arithmetic,gsm8k_test_0473,train,retain,H2_gsm_symbolic_p1,gsm_symbolic_p1
pairs_arith_v2.csv,11802,arithmetic,gsm8k_test_0473,train,retain,H2_gsm_symbolic_p2,gsm_symbolic_p2
pairs_arith_v2.csv,11803,arithmetic,gsm8k_test_0103,train,retain,H2_gsm_symbolic,gsm_symbolic
pairs_arith_v2.csv,11804,arithmetic,gsm8k_test_0103,train,retain,H2_gsm_symbolic,gsm_symbolic
pairs_arith_v2.csv,11805,arithmetic,gsm8k_test_0103,train,retain,H2_gsm_symbolic_p1,gsm_symbolic_p1
pairs_arith_v2.csv,11806,arithmetic,gsm8k_test_0103,train,retain,H2_gsm_symbolic_p2,gsm_symbolic_p2
pairs_arith_v2.csv,11819,arithmetic,gsm8k_test_0116,train,retain,H2_gsm_symbolic,gsm_symbolic
pairs_arith_v2.csv,11820,arithmetic,gsm8k_test_0116,train,retain,H2_gsm_symbolic,gsm_symbolic
pairs_arith_v2.csv,11821,arithmetic,gsm8k_test_0116,train,retain,H2_gsm_symbolic_p1,gsm_symbolic_p1
pairs_arith_v2.csv,11822,arithmetic,gsm8k_test_0116,train,retain,H2_gsm_symbolic_p2,gsm_symbolic_p2
pairs_arith_v2.csv,11823,arithmetic,gsm8k_test_0145,train,retain,H2_gsm_symbolic,gsm_symbolic
pairs_arith_v2.csv,11824,arithmetic,gsm8k_test_0145,train,retain,H2_gsm_symbolic,gsm_symbolic
pairs_arith_v2.csv,11825,arithmetic,gsm8k_test_0145,train,retain,H2_gsm_symbolic_p1,gsm_symbolic_p1
pairs_arith_v2.csv,11826,arithmetic,gsm8k_test_0145,train,retain,H2_gsm_symbolic_p2,gsm_symbolic_p2
pairs_arith_v2.csv,11831,arithmetic,gsm8k_test_0269,train,retain,H2_gsm_symbolic,gsm_symbolic
pairs_arith_v2.csv,11832,arithmetic,gsm8k_test_0269,train,retain,H2_gsm_symbolic,gsm_symbolic
pairs_arith_v2.csv,11833,arithmetic,gsm8k_test_0269,train,retain,H2_gsm_symbolic_p1,gsm_symbolic_p1
pairs_arith_v2.csv,11834,arithmetic,gsm8k_test_0269,train,retain,H2_gsm_symbolic_p2,gsm_symbolic_p2
pairs_arith_v2.csv,11835,arithmetic,gsm8k_test_0930,train,retain,H2_gsm_symbolic,gsm_symbolic
pairs_arith_v2.csv,11836,arithmetic,gsm8k_test_0930,train,retain,H2_gsm_symbolic,gsm_symbolic
pairs_arith_v2.csv,11837,arithmetic,gsm8k_test_0930,train,retain,H2_gsm_symbolic_p1,gsm_symbolic_p1
pairs_arith_v2.csv,11838,arithmetic,gsm8k_test_0930,train,retain,H2_gsm_symbolic_p2,gsm_symbolic_p2
pairs_arith_v2.csv,11843,arithmetic,gsm8k_test_0737,train,retain,H2_gsm_symbolic,gsm_symbolic
pairs_arith_v2.csv,11844,arithmetic,gsm8k_test_0737,train,retain,H2_gsm_symbolic,gsm_symbolic
pairs_arith_v2.csv,11845,arithmetic,gsm8k_test_0737,train,retain,H2_gsm_symbolic_p1,gsm_symbolic_p1
pairs_arith_v2.csv,11846,arithmetic,gsm8k_test_0737,train,retain,H2_gsm_symbolic_p2,gsm_symbolic_p2
pairs_arith_v2.csv,11867,arithmetic,gsm8k_test_1133,train,retain,H2_gsm_symbolic,gsm_symbolic
pairs_arith_v2.csv,11868,arithmetic,gsm8k_test_1133,train,retain,H2_gsm_symbolic,gsm_symbolic
pairs_arith_v2.csv,11869,arithmetic,gsm8k_test_1133,train,retain,H2_gsm_symbolic_p1,gsm_symbolic_p1
pairs_arith_v2.csv,11870,arithmetic,gsm8k_test_1133,train,retain,H2_gsm_symbolic_p2,gsm_symbolic_p2
pairs_arith_v2.csv,11871,arithmetic,gsm8k_test_0158,train,retain,H2_gsm_symbolic,gsm_symbolic
pairs_arith_v2.csv,11872,arithmetic,gsm8k_test_0158,train,retain,H2_gsm_symbolic,gsm_symbolic
pairs_arith_v2.csv,11873,arithmetic,gsm8k_test_0158,train,retain,H2_gsm_symbolic_p1,gsm_symbolic_p1
pairs_arith_v2.csv,11874,arithmetic,gsm8k_test_0158,train,retain,H2_gsm_symbolic_p2,gsm_symbolic_p2
pairs_arith_v2.csv,11883,arithmetic,gsm8k_test_0107,train,retain,H2_gsm_symbolic,gsm_symbolic
pairs_arith_v2.csv,11884,arithmetic,gsm8k_test_0107,train,retain,H2_gsm_symbolic,gsm_symbolic
pairs_arith_v2.csv,11885,arithmetic,gsm8k_test_0107,train,retain,H2_gsm_symbolic_p1,gsm_symbolic_p1
pairs_arith_v2.csv,11886,arithmetic,gsm8k_test_0107,train,retain,H2_gsm_symbolic_p2,gsm_symbolic_p2
pairs_arith_v2.csv,11887,arithmetic,gsm8k_test_0125,train,retain,H2_gsm_symbolic,gsm_symbolic
pairs_arith_v2.csv,11888,arithmetic,gsm8k_test_0125,train,retain,H2_gsm_symbolic,gsm_symbolic
pairs_arith_v2.csv,11889,arithmetic,gsm8k_test_0125,train,retain,H2_gsm_symbolic_p1,gsm_symbolic_p1
pairs_arith_v2.csv,11890,arithmetic,gsm8k_test_0125,train,retain,H2_gsm_symbolic_p2,gsm_symbolic_p2
pairs_arith_v2.csv,11891,arithmetic,gsm8k_test_0520,train,retain,H2_gsm_symbolic,gsm_symbolic
pairs_arith_v2.csv,11892,arithmetic,gsm8k_test_0520,train,retain,H2_gsm_symbolic,gsm_symbolic
pairs_arith_v2.csv,11893,arithmetic,gsm8k_test_0520,train,retain,H2_gsm_symbolic_p1,gsm_symbolic_p1
pairs_arith_v2.csv,11894,arithmetic,gsm8k_test_0520,train,retain,H2_gsm_symbolic_p2,gsm_symbolic_p2
pairs_arith_v2.csv,11911,arithmetic,gsm8k_test_0955,train,retain,H2_gsm_symbolic,gsm_symbolic
pairs_arith_v2.csv,11912,arithmetic,gsm8k_test_0955,train,retain,H2_gsm_symbolic,gsm_symbolic
pairs_arith_v2.csv,11913,arithmetic,gsm8k_test_0955,train,retain,H2_gsm_symbolic_p1,gsm_symbolic_p1
pairs_arith_v2.csv,11914,arithmetic,gsm8k_test_0955,train,retain,H2_gsm_symbolic_p2,gsm_symbolic_p2
pairs_arith_v2.csv,11919,arithmetic,gsm8k_test_0873,train,retain,H2_gsm_symbolic,gsm_symbolic
pairs_arith_v2.csv,11920,arithmetic,gsm8k_test_0873,train,retain,H2_gsm_symbolic,gsm_symbolic
pairs_arith_v2.csv,11921,arithmetic,gsm8k_test_0873,train,retain,H2_gsm_symbolic_p1,gsm_symbolic_p1
pairs_arith_v2.csv,11922,arithmetic,gsm8k_test_0873,train,retain,H2_gsm_symbolic_p2,gsm_symbolic_p2
pairs_arith_v2.csv,11927,arithmetic,gsm8k_test_0265,train,retain,H2_gsm_symbolic,gsm_symbolic
pairs_arith_v2.csv,11928,arithmetic,gsm8k_test_0265,train,retain,H2_gsm_symbolic,gsm_symbolic
pairs_arith_v2.csv,11929,arithmetic,gsm8k_test_0265,train,retain,H2_gsm_symbolic_p1,gsm_symbolic_p1
pairs_arith_v2.csv,11930,arithmetic,gsm8k_test_0265,train,retain,H2_gsm_symbolic_p2,gsm_symbolic_p2
pairs_arith_v2.csv,11935,arithmetic,gsm8k_test_0266,train,retain,H2_gsm_symbolic,gsm_symbolic
pairs_arith_v2.csv,11936,arithmetic,gsm8k_test_0266,train,retain,H2_gsm_symbolic,gsm_symbolic
pairs_arith_v2.csv,11937,arithmetic,gsm8k_test_0266,train,retain,H2_gsm_symbolic_p1,gsm_symbolic_p1
pairs_arith_v2.csv,11938,arithmetic,gsm8k_test_0266,train,retain,H2_gsm_symbolic_p2,gsm_symbolic_p2
pairs_arith_v2.csv,11951,arithmetic,gsm8k_test_0799,train,retain,H2_gsm_symbolic,gsm_symbolic
pairs_arith_v2.csv,11952,arithmetic,gsm8k_test_0799,train,retain,H2_gsm_symbolic,gsm_symbolic
pairs_arith_v2.csv,11953,arithmetic,gsm8k_test_0799,train,retain,H2_gsm_symbolic_p1,gsm_symbolic_p1
pairs_arith_v2.csv,11954,arithmetic,gsm8k_test_0799,train,retain,H2_gsm_symbolic_p2,gsm_symbolic_p2
pairs_arith_v2.csv,11959,arithmetic,gsm8k_test_0410,train,retain,H2_gsm_symbolic,gsm_symbolic
pairs_arith_v2.csv,11960,arithmetic,gsm8k_test_0410,train,retain,H2_gsm_symbolic,gsm_symbolic
pairs_arith_v2.csv,11961,arithmetic,gsm8k_test_0410,train,retain,H2_gsm_symbolic_p1,gsm_symbolic_p1
pairs_arith_v2.csv,11962,arithmetic,gsm8k_test_0410,train,retain,H2_gsm_symbolic_p2,gsm_symbolic_p2
pairs_arith_v2.csv,11963,arithmetic,gsm8k_test_1268,train,retain,H2_gsm_symbolic,gsm_symbolic
pairs_arith_v2.csv,11964,arithmetic,gsm8k_test_1268,train,retain,H2_gsm_symbolic,gsm_symbolic
pairs_arith_v2.csv,11965,arithmetic,gsm8k_test_1268,train,retain,H2_gsm_symbolic_p1,gsm_symbolic_p1
pairs_arith_v2.csv,11966,arithmetic,gsm8k_test_1268,train,retain,H2_gsm_symbolic_p2,gsm_symbolic_p2
pairs_arith_v2.csv,11967,arithmetic,gsm8k_test_0661,train,retain,H2_gsm_symbolic,gsm_symbolic
pairs_arith_v2.csv,11968,arithmetic,gsm8k_test_0661,train,retain,H2_gsm_symbolic,gsm_symbolic
pairs_arith_v2.csv,11969,arithmetic,gsm8k_test_0661,train,retain,H2_gsm_symbolic_p1,gsm_symbolic_p1
pairs_arith_v2.csv,11970,arithmetic,gsm8k_test_0661,train,retain,H2_gsm_symbolic_p2,gsm_symbolic_p2
pairs_arith_v2.csv,11971,arithmetic,gsm8k_test_0232,train,retain,H2_gsm_symbolic,gsm_symbolic
pairs_arith_v2.csv,11972,arithmetic,gsm8k_test_0232,train,retain,H2_gsm_symbolic,gsm_symbolic
pairs_arith_v2.csv,11973,arithmetic,gsm8k_test_0232,train,retain,H2_gsm_symbolic_p1,gsm_symbolic_p1
pairs_arith_v2.csv,11974,arithmetic,gsm8k_test_0232,train,retain,H2_gsm_symbolic_p2,gsm_symbolic_p2
pairs_arith_v2.csv,11987,arithmetic,gsm8k_test_1164,train,retain,H2_gsm_symbolic,gsm_symbolic
pairs_arith_v2.csv,11988,arithmetic,gsm8k_test_1164,train,retain,H2_gsm_symbolic,gsm_symbolic
pairs_arith_v2.csv,11989,arithmetic,gsm8k_test_1164,train,retain,H2_gsm_symbolic_p1,gsm_symbolic_p1
pairs_arith_v2.csv,11990,arithmetic,gsm8k_test_1164,train,retain,H2_gsm_symbolic_p2,gsm_symbolic_p2
pairs_arith_v2.csv,11991,arithmetic,gsm8k_test_0989,train,retain,H2_gsm_symbolic,gsm_symbolic
pairs_arith_v2.csv,11992,arithmetic,gsm8k_test_0989,train,retain,H2_gsm_symbolic,gsm_symbolic
pairs_arith_v2.csv,11993,arithmetic,gsm8k_test_0989,train,retain,H2_gsm_symbolic_p1,gsm_symbolic_p1
pairs_arith_v2.csv,11994,arithmetic,gsm8k_test_0989,train,retain,H2_gsm_symbolic_p2,gsm_symbolic_p2
pairs_arith_v2.csv,11995,arithmetic,gsm8k_test_1165,train,retain,H2_gsm_symbolic,gsm_symbolic
pairs_arith_v2.csv,11996,arithmetic,gsm8k_test_1165,train,retain,H2_gsm_symbolic,gsm_symbolic
pairs_arith_v2.csv,11997,arithmetic,gsm8k_test_1165,train,retain,H2_gsm_symbolic_p1,gsm_symbolic_p1
pairs_arith_v2.csv,11998,arithmetic,gsm8k_test_1165,train,retain,H2_gsm_symbolic_p2,gsm_symbolic_p2
pairs_arith_v2.csv,11999,arithmetic,gsm8k_test_0440,train,retain,H2_gsm_symbolic,gsm_symbolic
pairs_arith_v2.csv,12000,arithmetic,gsm8k_test_0440,train,retain,H2_gsm_symbolic,gsm_symbolic
pairs_arith_v2.csv,12001,arithmetic,gsm8k_test_0440,train,retain,H2_gsm_symbolic_p1,gsm_symbolic_p1
pairs_arith_v2.csv,12002,arithmetic,gsm8k_test_0074,train,retain,H2_gsm_symbolic,gsm_symbolic
pairs_arith_v2.csv,12003,arithmetic,gsm8k_test_0074,train,retain,H2_gsm_symbolic,gsm_symbolic
pairs_arith_v2.csv,12004,arithmetic,gsm8k_test_0074,train,retain,H2_gsm_symbolic_p1,gsm_symbolic_p1
pairs_arith_v2.csv,12008,arithmetic,gsm8k_test_0800,train,retain,H2_gsm_symbolic,gsm_symbolic
pairs_arith_v2.csv,12009,arithmetic,gsm8k_test_0800,train,retain,H2_gsm_symbolic,gsm_symbolic
pairs_arith_v2.csv,12010,arithmetic,gsm8k_test_0800,train,retain,H2_gsm_symbolic_p1,gsm_symbolic_p1
pairs_arith_v2.csv,12035,arithmetic,gsm8k_test_0456,train,retain,H2_gsm_symbolic,gsm_symbolic
pairs_arith_v2.csv,12036,arithmetic,gsm8k_test_0456,train,retain,H2_gsm_symbolic,gsm_symbolic
pairs_arith_v2.csv,12037,arithmetic,gsm8k_test_0456,train,retain,H2_gsm_symbolic_p1,gsm_symbolic_p1
pairs_arith_v2.csv,12038,arithmetic,gsm8k_test_0579,train,retain,H2_gsm_symbolic,gsm_symbolic
pairs_arith_v2.csv,12039,arithmetic,gsm8k_test_0579,train,retain,H2_gsm_symbolic,gsm_symbolic
pairs_arith_v2.csv,12040,arithmetic,gsm8k_test_0579,train,retain,H2_gsm_symbolic_p1,gsm_symbolic_p1
pairs_arith_v2.csv,12044,arithmetic,gsm8k_test_0164,train,retain,H2_gsm_symbolic,gsm_symbolic
pairs_arith_v2.csv,12045,arithmetic,gsm8k_test_0164,train,retain,H2_gsm_symbolic,gsm_symbolic
pairs_arith_v2.csv,12046,arithmetic,gsm8k_test_0164,train,retain,H2_gsm_symbolic_p1,gsm_symbolic_p1
pairs_arith_v2.csv,12053,arithmetic,gsm8k_test_0220,train,retain,H2_gsm_symbolic,gsm_symbolic
pairs_arith_v2.csv,12054,arithmetic,gsm8k_test_0220,train,retain,H2_gsm_symbolic,gsm_symbolic
pairs_arith_v2.csv,12055,arithmetic,gsm8k_test_0220,train,retain,H2_gsm_symbolic_p1,gsm_symbolic_p1
pairs_arith_v2.csv,12062,arithmetic,gsm8k_test_0937,train,retain,H2_gsm_symbolic,gsm_symbolic
pairs_arith_v2.csv,12063,arithmetic,gsm8k_test_0937,train,retain,H2_gsm_symbolic,gsm_symbolic
pairs_arith_v2.csv,12064,arithmetic,gsm8k_test_0937,train,retain,H2_gsm_symbolic_p1,gsm_symbolic_p1
pairs_arith_v2.csv,12068,arithmetic,gsm8k_test_0991,train,retain,H2_gsm_symbolic,gsm_symbolic
pairs_arith_v2.csv,12069,arithmetic,gsm8k_test_0991,train,retain,H2_gsm_symbolic,gsm_symbolic
pairs_arith_v2.csv,12070,arithmetic,gsm8k_test_0991,train,retain,H2_gsm_symbolic_p1,gsm_symbolic_p1
pairs_arith_v2.csv,12083,arithmetic,gsm8k_test_1088,train,retain,H2_gsm_symbolic,gsm_symbolic
pairs_arith_v2.csv,12084,arithmetic,gsm8k_test_1088,train,retain,H2_gsm_symbolic,gsm_symbolic
pairs_arith_v2.csv,12085,arithmetic,gsm8k_test_1088,train,retain,H2_gsm_symbolic_p1,gsm_symbolic_p1
pairs_arith_v2.csv,12089,arithmetic,gsm8k_test_0434,train,retain,H2_gsm_symbolic,gsm_symbolic
pairs_arith_v2.csv,12090,arithmetic,gsm8k_test_0434,train,retain,H2_gsm_symbolic,gsm_symbolic
pairs_arith_v2.csv,12091,arithmetic,gsm8k_test_0434,train,retain,H2_gsm_symbolic_p1,gsm_symbolic_p1
pairs_arith_v2.csv,12092,arithmetic,gsm8k_test_1025,train,retain,H2_gsm_symbolic,gsm_symbolic
pairs_arith_v2.csv,12093,arithmetic,gsm8k_test_1025,train,retain,H2_gsm_symbolic,gsm_symbolic
pairs_arith_v2.csv,12094,arithmetic,gsm8k_test_1025,train,retain,H2_gsm_symbolic_p1,gsm_symbolic_p1
pairs_arith_v2.csv,12101,arithmetic,gsm8k_test_0336,train,retain,H2_gsm_symbolic,gsm_symbolic
pairs_arith_v2.csv,12102,arithmetic,gsm8k_test_0336,train,retain,H2_gsm_symbolic,gsm_symbolic
pairs_arith_v2.csv,12103,arithmetic,gsm8k_test_0336,train,retain,H2_gsm_symbolic_p1,gsm_symbolic_p1
pairs_arith_v2.csv,12104,arithmetic,gsm8k_test_1084,train,retain,H2_gsm_symbolic,gsm_symbolic
pairs_arith_v2.csv,12105,arithmetic,gsm8k_test_1084,train,retain,H2_gsm_symbolic,gsm_symbolic
pairs_arith_v2.csv,12106,arithmetic,gsm8k_test_1084,train,retain,H2_gsm_symbolic_p1,gsm_symbolic_p1
pairs_arith_v2.csv,12107,arithmetic,gsm8k_test_1053,train,retain,H2_gsm_symbolic,gsm_symbolic
pairs_arith_v2.csv,12108,arithmetic,gsm8k_test_1053,train,retain,H2_gsm_symbolic,gsm_symbolic
pairs_arith_v2.csv,12109,arithmetic,gsm8k_test_1053,train,retain,H2_gsm_symbolic_p1,gsm_symbolic_p1
pairs_arith_v2.csv,12113,arithmetic,gsm8k_test_0039,train,retain,H2_gsm_symbolic,gsm_symbolic
pairs_arith_v2.csv,12114,arithmetic,gsm8k_test_0039,train,retain,H2_gsm_symbolic,gsm_symbolic
pairs_arith_v2.csv,12115,arithmetic,gsm8k_test_0039,train,retain,H2_gsm_symbolic_p1,gsm_symbolic_p1
pairs_arith_v2.csv,12119,arithmetic,gsm8k_test_0149,train,retain,H2_gsm_symbolic,gsm_symbolic
pairs_arith_v2.csv,12120,arithmetic,gsm8k_test_0149,train,retain,H2_gsm_symbolic,gsm_symbolic
pairs_arith_v2.csv,12121,arithmetic,gsm8k_test_0149,train,retain,H2_gsm_symbolic_p1,gsm_symbolic_p1
pairs_arith_v2.csv,12125,arithmetic,gsm8k_test_0432,train,retain,H2_gsm_symbolic,gsm_symbolic
pairs_arith_v2.csv,12126,arithmetic,gsm8k_test_0432,train,retain,H2_gsm_symbolic,gsm_symbolic
pairs_arith_v2.csv,12127,arithmetic,gsm8k_test_0432,train,retain,H2_gsm_symbolic_p1,gsm_symbolic_p1
pairs_arith_v2.csv,12131,arithmetic,gsm8k_test_0718,train,retain,H2_gsm_symbolic,gsm_symbolic
pairs_arith_v2.csv,12132,arithmetic,gsm8k_test_0718,train,retain,H2_gsm_symbolic,gsm_symbolic
pairs_arith_v2.csv,12133,arithmetic,gsm8k_test_0718,train,retain,H2_gsm_symbolic_p1,gsm_symbolic_p1
pairs_arith_v2.csv,12134,arithmetic,gsm8k_test_0918,train,retain,H2_gsm_symbolic,gsm_symbolic
pairs_arith_v2.csv,12135,arithmetic,gsm8k_test_0918,train,retain,H2_gsm_symbolic,gsm_symbolic
pairs_arith_v2.csv,12136,arithmetic,gsm8k_test_0918,train,retain,H2_gsm_symbolic_p1,gsm_symbolic_p1
pairs_arith_v2.csv,12137,arithmetic,gsm8k_test_0357,train,retain,H2_gsm_symbolic,gsm_symbolic
pairs_arith_v2.csv,12138,arithmetic,gsm8k_test_0357,train,retain,H2_gsm_symbolic,gsm_symbolic
pairs_arith_v2.csv,12139,arithmetic,gsm8k_test_0357,train,retain,H2_gsm_symbolic_p1,gsm_symbolic_p1
pairs_arith_v2.csv,12143,arithmetic,gsm8k_test_0858,train,retain,H2_gsm_symbolic,gsm_symbolic
pairs_arith_v2.csv,12144,arithmetic,gsm8k_test_0858,train,retain,H2_gsm_symbolic,gsm_symbolic
pairs_arith_v2.csv,12145,arithmetic,gsm8k_test_0858,train,retain,H2_gsm_symbolic_p1,gsm_symbolic_p1
pairs_mcq_v2.csv,0,mcq,mmlu_abstract_algebra_0000,train,remove,C0_exact,mmlu_copy
pairs_mcq_v2.csv,1,mcq,mmlu_abstract_algebra_0000,train,remove,C2_answer_bearing,mmlu_answer_frag
pairs_mcq_v2.csv,2,mcq,mmlu_abstract_algebra_0000,train,retain,H1_same_topic,mmlu_same_subject_other_item
pairs_mcq_v2.csv,3,mcq,mmlu_abstract_algebra_0000,train,retain,H3_predating,logiqa
pairs_mcq_v2.csv,4,mcq,mmlu_abstract_algebra_0000,train,retain,R_random,svamp
pairs_mcq_v2.csv,5,mcq,mmlu_abstract_algebra_0001,train,remove,C0_exact,mmlu_copy
pairs_mcq_v2.csv,6,mcq,mmlu_abstract_algebra_0001,train,remove,C1_transformed,lmsys_rephrase
pairs_mcq_v2.csv,7,mcq,mmlu_abstract_algebra_0001,train,remove,C2_answer_bearing,mmlu_answer_frag
pairs_mcq_v2.csv,8,mcq,mmlu_abstract_algebra_0001,train,retain,H1_same_topic,mmlu_same_subject_other_item
pairs_mcq_v2.csv,9,mcq,mmlu_abstract_algebra_0001,train,retain,H3_predating,logiqa
pairs_mcq_v2.csv,10,mcq,mmlu_abstract_algebra_0001,train,retain,R_random,svamp
pairs_mcq_v2.csv,17,mcq,mmlu_abstract_algebra_0003,train,remove,C0_exact,mmlu_copy
pairs_mcq_v2.csv,18,mcq,mmlu_abstract_algebra_0003,train,remove,C1_transformed,lmsys_rephrase
pairs_mcq_v2.csv,19,mcq,mmlu_abstract_algebra_0003,train,remove,C2_answer_bearing,mmlu_answer_frag
pairs_mcq_v2.csv,20,mcq,mmlu_abstract_algebra_0003,train,retain,H1_same_topic,mmlu_same_subject_other_item
pairs_mcq_v2.csv,21,mcq,mmlu_abstract_algebra_0003,train,retain,H3_predating,logiqa
pairs_mcq_v2.csv,22,mcq,mmlu_abstract_algebra_0003,train,retain,R_random,svamp
pairs_mcq_v2.csv,23,mcq,mmlu_abstract_algebra_0004,train,remove,C0_exact,mmlu_copy
pairs_mcq_v2.csv,24,mcq,mmlu_abstract_algebra_0004,train,remove,C1_transformed,lmsys_rephrase
pairs_mcq_v2.csv,25,mcq,mmlu_abstract_algebra_0004,train,remove,C2_answer_bearing,mmlu_answer_frag
pairs_mcq_v2.csv,26,mcq,mmlu_abstract_algebra_0004,train,retain,H1_same_topic,mmlu_same_subject_other_item
pairs_mcq_v2.csv,27,mcq,mmlu_abstract_algebra_0004,train,retain,H3_predating,logiqa
pairs_mcq_v2.csv,28,mcq,mmlu_abstract_algebra_0004,train,retain,R_random,svamp
pairs_mcq_v2.csv,47,mcq,mmlu_abstract_algebra_0008,train,remove,C0_exact,mmlu_copy
pairs_mcq_v2.csv,48,mcq,mmlu_abstract_algebra_0008,train,remove,C1_transformed,lmsys_rephrase
pairs_mcq_v2.csv,49,mcq,mmlu_abstract_algebra_0008,train,remove,C2_answer_bearing,mmlu_answer_frag
pairs_mcq_v2.csv,50,mcq,mmlu_abstract_algebra_0008,train,retain,H1_same_topic,mmlu_same_subject_other_item
pairs_mcq_v2.csv,51,mcq,mmlu_abstract_algebra_0008,train,retain,H3_predating,logiqa
pairs_mcq_v2.csv,52,mcq,mmlu_abstract_algebra_0008,train,retain,R_random,svamp
pairs_mcq_v2.csv,59,mcq,mmlu_abstract_algebra_0010,train,remove,C0_exact,mmlu_copy
pairs_mcq_v2.csv,60,mcq,mmlu_abstract_algebra_0010,train,remove,C1_transformed,lmsys_rephrase
pairs_mcq_v2.csv,61,mcq,mmlu_abstract_algebra_0010,train,remove,C2_answer_bearing,mmlu_answer_frag
pairs_mcq_v2.csv,62,mcq,mmlu_abstract_algebra_0010,train,retain,H1_same_topic,mmlu_same_subject_other_item
pairs_mcq_v2.csv,63,mcq,mmlu_abstract_algebra_0010,train,retain,H3_predating,logiqa
pairs_mcq_v2.csv,64,mcq,mmlu_abstract_algebra_0010,train,retain,R_random,svamp
pairs_mcq_v2.csv,89,mcq,mmlu_abstract_algebra_0015,train,remove,C0_exact,mmlu_copy
pairs_mcq_v2.csv,90,mcq,mmlu_abstract_algebra_0015,train,remove,C1_transformed,lmsys_rephrase
pairs_mcq_v2.csv,91,mcq,mmlu_abstract_algebra_0015,train,remove,C2_answer_bearing,mmlu_answer_frag
pairs_mcq_v2.csv,92,mcq,mmlu_abstract_algebra_0015,train,retain,H1_same_topic,mmlu_same_subject_other_item
pairs_mcq_v2.csv,93,mcq,mmlu_abstract_algebra_0015,train,retain,H3_predating,logiqa
pairs_mcq_v2.csv,94,mcq,mmlu_abstract_algebra_0015,train,retain,R_random,svamp
pairs_mcq_v2.csv,101,mcq,mmlu_abstract_algebra_0017,train,remove,C0_exact,mmlu_copy
pairs_mcq_v2.csv,102,mcq,mmlu_abstract_algebra_0017,train,remove,C1_transformed,lmsys_rephrase
pairs_mcq_v2.csv,103,mcq,mmlu_abstract_algebra_0017,train,remove,C2_answer_bearing,mmlu_answer_frag
pairs_mcq_v2.csv,104,mcq,mmlu_abstract_algebra_0017,train,retain,H1_same_topic,mmlu_same_subject_other_item
pairs_mcq_v2.csv,105,mcq,mmlu_abstract_algebra_0017,train,retain,H3_predating,logiqa
pairs_mcq_v2.csv,106,mcq,mmlu_abstract_algebra_0017,train,retain,R_random,svamp
pairs_mcq_v2.csv,131,mcq,mmlu_abstract_algebra_0022,train,remove,C0_exact,mmlu_copy
pairs_mcq_v2.csv,132,mcq,mmlu_abstract_algebra_0022,train,remove,C1_transformed,lmsys_rephrase
pairs_mcq_v2.csv,133,mcq,mmlu_abstract_algebra_0022,train,remove,C2_answer_bearing,mmlu_answer_frag
pairs_mcq_v2.csv,134,mcq,mmlu_abstract_algebra_0022,train,retain,H1_same_topic,mmlu_same_subject_other_item
pairs_mcq_v2.csv,135,mcq,mmlu_abstract_algebra_0022,train,retain,H3_predating,logiqa
pairs_mcq_v2.csv,136,mcq,mmlu_abstract_algebra_0022,train,retain,R_random,svamp
pairs_mcq_v2.csv,143,mcq,mmlu_abstract_algebra_0024,train,remove,C0_exact,mmlu_copy
pairs_mcq_v2.csv,144,mcq,mmlu_abstract_algebra_0024,train,remove,C1_transformed,lmsys_rephrase
pairs_mcq_v2.csv,145,mcq,mmlu_abstract_algebra_0024,train,remove,C2_answer_bearing,mmlu_answer_frag
pairs_mcq_v2.csv,146,mcq,mmlu_abstract_algebra_0024,train,retain,H1_same_topic,mmlu_same_subject_other_item
pairs_mcq_v2.csv,147,mcq,mmlu_abstract_algebra_0024,train,retain,H3_predating,logiqa
pairs_mcq_v2.csv,148,mcq,mmlu_abstract_algebra_0024,train,retain,R_random,svamp
pairs_mcq_v2.csv,149,mcq,mmlu_abstract_algebra_0025,train,remove,C0_exact,mmlu_copy
pairs_mcq_v2.csv,150,mcq,mmlu_abstract_algebra_0025,train,remove,C1_transformed,lmsys_rephrase
pairs_mcq_v2.csv,151,mcq,mmlu_abstract_algebra_0025,train,remove,C2_answer_bearing,mmlu_answer_frag
pairs_mcq_v2.csv,152,mcq,mmlu_abstract_algebra_0025,train,retain,H1_same_topic,mmlu_same_subject_other_item
pairs_mcq_v2.csv,153,mcq,mmlu_abstract_algebra_0025,train,retain,H3_predating,logiqa
pairs_mcq_v2.csv,154,mcq,mmlu_abstract_algebra_0025,train,retain,R_random,svamp
pairs_mcq_v2.csv,161,mcq,mmlu_abstract_algebra_0027,train,remove,C0_exact,mmlu_copy
pairs_mcq_v2.csv,162,mcq,mmlu_abstract_algebra_0027,train,remove,C1_transformed,lmsys_rephrase
pairs_mcq_v2.csv,163,mcq,mmlu_abstract_algebra_0027,train,remove,C2_answer_bearing,mmlu_answer_frag
pairs_mcq_v2.csv,164,mcq,mmlu_abstract_algebra_0027,train,retain,H1_same_topic,mmlu_same_subject_other_item
pairs_mcq_v2.csv,165,mcq,mmlu_abstract_algebra_0027,train,retain,H3_predating,logiqa
pairs_mcq_v2.csv,166,mcq,mmlu_abstract_algebra_0027,train,retain,R_random,svamp
pairs_mcq_v2.csv,173,mcq,mmlu_abstract_algebra_0029,train,remove,C0_exact,mmlu_copy
pairs_mcq_v2.csv,174,mcq,mmlu_abstract_algebra_0029,train,remove,C1_transformed,lmsys_rephrase
pairs_mcq_v2.csv,175,mcq,mmlu_abstract_algebra_0029,train,remove,C2_answer_bearing,mmlu_answer_frag
pairs_mcq_v2.csv,176,mcq,mmlu_abstract_algebra_0029,train,retain,H1_same_topic,mmlu_same_subject_other_item
pairs_mcq_v2.csv,177,mcq,mmlu_abstract_algebra_0029,train,retain,H3_predating,logiqa
pairs_mcq_v2.csv,178,mcq,mmlu_abstract_algebra_0029,train,retain,R_random,svamp
pairs_mcq_v2.csv,185,mcq,mmlu_abstract_algebra_0031,train,remove,C0_exact,mmlu_copy
pairs_mcq_v2.csv,186,mcq,mmlu_abstract_algebra_0031,train,remove,C1_transformed,lmsys_rephrase
pairs_mcq_v2.csv,187,mcq,mmlu_abstract_algebra_0031,train,remove,C2_answer_bearing,mmlu_answer_frag
pairs_mcq_v2.csv,188,mcq,mmlu_abstract_algebra_0031,train,retain,H1_same_topic,mmlu_same_subject_other_item
pairs_mcq_v2.csv,189,mcq,mmlu_abstract_algebra_0031,train,retain,H3_predating,logiqa
pairs_mcq_v2.csv,190,mcq,mmlu_abstract_algebra_0031,train,retain,R_random,svamp
pairs_mcq_v2.csv,202,mcq,mmlu_abstract_algebra_0034,train,remove,C0_exact,mmlu_copy
pairs_mcq_v2.csv,203,mcq,mmlu_abstract_algebra_0034,train,remove,C1_transformed,lmsys_rephrase
pairs_mcq_v2.csv,204,mcq,mmlu_abstract_algebra_0034,train,remove,C2_answer_bearing,mmlu_answer_frag
pairs_mcq_v2.csv,205,mcq,mmlu_abstract_algebra_0034,train,retain,H1_same_topic,mmlu_same_subject_other_item
pairs_mcq_v2.csv,206,mcq,mmlu_abstract_algebra_0034,train,retain,H3_predating,logiqa
pairs_mcq_v2.csv,207,mcq,mmlu_abstract_algebra_0034,train,retain,R_random,svamp
pairs_mcq_v2.csv,214,mcq,mmlu_abstract_algebra_0036,train,remove,C0_exact,mmlu_copy
pairs_mcq_v2.csv,215,mcq,mmlu_abstract_algebra_0036,train,remove,C1_transformed,lmsys_rephrase
pairs_mcq_v2.csv,216,mcq,mmlu_abstract_algebra_0036,train,remove,C2_answer_bearing,mmlu_answer_frag
pairs_mcq_v2.csv,217,mcq,mmlu_abstract_algebra_0036,train,retain,H1_same_topic,mmlu_same_subject_other_item
pairs_mcq_v2.csv,218,mcq,mmlu_abstract_algebra_0036,train,retain,H3_predating,logiqa
pairs_mcq_v2.csv,219,mcq,mmlu_abstract_algebra_0036,train,retain,R_random,svamp
pairs_mcq_v2.csv,220,mcq,mmlu_abstract_algebra_0037,train,remove,C0_exact,mmlu_copy
pairs_mcq_v2.csv,221,mcq,mmlu_abstract_algebra_0037,train,remove,C2_answer_bearing,mmlu_answer_frag
pairs_mcq_v2.csv,222,mcq,mmlu_abstract_algebra_0037,train,retain,H1_same_topic,mmlu_same_subject_other_item
pairs_mcq_v2.csv,223,mcq,mmlu_abstract_algebra_0037,train,retain,H3_predating,logiqa
pairs_mcq_v2.csv,224,mcq,mmlu_abstract_algebra_0037,train,retain,R_random,svamp
pairs_mcq_v2.csv,225,mcq,mmlu_abstract_algebra_0038,train,remove,C0_exact,mmlu_copy
pairs_mcq_v2.csv,226,mcq,mmlu_abstract_algebra_0038,train,remove,C1_transformed,lmsys_rephrase
pairs_mcq_v2.csv,227,mcq,mmlu_abstract_algebra_0038,train,remove,C2_answer_bearing,mmlu_answer_frag
pairs_mcq_v2.csv,228,mcq,mmlu_abstract_algebra_0038,train,retain,H1_same_topic,mmlu_same_subject_other_item
pairs_mcq_v2.csv,229,mcq,mmlu_abstract_algebra_0038,train,retain,H3_predating,logiqa
pairs_mcq_v2.csv,230,mcq,mmlu_abstract_algebra_0038,train,retain,R_random,svamp
pairs_mcq_v2.csv,237,mcq,mmlu_abstract_algebra_0040,train,remove,C0_exact,mmlu_copy
pairs_mcq_v2.csv,238,mcq,mmlu_abstract_algebra_0040,train,remove,C1_transformed,lmsys_rephrase
pairs_mcq_v2.csv,239,mcq,mmlu_abstract_algebra_0040,train,remove,C2_answer_bearing,mmlu_answer_frag
pairs_mcq_v2.csv,240,mcq,mmlu_abstract_algebra_0040,train,retain,H1_same_topic,mmlu_same_subject_other_item
pairs_mcq_v2.csv,241,mcq,mmlu_abstract_algebra_0040,train,retain,H3_predating,logiqa
pairs_mcq_v2.csv,242,mcq,mmlu_abstract_algebra_0040,train,retain,R_random,svamp
pairs_mcq_v2.csv,261,mcq,mmlu_abstract_algebra_0044,train,remove,C0_exact,mmlu_copy
pairs_mcq_v2.csv,262,mcq,mmlu_abstract_algebra_0044,train,remove,C2_answer_bearing,mmlu_answer_frag
pairs_mcq_v2.csv,263,mcq,mmlu_abstract_algebra_0044,train,retain,H1_same_topic,mmlu_same_subject_other_item
pairs_mcq_v2.csv,264,mcq,mmlu_abstract_algebra_0044,train,retain,H3_predating,logiqa
pairs_mcq_v2.csv,265,mcq,mmlu_abstract_algebra_0044,train,retain,R_random,svamp
pairs_mcq_v2.csv,272,mcq,mmlu_abstract_algebra_0046,train,remove,C0_exact,mmlu_copy
pairs_mcq_v2.csv,273,mcq,mmlu_abstract_algebra_0046,train,remove,C1_transformed,lmsys_rephrase
pairs_mcq_v2.csv,274,mcq,mmlu_abstract_algebra_0046,train,remove,C2_answer_bearing,mmlu_answer_frag
pairs_mcq_v2.csv,275,mcq,mmlu_abstract_algebra_0046,train,retain,H1_same_topic,mmlu_same_subject_other_item
pairs_mcq_v2.csv,276,mcq,mmlu_abstract_algebra_0046,train,retain,H3_predating,logiqa
pairs_mcq_v2.csv,277,mcq,mmlu_abstract_algebra_0046,train,retain,R_random,svamp
pairs_mcq_v2.csv,278,mcq,mmlu_abstract_algebra_0047,train,remove,C0_exact,mmlu_copy
pairs_mcq_v2.csv,279,mcq,mmlu_abstract_algebra_0047,train,remove,C1_transformed,lmsys_rephrase
pairs_mcq_v2.csv,280,mcq,mmlu_abstract_algebra_0047,train,remove,C2_answer_bearing,mmlu_answer_frag
pairs_mcq_v2.csv,281,mcq,mmlu_abstract_algebra_0047,train,retain,H1_same_topic,mmlu_same_subject_other_item
pairs_mcq_v2.csv,282,mcq,mmlu_abstract_algebra_0047,train,retain,H3_predating,logiqa
pairs_mcq_v2.csv,283,mcq,mmlu_abstract_algebra_0047,train,retain,R_random,svamp
pairs_mcq_v2.csv,290,mcq,mmlu_abstract_algebra_0049,train,remove,C0_exact,mmlu_copy
pairs_mcq_v2.csv,291,mcq,mmlu_abstract_algebra_0049,train,remove,C1_transformed,lmsys_rephrase
pairs_mcq_v2.csv,292,mcq,mmlu_abstract_algebra_0049,train,remove,C2_answer_bearing,mmlu_answer_frag
pairs_mcq_v2.csv,293,mcq,mmlu_abstract_algebra_0049,train,retain,H1_same_topic,mmlu_same_subject_other_item
pairs_mcq_v2.csv,294,mcq,mmlu_abstract_algebra_0049,train,retain,H3_predating,logiqa
pairs_mcq_v2.csv,295,mcq,mmlu_abstract_algebra_0049,train,retain,R_random,svamp
pairs_mcq_v2.csv,320,mcq,mmlu_abstract_algebra_0054,train,remove,C0_exact,mmlu_copy
pairs_mcq_v2.csv,321,mcq,mmlu_abstract_algebra_0054,train,remove,C1_transformed,lmsys_rephrase
pairs_mcq_v2.csv,322,mcq,mmlu_abstract_algebra_0054,train,remove,C2_answer_bearing,mmlu_answer_frag
pairs_mcq_v2.csv,323,mcq,mmlu_abstract_algebra_0054,train,retain,H1_same_topic,mmlu_same_subject_other_item
pairs_mcq_v2.csv,324,mcq,mmlu_abstract_algebra_0054,train,retain,H3_predating,logiqa
pairs_mcq_v2.csv,325,mcq,mmlu_abstract_algebra_0054,train,retain,R_random,svamp
pairs_mcq_v2.csv,332,mcq,mmlu_abstract_algebra_0056,train,remove,C0_exact,mmlu_copy
pairs_mcq_v2.csv,333,mcq,mmlu_abstract_algebra_0056,train,remove,C1_transformed,lmsys_rephrase
pairs_mcq_v2.csv,334,mcq,mmlu_abstract_algebra_0056,train,remove,C2_answer_bearing,mmlu_answer_frag
pairs_mcq_v2.csv,335,mcq,mmlu_abstract_algebra_0056,train,retain,H1_same_topic,mmlu_same_subject_other_item
pairs_mcq_v2.csv,336,mcq,mmlu_abstract_algebra_0056,train,retain,H3_predating,logiqa
pairs_mcq_v2.csv,337,mcq,mmlu_abstract_algebra_0056,train,retain,R_random,svamp
pairs_mcq_v2.csv,392,mcq,mmlu_abstract_algebra_0066,train,remove,C0_exact,mmlu_copy
pairs_mcq_v2.csv,393,mcq,mmlu_abstract_algebra_0066,train,remove,C1_transformed,lmsys_rephrase
pairs_mcq_v2.csv,394,mcq,mmlu_abstract_algebra_0066,train,remove,C2_answer_bearing,mmlu_answer_frag
pairs_mcq_v2.csv,395,mcq,mmlu_abstract_algebra_0066,train,retain,H1_same_topic,mmlu_same_subject_other_item
pairs_mcq_v2.csv,396,mcq,mmlu_abstract_algebra_0066,train,retain,H3_predating,logiqa
pairs_mcq_v2.csv,397,mcq,mmlu_abstract_algebra_0066,train,retain,R_random,svamp
pairs_mcq_v2.csv,398,mcq,mmlu_abstract_algebra_0067,train,remove,C0_exact,mmlu_copy
pairs_mcq_v2.csv,399,mcq,mmlu_abstract_algebra_0067,train,remove,C1_transformed,lmsys_rephrase
pairs_mcq_v2.csv,400,mcq,mmlu_abstract_algebra_0067,train,remove,C2_answer_bearing,mmlu_answer_frag
pairs_mcq_v2.csv,401,mcq,mmlu_abstract_algebra_0067,train,retain,H1_same_topic,mmlu_same_subject_other_item
pairs_mcq_v2.csv,402,mcq,mmlu_abstract_algebra_0067,train,retain,H3_predating,logiqa
pairs_mcq_v2.csv,403,mcq,mmlu_abstract_algebra_0067,train,retain,R_random,svamp
pairs_mcq_v2.csv,410,mcq,mmlu_abstract_algebra_0069,train,remove,C0_exact,mmlu_copy
pairs_mcq_v2.csv,411,mcq,mmlu_abstract_algebra_0069,train,remove,C1_transformed,lmsys_rephrase
pairs_mcq_v2.csv,412,mcq,mmlu_abstract_algebra_0069,train,remove,C2_answer_bearing,mmlu_answer_frag
pairs_mcq_v2.csv,413,mcq,mmlu_abstract_algebra_0069,train,retain,H1_same_topic,mmlu_same_subject_other_item
pairs_mcq_v2.csv,414,mcq,mmlu_abstract_algebra_0069,train,retain,H3_predating,logiqa
pairs_mcq_v2.csv,415,mcq,mmlu_abstract_algebra_0069,train,retain,R_random,svamp
pairs_mcq_v2.csv,416,mcq,mmlu_abstract_algebra_0070,train,remove,C0_exact,mmlu_copy
pairs_mcq_v2.csv,417,mcq,mmlu_abstract_algebra_0070,train,remove,C1_transformed,lmsys_rephrase
pairs_mcq_v2.csv,418,mcq,mmlu_abstract_algebra_0070,train,remove,C2_answer_bearing,mmlu_answer_frag
pairs_mcq_v2.csv,419,mcq,mmlu_abstract_algebra_0070,train,retain,H1_same_topic,mmlu_same_subject_other_item
pairs_mcq_v2.csv,420,mcq,mmlu_abstract_algebra_0070,train,retain,H3_predating,logiqa
pairs_mcq_v2.csv,421,mcq,mmlu_abstract_algebra_0070,train,retain,R_random,svamp
pairs_mcq_v2.csv,422,mcq,mmlu_abstract_algebra_0071,train,remove,C0_exact,mmlu_copy
pairs_mcq_v2.csv,423,mcq,mmlu_abstract_algebra_0071,train,remove,C1_transformed,lmsys_rephrase
pairs_mcq_v2.csv,424,mcq,mmlu_abstract_algebra_0071,train,remove,C2_answer_bearing,mmlu_answer_frag
pairs_mcq_v2.csv,425,mcq,mmlu_abstract_algebra_0071,train,retain,H1_same_topic,mmlu_same_subject_other_item
pairs_mcq_v2.csv,426,mcq,mmlu_abstract_algebra_0071,train,retain,H3_predating,logiqa
pairs_mcq_v2.csv,427,mcq,mmlu_abstract_algebra_0071,train,retain,R_random,svamp
pairs_mcq_v2.csv,434,mcq,mmlu_abstract_algebra_0073,train,remove,C0_exact,mmlu_copy
pairs_mcq_v2.csv,435,mcq,mmlu_abstract_algebra_0073,train,remove,C1_transformed,lmsys_rephrase
pairs_mcq_v2.csv,436,mcq,mmlu_abstract_algebra_0073,train,remove,C2_answer_bearing,mmlu_answer_frag
pairs_mcq_v2.csv,437,mcq,mmlu_abstract_algebra_0073,train,retain,H1_same_topic,mmlu_same_subject_other_item
pairs_mcq_v2.csv,438,mcq,mmlu_abstract_algebra_0073,train,retain,H3_predating,logiqa
pairs_mcq_v2.csv,439,mcq,mmlu_abstract_algebra_0073,train,retain,R_random,svamp
pairs_mcq_v2.csv,440,mcq,mmlu_abstract_algebra_0074,train,remove,C0_exact,mmlu_copy
pairs_mcq_v2.csv,441,mcq,mmlu_abstract_algebra_0074,train,remove,C1_transformed,lmsys_rephrase
pairs_mcq_v2.csv,442,mcq,mmlu_abstract_algebra_0074,train,remove,C2_answer_bearing,mmlu_answer_frag
pairs_mcq_v2.csv,443,mcq,mmlu_abstract_algebra_0074,train,retain,H1_same_topic,mmlu_same_subject_other_item
pairs_mcq_v2.csv,444,mcq,mmlu_abstract_algebra_0074,train,retain,H3_predating,logiqa
pairs_mcq_v2.csv,445,mcq,mmlu_abstract_algebra_0074,train,retain,R_random,svamp
pairs_mcq_v2.csv,452,mcq,mmlu_abstract_algebra_0076,train,remove,C0_exact,mmlu_copy
pairs_mcq_v2.csv,453,mcq,mmlu_abstract_algebra_0076,train,remove,C1_transformed,lmsys_rephrase
pairs_mcq_v2.csv,454,mcq,mmlu_abstract_algebra_0076,train,remove,C2_answer_bearing,mmlu_answer_frag
pairs_mcq_v2.csv,455,mcq,mmlu_abstract_algebra_0076,train,retain,H1_same_topic,mmlu_same_subject_other_item
pairs_mcq_v2.csv,456,mcq,mmlu_abstract_algebra_0076,train,retain,H3_predating,logiqa
pairs_mcq_v2.csv,457,mcq,mmlu_abstract_algebra_0076,train,retain,R_random,svamp
pairs_mcq_v2.csv,464,mcq,mmlu_abstract_algebra_0078,train,remove,C0_exact,mmlu_copy
pairs_mcq_v2.csv,465,mcq,mmlu_abstract_algebra_0078,train,remove,C1_transformed,lmsys_rephrase
pairs_mcq_v2.csv,466,mcq,mmlu_abstract_algebra_0078,train,remove,C2_answer_bearing,mmlu_answer_frag
pairs_mcq_v2.csv,467,mcq,mmlu_abstract_algebra_0078,train,retain,H1_same_topic,mmlu_same_subject_other_item
pairs_mcq_v2.csv,468,mcq,mmlu_abstract_algebra_0078,train,retain,H3_predating,logiqa
pairs_mcq_v2.csv,469,mcq,mmlu_abstract_algebra_0078,train,retain,R_random,svamp
pairs_mcq_v2.csv,482,mcq,mmlu_abstract_algebra_0081,train,remove,C0_exact,mmlu_copy
pairs_mcq_v2.csv,483,mcq,mmlu_abstract_algebra_0081,train,remove,C1_transformed,lmsys_rephrase
pairs_mcq_v2.csv,484,mcq,mmlu_abstract_algebra_0081,train,remove,C2_answer_bearing,mmlu_answer_frag
pairs_mcq_v2.csv,485,mcq,mmlu_abstract_algebra_0081,train,retain,H1_same_topic,mmlu_same_subject_other_item
pairs_mcq_v2.csv,486,mcq,mmlu_abstract_algebra_0081,train,retain,H3_predating,logiqa
pairs_mcq_v2.csv,487,mcq,mmlu_abstract_algebra_0081,train,retain,R_random,svamp
pairs_mcq_v2.csv,500,mcq,mmlu_abstract_algebra_0084,train,remove,C0_exact,mmlu_copy
pairs_mcq_v2.csv,501,mcq,mmlu_abstract_algebra_0084,train,remove,C1_transformed,lmsys_rephrase
pairs_mcq_v2.csv,502,mcq,mmlu_abstract_algebra_0084,train,remove,C2_answer_bearing,mmlu_answer_frag
pairs_mcq_v2.csv,503,mcq,mmlu_abstract_algebra_0084,train,retain,H1_same_topic,mmlu_same_subject_other_item
pairs_mcq_v2.csv,504,mcq,mmlu_abstract_algebra_0084,train,retain,H3_predating,logiqa
pairs_mcq_v2.csv,505,mcq,mmlu_abstract_algebra_0084,train,retain,R_random,svamp
pairs_mcq_v2.csv,506,mcq,mmlu_abstract_algebra_0085,train,remove,C0_exact,mmlu_copy
pairs_mcq_v2.csv,507,mcq,mmlu_abstract_algebra_0085,train,remove,C1_transformed,lmsys_rephrase
pairs_mcq_v2.csv,508,mcq,mmlu_abstract_algebra_0085,train,remove,C2_answer_bearing,mmlu_answer_frag
pairs_mcq_v2.csv,509,mcq,mmlu_abstract_algebra_0085,train,retain,H1_same_topic,mmlu_same_subject_other_item
pairs_mcq_v2.csv,510,mcq,mmlu_abstract_algebra_0085,train,retain,H3_predating,logiqa
pairs_mcq_v2.csv,511,mcq,mmlu_abstract_algebra_0085,train,retain,R_random,svamp
pairs_mcq_v2.csv,512,mcq,mmlu_abstract_algebra_0086,train,remove,C0_exact,mmlu_copy
pairs_mcq_v2.csv,513,mcq,mmlu_abstract_algebra_0086,train,remove,C1_transformed,lmsys_rephrase
pairs_mcq_v2.csv,514,mcq,mmlu_abstract_algebra_0086,train,remove,C2_answer_bearing,mmlu_answer_frag
pairs_mcq_v2.csv,515,mcq,mmlu_abstract_algebra_0086,train,retain,H1_same_topic,mmlu_same_subject_other_item
pairs_mcq_v2.csv,516,mcq,mmlu_abstract_algebra_0086,train,retain,H3_predating,logiqa
pairs_mcq_v2.csv,517,mcq,mmlu_abstract_algebra_0086,train,retain,R_random,svamp
pairs_mcq_v2.csv,518,mcq,mmlu_abstract_algebra_0087,train,remove,C0_exact,mmlu_copy
pairs_mcq_v2.csv,519,mcq,mmlu_abstract_algebra_0087,train,remove,C1_transformed,lmsys_rephrase
pairs_mcq_v2.csv,520,mcq,mmlu_abstract_algebra_0087,train,remove,C2_answer_bearing,mmlu_answer_frag
pairs_mcq_v2.csv,521,mcq,mmlu_abstract_algebra_0087,train,retain,H1_same_topic,mmlu_same_subject_other_item
pairs_mcq_v2.csv,522,mcq,mmlu_abstract_algebra_0087,train,retain,H3_predating,logiqa
pairs_mcq_v2.csv,523,mcq,mmlu_abstract_algebra_0087,train,retain,R_random,svamp
pairs_mcq_v2.csv,554,mcq,mmlu_abstract_algebra_0093,train,remove,C0_exact,mmlu_copy
pairs_mcq_v2.csv,555,mcq,mmlu_abstract_algebra_0093,train,remove,C1_transformed,lmsys_rephrase
pairs_mcq_v2.csv,556,mcq,mmlu_abstract_algebra_0093,train,remove,C2_answer_bearing,mmlu_answer_frag
pairs_mcq_v2.csv,557,mcq,mmlu_abstract_algebra_0093,train,retain,H1_same_topic,mmlu_same_subject_other_item
pairs_mcq_v2.csv,558,mcq,mmlu_abstract_algebra_0093,train,retain,H3_predating,logiqa
pairs_mcq_v2.csv,559,mcq,mmlu_abstract_algebra_0093,train,retain,R_random,svamp
pairs_mcq_v2.csv,560,mcq,mmlu_abstract_algebra_0094,train,remove,C0_exact,mmlu_copy
pairs_mcq_v2.csv,561,mcq,mmlu_abstract_algebra_0094,train,remove,C1_transformed,lmsys_rephrase
pairs_mcq_v2.csv,562,mcq,mmlu_abstract_algebra_0094,train,remove,C2_answer_bearing,mmlu_answer_frag
pairs_mcq_v2.csv,563,mcq,mmlu_abstract_algebra_0094,train,retain,H1_same_topic,mmlu_same_subject_other_item
pairs_mcq_v2.csv,564,mcq,mmlu_abstract_algebra_0094,train,retain,H3_predating,logiqa
pairs_mcq_v2.csv,565,mcq,mmlu_abstract_algebra_0094,train,retain,R_random,svamp
pairs_mcq_v2.csv,590,mcq,mmlu_abstract_algebra_0099,train,remove,C0_exact,mmlu_copy
pairs_mcq_v2.csv,591,mcq,mmlu_abstract_algebra_0099,train,remove,C1_transformed,lmsys_rephrase
pairs_mcq_v2.csv,592,mcq,mmlu_abstract_algebra_0099,train,remove,C2_answer_bearing,mmlu_answer_frag
pairs_mcq_v2.csv,593,mcq,mmlu_abstract_algebra_0099,train,retain,H1_same_topic,mmlu_same_subject_other_item
pairs_mcq_v2.csv,594,mcq,mmlu_abstract_algebra_0099,train,retain,H3_predating,logiqa
pairs_mcq_v2.csv,595,mcq,mmlu_abstract_algebra_0099,train,retain,R_random,svamp
pairs_mcq_v2.csv,602,mcq,mmlu_high_school_us_history_0001,train,remove,C0_exact,mmlu_copy
pairs_mcq_v2.csv,603,mcq,mmlu_high_school_us_history_0001,train,remove,C2_answer_bearing,mmlu_answer_frag
pairs_mcq_v2.csv,604,mcq,mmlu_high_school_us_history_0001,train,retain,H1_same_topic,mmlu_same_subject_other_item
pairs_mcq_v2.csv,605,mcq,mmlu_high_school_us_history_0001,train,retain,H3_predating,logiqa
pairs_mcq_v2.csv,606,mcq,mmlu_high_school_us_history_0001,train,retain,R_random,svamp
pairs_mcq_v2.csv,613,mcq,mmlu_high_school_us_history_0003,train,remove,C0_exact,mmlu_copy
pairs_mcq_v2.csv,614,mcq,mmlu_high_school_us_history_0003,train,remove,C1_transformed,lmsys_rephrase
pairs_mcq_v2.csv,615,mcq,mmlu_high_school_us_history_0003,train,remove,C2_answer_bearing,mmlu_answer_frag
pairs_mcq_v2.csv,616,mcq,mmlu_high_school_us_history_0003,train,retain,H1_same_topic,mmlu_same_subject_other_item
pairs_mcq_v2.csv,617,mcq,mmlu_high_school_us_history_0003,train,retain,H3_predating,logiqa
pairs_mcq_v2.csv,618,mcq,mmlu_high_school_us_history_0003,train,retain,R_random,svamp
pairs_mcq_v2.csv,625,mcq,mmlu_high_school_us_history_0005,train,remove,C0_exact,mmlu_copy
pairs_mcq_v2.csv,626,mcq,mmlu_high_school_us_history_0005,train,remove,C1_transformed,lmsys_rephrase
pairs_mcq_v2.csv,627,mcq,mmlu_high_school_us_history_0005,train,remove,C2_answer_bearing,mmlu_answer_frag
pairs_mcq_v2.csv,628,mcq,mmlu_high_school_us_history_0005,train,retain,H1_same_topic,mmlu_same_subject_other_item
pairs_mcq_v2.csv,629,mcq,mmlu_high_school_us_history_0005,train,retain,H3_predating,logiqa
pairs_mcq_v2.csv,630,mcq,mmlu_high_school_us_history_0005,train,retain,R_random,svamp
pairs_mcq_v2.csv,637,mcq,mmlu_high_school_us_history_0007,train,remove,C0_exact,mmlu_copy
pairs_mcq_v2.csv,638,mcq,mmlu_high_school_us_history_0007,train,remove,C1_transformed,lmsys_rephrase
pairs_mcq_v2.csv,639,mcq,mmlu_high_school_us_history_0007,train,remove,C2_answer_bearing,mmlu_answer_frag
pairs_mcq_v2.csv,640,mcq,mmlu_high_school_us_history_0007,train,retain,H1_same_topic,mmlu_same_subject_other_item
pairs_mcq_v2.csv,641,mcq,mmlu_high_school_us_history_0007,train,retain,H3_predating,logiqa
pairs_mcq_v2.csv,642,mcq,mmlu_high_school_us_history_0007,train,retain,R_random,svamp
pairs_mcq_v2.csv,643,mcq,mmlu_high_school_us_history_0008,train,remove,C0_exact,mmlu_copy
pairs_mcq_v2.csv,644,mcq,mmlu_high_school_us_history_0008,train,remove,C1_transformed,lmsys_rephrase
pairs_mcq_v2.csv,645,mcq,mmlu_high_school_us_history_0008,train,remove,C2_answer_bearing,mmlu_answer_frag
pairs_mcq_v2.csv,646,mcq,mmlu_high_school_us_history_0008,train,retain,H1_same_topic,mmlu_same_subject_other_item
pairs_mcq_v2.csv,647,mcq,mmlu_high_school_us_history_0008,train,retain,H3_predating,logiqa
pairs_mcq_v2.csv,648,mcq,mmlu_high_school_us_history_0008,train,retain,R_random,svamp
pairs_mcq_v2.csv,661,mcq,mmlu_high_school_us_history_0011,train,remove,C0_exact,mmlu_copy
pairs_mcq_v2.csv,662,mcq,mmlu_high_school_us_history_0011,train,remove,C1_transformed,lmsys_rephrase
pairs_mcq_v2.csv,663,mcq,mmlu_high_school_us_history_0011,train,remove,C2_answer_bearing,mmlu_answer_frag
pairs_mcq_v2.csv,664,mcq,mmlu_high_school_us_history_0011,train,retain,H1_same_topic,mmlu_same_subject_other_item
pairs_mcq_v2.csv,665,mcq,mmlu_high_school_us_history_0011,train,retain,H3_predating,logiqa
pairs_mcq_v2.csv,666,mcq,mmlu_high_school_us_history_0011,train,retain,R_random,svamp
pairs_mcq_v2.csv,667,mcq,mmlu_high_school_us_history_0012,train,remove,C0_exact,mmlu_copy
pairs_mcq_v2.csv,668,mcq,mmlu_high_school_us_history_0012,train,remove,C1_transformed,lmsys_rephrase
pairs_mcq_v2.csv,669,mcq,mmlu_high_school_us_history_0012,train,remove,C2_answer_bearing,mmlu_answer_frag
pairs_mcq_v2.csv,670,mcq,mmlu_high_school_us_history_0012,train,retain,H1_same_topic,mmlu_same_subject_other_item
pairs_mcq_v2.csv,671,mcq,mmlu_high_school_us_history_0012,train,retain,H3_predating,logiqa
pairs_mcq_v2.csv,672,mcq,mmlu_high_school_us_history_0012,train,retain,R_random,svamp
pairs_mcq_v2.csv,673,mcq,mmlu_high_school_us_history_0013,train,remove,C0_exact,mmlu_copy
pairs_mcq_v2.csv,674,mcq,mmlu_high_school_us_history_0013,train,remove,C1_transformed,lmsys_rephrase
pairs_mcq_v2.csv,675,mcq,mmlu_high_school_us_history_0013,train,remove,C2_answer_bearing,mmlu_answer_frag
pairs_mcq_v2.csv,676,mcq,mmlu_high_school_us_history_0013,train,retain,H1_same_topic,mmlu_same_subject_other_item
pairs_mcq_v2.csv,677,mcq,mmlu_high_school_us_history_0013,train,retain,H3_predating,logiqa
pairs_mcq_v2.csv,678,mcq,mmlu_high_school_us_history_0013,train,retain,R_random,svamp
pairs_mcq_v2.csv,685,mcq,mmlu_high_school_us_history_0015,train,remove,C0_exact,mmlu_copy
pairs_mcq_v2.csv,686,mcq,mmlu_high_school_us_history_0015,train,remove,C1_transformed,lmsys_rephrase
pairs_mcq_v2.csv,687,mcq,mmlu_high_school_us_history_0015,train,remove,C2_answer_bearing,mmlu_answer_frag
pairs_mcq_v2.csv,688,mcq,mmlu_high_school_us_history_0015,train,retain,H1_same_topic,mmlu_same_subject_other_item
pairs_mcq_v2.csv,689,mcq,mmlu_high_school_us_history_0015,train,retain,H3_predating,logiqa
pairs_mcq_v2.csv,690,mcq,mmlu_high_school_us_history_0015,train,retain,R_random,svamp
pairs_mcq_v2.csv,691,mcq,mmlu_high_school_us_history_0016,train,remove,C0_exact,mmlu_copy
pairs_mcq_v2.csv,692,mcq,mmlu_high_school_us_history_0016,train,remove,C1_transformed,lmsys_rephrase
pairs_mcq_v2.csv,693,mcq,mmlu_high_school_us_history_0016,train,remove,C2_answer_bearing,mmlu_answer_frag
pairs_mcq_v2.csv,694,mcq,mmlu_high_school_us_history_0016,train,retain,H1_same_topic,mmlu_same_subject_other_item
pairs_mcq_v2.csv,695,mcq,mmlu_high_school_us_history_0016,train,retain,H3_predating,logiqa
pairs_mcq_v2.csv,696,mcq,mmlu_high_school_us_history_0016,train,retain,R_random,svamp
pairs_mcq_v2.csv,697,mcq,mmlu_high_school_us_history_0017,train,remove,C0_exact,mmlu_copy
pairs_mcq_v2.csv,698,mcq,mmlu_high_school_us_history_0017,train,remove,C1_transformed,lmsys_rephrase
pairs_mcq_v2.csv,699,mcq,mmlu_high_school_us_history_0017,train,remove,C2_answer_bearing,mmlu_answer_frag
pairs_mcq_v2.csv,700,mcq,mmlu_high_school_us_history_0017,train,retain,H1_same_topic,mmlu_same_subject_other_item
pairs_mcq_v2.csv,701,mcq,mmlu_high_school_us_history_0017,train,retain,H3_predating,logiqa
pairs_mcq_v2.csv,702,mcq,mmlu_high_school_us_history_0017,train,retain,R_random,svamp
pairs_mcq_v2.csv,703,mcq,mmlu_high_school_us_history_0018,train,remove,C0_exact,mmlu_copy
pairs_mcq_v2.csv,704,mcq,mmlu_high_school_us_history_0018,train,remove,C2_answer_bearing,mmlu_answer_frag
pairs_mcq_v2.csv,705,mcq,mmlu_high_school_us_history_0018,train,retain,H1_same_topic,mmlu_same_subject_other_item
pairs_mcq_v2.csv,706,mcq,mmlu_high_school_us_history_0018,train,retain,H3_predating,logiqa
pairs_mcq_v2.csv,707,mcq,mmlu_high_school_us_history_0018,train,retain,R_random,svamp
pairs_mcq_v2.csv,708,mcq,mmlu_high_school_us_history_0019,train,remove,C0_exact,mmlu_copy
pairs_mcq_v2.csv,709,mcq,mmlu_high_school_us_history_0019,train,remove,C1_transformed,lmsys_rephrase
pairs_mcq_v2.csv,710,mcq,mmlu_high_school_us_history_0019,train,remove,C2_answer_bearing,mmlu_answer_frag
pairs_mcq_v2.csv,711,mcq,mmlu_high_school_us_history_0019,train,retain,H1_same_topic,mmlu_same_subject_other_item
pairs_mcq_v2.csv,712,mcq,mmlu_high_school_us_history_0019,train,retain,H3_predating,logiqa
pairs_mcq_v2.csv,713,mcq,mmlu_high_school_us_history_0019,train,retain,R_random,svamp
pairs_mcq_v2.csv,738,mcq,mmlu_high_school_us_history_0024,train,remove,C0_exact,mmlu_copy
pairs_mcq_v2.csv,739,mcq,mmlu_high_school_us_history_0024,train,remove,C1_transformed,lmsys_rephrase
pairs_mcq_v2.csv,740,mcq,mmlu_high_school_us_history_0024,train,remove,C2_answer_bearing,mmlu_answer_frag
pairs_mcq_v2.csv,741,mcq,mmlu_high_school_us_history_0024,train,retain,H1_same_topic,mmlu_same_subject_other_item
pairs_mcq_v2.csv,742,mcq,mmlu_high_school_us_history_0024,train,retain,H3_predating,logiqa
pairs_mcq_v2.csv,743,mcq,mmlu_high_school_us_history_0024,train,retain,R_random,svamp
pairs_mcq_v2.csv,744,mcq,mmlu_high_school_us_history_0025,train,remove,C0_exact,mmlu_copy
pairs_mcq_v2.csv,745,mcq,mmlu_high_school_us_history_0025,train,remove,C1_transformed,lmsys_rephrase
pairs_mcq_v2.csv,746,mcq,mmlu_high_school_us_history_0025,train,remove,C2_answer_bearing,mmlu_answer_frag
pairs_mcq_v2.csv,747,mcq,mmlu_high_school_us_history_0025,train,retain,H1_same_topic,mmlu_same_subject_other_item
pairs_mcq_v2.csv,748,mcq,mmlu_high_school_us_history_0025,train,retain,H3_predating,logiqa
pairs_mcq_v2.csv,749,mcq,mmlu_high_school_us_history_0025,train,retain,R_random,svamp
pairs_mcq_v2.csv,768,mcq,mmlu_high_school_us_history_0029,train,remove,C0_exact,mmlu_copy
pairs_mcq_v2.csv,769,mcq,mmlu_high_school_us_history_0029,train,remove,C1_transformed,lmsys_rephrase
pairs_mcq_v2.csv,770,mcq,mmlu_high_school_us_history_0029,train,remove,C2_answer_bearing,mmlu_answer_frag
pairs_mcq_v2.csv,771,mcq,mmlu_high_school_us_history_0029,train,retain,H1_same_topic,mmlu_same_subject_other_item
pairs_mcq_v2.csv,772,mcq,mmlu_high_school_us_history_0029,train,retain,H3_predating,logiqa
pairs_mcq_v2.csv,773,mcq,mmlu_high_school_us_history_0029,train,retain,R_random,svamp
pairs_mcq_v2.csv,791,mcq,mmlu_high_school_us_history_0033,train,remove,C0_exact,mmlu_copy
pairs_mcq_v2.csv,792,mcq,mmlu_high_school_us_history_0033,train,remove,C1_transformed,lmsys_rephrase
pairs_mcq_v2.csv,793,mcq,mmlu_high_school_us_history_0033,train,remove,C2_answer_bearing,mmlu_answer_frag
pairs_mcq_v2.csv,794,mcq,mmlu_high_school_us_history_0033,train,retain,H1_same_topic,mmlu_same_subject_other_item
pairs_mcq_v2.csv,795,mcq,mmlu_high_school_us_history_0033,train,retain,H3_predating,logiqa
pairs_mcq_v2.csv,796,mcq,mmlu_high_school_us_history_0033,train,retain,R_random,svamp
pairs_mcq_v2.csv,797,mcq,mmlu_high_school_us_history_0034,train,remove,C0_exact,mmlu_copy
pairs_mcq_v2.csv,798,mcq,mmlu_high_school_us_history_0034,train,remove,C1_transformed,lmsys_rephrase
pairs_mcq_v2.csv,799,mcq,mmlu_high_school_us_history_0034,train,remove,C2_answer_bearing,mmlu_answer_frag
pairs_mcq_v2.csv,800,mcq,mmlu_high_school_us_history_0034,train,retain,H1_same_topic,mmlu_same_subject_other_item
pairs_mcq_v2.csv,801,mcq,mmlu_high_school_us_history_0034,train,retain,H3_predating,logiqa
pairs_mcq_v2.csv,802,mcq,mmlu_high_school_us_history_0034,train,retain,R_random,svamp
pairs_mcq_v2.csv,803,mcq,mmlu_high_school_us_history_0035,train,remove,C0_exact,mmlu_copy
pairs_mcq_v2.csv,804,mcq,mmlu_high_school_us_history_0035,train,remove,C1_transformed,lmsys_rephrase
pairs_mcq_v2.csv,805,mcq,mmlu_high_school_us_history_0035,train,remove,C2_answer_bearing,mmlu_answer_frag
pairs_mcq_v2.csv,806,mcq,mmlu_high_school_us_history_0035,train,retain,H1_same_topic,mmlu_same_subject_other_item
pairs_mcq_v2.csv,807,mcq,mmlu_high_school_us_history_0035,train,retain,H3_predating,logiqa
pairs_mcq_v2.csv,808,mcq,mmlu_high_school_us_history_0035,train,retain,R_random,svamp
pairs_mcq_v2.csv,809,mcq,mmlu_high_school_us_history_0036,train,remove,C0_exact,mmlu_copy
pairs_mcq_v2.csv,810,mcq,mmlu_high_school_us_history_0036,train,remove,C1_transformed,lmsys_rephrase
pairs_mcq_v2.csv,811,mcq,mmlu_high_school_us_history_0036,train,remove,C2_answer_bearing,mmlu_answer_frag
pairs_mcq_v2.csv,812,mcq,mmlu_high_school_us_history_0036,train,retain,H1_same_topic,mmlu_same_subject_other_item
pairs_mcq_v2.csv,813,mcq,mmlu_high_school_us_history_0036,train,retain,H3_predating,logiqa
pairs_mcq_v2.csv,814,mcq,mmlu_high_school_us_history_0036,train,retain,R_random,svamp
pairs_mcq_v2.csv,851,mcq,mmlu_high_school_us_history_0043,train,remove,C0_exact,mmlu_copy
pairs_mcq_v2.csv,852,mcq,mmlu_high_school_us_history_0043,train,remove,C1_transformed,lmsys_rephrase
pairs_mcq_v2.csv,853,mcq,mmlu_high_school_us_history_0043,train,remove,C2_answer_bearing,mmlu_answer_frag
pairs_mcq_v2.csv,854,mcq,mmlu_high_school_us_history_0043,train,retain,H1_same_topic,mmlu_same_subject_other_item
pairs_mcq_v2.csv,855,mcq,mmlu_high_school_us_history_0043,train,retain,H3_predating,logiqa
pairs_mcq_v2.csv,856,mcq,mmlu_high_school_us_history_0043,train,retain,R_random,svamp
pairs_mcq_v2.csv,874,mcq,mmlu_high_school_us_history_0047,train,remove,C0_exact,mmlu_copy
pairs_mcq_v2.csv,875,mcq,mmlu_high_school_us_history_0047,train,remove,C1_transformed,lmsys_rephrase
pairs_mcq_v2.csv,876,mcq,mmlu_high_school_us_history_0047,train,remove,C2_answer_bearing,mmlu_answer_frag
pairs_mcq_v2.csv,877,mcq,mmlu_high_school_us_history_0047,train,retain,H1_same_topic,mmlu_same_subject_other_item
pairs_mcq_v2.csv,878,mcq,mmlu_high_school_us_history_0047,train,retain,H3_predating,logiqa
pairs_mcq_v2.csv,879,mcq,mmlu_high_school_us_history_0047,train,retain,R_random,svamp
pairs_mcq_v2.csv,880,mcq,mmlu_high_school_us_history_0048,train,remove,C0_exact,mmlu_copy
pairs_mcq_v2.csv,881,mcq,mmlu_high_school_us_history_0048,train,remove,C1_transformed,lmsys_rephrase
pairs_mcq_v2.csv,882,mcq,mmlu_high_school_us_history_0048,train,remove,C2_answer_bearing,mmlu_answer_frag
pairs_mcq_v2.csv,883,mcq,mmlu_high_school_us_history_0048,train,retain,H1_same_topic,mmlu_same_subject_other_item
pairs_mcq_v2.csv,884,mcq,mmlu_high_school_us_history_0048,train,retain,H3_predating,logiqa
pairs_mcq_v2.csv,885,mcq,mmlu_high_school_us_history_0048,train,retain,R_random,svamp
pairs_mcq_v2.csv,922,mcq,mmlu_high_school_us_history_0055,train,remove,C0_exact,mmlu_copy
pairs_mcq_v2.csv,923,mcq,mmlu_high_school_us_history_0055,train,remove,C1_transformed,lmsys_rephrase
pairs_mcq_v2.csv,924,mcq,mmlu_high_school_us_history_0055,train,remove,C2_answer_bearing,mmlu_answer_frag
pairs_mcq_v2.csv,925,mcq,mmlu_high_school_us_history_0055,train,retain,H1_same_topic,mmlu_same_subject_other_item
pairs_mcq_v2.csv,926,mcq,mmlu_high_school_us_history_0055,train,retain,H3_predating,logiqa
pairs_mcq_v2.csv,927,mcq,mmlu_high_school_us_history_0055,train,retain,R_random,svamp
pairs_mcq_v2.csv,946,mcq,mmlu_high_school_us_history_0059,train,remove,C0_exact,mmlu_copy
pairs_mcq_v2.csv,947,mcq,mmlu_high_school_us_history_0059,train,remove,C1_transformed,lmsys_rephrase
pairs_mcq_v2.csv,948,mcq,mmlu_high_school_us_history_0059,train,remove,C2_answer_bearing,mmlu_answer_frag
pairs_mcq_v2.csv,949,mcq,mmlu_high_school_us_history_0059,train,retain,H1_same_topic,mmlu_same_subject_other_item
pairs_mcq_v2.csv,950,mcq,mmlu_high_school_us_history_0059,train,retain,H3_predating,logiqa
pairs_mcq_v2.csv,951,mcq,mmlu_high_school_us_history_0059,train,retain,R_random,svamp
pairs_mcq_v2.csv,952,mcq,mmlu_high_school_us_history_0060,train,remove,C0_exact,mmlu_copy
pairs_mcq_v2.csv,953,mcq,mmlu_high_school_us_history_0060,train,remove,C1_transformed,lmsys_rephrase
pairs_mcq_v2.csv,954,mcq,mmlu_high_school_us_history_0060,train,remove,C2_answer_bearing,mmlu_answer_frag
pairs_mcq_v2.csv,955,mcq,mmlu_high_school_us_history_0060,train,retain,H1_same_topic,mmlu_same_subject_other_item
pairs_mcq_v2.csv,956,mcq,mmlu_high_school_us_history_0060,train,retain,H3_predating,logiqa
pairs_mcq_v2.csv,957,mcq,mmlu_high_school_us_history_0060,train,retain,R_random,svamp
pairs_mcq_v2.csv,964,mcq,mmlu_high_school_us_history_0062,train,remove,C0_exact,mmlu_copy
pairs_mcq_v2.csv,965,mcq,mmlu_high_school_us_history_0062,train,remove,C1_transformed,lmsys_rephrase
pairs_mcq_v2.csv,966,mcq,mmlu_high_school_us_history_0062,train,remove,C2_answer_bearing,mmlu_answer_frag
pairs_mcq_v2.csv,967,mcq,mmlu_high_school_us_history_0062,train,retain,H1_same_topic,mmlu_same_subject_other_item
pairs_mcq_v2.csv,968,mcq,mmlu_high_school_us_history_0062,train,retain,H3_predating,logiqa
pairs_mcq_v2.csv,969,mcq,mmlu_high_school_us_history_0062,train,retain,R_random,svamp
pairs_mcq_v2.csv,976,mcq,mmlu_high_school_us_history_0064,train,remove,C0_exact,mmlu_copy
pairs_mcq_v2.csv,977,mcq,mmlu_high_school_us_history_0064,train,remove,C1_transformed,lmsys_rephrase
pairs_mcq_v2.csv,978,mcq,mmlu_high_school_us_history_0064,train,remove,C2_answer_bearing,mmlu_answer_frag
pairs_mcq_v2.csv,979,mcq,mmlu_high_school_us_history_0064,train,retain,H1_same_topic,mmlu_same_subject_other_item
pairs_mcq_v2.csv,980,mcq,mmlu_high_school_us_history_0064,train,retain,H3_predating,logiqa
pairs_mcq_v2.csv,981,mcq,mmlu_high_school_us_history_0064,train,retain,R_random,svamp
pairs_mcq_v2.csv,982,mcq,mmlu_high_school_us_history_0065,train,remove,C0_exact,mmlu_copy
pairs_mcq_v2.csv,983,mcq,mmlu_high_school_us_history_0065,train,remove,C1_transformed,lmsys_rephrase
pairs_mcq_v2.csv,984,mcq,mmlu_high_school_us_history_0065,train,remove,C2_answer_bearing,mmlu_answer_frag
pairs_mcq_v2.csv,985,mcq,mmlu_high_school_us_history_0065,train,retain,H1_same_topic,mmlu_same_subject_other_item
pairs_mcq_v2.csv,986,mcq,mmlu_high_school_us_history_0065,train,retain,H3_predating,logiqa
pairs_mcq_v2.csv,987,mcq,mmlu_high_school_us_history_0065,train,retain,R_random,svamp
pairs_mcq_v2.csv,988,mcq,mmlu_high_school_us_history_0066,train,remove,C0_exact,mmlu_copy
pairs_mcq_v2.csv,989,mcq,mmlu_high_school_us_history_0066,train,remove,C1_transformed,lmsys_rephrase
pairs_mcq_v2.csv,990,mcq,mmlu_high_school_us_history_0066,train,remove,C2_answer_bearing,mmlu_answer_frag
pairs_mcq_v2.csv,991,mcq,mmlu_high_school_us_history_0066,train,retain,H1_same_topic,mmlu_same_subject_other_item
pairs_mcq_v2.csv,992,mcq,mmlu_high_school_us_history_0066,train,retain,H3_predating,logiqa
pairs_mcq_v2.csv,993,mcq,mmlu_high_school_us_history_0066,train,retain,R_random,svamp
pairs_mcq_v2.csv,1000,mcq,mmlu_high_school_us_history_0068,train,remove,C0_exact,mmlu_copy
pairs_mcq_v2.csv,1001,mcq,mmlu_high_school_us_history_0068,train,remove,C1_transformed,lmsys_rephrase
pairs_mcq_v2.csv,1002,mcq,mmlu_high_school_us_history_0068,train,remove,C2_answer_bearing,mmlu_answer_frag
pairs_mcq_v2.csv,1003,mcq,mmlu_high_school_us_history_0068,train,retain,H1_same_topic,mmlu_same_subject_other_item
pairs_mcq_v2.csv,1004,mcq,mmlu_high_school_us_history_0068,train,retain,H3_predating,logiqa
pairs_mcq_v2.csv,1005,mcq,mmlu_high_school_us_history_0068,train,retain,R_random,svamp
pairs_mcq_v2.csv,1012,mcq,mmlu_high_school_us_history_0070,train,remove,C0_exact,mmlu_copy
pairs_mcq_v2.csv,1013,mcq,mmlu_high_school_us_history_0070,train,remove,C1_transformed,lmsys_rephrase
pairs_mcq_v2.csv,1014,mcq,mmlu_high_school_us_history_0070,train,remove,C2_answer_bearing,mmlu_answer_frag
pairs_mcq_v2.csv,1015,mcq,mmlu_high_school_us_history_0070,train,retain,H1_same_topic,mmlu_same_subject_other_item
pairs_mcq_v2.csv,1016,mcq,mmlu_high_school_us_history_0070,train,retain,H3_predating,logiqa
pairs_mcq_v2.csv,1017,mcq,mmlu_high_school_us_history_0070,train,retain,R_random,svamp
pairs_mcq_v2.csv,1030,mcq,mmlu_high_school_us_history_0073,train,remove,C0_exact,mmlu_copy
pairs_mcq_v2.csv,1031,mcq,mmlu_high_school_us_history_0073,train,remove,C1_transformed,lmsys_rephrase
pairs_mcq_v2.csv,1032,mcq,mmlu_high_school_us_history_0073,train,remove,C2_answer_bearing,mmlu_answer_frag
pairs_mcq_v2.csv,1033,mcq,mmlu_high_school_us_history_0073,train,retain,H1_same_topic,mmlu_same_subject_other_item
pairs_mcq_v2.csv,1034,mcq,mmlu_high_school_us_history_0073,train,retain,H3_predating,logiqa
pairs_mcq_v2.csv,1035,mcq,mmlu_high_school_us_history_0073,train,retain,R_random,svamp
pairs_mcq_v2.csv,1036,mcq,mmlu_high_school_us_history_0074,train,remove,C0_exact,mmlu_copy
pairs_mcq_v2.csv,1037,mcq,mmlu_high_school_us_history_0074,train,remove,C1_transformed,lmsys_rephrase
pairs_mcq_v2.csv,1038,mcq,mmlu_high_school_us_history_0074,train,remove,C2_answer_bearing,mmlu_answer_frag
pairs_mcq_v2.csv,1039,mcq,mmlu_high_school_us_history_0074,train,retain,H1_same_topic,mmlu_same_subject_other_item
pairs_mcq_v2.csv,1040,mcq,mmlu_high_school_us_history_0074,train,retain,H3_predating,logiqa
pairs_mcq_v2.csv,1041,mcq,mmlu_high_school_us_history_0074,train,retain,R_random,svamp
pairs_mcq_v2.csv,1048,mcq,mmlu_high_school_us_history_0076,train,remove,C0_exact,mmlu_copy
pairs_mcq_v2.csv,1049,mcq,mmlu_high_school_us_history_0076,train,remove,C1_transformed,lmsys_rephrase
pairs_mcq_v2.csv,1050,mcq,mmlu_high_school_us_history_0076,train,remove,C2_answer_bearing,mmlu_answer_frag
pairs_mcq_v2.csv,1051,mcq,mmlu_high_school_us_history_0076,train,retain,H1_same_topic,mmlu_same_subject_other_item
pairs_mcq_v2.csv,1052,mcq,mmlu_high_school_us_history_0076,train,retain,H3_predating,logiqa
pairs_mcq_v2.csv,1053,mcq,mmlu_high_school_us_history_0076,train,retain,R_random,svamp
pairs_mcq_v2.csv,1054,mcq,mmlu_high_school_us_history_0077,train,remove,C0_exact,mmlu_copy
pairs_mcq_v2.csv,1055,mcq,mmlu_high_school_us_history_0077,train,remove,C1_transformed,lmsys_rephrase
pairs_mcq_v2.csv,1056,mcq,mmlu_high_school_us_history_0077,train,remove,C2_answer_bearing,mmlu_answer_frag
pairs_mcq_v2.csv,1057,mcq,mmlu_high_school_us_history_0077,train,retain,H1_same_topic,mmlu_same_subject_other_item
pairs_mcq_v2.csv,1058,mcq,mmlu_high_school_us_history_0077,train,retain,H3_predating,logiqa
pairs_mcq_v2.csv,1059,mcq,mmlu_high_school_us_history_0077,train,retain,R_random,svamp
pairs_mcq_v2.csv,1060,mcq,mmlu_high_school_us_history_0078,train,remove,C0_exact,mmlu_copy
pairs_mcq_v2.csv,1061,mcq,mmlu_high_school_us_history_0078,train,remove,C1_transformed,lmsys_rephrase
pairs_mcq_v2.csv,1062,mcq,mmlu_high_school_us_history_0078,train,remove,C2_answer_bearing,mmlu_answer_frag
pairs_mcq_v2.csv,1063,mcq,mmlu_high_school_us_history_0078,train,retain,H1_same_topic,mmlu_same_subject_other_item
pairs_mcq_v2.csv,1064,mcq,mmlu_high_school_us_history_0078,train,retain,H3_predating,logiqa
pairs_mcq_v2.csv,1065,mcq,mmlu_high_school_us_history_0078,train,retain,R_random,svamp
pairs_mcq_v2.csv,1066,mcq,mmlu_high_school_us_history_0079,train,remove,C0_exact,mmlu_copy
pairs_mcq_v2.csv,1067,mcq,mmlu_high_school_us_history_0079,train,remove,C1_transformed,lmsys_rephrase
pairs_mcq_v2.csv,1068,mcq,mmlu_high_school_us_history_0079,train,remove,C2_answer_bearing,mmlu_answer_frag
pairs_mcq_v2.csv,1069,mcq,mmlu_high_school_us_history_0079,train,retain,H1_same_topic,mmlu_same_subject_other_item
pairs_mcq_v2.csv,1070,mcq,mmlu_high_school_us_history_0079,train,retain,H3_predating,logiqa
pairs_mcq_v2.csv,1071,mcq,mmlu_high_school_us_history_0079,train,retain,R_random,svamp
pairs_mcq_v2.csv,1072,mcq,mmlu_high_school_us_history_0080,train,remove,C0_exact,mmlu_copy
pairs_mcq_v2.csv,1073,mcq,mmlu_high_school_us_history_0080,train,remove,C1_transformed,lmsys_rephrase
pairs_mcq_v2.csv,1074,mcq,mmlu_high_school_us_history_0080,train,remove,C2_answer_bearing,mmlu_answer_frag
pairs_mcq_v2.csv,1075,mcq,mmlu_high_school_us_history_0080,train,retain,H1_same_topic,mmlu_same_subject_other_item
pairs_mcq_v2.csv,1076,mcq,mmlu_high_school_us_history_0080,train,retain,H3_predating,logiqa
pairs_mcq_v2.csv,1077,mcq,mmlu_high_school_us_history_0080,train,retain,R_random,svamp
pairs_mcq_v2.csv,1078,mcq,mmlu_high_school_us_history_0081,train,remove,C0_exact,mmlu_copy
pairs_mcq_v2.csv,1079,mcq,mmlu_high_school_us_history_0081,train,remove,C1_transformed,lmsys_rephrase
pairs_mcq_v2.csv,1080,mcq,mmlu_high_school_us_history_0081,train,remove,C2_answer_bearing,mmlu_answer_frag
pairs_mcq_v2.csv,1081,mcq,mmlu_high_school_us_history_0081,train,retain,H1_same_topic,mmlu_same_subject_other_item
pairs_mcq_v2.csv,1082,mcq,mmlu_high_school_us_history_0081,train,retain,H3_predating,logiqa
pairs_mcq_v2.csv,1083,mcq,mmlu_high_school_us_history_0081,train,retain,R_random,svamp
pairs_mcq_v2.csv,1084,mcq,mmlu_high_school_us_history_0082,train,remove,C0_exact,mmlu_copy
pairs_mcq_v2.csv,1085,mcq,mmlu_high_school_us_history_0082,train,remove,C1_transformed,lmsys_rephrase
pairs_mcq_v2.csv,1086,mcq,mmlu_high_school_us_history_0082,train,remove,C2_answer_bearing,mmlu_answer_frag
pairs_mcq_v2.csv,1087,mcq,mmlu_high_school_us_history_0082,train,retain,H1_same_topic,mmlu_same_subject_other_item
pairs_mcq_v2.csv,1088,mcq,mmlu_high_school_us_history_0082,train,retain,H3_predating,logiqa
pairs_mcq_v2.csv,1089,mcq,mmlu_high_school_us_history_0082,train,retain,R_random,svamp
pairs_mcq_v2.csv,1090,mcq,mmlu_high_school_us_history_0083,train,remove,C0_exact,mmlu_copy
pairs_mcq_v2.csv,1091,mcq,mmlu_high_school_us_history_0083,train,remove,C1_transformed,lmsys_rephrase
pairs_mcq_v2.csv,1092,mcq,mmlu_high_school_us_history_0083,train,remove,C2_answer_bearing,mmlu_answer_frag
pairs_mcq_v2.csv,1093,mcq,mmlu_high_school_us_history_0083,train,retain,H1_same_topic,mmlu_same_subject_other_item
pairs_mcq_v2.csv,1094,mcq,mmlu_high_school_us_history_0083,train,retain,H3_predating,logiqa
pairs_mcq_v2.csv,1095,mcq,mmlu_high_school_us_history_0083,train,retain,R_random,svamp
pairs_mcq_v2.csv,1143,mcq,mmlu_high_school_us_history_0092,train,remove,C0_exact,mmlu_copy
pairs_mcq_v2.csv,1144,mcq,mmlu_high_school_us_history_0092,train,remove,C1_transformed,lmsys_rephrase
pairs_mcq_v2.csv,1145,mcq,mmlu_high_school_us_history_0092,train,remove,C2_answer_bearing,mmlu_answer_frag
pairs_mcq_v2.csv,1146,mcq,mmlu_high_school_us_history_0092,train,retain,H1_same_topic,mmlu_same_subject_other_item
pairs_mcq_v2.csv,1147,mcq,mmlu_high_school_us_history_0092,train,retain,H3_predating,logiqa
pairs_mcq_v2.csv,1148,mcq,mmlu_high_school_us_history_0092,train,retain,R_random,svamp
pairs_mcq_v2.csv,1155,mcq,mmlu_high_school_us_history_0094,train,remove,C0_exact,mmlu_copy
pairs_mcq_v2.csv,1156,mcq,mmlu_high_school_us_history_0094,train,remove,C1_transformed,lmsys_rephrase
pairs_mcq_v2.csv,1157,mcq,mmlu_high_school_us_history_0094,train,remove,C2_answer_bearing,mmlu_answer_frag
pairs_mcq_v2.csv,1158,mcq,mmlu_high_school_us_history_0094,train,retain,H1_same_topic,mmlu_same_subject_other_item
pairs_mcq_v2.csv,1159,mcq,mmlu_high_school_us_history_0094,train,retain,H3_predating,logiqa
pairs_mcq_v2.csv,1160,mcq,mmlu_high_school_us_history_0094,train,retain,R_random,svamp
pairs_mcq_v2.csv,1179,mcq,mmlu_high_school_us_history_0098,train,remove,C0_exact,mmlu_copy
pairs_mcq_v2.csv,1180,mcq,mmlu_high_school_us_history_0098,train,remove,C1_transformed,lmsys_rephrase
pairs_mcq_v2.csv,1181,mcq,mmlu_high_school_us_history_0098,train,remove,C2_answer_bearing,mmlu_answer_frag
pairs_mcq_v2.csv,1182,mcq,mmlu_high_school_us_history_0098,train,retain,H1_same_topic,mmlu_same_subject_other_item
pairs_mcq_v2.csv,1183,mcq,mmlu_high_school_us_history_0098,train,retain,H3_predating,logiqa
pairs_mcq_v2.csv,1184,mcq,mmlu_high_school_us_history_0098,train,retain,R_random,svamp
pairs_mcq_v2.csv,1197,mcq,mmlu_high_school_us_history_0101,train,remove,C0_exact,mmlu_copy
pairs_mcq_v2.csv,1198,mcq,mmlu_high_school_us_history_0101,train,remove,C1_transformed,lmsys_rephrase
pairs_mcq_v2.csv,1199,mcq,mmlu_high_school_us_history_0101,train,remove,C2_answer_bearing,mmlu_answer_frag
pairs_mcq_v2.csv,1200,mcq,mmlu_high_school_us_history_0101,train,retain,H1_same_topic,mmlu_same_subject_other_item
pairs_mcq_v2.csv,1201,mcq,mmlu_high_school_us_history_0101,train,retain,H3_predating,logiqa
pairs_mcq_v2.csv,1202,mcq,mmlu_high_school_us_history_0101,train,retain,R_random,svamp
pairs_mcq_v2.csv,1220,mcq,mmlu_high_school_us_history_0105,train,remove,C0_exact,mmlu_copy
pairs_mcq_v2.csv,1221,mcq,mmlu_high_school_us_history_0105,train,remove,C1_transformed,lmsys_rephrase
pairs_mcq_v2.csv,1222,mcq,mmlu_high_school_us_history_0105,train,remove,C2_answer_bearing,mmlu_answer_frag
pairs_mcq_v2.csv,1223,mcq,mmlu_high_school_us_history_0105,train,retain,H1_same_topic,mmlu_same_subject_other_item
pairs_mcq_v2.csv,1224,mcq,mmlu_high_school_us_history_0105,train,retain,H3_predating,logiqa
pairs_mcq_v2.csv,1225,mcq,mmlu_high_school_us_history_0105,train,retain,R_random,svamp
pairs_mcq_v2.csv,1237,mcq,mmlu_high_school_us_history_0108,train,remove,C0_exact,mmlu_copy
pairs_mcq_v2.csv,1238,mcq,mmlu_high_school_us_history_0108,train,remove,C1_transformed,lmsys_rephrase
pairs_mcq_v2.csv,1239,mcq,mmlu_high_school_us_history_0108,train,remove,C2_answer_bearing,mmlu_answer_frag
pairs_mcq_v2.csv,1240,mcq,mmlu_high_school_us_history_0108,train,retain,H1_same_topic,mmlu_same_subject_other_item
pairs_mcq_v2.csv,1241,mcq,mmlu_high_school_us_history_0108,train,retain,H3_predating,logiqa
pairs_mcq_v2.csv,1242,mcq,mmlu_high_school_us_history_0108,train,retain,R_random,svamp
pairs_mcq_v2.csv,1291,mcq,mmlu_high_school_us_history_0117,train,remove,C0_exact,mmlu_copy
pairs_mcq_v2.csv,1292,mcq,mmlu_high_school_us_history_0117,train,remove,C1_transformed,lmsys_rephrase
pairs_mcq_v2.csv,1293,mcq,mmlu_high_school_us_history_0117,train,remove,C2_answer_bearing,mmlu_answer_frag
pairs_mcq_v2.csv,1294,mcq,mmlu_high_school_us_history_0117,train,retain,H1_same_topic,mmlu_same_subject_other_item
pairs_mcq_v2.csv,1295,mcq,mmlu_high_school_us_history_0117,train,retain,H3_predating,logiqa
pairs_mcq_v2.csv,1296,mcq,mmlu_high_school_us_history_0117,train,retain,R_random,svamp
pairs_mcq_v2.csv,1308,mcq,mmlu_high_school_us_history_0120,train,remove,C0_exact,mmlu_copy
pairs_mcq_v2.csv,1309,mcq,mmlu_high_school_us_history_0120,train,remove,C1_transformed,lmsys_rephrase
pairs_mcq_v2.csv,1310,mcq,mmlu_high_school_us_history_0120,train,remove,C2_answer_bearing,mmlu_answer_frag
pairs_mcq_v2.csv,1311,mcq,mmlu_high_school_us_history_0120,train,retain,H1_same_topic,mmlu_same_subject_other_item
pairs_mcq_v2.csv,1312,mcq,mmlu_high_school_us_history_0120,train,retain,H3_predating,logiqa
pairs_mcq_v2.csv,1313,mcq,mmlu_high_school_us_history_0120,train,retain,R_random,svamp
pairs_mcq_v2.csv,1314,mcq,mmlu_high_school_us_history_0121,train,remove,C0_exact,mmlu_copy
pairs_mcq_v2.csv,1315,mcq,mmlu_high_school_us_history_0121,train,remove,C1_transformed,lmsys_rephrase
pairs_mcq_v2.csv,1316,mcq,mmlu_high_school_us_history_0121,train,remove,C2_answer_bearing,mmlu_answer_frag
pairs_mcq_v2.csv,1317,mcq,mmlu_high_school_us_history_0121,train,retain,H1_same_topic,mmlu_same_subject_other_item
pairs_mcq_v2.csv,1318,mcq,mmlu_high_school_us_history_0121,train,retain,H3_predating,logiqa
pairs_mcq_v2.csv,1319,mcq,mmlu_high_school_us_history_0121,train,retain,R_random,svamp
pairs_mcq_v2.csv,1338,mcq,mmlu_high_school_us_history_0125,train,remove,C0_exact,mmlu_copy
pairs_mcq_v2.csv,1339,mcq,mmlu_high_school_us_history_0125,train,remove,C1_transformed,lmsys_rephrase
pairs_mcq_v2.csv,1340,mcq,mmlu_high_school_us_history_0125,train,remove,C2_answer_bearing,mmlu_answer_frag
pairs_mcq_v2.csv,1341,mcq,mmlu_high_school_us_history_0125,train,retain,H1_same_topic,mmlu_same_subject_other_item
pairs_mcq_v2.csv,1342,mcq,mmlu_high_school_us_history_0125,train,retain,H3_predating,logiqa
pairs_mcq_v2.csv,1343,mcq,mmlu_high_school_us_history_0125,train,retain,R_random,svamp
pairs_mcq_v2.csv,1344,mcq,mmlu_high_school_us_history_0126,train,remove,C0_exact,mmlu_copy
pairs_mcq_v2.csv,1345,mcq,mmlu_high_school_us_history_0126,train,remove,C1_transformed,lmsys_rephrase
pairs_mcq_v2.csv,1346,mcq,mmlu_high_school_us_history_0126,train,remove,C2_answer_bearing,mmlu_answer_frag
pairs_mcq_v2.csv,1347,mcq,mmlu_high_school_us_history_0126,train,retain,H1_same_topic,mmlu_same_subject_other_item
pairs_mcq_v2.csv,1348,mcq,mmlu_high_school_us_history_0126,train,retain,H3_predating,logiqa
pairs_mcq_v2.csv,1349,mcq,mmlu_high_school_us_history_0126,train,retain,R_random,svamp
pairs_mcq_v2.csv,1368,mcq,mmlu_high_school_us_history_0130,train,remove,C0_exact,mmlu_copy
pairs_mcq_v2.csv,1369,mcq,mmlu_high_school_us_history_0130,train,remove,C1_transformed,lmsys_rephrase
pairs_mcq_v2.csv,1370,mcq,mmlu_high_school_us_history_0130,train,remove,C2_answer_bearing,mmlu_answer_frag
pairs_mcq_v2.csv,1371,mcq,mmlu_high_school_us_history_0130,train,retain,H1_same_topic,mmlu_same_subject_other_item
pairs_mcq_v2.csv,1372,mcq,mmlu_high_school_us_history_0130,train,retain,H3_predating,logiqa
pairs_mcq_v2.csv,1373,mcq,mmlu_high_school_us_history_0130,train,retain,R_random,svamp
pairs_mcq_v2.csv,1385,mcq,mmlu_high_school_us_history_0133,train,remove,C0_exact,mmlu_copy
pairs_mcq_v2.csv,1386,mcq,mmlu_high_school_us_history_0133,train,remove,C1_transformed,lmsys_rephrase
pairs_mcq_v2.csv,1387,mcq,mmlu_high_school_us_history_0133,train,remove,C2_answer_bearing,mmlu_answer_frag
pairs_mcq_v2.csv,1388,mcq,mmlu_high_school_us_history_0133,train,retain,H1_same_topic,mmlu_same_subject_other_item
pairs_mcq_v2.csv,1389,mcq,mmlu_high_school_us_history_0133,train,retain,H3_predating,logiqa
pairs_mcq_v2.csv,1390,mcq,mmlu_high_school_us_history_0133,train,retain,R_random,svamp
pairs_mcq_v2.csv,1409,mcq,mmlu_high_school_us_history_0137,train,remove,C0_exact,mmlu_copy
pairs_mcq_v2.csv,1410,mcq,mmlu_high_school_us_history_0137,train,remove,C1_transformed,lmsys_rephrase
pairs_mcq_v2.csv,1411,mcq,mmlu_high_school_us_history_0137,train,remove,C2_answer_bearing,mmlu_answer_frag
pairs_mcq_v2.csv,1412,mcq,mmlu_high_school_us_history_0137,train,retain,H1_same_topic,mmlu_same_subject_other_item
pairs_mcq_v2.csv,1413,mcq,mmlu_high_school_us_history_0137,train,retain,H3_predating,logiqa
pairs_mcq_v2.csv,1414,mcq,mmlu_high_school_us_history_0137,train,retain,R_random,svamp
pairs_mcq_v2.csv,1415,mcq,mmlu_high_school_us_history_0138,train,remove,C0_exact,mmlu_copy
pairs_mcq_v2.csv,1416,mcq,mmlu_high_school_us_history_0138,train,remove,C1_transformed,lmsys_rephrase
pairs_mcq_v2.csv,1417,mcq,mmlu_high_school_us_history_0138,train,remove,C2_answer_bearing,mmlu_answer_frag
pairs_mcq_v2.csv,1418,mcq,mmlu_high_school_us_history_0138,train,retain,H1_same_topic,mmlu_same_subject_other_item
pairs_mcq_v2.csv,1419,mcq,mmlu_high_school_us_history_0138,train,retain,H3_predating,logiqa
pairs_mcq_v2.csv,1420,mcq,mmlu_high_school_us_history_0138,train,retain,R_random,svamp
pairs_mcq_v2.csv,1421,mcq,mmlu_high_school_us_history_0139,train,remove,C0_exact,mmlu_copy
pairs_mcq_v2.csv,1422,mcq,mmlu_high_school_us_history_0139,train,remove,C1_transformed,lmsys_rephrase
pairs_mcq_v2.csv,1423,mcq,mmlu_high_school_us_history_0139,train,remove,C2_answer_bearing,mmlu_answer_frag
pairs_mcq_v2.csv,1424,mcq,mmlu_high_school_us_history_0139,train,retain,H1_same_topic,mmlu_same_subject_other_item
pairs_mcq_v2.csv,1425,mcq,mmlu_high_school_us_history_0139,train,retain,H3_predating,logiqa
pairs_mcq_v2.csv,1426,mcq,mmlu_high_school_us_history_0139,train,retain,R_random,svamp
pairs_mcq_v2.csv,1469,mcq,mmlu_high_school_us_history_0147,train,remove,C0_exact,mmlu_copy
pairs_mcq_v2.csv,1470,mcq,mmlu_high_school_us_history_0147,train,remove,C1_transformed,lmsys_rephrase
pairs_mcq_v2.csv,1471,mcq,mmlu_high_school_us_history_0147,train,remove,C2_answer_bearing,mmlu_answer_frag
pairs_mcq_v2.csv,1472,mcq,mmlu_high_school_us_history_0147,train,retain,H1_same_topic,mmlu_same_subject_other_item
pairs_mcq_v2.csv,1473,mcq,mmlu_high_school_us_history_0147,train,retain,H3_predating,logiqa
pairs_mcq_v2.csv,1474,mcq,mmlu_high_school_us_history_0147,train,retain,R_random,svamp
pairs_mcq_v2.csv,1487,mcq,mmlu_high_school_us_history_0150,train,remove,C0_exact,mmlu_copy
pairs_mcq_v2.csv,1488,mcq,mmlu_high_school_us_history_0150,train,remove,C1_transformed,lmsys_rephrase
pairs_mcq_v2.csv,1489,mcq,mmlu_high_school_us_history_0150,train,remove,C2_answer_bearing,mmlu_answer_frag
pairs_mcq_v2.csv,1490,mcq,mmlu_high_school_us_history_0150,train,retain,H1_same_topic,mmlu_same_subject_other_item
pairs_mcq_v2.csv,1491,mcq,mmlu_high_school_us_history_0150,train,retain,H3_predating,logiqa
pairs_mcq_v2.csv,1492,mcq,mmlu_high_school_us_history_0150,train,retain,R_random,svamp
pairs_mcq_v2.csv,1510,mcq,mmlu_high_school_us_history_0154,train,remove,C0_exact,mmlu_copy
pairs_mcq_v2.csv,1511,mcq,mmlu_high_school_us_history_0154,train,remove,C1_transformed,lmsys_rephrase
pairs_mcq_v2.csv,1512,mcq,mmlu_high_school_us_history_0154,train,remove,C2_answer_bearing,mmlu_answer_frag
pairs_mcq_v2.csv,1513,mcq,mmlu_high_school_us_history_0154,train,retain,H1_same_topic,mmlu_same_subject_other_item
pairs_mcq_v2.csv,1514,mcq,mmlu_high_school_us_history_0154,train,retain,H3_predating,logiqa
pairs_mcq_v2.csv,1515,mcq,mmlu_high_school_us_history_0154,train,retain,R_random,svamp
pairs_mcq_v2.csv,1522,mcq,mmlu_high_school_us_history_0156,train,remove,C0_exact,mmlu_copy
pairs_mcq_v2.csv,1523,mcq,mmlu_high_school_us_history_0156,train,remove,C1_transformed,lmsys_rephrase
pairs_mcq_v2.csv,1524,mcq,mmlu_high_school_us_history_0156,train,remove,C2_answer_bearing,mmlu_answer_frag
pairs_mcq_v2.csv,1525,mcq,mmlu_high_school_us_history_0156,train,retain,H1_same_topic,mmlu_same_subject_other_item
pairs_mcq_v2.csv,1526,mcq,mmlu_high_school_us_history_0156,train,retain,H3_predating,logiqa
pairs_mcq_v2.csv,1527,mcq,mmlu_high_school_us_history_0156,train,retain,R_random,svamp
pairs_mcq_v2.csv,1576,mcq,mmlu_high_school_us_history_0165,train,remove,C0_exact,mmlu_copy
pairs_mcq_v2.csv,1577,mcq,mmlu_high_school_us_history_0165,train,remove,C1_transformed,lmsys_rephrase
pairs_mcq_v2.csv,1578,mcq,mmlu_high_school_us_history_0165,train,remove,C2_answer_bearing,mmlu_answer_frag
pairs_mcq_v2.csv,1579,mcq,mmlu_high_school_us_history_0165,train,retain,H1_same_topic,mmlu_same_subject_other_item
pairs_mcq_v2.csv,1580,mcq,mmlu_high_school_us_history_0165,train,retain,H3_predating,logiqa
pairs_mcq_v2.csv,1581,mcq,mmlu_high_school_us_history_0165,train,retain,R_random,svamp
pairs_mcq_v2.csv,1600,mcq,mmlu_high_school_us_history_0169,train,remove,C0_exact,mmlu_copy
pairs_mcq_v2.csv,1601,mcq,mmlu_high_school_us_history_0169,train,remove,C1_transformed,lmsys_rephrase
pairs_mcq_v2.csv,1602,mcq,mmlu_high_school_us_history_0169,train,remove,C2_answer_bearing,mmlu_answer_frag
pairs_mcq_v2.csv,1603,mcq,mmlu_high_school_us_history_0169,train,retain,H1_same_topic,mmlu_same_subject_other_item
pairs_mcq_v2.csv,1604,mcq,mmlu_high_school_us_history_0169,train,retain,H3_predating,logiqa
pairs_mcq_v2.csv,1605,mcq,mmlu_high_school_us_history_0169,train,retain,R_random,svamp
pairs_mcq_v2.csv,1606,mcq,mmlu_high_school_us_history_0170,train,remove,C0_exact,mmlu_copy
pairs_mcq_v2.csv,1607,mcq,mmlu_high_school_us_history_0170,train,remove,C1_transformed,lmsys_rephrase
pairs_mcq_v2.csv,1608,mcq,mmlu_high_school_us_history_0170,train,remove,C2_answer_bearing,mmlu_answer_frag
pairs_mcq_v2.csv,1609,mcq,mmlu_high_school_us_history_0170,train,retain,H1_same_topic,mmlu_same_subject_other_item
pairs_mcq_v2.csv,1610,mcq,mmlu_high_school_us_history_0170,train,retain,H3_predating,logiqa
pairs_mcq_v2.csv,1611,mcq,mmlu_high_school_us_history_0170,train,retain,R_random,svamp
pairs_mcq_v2.csv,1624,mcq,mmlu_high_school_us_history_0173,train,remove,C0_exact,mmlu_copy
pairs_mcq_v2.csv,1625,mcq,mmlu_high_school_us_history_0173,train,remove,C1_transformed,lmsys_rephrase
pairs_mcq_v2.csv,1626,mcq,mmlu_high_school_us_history_0173,train,remove,C2_answer_bearing,mmlu_answer_frag
pairs_mcq_v2.csv,1627,mcq,mmlu_high_school_us_history_0173,train,retain,H1_same_topic,mmlu_same_subject_other_item
pairs_mcq_v2.csv,1628,mcq,mmlu_high_school_us_history_0173,train,retain,H3_predating,logiqa
pairs_mcq_v2.csv,1629,mcq,mmlu_high_school_us_history_0173,train,retain,R_random,svamp
pairs_mcq_v2.csv,1642,mcq,mmlu_high_school_us_history_0176,train,remove,C0_exact,mmlu_copy
pairs_mcq_v2.csv,1643,mcq,mmlu_high_school_us_history_0176,train,remove,C1_transformed,lmsys_rephrase
pairs_mcq_v2.csv,1644,mcq,mmlu_high_school_us_history_0176,train,remove,C2_answer_bearing,mmlu_answer_frag
pairs_mcq_v2.csv,1645,mcq,mmlu_high_school_us_history_0176,train,retain,H1_same_topic,mmlu_same_subject_other_item
pairs_mcq_v2.csv,1646,mcq,mmlu_high_school_us_history_0176,train,retain,H3_predating,logiqa
pairs_mcq_v2.csv,1647,mcq,mmlu_high_school_us_history_0176,train,retain,R_random,svamp
pairs_mcq_v2.csv,1654,mcq,mmlu_high_school_us_history_0178,train,remove,C0_exact,mmlu_copy
pairs_mcq_v2.csv,1655,mcq,mmlu_high_school_us_history_0178,train,remove,C1_transformed,lmsys_rephrase
pairs_mcq_v2.csv,1656,mcq,mmlu_high_school_us_history_0178,train,remove,C2_answer_bearing,mmlu_answer_frag
pairs_mcq_v2.csv,1657,mcq,mmlu_high_school_us_history_0178,train,retain,H1_same_topic,mmlu_same_subject_other_item
pairs_mcq_v2.csv,1658,mcq,mmlu_high_school_us_history_0178,train,retain,H3_predating,logiqa
pairs_mcq_v2.csv,1659,mcq,mmlu_high_school_us_history_0178,train,retain,R_random,svamp
pairs_mcq_v2.csv,1660,mcq,mmlu_high_school_us_history_0179,train,remove,C0_exact,mmlu_copy
pairs_mcq_v2.csv,1661,mcq,mmlu_high_school_us_history_0179,train,remove,C1_transformed,lmsys_rephrase
pairs_mcq_v2.csv,1662,mcq,mmlu_high_school_us_history_0179,train,remove,C2_answer_bearing,mmlu_answer_frag
pairs_mcq_v2.csv,1663,mcq,mmlu_high_school_us_history_0179,train,retain,H1_same_topic,mmlu_same_subject_other_item
pairs_mcq_v2.csv,1664,mcq,mmlu_high_school_us_history_0179,train,retain,H3_predating,logiqa
pairs_mcq_v2.csv,1665,mcq,mmlu_high_school_us_history_0179,train,retain,R_random,svamp
pairs_mcq_v2.csv,1707,mcq,mmlu_high_school_us_history_0187,train,remove,C0_exact,mmlu_copy
pairs_mcq_v2.csv,1708,mcq,mmlu_high_school_us_history_0187,train,remove,C2_answer_bearing,mmlu_answer_frag
pairs_mcq_v2.csv,1709,mcq,mmlu_high_school_us_history_0187,train,retain,H1_same_topic,mmlu_same_subject_other_item
pairs_mcq_v2.csv,1710,mcq,mmlu_high_school_us_history_0187,train,retain,H3_predating,logiqa
pairs_mcq_v2.csv,1711,mcq,mmlu_high_school_us_history_0187,train,retain,R_random,svamp
pairs_mcq_v2.csv,1712,mcq,mmlu_high_school_us_history_0188,train,remove,C0_exact,mmlu_copy
pairs_mcq_v2.csv,1713,mcq,mmlu_high_school_us_history_0188,train,remove,C1_transformed,lmsys_rephrase
pairs_mcq_v2.csv,1714,mcq,mmlu_high_school_us_history_0188,train,remove,C2_answer_bearing,mmlu_answer_frag
pairs_mcq_v2.csv,1715,mcq,mmlu_high_school_us_history_0188,train,retain,H1_same_topic,mmlu_same_subject_other_item
pairs_mcq_v2.csv,1716,mcq,mmlu_high_school_us_history_0188,train,retain,H3_predating,logiqa
pairs_mcq_v2.csv,1717,mcq,mmlu_high_school_us_history_0188,train,retain,R_random,svamp
pairs_mcq_v2.csv,1724,mcq,mmlu_high_school_us_history_0190,train,remove,C0_exact,mmlu_copy
pairs_mcq_v2.csv,1725,mcq,mmlu_high_school_us_history_0190,train,remove,C1_transformed,lmsys_rephrase
pairs_mcq_v2.csv,1726,mcq,mmlu_high_school_us_history_0190,train,remove,C2_answer_bearing,mmlu_answer_frag
pairs_mcq_v2.csv,1727,mcq,mmlu_high_school_us_history_0190,train,retain,H1_same_topic,mmlu_same_subject_other_item
pairs_mcq_v2.csv,1728,mcq,mmlu_high_school_us_history_0190,train,retain,H3_predating,logiqa
pairs_mcq_v2.csv,1729,mcq,mmlu_high_school_us_history_0190,train,retain,R_random,svamp
pairs_mcq_v2.csv,1748,mcq,mmlu_high_school_us_history_0194,train,remove,C0_exact,mmlu_copy
pairs_mcq_v2.csv,1749,mcq,mmlu_high_school_us_history_0194,train,remove,C1_transformed,lmsys_rephrase
pairs_mcq_v2.csv,1750,mcq,mmlu_high_school_us_history_0194,train,remove,C2_answer_bearing,mmlu_answer_frag
pairs_mcq_v2.csv,1751,mcq,mmlu_high_school_us_history_0194,train,retain,H1_same_topic,mmlu_same_subject_other_item
pairs_mcq_v2.csv,1752,mcq,mmlu_high_school_us_history_0194,train,retain,H3_predating,logiqa
pairs_mcq_v2.csv,1753,mcq,mmlu_high_school_us_history_0194,train,retain,R_random,svamp
pairs_mcq_v2.csv,1760,mcq,mmlu_high_school_us_history_0196,train,remove,C0_exact,mmlu_copy
pairs_mcq_v2.csv,1761,mcq,mmlu_high_school_us_history_0196,train,remove,C1_transformed,lmsys_rephrase
pairs_mcq_v2.csv,1762,mcq,mmlu_high_school_us_history_0196,train,remove,C2_answer_bearing,mmlu_answer_frag
pairs_mcq_v2.csv,1763,mcq,mmlu_high_school_us_history_0196,train,retain,H1_same_topic,mmlu_same_subject_other_item
pairs_mcq_v2.csv,1764,mcq,mmlu_high_school_us_history_0196,train,retain,H3_predating,logiqa
pairs_mcq_v2.csv,1765,mcq,mmlu_high_school_us_history_0196,train,retain,R_random,svamp
pairs_mcq_v2.csv,1772,mcq,mmlu_high_school_us_history_0198,train,remove,C0_exact,mmlu_copy
pairs_mcq_v2.csv,1773,mcq,mmlu_high_school_us_history_0198,train,remove,C1_transformed,lmsys_rephrase
pairs_mcq_v2.csv,1774,mcq,mmlu_high_school_us_history_0198,train,remove,C2_answer_bearing,mmlu_answer_frag
pairs_mcq_v2.csv,1775,mcq,mmlu_high_school_us_history_0198,train,retain,H1_same_topic,mmlu_same_subject_other_item
pairs_mcq_v2.csv,1776,mcq,mmlu_high_school_us_history_0198,train,retain,H3_predating,logiqa
pairs_mcq_v2.csv,1777,mcq,mmlu_high_school_us_history_0198,train,retain,R_random,svamp
pairs_mcq_v2.csv,1778,mcq,mmlu_high_school_us_history_0199,train,remove,C0_exact,mmlu_copy
pairs_mcq_v2.csv,1779,mcq,mmlu_high_school_us_history_0199,train,remove,C1_transformed,lmsys_rephrase
pairs_mcq_v2.csv,1780,mcq,mmlu_high_school_us_history_0199,train,remove,C2_answer_bearing,mmlu_answer_frag
pairs_mcq_v2.csv,1781,mcq,mmlu_high_school_us_history_0199,train,retain,H1_same_topic,mmlu_same_subject_other_item
pairs_mcq_v2.csv,1782,mcq,mmlu_high_school_us_history_0199,train,retain,H3_predating,logiqa
pairs_mcq_v2.csv,1783,mcq,mmlu_high_school_us_history_0199,train,retain,R_random,svamp
pairs_mcq_v2.csv,1796,mcq,mmlu_high_school_us_history_0202,train,remove,C0_exact,mmlu_copy
pairs_mcq_v2.csv,1797,mcq,mmlu_high_school_us_history_0202,train,remove,C1_transformed,lmsys_rephrase
pairs_mcq_v2.csv,1798,mcq,mmlu_high_school_us_history_0202,train,remove,C2_answer_bearing,mmlu_answer_frag
pairs_mcq_v2.csv,1799,mcq,mmlu_high_school_us_history_0202,train,retain,H1_same_topic,mmlu_same_subject_other_item
pairs_mcq_v2.csv,1800,mcq,mmlu_high_school_us_history_0202,train,retain,H3_predating,logiqa
pairs_mcq_v2.csv,1801,mcq,mmlu_high_school_us_history_0202,train,retain,R_random,svamp
pairs_mcq_v2.csv,1802,mcq,mmlu_high_school_us_history_0203,train,remove,C0_exact,mmlu_copy
pairs_mcq_v2.csv,1803,mcq,mmlu_high_school_us_history_0203,train,remove,C1_transformed,lmsys_rephrase
pairs_mcq_v2.csv,1804,mcq,mmlu_high_school_us_history_0203,train,remove,C2_answer_bearing,mmlu_answer_frag
pairs_mcq_v2.csv,1805,mcq,mmlu_high_school_us_history_0203,train,retain,H1_same_topic,mmlu_same_subject_other_item
pairs_mcq_v2.csv,1806,mcq,mmlu_high_school_us_history_0203,train,retain,H3_predating,logiqa
pairs_mcq_v2.csv,1807,mcq,mmlu_high_school_us_history_0203,train,retain,R_random,svamp
pairs_mcq_v2.csv,1808,mcq,mmlu_sociology_0000,train,remove,C0_exact,mmlu_copy
pairs_mcq_v2.csv,1809,mcq,mmlu_sociology_0000,train,remove,C1_transformed,lmsys_rephrase
pairs_mcq_v2.csv,1810,mcq,mmlu_sociology_0000,train,remove,C2_answer_bearing,mmlu_answer_frag
pairs_mcq_v2.csv,1811,mcq,mmlu_sociology_0000,train,retain,H1_same_topic,mmlu_same_subject_other_item
pairs_mcq_v2.csv,1812,mcq,mmlu_sociology_0000,train,retain,H3_predating,logiqa
pairs_mcq_v2.csv,1813,mcq,mmlu_sociology_0000,train,retain,R_random,svamp
pairs_mcq_v2.csv,1820,mcq,mmlu_sociology_0002,train,remove,C0_exact,mmlu_copy
pairs_mcq_v2.csv,1821,mcq,mmlu_sociology_0002,train,remove,C1_transformed,lmsys_rephrase
pairs_mcq_v2.csv,1822,mcq,mmlu_sociology_0002,train,remove,C2_answer_bearing,mmlu_answer_frag
pairs_mcq_v2.csv,1823,mcq,mmlu_sociology_0002,train,retain,H1_same_topic,mmlu_same_subject_other_item
pairs_mcq_v2.csv,1824,mcq,mmlu_sociology_0002,train,retain,H3_predating,logiqa
pairs_mcq_v2.csv,1825,mcq,mmlu_sociology_0002,train,retain,R_random,svamp
pairs_mcq_v2.csv,1844,mcq,mmlu_sociology_0006,train,remove,C0_exact,mmlu_copy
pairs_mcq_v2.csv,1845,mcq,mmlu_sociology_0006,train,remove,C1_transformed,lmsys_rephrase
pairs_mcq_v2.csv,1846,mcq,mmlu_sociology_0006,train,remove,C2_answer_bearing,mmlu_answer_frag
pairs_mcq_v2.csv,1847,mcq,mmlu_sociology_0006,train,retain,H1_same_topic,mmlu_same_subject_other_item
pairs_mcq_v2.csv,1848,mcq,mmlu_sociology_0006,train,retain,H3_predating,logiqa
pairs_mcq_v2.csv,1849,mcq,mmlu_sociology_0006,train,retain,R_random,svamp
pairs_mcq_v2.csv,1862,mcq,mmlu_sociology_0009,train,remove,C0_exact,mmlu_copy
pairs_mcq_v2.csv,1863,mcq,mmlu_sociology_0009,train,remove,C1_transformed,lmsys_rephrase
pairs_mcq_v2.csv,1864,mcq,mmlu_sociology_0009,train,remove,C2_answer_bearing,mmlu_answer_frag
pairs_mcq_v2.csv,1865,mcq,mmlu_sociology_0009,train,retain,H1_same_topic,mmlu_same_subject_other_item
pairs_mcq_v2.csv,1866,mcq,mmlu_sociology_0009,train,retain,H3_predating,logiqa
pairs_mcq_v2.csv,1867,mcq,mmlu_sociology_0009,train,retain,R_random,svamp
pairs_mcq_v2.csv,1880,mcq,mmlu_sociology_0012,train,remove,C0_exact,mmlu_copy
pairs_mcq_v2.csv,1881,mcq,mmlu_sociology_0012,train,remove,C1_transformed,lmsys_rephrase
pairs_mcq_v2.csv,1882,mcq,mmlu_sociology_0012,train,remove,C2_answer_bearing,mmlu_answer_frag
pairs_mcq_v2.csv,1883,mcq,mmlu_sociology_0012,train,retain,H1_same_topic,mmlu_same_subject_other_item
pairs_mcq_v2.csv,1884,mcq,mmlu_sociology_0012,train,retain,H3_predating,logiqa
pairs_mcq_v2.csv,1885,mcq,mmlu_sociology_0012,train,retain,R_random,svamp
pairs_mcq_v2.csv,1886,mcq,mmlu_sociology_0013,train,remove,C0_exact,mmlu_copy
pairs_mcq_v2.csv,1887,mcq,mmlu_sociology_0013,train,remove,C1_transformed,lmsys_rephrase
pairs_mcq_v2.csv,1888,mcq,mmlu_sociology_0013,train,remove,C2_answer_bearing,mmlu_answer_frag
pairs_mcq_v2.csv,1889,mcq,mmlu_sociology_0013,train,retain,H1_same_topic,mmlu_same_subject_other_item
pairs_mcq_v2.csv,1890,mcq,mmlu_sociology_0013,train,retain,H3_predating,logiqa
pairs_mcq_v2.csv,1891,mcq,mmlu_sociology_0013,train,retain,R_random,svamp
pairs_mcq_v2.csv,1933,mcq,mmlu_sociology_0021,train,remove,C0_exact,mmlu_copy
pairs_mcq_v2.csv,1934,mcq,mmlu_sociology_0021,train,remove,C1_transformed,lmsys_rephrase
pairs_mcq_v2.csv,1935,mcq,mmlu_sociology_0021,train,remove,C2_answer_bearing,mmlu_answer_frag
pairs_mcq_v2.csv,1936,mcq,mmlu_sociology_0021,train,retain,H1_same_topic,mmlu_same_subject_other_item
pairs_mcq_v2.csv,1937,mcq,mmlu_sociology_0021,train,retain,H3_predating,logiqa
pairs_mcq_v2.csv,1938,mcq,mmlu_sociology_0021,train,retain,R_random,svamp
pairs_mcq_v2.csv,1939,mcq,mmlu_sociology_0022,train,remove,C0_exact,mmlu_copy
pairs_mcq_v2.csv,1940,mcq,mmlu_sociology_0022,train,remove,C1_transformed,lmsys_rephrase
pairs_mcq_v2.csv,1941,mcq,mmlu_sociology_0022,train,remove,C2_answer_bearing,mmlu_answer_frag
pairs_mcq_v2.csv,1942,mcq,mmlu_sociology_0022,train,retain,H1_same_topic,mmlu_same_subject_other_item
pairs_mcq_v2.csv,1943,mcq,mmlu_sociology_0022,train,retain,H3_predating,logiqa
pairs_mcq_v2.csv,1944,mcq,mmlu_sociology_0022,train,retain,R_random,svamp
pairs_mcq_v2.csv,1963,mcq,mmlu_sociology_0026,train,remove,C0_exact,mmlu_copy
pairs_mcq_v2.csv,1964,mcq,mmlu_sociology_0026,train,remove,C1_transformed,lmsys_rephrase
pairs_mcq_v2.csv,1965,mcq,mmlu_sociology_0026,train,remove,C2_answer_bearing,mmlu_answer_frag
pairs_mcq_v2.csv,1966,mcq,mmlu_sociology_0026,train,retain,H1_same_topic,mmlu_same_subject_other_item
pairs_mcq_v2.csv,1967,mcq,mmlu_sociology_0026,train,retain,H3_predating,logiqa
pairs_mcq_v2.csv,1968,mcq,mmlu_sociology_0026,train,retain,R_random,svamp
pairs_mcq_v2.csv,1987,mcq,mmlu_sociology_0030,train,remove,C0_exact,mmlu_copy
pairs_mcq_v2.csv,1988,mcq,mmlu_sociology_0030,train,remove,C1_transformed,lmsys_rephrase
pairs_mcq_v2.csv,1989,mcq,mmlu_sociology_0030,train,remove,C2_answer_bearing,mmlu_answer_frag
pairs_mcq_v2.csv,1990,mcq,mmlu_sociology_0030,train,retain,H1_same_topic,mmlu_same_subject_other_item
pairs_mcq_v2.csv,1991,mcq,mmlu_sociology_0030,train,retain,H3_predating,logiqa
pairs_mcq_v2.csv,1992,mcq,mmlu_sociology_0030,train,retain,R_random,svamp
pairs_mcq_v2.csv,1993,mcq,mmlu_sociology_0031,train,remove,C0_exact,mmlu_copy
pairs_mcq_v2.csv,1994,mcq,mmlu_sociology_0031,train,remove,C1_transformed,lmsys_rephrase
pairs_mcq_v2.csv,1995,mcq,mmlu_sociology_0031,train,remove,C2_answer_bearing,mmlu_answer_frag
pairs_mcq_v2.csv,1996,mcq,mmlu_sociology_0031,train,retain,H1_same_topic,mmlu_same_subject_other_item
pairs_mcq_v2.csv,1997,mcq,mmlu_sociology_0031,train,retain,H3_predating,logiqa
pairs_mcq_v2.csv,1998,mcq,mmlu_sociology_0031,train,retain,R_random,svamp
pairs_mcq_v2.csv,2005,mcq,mmlu_sociology_0033,train,remove,C0_exact,mmlu_copy
pairs_mcq_v2.csv,2006,mcq,mmlu_sociology_0033,train,remove,C1_transformed,lmsys_rephrase
pairs_mcq_v2.csv,2007,mcq,mmlu_sociology_0033,train,remove,C2_answer_bearing,mmlu_answer_frag
pairs_mcq_v2.csv,2008,mcq,mmlu_sociology_0033,train,retain,H1_same_topic,mmlu_same_subject_other_item
pairs_mcq_v2.csv,2009,mcq,mmlu_sociology_0033,train,retain,H3_predating,logiqa
pairs_mcq_v2.csv,2010,mcq,mmlu_sociology_0033,train,retain,R_random,svamp
pairs_mcq_v2.csv,2011,mcq,mmlu_sociology_0034,train,remove,C0_exact,mmlu_copy
pairs_mcq_v2.csv,2012,mcq,mmlu_sociology_0034,train,remove,C1_transformed,lmsys_rephrase
pairs_mcq_v2.csv,2013,mcq,mmlu_sociology_0034,train,remove,C2_answer_bearing,mmlu_answer_frag
pairs_mcq_v2.csv,2014,mcq,mmlu_sociology_0034,train,retain,H1_same_topic,mmlu_same_subject_other_item
pairs_mcq_v2.csv,2015,mcq,mmlu_sociology_0034,train,retain,H3_predating,logiqa
pairs_mcq_v2.csv,2016,mcq,mmlu_sociology_0034,train,retain,R_random,svamp
pairs_mcq_v2.csv,2017,mcq,mmlu_sociology_0035,train,remove,C0_exact,mmlu_copy
pairs_mcq_v2.csv,2018,mcq,mmlu_sociology_0035,train,remove,C1_transformed,lmsys_rephrase
pairs_mcq_v2.csv,2019,mcq,mmlu_sociology_0035,train,remove,C2_answer_bearing,mmlu_answer_frag
pairs_mcq_v2.csv,2020,mcq,mmlu_sociology_0035,train,retain,H1_same_topic,mmlu_same_subject_other_item
pairs_mcq_v2.csv,2021,mcq,mmlu_sociology_0035,train,retain,H3_predating,logiqa
pairs_mcq_v2.csv,2022,mcq,mmlu_sociology_0035,train,retain,R_random,svamp
pairs_mcq_v2.csv,2029,mcq,mmlu_sociology_0037,train,remove,C0_exact,mmlu_copy
pairs_mcq_v2.csv,2030,mcq,mmlu_sociology_0037,train,remove,C1_transformed,lmsys_rephrase
pairs_mcq_v2.csv,2031,mcq,mmlu_sociology_0037,train,remove,C2_answer_bearing,mmlu_answer_frag
pairs_mcq_v2.csv,2032,mcq,mmlu_sociology_0037,train,retain,H1_same_topic,mmlu_same_subject_other_item
pairs_mcq_v2.csv,2033,mcq,mmlu_sociology_0037,train,retain,H3_predating,logiqa
pairs_mcq_v2.csv,2034,mcq,mmlu_sociology_0037,train,retain,R_random,svamp
pairs_mcq_v2.csv,2041,mcq,mmlu_sociology_0039,train,remove,C0_exact,mmlu_copy
pairs_mcq_v2.csv,2042,mcq,mmlu_sociology_0039,train,remove,C2_answer_bearing,mmlu_answer_frag
pairs_mcq_v2.csv,2043,mcq,mmlu_sociology_0039,train,retain,H1_same_topic,mmlu_same_subject_other_item
pairs_mcq_v2.csv,2044,mcq,mmlu_sociology_0039,train,retain,H3_predating,logiqa
pairs_mcq_v2.csv,2045,mcq,mmlu_sociology_0039,train,retain,R_random,svamp
pairs_mcq_v2.csv,2052,mcq,mmlu_sociology_0041,train,remove,C0_exact,mmlu_copy
pairs_mcq_v2.csv,2053,mcq,mmlu_sociology_0041,train,remove,C1_transformed,lmsys_rephrase
pairs_mcq_v2.csv,2054,mcq,mmlu_sociology_0041,train,remove,C2_answer_bearing,mmlu_answer_frag
pairs_mcq_v2.csv,2055,mcq,mmlu_sociology_0041,train,retain,H1_same_topic,mmlu_same_subject_other_item
pairs_mcq_v2.csv,2056,mcq,mmlu_sociology_0041,train,retain,H3_predating,logiqa
pairs_mcq_v2.csv,2057,mcq,mmlu_sociology_0041,train,retain,R_random,svamp
pairs_mcq_v2.csv,2058,mcq,mmlu_sociology_0042,train,remove,C0_exact,mmlu_copy
pairs_mcq_v2.csv,2059,mcq,mmlu_sociology_0042,train,remove,C1_transformed,lmsys_rephrase
pairs_mcq_v2.csv,2060,mcq,mmlu_sociology_0042,train,remove,C2_answer_bearing,mmlu_answer_frag
pairs_mcq_v2.csv,2061,mcq,mmlu_sociology_0042,train,retain,H1_same_topic,mmlu_same_subject_other_item
pairs_mcq_v2.csv,2062,mcq,mmlu_sociology_0042,train,retain,H3_predating,logiqa
pairs_mcq_v2.csv,2063,mcq,mmlu_sociology_0042,train,retain,R_random,svamp
pairs_mcq_v2.csv,2076,mcq,mmlu_sociology_0045,train,remove,C0_exact,mmlu_copy
pairs_mcq_v2.csv,2077,mcq,mmlu_sociology_0045,train,remove,C1_transformed,lmsys_rephrase
pairs_mcq_v2.csv,2078,mcq,mmlu_sociology_0045,train,remove,C2_answer_bearing,mmlu_answer_frag
pairs_mcq_v2.csv,2079,mcq,mmlu_sociology_0045,train,retain,H1_same_topic,mmlu_same_subject_other_item
pairs_mcq_v2.csv,2080,mcq,mmlu_sociology_0045,train,retain,H3_predating,logiqa
pairs_mcq_v2.csv,2081,mcq,mmlu_sociology_0045,train,retain,R_random,svamp
pairs_mcq_v2.csv,2088,mcq,mmlu_sociology_0047,train,remove,C0_exact,mmlu_copy
pairs_mcq_v2.csv,2089,mcq,mmlu_sociology_0047,train,remove,C1_transformed,lmsys_rephrase
pairs_mcq_v2.csv,2090,mcq,mmlu_sociology_0047,train,remove,C2_answer_bearing,mmlu_answer_frag
pairs_mcq_v2.csv,2091,mcq,mmlu_sociology_0047,train,retain,H1_same_topic,mmlu_same_subject_other_item
pairs_mcq_v2.csv,2092,mcq,mmlu_sociology_0047,train,retain,H3_predating,logiqa
pairs_mcq_v2.csv,2093,mcq,mmlu_sociology_0047,train,retain,R_random,svamp
pairs_mcq_v2.csv,2094,mcq,mmlu_sociology_0048,train,remove,C0_exact,mmlu_copy
pairs_mcq_v2.csv,2095,mcq,mmlu_sociology_0048,train,remove,C1_transformed,lmsys_rephrase
pairs_mcq_v2.csv,2096,mcq,mmlu_sociology_0048,train,remove,C2_answer_bearing,mmlu_answer_frag
pairs_mcq_v2.csv,2097,mcq,mmlu_sociology_0048,train,retain,H1_same_topic,mmlu_same_subject_other_item
pairs_mcq_v2.csv,2098,mcq,mmlu_sociology_0048,train,retain,H3_predating,logiqa
pairs_mcq_v2.csv,2099,mcq,mmlu_sociology_0048,train,retain,R_random,svamp
pairs_mcq_v2.csv,2136,mcq,mmlu_sociology_0055,train,remove,C0_exact,mmlu_copy
pairs_mcq_v2.csv,2137,mcq,mmlu_sociology_0055,train,remove,C1_transformed,lmsys_rephrase
pairs_mcq_v2.csv,2138,mcq,mmlu_sociology_0055,train,remove,C2_answer_bearing,mmlu_answer_frag
pairs_mcq_v2.csv,2139,mcq,mmlu_sociology_0055,train,retain,H1_same_topic,mmlu_same_subject_other_item
pairs_mcq_v2.csv,2140,mcq,mmlu_sociology_0055,train,retain,H3_predating,logiqa
pairs_mcq_v2.csv,2141,mcq,mmlu_sociology_0055,train,retain,R_random,svamp
pairs_mcq_v2.csv,2142,mcq,mmlu_sociology_0056,train,remove,C0_exact,mmlu_copy
pairs_mcq_v2.csv,2143,mcq,mmlu_sociology_0056,train,remove,C1_transformed,lmsys_rephrase
pairs_mcq_v2.csv,2144,mcq,mmlu_sociology_0056,train,remove,C2_answer_bearing,mmlu_answer_frag
pairs_mcq_v2.csv,2145,mcq,mmlu_sociology_0056,train,retain,H1_same_topic,mmlu_same_subject_other_item
pairs_mcq_v2.csv,2146,mcq,mmlu_sociology_0056,train,retain,H3_predating,logiqa
pairs_mcq_v2.csv,2147,mcq,mmlu_sociology_0056,train,retain,R_random,svamp
pairs_mcq_v2.csv,2160,mcq,mmlu_sociology_0059,train,remove,C0_exact,mmlu_copy
pairs_mcq_v2.csv,2161,mcq,mmlu_sociology_0059,train,remove,C1_transformed,lmsys_rephrase
pairs_mcq_v2.csv,2162,mcq,mmlu_sociology_0059,train,remove,C2_answer_bearing,mmlu_answer_frag
pairs_mcq_v2.csv,2163,mcq,mmlu_sociology_0059,train,retain,H1_same_topic,mmlu_same_subject_other_item
pairs_mcq_v2.csv,2164,mcq,mmlu_sociology_0059,train,retain,H3_predating,logiqa
pairs_mcq_v2.csv,2165,mcq,mmlu_sociology_0059,train,retain,R_random,svamp
pairs_mcq_v2.csv,2166,mcq,mmlu_sociology_0060,train,remove,C0_exact,mmlu_copy
pairs_mcq_v2.csv,2167,mcq,mmlu_sociology_0060,train,remove,C1_transformed,lmsys_rephrase
pairs_mcq_v2.csv,2168,mcq,mmlu_sociology_0060,train,remove,C2_answer_bearing,mmlu_answer_frag
pairs_mcq_v2.csv,2169,mcq,mmlu_sociology_0060,train,retain,H1_same_topic,mmlu_same_subject_other_item
pairs_mcq_v2.csv,2170,mcq,mmlu_sociology_0060,train,retain,H3_predating,logiqa
pairs_mcq_v2.csv,2171,mcq,mmlu_sociology_0060,train,retain,R_random,svamp
pairs_mcq_v2.csv,2172,mcq,mmlu_sociology_0061,train,remove,C0_exact,mmlu_copy
pairs_mcq_v2.csv,2173,mcq,mmlu_sociology_0061,train,remove,C1_transformed,lmsys_rephrase
pairs_mcq_v2.csv,2174,mcq,mmlu_sociology_0061,train,remove,C2_answer_bearing,mmlu_answer_frag
pairs_mcq_v2.csv,2175,mcq,mmlu_sociology_0061,train,retain,H1_same_topic,mmlu_same_subject_other_item
pairs_mcq_v2.csv,2176,mcq,mmlu_sociology_0061,train,retain,H3_predating,logiqa
pairs_mcq_v2.csv,2177,mcq,mmlu_sociology_0061,train,retain,R_random,svamp
pairs_mcq_v2.csv,2178,mcq,mmlu_sociology_0062,train,remove,C0_exact,mmlu_copy
pairs_mcq_v2.csv,2179,mcq,mmlu_sociology_0062,train,remove,C1_transformed,lmsys_rephrase
pairs_mcq_v2.csv,2180,mcq,mmlu_sociology_0062,train,remove,C2_answer_bearing,mmlu_answer_frag
pairs_mcq_v2.csv,2181,mcq,mmlu_sociology_0062,train,retain,H1_same_topic,mmlu_same_subject_other_item
pairs_mcq_v2.csv,2182,mcq,mmlu_sociology_0062,train,retain,H3_predating,logiqa
pairs_mcq_v2.csv,2183,mcq,mmlu_sociology_0062,train,retain,R_random,svamp
pairs_mcq_v2.csv,2202,mcq,mmlu_sociology_0066,train,remove,C0_exact,mmlu_copy
pairs_mcq_v2.csv,2203,mcq,mmlu_sociology_0066,train,remove,C1_transformed,lmsys_rephrase
pairs_mcq_v2.csv,2204,mcq,mmlu_sociology_0066,train,remove,C2_answer_bearing,mmlu_answer_frag
pairs_mcq_v2.csv,2205,mcq,mmlu_sociology_0066,train,retain,H1_same_topic,mmlu_same_subject_other_item
pairs_mcq_v2.csv,2206,mcq,mmlu_sociology_0066,train,retain,H3_predating,logiqa
pairs_mcq_v2.csv,2207,mcq,mmlu_sociology_0066,train,retain,R_random,svamp
pairs_mcq_v2.csv,2219,mcq,mmlu_sociology_0069,train,remove,C0_exact,mmlu_copy
pairs_mcq_v2.csv,2220,mcq,mmlu_sociology_0069,train,remove,C1_transformed,lmsys_rephrase
pairs_mcq_v2.csv,2221,mcq,mmlu_sociology_0069,train,remove,C2_answer_bearing,mmlu_answer_frag
pairs_mcq_v2.csv,2222,mcq,mmlu_sociology_0069,train,retain,H1_same_topic,mmlu_same_subject_other_item
pairs_mcq_v2.csv,2223,mcq,mmlu_sociology_0069,train,retain,H3_predating,logiqa
pairs_mcq_v2.csv,2224,mcq,mmlu_sociology_0069,train,retain,R_random,svamp
pairs_mcq_v2.csv,2231,mcq,mmlu_sociology_0071,train,remove,C0_exact,mmlu_copy
pairs_mcq_v2.csv,2232,mcq,mmlu_sociology_0071,train,remove,C1_transformed,lmsys_rephrase
pairs_mcq_v2.csv,2233,mcq,mmlu_sociology_0071,train,remove,C2_answer_bearing,mmlu_answer_frag
pairs_mcq_v2.csv,2234,mcq,mmlu_sociology_0071,train,retain,H1_same_topic,mmlu_same_subject_other_item
pairs_mcq_v2.csv,2235,mcq,mmlu_sociology_0071,train,retain,H3_predating,logiqa
pairs_mcq_v2.csv,2236,mcq,mmlu_sociology_0071,train,retain,R_random,svamp
pairs_mcq_v2.csv,2249,mcq,mmlu_sociology_0074,train,remove,C0_exact,mmlu_copy
pairs_mcq_v2.csv,2250,mcq,mmlu_sociology_0074,train,remove,C1_transformed,lmsys_rephrase
pairs_mcq_v2.csv,2251,mcq,mmlu_sociology_0074,train,remove,C2_answer_bearing,mmlu_answer_frag
pairs_mcq_v2.csv,2252,mcq,mmlu_sociology_0074,train,retain,H1_same_topic,mmlu_same_subject_other_item
pairs_mcq_v2.csv,2253,mcq,mmlu_sociology_0074,train,retain,H3_predating,logiqa
pairs_mcq_v2.csv,2254,mcq,mmlu_sociology_0074,train,retain,R_random,svamp
pairs_mcq_v2.csv,2297,mcq,mmlu_sociology_0082,train,remove,C0_exact,mmlu_copy
pairs_mcq_v2.csv,2298,mcq,mmlu_sociology_0082,train,remove,C1_transformed,lmsys_rephrase
pairs_mcq_v2.csv,2299,mcq,mmlu_sociology_0082,train,remove,C2_answer_bearing,mmlu_answer_frag
pairs_mcq_v2.csv,2300,mcq,mmlu_sociology_0082,train,retain,H1_same_topic,mmlu_same_subject_other_item
pairs_mcq_v2.csv,2301,mcq,mmlu_sociology_0082,train,retain,H3_predating,logiqa
pairs_mcq_v2.csv,2302,mcq,mmlu_sociology_0082,train,retain,R_random,svamp
pairs_mcq_v2.csv,2315,mcq,mmlu_sociology_0085,train,remove,C0_exact,mmlu_copy
pairs_mcq_v2.csv,2316,mcq,mmlu_sociology_0085,train,remove,C1_transformed,lmsys_rephrase
pairs_mcq_v2.csv,2317,mcq,mmlu_sociology_0085,train,remove,C2_answer_bearing,mmlu_answer_frag
pairs_mcq_v2.csv,2318,mcq,mmlu_sociology_0085,train,retain,H1_same_topic,mmlu_same_subject_other_item
pairs_mcq_v2.csv,2319,mcq,mmlu_sociology_0085,train,retain,H3_predating,logiqa
pairs_mcq_v2.csv,2320,mcq,mmlu_sociology_0085,train,retain,R_random,svamp
pairs_mcq_v2.csv,2333,mcq,mmlu_sociology_0088,train,remove,C0_exact,mmlu_copy
pairs_mcq_v2.csv,2334,mcq,mmlu_sociology_0088,train,remove,C1_transformed,lmsys_rephrase
pairs_mcq_v2.csv,2335,mcq,mmlu_sociology_0088,train,remove,C2_answer_bearing,mmlu_answer_frag
pairs_mcq_v2.csv,2336,mcq,mmlu_sociology_0088,train,retain,H1_same_topic,mmlu_same_subject_other_item
pairs_mcq_v2.csv,2337,mcq,mmlu_sociology_0088,train,retain,H3_predating,logiqa
pairs_mcq_v2.csv,2338,mcq,mmlu_sociology_0088,train,retain,R_random,svamp
pairs_mcq_v2.csv,2339,mcq,mmlu_sociology_0089,train,remove,C0_exact,mmlu_copy
pairs_mcq_v2.csv,2340,mcq,mmlu_sociology_0089,train,remove,C1_transformed,lmsys_rephrase
pairs_mcq_v2.csv,2341,mcq,mmlu_sociology_0089,train,remove,C2_answer_bearing,mmlu_answer_frag
pairs_mcq_v2.csv,2342,mcq,mmlu_sociology_0089,train,retain,H1_same_topic,mmlu_same_subject_other_item
pairs_mcq_v2.csv,2343,mcq,mmlu_sociology_0089,train,retain,H3_predating,logiqa
pairs_mcq_v2.csv,2344,mcq,mmlu_sociology_0089,train,retain,R_random,svamp
pairs_mcq_v2.csv,2351,mcq,mmlu_sociology_0091,train,remove,C0_exact,mmlu_copy
pairs_mcq_v2.csv,2352,mcq,mmlu_sociology_0091,train,remove,C1_transformed,lmsys_rephrase
pairs_mcq_v2.csv,2353,mcq,mmlu_sociology_0091,train,remove,C2_answer_bearing,mmlu_answer_frag
pairs_mcq_v2.csv,2354,mcq,mmlu_sociology_0091,train,retain,H1_same_topic,mmlu_same_subject_other_item
pairs_mcq_v2.csv,2355,mcq,mmlu_sociology_0091,train,retain,H3_predating,logiqa
pairs_mcq_v2.csv,2356,mcq,mmlu_sociology_0091,train,retain,R_random,svamp
pairs_mcq_v2.csv,2375,mcq,mmlu_sociology_0095,train,remove,C0_exact,mmlu_copy
pairs_mcq_v2.csv,2376,mcq,mmlu_sociology_0095,train,remove,C1_transformed,lmsys_rephrase
pairs_mcq_v2.csv,2377,mcq,mmlu_sociology_0095,train,remove,C2_answer_bearing,mmlu_answer_frag
pairs_mcq_v2.csv,2378,mcq,mmlu_sociology_0095,train,retain,H1_same_topic,mmlu_same_subject_other_item
pairs_mcq_v2.csv,2379,mcq,mmlu_sociology_0095,train,retain,H3_predating,logiqa
pairs_mcq_v2.csv,2380,mcq,mmlu_sociology_0095,train,retain,R_random,svamp
pairs_mcq_v2.csv,2393,mcq,mmlu_sociology_0098,train,remove,C0_exact,mmlu_copy
pairs_mcq_v2.csv,2394,mcq,mmlu_sociology_0098,train,remove,C1_transformed,lmsys_rephrase
pairs_mcq_v2.csv,2395,mcq,mmlu_sociology_0098,train,remove,C2_answer_bearing,mmlu_answer_frag
pairs_mcq_v2.csv,2396,mcq,mmlu_sociology_0098,train,retain,H1_same_topic,mmlu_same_subject_other_item
pairs_mcq_v2.csv,2397,mcq,mmlu_sociology_0098,train,retain,H3_predating,logiqa
pairs_mcq_v2.csv,2398,mcq,mmlu_sociology_0098,train,retain,R_random,svamp
pairs_mcq_v2.csv,2399,mcq,mmlu_sociology_0099,train,remove,C0_exact,mmlu_copy
pairs_mcq_v2.csv,2400,mcq,mmlu_sociology_0099,train,remove,C1_transformed,lmsys_rephrase
pairs_mcq_v2.csv,2401,mcq,mmlu_sociology_0099,train,remove,C2_answer_bearing,mmlu_answer_frag
pairs_mcq_v2.csv,2402,mcq,mmlu_sociology_0099,train,retain,H1_same_topic,mmlu_same_subject_other_item
pairs_mcq_v2.csv,2403,mcq,mmlu_sociology_0099,train,retain,H3_predating,logiqa
pairs_mcq_v2.csv,2404,mcq,mmlu_sociology_0099,train,retain,R_random,svamp
pairs_mcq_v2.csv,2405,mcq,mmlu_sociology_0100,train,remove,C0_exact,mmlu_copy
pairs_mcq_v2.csv,2406,mcq,mmlu_sociology_0100,train,remove,C1_transformed,lmsys_rephrase
pairs_mcq_v2.csv,2407,mcq,mmlu_sociology_0100,train,remove,C2_answer_bearing,mmlu_answer_frag
pairs_mcq_v2.csv,2408,mcq,mmlu_sociology_0100,train,retain,H1_same_topic,mmlu_same_subject_other_item
pairs_mcq_v2.csv,2409,mcq,mmlu_sociology_0100,train,retain,H3_predating,logiqa
pairs_mcq_v2.csv,2410,mcq,mmlu_sociology_0100,train,retain,R_random,svamp
pairs_mcq_v2.csv,2411,mcq,mmlu_sociology_0101,train,remove,C0_exact,mmlu_copy
pairs_mcq_v2.csv,2412,mcq,mmlu_sociology_0101,train,remove,C1_transformed,lmsys_rephrase
pairs_mcq_v2.csv,2413,mcq,mmlu_sociology_0101,train,remove,C2_answer_bearing,mmlu_answer_frag
pairs_mcq_v2.csv,2414,mcq,mmlu_sociology_0101,train,retain,H1_same_topic,mmlu_same_subject_other_item
pairs_mcq_v2.csv,2415,mcq,mmlu_sociology_0101,train,retain,H3_predating,logiqa
pairs_mcq_v2.csv,2416,mcq,mmlu_sociology_0101,train,retain,R_random,svamp
pairs_mcq_v2.csv,2417,mcq,mmlu_sociology_0102,train,remove,C0_exact,mmlu_copy
pairs_mcq_v2.csv,2418,mcq,mmlu_sociology_0102,train,remove,C1_transformed,lmsys_rephrase
pairs_mcq_v2.csv,2419,mcq,mmlu_sociology_0102,train,remove,C2_answer_bearing,mmlu_answer_frag
pairs_mcq_v2.csv,2420,mcq,mmlu_sociology_0102,train,retain,H1_same_topic,mmlu_same_subject_other_item
pairs_mcq_v2.csv,2421,mcq,mmlu_sociology_0102,train,retain,H3_predating,logiqa
pairs_mcq_v2.csv,2422,mcq,mmlu_sociology_0102,train,retain,R_random,svamp
pairs_mcq_v2.csv,2423,mcq,mmlu_sociology_0103,train,remove,C0_exact,mmlu_copy
pairs_mcq_v2.csv,2424,mcq,mmlu_sociology_0103,train,remove,C1_transformed,lmsys_rephrase
pairs_mcq_v2.csv,2425,mcq,mmlu_sociology_0103,train,remove,C2_answer_bearing,mmlu_answer_frag
pairs_mcq_v2.csv,2426,mcq,mmlu_sociology_0103,train,retain,H1_same_topic,mmlu_same_subject_other_item
pairs_mcq_v2.csv,2427,mcq,mmlu_sociology_0103,train,retain,H3_predating,logiqa
pairs_mcq_v2.csv,2428,mcq,mmlu_sociology_0103,train,retain,R_random,svamp
pairs_mcq_v2.csv,2447,mcq,mmlu_sociology_0107,train,remove,C0_exact,mmlu_copy
pairs_mcq_v2.csv,2448,mcq,mmlu_sociology_0107,train,remove,C1_transformed,lmsys_rephrase
pairs_mcq_v2.csv,2449,mcq,mmlu_sociology_0107,train,remove,C2_answer_bearing,mmlu_answer_frag
pairs_mcq_v2.csv,2450,mcq,mmlu_sociology_0107,train,retain,H1_same_topic,mmlu_same_subject_other_item
pairs_mcq_v2.csv,2451,mcq,mmlu_sociology_0107,train,retain,H3_predating,logiqa
pairs_mcq_v2.csv,2452,mcq,mmlu_sociology_0107,train,retain,R_random,svamp
pairs_mcq_v2.csv,2453,mcq,mmlu_sociology_0108,train,remove,C0_exact,mmlu_copy
pairs_mcq_v2.csv,2454,mcq,mmlu_sociology_0108,train,remove,C1_transformed,lmsys_rephrase
pairs_mcq_v2.csv,2455,mcq,mmlu_sociology_0108,train,remove,C2_answer_bearing,mmlu_answer_frag
pairs_mcq_v2.csv,2456,mcq,mmlu_sociology_0108,train,retain,H1_same_topic,mmlu_same_subject_other_item
pairs_mcq_v2.csv,2457,mcq,mmlu_sociology_0108,train,retain,H3_predating,logiqa
pairs_mcq_v2.csv,2458,mcq,mmlu_sociology_0108,train,retain,R_random,svamp
pairs_mcq_v2.csv,2489,mcq,mmlu_sociology_0114,train,remove,C0_exact,mmlu_copy
pairs_mcq_v2.csv,2490,mcq,mmlu_sociology_0114,train,remove,C1_transformed,lmsys_rephrase
pairs_mcq_v2.csv,2491,mcq,mmlu_sociology_0114,train,remove,C2_answer_bearing,mmlu_answer_frag
pairs_mcq_v2.csv,2492,mcq,mmlu_sociology_0114,train,retain,H1_same_topic,mmlu_same_subject_other_item
pairs_mcq_v2.csv,2493,mcq,mmlu_sociology_0114,train,retain,H3_predating,logiqa
pairs_mcq_v2.csv,2494,mcq,mmlu_sociology_0114,train,retain,R_random,svamp
pairs_mcq_v2.csv,2495,mcq,mmlu_sociology_0115,train,remove,C0_exact,mmlu_copy
pairs_mcq_v2.csv,2496,mcq,mmlu_sociology_0115,train,remove,C1_transformed,lmsys_rephrase
pairs_mcq_v2.csv,2497,mcq,mmlu_sociology_0115,train,remove,C2_answer_bearing,mmlu_answer_frag
pairs_mcq_v2.csv,2498,mcq,mmlu_sociology_0115,train,retain,H1_same_topic,mmlu_same_subject_other_item
pairs_mcq_v2.csv,2499,mcq,mmlu_sociology_0115,train,retain,H3_predating,logiqa
pairs_mcq_v2.csv,2500,mcq,mmlu_sociology_0115,train,retain,R_random,svamp
pairs_mcq_v2.csv,2525,mcq,mmlu_sociology_0120,train,remove,C0_exact,mmlu_copy
pairs_mcq_v2.csv,2526,mcq,mmlu_sociology_0120,train,remove,C1_transformed,lmsys_rephrase
pairs_mcq_v2.csv,2527,mcq,mmlu_sociology_0120,train,remove,C2_answer_bearing,mmlu_answer_frag
pairs_mcq_v2.csv,2528,mcq,mmlu_sociology_0120,train,retain,H1_same_topic,mmlu_same_subject_other_item
pairs_mcq_v2.csv,2529,mcq,mmlu_sociology_0120,train,retain,H3_predating,logiqa
pairs_mcq_v2.csv,2530,mcq,mmlu_sociology_0120,train,retain,R_random,svamp
pairs_mcq_v2.csv,2531,mcq,mmlu_sociology_0121,train,remove,C0_exact,mmlu_copy
pairs_mcq_v2.csv,2532,mcq,mmlu_sociology_0121,train,remove,C1_transformed,lmsys_rephrase
pairs_mcq_v2.csv,2533,mcq,mmlu_sociology_0121,train,remove,C2_answer_bearing,mmlu_answer_frag
pairs_mcq_v2.csv,2534,mcq,mmlu_sociology_0121,train,retain,H1_same_topic,mmlu_same_subject_other_item
pairs_mcq_v2.csv,2535,mcq,mmlu_sociology_0121,train,retain,H3_predating,logiqa
pairs_mcq_v2.csv,2536,mcq,mmlu_sociology_0121,train,retain,R_random,svamp
pairs_mcq_v2.csv,2537,mcq,mmlu_sociology_0122,train,remove,C0_exact,mmlu_copy
pairs_mcq_v2.csv,2538,mcq,mmlu_sociology_0122,train,remove,C1_transformed,lmsys_rephrase
pairs_mcq_v2.csv,2539,mcq,mmlu_sociology_0122,train,remove,C2_answer_bearing,mmlu_answer_frag
pairs_mcq_v2.csv,2540,mcq,mmlu_sociology_0122,train,retain,H1_same_topic,mmlu_same_subject_other_item
pairs_mcq_v2.csv,2541,mcq,mmlu_sociology_0122,train,retain,H3_predating,logiqa
pairs_mcq_v2.csv,2542,mcq,mmlu_sociology_0122,train,retain,R_random,svamp
pairs_mcq_v2.csv,2567,mcq,mmlu_sociology_0127,train,remove,C0_exact,mmlu_copy
pairs_mcq_v2.csv,2568,mcq,mmlu_sociology_0127,train,remove,C1_transformed,lmsys_rephrase
pairs_mcq_v2.csv,2569,mcq,mmlu_sociology_0127,train,remove,C2_answer_bearing,mmlu_answer_frag
pairs_mcq_v2.csv,2570,mcq,mmlu_sociology_0127,train,retain,H1_same_topic,mmlu_same_subject_other_item
pairs_mcq_v2.csv,2571,mcq,mmlu_sociology_0127,train,retain,H3_predating,logiqa
pairs_mcq_v2.csv,2572,mcq,mmlu_sociology_0127,train,retain,R_random,svamp
pairs_mcq_v2.csv,2573,mcq,mmlu_sociology_0128,train,remove,C0_exact,mmlu_copy
pairs_mcq_v2.csv,2574,mcq,mmlu_sociology_0128,train,remove,C1_transformed,lmsys_rephrase
pairs_mcq_v2.csv,2575,mcq,mmlu_sociology_0128,train,remove,C2_answer_bearing,mmlu_answer_frag
pairs_mcq_v2.csv,2576,mcq,mmlu_sociology_0128,train,retain,H1_same_topic,mmlu_same_subject_other_item
pairs_mcq_v2.csv,2577,mcq,mmlu_sociology_0128,train,retain,H3_predating,logiqa
pairs_mcq_v2.csv,2578,mcq,mmlu_sociology_0128,train,retain,R_random,svamp
pairs_mcq_v2.csv,2591,mcq,mmlu_sociology_0131,train,remove,C0_exact,mmlu_copy
pairs_mcq_v2.csv,2592,mcq,mmlu_sociology_0131,train,remove,C1_transformed,lmsys_rephrase
pairs_mcq_v2.csv,2593,mcq,mmlu_sociology_0131,train,remove,C2_answer_bearing,mmlu_answer_frag
pairs_mcq_v2.csv,2594,mcq,mmlu_sociology_0131,train,retain,H1_same_topic,mmlu_same_subject_other_item
pairs_mcq_v2.csv,2595,mcq,mmlu_sociology_0131,train,retain,H3_predating,logiqa
pairs_mcq_v2.csv,2596,mcq,mmlu_sociology_0131,train,retain,R_random,svamp
pairs_mcq_v2.csv,2597,mcq,mmlu_sociology_0132,train,remove,C0_exact,mmlu_copy
pairs_mcq_v2.csv,2598,mcq,mmlu_sociology_0132,train,remove,C1_transformed,lmsys_rephrase
pairs_mcq_v2.csv,2599,mcq,mmlu_sociology_0132,train,remove,C2_answer_bearing,mmlu_answer_frag
pairs_mcq_v2.csv,2600,mcq,mmlu_sociology_0132,train,retain,H1_same_topic,mmlu_same_subject_other_item
pairs_mcq_v2.csv,2601,mcq,mmlu_sociology_0132,train,retain,H3_predating,logiqa
pairs_mcq_v2.csv,2602,mcq,mmlu_sociology_0132,train,retain,R_random,svamp
pairs_mcq_v2.csv,2603,mcq,mmlu_sociology_0133,train,remove,C0_exact,mmlu_copy
pairs_mcq_v2.csv,2604,mcq,mmlu_sociology_0133,train,remove,C1_transformed,lmsys_rephrase
pairs_mcq_v2.csv,2605,mcq,mmlu_sociology_0133,train,remove,C2_answer_bearing,mmlu_answer_frag
pairs_mcq_v2.csv,2606,mcq,mmlu_sociology_0133,train,retain,H1_same_topic,mmlu_same_subject_other_item
pairs_mcq_v2.csv,2607,mcq,mmlu_sociology_0133,train,retain,H3_predating,logiqa
pairs_mcq_v2.csv,2608,mcq,mmlu_sociology_0133,train,retain,R_random,svamp
pairs_mcq_v2.csv,2621,mcq,mmlu_sociology_0136,train,remove,C0_exact,mmlu_copy
pairs_mcq_v2.csv,2622,mcq,mmlu_sociology_0136,train,remove,C1_transformed,lmsys_rephrase
pairs_mcq_v2.csv,2623,mcq,mmlu_sociology_0136,train,remove,C2_answer_bearing,mmlu_answer_frag
pairs_mcq_v2.csv,2624,mcq,mmlu_sociology_0136,train,retain,H1_same_topic,mmlu_same_subject_other_item
pairs_mcq_v2.csv,2625,mcq,mmlu_sociology_0136,train,retain,H3_predating,logiqa
pairs_mcq_v2.csv,2626,mcq,mmlu_sociology_0136,train,retain,R_random,svamp
pairs_mcq_v2.csv,2627,mcq,mmlu_sociology_0137,train,remove,C0_exact,mmlu_copy
pairs_mcq_v2.csv,2628,mcq,mmlu_sociology_0137,train,remove,C1_transformed,lmsys_rephrase
pairs_mcq_v2.csv,2629,mcq,mmlu_sociology_0137,train,remove,C2_answer_bearing,mmlu_answer_frag
pairs_mcq_v2.csv,2630,mcq,mmlu_sociology_0137,train,retain,H1_same_topic,mmlu_same_subject_other_item
pairs_mcq_v2.csv,2631,mcq,mmlu_sociology_0137,train,retain,H3_predating,logiqa
pairs_mcq_v2.csv,2632,mcq,mmlu_sociology_0137,train,retain,R_random,svamp
pairs_mcq_v2.csv,2639,mcq,mmlu_sociology_0139,train,remove,C0_exact,mmlu_copy
pairs_mcq_v2.csv,2640,mcq,mmlu_sociology_0139,train,remove,C1_transformed,lmsys_rephrase
pairs_mcq_v2.csv,2641,mcq,mmlu_sociology_0139,train,remove,C2_answer_bearing,mmlu_answer_frag
pairs_mcq_v2.csv,2642,mcq,mmlu_sociology_0139,train,retain,H1_same_topic,mmlu_same_subject_other_item
pairs_mcq_v2.csv,2643,mcq,mmlu_sociology_0139,train,retain,H3_predating,logiqa
pairs_mcq_v2.csv,2644,mcq,mmlu_sociology_0139,train,retain,R_random,svamp
pairs_mcq_v2.csv,2645,mcq,mmlu_sociology_0140,train,remove,C0_exact,mmlu_copy
pairs_mcq_v2.csv,2646,mcq,mmlu_sociology_0140,train,remove,C1_transformed,lmsys_rephrase
pairs_mcq_v2.csv,2647,mcq,mmlu_sociology_0140,train,remove,C2_answer_bearing,mmlu_answer_frag
pairs_mcq_v2.csv,2648,mcq,mmlu_sociology_0140,train,retain,H1_same_topic,mmlu_same_subject_other_item
pairs_mcq_v2.csv,2649,mcq,mmlu_sociology_0140,train,retain,H3_predating,logiqa
pairs_mcq_v2.csv,2650,mcq,mmlu_sociology_0140,train,retain,R_random,svamp
pairs_mcq_v2.csv,2657,mcq,mmlu_sociology_0142,train,remove,C0_exact,mmlu_copy
pairs_mcq_v2.csv,2658,mcq,mmlu_sociology_0142,train,remove,C1_transformed,lmsys_rephrase
pairs_mcq_v2.csv,2659,mcq,mmlu_sociology_0142,train,remove,C2_answer_bearing,mmlu_answer_frag
pairs_mcq_v2.csv,2660,mcq,mmlu_sociology_0142,train,retain,H1_same_topic,mmlu_same_subject_other_item
pairs_mcq_v2.csv,2661,mcq,mmlu_sociology_0142,train,retain,H3_predating,logiqa
pairs_mcq_v2.csv,2662,mcq,mmlu_sociology_0142,train,retain,R_random,svamp
pairs_mcq_v2.csv,2663,mcq,mmlu_sociology_0143,train,remove,C0_exact,mmlu_copy
pairs_mcq_v2.csv,2664,mcq,mmlu_sociology_0143,train,remove,C1_transformed,lmsys_rephrase
pairs_mcq_v2.csv,2665,mcq,mmlu_sociology_0143,train,remove,C2_answer_bearing,mmlu_answer_frag
pairs_mcq_v2.csv,2666,mcq,mmlu_sociology_0143,train,retain,H1_same_topic,mmlu_same_subject_other_item
pairs_mcq_v2.csv,2667,mcq,mmlu_sociology_0143,train,retain,H3_predating,logiqa
pairs_mcq_v2.csv,2668,mcq,mmlu_sociology_0143,train,retain,R_random,svamp
pairs_mcq_v2.csv,2669,mcq,mmlu_sociology_0144,train,remove,C0_exact,mmlu_copy
pairs_mcq_v2.csv,2670,mcq,mmlu_sociology_0144,train,remove,C1_transformed,lmsys_rephrase
pairs_mcq_v2.csv,2671,mcq,mmlu_sociology_0144,train,remove,C2_answer_bearing,mmlu_answer_frag
pairs_mcq_v2.csv,2672,mcq,mmlu_sociology_0144,train,retain,H1_same_topic,mmlu_same_subject_other_item
pairs_mcq_v2.csv,2673,mcq,mmlu_sociology_0144,train,retain,H3_predating,logiqa
pairs_mcq_v2.csv,2674,mcq,mmlu_sociology_0144,train,retain,R_random,svamp
pairs_mcq_v2.csv,2675,mcq,mmlu_sociology_0145,train,remove,C0_exact,mmlu_copy
pairs_mcq_v2.csv,2676,mcq,mmlu_sociology_0145,train,remove,C1_transformed,lmsys_rephrase
pairs_mcq_v2.csv,2677,mcq,mmlu_sociology_0145,train,remove,C2_answer_bearing,mmlu_answer_frag
pairs_mcq_v2.csv,2678,mcq,mmlu_sociology_0145,train,retain,H1_same_topic,mmlu_same_subject_other_item
pairs_mcq_v2.csv,2679,mcq,mmlu_sociology_0145,train,retain,H3_predating,logiqa
pairs_mcq_v2.csv,2680,mcq,mmlu_sociology_0145,train,retain,R_random,svamp
pairs_mcq_v2.csv,2681,mcq,mmlu_sociology_0146,train,remove,C0_exact,mmlu_copy
pairs_mcq_v2.csv,2682,mcq,mmlu_sociology_0146,train,remove,C1_transformed,lmsys_rephrase
pairs_mcq_v2.csv,2683,mcq,mmlu_sociology_0146,train,remove,C2_answer_bearing,mmlu_answer_frag
pairs_mcq_v2.csv,2684,mcq,mmlu_sociology_0146,train,retain,H1_same_topic,mmlu_same_subject_other_item
pairs_mcq_v2.csv,2685,mcq,mmlu_sociology_0146,train,retain,H3_predating,logiqa
pairs_mcq_v2.csv,2686,mcq,mmlu_sociology_0146,train,retain,R_random,svamp
pairs_mcq_v2.csv,2699,mcq,mmlu_sociology_0149,train,remove,C0_exact,mmlu_copy
pairs_mcq_v2.csv,2700,mcq,mmlu_sociology_0149,train,remove,C1_transformed,lmsys_rephrase
pairs_mcq_v2.csv,2701,mcq,mmlu_sociology_0149,train,remove,C2_answer_bearing,mmlu_answer_frag
pairs_mcq_v2.csv,2702,mcq,mmlu_sociology_0149,train,retain,H1_same_topic,mmlu_same_subject_other_item
pairs_mcq_v2.csv,2703,mcq,mmlu_sociology_0149,train,retain,H3_predating,logiqa
pairs_mcq_v2.csv,2704,mcq,mmlu_sociology_0149,train,retain,R_random,svamp
pairs_mcq_v2.csv,2717,mcq,mmlu_sociology_0152,train,remove,C0_exact,mmlu_copy
pairs_mcq_v2.csv,2718,mcq,mmlu_sociology_0152,train,remove,C1_transformed,lmsys_rephrase
pairs_mcq_v2.csv,2719,mcq,mmlu_sociology_0152,train,remove,C2_answer_bearing,mmlu_answer_frag
pairs_mcq_v2.csv,2720,mcq,mmlu_sociology_0152,train,retain,H1_same_topic,mmlu_same_subject_other_item
pairs_mcq_v2.csv,2721,mcq,mmlu_sociology_0152,train,retain,H3_predating,logiqa
pairs_mcq_v2.csv,2722,mcq,mmlu_sociology_0152,train,retain,R_random,svamp
pairs_mcq_v2.csv,2723,mcq,mmlu_sociology_0153,train,remove,C0_exact,mmlu_copy
pairs_mcq_v2.csv,2724,mcq,mmlu_sociology_0153,train,remove,C1_transformed,lmsys_rephrase
pairs_mcq_v2.csv,2725,mcq,mmlu_sociology_0153,train,remove,C2_answer_bearing,mmlu_answer_frag
pairs_mcq_v2.csv,2726,mcq,mmlu_sociology_0153,train,retain,H1_same_topic,mmlu_same_subject_other_item
pairs_mcq_v2.csv,2727,mcq,mmlu_sociology_0153,train,retain,H3_predating,logiqa
pairs_mcq_v2.csv,2728,mcq,mmlu_sociology_0153,train,retain,R_random,svamp
pairs_mcq_v2.csv,2741,mcq,mmlu_sociology_0156,train,remove,C0_exact,mmlu_copy
pairs_mcq_v2.csv,2742,mcq,mmlu_sociology_0156,train,remove,C1_transformed,lmsys_rephrase
pairs_mcq_v2.csv,2743,mcq,mmlu_sociology_0156,train,remove,C2_answer_bearing,mmlu_answer_frag
pairs_mcq_v2.csv,2744,mcq,mmlu_sociology_0156,train,retain,H1_same_topic,mmlu_same_subject_other_item
pairs_mcq_v2.csv,2745,mcq,mmlu_sociology_0156,train,retain,H3_predating,logiqa
pairs_mcq_v2.csv,2746,mcq,mmlu_sociology_0156,train,retain,R_random,svamp
pairs_mcq_v2.csv,2753,mcq,mmlu_sociology_0158,train,remove,C0_exact,mmlu_copy
pairs_mcq_v2.csv,2754,mcq,mmlu_sociology_0158,train,remove,C1_transformed,lmsys_rephrase
pairs_mcq_v2.csv,2755,mcq,mmlu_sociology_0158,train,remove,C2_answer_bearing,mmlu_answer_frag
pairs_mcq_v2.csv,2756,mcq,mmlu_sociology_0158,train,retain,H1_same_topic,mmlu_same_subject_other_item
pairs_mcq_v2.csv,2757,mcq,mmlu_sociology_0158,train,retain,H3_predating,logiqa
pairs_mcq_v2.csv,2758,mcq,mmlu_sociology_0158,train,retain,R_random,svamp
pairs_mcq_v2.csv,2783,mcq,mmlu_sociology_0163,train,remove,C0_exact,mmlu_copy
pairs_mcq_v2.csv,2784,mcq,mmlu_sociology_0163,train,remove,C1_transformed,lmsys_rephrase
pairs_mcq_v2.csv,2785,mcq,mmlu_sociology_0163,train,remove,C2_answer_bearing,mmlu_answer_frag
pairs_mcq_v2.csv,2786,mcq,mmlu_sociology_0163,train,retain,H1_same_topic,mmlu_same_subject_other_item
pairs_mcq_v2.csv,2787,mcq,mmlu_sociology_0163,train,retain,H3_predating,logiqa
pairs_mcq_v2.csv,2788,mcq,mmlu_sociology_0163,train,retain,R_random,svamp
pairs_mcq_v2.csv,2795,mcq,mmlu_sociology_0165,train,remove,C0_exact,mmlu_copy
pairs_mcq_v2.csv,2796,mcq,mmlu_sociology_0165,train,remove,C1_transformed,lmsys_rephrase
pairs_mcq_v2.csv,2797,mcq,mmlu_sociology_0165,train,remove,C2_answer_bearing,mmlu_answer_frag
pairs_mcq_v2.csv,2798,mcq,mmlu_sociology_0165,train,retain,H1_same_topic,mmlu_same_subject_other_item
pairs_mcq_v2.csv,2799,mcq,mmlu_sociology_0165,train,retain,H3_predating,logiqa
pairs_mcq_v2.csv,2800,mcq,mmlu_sociology_0165,train,retain,R_random,svamp
pairs_mcq_v2.csv,2801,mcq,mmlu_sociology_0166,train,remove,C0_exact,mmlu_copy
pairs_mcq_v2.csv,2802,mcq,mmlu_sociology_0166,train,remove,C1_transformed,lmsys_rephrase
pairs_mcq_v2.csv,2803,mcq,mmlu_sociology_0166,train,remove,C2_answer_bearing,mmlu_answer_frag
pairs_mcq_v2.csv,2804,mcq,mmlu_sociology_0166,train,retain,H1_same_topic,mmlu_same_subject_other_item
pairs_mcq_v2.csv,2805,mcq,mmlu_sociology_0166,train,retain,H3_predating,logiqa
pairs_mcq_v2.csv,2806,mcq,mmlu_sociology_0166,train,retain,R_random,svamp
pairs_mcq_v2.csv,2807,mcq,mmlu_sociology_0167,train,remove,C0_exact,mmlu_copy
pairs_mcq_v2.csv,2808,mcq,mmlu_sociology_0167,train,remove,C1_transformed,lmsys_rephrase
pairs_mcq_v2.csv,2809,mcq,mmlu_sociology_0167,train,remove,C2_answer_bearing,mmlu_answer_frag
pairs_mcq_v2.csv,2810,mcq,mmlu_sociology_0167,train,retain,H1_same_topic,mmlu_same_subject_other_item
pairs_mcq_v2.csv,2811,mcq,mmlu_sociology_0167,train,retain,H3_predating,logiqa
pairs_mcq_v2.csv,2812,mcq,mmlu_sociology_0167,train,retain,R_random,svamp
pairs_mcq_v2.csv,2813,mcq,mmlu_sociology_0168,train,remove,C0_exact,mmlu_copy
pairs_mcq_v2.csv,2814,mcq,mmlu_sociology_0168,train,remove,C1_transformed,lmsys_rephrase
pairs_mcq_v2.csv,2815,mcq,mmlu_sociology_0168,train,remove,C2_answer_bearing,mmlu_answer_frag
pairs_mcq_v2.csv,2816,mcq,mmlu_sociology_0168,train,retain,H1_same_topic,mmlu_same_subject_other_item
pairs_mcq_v2.csv,2817,mcq,mmlu_sociology_0168,train,retain,H3_predating,logiqa
pairs_mcq_v2.csv,2818,mcq,mmlu_sociology_0168,train,retain,R_random,svamp
pairs_mcq_v2.csv,2837,mcq,mmlu_sociology_0172,train,remove,C0_exact,mmlu_copy
pairs_mcq_v2.csv,2838,mcq,mmlu_sociology_0172,train,remove,C1_transformed,lmsys_rephrase
pairs_mcq_v2.csv,2839,mcq,mmlu_sociology_0172,train,remove,C2_answer_bearing,mmlu_answer_frag
pairs_mcq_v2.csv,2840,mcq,mmlu_sociology_0172,train,retain,H1_same_topic,mmlu_same_subject_other_item
pairs_mcq_v2.csv,2841,mcq,mmlu_sociology_0172,train,retain,H3_predating,logiqa
pairs_mcq_v2.csv,2842,mcq,mmlu_sociology_0172,train,retain,R_random,svamp
pairs_mcq_v2.csv,2843,mcq,mmlu_sociology_0173,train,remove,C0_exact,mmlu_copy
pairs_mcq_v2.csv,2844,mcq,mmlu_sociology_0173,train,remove,C1_transformed,lmsys_rephrase
pairs_mcq_v2.csv,2845,mcq,mmlu_sociology_0173,train,remove,C2_answer_bearing,mmlu_answer_frag
pairs_mcq_v2.csv,2846,mcq,mmlu_sociology_0173,train,retain,H1_same_topic,mmlu_same_subject_other_item
pairs_mcq_v2.csv,2847,mcq,mmlu_sociology_0173,train,retain,H3_predating,logiqa
pairs_mcq_v2.csv,2848,mcq,mmlu_sociology_0173,train,retain,R_random,svamp
pairs_mcq_v2.csv,2855,mcq,mmlu_sociology_0175,train,remove,C0_exact,mmlu_copy
pairs_mcq_v2.csv,2856,mcq,mmlu_sociology_0175,train,remove,C1_transformed,lmsys_rephrase
pairs_mcq_v2.csv,2857,mcq,mmlu_sociology_0175,train,remove,C2_answer_bearing,mmlu_answer_frag
pairs_mcq_v2.csv,2858,mcq,mmlu_sociology_0175,train,retain,H1_same_topic,mmlu_same_subject_other_item
pairs_mcq_v2.csv,2859,mcq,mmlu_sociology_0175,train,retain,H3_predating,logiqa
pairs_mcq_v2.csv,2860,mcq,mmlu_sociology_0175,train,retain,R_random,svamp
pairs_mcq_v2.csv,2872,mcq,mmlu_sociology_0178,train,remove,C0_exact,mmlu_copy
pairs_mcq_v2.csv,2873,mcq,mmlu_sociology_0178,train,remove,C1_transformed,lmsys_rephrase
pairs_mcq_v2.csv,2874,mcq,mmlu_sociology_0178,train,remove,C2_answer_bearing,mmlu_answer_frag
pairs_mcq_v2.csv,2875,mcq,mmlu_sociology_0178,train,retain,H1_same_topic,mmlu_same_subject_other_item
pairs_mcq_v2.csv,2876,mcq,mmlu_sociology_0178,train,retain,H3_predating,logiqa
pairs_mcq_v2.csv,2877,mcq,mmlu_sociology_0178,train,retain,R_random,svamp
pairs_mcq_v2.csv,2914,mcq,mmlu_sociology_0185,train,remove,C0_exact,mmlu_copy
pairs_mcq_v2.csv,2915,mcq,mmlu_sociology_0185,train,remove,C1_transformed,lmsys_rephrase
pairs_mcq_v2.csv,2916,mcq,mmlu_sociology_0185,train,remove,C2_answer_bearing,mmlu_answer_frag
pairs_mcq_v2.csv,2917,mcq,mmlu_sociology_0185,train,retain,H1_same_topic,mmlu_same_subject_other_item
pairs_mcq_v2.csv,2918,mcq,mmlu_sociology_0185,train,retain,H3_predating,logiqa
pairs_mcq_v2.csv,2919,mcq,mmlu_sociology_0185,train,retain,R_random,svamp
pairs_mcq_v2.csv,2926,mcq,mmlu_sociology_0187,train,remove,C0_exact,mmlu_copy
pairs_mcq_v2.csv,2927,mcq,mmlu_sociology_0187,train,remove,C1_transformed,lmsys_rephrase
pairs_mcq_v2.csv,2928,mcq,mmlu_sociology_0187,train,remove,C2_answer_bearing,mmlu_answer_frag
pairs_mcq_v2.csv,2929,mcq,mmlu_sociology_0187,train,retain,H1_same_topic,mmlu_same_subject_other_item
pairs_mcq_v2.csv,2930,mcq,mmlu_sociology_0187,train,retain,H3_predating,logiqa
pairs_mcq_v2.csv,2931,mcq,mmlu_sociology_0187,train,retain,R_random,svamp
pairs_mcq_v2.csv,2956,mcq,mmlu_sociology_0192,train,remove,C0_exact,mmlu_copy
pairs_mcq_v2.csv,2957,mcq,mmlu_sociology_0192,train,remove,C1_transformed,lmsys_rephrase
pairs_mcq_v2.csv,2958,mcq,mmlu_sociology_0192,train,remove,C2_answer_bearing,mmlu_answer_frag
pairs_mcq_v2.csv,2959,mcq,mmlu_sociology_0192,train,retain,H1_same_topic,mmlu_same_subject_other_item
pairs_mcq_v2.csv,2960,mcq,mmlu_sociology_0192,train,retain,H3_predating,logiqa
pairs_mcq_v2.csv,2961,mcq,mmlu_sociology_0192,train,retain,R_random,svamp
pairs_mcq_v2.csv,2998,mcq,mmlu_sociology_0199,train,remove,C0_exact,mmlu_copy
pairs_mcq_v2.csv,2999,mcq,mmlu_sociology_0199,train,remove,C1_transformed,lmsys_rephrase
pairs_mcq_v2.csv,3000,mcq,mmlu_sociology_0199,train,remove,C2_answer_bearing,mmlu_answer_frag
pairs_mcq_v2.csv,3001,mcq,mmlu_sociology_0199,train,retain,H1_same_topic,mmlu_same_subject_other_item
pairs_mcq_v2.csv,3002,mcq,mmlu_sociology_0199,train,retain,H3_predating,logiqa
pairs_mcq_v2.csv,3003,mcq,mmlu_sociology_0199,train,retain,R_random,svamp
pairs_mcq_v2.csv,3010,mcq,mmlu_abstract_algebra_0000,train,remove,C1_sr,mmlu_sr_qa
pairs_mcq_v2.csv,3011,mcq,mmlu_abstract_algebra_0001,train,remove,C1_sr,mmlu_sr_qa
pairs_mcq_v2.csv,3013,mcq,mmlu_abstract_algebra_0003,train,remove,C1_sr,mmlu_sr_qa
pairs_mcq_v2.csv,3014,mcq,mmlu_abstract_algebra_0004,train,remove,C1_sr,mmlu_sr_qa
pairs_mcq_v2.csv,3018,mcq,mmlu_abstract_algebra_0008,train,remove,C1_sr,mmlu_sr_qa
pairs_mcq_v2.csv,3020,mcq,mmlu_abstract_algebra_0010,train,remove,C1_sr,mmlu_sr_qa
pairs_mcq_v2.csv,3025,mcq,mmlu_abstract_algebra_0015,train,remove,C1_sr,mmlu_sr_qa
pairs_mcq_v2.csv,3027,mcq,mmlu_abstract_algebra_0017,train,remove,C1_sr,mmlu_sr_qa
pairs_mcq_v2.csv,3032,mcq,mmlu_abstract_algebra_0022,train,remove,C1_sr,mmlu_sr_qa
pairs_mcq_v2.csv,3034,mcq,mmlu_abstract_algebra_0024,train,remove,C1_sr,mmlu_sr_qa
pairs_mcq_v2.csv,3035,mcq,mmlu_abstract_algebra_0025,train,remove,C1_sr,mmlu_sr_qa
pairs_mcq_v2.csv,3037,mcq,mmlu_abstract_algebra_0027,train,remove,C1_sr,mmlu_sr_qa
pairs_mcq_v2.csv,3039,mcq,mmlu_abstract_algebra_0029,train,remove,C1_sr,mmlu_sr_qa
pairs_mcq_v2.csv,3041,mcq,mmlu_abstract_algebra_0031,train,remove,C1_sr,mmlu_sr_qa
pairs_mcq_v2.csv,3044,mcq,mmlu_abstract_algebra_0034,train,remove,C1_sr,mmlu_sr_qa
pairs_mcq_v2.csv,3046,mcq,mmlu_abstract_algebra_0036,train,remove,C1_sr,mmlu_sr_qa
pairs_mcq_v2.csv,3047,mcq,mmlu_abstract_algebra_0037,train,remove,C1_sr,mmlu_sr_qa
pairs_mcq_v2.csv,3048,mcq,mmlu_abstract_algebra_0038,train,remove,C1_sr,mmlu_sr_qa
pairs_mcq_v2.csv,3050,mcq,mmlu_abstract_algebra_0040,train,remove,C1_sr,mmlu_sr_qa
pairs_mcq_v2.csv,3054,mcq,mmlu_abstract_algebra_0044,train,remove,C1_sr,mmlu_sr_qa
pairs_mcq_v2.csv,3056,mcq,mmlu_abstract_algebra_0046,train,remove,C1_sr,mmlu_sr_qa
pairs_mcq_v2.csv,3057,mcq,mmlu_abstract_algebra_0047,train,remove,C1_sr,mmlu_sr_qa
pairs_mcq_v2.csv,3059,mcq,mmlu_abstract_algebra_0049,train,remove,C1_sr,mmlu_sr_qa
pairs_mcq_v2.csv,3064,mcq,mmlu_abstract_algebra_0054,train,remove,C1_sr,mmlu_sr_qa
pairs_mcq_v2.csv,3066,mcq,mmlu_abstract_algebra_0056,train,remove,C1_sr,mmlu_sr_qa
pairs_mcq_v2.csv,3076,mcq,mmlu_abstract_algebra_0066,train,remove,C1_sr,mmlu_sr_qa
pairs_mcq_v2.csv,3077,mcq,mmlu_abstract_algebra_0067,train,remove,C1_sr,mmlu_sr_qa
pairs_mcq_v2.csv,3079,mcq,mmlu_abstract_algebra_0069,train,remove,C1_sr,mmlu_sr_qa
pairs_mcq_v2.csv,3080,mcq,mmlu_abstract_algebra_0070,train,remove,C1_sr,mmlu_sr_qa
pairs_mcq_v2.csv,3081,mcq,mmlu_abstract_algebra_0071,train,remove,C1_sr,mmlu_sr_qa
pairs_mcq_v2.csv,3083,mcq,mmlu_abstract_algebra_0073,train,remove,C1_sr,mmlu_sr_qa
pairs_mcq_v2.csv,3084,mcq,mmlu_abstract_algebra_0074,train,remove,C1_sr,mmlu_sr_qa
pairs_mcq_v2.csv,3086,mcq,mmlu_abstract_algebra_0076,train,remove,C1_sr,mmlu_sr_qa
pairs_mcq_v2.csv,3088,mcq,mmlu_abstract_algebra_0078,train,remove,C1_sr,mmlu_sr_qa
pairs_mcq_v2.csv,3091,mcq,mmlu_abstract_algebra_0081,train,remove,C1_sr,mmlu_sr_qa
pairs_mcq_v2.csv,3094,mcq,mmlu_abstract_algebra_0084,train,remove,C1_sr,mmlu_sr_qa
pairs_mcq_v2.csv,3095,mcq,mmlu_abstract_algebra_0085,train,remove,C1_sr,mmlu_sr_qa
pairs_mcq_v2.csv,3096,mcq,mmlu_abstract_algebra_0086,train,remove,C1_sr,mmlu_sr_qa
pairs_mcq_v2.csv,3097,mcq,mmlu_abstract_algebra_0087,train,remove,C1_sr,mmlu_sr_qa
pairs_mcq_v2.csv,3103,mcq,mmlu_abstract_algebra_0093,train,remove,C1_sr,mmlu_sr_qa
pairs_mcq_v2.csv,3104,mcq,mmlu_abstract_algebra_0094,train,remove,C1_sr,mmlu_sr_qa
pairs_mcq_v2.csv,3109,mcq,mmlu_abstract_algebra_0099,train,remove,C1_sr,mmlu_sr_qa
pairs_mcq_v2.csv,3111,mcq,mmlu_high_school_us_history_0001,train,remove,C1_sr,mmlu_sr_qa
pairs_mcq_v2.csv,3113,mcq,mmlu_high_school_us_history_0003,train,remove,C1_sr,mmlu_sr_qa
pairs_mcq_v2.csv,3115,mcq,mmlu_high_school_us_history_0005,train,remove,C1_sr,mmlu_sr_qa
pairs_mcq_v2.csv,3117,mcq,mmlu_high_school_us_history_0007,train,remove,C1_sr,mmlu_sr_qa
pairs_mcq_v2.csv,3118,mcq,mmlu_high_school_us_history_0008,train,remove,C1_sr,mmlu_sr_qa
pairs_mcq_v2.csv,3121,mcq,mmlu_high_school_us_history_0011,train,remove,C1_sr,mmlu_sr_qa
pairs_mcq_v2.csv,3122,mcq,mmlu_high_school_us_history_0012,train,remove,C1_sr,mmlu_sr_qa
pairs_mcq_v2.csv,3123,mcq,mmlu_high_school_us_history_0013,train,remove,C1_sr,mmlu_sr_qa
pairs_mcq_v2.csv,3125,mcq,mmlu_high_school_us_history_0015,train,remove,C1_sr,mmlu_sr_qa
pairs_mcq_v2.csv,3126,mcq,mmlu_high_school_us_history_0016,train,remove,C1_sr,mmlu_sr_qa
pairs_mcq_v2.csv,3127,mcq,mmlu_high_school_us_history_0017,train,remove,C1_sr,mmlu_sr_qa
pairs_mcq_v2.csv,3128,mcq,mmlu_high_school_us_history_0018,train,remove,C1_sr,mmlu_sr_qa
pairs_mcq_v2.csv,3129,mcq,mmlu_high_school_us_history_0019,train,remove,C1_sr,mmlu_sr_qa
pairs_mcq_v2.csv,3134,mcq,mmlu_high_school_us_history_0024,train,remove,C1_sr,mmlu_sr_qa
pairs_mcq_v2.csv,3135,mcq,mmlu_high_school_us_history_0025,train,remove,C1_sr,mmlu_sr_qa
pairs_mcq_v2.csv,3139,mcq,mmlu_high_school_us_history_0029,train,remove,C1_sr,mmlu_sr_qa
pairs_mcq_v2.csv,3143,mcq,mmlu_high_school_us_history_0033,train,remove,C1_sr,mmlu_sr_qa
pairs_mcq_v2.csv,3144,mcq,mmlu_high_school_us_history_0034,train,remove,C1_sr,mmlu_sr_qa
pairs_mcq_v2.csv,3145,mcq,mmlu_high_school_us_history_0035,train,remove,C1_sr,mmlu_sr_qa
pairs_mcq_v2.csv,3146,mcq,mmlu_high_school_us_history_0036,train,remove,C1_sr,mmlu_sr_qa
pairs_mcq_v2.csv,3153,mcq,mmlu_high_school_us_history_0043,train,remove,C1_sr,mmlu_sr_qa
pairs_mcq_v2.csv,3157,mcq,mmlu_high_school_us_history_0047,train,remove,C1_sr,mmlu_sr_qa
pairs_mcq_v2.csv,3158,mcq,mmlu_high_school_us_history_0048,train,remove,C1_sr,mmlu_sr_qa
pairs_mcq_v2.csv,3165,mcq,mmlu_high_school_us_history_0055,train,remove,C1_sr,mmlu_sr_qa
pairs_mcq_v2.csv,3169,mcq,mmlu_high_school_us_history_0059,train,remove,C1_sr,mmlu_sr_qa
pairs_mcq_v2.csv,3170,mcq,mmlu_high_school_us_history_0060,train,remove,C1_sr,mmlu_sr_qa
pairs_mcq_v2.csv,3172,mcq,mmlu_high_school_us_history_0062,train,remove,C1_sr,mmlu_sr_qa
pairs_mcq_v2.csv,3174,mcq,mmlu_high_school_us_history_0064,train,remove,C1_sr,mmlu_sr_qa
pairs_mcq_v2.csv,3175,mcq,mmlu_high_school_us_history_0065,train,remove,C1_sr,mmlu_sr_qa
pairs_mcq_v2.csv,3176,mcq,mmlu_high_school_us_history_0066,train,remove,C1_sr,mmlu_sr_qa
pairs_mcq_v2.csv,3178,mcq,mmlu_high_school_us_history_0068,train,remove,C1_sr,mmlu_sr_qa
pairs_mcq_v2.csv,3180,mcq,mmlu_high_school_us_history_0070,train,remove,C1_sr,mmlu_sr_qa
pairs_mcq_v2.csv,3183,mcq,mmlu_high_school_us_history_0073,train,remove,C1_sr,mmlu_sr_qa
pairs_mcq_v2.csv,3184,mcq,mmlu_high_school_us_history_0074,train,remove,C1_sr,mmlu_sr_qa
pairs_mcq_v2.csv,3186,mcq,mmlu_high_school_us_history_0076,train,remove,C1_sr,mmlu_sr_qa
pairs_mcq_v2.csv,3187,mcq,mmlu_high_school_us_history_0077,train,remove,C1_sr,mmlu_sr_qa
pairs_mcq_v2.csv,3188,mcq,mmlu_high_school_us_history_0078,train,remove,C1_sr,mmlu_sr_qa
pairs_mcq_v2.csv,3189,mcq,mmlu_high_school_us_history_0079,train,remove,C1_sr,mmlu_sr_qa
pairs_mcq_v2.csv,3190,mcq,mmlu_high_school_us_history_0080,train,remove,C1_sr,mmlu_sr_qa
pairs_mcq_v2.csv,3191,mcq,mmlu_high_school_us_history_0081,train,remove,C1_sr,mmlu_sr_qa
pairs_mcq_v2.csv,3192,mcq,mmlu_high_school_us_history_0082,train,remove,C1_sr,mmlu_sr_qa
pairs_mcq_v2.csv,3193,mcq,mmlu_high_school_us_history_0083,train,remove,C1_sr,mmlu_sr_qa
pairs_mcq_v2.csv,3202,mcq,mmlu_high_school_us_history_0092,train,remove,C1_sr,mmlu_sr_qa
pairs_mcq_v2.csv,3204,mcq,mmlu_high_school_us_history_0094,train,remove,C1_sr,mmlu_sr_qa
pairs_mcq_v2.csv,3208,mcq,mmlu_high_school_us_history_0098,train,remove,C1_sr,mmlu_sr_qa
pairs_mcq_v2.csv,3211,mcq,mmlu_high_school_us_history_0101,train,remove,C1_sr,mmlu_sr_qa
pairs_mcq_v2.csv,3215,mcq,mmlu_high_school_us_history_0105,train,remove,C1_sr,mmlu_sr_qa
pairs_mcq_v2.csv,3218,mcq,mmlu_high_school_us_history_0108,train,remove,C1_sr,mmlu_sr_qa
pairs_mcq_v2.csv,3227,mcq,mmlu_high_school_us_history_0117,train,remove,C1_sr,mmlu_sr_qa
pairs_mcq_v2.csv,3230,mcq,mmlu_high_school_us_history_0120,train,remove,C1_sr,mmlu_sr_qa
pairs_mcq_v2.csv,3231,mcq,mmlu_high_school_us_history_0121,train,remove,C1_sr,mmlu_sr_qa
pairs_mcq_v2.csv,3235,mcq,mmlu_high_school_us_history_0125,train,remove,C1_sr,mmlu_sr_qa
pairs_mcq_v2.csv,3236,mcq,mmlu_high_school_us_history_0126,train,remove,C1_sr,mmlu_sr_qa
pairs_mcq_v2.csv,3240,mcq,mmlu_high_school_us_history_0130,train,remove,C1_sr,mmlu_sr_qa
pairs_mcq_v2.csv,3243,mcq,mmlu_high_school_us_history_0133,train,remove,C1_sr,mmlu_sr_qa
pairs_mcq_v2.csv,3247,mcq,mmlu_high_school_us_history_0137,train,remove,C1_sr,mmlu_sr_qa
pairs_mcq_v2.csv,3248,mcq,mmlu_high_school_us_history_0138,train,remove,C1_sr,mmlu_sr_qa
pairs_mcq_v2.csv,3249,mcq,mmlu_high_school_us_history_0139,train,remove,C1_sr,mmlu_sr_qa
pairs_mcq_v2.csv,3257,mcq,mmlu_high_school_us_history_0147,train,remove,C1_sr,mmlu_sr_qa
pairs_mcq_v2.csv,3260,mcq,mmlu_high_school_us_history_0150,train,remove,C1_sr,mmlu_sr_qa
pairs_mcq_v2.csv,3264,mcq,mmlu_high_school_us_history_0154,train,remove,C1_sr,mmlu_sr_qa
pairs_mcq_v2.csv,3266,mcq,mmlu_high_school_us_history_0156,train,remove,C1_sr,mmlu_sr_qa
pairs_mcq_v2.csv,3275,mcq,mmlu_high_school_us_history_0165,train,remove,C1_sr,mmlu_sr_qa
pairs_mcq_v2.csv,3279,mcq,mmlu_high_school_us_history_0169,train,remove,C1_sr,mmlu_sr_qa
pairs_mcq_v2.csv,3280,mcq,mmlu_high_school_us_history_0170,train,remove,C1_sr,mmlu_sr_qa
pairs_mcq_v2.csv,3283,mcq,mmlu_high_school_us_history_0173,train,remove,C1_sr,mmlu_sr_qa
pairs_mcq_v2.csv,3286,mcq,mmlu_high_school_us_history_0176,train,remove,C1_sr,mmlu_sr_qa
pairs_mcq_v2.csv,3288,mcq,mmlu_high_school_us_history_0178,train,remove,C1_sr,mmlu_sr_qa
pairs_mcq_v2.csv,3289,mcq,mmlu_high_school_us_history_0179,train,remove,C1_sr,mmlu_sr_qa
pairs_mcq_v2.csv,3297,mcq,mmlu_high_school_us_history_0187,train,remove,C1_sr,mmlu_sr_qa
pairs_mcq_v2.csv,3298,mcq,mmlu_high_school_us_history_0188,train,remove,C1_sr,mmlu_sr_qa
pairs_mcq_v2.csv,3300,mcq,mmlu_high_school_us_history_0190,train,remove,C1_sr,mmlu_sr_qa
pairs_mcq_v2.csv,3304,mcq,mmlu_high_school_us_history_0194,train,remove,C1_sr,mmlu_sr_qa
pairs_mcq_v2.csv,3306,mcq,mmlu_high_school_us_history_0196,train,remove,C1_sr,mmlu_sr_qa
pairs_mcq_v2.csv,3308,mcq,mmlu_high_school_us_history_0198,train,remove,C1_sr,mmlu_sr_qa
pairs_mcq_v2.csv,3309,mcq,mmlu_high_school_us_history_0199,train,remove,C1_sr,mmlu_sr_qa
pairs_mcq_v2.csv,3312,mcq,mmlu_high_school_us_history_0202,train,remove,C1_sr,mmlu_sr_qa
pairs_mcq_v2.csv,3313,mcq,mmlu_high_school_us_history_0203,train,remove,C1_sr,mmlu_sr_qa
pairs_mcq_v2.csv,3314,mcq,mmlu_sociology_0000,train,remove,C1_sr,mmlu_sr_qa
pairs_mcq_v2.csv,3316,mcq,mmlu_sociology_0002,train,remove,C1_sr,mmlu_sr_qa
pairs_mcq_v2.csv,3320,mcq,mmlu_sociology_0006,train,remove,C1_sr,mmlu_sr_qa
pairs_mcq_v2.csv,3323,mcq,mmlu_sociology_0009,train,remove,C1_sr,mmlu_sr_qa
pairs_mcq_v2.csv,3326,mcq,mmlu_sociology_0012,train,remove,C1_sr,mmlu_sr_qa
pairs_mcq_v2.csv,3327,mcq,mmlu_sociology_0013,train,remove,C1_sr,mmlu_sr_qa
pairs_mcq_v2.csv,3335,mcq,mmlu_sociology_0021,train,remove,C1_sr,mmlu_sr_qa
pairs_mcq_v2.csv,3336,mcq,mmlu_sociology_0022,train,remove,C1_sr,mmlu_sr_qa
pairs_mcq_v2.csv,3340,mcq,mmlu_sociology_0026,train,remove,C1_sr,mmlu_sr_qa
pairs_mcq_v2.csv,3344,mcq,mmlu_sociology_0030,train,remove,C1_sr,mmlu_sr_qa
pairs_mcq_v2.csv,3345,mcq,mmlu_sociology_0031,train,remove,C1_sr,mmlu_sr_qa
pairs_mcq_v2.csv,3347,mcq,mmlu_sociology_0033,train,remove,C1_sr,mmlu_sr_qa
pairs_mcq_v2.csv,3348,mcq,mmlu_sociology_0034,train,remove,C1_sr,mmlu_sr_qa
pairs_mcq_v2.csv,3349,mcq,mmlu_sociology_0035,train,remove,C1_sr,mmlu_sr_qa
pairs_mcq_v2.csv,3351,mcq,mmlu_sociology_0037,train,remove,C1_sr,mmlu_sr_qa
pairs_mcq_v2.csv,3353,mcq,mmlu_sociology_0039,train,remove,C1_sr,mmlu_sr_qa
pairs_mcq_v2.csv,3355,mcq,mmlu_sociology_0041,train,remove,C1_sr,mmlu_sr_qa
pairs_mcq_v2.csv,3356,mcq,mmlu_sociology_0042,train,remove,C1_sr,mmlu_sr_qa
pairs_mcq_v2.csv,3359,mcq,mmlu_sociology_0045,train,remove,C1_sr,mmlu_sr_qa
pairs_mcq_v2.csv,3361,mcq,mmlu_sociology_0047,train,remove,C1_sr,mmlu_sr_qa
pairs_mcq_v2.csv,3362,mcq,mmlu_sociology_0048,train,remove,C1_sr,mmlu_sr_qa
pairs_mcq_v2.csv,3369,mcq,mmlu_sociology_0055,train,remove,C1_sr,mmlu_sr_qa
pairs_mcq_v2.csv,3370,mcq,mmlu_sociology_0056,train,remove,C1_sr,mmlu_sr_qa
pairs_mcq_v2.csv,3373,mcq,mmlu_sociology_0059,train,remove,C1_sr,mmlu_sr_qa
pairs_mcq_v2.csv,3374,mcq,mmlu_sociology_0060,train,remove,C1_sr,mmlu_sr_qa
pairs_mcq_v2.csv,3375,mcq,mmlu_sociology_0061,train,remove,C1_sr,mmlu_sr_qa
pairs_mcq_v2.csv,3376,mcq,mmlu_sociology_0062,train,remove,C1_sr,mmlu_sr_qa
pairs_mcq_v2.csv,3380,mcq,mmlu_sociology_0066,train,remove,C1_sr,mmlu_sr_qa
pairs_mcq_v2.csv,3383,mcq,mmlu_sociology_0069,train,remove,C1_sr,mmlu_sr_qa
pairs_mcq_v2.csv,3385,mcq,mmlu_sociology_0071,train,remove,C1_sr,mmlu_sr_qa
pairs_mcq_v2.csv,3388,mcq,mmlu_sociology_0074,train,remove,C1_sr,mmlu_sr_qa
pairs_mcq_v2.csv,3396,mcq,mmlu_sociology_0082,train,remove,C1_sr,mmlu_sr_qa
pairs_mcq_v2.csv,3399,mcq,mmlu_sociology_0085,train,remove,C1_sr,mmlu_sr_qa
pairs_mcq_v2.csv,3402,mcq,mmlu_sociology_0088,train,remove,C1_sr,mmlu_sr_qa
pairs_mcq_v2.csv,3403,mcq,mmlu_sociology_0089,train,remove,C1_sr,mmlu_sr_qa
pairs_mcq_v2.csv,3405,mcq,mmlu_sociology_0091,train,remove,C1_sr,mmlu_sr_qa
pairs_mcq_v2.csv,3409,mcq,mmlu_sociology_0095,train,remove,C1_sr,mmlu_sr_qa
pairs_mcq_v2.csv,3412,mcq,mmlu_sociology_0098,train,remove,C1_sr,mmlu_sr_qa
pairs_mcq_v2.csv,3413,mcq,mmlu_sociology_0099,train,remove,C1_sr,mmlu_sr_qa
pairs_mcq_v2.csv,3414,mcq,mmlu_sociology_0100,train,remove,C1_sr,mmlu_sr_qa
pairs_mcq_v2.csv,3415,mcq,mmlu_sociology_0101,train,remove,C1_sr,mmlu_sr_qa
pairs_mcq_v2.csv,3416,mcq,mmlu_sociology_0102,train,remove,C1_sr,mmlu_sr_qa
pairs_mcq_v2.csv,3417,mcq,mmlu_sociology_0103,train,remove,C1_sr,mmlu_sr_qa
pairs_mcq_v2.csv,3421,mcq,mmlu_sociology_0107,train,remove,C1_sr,mmlu_sr_qa
pairs_mcq_v2.csv,3422,mcq,mmlu_sociology_0108,train,remove,C1_sr,mmlu_sr_qa
pairs_mcq_v2.csv,3428,mcq,mmlu_sociology_0114,train,remove,C1_sr,mmlu_sr_qa
pairs_mcq_v2.csv,3429,mcq,mmlu_sociology_0115,train,remove,C1_sr,mmlu_sr_qa
pairs_mcq_v2.csv,3434,mcq,mmlu_sociology_0120,train,remove,C1_sr,mmlu_sr_qa
pairs_mcq_v2.csv,3435,mcq,mmlu_sociology_0121,train,remove,C1_sr,mmlu_sr_qa
pairs_mcq_v2.csv,3436,mcq,mmlu_sociology_0122,train,remove,C1_sr,mmlu_sr_qa
pairs_mcq_v2.csv,3441,mcq,mmlu_sociology_0127,train,remove,C1_sr,mmlu_sr_qa
pairs_mcq_v2.csv,3442,mcq,mmlu_sociology_0128,train,remove,C1_sr,mmlu_sr_qa
pairs_mcq_v2.csv,3445,mcq,mmlu_sociology_0131,train,remove,C1_sr,mmlu_sr_qa
pairs_mcq_v2.csv,3446,mcq,mmlu_sociology_0132,train,remove,C1_sr,mmlu_sr_qa
pairs_mcq_v2.csv,3447,mcq,mmlu_sociology_0133,train,remove,C1_sr,mmlu_sr_qa
pairs_mcq_v2.csv,3450,mcq,mmlu_sociology_0136,train,remove,C1_sr,mmlu_sr_qa
pairs_mcq_v2.csv,3451,mcq,mmlu_sociology_0137,train,remove,C1_sr,mmlu_sr_qa
pairs_mcq_v2.csv,3453,mcq,mmlu_sociology_0139,train,remove,C1_sr,mmlu_sr_qa
pairs_mcq_v2.csv,3454,mcq,mmlu_sociology_0140,train,remove,C1_sr,mmlu_sr_qa
pairs_mcq_v2.csv,3456,mcq,mmlu_sociology_0142,train,remove,C1_sr,mmlu_sr_qa
pairs_mcq_v2.csv,3457,mcq,mmlu_sociology_0143,train,remove,C1_sr,mmlu_sr_qa
pairs_mcq_v2.csv,3458,mcq,mmlu_sociology_0144,train,remove,C1_sr,mmlu_sr_qa
pairs_mcq_v2.csv,3459,mcq,mmlu_sociology_0145,train,remove,C1_sr,mmlu_sr_qa
pairs_mcq_v2.csv,3460,mcq,mmlu_sociology_0146,train,remove,C1_sr,mmlu_sr_qa
pairs_mcq_v2.csv,3463,mcq,mmlu_sociology_0149,train,remove,C1_sr,mmlu_sr_qa
pairs_mcq_v2.csv,3466,mcq,mmlu_sociology_0152,train,remove,C1_sr,mmlu_sr_qa
pairs_mcq_v2.csv,3467,mcq,mmlu_sociology_0153,train,remove,C1_sr,mmlu_sr_qa
pairs_mcq_v2.csv,3470,mcq,mmlu_sociology_0156,train,remove,C1_sr,mmlu_sr_qa
pairs_mcq_v2.csv,3472,mcq,mmlu_sociology_0158,train,remove,C1_sr,mmlu_sr_qa
pairs_mcq_v2.csv,3477,mcq,mmlu_sociology_0163,train,remove,C1_sr,mmlu_sr_qa
pairs_mcq_v2.csv,3479,mcq,mmlu_sociology_0165,train,remove,C1_sr,mmlu_sr_qa
pairs_mcq_v2.csv,3480,mcq,mmlu_sociology_0166,train,remove,C1_sr,mmlu_sr_qa
pairs_mcq_v2.csv,3481,mcq,mmlu_sociology_0167,train,remove,C1_sr,mmlu_sr_qa
pairs_mcq_v2.csv,3482,mcq,mmlu_sociology_0168,train,remove,C1_sr,mmlu_sr_qa
pairs_mcq_v2.csv,3486,mcq,mmlu_sociology_0172,train,remove,C1_sr,mmlu_sr_qa
pairs_mcq_v2.csv,3487,mcq,mmlu_sociology_0173,train,remove,C1_sr,mmlu_sr_qa
pairs_mcq_v2.csv,3489,mcq,mmlu_sociology_0175,train,remove,C1_sr,mmlu_sr_qa
pairs_mcq_v2.csv,3492,mcq,mmlu_sociology_0178,train,remove,C1_sr,mmlu_sr_qa
pairs_mcq_v2.csv,3499,mcq,mmlu_sociology_0185,train,remove,C1_sr,mmlu_sr_qa
pairs_mcq_v2.csv,3501,mcq,mmlu_sociology_0187,train,remove,C1_sr,mmlu_sr_qa
pairs_mcq_v2.csv,3506,mcq,mmlu_sociology_0192,train,remove,C1_sr,mmlu_sr_qa
pairs_mcq_v2.csv,3513,mcq,mmlu_sociology_0199,train,remove,C1_sr,mmlu_sr_qa
pairs_math_v2.csv,0,math,math_1,train,remove,C0_exact,math_copy
pairs_math_v2.csv,1,math,math_1,train,remove,C2_answer_bearing,math_solution_frag
pairs_math_v2.csv,2,math,math_1,train,retain,H2_perturb_simple,math_perturb_simple
pairs_math_v2.csv,3,math,math_1,train,retain,H2_perturb_hard,math_perturb_hard
pairs_math_v2.csv,4,math,math_1,train,retain,H1_same_topic,math_same_type
pairs_math_v2.csv,5,math,math_1,train,retain,R_random,math_random
pairs_math_v2.csv,18,math,math_5,train,remove,C0_exact,math_copy
pairs_math_v2.csv,19,math,math_5,train,remove,C2_answer_bearing,math_solution_frag
pairs_math_v2.csv,20,math,math_5,train,retain,H2_perturb_simple,math_perturb_simple
pairs_math_v2.csv,21,math,math_5,train,retain,H2_perturb_hard,math_perturb_hard
pairs_math_v2.csv,22,math,math_5,train,retain,H1_same_topic,math_same_type
pairs_math_v2.csv,23,math,math_5,train,retain,R_random,math_random
pairs_math_v2.csv,60,math,math_13,train,remove,C0_exact,math_copy
pairs_math_v2.csv,61,math,math_13,train,remove,C2_answer_bearing,math_solution_frag
pairs_math_v2.csv,62,math,math_13,train,retain,H2_perturb_simple,math_perturb_simple
pairs_math_v2.csv,63,math,math_13,train,retain,H2_perturb_hard,math_perturb_hard
pairs_math_v2.csv,64,math,math_13,train,retain,H1_same_topic,math_same_type
pairs_math_v2.csv,65,math,math_13,train,retain,R_random,math_random
pairs_math_v2.csv,66,math,math_14,train,remove,C0_exact,math_copy
pairs_math_v2.csv,67,math,math_14,train,remove,C2_answer_bearing,math_solution_frag
pairs_math_v2.csv,68,math,math_14,train,retain,H2_perturb_simple,math_perturb_simple
pairs_math_v2.csv,69,math,math_14,train,retain,H2_perturb_hard,math_perturb_hard
pairs_math_v2.csv,70,math,math_14,train,retain,H1_same_topic,math_same_type
pairs_math_v2.csv,71,math,math_14,train,retain,R_random,math_random
pairs_math_v2.csv,72,math,math_15,train,remove,C0_exact,math_copy
pairs_math_v2.csv,73,math,math_15,train,remove,C2_answer_bearing,math_solution_frag
pairs_math_v2.csv,74,math,math_15,train,retain,H2_perturb_simple,math_perturb_simple
pairs_math_v2.csv,75,math,math_15,train,retain,H2_perturb_hard,math_perturb_hard
pairs_math_v2.csv,76,math,math_15,train,retain,H1_same_topic,math_same_type
pairs_math_v2.csv,77,math,math_15,train,retain,R_random,math_random
pairs_math_v2.csv,78,math,math_16,train,remove,C0_exact,math_copy
pairs_math_v2.csv,79,math,math_16,train,remove,C2_answer_bearing,math_solution_frag
pairs_math_v2.csv,80,math,math_16,train,retain,H2_perturb_simple,math_perturb_simple
pairs_math_v2.csv,81,math,math_16,train,retain,H2_perturb_hard,math_perturb_hard
pairs_math_v2.csv,82,math,math_16,train,retain,H1_same_topic,math_same_type
pairs_math_v2.csv,83,math,math_16,train,retain,R_random,math_random
pairs_math_v2.csv,84,math,math_17,train,remove,C0_exact,math_copy
pairs_math_v2.csv,85,math,math_17,train,remove,C2_answer_bearing,math_solution_frag
pairs_math_v2.csv,86,math,math_17,train,retain,H2_perturb_simple,math_perturb_simple
pairs_math_v2.csv,87,math,math_17,train,retain,H2_perturb_hard,math_perturb_hard
pairs_math_v2.csv,88,math,math_17,train,retain,H1_same_topic,math_same_type
pairs_math_v2.csv,89,math,math_17,train,retain,R_random,math_random
pairs_math_v2.csv,90,math,math_18,train,remove,C0_exact,math_copy
pairs_math_v2.csv,91,math,math_18,train,remove,C2_answer_bearing,math_solution_frag
pairs_math_v2.csv,92,math,math_18,train,retain,H2_perturb_simple,math_perturb_simple
pairs_math_v2.csv,93,math,math_18,train,retain,H2_perturb_hard,math_perturb_hard
pairs_math_v2.csv,94,math,math_18,train,retain,H1_same_topic,math_same_type
pairs_math_v2.csv,95,math,math_18,train,retain,R_random,math_random
pairs_math_v2.csv,96,math,math_20,train,remove,C0_exact,math_copy
pairs_math_v2.csv,97,math,math_20,train,remove,C2_answer_bearing,math_solution_frag
pairs_math_v2.csv,98,math,math_20,train,retain,H2_perturb_simple,math_perturb_simple
pairs_math_v2.csv,99,math,math_20,train,retain,H2_perturb_hard,math_perturb_hard
pairs_math_v2.csv,100,math,math_20,train,retain,H1_same_topic,math_same_type
pairs_math_v2.csv,101,math,math_20,train,retain,R_random,math_random
pairs_math_v2.csv,102,math,math_22,train,remove,C0_exact,math_copy
pairs_math_v2.csv,103,math,math_22,train,remove,C2_answer_bearing,math_solution_frag
pairs_math_v2.csv,104,math,math_22,train,retain,H2_perturb_simple,math_perturb_simple
pairs_math_v2.csv,105,math,math_22,train,retain,H2_perturb_hard,math_perturb_hard
pairs_math_v2.csv,106,math,math_22,train,retain,H1_same_topic,math_same_type
pairs_math_v2.csv,107,math,math_22,train,retain,R_random,math_random
pairs_math_v2.csv,126,math,math_243,train,remove,C0_exact,math_copy
pairs_math_v2.csv,127,math,math_243,train,remove,C2_answer_bearing,math_solution_frag
pairs_math_v2.csv,128,math,math_243,train,retain,H2_perturb_simple,math_perturb_simple
pairs_math_v2.csv,129,math,math_243,train,retain,H2_perturb_hard,math_perturb_hard
pairs_math_v2.csv,130,math,math_243,train,retain,H1_same_topic,math_same_type
pairs_math_v2.csv,131,math,math_243,train,retain,R_random,math_random
pairs_math_v2.csv,132,math,math_245,train,remove,C0_exact,math_copy
pairs_math_v2.csv,133,math,math_245,train,remove,C2_answer_bearing,math_solution_frag
pairs_math_v2.csv,134,math,math_245,train,retain,H2_perturb_simple,math_perturb_simple
pairs_math_v2.csv,135,math,math_245,train,retain,H2_perturb_hard,math_perturb_hard
pairs_math_v2.csv,136,math,math_245,train,retain,H1_same_topic,math_same_type
pairs_math_v2.csv,137,math,math_245,train,retain,R_random,math_random
pairs_math_v2.csv,138,math,math_246,train,remove,C0_exact,math_copy
pairs_math_v2.csv,139,math,math_246,train,remove,C2_answer_bearing,math_solution_frag
pairs_math_v2.csv,140,math,math_246,train,retain,H2_perturb_simple,math_perturb_simple
pairs_math_v2.csv,141,math,math_246,train,retain,H2_perturb_hard,math_perturb_hard
pairs_math_v2.csv,142,math,math_246,train,retain,H1_same_topic,math_same_type
pairs_math_v2.csv,143,math,math_246,train,retain,R_random,math_random
pairs_math_v2.csv,156,math,math_254,train,remove,C0_exact,math_copy
pairs_math_v2.csv,157,math,math_254,train,remove,C2_answer_bearing,math_solution_frag
pairs_math_v2.csv,158,math,math_254,train,retain,H2_perturb_simple,math_perturb_simple
pairs_math_v2.csv,159,math,math_254,train,retain,H2_perturb_hard,math_perturb_hard
pairs_math_v2.csv,160,math,math_254,train,retain,H1_same_topic,math_same_type
pairs_math_v2.csv,161,math,math_254,train,retain,R_random,math_random
pairs_math_v2.csv,162,math,math_256,train,remove,C0_exact,math_copy
pairs_math_v2.csv,163,math,math_256,train,remove,C2_answer_bearing,math_solution_frag
pairs_math_v2.csv,164,math,math_256,train,retain,H2_perturb_simple,math_perturb_simple
pairs_math_v2.csv,165,math,math_256,train,retain,H2_perturb_hard,math_perturb_hard
pairs_math_v2.csv,166,math,math_256,train,retain,H1_same_topic,math_same_type
pairs_math_v2.csv,167,math,math_256,train,retain,R_random,math_random
pairs_math_v2.csv,174,math,math_260,train,remove,C0_exact,math_copy
pairs_math_v2.csv,175,math,math_260,train,remove,C2_answer_bearing,math_solution_frag
pairs_math_v2.csv,176,math,math_260,train,retain,H2_perturb_simple,math_perturb_simple
pairs_math_v2.csv,177,math,math_260,train,retain,H2_perturb_hard,math_perturb_hard
pairs_math_v2.csv,178,math,math_260,train,retain,H1_same_topic,math_same_type
pairs_math_v2.csv,179,math,math_260,train,retain,R_random,math_random
pairs_math_v2.csv,192,math,math_270,train,remove,C0_exact,math_copy
pairs_math_v2.csv,193,math,math_270,train,remove,C2_answer_bearing,math_solution_frag
pairs_math_v2.csv,194,math,math_270,train,retain,H2_perturb_simple,math_perturb_simple
pairs_math_v2.csv,195,math,math_270,train,retain,H2_perturb_hard,math_perturb_hard
pairs_math_v2.csv,196,math,math_270,train,retain,H1_same_topic,math_same_type
pairs_math_v2.csv,197,math,math_270,train,retain,R_random,math_random
pairs_math_v2.csv,216,math,math_289,train,remove,C0_exact,math_copy
pairs_math_v2.csv,217,math,math_289,train,remove,C2_answer_bearing,math_solution_frag
pairs_math_v2.csv,218,math,math_289,train,retain,H2_perturb_simple,math_perturb_simple
pairs_math_v2.csv,219,math,math_289,train,retain,H2_perturb_hard,math_perturb_hard
pairs_math_v2.csv,220,math,math_289,train,retain,H1_same_topic,math_same_type
pairs_math_v2.csv,221,math,math_289,train,retain,R_random,math_random
pairs_math_v2.csv,246,math,math_341,train,remove,C0_exact,math_copy
pairs_math_v2.csv,247,math,math_341,train,remove,C2_answer_bearing,math_solution_frag
pairs_math_v2.csv,248,math,math_341,train,retain,H2_perturb_simple,math_perturb_simple
pairs_math_v2.csv,249,math,math_341,train,retain,H2_perturb_hard,math_perturb_hard
pairs_math_v2.csv,250,math,math_341,train,retain,H1_same_topic,math_same_type
pairs_math_v2.csv,251,math,math_341,train,retain,R_random,math_random
pairs_math_v2.csv,258,math,math_485,train,remove,C0_exact,math_copy
pairs_math_v2.csv,259,math,math_485,train,remove,C2_answer_bearing,math_solution_frag
pairs_math_v2.csv,260,math,math_485,train,retain,H2_perturb_simple,math_perturb_simple
pairs_math_v2.csv,261,math,math_485,train,retain,H2_perturb_hard,math_perturb_hard
pairs_math_v2.csv,262,math,math_485,train,retain,H1_same_topic,math_same_type
pairs_math_v2.csv,263,math,math_485,train,retain,R_random,math_random
pairs_math_v2.csv,270,math,math_498,train,remove,C0_exact,math_copy
pairs_math_v2.csv,271,math,math_498,train,remove,C2_answer_bearing,math_solution_frag
pairs_math_v2.csv,272,math,math_498,train,retain,H2_perturb_simple,math_perturb_simple
pairs_math_v2.csv,273,math,math_498,train,retain,H2_perturb_hard,math_perturb_hard
pairs_math_v2.csv,274,math,math_498,train,retain,H1_same_topic,math_same_type
pairs_math_v2.csv,275,math,math_498,train,retain,R_random,math_random
pairs_math_v2.csv,276,math,math_506,train,remove,C0_exact,math_copy
pairs_math_v2.csv,277,math,math_506,train,remove,C2_answer_bearing,math_solution_frag
pairs_math_v2.csv,278,math,math_506,train,retain,H2_perturb_simple,math_perturb_simple
pairs_math_v2.csv,279,math,math_506,train,retain,H2_perturb_hard,math_perturb_hard
pairs_math_v2.csv,280,math,math_506,train,retain,H1_same_topic,math_same_type
pairs_math_v2.csv,281,math,math_506,train,retain,R_random,math_random
pairs_math_v2.csv,300,math,math_529,train,remove,C0_exact,math_copy
pairs_math_v2.csv,301,math,math_529,train,remove,C2_answer_bearing,math_solution_frag
pairs_math_v2.csv,302,math,math_529,train,retain,H2_perturb_simple,math_perturb_simple
pairs_math_v2.csv,303,math,math_529,train,retain,H2_perturb_hard,math_perturb_hard
pairs_math_v2.csv,304,math,math_529,train,retain,H1_same_topic,math_same_type
pairs_math_v2.csv,305,math,math_529,train,retain,R_random,math_random
pairs_math_v2.csv,324,math,math_569,train,remove,C0_exact,math_copy
pairs_math_v2.csv,325,math,math_569,train,remove,C2_answer_bearing,math_solution_frag
pairs_math_v2.csv,326,math,math_569,train,retain,H2_perturb_simple,math_perturb_simple
pairs_math_v2.csv,327,math,math_569,train,retain,H2_perturb_hard,math_perturb_hard
pairs_math_v2.csv,328,math,math_569,train,retain,H1_same_topic,math_same_type
pairs_math_v2.csv,329,math,math_569,train,retain,R_random,math_random
pairs_math_v2.csv,330,math,math_575,train,remove,C0_exact,math_copy
pairs_math_v2.csv,331,math,math_575,train,remove,C2_answer_bearing,math_solution_frag
pairs_math_v2.csv,332,math,math_575,train,retain,H2_perturb_simple,math_perturb_simple
pairs_math_v2.csv,333,math,math_575,train,retain,H2_perturb_hard,math_perturb_hard
pairs_math_v2.csv,334,math,math_575,train,retain,H1_same_topic,math_same_type
pairs_math_v2.csv,335,math,math_575,train,retain,R_random,math_random
pairs_math_v2.csv,336,math,math_590,train,remove,C0_exact,math_copy
pairs_math_v2.csv,337,math,math_590,train,remove,C2_answer_bearing,math_solution_frag
pairs_math_v2.csv,338,math,math_590,train,retain,H2_perturb_simple,math_perturb_simple
pairs_math_v2.csv,339,math,math_590,train,retain,H2_perturb_hard,math_perturb_hard
pairs_math_v2.csv,340,math,math_590,train,retain,H1_same_topic,math_same_type
pairs_math_v2.csv,341,math,math_590,train,retain,R_random,math_random
pairs_math_v2.csv,342,math,math_600,train,remove,C0_exact,math_copy
pairs_math_v2.csv,343,math,math_600,train,remove,C2_answer_bearing,math_solution_frag
pairs_math_v2.csv,344,math,math_600,train,retain,H2_perturb_simple,math_perturb_simple
pairs_math_v2.csv,345,math,math_600,train,retain,H2_perturb_hard,math_perturb_hard
pairs_math_v2.csv,346,math,math_600,train,retain,H1_same_topic,math_same_type
pairs_math_v2.csv,347,math,math_600,train,retain,R_random,math_random
pairs_math_v2.csv,348,math,math_607,train,remove,C0_exact,math_copy
pairs_math_v2.csv,349,math,math_607,train,remove,C2_answer_bearing,math_solution_frag
pairs_math_v2.csv,350,math,math_607,train,retain,H2_perturb_simple,math_perturb_simple
pairs_math_v2.csv,351,math,math_607,train,retain,H2_perturb_hard,math_perturb_hard
pairs_math_v2.csv,352,math,math_607,train,retain,H1_same_topic,math_same_type
pairs_math_v2.csv,353,math,math_607,train,retain,R_random,math_random
pairs_math_v2.csv,366,math,math_725,train,remove,C0_exact,math_copy
pairs_math_v2.csv,367,math,math_725,train,remove,C2_answer_bearing,math_solution_frag
pairs_math_v2.csv,368,math,math_725,train,retain,H2_perturb_simple,math_perturb_simple
pairs_math_v2.csv,369,math,math_725,train,retain,H2_perturb_hard,math_perturb_hard
pairs_math_v2.csv,370,math,math_725,train,retain,H1_same_topic,math_same_type
pairs_math_v2.csv,371,math,math_725,train,retain,R_random,math_random
pairs_math_v2.csv,426,math,math_741,train,remove,C0_exact,math_copy
pairs_math_v2.csv,427,math,math_741,train,remove,C2_answer_bearing,math_solution_frag
pairs_math_v2.csv,428,math,math_741,train,retain,H2_perturb_simple,math_perturb_simple
pairs_math_v2.csv,429,math,math_741,train,retain,H2_perturb_hard,math_perturb_hard
pairs_math_v2.csv,430,math,math_741,train,retain,H1_same_topic,math_same_type
pairs_math_v2.csv,431,math,math_741,train,retain,R_random,math_random
pairs_math_v2.csv,438,math,math_746,train,remove,C0_exact,math_copy
pairs_math_v2.csv,439,math,math_746,train,remove,C2_answer_bearing,math_solution_frag
pairs_math_v2.csv,440,math,math_746,train,retain,H2_perturb_simple,math_perturb_simple
pairs_math_v2.csv,441,math,math_746,train,retain,H2_perturb_hard,math_perturb_hard
pairs_math_v2.csv,442,math,math_746,train,retain,H1_same_topic,math_same_type
pairs_math_v2.csv,443,math,math_746,train,retain,R_random,math_random
pairs_math_v2.csv,450,math,math_749,train,remove,C0_exact,math_copy
pairs_math_v2.csv,451,math,math_749,train,remove,C2_answer_bearing,math_solution_frag
pairs_math_v2.csv,452,math,math_749,train,retain,H2_perturb_simple,math_perturb_simple
pairs_math_v2.csv,453,math,math_749,train,retain,H2_perturb_hard,math_perturb_hard
pairs_math_v2.csv,454,math,math_749,train,retain,H1_same_topic,math_same_type
pairs_math_v2.csv,455,math,math_749,train,retain,R_random,math_random
pairs_math_v2.csv,462,math,math_751,train,remove,C0_exact,math_copy
pairs_math_v2.csv,463,math,math_751,train,remove,C2_answer_bearing,math_solution_frag
pairs_math_v2.csv,464,math,math_751,train,retain,H2_perturb_simple,math_perturb_simple
pairs_math_v2.csv,465,math,math_751,train,retain,H2_perturb_hard,math_perturb_hard
pairs_math_v2.csv,466,math,math_751,train,retain,H1_same_topic,math_same_type
pairs_math_v2.csv,467,math,math_751,train,retain,R_random,math_random
pairs_math_v2.csv,504,math,math_968,train,remove,C0_exact,math_copy
pairs_math_v2.csv,505,math,math_968,train,remove,C2_answer_bearing,math_solution_frag
pairs_math_v2.csv,506,math,math_968,train,retain,H2_perturb_simple,math_perturb_simple
pairs_math_v2.csv,507,math,math_968,train,retain,H2_perturb_hard,math_perturb_hard
pairs_math_v2.csv,508,math,math_968,train,retain,H1_same_topic,math_same_type
pairs_math_v2.csv,509,math,math_968,train,retain,R_random,math_random
pairs_math_v2.csv,528,math,math_975,train,remove,C0_exact,math_copy
pairs_math_v2.csv,529,math,math_975,train,remove,C2_answer_bearing,math_solution_frag
pairs_math_v2.csv,530,math,math_975,train,retain,H2_perturb_simple,math_perturb_simple
pairs_math_v2.csv,531,math,math_975,train,retain,H2_perturb_hard,math_perturb_hard
pairs_math_v2.csv,532,math,math_975,train,retain,H1_same_topic,math_same_type
pairs_math_v2.csv,533,math,math_975,train,retain,R_random,math_random
pairs_math_v2.csv,534,math,math_976,train,remove,C0_exact,math_copy
pairs_math_v2.csv,535,math,math_976,train,remove,C2_answer_bearing,math_solution_frag
pairs_math_v2.csv,536,math,math_976,train,retain,H2_perturb_simple,math_perturb_simple
pairs_math_v2.csv,537,math,math_976,train,retain,H2_perturb_hard,math_perturb_hard
pairs_math_v2.csv,538,math,math_976,train,retain,H1_same_topic,math_same_type
pairs_math_v2.csv,539,math,math_976,train,retain,R_random,math_random
pairs_math_v2.csv,546,math,math_980,train,remove,C0_exact,math_copy
pairs_math_v2.csv,547,math,math_980,train,remove,C2_answer_bearing,math_solution_frag
pairs_math_v2.csv,548,math,math_980,train,retain,H2_perturb_simple,math_perturb_simple
pairs_math_v2.csv,549,math,math_980,train,retain,H2_perturb_hard,math_perturb_hard
pairs_math_v2.csv,550,math,math_980,train,retain,H1_same_topic,math_same_type
pairs_math_v2.csv,551,math,math_980,train,retain,R_random,math_random
pairs_math_v2.csv,552,math,math_981,train,remove,C0_exact,math_copy
pairs_math_v2.csv,553,math,math_981,train,remove,C2_answer_bearing,math_solution_frag
pairs_math_v2.csv,554,math,math_981,train,retain,H2_perturb_simple,math_perturb_simple
pairs_math_v2.csv,555,math,math_981,train,retain,H2_perturb_hard,math_perturb_hard
pairs_math_v2.csv,556,math,math_981,train,retain,H1_same_topic,math_same_type
pairs_math_v2.csv,557,math,math_981,train,retain,R_random,math_random
pairs_math_v2.csv,564,math,math_983,train,remove,C0_exact,math_copy
pairs_math_v2.csv,565,math,math_983,train,remove,C2_answer_bearing,math_solution_frag
pairs_math_v2.csv,566,math,math_983,train,retain,H2_perturb_simple,math_perturb_simple
pairs_math_v2.csv,567,math,math_983,train,retain,H2_perturb_hard,math_perturb_hard
pairs_math_v2.csv,568,math,math_983,train,retain,H1_same_topic,math_same_type
pairs_math_v2.csv,569,math,math_983,train,retain,R_random,math_random
pairs_math_v2.csv,570,math,math_985,train,remove,C0_exact,math_copy
pairs_math_v2.csv,571,math,math_985,train,remove,C2_answer_bearing,math_solution_frag
pairs_math_v2.csv,572,math,math_985,train,retain,H2_perturb_simple,math_perturb_simple
pairs_math_v2.csv,573,math,math_985,train,retain,H2_perturb_hard,math_perturb_hard
pairs_math_v2.csv,574,math,math_985,train,retain,H1_same_topic,math_same_type
pairs_math_v2.csv,575,math,math_985,train,retain,R_random,math_random
pairs_math_v2.csv,624,math,math_1020,train,remove,C0_exact,math_copy
pairs_math_v2.csv,625,math,math_1020,train,remove,C2_answer_bearing,math_solution_frag
pairs_math_v2.csv,626,math,math_1020,train,retain,H2_perturb_simple,math_perturb_simple
pairs_math_v2.csv,627,math,math_1020,train,retain,H2_perturb_hard,math_perturb_hard
pairs_math_v2.csv,628,math,math_1020,train,retain,H1_same_topic,math_same_type
pairs_math_v2.csv,629,math,math_1020,train,retain,R_random,math_random
pairs_math_v2.csv,642,math,math_1208,train,remove,C0_exact,math_copy
pairs_math_v2.csv,643,math,math_1208,train,remove,C2_answer_bearing,math_solution_frag
pairs_math_v2.csv,644,math,math_1208,train,retain,H2_perturb_simple,math_perturb_simple
pairs_math_v2.csv,645,math,math_1208,train,retain,H2_perturb_hard,math_perturb_hard
pairs_math_v2.csv,646,math,math_1208,train,retain,H1_same_topic,math_same_type
pairs_math_v2.csv,647,math,math_1208,train,retain,R_random,math_random
pairs_math_v2.csv,672,math,math_1215,train,remove,C0_exact,math_copy
pairs_math_v2.csv,673,math,math_1215,train,remove,C2_answer_bearing,math_solution_frag
pairs_math_v2.csv,674,math,math_1215,train,retain,H2_perturb_simple,math_perturb_simple
pairs_math_v2.csv,675,math,math_1215,train,retain,H2_perturb_hard,math_perturb_hard
pairs_math_v2.csv,676,math,math_1215,train,retain,H1_same_topic,math_same_type
pairs_math_v2.csv,677,math,math_1215,train,retain,R_random,math_random
pairs_math_v2.csv,678,math,math_1216,train,remove,C0_exact,math_copy
pairs_math_v2.csv,679,math,math_1216,train,remove,C2_answer_bearing,math_solution_frag
pairs_math_v2.csv,680,math,math_1216,train,retain,H2_perturb_simple,math_perturb_simple
pairs_math_v2.csv,681,math,math_1216,train,retain,H2_perturb_hard,math_perturb_hard
pairs_math_v2.csv,682,math,math_1216,train,retain,H1_same_topic,math_same_type
pairs_math_v2.csv,683,math,math_1216,train,retain,R_random,math_random
pairs_math_v2.csv,690,math,math_1218,train,remove,C0_exact,math_copy
pairs_math_v2.csv,691,math,math_1218,train,remove,C2_answer_bearing,math_solution_frag
pairs_math_v2.csv,692,math,math_1218,train,retain,H2_perturb_simple,math_perturb_simple
pairs_math_v2.csv,693,math,math_1218,train,retain,H2_perturb_hard,math_perturb_hard
pairs_math_v2.csv,694,math,math_1218,train,retain,H1_same_topic,math_same_type
pairs_math_v2.csv,695,math,math_1218,train,retain,R_random,math_random
pairs_math_v2.csv,708,math,math_1221,train,remove,C0_exact,math_copy
pairs_math_v2.csv,709,math,math_1221,train,remove,C2_answer_bearing,math_solution_frag
pairs_math_v2.csv,710,math,math_1221,train,retain,H2_perturb_simple,math_perturb_simple
pairs_math_v2.csv,711,math,math_1221,train,retain,H2_perturb_hard,math_perturb_hard
pairs_math_v2.csv,712,math,math_1221,train,retain,H1_same_topic,math_same_type
pairs_math_v2.csv,713,math,math_1221,train,retain,R_random,math_random
pairs_math_v2.csv,720,math,math_1223,train,remove,C0_exact,math_copy
pairs_math_v2.csv,721,math,math_1223,train,remove,C2_answer_bearing,math_solution_frag
pairs_math_v2.csv,722,math,math_1223,train,retain,H2_perturb_simple,math_perturb_simple
pairs_math_v2.csv,723,math,math_1223,train,retain,H2_perturb_hard,math_perturb_hard
pairs_math_v2.csv,724,math,math_1223,train,retain,H1_same_topic,math_same_type
pairs_math_v2.csv,725,math,math_1223,train,retain,R_random,math_random
pairs_math_v2.csv,732,math,math_1226,train,remove,C0_exact,math_copy
pairs_math_v2.csv,733,math,math_1226,train,remove,C2_answer_bearing,math_solution_frag
pairs_math_v2.csv,734,math,math_1226,train,retain,H2_perturb_simple,math_perturb_simple
pairs_math_v2.csv,735,math,math_1226,train,retain,H2_perturb_hard,math_perturb_hard
pairs_math_v2.csv,736,math,math_1226,train,retain,H1_same_topic,math_same_type
pairs_math_v2.csv,737,math,math_1226,train,retain,R_random,math_random
pairs_math_v2.csv,744,math,math_1228,train,remove,C0_exact,math_copy
pairs_math_v2.csv,745,math,math_1228,train,remove,C2_answer_bearing,math_solution_frag
pairs_math_v2.csv,746,math,math_1228,train,retain,H2_perturb_simple,math_perturb_simple
pairs_math_v2.csv,747,math,math_1228,train,retain,H2_perturb_hard,math_perturb_hard
pairs_math_v2.csv,748,math,math_1228,train,retain,H1_same_topic,math_same_type
pairs_math_v2.csv,749,math,math_1228,train,retain,R_random,math_random
pairs_math_v2.csv,750,math,math_1229,train,remove,C0_exact,math_copy
pairs_math_v2.csv,751,math,math_1229,train,remove,C2_answer_bearing,math_solution_frag
pairs_math_v2.csv,752,math,math_1229,train,retain,H2_perturb_simple,math_perturb_simple
pairs_math_v2.csv,753,math,math_1229,train,retain,H2_perturb_hard,math_perturb_hard
pairs_math_v2.csv,754,math,math_1229,train,retain,H1_same_topic,math_same_type
pairs_math_v2.csv,755,math,math_1229,train,retain,R_random,math_random
pairs_math_v2.csv,768,math,math_1689,train,remove,C0_exact,math_copy
pairs_math_v2.csv,769,math,math_1689,train,remove,C2_answer_bearing,math_solution_frag
pairs_math_v2.csv,770,math,math_1689,train,retain,H2_perturb_simple,math_perturb_simple
pairs_math_v2.csv,771,math,math_1689,train,retain,H2_perturb_hard,math_perturb_hard
pairs_math_v2.csv,772,math,math_1689,train,retain,H1_same_topic,math_same_type
pairs_math_v2.csv,773,math,math_1689,train,retain,R_random,math_random
pairs_math_v2.csv,792,math,math_1695,train,remove,C0_exact,math_copy
pairs_math_v2.csv,793,math,math_1695,train,remove,C2_answer_bearing,math_solution_frag
pairs_math_v2.csv,794,math,math_1695,train,retain,H2_perturb_simple,math_perturb_simple
pairs_math_v2.csv,795,math,math_1695,train,retain,H2_perturb_hard,math_perturb_hard
pairs_math_v2.csv,796,math,math_1695,train,retain,H1_same_topic,math_same_type
pairs_math_v2.csv,797,math,math_1695,train,retain,R_random,math_random
pairs_math_v2.csv,834,math,math_1712,train,remove,C0_exact,math_copy
pairs_math_v2.csv,835,math,math_1712,train,remove,C2_answer_bearing,math_solution_frag
pairs_math_v2.csv,836,math,math_1712,train,retain,H2_perturb_simple,math_perturb_simple
pairs_math_v2.csv,837,math,math_1712,train,retain,H2_perturb_hard,math_perturb_hard
pairs_math_v2.csv,838,math,math_1712,train,retain,H1_same_topic,math_same_type
pairs_math_v2.csv,839,math,math_1712,train,retain,R_random,math_random
pairs_math_v2.csv,840,math,math_1713,train,remove,C0_exact,math_copy
pairs_math_v2.csv,841,math,math_1713,train,remove,C2_answer_bearing,math_solution_frag
pairs_math_v2.csv,842,math,math_1713,train,retain,H2_perturb_simple,math_perturb_simple
pairs_math_v2.csv,843,math,math_1713,train,retain,H2_perturb_hard,math_perturb_hard
pairs_math_v2.csv,844,math,math_1713,train,retain,H1_same_topic,math_same_type
pairs_math_v2.csv,845,math,math_1713,train,retain,R_random,math_random
pairs_math_v2.csv,852,math,math_1722,train,remove,C0_exact,math_copy
pairs_math_v2.csv,853,math,math_1722,train,remove,C2_answer_bearing,math_solution_frag
pairs_math_v2.csv,854,math,math_1722,train,retain,H2_perturb_simple,math_perturb_simple
pairs_math_v2.csv,855,math,math_1722,train,retain,H2_perturb_hard,math_perturb_hard
pairs_math_v2.csv,856,math,math_1722,train,retain,H1_same_topic,math_same_type
pairs_math_v2.csv,857,math,math_1722,train,retain,R_random,math_random
pairs_math_v2.csv,882,math,math_1939,train,remove,C0_exact,math_copy
pairs_math_v2.csv,883,math,math_1939,train,remove,C2_answer_bearing,math_solution_frag
pairs_math_v2.csv,884,math,math_1939,train,retain,H2_perturb_simple,math_perturb_simple
pairs_math_v2.csv,885,math,math_1939,train,retain,H2_perturb_hard,math_perturb_hard
pairs_math_v2.csv,886,math,math_1939,train,retain,H1_same_topic,math_same_type
pairs_math_v2.csv,887,math,math_1939,train,retain,R_random,math_random
pairs_math_v2.csv,888,math,math_1940,train,remove,C0_exact,math_copy
pairs_math_v2.csv,889,math,math_1940,train,remove,C2_answer_bearing,math_solution_frag
pairs_math_v2.csv,890,math,math_1940,train,retain,H2_perturb_simple,math_perturb_simple
pairs_math_v2.csv,891,math,math_1940,train,retain,H2_perturb_hard,math_perturb_hard
pairs_math_v2.csv,892,math,math_1940,train,retain,H1_same_topic,math_same_type
pairs_math_v2.csv,893,math,math_1940,train,retain,R_random,math_random
pairs_math_v2.csv,912,math,math_1964,train,remove,C0_exact,math_copy
pairs_math_v2.csv,913,math,math_1964,train,remove,C2_answer_bearing,math_solution_frag
pairs_math_v2.csv,914,math,math_1964,train,retain,H2_perturb_simple,math_perturb_simple
pairs_math_v2.csv,915,math,math_1964,train,retain,H2_perturb_hard,math_perturb_hard
pairs_math_v2.csv,916,math,math_1964,train,retain,H1_same_topic,math_same_type
pairs_math_v2.csv,917,math,math_1964,train,retain,R_random,math_random
pairs_math_v2.csv,942,math,math_2007,train,remove,C0_exact,math_copy
pairs_math_v2.csv,943,math,math_2007,train,remove,C2_answer_bearing,math_solution_frag
pairs_math_v2.csv,944,math,math_2007,train,retain,H2_perturb_simple,math_perturb_simple
pairs_math_v2.csv,945,math,math_2007,train,retain,H2_perturb_hard,math_perturb_hard
pairs_math_v2.csv,946,math,math_2007,train,retain,H1_same_topic,math_same_type
pairs_math_v2.csv,947,math,math_2007,train,retain,R_random,math_random
pairs_math_v2.csv,954,math,math_2032,train,remove,C0_exact,math_copy
pairs_math_v2.csv,955,math,math_2032,train,remove,C2_answer_bearing,math_solution_frag
pairs_math_v2.csv,956,math,math_2032,train,retain,H2_perturb_simple,math_perturb_simple
pairs_math_v2.csv,957,math,math_2032,train,retain,H2_perturb_hard,math_perturb_hard
pairs_math_v2.csv,958,math,math_2032,train,retain,H1_same_topic,math_same_type
pairs_math_v2.csv,959,math,math_2032,train,retain,R_random,math_random
pairs_math_v2.csv,960,math,math_2038,train,remove,C0_exact,math_copy
pairs_math_v2.csv,961,math,math_2038,train,remove,C2_answer_bearing,math_solution_frag
pairs_math_v2.csv,962,math,math_2038,train,retain,H2_perturb_simple,math_perturb_simple
pairs_math_v2.csv,963,math,math_2038,train,retain,H2_perturb_hard,math_perturb_hard
pairs_math_v2.csv,964,math,math_2038,train,retain,H1_same_topic,math_same_type
pairs_math_v2.csv,965,math,math_2038,train,retain,R_random,math_random
pairs_math_v2.csv,978,math,math_2072,train,remove,C0_exact,math_copy
pairs_math_v2.csv,979,math,math_2072,train,remove,C2_answer_bearing,math_solution_frag
pairs_math_v2.csv,980,math,math_2072,train,retain,H2_perturb_simple,math_perturb_simple
pairs_math_v2.csv,981,math,math_2072,train,retain,H2_perturb_hard,math_perturb_hard
pairs_math_v2.csv,982,math,math_2072,train,retain,H1_same_topic,math_same_type
pairs_math_v2.csv,983,math,math_2072,train,retain,R_random,math_random
pairs_math_v2.csv,990,math,math_2100,train,remove,C0_exact,math_copy
pairs_math_v2.csv,991,math,math_2100,train,remove,C2_answer_bearing,math_solution_frag
pairs_math_v2.csv,992,math,math_2100,train,retain,H2_perturb_simple,math_perturb_simple
pairs_math_v2.csv,993,math,math_2100,train,retain,H2_perturb_hard,math_perturb_hard
pairs_math_v2.csv,994,math,math_2100,train,retain,H1_same_topic,math_same_type
pairs_math_v2.csv,995,math,math_2100,train,retain,R_random,math_random
pairs_math_v2.csv,1008,math,math_2170,train,remove,C0_exact,math_copy
pairs_math_v2.csv,1009,math,math_2170,train,remove,C2_answer_bearing,math_solution_frag
pairs_math_v2.csv,1010,math,math_2170,train,retain,H2_perturb_simple,math_perturb_simple
pairs_math_v2.csv,1011,math,math_2170,train,retain,H2_perturb_hard,math_perturb_hard
pairs_math_v2.csv,1012,math,math_2170,train,retain,H1_same_topic,math_same_type
pairs_math_v2.csv,1013,math,math_2170,train,retain,R_random,math_random
pairs_math_v2.csv,1014,math,math_2172,train,remove,C0_exact,math_copy
pairs_math_v2.csv,1015,math,math_2172,train,remove,C2_answer_bearing,math_solution_frag
pairs_math_v2.csv,1016,math,math_2172,train,retain,H2_perturb_simple,math_perturb_simple
pairs_math_v2.csv,1017,math,math_2172,train,retain,H2_perturb_hard,math_perturb_hard
pairs_math_v2.csv,1018,math,math_2172,train,retain,H1_same_topic,math_same_type
pairs_math_v2.csv,1019,math,math_2172,train,retain,R_random,math_random
pairs_math_v2.csv,1038,math,math_2176,train,remove,C0_exact,math_copy
pairs_math_v2.csv,1039,math,math_2176,train,remove,C2_answer_bearing,math_solution_frag
pairs_math_v2.csv,1040,math,math_2176,train,retain,H2_perturb_simple,math_perturb_simple
pairs_math_v2.csv,1041,math,math_2176,train,retain,H2_perturb_hard,math_perturb_hard
pairs_math_v2.csv,1042,math,math_2176,train,retain,H1_same_topic,math_same_type
pairs_math_v2.csv,1043,math,math_2176,train,retain,R_random,math_random
pairs_math_v2.csv,1062,math,math_2181,train,remove,C0_exact,math_copy
pairs_math_v2.csv,1063,math,math_2181,train,remove,C2_answer_bearing,math_solution_frag
pairs_math_v2.csv,1064,math,math_2181,train,retain,H2_perturb_simple,math_perturb_simple
pairs_math_v2.csv,1065,math,math_2181,train,retain,H2_perturb_hard,math_perturb_hard
pairs_math_v2.csv,1066,math,math_2181,train,retain,H1_same_topic,math_same_type
pairs_math_v2.csv,1067,math,math_2181,train,retain,R_random,math_random
pairs_math_v2.csv,1080,math,math_2184,train,remove,C0_exact,math_copy
pairs_math_v2.csv,1081,math,math_2184,train,remove,C2_answer_bearing,math_solution_frag
pairs_math_v2.csv,1082,math,math_2184,train,retain,H2_perturb_simple,math_perturb_simple
pairs_math_v2.csv,1083,math,math_2184,train,retain,H2_perturb_hard,math_perturb_hard
pairs_math_v2.csv,1084,math,math_2184,train,retain,H1_same_topic,math_same_type
pairs_math_v2.csv,1085,math,math_2184,train,retain,R_random,math_random
pairs_math_v2.csv,1086,math,math_2185,train,remove,C0_exact,math_copy
pairs_math_v2.csv,1087,math,math_2185,train,remove,C2_answer_bearing,math_solution_frag
pairs_math_v2.csv,1088,math,math_2185,train,retain,H2_perturb_simple,math_perturb_simple
pairs_math_v2.csv,1089,math,math_2185,train,retain,H2_perturb_hard,math_perturb_hard
pairs_math_v2.csv,1090,math,math_2185,train,retain,H1_same_topic,math_same_type
pairs_math_v2.csv,1091,math,math_2185,train,retain,R_random,math_random
pairs_math_v2.csv,1092,math,math_2186,train,remove,C0_exact,math_copy
pairs_math_v2.csv,1093,math,math_2186,train,remove,C2_answer_bearing,math_solution_frag
pairs_math_v2.csv,1094,math,math_2186,train,retain,H2_perturb_simple,math_perturb_simple
pairs_math_v2.csv,1095,math,math_2186,train,retain,H2_perturb_hard,math_perturb_hard
pairs_math_v2.csv,1096,math,math_2186,train,retain,H1_same_topic,math_same_type
pairs_math_v2.csv,1097,math,math_2186,train,retain,R_random,math_random
pairs_math_v2.csv,1098,math,math_2187,train,remove,C0_exact,math_copy
pairs_math_v2.csv,1099,math,math_2187,train,remove,C2_answer_bearing,math_solution_frag
pairs_math_v2.csv,1100,math,math_2187,train,retain,H2_perturb_simple,math_perturb_simple
pairs_math_v2.csv,1101,math,math_2187,train,retain,H2_perturb_hard,math_perturb_hard
pairs_math_v2.csv,1102,math,math_2187,train,retain,H1_same_topic,math_same_type
pairs_math_v2.csv,1103,math,math_2187,train,retain,R_random,math_random
pairs_math_v2.csv,1104,math,math_2188,train,remove,C0_exact,math_copy
pairs_math_v2.csv,1105,math,math_2188,train,remove,C2_answer_bearing,math_solution_frag
pairs_math_v2.csv,1106,math,math_2188,train,retain,H2_perturb_simple,math_perturb_simple
pairs_math_v2.csv,1107,math,math_2188,train,retain,H2_perturb_hard,math_perturb_hard
pairs_math_v2.csv,1108,math,math_2188,train,retain,H1_same_topic,math_same_type
pairs_math_v2.csv,1109,math,math_2188,train,retain,R_random,math_random
pairs_math_v2.csv,1110,math,math_2190,train,remove,C0_exact,math_copy
pairs_math_v2.csv,1111,math,math_2190,train,remove,C2_answer_bearing,math_solution_frag
pairs_math_v2.csv,1112,math,math_2190,train,retain,H2_perturb_simple,math_perturb_simple
pairs_math_v2.csv,1113,math,math_2190,train,retain,H2_perturb_hard,math_perturb_hard
pairs_math_v2.csv,1114,math,math_2190,train,retain,H1_same_topic,math_same_type
pairs_math_v2.csv,1115,math,math_2190,train,retain,R_random,math_random
pairs_math_v2.csv,1128,math,math_2195,train,remove,C0_exact,math_copy
pairs_math_v2.csv,1129,math,math_2195,train,remove,C2_answer_bearing,math_solution_frag
pairs_math_v2.csv,1130,math,math_2195,train,retain,H2_perturb_simple,math_perturb_simple
pairs_math_v2.csv,1131,math,math_2195,train,retain,H2_perturb_hard,math_perturb_hard
pairs_math_v2.csv,1132,math,math_2195,train,retain,H1_same_topic,math_same_type
pairs_math_v2.csv,1133,math,math_2195,train,retain,R_random,math_random
pairs_math_v2.csv,1140,math,math_2197,train,remove,C0_exact,math_copy
pairs_math_v2.csv,1141,math,math_2197,train,remove,C2_answer_bearing,math_solution_frag
pairs_math_v2.csv,1142,math,math_2197,train,retain,H2_perturb_simple,math_perturb_simple
pairs_math_v2.csv,1143,math,math_2197,train,retain,H2_perturb_hard,math_perturb_hard
pairs_math_v2.csv,1144,math,math_2197,train,retain,H1_same_topic,math_same_type
pairs_math_v2.csv,1145,math,math_2197,train,retain,R_random,math_random
pairs_math_v2.csv,1146,math,math_2412,train,remove,C0_exact,math_copy
pairs_math_v2.csv,1147,math,math_2412,train,remove,C2_answer_bearing,math_solution_frag
pairs_math_v2.csv,1148,math,math_2412,train,retain,H2_perturb_simple,math_perturb_simple
pairs_math_v2.csv,1149,math,math_2412,train,retain,H2_perturb_hard,math_perturb_hard
pairs_math_v2.csv,1150,math,math_2412,train,retain,H1_same_topic,math_same_type
pairs_math_v2.csv,1151,math,math_2412,train,retain,R_random,math_random
pairs_math_v2.csv,1158,math,math_2414,train,remove,C0_exact,math_copy
pairs_math_v2.csv,1159,math,math_2414,train,remove,C2_answer_bearing,math_solution_frag
pairs_math_v2.csv,1160,math,math_2414,train,retain,H2_perturb_simple,math_perturb_simple
pairs_math_v2.csv,1161,math,math_2414,train,retain,H2_perturb_hard,math_perturb_hard
pairs_math_v2.csv,1162,math,math_2414,train,retain,H1_same_topic,math_same_type
pairs_math_v2.csv,1163,math,math_2414,train,retain,R_random,math_random
pairs_math_v2.csv,1164,math,math_2415,train,remove,C0_exact,math_copy
pairs_math_v2.csv,1165,math,math_2415,train,remove,C2_answer_bearing,math_solution_frag
pairs_math_v2.csv,1166,math,math_2415,train,retain,H2_perturb_simple,math_perturb_simple
pairs_math_v2.csv,1167,math,math_2415,train,retain,H2_perturb_hard,math_perturb_hard
pairs_math_v2.csv,1168,math,math_2415,train,retain,H1_same_topic,math_same_type
pairs_math_v2.csv,1169,math,math_2415,train,retain,R_random,math_random
pairs_math_v2.csv,1176,math,math_2419,train,remove,C0_exact,math_copy
pairs_math_v2.csv,1177,math,math_2419,train,remove,C2_answer_bearing,math_solution_frag
pairs_math_v2.csv,1178,math,math_2419,train,retain,H2_perturb_simple,math_perturb_simple
pairs_math_v2.csv,1179,math,math_2419,train,retain,H2_perturb_hard,math_perturb_hard
pairs_math_v2.csv,1180,math,math_2419,train,retain,H1_same_topic,math_same_type
pairs_math_v2.csv,1181,math,math_2419,train,retain,R_random,math_random
pairs_math_v2.csv,1194,math,math_2424,train,remove,C0_exact,math_copy
pairs_math_v2.csv,1195,math,math_2424,train,remove,C2_answer_bearing,math_solution_frag
pairs_math_v2.csv,1196,math,math_2424,train,retain,H2_perturb_simple,math_perturb_simple
pairs_math_v2.csv,1197,math,math_2424,train,retain,H2_perturb_hard,math_perturb_hard
pairs_math_v2.csv,1198,math,math_2424,train,retain,H1_same_topic,math_same_type
pairs_math_v2.csv,1199,math,math_2424,train,retain,R_random,math_random
pairs_math_v2.csv,1212,math,math_2428,train,remove,C0_exact,math_copy
pairs_math_v2.csv,1213,math,math_2428,train,remove,C2_answer_bearing,math_solution_frag
pairs_math_v2.csv,1214,math,math_2428,train,retain,H2_perturb_simple,math_perturb_simple
pairs_math_v2.csv,1215,math,math_2428,train,retain,H2_perturb_hard,math_perturb_hard
pairs_math_v2.csv,1216,math,math_2428,train,retain,H1_same_topic,math_same_type
pairs_math_v2.csv,1217,math,math_2428,train,retain,R_random,math_random
pairs_math_v2.csv,1218,math,math_2429,train,remove,C0_exact,math_copy
pairs_math_v2.csv,1219,math,math_2429,train,remove,C2_answer_bearing,math_solution_frag
pairs_math_v2.csv,1220,math,math_2429,train,retain,H2_perturb_simple,math_perturb_simple
pairs_math_v2.csv,1221,math,math_2429,train,retain,H2_perturb_hard,math_perturb_hard
pairs_math_v2.csv,1222,math,math_2429,train,retain,H1_same_topic,math_same_type
pairs_math_v2.csv,1223,math,math_2429,train,retain,R_random,math_random
pairs_math_v2.csv,1230,math,math_2431,train,remove,C0_exact,math_copy
pairs_math_v2.csv,1231,math,math_2431,train,remove,C2_answer_bearing,math_solution_frag
pairs_math_v2.csv,1232,math,math_2431,train,retain,H2_perturb_simple,math_perturb_simple
pairs_math_v2.csv,1233,math,math_2431,train,retain,H2_perturb_hard,math_perturb_hard
pairs_math_v2.csv,1234,math,math_2431,train,retain,H1_same_topic,math_same_type
pairs_math_v2.csv,1235,math,math_2431,train,retain,R_random,math_random
pairs_math_v2.csv,1260,math,math_2436,train,remove,C0_exact,math_copy
pairs_math_v2.csv,1261,math,math_2436,train,remove,C2_answer_bearing,math_solution_frag
pairs_math_v2.csv,1262,math,math_2436,train,retain,H2_perturb_simple,math_perturb_simple
pairs_math_v2.csv,1263,math,math_2436,train,retain,H2_perturb_hard,math_perturb_hard
pairs_math_v2.csv,1264,math,math_2436,train,retain,H1_same_topic,math_same_type
pairs_math_v2.csv,1265,math,math_2436,train,retain,R_random,math_random
pairs_math_v2.csv,1266,math,math_2437,train,remove,C0_exact,math_copy
pairs_math_v2.csv,1267,math,math_2437,train,remove,C2_answer_bearing,math_solution_frag
pairs_math_v2.csv,1268,math,math_2437,train,retain,H2_perturb_simple,math_perturb_simple
pairs_math_v2.csv,1269,math,math_2437,train,retain,H2_perturb_hard,math_perturb_hard
pairs_math_v2.csv,1270,math,math_2437,train,retain,H1_same_topic,math_same_type
pairs_math_v2.csv,1271,math,math_2437,train,retain,R_random,math_random
pairs_math_v2.csv,1278,math,math_2439,train,remove,C0_exact,math_copy
pairs_math_v2.csv,1279,math,math_2439,train,remove,C2_answer_bearing,math_solution_frag
pairs_math_v2.csv,1280,math,math_2439,train,retain,H2_perturb_simple,math_perturb_simple
pairs_math_v2.csv,1281,math,math_2439,train,retain,H2_perturb_hard,math_perturb_hard
pairs_math_v2.csv,1282,math,math_2439,train,retain,H1_same_topic,math_same_type
pairs_math_v2.csv,1283,math,math_2439,train,retain,R_random,math_random
pairs_math_v2.csv,1296,math,math_2660,train,remove,C0_exact,math_copy
pairs_math_v2.csv,1297,math,math_2660,train,remove,C2_answer_bearing,math_solution_frag
pairs_math_v2.csv,1298,math,math_2660,train,retain,H2_perturb_simple,math_perturb_simple
pairs_math_v2.csv,1299,math,math_2660,train,retain,H2_perturb_hard,math_perturb_hard
pairs_math_v2.csv,1300,math,math_2660,train,retain,H1_same_topic,math_same_type
pairs_math_v2.csv,1301,math,math_2660,train,retain,R_random,math_random
pairs_math_v2.csv,1326,math,math_2670,train,remove,C0_exact,math_copy
pairs_math_v2.csv,1327,math,math_2670,train,remove,C2_answer_bearing,math_solution_frag
pairs_math_v2.csv,1328,math,math_2670,train,retain,H2_perturb_simple,math_perturb_simple
pairs_math_v2.csv,1329,math,math_2670,train,retain,H2_perturb_hard,math_perturb_hard
pairs_math_v2.csv,1330,math,math_2670,train,retain,H1_same_topic,math_same_type
pairs_math_v2.csv,1331,math,math_2670,train,retain,R_random,math_random
pairs_math_v2.csv,1350,math,math_2679,train,remove,C0_exact,math_copy
pairs_math_v2.csv,1351,math,math_2679,train,remove,C2_answer_bearing,math_solution_frag
pairs_math_v2.csv,1352,math,math_2679,train,retain,H2_perturb_simple,math_perturb_simple
pairs_math_v2.csv,1353,math,math_2679,train,retain,H2_perturb_hard,math_perturb_hard
pairs_math_v2.csv,1354,math,math_2679,train,retain,H1_same_topic,math_same_type
pairs_math_v2.csv,1355,math,math_2679,train,retain,R_random,math_random
pairs_math_v2.csv,1356,math,math_2680,train,remove,C0_exact,math_copy
pairs_math_v2.csv,1357,math,math_2680,train,remove,C2_answer_bearing,math_solution_frag
pairs_math_v2.csv,1358,math,math_2680,train,retain,H2_perturb_simple,math_perturb_simple
pairs_math_v2.csv,1359,math,math_2680,train,retain,H2_perturb_hard,math_perturb_hard
pairs_math_v2.csv,1360,math,math_2680,train,retain,H1_same_topic,math_same_type
pairs_math_v2.csv,1361,math,math_2680,train,retain,R_random,math_random
pairs_math_v2.csv,1368,math,math_2683,train,remove,C0_exact,math_copy
pairs_math_v2.csv,1369,math,math_2683,train,remove,C2_answer_bearing,math_solution_frag
pairs_math_v2.csv,1370,math,math_2683,train,retain,H2_perturb_simple,math_perturb_simple
pairs_math_v2.csv,1371,math,math_2683,train,retain,H2_perturb_hard,math_perturb_hard
pairs_math_v2.csv,1372,math,math_2683,train,retain,H1_same_topic,math_same_type
pairs_math_v2.csv,1373,math,math_2683,train,retain,R_random,math_random
pairs_math_v2.csv,1380,math,math_2685,train,remove,C0_exact,math_copy
pairs_math_v2.csv,1381,math,math_2685,train,remove,C2_answer_bearing,math_solution_frag
pairs_math_v2.csv,1382,math,math_2685,train,retain,H2_perturb_simple,math_perturb_simple
pairs_math_v2.csv,1383,math,math_2685,train,retain,H2_perturb_hard,math_perturb_hard
pairs_math_v2.csv,1384,math,math_2685,train,retain,H1_same_topic,math_same_type
pairs_math_v2.csv,1385,math,math_2685,train,retain,R_random,math_random
pairs_math_v2.csv,1386,math,math_3134,train,remove,C0_exact,math_copy
pairs_math_v2.csv,1387,math,math_3134,train,remove,C2_answer_bearing,math_solution_frag
pairs_math_v2.csv,1388,math,math_3134,train,retain,H2_perturb_simple,math_perturb_simple
pairs_math_v2.csv,1389,math,math_3134,train,retain,H2_perturb_hard,math_perturb_hard
pairs_math_v2.csv,1390,math,math_3134,train,retain,H1_same_topic,math_same_type
pairs_math_v2.csv,1391,math,math_3134,train,retain,R_random,math_random
pairs_math_v2.csv,1404,math,math_3140,train,remove,C0_exact,math_copy
pairs_math_v2.csv,1405,math,math_3140,train,remove,C2_answer_bearing,math_solution_frag
pairs_math_v2.csv,1406,math,math_3140,train,retain,H2_perturb_simple,math_perturb_simple
pairs_math_v2.csv,1407,math,math_3140,train,retain,H2_perturb_hard,math_perturb_hard
pairs_math_v2.csv,1408,math,math_3140,train,retain,H1_same_topic,math_same_type
pairs_math_v2.csv,1409,math,math_3140,train,retain,R_random,math_random
pairs_math_v2.csv,1410,math,math_3142,train,remove,C0_exact,math_copy
pairs_math_v2.csv,1411,math,math_3142,train,remove,C2_answer_bearing,math_solution_frag
pairs_math_v2.csv,1412,math,math_3142,train,retain,H2_perturb_simple,math_perturb_simple
pairs_math_v2.csv,1413,math,math_3142,train,retain,H2_perturb_hard,math_perturb_hard
pairs_math_v2.csv,1414,math,math_3142,train,retain,H1_same_topic,math_same_type
pairs_math_v2.csv,1415,math,math_3142,train,retain,R_random,math_random
pairs_math_v2.csv,1422,math,math_3146,train,remove,C0_exact,math_copy
pairs_math_v2.csv,1423,math,math_3146,train,remove,C2_answer_bearing,math_solution_frag
pairs_math_v2.csv,1424,math,math_3146,train,retain,H2_perturb_simple,math_perturb_simple
pairs_math_v2.csv,1425,math,math_3146,train,retain,H2_perturb_hard,math_perturb_hard
pairs_math_v2.csv,1426,math,math_3146,train,retain,H1_same_topic,math_same_type
pairs_math_v2.csv,1427,math,math_3146,train,retain,R_random,math_random
pairs_math_v2.csv,1440,math,math_3152,train,remove,C0_exact,math_copy
pairs_math_v2.csv,1441,math,math_3152,train,remove,C2_answer_bearing,math_solution_frag
pairs_math_v2.csv,1442,math,math_3152,train,retain,H2_perturb_simple,math_perturb_simple
pairs_math_v2.csv,1443,math,math_3152,train,retain,H2_perturb_hard,math_perturb_hard
pairs_math_v2.csv,1444,math,math_3152,train,retain,H1_same_topic,math_same_type
pairs_math_v2.csv,1445,math,math_3152,train,retain,R_random,math_random
pairs_math_v2.csv,1458,math,math_3157,train,remove,C0_exact,math_copy
pairs_math_v2.csv,1459,math,math_3157,train,remove,C2_answer_bearing,math_solution_frag
pairs_math_v2.csv,1460,math,math_3157,train,retain,H2_perturb_simple,math_perturb_simple
pairs_math_v2.csv,1461,math,math_3157,train,retain,H2_perturb_hard,math_perturb_hard
pairs_math_v2.csv,1462,math,math_3157,train,retain,H1_same_topic,math_same_type
pairs_math_v2.csv,1463,math,math_3157,train,retain,R_random,math_random
pairs_math_v2.csv,1470,math,math_3165,train,remove,C0_exact,math_copy
pairs_math_v2.csv,1471,math,math_3165,train,remove,C2_answer_bearing,math_solution_frag
pairs_math_v2.csv,1472,math,math_3165,train,retain,H2_perturb_simple,math_perturb_simple
pairs_math_v2.csv,1473,math,math_3165,train,retain,H2_perturb_hard,math_perturb_hard
pairs_math_v2.csv,1474,math,math_3165,train,retain,H1_same_topic,math_same_type
pairs_math_v2.csv,1475,math,math_3165,train,retain,R_random,math_random
pairs_math_v2.csv,1476,math,math_3173,train,remove,C0_exact,math_copy
pairs_math_v2.csv,1477,math,math_3173,train,remove,C2_answer_bearing,math_solution_frag
pairs_math_v2.csv,1478,math,math_3173,train,retain,H2_perturb_simple,math_perturb_simple
pairs_math_v2.csv,1479,math,math_3173,train,retain,H2_perturb_hard,math_perturb_hard
pairs_math_v2.csv,1480,math,math_3173,train,retain,H1_same_topic,math_same_type
pairs_math_v2.csv,1481,math,math_3173,train,retain,R_random,math_random
pairs_math_v2.csv,1494,math,math_3188,train,remove,C0_exact,math_copy
pairs_math_v2.csv,1495,math,math_3188,train,remove,C2_answer_bearing,math_solution_frag
pairs_math_v2.csv,1496,math,math_3188,train,retain,H2_perturb_simple,math_perturb_simple
pairs_math_v2.csv,1497,math,math_3188,train,retain,H2_perturb_hard,math_perturb_hard
pairs_math_v2.csv,1498,math,math_3188,train,retain,H1_same_topic,math_same_type
pairs_math_v2.csv,1499,math,math_3188,train,retain,R_random,math_random
