source_csv,source_csv_row,family,group_id,part,decision_label,relation,candidate_source
pairs_arith_v2.csv,9,arithmetic,gsm8k_test_0001,cal,remove,C0_exact,gsm8k_copy
pairs_arith_v2.csv,10,arithmetic,gsm8k_test_0001,cal,remove,C1_transformed,lmsys_rephrase
pairs_arith_v2.csv,11,arithmetic,gsm8k_test_0001,cal,remove,C2_answer_bearing,gsm8k_solution_frag
pairs_arith_v2.csv,12,arithmetic,gsm8k_test_0001,cal,retain,H2_same_template,gsmplus_numerical_substitution
pairs_arith_v2.csv,13,arithmetic,gsm8k_test_0001,cal,remove,C1_transformed,gsmplus_problem_understanding
pairs_arith_v2.csv,14,arithmetic,gsm8k_test_0001,cal,retain,H2_same_template,gsmplus_critical_thinking
pairs_arith_v2.csv,15,arithmetic,gsm8k_test_0001,cal,retain,H1_same_topic,svamp
pairs_arith_v2.csv,16,arithmetic,gsm8k_test_0001,cal,retain,H3_predating,asdiv
pairs_arith_v2.csv,17,arithmetic,gsm8k_test_0001,cal,retain,R_random,truthfulqa
pairs_arith_v2.csv,18,arithmetic,gsm8k_test_0002,cal,remove,C0_exact,gsm8k_copy
pairs_arith_v2.csv,19,arithmetic,gsm8k_test_0002,cal,remove,C1_transformed,lmsys_rephrase
pairs_arith_v2.csv,20,arithmetic,gsm8k_test_0002,cal,remove,C2_answer_bearing,gsm8k_solution_frag
pairs_arith_v2.csv,21,arithmetic,gsm8k_test_0002,cal,retain,H2_same_template,gsmplus_numerical_substitution
pairs_arith_v2.csv,22,arithmetic,gsm8k_test_0002,cal,remove,C1_transformed,gsmplus_problem_understanding
pairs_arith_v2.csv,23,arithmetic,gsm8k_test_0002,cal,retain,H2_same_template,gsmplus_critical_thinking
pairs_arith_v2.csv,24,arithmetic,gsm8k_test_0002,cal,retain,H1_same_topic,svamp
pairs_arith_v2.csv,25,arithmetic,gsm8k_test_0002,cal,retain,H3_predating,asdiv
pairs_arith_v2.csv,26,arithmetic,gsm8k_test_0002,cal,retain,R_random,truthfulqa
pairs_arith_v2.csv,27,arithmetic,gsm8k_test_0003,cal,remove,C0_exact,gsm8k_copy
pairs_arith_v2.csv,28,arithmetic,gsm8k_test_0003,cal,remove,C1_transformed,lmsys_rephrase
pairs_arith_v2.csv,29,arithmetic,gsm8k_test_0003,cal,remove,C2_answer_bearing,gsm8k_solution_frag
pairs_arith_v2.csv,30,arithmetic,gsm8k_test_0003,cal,retain,H2_same_template,gsmplus_numerical_substitution
pairs_arith_v2.csv,31,arithmetic,gsm8k_test_0003,cal,remove,C1_transformed,gsmplus_problem_understanding
pairs_arith_v2.csv,32,arithmetic,gsm8k_test_0003,cal,retain,H2_same_template,gsmplus_critical_thinking
pairs_arith_v2.csv,33,arithmetic,gsm8k_test_0003,cal,retain,H1_same_topic,svamp
pairs_arith_v2.csv,34,arithmetic,gsm8k_test_0003,cal,retain,H3_predating,asdiv
pairs_arith_v2.csv,35,arithmetic,gsm8k_test_0003,cal,retain,R_random,truthfulqa
pairs_arith_v2.csv,72,arithmetic,gsm8k_test_0008,cal,remove,C0_exact,gsm8k_copy
pairs_arith_v2.csv,73,arithmetic,gsm8k_test_0008,cal,remove,C1_transformed,lmsys_rephrase
pairs_arith_v2.csv,74,arithmetic,gsm8k_test_0008,cal,remove,C2_answer_bearing,gsm8k_solution_frag
pairs_arith_v2.csv,75,arithmetic,gsm8k_test_0008,cal,retain,H2_same_template,gsmplus_numerical_substitution
pairs_arith_v2.csv,76,arithmetic,gsm8k_test_0008,cal,remove,C1_transformed,gsmplus_problem_understanding
pairs_arith_v2.csv,77,arithmetic,gsm8k_test_0008,cal,retain,H2_same_template,gsmplus_critical_thinking
pairs_arith_v2.csv,78,arithmetic,gsm8k_test_0008,cal,retain,H1_same_topic,svamp
pairs_arith_v2.csv,79,arithmetic,gsm8k_test_0008,cal,retain,H3_predating,asdiv
pairs_arith_v2.csv,80,arithmetic,gsm8k_test_0008,cal,retain,R_random,truthfulqa
pairs_arith_v2.csv,90,arithmetic,gsm8k_test_0010,cal,remove,C0_exact,gsm8k_copy
pairs_arith_v2.csv,91,arithmetic,gsm8k_test_0010,cal,remove,C1_transformed,lmsys_rephrase
pairs_arith_v2.csv,92,arithmetic,gsm8k_test_0010,cal,remove,C2_answer_bearing,gsm8k_solution_frag
pairs_arith_v2.csv,93,arithmetic,gsm8k_test_0010,cal,retain,H2_same_template,gsmplus_numerical_substitution
pairs_arith_v2.csv,94,arithmetic,gsm8k_test_0010,cal,remove,C1_transformed,gsmplus_problem_understanding
pairs_arith_v2.csv,95,arithmetic,gsm8k_test_0010,cal,retain,H2_same_template,gsmplus_critical_thinking
pairs_arith_v2.csv,96,arithmetic,gsm8k_test_0010,cal,retain,H1_same_topic,svamp
pairs_arith_v2.csv,97,arithmetic,gsm8k_test_0010,cal,retain,H3_predating,asdiv
pairs_arith_v2.csv,98,arithmetic,gsm8k_test_0010,cal,retain,R_random,truthfulqa
pairs_arith_v2.csv,99,arithmetic,gsm8k_test_0011,cal,remove,C0_exact,gsm8k_copy
pairs_arith_v2.csv,100,arithmetic,gsm8k_test_0011,cal,remove,C1_transformed,lmsys_rephrase
pairs_arith_v2.csv,101,arithmetic,gsm8k_test_0011,cal,remove,C2_answer_bearing,gsm8k_solution_frag
pairs_arith_v2.csv,102,arithmetic,gsm8k_test_0011,cal,retain,H2_same_template,gsmplus_numerical_substitution
pairs_arith_v2.csv,103,arithmetic,gsm8k_test_0011,cal,remove,C1_transformed,gsmplus_problem_understanding
pairs_arith_v2.csv,104,arithmetic,gsm8k_test_0011,cal,retain,H2_same_template,gsmplus_critical_thinking
pairs_arith_v2.csv,105,arithmetic,gsm8k_test_0011,cal,retain,H1_same_topic,svamp
pairs_arith_v2.csv,106,arithmetic,gsm8k_test_0011,cal,retain,H3_predating,asdiv
pairs_arith_v2.csv,107,arithmetic,gsm8k_test_0011,cal,retain,R_random,truthfulqa
pairs_arith_v2.csv,152,arithmetic,gsm8k_test_0017,cal,remove,C0_exact,gsm8k_copy
pairs_arith_v2.csv,153,arithmetic,gsm8k_test_0017,cal,remove,C1_transformed,lmsys_rephrase
pairs_arith_v2.csv,154,arithmetic,gsm8k_test_0017,cal,remove,C2_answer_bearing,gsm8k_solution_frag
pairs_arith_v2.csv,155,arithmetic,gsm8k_test_0017,cal,retain,H2_same_template,gsmplus_numerical_substitution
pairs_arith_v2.csv,156,arithmetic,gsm8k_test_0017,cal,remove,C1_transformed,gsmplus_problem_understanding
pairs_arith_v2.csv,157,arithmetic,gsm8k_test_0017,cal,retain,H2_same_template,gsmplus_critical_thinking
pairs_arith_v2.csv,158,arithmetic,gsm8k_test_0017,cal,retain,H1_same_topic,svamp
pairs_arith_v2.csv,159,arithmetic,gsm8k_test_0017,cal,retain,H3_predating,asdiv
pairs_arith_v2.csv,160,arithmetic,gsm8k_test_0017,cal,retain,R_random,truthfulqa
pairs_arith_v2.csv,197,arithmetic,gsm8k_test_0022,cal,remove,C0_exact,gsm8k_copy
pairs_arith_v2.csv,198,arithmetic,gsm8k_test_0022,cal,remove,C1_transformed,lmsys_rephrase
pairs_arith_v2.csv,199,arithmetic,gsm8k_test_0022,cal,remove,C2_answer_bearing,gsm8k_solution_frag
pairs_arith_v2.csv,200,arithmetic,gsm8k_test_0022,cal,retain,H2_same_template,gsmplus_numerical_substitution
pairs_arith_v2.csv,201,arithmetic,gsm8k_test_0022,cal,remove,C1_transformed,gsmplus_problem_understanding
pairs_arith_v2.csv,202,arithmetic,gsm8k_test_0022,cal,retain,H2_same_template,gsmplus_critical_thinking
pairs_arith_v2.csv,203,arithmetic,gsm8k_test_0022,cal,retain,H1_same_topic,svamp
pairs_arith_v2.csv,204,arithmetic,gsm8k_test_0022,cal,retain,H3_predating,asdiv
pairs_arith_v2.csv,205,arithmetic,gsm8k_test_0022,cal,retain,R_random,truthfulqa
pairs_arith_v2.csv,215,arithmetic,gsm8k_test_0024,cal,remove,C0_exact,gsm8k_copy
pairs_arith_v2.csv,216,arithmetic,gsm8k_test_0024,cal,remove,C1_transformed,lmsys_rephrase
pairs_arith_v2.csv,217,arithmetic,gsm8k_test_0024,cal,remove,C2_answer_bearing,gsm8k_solution_frag
pairs_arith_v2.csv,218,arithmetic,gsm8k_test_0024,cal,retain,H2_same_template,gsmplus_numerical_substitution
pairs_arith_v2.csv,219,arithmetic,gsm8k_test_0024,cal,remove,C1_transformed,gsmplus_problem_understanding
pairs_arith_v2.csv,220,arithmetic,gsm8k_test_0024,cal,retain,H2_same_template,gsmplus_critical_thinking
pairs_arith_v2.csv,221,arithmetic,gsm8k_test_0024,cal,retain,H1_same_topic,svamp
pairs_arith_v2.csv,222,arithmetic,gsm8k_test_0024,cal,retain,H3_predating,asdiv
pairs_arith_v2.csv,223,arithmetic,gsm8k_test_0024,cal,retain,R_random,truthfulqa
pairs_arith_v2.csv,224,arithmetic,gsm8k_test_0025,cal,remove,C0_exact,gsm8k_copy
pairs_arith_v2.csv,225,arithmetic,gsm8k_test_0025,cal,remove,C1_transformed,lmsys_rephrase
pairs_arith_v2.csv,226,arithmetic,gsm8k_test_0025,cal,remove,C2_answer_bearing,gsm8k_solution_frag
pairs_arith_v2.csv,227,arithmetic,gsm8k_test_0025,cal,retain,H2_same_template,gsmplus_numerical_substitution
pairs_arith_v2.csv,228,arithmetic,gsm8k_test_0025,cal,remove,C1_transformed,gsmplus_problem_understanding
pairs_arith_v2.csv,229,arithmetic,gsm8k_test_0025,cal,retain,H2_same_template,gsmplus_critical_thinking
pairs_arith_v2.csv,230,arithmetic,gsm8k_test_0025,cal,retain,H1_same_topic,svamp
pairs_arith_v2.csv,231,arithmetic,gsm8k_test_0025,cal,retain,H3_predating,asdiv
pairs_arith_v2.csv,232,arithmetic,gsm8k_test_0025,cal,retain,R_random,truthfulqa
pairs_arith_v2.csv,233,arithmetic,gsm8k_test_0026,cal,remove,C0_exact,gsm8k_copy
pairs_arith_v2.csv,234,arithmetic,gsm8k_test_0026,cal,remove,C1_transformed,lmsys_rephrase
pairs_arith_v2.csv,235,arithmetic,gsm8k_test_0026,cal,remove,C2_answer_bearing,gsm8k_solution_frag
pairs_arith_v2.csv,236,arithmetic,gsm8k_test_0026,cal,retain,H2_same_template,gsmplus_numerical_substitution
pairs_arith_v2.csv,237,arithmetic,gsm8k_test_0026,cal,remove,C1_transformed,gsmplus_problem_understanding
pairs_arith_v2.csv,238,arithmetic,gsm8k_test_0026,cal,retain,H2_same_template,gsmplus_critical_thinking
pairs_arith_v2.csv,239,arithmetic,gsm8k_test_0026,cal,retain,H1_same_topic,svamp
pairs_arith_v2.csv,240,arithmetic,gsm8k_test_0026,cal,retain,H3_predating,asdiv
pairs_arith_v2.csv,241,arithmetic,gsm8k_test_0026,cal,retain,R_random,truthfulqa
pairs_arith_v2.csv,287,arithmetic,gsm8k_test_0032,cal,remove,C0_exact,gsm8k_copy
pairs_arith_v2.csv,288,arithmetic,gsm8k_test_0032,cal,remove,C1_transformed,lmsys_rephrase
pairs_arith_v2.csv,289,arithmetic,gsm8k_test_0032,cal,remove,C2_answer_bearing,gsm8k_solution_frag
pairs_arith_v2.csv,290,arithmetic,gsm8k_test_0032,cal,retain,H2_same_template,gsmplus_numerical_substitution
pairs_arith_v2.csv,291,arithmetic,gsm8k_test_0032,cal,remove,C1_transformed,gsmplus_problem_understanding
pairs_arith_v2.csv,292,arithmetic,gsm8k_test_0032,cal,retain,H2_same_template,gsmplus_critical_thinking
pairs_arith_v2.csv,293,arithmetic,gsm8k_test_0032,cal,retain,H1_same_topic,svamp
pairs_arith_v2.csv,294,arithmetic,gsm8k_test_0032,cal,retain,H3_predating,asdiv
pairs_arith_v2.csv,295,arithmetic,gsm8k_test_0032,cal,retain,R_random,truthfulqa
pairs_arith_v2.csv,305,arithmetic,gsm8k_test_0034,cal,remove,C0_exact,gsm8k_copy
pairs_arith_v2.csv,306,arithmetic,gsm8k_test_0034,cal,remove,C1_transformed,lmsys_rephrase
pairs_arith_v2.csv,307,arithmetic,gsm8k_test_0034,cal,remove,C2_answer_bearing,gsm8k_solution_frag
pairs_arith_v2.csv,308,arithmetic,gsm8k_test_0034,cal,retain,H2_same_template,gsmplus_numerical_substitution
pairs_arith_v2.csv,309,arithmetic,gsm8k_test_0034,cal,remove,C1_transformed,gsmplus_problem_understanding
pairs_arith_v2.csv,310,arithmetic,gsm8k_test_0034,cal,retain,H2_same_template,gsmplus_critical_thinking
pairs_arith_v2.csv,311,arithmetic,gsm8k_test_0034,cal,retain,H1_same_topic,svamp
pairs_arith_v2.csv,312,arithmetic,gsm8k_test_0034,cal,retain,H3_predating,asdiv
pairs_arith_v2.csv,313,arithmetic,gsm8k_test_0034,cal,retain,R_random,truthfulqa
pairs_arith_v2.csv,323,arithmetic,gsm8k_test_0036,cal,remove,C0_exact,gsm8k_copy
pairs_arith_v2.csv,324,arithmetic,gsm8k_test_0036,cal,remove,C1_transformed,lmsys_rephrase
pairs_arith_v2.csv,325,arithmetic,gsm8k_test_0036,cal,remove,C2_answer_bearing,gsm8k_solution_frag
pairs_arith_v2.csv,326,arithmetic,gsm8k_test_0036,cal,retain,H2_same_template,gsmplus_numerical_substitution
pairs_arith_v2.csv,327,arithmetic,gsm8k_test_0036,cal,remove,C1_transformed,gsmplus_problem_understanding
pairs_arith_v2.csv,328,arithmetic,gsm8k_test_0036,cal,retain,H2_same_template,gsmplus_critical_thinking
pairs_arith_v2.csv,329,arithmetic,gsm8k_test_0036,cal,retain,H1_same_topic,svamp
pairs_arith_v2.csv,330,arithmetic,gsm8k_test_0036,cal,retain,H3_predating,asdiv
pairs_arith_v2.csv,331,arithmetic,gsm8k_test_0036,cal,retain,R_random,truthfulqa
pairs_arith_v2.csv,368,arithmetic,gsm8k_test_0041,cal,remove,C0_exact,gsm8k_copy
pairs_arith_v2.csv,369,arithmetic,gsm8k_test_0041,cal,remove,C1_transformed,lmsys_rephrase
pairs_arith_v2.csv,370,arithmetic,gsm8k_test_0041,cal,remove,C2_answer_bearing,gsm8k_solution_frag
pairs_arith_v2.csv,371,arithmetic,gsm8k_test_0041,cal,retain,H2_same_template,gsmplus_numerical_substitution
pairs_arith_v2.csv,372,arithmetic,gsm8k_test_0041,cal,remove,C1_transformed,gsmplus_problem_understanding
pairs_arith_v2.csv,373,arithmetic,gsm8k_test_0041,cal,retain,H2_same_template,gsmplus_critical_thinking
pairs_arith_v2.csv,374,arithmetic,gsm8k_test_0041,cal,retain,H1_same_topic,svamp
pairs_arith_v2.csv,375,arithmetic,gsm8k_test_0041,cal,retain,H3_predating,asdiv
pairs_arith_v2.csv,376,arithmetic,gsm8k_test_0041,cal,retain,R_random,truthfulqa
pairs_arith_v2.csv,377,arithmetic,gsm8k_test_0042,cal,remove,C0_exact,gsm8k_copy
pairs_arith_v2.csv,378,arithmetic,gsm8k_test_0042,cal,remove,C1_transformed,lmsys_rephrase
pairs_arith_v2.csv,379,arithmetic,gsm8k_test_0042,cal,remove,C2_answer_bearing,gsm8k_solution_frag
pairs_arith_v2.csv,380,arithmetic,gsm8k_test_0042,cal,retain,H2_same_template,gsmplus_numerical_substitution
pairs_arith_v2.csv,381,arithmetic,gsm8k_test_0042,cal,remove,C1_transformed,gsmplus_problem_understanding
pairs_arith_v2.csv,382,arithmetic,gsm8k_test_0042,cal,retain,H2_same_template,gsmplus_critical_thinking
pairs_arith_v2.csv,383,arithmetic,gsm8k_test_0042,cal,retain,H1_same_topic,svamp
pairs_arith_v2.csv,384,arithmetic,gsm8k_test_0042,cal,retain,H3_predating,asdiv
pairs_arith_v2.csv,385,arithmetic,gsm8k_test_0042,cal,retain,R_random,truthfulqa
pairs_arith_v2.csv,395,arithmetic,gsm8k_test_0044,cal,remove,C0_exact,gsm8k_copy
pairs_arith_v2.csv,396,arithmetic,gsm8k_test_0044,cal,remove,C1_transformed,lmsys_rephrase
pairs_arith_v2.csv,397,arithmetic,gsm8k_test_0044,cal,remove,C2_answer_bearing,gsm8k_solution_frag
pairs_arith_v2.csv,398,arithmetic,gsm8k_test_0044,cal,retain,H2_same_template,gsmplus_numerical_substitution
pairs_arith_v2.csv,399,arithmetic,gsm8k_test_0044,cal,remove,C1_transformed,gsmplus_problem_understanding
pairs_arith_v2.csv,400,arithmetic,gsm8k_test_0044,cal,retain,H2_same_template,gsmplus_critical_thinking
pairs_arith_v2.csv,401,arithmetic,gsm8k_test_0044,cal,retain,H1_same_topic,svamp
pairs_arith_v2.csv,402,arithmetic,gsm8k_test_0044,cal,retain,H3_predating,asdiv
pairs_arith_v2.csv,403,arithmetic,gsm8k_test_0044,cal,retain,R_random,truthfulqa
pairs_arith_v2.csv,422,arithmetic,gsm8k_test_0047,cal,remove,C0_exact,gsm8k_copy
pairs_arith_v2.csv,423,arithmetic,gsm8k_test_0047,cal,remove,C1_transformed,lmsys_rephrase
pairs_arith_v2.csv,424,arithmetic,gsm8k_test_0047,cal,remove,C2_answer_bearing,gsm8k_solution_frag
pairs_arith_v2.csv,425,arithmetic,gsm8k_test_0047,cal,retain,H2_same_template,gsmplus_numerical_substitution
pairs_arith_v2.csv,426,arithmetic,gsm8k_test_0047,cal,remove,C1_transformed,gsmplus_problem_understanding
pairs_arith_v2.csv,427,arithmetic,gsm8k_test_0047,cal,retain,H2_same_template,gsmplus_critical_thinking
pairs_arith_v2.csv,428,arithmetic,gsm8k_test_0047,cal,retain,H1_same_topic,svamp
pairs_arith_v2.csv,429,arithmetic,gsm8k_test_0047,cal,retain,H3_predating,asdiv
pairs_arith_v2.csv,430,arithmetic,gsm8k_test_0047,cal,retain,R_random,truthfulqa
pairs_arith_v2.csv,440,arithmetic,gsm8k_test_0049,cal,remove,C0_exact,gsm8k_copy
pairs_arith_v2.csv,441,arithmetic,gsm8k_test_0049,cal,remove,C1_transformed,lmsys_rephrase
pairs_arith_v2.csv,442,arithmetic,gsm8k_test_0049,cal,remove,C2_answer_bearing,gsm8k_solution_frag
pairs_arith_v2.csv,443,arithmetic,gsm8k_test_0049,cal,retain,H2_same_template,gsmplus_numerical_substitution
pairs_arith_v2.csv,444,arithmetic,gsm8k_test_0049,cal,remove,C1_transformed,gsmplus_problem_understanding
pairs_arith_v2.csv,445,arithmetic,gsm8k_test_0049,cal,retain,H2_same_template,gsmplus_critical_thinking
pairs_arith_v2.csv,446,arithmetic,gsm8k_test_0049,cal,retain,H1_same_topic,svamp
pairs_arith_v2.csv,447,arithmetic,gsm8k_test_0049,cal,retain,H3_predating,asdiv
pairs_arith_v2.csv,448,arithmetic,gsm8k_test_0049,cal,retain,R_random,truthfulqa
pairs_arith_v2.csv,449,arithmetic,gsm8k_test_0050,cal,remove,C0_exact,gsm8k_copy
pairs_arith_v2.csv,450,arithmetic,gsm8k_test_0050,cal,remove,C1_transformed,lmsys_rephrase
pairs_arith_v2.csv,451,arithmetic,gsm8k_test_0050,cal,remove,C2_answer_bearing,gsm8k_solution_frag
pairs_arith_v2.csv,452,arithmetic,gsm8k_test_0050,cal,retain,H2_same_template,gsmplus_numerical_substitution
pairs_arith_v2.csv,453,arithmetic,gsm8k_test_0050,cal,remove,C1_transformed,gsmplus_problem_understanding
pairs_arith_v2.csv,454,arithmetic,gsm8k_test_0050,cal,retain,H2_same_template,gsmplus_critical_thinking
pairs_arith_v2.csv,455,arithmetic,gsm8k_test_0050,cal,retain,H1_same_topic,svamp
pairs_arith_v2.csv,456,arithmetic,gsm8k_test_0050,cal,retain,H3_predating,asdiv
pairs_arith_v2.csv,457,arithmetic,gsm8k_test_0050,cal,retain,R_random,truthfulqa
pairs_arith_v2.csv,502,arithmetic,gsm8k_test_0056,cal,remove,C0_exact,gsm8k_copy
pairs_arith_v2.csv,503,arithmetic,gsm8k_test_0056,cal,remove,C1_transformed,lmsys_rephrase
pairs_arith_v2.csv,504,arithmetic,gsm8k_test_0056,cal,remove,C2_answer_bearing,gsm8k_solution_frag
pairs_arith_v2.csv,505,arithmetic,gsm8k_test_0056,cal,remove,C1_transformed,gsmplus_problem_understanding
pairs_arith_v2.csv,506,arithmetic,gsm8k_test_0056,cal,retain,H2_same_template,gsmplus_critical_thinking
pairs_arith_v2.csv,507,arithmetic,gsm8k_test_0056,cal,retain,H1_same_topic,svamp
pairs_arith_v2.csv,508,arithmetic,gsm8k_test_0056,cal,retain,H3_predating,asdiv
pairs_arith_v2.csv,509,arithmetic,gsm8k_test_0056,cal,retain,R_random,truthfulqa
pairs_arith_v2.csv,600,arithmetic,gsm8k_test_0067,cal,remove,C0_exact,gsm8k_copy
pairs_arith_v2.csv,601,arithmetic,gsm8k_test_0067,cal,remove,C1_transformed,lmsys_rephrase
pairs_arith_v2.csv,602,arithmetic,gsm8k_test_0067,cal,remove,C2_answer_bearing,gsm8k_solution_frag
pairs_arith_v2.csv,603,arithmetic,gsm8k_test_0067,cal,retain,H2_same_template,gsmplus_numerical_substitution
pairs_arith_v2.csv,604,arithmetic,gsm8k_test_0067,cal,remove,C1_transformed,gsmplus_problem_understanding
pairs_arith_v2.csv,605,arithmetic,gsm8k_test_0067,cal,retain,H2_same_template,gsmplus_critical_thinking
pairs_arith_v2.csv,606,arithmetic,gsm8k_test_0067,cal,retain,H1_same_topic,svamp
pairs_arith_v2.csv,607,arithmetic,gsm8k_test_0067,cal,retain,H3_predating,asdiv
pairs_arith_v2.csv,608,arithmetic,gsm8k_test_0067,cal,retain,R_random,truthfulqa
pairs_arith_v2.csv,609,arithmetic,gsm8k_test_0068,cal,remove,C0_exact,gsm8k_copy
pairs_arith_v2.csv,610,arithmetic,gsm8k_test_0068,cal,remove,C1_transformed,lmsys_rephrase
pairs_arith_v2.csv,611,arithmetic,gsm8k_test_0068,cal,remove,C2_answer_bearing,gsm8k_solution_frag
pairs_arith_v2.csv,612,arithmetic,gsm8k_test_0068,cal,retain,H2_same_template,gsmplus_numerical_substitution
pairs_arith_v2.csv,613,arithmetic,gsm8k_test_0068,cal,remove,C1_transformed,gsmplus_problem_understanding
pairs_arith_v2.csv,614,arithmetic,gsm8k_test_0068,cal,retain,H2_same_template,gsmplus_critical_thinking
pairs_arith_v2.csv,615,arithmetic,gsm8k_test_0068,cal,retain,H1_same_topic,svamp
pairs_arith_v2.csv,616,arithmetic,gsm8k_test_0068,cal,retain,H3_predating,asdiv
pairs_arith_v2.csv,617,arithmetic,gsm8k_test_0068,cal,retain,R_random,truthfulqa
pairs_arith_v2.csv,627,arithmetic,gsm8k_test_0070,cal,remove,C0_exact,gsm8k_copy
pairs_arith_v2.csv,628,arithmetic,gsm8k_test_0070,cal,remove,C1_transformed,lmsys_rephrase
pairs_arith_v2.csv,629,arithmetic,gsm8k_test_0070,cal,remove,C2_answer_bearing,gsm8k_solution_frag
pairs_arith_v2.csv,630,arithmetic,gsm8k_test_0070,cal,retain,H2_same_template,gsmplus_numerical_substitution
pairs_arith_v2.csv,631,arithmetic,gsm8k_test_0070,cal,remove,C1_transformed,gsmplus_problem_understanding
pairs_arith_v2.csv,632,arithmetic,gsm8k_test_0070,cal,retain,H2_same_template,gsmplus_critical_thinking
pairs_arith_v2.csv,633,arithmetic,gsm8k_test_0070,cal,retain,H1_same_topic,svamp
pairs_arith_v2.csv,634,arithmetic,gsm8k_test_0070,cal,retain,H3_predating,asdiv
pairs_arith_v2.csv,635,arithmetic,gsm8k_test_0070,cal,retain,R_random,truthfulqa
pairs_arith_v2.csv,681,arithmetic,gsm8k_test_0076,cal,remove,C0_exact,gsm8k_copy
pairs_arith_v2.csv,682,arithmetic,gsm8k_test_0076,cal,remove,C1_transformed,lmsys_rephrase
pairs_arith_v2.csv,683,arithmetic,gsm8k_test_0076,cal,remove,C2_answer_bearing,gsm8k_solution_frag
pairs_arith_v2.csv,684,arithmetic,gsm8k_test_0076,cal,retain,H2_same_template,gsmplus_numerical_substitution
pairs_arith_v2.csv,685,arithmetic,gsm8k_test_0076,cal,remove,C1_transformed,gsmplus_problem_understanding
pairs_arith_v2.csv,686,arithmetic,gsm8k_test_0076,cal,retain,H2_same_template,gsmplus_critical_thinking
pairs_arith_v2.csv,687,arithmetic,gsm8k_test_0076,cal,retain,H1_same_topic,svamp
pairs_arith_v2.csv,688,arithmetic,gsm8k_test_0076,cal,retain,H3_predating,asdiv
pairs_arith_v2.csv,689,arithmetic,gsm8k_test_0076,cal,retain,R_random,truthfulqa
pairs_arith_v2.csv,699,arithmetic,gsm8k_test_0078,cal,remove,C0_exact,gsm8k_copy
pairs_arith_v2.csv,700,arithmetic,gsm8k_test_0078,cal,remove,C1_transformed,lmsys_rephrase
pairs_arith_v2.csv,701,arithmetic,gsm8k_test_0078,cal,remove,C2_answer_bearing,gsm8k_solution_frag
pairs_arith_v2.csv,702,arithmetic,gsm8k_test_0078,cal,retain,H2_same_template,gsmplus_numerical_substitution
pairs_arith_v2.csv,703,arithmetic,gsm8k_test_0078,cal,remove,C1_transformed,gsmplus_problem_understanding
pairs_arith_v2.csv,704,arithmetic,gsm8k_test_0078,cal,retain,H2_same_template,gsmplus_critical_thinking
pairs_arith_v2.csv,705,arithmetic,gsm8k_test_0078,cal,retain,H1_same_topic,svamp
pairs_arith_v2.csv,706,arithmetic,gsm8k_test_0078,cal,retain,H3_predating,asdiv
pairs_arith_v2.csv,707,arithmetic,gsm8k_test_0078,cal,retain,R_random,truthfulqa
pairs_arith_v2.csv,744,arithmetic,gsm8k_test_0083,cal,remove,C0_exact,gsm8k_copy
pairs_arith_v2.csv,745,arithmetic,gsm8k_test_0083,cal,remove,C1_transformed,lmsys_rephrase
pairs_arith_v2.csv,746,arithmetic,gsm8k_test_0083,cal,remove,C2_answer_bearing,gsm8k_solution_frag
pairs_arith_v2.csv,747,arithmetic,gsm8k_test_0083,cal,retain,H2_same_template,gsmplus_numerical_substitution
pairs_arith_v2.csv,748,arithmetic,gsm8k_test_0083,cal,remove,C1_transformed,gsmplus_problem_understanding
pairs_arith_v2.csv,749,arithmetic,gsm8k_test_0083,cal,retain,H2_same_template,gsmplus_critical_thinking
pairs_arith_v2.csv,750,arithmetic,gsm8k_test_0083,cal,retain,H1_same_topic,svamp
pairs_arith_v2.csv,751,arithmetic,gsm8k_test_0083,cal,retain,H3_predating,asdiv
pairs_arith_v2.csv,752,arithmetic,gsm8k_test_0083,cal,retain,R_random,truthfulqa
pairs_arith_v2.csv,753,arithmetic,gsm8k_test_0084,cal,remove,C0_exact,gsm8k_copy
pairs_arith_v2.csv,754,arithmetic,gsm8k_test_0084,cal,remove,C1_transformed,lmsys_rephrase
pairs_arith_v2.csv,755,arithmetic,gsm8k_test_0084,cal,remove,C2_answer_bearing,gsm8k_solution_frag
pairs_arith_v2.csv,756,arithmetic,gsm8k_test_0084,cal,retain,H2_same_template,gsmplus_numerical_substitution
pairs_arith_v2.csv,757,arithmetic,gsm8k_test_0084,cal,remove,C1_transformed,gsmplus_problem_understanding
pairs_arith_v2.csv,758,arithmetic,gsm8k_test_0084,cal,retain,H2_same_template,gsmplus_critical_thinking
pairs_arith_v2.csv,759,arithmetic,gsm8k_test_0084,cal,retain,H1_same_topic,svamp
pairs_arith_v2.csv,760,arithmetic,gsm8k_test_0084,cal,retain,H3_predating,asdiv
pairs_arith_v2.csv,761,arithmetic,gsm8k_test_0084,cal,retain,R_random,truthfulqa
pairs_arith_v2.csv,771,arithmetic,gsm8k_test_0086,cal,remove,C0_exact,gsm8k_copy
pairs_arith_v2.csv,772,arithmetic,gsm8k_test_0086,cal,remove,C1_transformed,lmsys_rephrase
pairs_arith_v2.csv,773,arithmetic,gsm8k_test_0086,cal,remove,C2_answer_bearing,gsm8k_solution_frag
pairs_arith_v2.csv,774,arithmetic,gsm8k_test_0086,cal,retain,H2_same_template,gsmplus_numerical_substitution
pairs_arith_v2.csv,775,arithmetic,gsm8k_test_0086,cal,remove,C1_transformed,gsmplus_problem_understanding
pairs_arith_v2.csv,776,arithmetic,gsm8k_test_0086,cal,retain,H2_same_template,gsmplus_critical_thinking
pairs_arith_v2.csv,777,arithmetic,gsm8k_test_0086,cal,retain,H1_same_topic,svamp
pairs_arith_v2.csv,778,arithmetic,gsm8k_test_0086,cal,retain,H3_predating,asdiv
pairs_arith_v2.csv,779,arithmetic,gsm8k_test_0086,cal,retain,R_random,truthfulqa
pairs_arith_v2.csv,834,arithmetic,gsm8k_test_0093,cal,remove,C0_exact,gsm8k_copy
pairs_arith_v2.csv,835,arithmetic,gsm8k_test_0093,cal,remove,C1_transformed,lmsys_rephrase
pairs_arith_v2.csv,836,arithmetic,gsm8k_test_0093,cal,remove,C2_answer_bearing,gsm8k_solution_frag
pairs_arith_v2.csv,837,arithmetic,gsm8k_test_0093,cal,retain,H2_same_template,gsmplus_numerical_substitution
pairs_arith_v2.csv,838,arithmetic,gsm8k_test_0093,cal,remove,C1_transformed,gsmplus_problem_understanding
pairs_arith_v2.csv,839,arithmetic,gsm8k_test_0093,cal,retain,H2_same_template,gsmplus_critical_thinking
pairs_arith_v2.csv,840,arithmetic,gsm8k_test_0093,cal,retain,H1_same_topic,svamp
pairs_arith_v2.csv,841,arithmetic,gsm8k_test_0093,cal,retain,H3_predating,asdiv
pairs_arith_v2.csv,842,arithmetic,gsm8k_test_0093,cal,retain,R_random,truthfulqa
pairs_arith_v2.csv,852,arithmetic,gsm8k_test_0095,cal,remove,C0_exact,gsm8k_copy
pairs_arith_v2.csv,853,arithmetic,gsm8k_test_0095,cal,remove,C1_transformed,lmsys_rephrase
pairs_arith_v2.csv,854,arithmetic,gsm8k_test_0095,cal,remove,C2_answer_bearing,gsm8k_solution_frag
pairs_arith_v2.csv,855,arithmetic,gsm8k_test_0095,cal,retain,H2_same_template,gsmplus_numerical_substitution
pairs_arith_v2.csv,856,arithmetic,gsm8k_test_0095,cal,remove,C1_transformed,gsmplus_problem_understanding
pairs_arith_v2.csv,857,arithmetic,gsm8k_test_0095,cal,retain,H2_same_template,gsmplus_critical_thinking
pairs_arith_v2.csv,858,arithmetic,gsm8k_test_0095,cal,retain,H1_same_topic,svamp
pairs_arith_v2.csv,859,arithmetic,gsm8k_test_0095,cal,retain,H3_predating,asdiv
pairs_arith_v2.csv,860,arithmetic,gsm8k_test_0095,cal,retain,R_random,truthfulqa
pairs_arith_v2.csv,932,arithmetic,gsm8k_test_0104,cal,remove,C0_exact,gsm8k_copy
pairs_arith_v2.csv,933,arithmetic,gsm8k_test_0104,cal,remove,C1_transformed,lmsys_rephrase
pairs_arith_v2.csv,934,arithmetic,gsm8k_test_0104,cal,remove,C2_answer_bearing,gsm8k_solution_frag
pairs_arith_v2.csv,935,arithmetic,gsm8k_test_0104,cal,retain,H2_same_template,gsmplus_numerical_substitution
pairs_arith_v2.csv,936,arithmetic,gsm8k_test_0104,cal,remove,C1_transformed,gsmplus_problem_understanding
pairs_arith_v2.csv,937,arithmetic,gsm8k_test_0104,cal,retain,H2_same_template,gsmplus_critical_thinking
pairs_arith_v2.csv,938,arithmetic,gsm8k_test_0104,cal,retain,H1_same_topic,svamp
pairs_arith_v2.csv,939,arithmetic,gsm8k_test_0104,cal,retain,H3_predating,asdiv
pairs_arith_v2.csv,940,arithmetic,gsm8k_test_0104,cal,retain,R_random,truthfulqa
pairs_arith_v2.csv,941,arithmetic,gsm8k_test_0105,cal,remove,C0_exact,gsm8k_copy
pairs_arith_v2.csv,942,arithmetic,gsm8k_test_0105,cal,remove,C1_transformed,lmsys_rephrase
pairs_arith_v2.csv,943,arithmetic,gsm8k_test_0105,cal,remove,C2_answer_bearing,gsm8k_solution_frag
pairs_arith_v2.csv,944,arithmetic,gsm8k_test_0105,cal,retain,H2_same_template,gsmplus_numerical_substitution
pairs_arith_v2.csv,945,arithmetic,gsm8k_test_0105,cal,remove,C1_transformed,gsmplus_problem_understanding
pairs_arith_v2.csv,946,arithmetic,gsm8k_test_0105,cal,retain,H2_same_template,gsmplus_critical_thinking
pairs_arith_v2.csv,947,arithmetic,gsm8k_test_0105,cal,retain,H1_same_topic,svamp
pairs_arith_v2.csv,948,arithmetic,gsm8k_test_0105,cal,retain,H3_predating,asdiv
pairs_arith_v2.csv,949,arithmetic,gsm8k_test_0105,cal,retain,R_random,truthfulqa
pairs_arith_v2.csv,995,arithmetic,gsm8k_test_0111,cal,remove,C0_exact,gsm8k_copy
pairs_arith_v2.csv,996,arithmetic,gsm8k_test_0111,cal,remove,C1_transformed,lmsys_rephrase
pairs_arith_v2.csv,997,arithmetic,gsm8k_test_0111,cal,remove,C2_answer_bearing,gsm8k_solution_frag
pairs_arith_v2.csv,998,arithmetic,gsm8k_test_0111,cal,retain,H2_same_template,gsmplus_numerical_substitution
pairs_arith_v2.csv,999,arithmetic,gsm8k_test_0111,cal,remove,C1_transformed,gsmplus_problem_understanding
pairs_arith_v2.csv,1000,arithmetic,gsm8k_test_0111,cal,retain,H2_same_template,gsmplus_critical_thinking
pairs_arith_v2.csv,1001,arithmetic,gsm8k_test_0111,cal,retain,H1_same_topic,svamp
pairs_arith_v2.csv,1002,arithmetic,gsm8k_test_0111,cal,retain,H3_predating,asdiv
pairs_arith_v2.csv,1003,arithmetic,gsm8k_test_0111,cal,retain,R_random,truthfulqa
pairs_arith_v2.csv,1031,arithmetic,gsm8k_test_0115,cal,remove,C0_exact,gsm8k_copy
pairs_arith_v2.csv,1032,arithmetic,gsm8k_test_0115,cal,remove,C1_transformed,lmsys_rephrase
pairs_arith_v2.csv,1033,arithmetic,gsm8k_test_0115,cal,remove,C2_answer_bearing,gsm8k_solution_frag
pairs_arith_v2.csv,1034,arithmetic,gsm8k_test_0115,cal,retain,H2_same_template,gsmplus_numerical_substitution
pairs_arith_v2.csv,1035,arithmetic,gsm8k_test_0115,cal,remove,C1_transformed,gsmplus_problem_understanding
pairs_arith_v2.csv,1036,arithmetic,gsm8k_test_0115,cal,retain,H2_same_template,gsmplus_critical_thinking
pairs_arith_v2.csv,1037,arithmetic,gsm8k_test_0115,cal,retain,H1_same_topic,svamp
pairs_arith_v2.csv,1038,arithmetic,gsm8k_test_0115,cal,retain,H3_predating,asdiv
pairs_arith_v2.csv,1039,arithmetic,gsm8k_test_0115,cal,retain,R_random,truthfulqa
pairs_arith_v2.csv,1058,arithmetic,gsm8k_test_0118,cal,remove,C0_exact,gsm8k_copy
pairs_arith_v2.csv,1059,arithmetic,gsm8k_test_0118,cal,remove,C1_transformed,lmsys_rephrase
pairs_arith_v2.csv,1060,arithmetic,gsm8k_test_0118,cal,remove,C2_answer_bearing,gsm8k_solution_frag
pairs_arith_v2.csv,1061,arithmetic,gsm8k_test_0118,cal,retain,H2_same_template,gsmplus_numerical_substitution
pairs_arith_v2.csv,1062,arithmetic,gsm8k_test_0118,cal,remove,C1_transformed,gsmplus_problem_understanding
pairs_arith_v2.csv,1063,arithmetic,gsm8k_test_0118,cal,retain,H2_same_template,gsmplus_critical_thinking
pairs_arith_v2.csv,1064,arithmetic,gsm8k_test_0118,cal,retain,H1_same_topic,svamp
pairs_arith_v2.csv,1065,arithmetic,gsm8k_test_0118,cal,retain,H3_predating,asdiv
pairs_arith_v2.csv,1066,arithmetic,gsm8k_test_0118,cal,retain,R_random,truthfulqa
pairs_arith_v2.csv,1067,arithmetic,gsm8k_test_0119,cal,remove,C0_exact,gsm8k_copy
pairs_arith_v2.csv,1068,arithmetic,gsm8k_test_0119,cal,remove,C1_transformed,lmsys_rephrase
pairs_arith_v2.csv,1069,arithmetic,gsm8k_test_0119,cal,remove,C2_answer_bearing,gsm8k_solution_frag
pairs_arith_v2.csv,1070,arithmetic,gsm8k_test_0119,cal,retain,H2_same_template,gsmplus_numerical_substitution
pairs_arith_v2.csv,1071,arithmetic,gsm8k_test_0119,cal,remove,C1_transformed,gsmplus_problem_understanding
pairs_arith_v2.csv,1072,arithmetic,gsm8k_test_0119,cal,retain,H2_same_template,gsmplus_critical_thinking
pairs_arith_v2.csv,1073,arithmetic,gsm8k_test_0119,cal,retain,H1_same_topic,svamp
pairs_arith_v2.csv,1074,arithmetic,gsm8k_test_0119,cal,retain,H3_predating,asdiv
pairs_arith_v2.csv,1075,arithmetic,gsm8k_test_0119,cal,retain,R_random,truthfulqa
pairs_arith_v2.csv,1076,arithmetic,gsm8k_test_0120,cal,remove,C0_exact,gsm8k_copy
pairs_arith_v2.csv,1077,arithmetic,gsm8k_test_0120,cal,remove,C1_transformed,lmsys_rephrase
pairs_arith_v2.csv,1078,arithmetic,gsm8k_test_0120,cal,remove,C2_answer_bearing,gsm8k_solution_frag
pairs_arith_v2.csv,1079,arithmetic,gsm8k_test_0120,cal,retain,H2_same_template,gsmplus_numerical_substitution
pairs_arith_v2.csv,1080,arithmetic,gsm8k_test_0120,cal,remove,C1_transformed,gsmplus_problem_understanding
pairs_arith_v2.csv,1081,arithmetic,gsm8k_test_0120,cal,retain,H2_same_template,gsmplus_critical_thinking
pairs_arith_v2.csv,1082,arithmetic,gsm8k_test_0120,cal,retain,H1_same_topic,svamp
pairs_arith_v2.csv,1083,arithmetic,gsm8k_test_0120,cal,retain,H3_predating,asdiv
pairs_arith_v2.csv,1084,arithmetic,gsm8k_test_0120,cal,retain,R_random,truthfulqa
pairs_arith_v2.csv,1112,arithmetic,gsm8k_test_0124,cal,remove,C0_exact,gsm8k_copy
pairs_arith_v2.csv,1113,arithmetic,gsm8k_test_0124,cal,remove,C1_transformed,lmsys_rephrase
pairs_arith_v2.csv,1114,arithmetic,gsm8k_test_0124,cal,remove,C2_answer_bearing,gsm8k_solution_frag
pairs_arith_v2.csv,1115,arithmetic,gsm8k_test_0124,cal,remove,C1_transformed,gsmplus_problem_understanding
pairs_arith_v2.csv,1116,arithmetic,gsm8k_test_0124,cal,retain,H2_same_template,gsmplus_critical_thinking
pairs_arith_v2.csv,1117,arithmetic,gsm8k_test_0124,cal,retain,H1_same_topic,svamp
pairs_arith_v2.csv,1118,arithmetic,gsm8k_test_0124,cal,retain,H3_predating,asdiv
pairs_arith_v2.csv,1119,arithmetic,gsm8k_test_0124,cal,retain,R_random,truthfulqa
pairs_arith_v2.csv,1165,arithmetic,gsm8k_test_0130,cal,remove,C0_exact,gsm8k_copy
pairs_arith_v2.csv,1166,arithmetic,gsm8k_test_0130,cal,remove,C1_transformed,lmsys_rephrase
pairs_arith_v2.csv,1167,arithmetic,gsm8k_test_0130,cal,remove,C2_answer_bearing,gsm8k_solution_frag
pairs_arith_v2.csv,1168,arithmetic,gsm8k_test_0130,cal,retain,H2_same_template,gsmplus_numerical_substitution
pairs_arith_v2.csv,1169,arithmetic,gsm8k_test_0130,cal,remove,C1_transformed,gsmplus_problem_understanding
pairs_arith_v2.csv,1170,arithmetic,gsm8k_test_0130,cal,retain,H2_same_template,gsmplus_critical_thinking
pairs_arith_v2.csv,1171,arithmetic,gsm8k_test_0130,cal,retain,H1_same_topic,svamp
pairs_arith_v2.csv,1172,arithmetic,gsm8k_test_0130,cal,retain,H3_predating,asdiv
pairs_arith_v2.csv,1173,arithmetic,gsm8k_test_0130,cal,retain,R_random,truthfulqa
pairs_arith_v2.csv,1200,arithmetic,gsm8k_test_0134,cal,remove,C0_exact,gsm8k_copy
pairs_arith_v2.csv,1201,arithmetic,gsm8k_test_0134,cal,remove,C1_transformed,lmsys_rephrase
pairs_arith_v2.csv,1202,arithmetic,gsm8k_test_0134,cal,remove,C2_answer_bearing,gsm8k_solution_frag
pairs_arith_v2.csv,1203,arithmetic,gsm8k_test_0134,cal,remove,C1_transformed,gsmplus_problem_understanding
pairs_arith_v2.csv,1204,arithmetic,gsm8k_test_0134,cal,retain,H2_same_template,gsmplus_critical_thinking
pairs_arith_v2.csv,1205,arithmetic,gsm8k_test_0134,cal,retain,H1_same_topic,svamp
pairs_arith_v2.csv,1206,arithmetic,gsm8k_test_0134,cal,retain,H3_predating,asdiv
pairs_arith_v2.csv,1207,arithmetic,gsm8k_test_0134,cal,retain,R_random,truthfulqa
pairs_arith_v2.csv,1208,arithmetic,gsm8k_test_0135,cal,remove,C0_exact,gsm8k_copy
pairs_arith_v2.csv,1209,arithmetic,gsm8k_test_0135,cal,remove,C1_transformed,lmsys_rephrase
pairs_arith_v2.csv,1210,arithmetic,gsm8k_test_0135,cal,remove,C2_answer_bearing,gsm8k_solution_frag
pairs_arith_v2.csv,1211,arithmetic,gsm8k_test_0135,cal,retain,H2_same_template,gsmplus_numerical_substitution
pairs_arith_v2.csv,1212,arithmetic,gsm8k_test_0135,cal,remove,C1_transformed,gsmplus_problem_understanding
pairs_arith_v2.csv,1213,arithmetic,gsm8k_test_0135,cal,retain,H2_same_template,gsmplus_critical_thinking
pairs_arith_v2.csv,1214,arithmetic,gsm8k_test_0135,cal,retain,H1_same_topic,svamp
pairs_arith_v2.csv,1215,arithmetic,gsm8k_test_0135,cal,retain,H3_predating,asdiv
pairs_arith_v2.csv,1216,arithmetic,gsm8k_test_0135,cal,retain,R_random,truthfulqa
pairs_arith_v2.csv,1234,arithmetic,gsm8k_test_0138,cal,remove,C0_exact,gsm8k_copy
pairs_arith_v2.csv,1235,arithmetic,gsm8k_test_0138,cal,remove,C1_transformed,lmsys_rephrase
pairs_arith_v2.csv,1236,arithmetic,gsm8k_test_0138,cal,remove,C2_answer_bearing,gsm8k_solution_frag
pairs_arith_v2.csv,1237,arithmetic,gsm8k_test_0138,cal,retain,H2_same_template,gsmplus_numerical_substitution
pairs_arith_v2.csv,1238,arithmetic,gsm8k_test_0138,cal,remove,C1_transformed,gsmplus_problem_understanding
pairs_arith_v2.csv,1239,arithmetic,gsm8k_test_0138,cal,retain,H2_same_template,gsmplus_critical_thinking
pairs_arith_v2.csv,1240,arithmetic,gsm8k_test_0138,cal,retain,H1_same_topic,svamp
pairs_arith_v2.csv,1241,arithmetic,gsm8k_test_0138,cal,retain,H3_predating,asdiv
pairs_arith_v2.csv,1242,arithmetic,gsm8k_test_0138,cal,retain,R_random,truthfulqa
pairs_arith_v2.csv,1243,arithmetic,gsm8k_test_0139,cal,remove,C0_exact,gsm8k_copy
pairs_arith_v2.csv,1244,arithmetic,gsm8k_test_0139,cal,remove,C1_transformed,lmsys_rephrase
pairs_arith_v2.csv,1245,arithmetic,gsm8k_test_0139,cal,remove,C2_answer_bearing,gsm8k_solution_frag
pairs_arith_v2.csv,1246,arithmetic,gsm8k_test_0139,cal,retain,H2_same_template,gsmplus_numerical_substitution
pairs_arith_v2.csv,1247,arithmetic,gsm8k_test_0139,cal,remove,C1_transformed,gsmplus_problem_understanding
pairs_arith_v2.csv,1248,arithmetic,gsm8k_test_0139,cal,retain,H2_same_template,gsmplus_critical_thinking
pairs_arith_v2.csv,1249,arithmetic,gsm8k_test_0139,cal,retain,H1_same_topic,svamp
pairs_arith_v2.csv,1250,arithmetic,gsm8k_test_0139,cal,retain,H3_predating,asdiv
pairs_arith_v2.csv,1251,arithmetic,gsm8k_test_0139,cal,retain,R_random,truthfulqa
pairs_arith_v2.csv,1278,arithmetic,gsm8k_test_0143,cal,remove,C0_exact,gsm8k_copy
pairs_arith_v2.csv,1279,arithmetic,gsm8k_test_0143,cal,remove,C1_transformed,lmsys_rephrase
pairs_arith_v2.csv,1280,arithmetic,gsm8k_test_0143,cal,remove,C2_answer_bearing,gsm8k_solution_frag
pairs_arith_v2.csv,1281,arithmetic,gsm8k_test_0143,cal,retain,H2_same_template,gsmplus_numerical_substitution
pairs_arith_v2.csv,1282,arithmetic,gsm8k_test_0143,cal,remove,C1_transformed,gsmplus_problem_understanding
pairs_arith_v2.csv,1283,arithmetic,gsm8k_test_0143,cal,retain,H2_same_template,gsmplus_critical_thinking
pairs_arith_v2.csv,1284,arithmetic,gsm8k_test_0143,cal,retain,H1_same_topic,svamp
pairs_arith_v2.csv,1285,arithmetic,gsm8k_test_0143,cal,retain,H3_predating,asdiv
pairs_arith_v2.csv,1286,arithmetic,gsm8k_test_0143,cal,retain,R_random,truthfulqa
pairs_arith_v2.csv,1287,arithmetic,gsm8k_test_0144,cal,remove,C0_exact,gsm8k_copy
pairs_arith_v2.csv,1288,arithmetic,gsm8k_test_0144,cal,remove,C1_transformed,lmsys_rephrase
pairs_arith_v2.csv,1289,arithmetic,gsm8k_test_0144,cal,remove,C2_answer_bearing,gsm8k_solution_frag
pairs_arith_v2.csv,1290,arithmetic,gsm8k_test_0144,cal,retain,H2_same_template,gsmplus_numerical_substitution
pairs_arith_v2.csv,1291,arithmetic,gsm8k_test_0144,cal,remove,C1_transformed,gsmplus_problem_understanding
pairs_arith_v2.csv,1292,arithmetic,gsm8k_test_0144,cal,retain,H2_same_template,gsmplus_critical_thinking
pairs_arith_v2.csv,1293,arithmetic,gsm8k_test_0144,cal,retain,H1_same_topic,svamp
pairs_arith_v2.csv,1294,arithmetic,gsm8k_test_0144,cal,retain,H3_predating,asdiv
pairs_arith_v2.csv,1295,arithmetic,gsm8k_test_0144,cal,retain,R_random,truthfulqa
pairs_arith_v2.csv,1430,arithmetic,gsm8k_test_0160,cal,remove,C0_exact,gsm8k_copy
pairs_arith_v2.csv,1431,arithmetic,gsm8k_test_0160,cal,remove,C1_transformed,lmsys_rephrase
pairs_arith_v2.csv,1432,arithmetic,gsm8k_test_0160,cal,remove,C2_answer_bearing,gsm8k_solution_frag
pairs_arith_v2.csv,1433,arithmetic,gsm8k_test_0160,cal,remove,C1_transformed,gsmplus_problem_understanding
pairs_arith_v2.csv,1434,arithmetic,gsm8k_test_0160,cal,retain,H2_same_template,gsmplus_critical_thinking
pairs_arith_v2.csv,1435,arithmetic,gsm8k_test_0160,cal,retain,H1_same_topic,svamp
pairs_arith_v2.csv,1436,arithmetic,gsm8k_test_0160,cal,retain,H3_predating,asdiv
pairs_arith_v2.csv,1437,arithmetic,gsm8k_test_0160,cal,retain,R_random,truthfulqa
pairs_arith_v2.csv,1474,arithmetic,gsm8k_test_0165,cal,remove,C0_exact,gsm8k_copy
pairs_arith_v2.csv,1475,arithmetic,gsm8k_test_0165,cal,remove,C1_transformed,lmsys_rephrase
pairs_arith_v2.csv,1476,arithmetic,gsm8k_test_0165,cal,remove,C2_answer_bearing,gsm8k_solution_frag
pairs_arith_v2.csv,1477,arithmetic,gsm8k_test_0165,cal,retain,H2_same_template,gsmplus_numerical_substitution
pairs_arith_v2.csv,1478,arithmetic,gsm8k_test_0165,cal,remove,C1_transformed,gsmplus_problem_understanding
pairs_arith_v2.csv,1479,arithmetic,gsm8k_test_0165,cal,retain,H2_same_template,gsmplus_critical_thinking
pairs_arith_v2.csv,1480,arithmetic,gsm8k_test_0165,cal,retain,H1_same_topic,svamp
pairs_arith_v2.csv,1481,arithmetic,gsm8k_test_0165,cal,retain,H3_predating,asdiv
pairs_arith_v2.csv,1482,arithmetic,gsm8k_test_0165,cal,retain,R_random,truthfulqa
pairs_arith_v2.csv,1483,arithmetic,gsm8k_test_0166,cal,remove,C0_exact,gsm8k_copy
pairs_arith_v2.csv,1484,arithmetic,gsm8k_test_0166,cal,remove,C1_transformed,lmsys_rephrase
pairs_arith_v2.csv,1485,arithmetic,gsm8k_test_0166,cal,remove,C2_answer_bearing,gsm8k_solution_frag
pairs_arith_v2.csv,1486,arithmetic,gsm8k_test_0166,cal,remove,C1_transformed,gsmplus_problem_understanding
pairs_arith_v2.csv,1487,arithmetic,gsm8k_test_0166,cal,retain,H2_same_template,gsmplus_critical_thinking
pairs_arith_v2.csv,1488,arithmetic,gsm8k_test_0166,cal,retain,H1_same_topic,svamp
pairs_arith_v2.csv,1489,arithmetic,gsm8k_test_0166,cal,retain,H3_predating,asdiv
pairs_arith_v2.csv,1490,arithmetic,gsm8k_test_0166,cal,retain,R_random,truthfulqa
pairs_arith_v2.csv,1509,arithmetic,gsm8k_test_0169,cal,remove,C0_exact,gsm8k_copy
pairs_arith_v2.csv,1510,arithmetic,gsm8k_test_0169,cal,remove,C1_transformed,lmsys_rephrase
pairs_arith_v2.csv,1511,arithmetic,gsm8k_test_0169,cal,remove,C2_answer_bearing,gsm8k_solution_frag
pairs_arith_v2.csv,1512,arithmetic,gsm8k_test_0169,cal,retain,H2_same_template,gsmplus_numerical_substitution
pairs_arith_v2.csv,1513,arithmetic,gsm8k_test_0169,cal,remove,C1_transformed,gsmplus_problem_understanding
pairs_arith_v2.csv,1514,arithmetic,gsm8k_test_0169,cal,retain,H2_same_template,gsmplus_critical_thinking
pairs_arith_v2.csv,1515,arithmetic,gsm8k_test_0169,cal,retain,H1_same_topic,svamp
pairs_arith_v2.csv,1516,arithmetic,gsm8k_test_0169,cal,retain,H3_predating,asdiv
pairs_arith_v2.csv,1517,arithmetic,gsm8k_test_0169,cal,retain,R_random,truthfulqa
pairs_arith_v2.csv,1545,arithmetic,gsm8k_test_0173,cal,remove,C0_exact,gsm8k_copy
pairs_arith_v2.csv,1546,arithmetic,gsm8k_test_0173,cal,remove,C1_transformed,lmsys_rephrase
pairs_arith_v2.csv,1547,arithmetic,gsm8k_test_0173,cal,remove,C2_answer_bearing,gsm8k_solution_frag
pairs_arith_v2.csv,1548,arithmetic,gsm8k_test_0173,cal,retain,H2_same_template,gsmplus_numerical_substitution
pairs_arith_v2.csv,1549,arithmetic,gsm8k_test_0173,cal,remove,C1_transformed,gsmplus_problem_understanding
pairs_arith_v2.csv,1550,arithmetic,gsm8k_test_0173,cal,retain,H2_same_template,gsmplus_critical_thinking
pairs_arith_v2.csv,1551,arithmetic,gsm8k_test_0173,cal,retain,H1_same_topic,svamp
pairs_arith_v2.csv,1552,arithmetic,gsm8k_test_0173,cal,retain,H3_predating,asdiv
pairs_arith_v2.csv,1553,arithmetic,gsm8k_test_0173,cal,retain,R_random,truthfulqa
pairs_arith_v2.csv,1554,arithmetic,gsm8k_test_0174,cal,remove,C0_exact,gsm8k_copy
pairs_arith_v2.csv,1555,arithmetic,gsm8k_test_0174,cal,remove,C1_transformed,lmsys_rephrase
pairs_arith_v2.csv,1556,arithmetic,gsm8k_test_0174,cal,remove,C2_answer_bearing,gsm8k_solution_frag
pairs_arith_v2.csv,1557,arithmetic,gsm8k_test_0174,cal,retain,H2_same_template,gsmplus_numerical_substitution
pairs_arith_v2.csv,1558,arithmetic,gsm8k_test_0174,cal,remove,C1_transformed,gsmplus_problem_understanding
pairs_arith_v2.csv,1559,arithmetic,gsm8k_test_0174,cal,retain,H2_same_template,gsmplus_critical_thinking
pairs_arith_v2.csv,1560,arithmetic,gsm8k_test_0174,cal,retain,H1_same_topic,svamp
pairs_arith_v2.csv,1561,arithmetic,gsm8k_test_0174,cal,retain,H3_predating,asdiv
pairs_arith_v2.csv,1562,arithmetic,gsm8k_test_0174,cal,retain,R_random,truthfulqa
pairs_arith_v2.csv,1563,arithmetic,gsm8k_test_0175,cal,remove,C0_exact,gsm8k_copy
pairs_arith_v2.csv,1564,arithmetic,gsm8k_test_0175,cal,remove,C1_transformed,lmsys_rephrase
pairs_arith_v2.csv,1565,arithmetic,gsm8k_test_0175,cal,remove,C2_answer_bearing,gsm8k_solution_frag
pairs_arith_v2.csv,1566,arithmetic,gsm8k_test_0175,cal,retain,H2_same_template,gsmplus_numerical_substitution
pairs_arith_v2.csv,1567,arithmetic,gsm8k_test_0175,cal,remove,C1_transformed,gsmplus_problem_understanding
pairs_arith_v2.csv,1568,arithmetic,gsm8k_test_0175,cal,retain,H2_same_template,gsmplus_critical_thinking
pairs_arith_v2.csv,1569,arithmetic,gsm8k_test_0175,cal,retain,H1_same_topic,svamp
pairs_arith_v2.csv,1570,arithmetic,gsm8k_test_0175,cal,retain,H3_predating,asdiv
pairs_arith_v2.csv,1571,arithmetic,gsm8k_test_0175,cal,retain,R_random,truthfulqa
pairs_arith_v2.csv,1590,arithmetic,gsm8k_test_0178,cal,remove,C0_exact,gsm8k_copy
pairs_arith_v2.csv,1591,arithmetic,gsm8k_test_0178,cal,remove,C1_transformed,lmsys_rephrase
pairs_arith_v2.csv,1592,arithmetic,gsm8k_test_0178,cal,remove,C2_answer_bearing,gsm8k_solution_frag
pairs_arith_v2.csv,1593,arithmetic,gsm8k_test_0178,cal,retain,H2_same_template,gsmplus_numerical_substitution
pairs_arith_v2.csv,1594,arithmetic,gsm8k_test_0178,cal,remove,C1_transformed,gsmplus_problem_understanding
pairs_arith_v2.csv,1595,arithmetic,gsm8k_test_0178,cal,retain,H2_same_template,gsmplus_critical_thinking
pairs_arith_v2.csv,1596,arithmetic,gsm8k_test_0178,cal,retain,H1_same_topic,svamp
pairs_arith_v2.csv,1597,arithmetic,gsm8k_test_0178,cal,retain,H3_predating,asdiv
pairs_arith_v2.csv,1598,arithmetic,gsm8k_test_0178,cal,retain,R_random,truthfulqa
pairs_arith_v2.csv,1599,arithmetic,gsm8k_test_0179,cal,remove,C0_exact,gsm8k_copy
pairs_arith_v2.csv,1600,arithmetic,gsm8k_test_0179,cal,remove,C1_transformed,lmsys_rephrase
pairs_arith_v2.csv,1601,arithmetic,gsm8k_test_0179,cal,remove,C2_answer_bearing,gsm8k_solution_frag
pairs_arith_v2.csv,1602,arithmetic,gsm8k_test_0179,cal,retain,H2_same_template,gsmplus_numerical_substitution
pairs_arith_v2.csv,1603,arithmetic,gsm8k_test_0179,cal,remove,C1_transformed,gsmplus_problem_understanding
pairs_arith_v2.csv,1604,arithmetic,gsm8k_test_0179,cal,retain,H2_same_template,gsmplus_critical_thinking
pairs_arith_v2.csv,1605,arithmetic,gsm8k_test_0179,cal,retain,H1_same_topic,svamp
pairs_arith_v2.csv,1606,arithmetic,gsm8k_test_0179,cal,retain,H3_predating,asdiv
pairs_arith_v2.csv,1607,arithmetic,gsm8k_test_0179,cal,retain,R_random,truthfulqa
pairs_arith_v2.csv,1608,arithmetic,gsm8k_test_0180,cal,remove,C0_exact,gsm8k_copy
pairs_arith_v2.csv,1609,arithmetic,gsm8k_test_0180,cal,remove,C1_transformed,lmsys_rephrase
pairs_arith_v2.csv,1610,arithmetic,gsm8k_test_0180,cal,remove,C2_answer_bearing,gsm8k_solution_frag
pairs_arith_v2.csv,1611,arithmetic,gsm8k_test_0180,cal,retain,H2_same_template,gsmplus_numerical_substitution
pairs_arith_v2.csv,1612,arithmetic,gsm8k_test_0180,cal,remove,C1_transformed,gsmplus_problem_understanding
pairs_arith_v2.csv,1613,arithmetic,gsm8k_test_0180,cal,retain,H2_same_template,gsmplus_critical_thinking
pairs_arith_v2.csv,1614,arithmetic,gsm8k_test_0180,cal,retain,H1_same_topic,svamp
pairs_arith_v2.csv,1615,arithmetic,gsm8k_test_0180,cal,retain,H3_predating,asdiv
pairs_arith_v2.csv,1616,arithmetic,gsm8k_test_0180,cal,retain,R_random,truthfulqa
pairs_arith_v2.csv,1617,arithmetic,gsm8k_test_0181,cal,remove,C0_exact,gsm8k_copy
pairs_arith_v2.csv,1618,arithmetic,gsm8k_test_0181,cal,remove,C1_transformed,lmsys_rephrase
pairs_arith_v2.csv,1619,arithmetic,gsm8k_test_0181,cal,remove,C2_answer_bearing,gsm8k_solution_frag
pairs_arith_v2.csv,1620,arithmetic,gsm8k_test_0181,cal,retain,H2_same_template,gsmplus_numerical_substitution
pairs_arith_v2.csv,1621,arithmetic,gsm8k_test_0181,cal,remove,C1_transformed,gsmplus_problem_understanding
pairs_arith_v2.csv,1622,arithmetic,gsm8k_test_0181,cal,retain,H2_same_template,gsmplus_critical_thinking
pairs_arith_v2.csv,1623,arithmetic,gsm8k_test_0181,cal,retain,H1_same_topic,svamp
pairs_arith_v2.csv,1624,arithmetic,gsm8k_test_0181,cal,retain,H3_predating,asdiv
pairs_arith_v2.csv,1625,arithmetic,gsm8k_test_0181,cal,retain,R_random,truthfulqa
pairs_arith_v2.csv,1626,arithmetic,gsm8k_test_0182,cal,remove,C0_exact,gsm8k_copy
pairs_arith_v2.csv,1627,arithmetic,gsm8k_test_0182,cal,remove,C1_transformed,lmsys_rephrase
pairs_arith_v2.csv,1628,arithmetic,gsm8k_test_0182,cal,remove,C2_answer_bearing,gsm8k_solution_frag
pairs_arith_v2.csv,1629,arithmetic,gsm8k_test_0182,cal,retain,H2_same_template,gsmplus_numerical_substitution
pairs_arith_v2.csv,1630,arithmetic,gsm8k_test_0182,cal,remove,C1_transformed,gsmplus_problem_understanding
pairs_arith_v2.csv,1631,arithmetic,gsm8k_test_0182,cal,retain,H2_same_template,gsmplus_critical_thinking
pairs_arith_v2.csv,1632,arithmetic,gsm8k_test_0182,cal,retain,H1_same_topic,svamp
pairs_arith_v2.csv,1633,arithmetic,gsm8k_test_0182,cal,retain,H3_predating,asdiv
pairs_arith_v2.csv,1634,arithmetic,gsm8k_test_0182,cal,retain,R_random,truthfulqa
pairs_arith_v2.csv,1635,arithmetic,gsm8k_test_0183,cal,remove,C0_exact,gsm8k_copy
pairs_arith_v2.csv,1636,arithmetic,gsm8k_test_0183,cal,remove,C1_transformed,lmsys_rephrase
pairs_arith_v2.csv,1637,arithmetic,gsm8k_test_0183,cal,remove,C2_answer_bearing,gsm8k_solution_frag
pairs_arith_v2.csv,1638,arithmetic,gsm8k_test_0183,cal,retain,H2_same_template,gsmplus_numerical_substitution
pairs_arith_v2.csv,1639,arithmetic,gsm8k_test_0183,cal,remove,C1_transformed,gsmplus_problem_understanding
pairs_arith_v2.csv,1640,arithmetic,gsm8k_test_0183,cal,retain,H2_same_template,gsmplus_critical_thinking
pairs_arith_v2.csv,1641,arithmetic,gsm8k_test_0183,cal,retain,H1_same_topic,svamp
pairs_arith_v2.csv,1642,arithmetic,gsm8k_test_0183,cal,retain,H3_predating,asdiv
pairs_arith_v2.csv,1643,arithmetic,gsm8k_test_0183,cal,retain,R_random,truthfulqa
pairs_arith_v2.csv,1662,arithmetic,gsm8k_test_0186,cal,remove,C0_exact,gsm8k_copy
pairs_arith_v2.csv,1663,arithmetic,gsm8k_test_0186,cal,remove,C1_transformed,lmsys_rephrase
pairs_arith_v2.csv,1664,arithmetic,gsm8k_test_0186,cal,remove,C2_answer_bearing,gsm8k_solution_frag
pairs_arith_v2.csv,1665,arithmetic,gsm8k_test_0186,cal,retain,H2_same_template,gsmplus_numerical_substitution
pairs_arith_v2.csv,1666,arithmetic,gsm8k_test_0186,cal,remove,C1_transformed,gsmplus_problem_understanding
pairs_arith_v2.csv,1667,arithmetic,gsm8k_test_0186,cal,retain,H2_same_template,gsmplus_critical_thinking
pairs_arith_v2.csv,1668,arithmetic,gsm8k_test_0186,cal,retain,H1_same_topic,svamp
pairs_arith_v2.csv,1669,arithmetic,gsm8k_test_0186,cal,retain,H3_predating,asdiv
pairs_arith_v2.csv,1670,arithmetic,gsm8k_test_0186,cal,retain,R_random,truthfulqa
pairs_arith_v2.csv,1706,arithmetic,gsm8k_test_0191,cal,remove,C0_exact,gsm8k_copy
pairs_arith_v2.csv,1707,arithmetic,gsm8k_test_0191,cal,remove,C1_transformed,lmsys_rephrase
pairs_arith_v2.csv,1708,arithmetic,gsm8k_test_0191,cal,remove,C2_answer_bearing,gsm8k_solution_frag
pairs_arith_v2.csv,1709,arithmetic,gsm8k_test_0191,cal,retain,H2_same_template,gsmplus_numerical_substitution
pairs_arith_v2.csv,1710,arithmetic,gsm8k_test_0191,cal,remove,C1_transformed,gsmplus_problem_understanding
pairs_arith_v2.csv,1711,arithmetic,gsm8k_test_0191,cal,retain,H2_same_template,gsmplus_critical_thinking
pairs_arith_v2.csv,1712,arithmetic,gsm8k_test_0191,cal,retain,H1_same_topic,svamp
pairs_arith_v2.csv,1713,arithmetic,gsm8k_test_0191,cal,retain,H3_predating,asdiv
pairs_arith_v2.csv,1714,arithmetic,gsm8k_test_0191,cal,retain,R_random,truthfulqa
pairs_arith_v2.csv,1724,arithmetic,gsm8k_test_0193,cal,remove,C0_exact,gsm8k_copy
pairs_arith_v2.csv,1725,arithmetic,gsm8k_test_0193,cal,remove,C1_transformed,lmsys_rephrase
pairs_arith_v2.csv,1726,arithmetic,gsm8k_test_0193,cal,remove,C2_answer_bearing,gsm8k_solution_frag
pairs_arith_v2.csv,1727,arithmetic,gsm8k_test_0193,cal,retain,H2_same_template,gsmplus_numerical_substitution
pairs_arith_v2.csv,1728,arithmetic,gsm8k_test_0193,cal,remove,C1_transformed,gsmplus_problem_understanding
pairs_arith_v2.csv,1729,arithmetic,gsm8k_test_0193,cal,retain,H2_same_template,gsmplus_critical_thinking
pairs_arith_v2.csv,1730,arithmetic,gsm8k_test_0193,cal,retain,H1_same_topic,svamp
pairs_arith_v2.csv,1731,arithmetic,gsm8k_test_0193,cal,retain,H3_predating,asdiv
pairs_arith_v2.csv,1732,arithmetic,gsm8k_test_0193,cal,retain,R_random,truthfulqa
pairs_arith_v2.csv,1733,arithmetic,gsm8k_test_0194,cal,remove,C0_exact,gsm8k_copy
pairs_arith_v2.csv,1734,arithmetic,gsm8k_test_0194,cal,remove,C1_transformed,lmsys_rephrase
pairs_arith_v2.csv,1735,arithmetic,gsm8k_test_0194,cal,remove,C2_answer_bearing,gsm8k_solution_frag
pairs_arith_v2.csv,1736,arithmetic,gsm8k_test_0194,cal,retain,H2_same_template,gsmplus_numerical_substitution
pairs_arith_v2.csv,1737,arithmetic,gsm8k_test_0194,cal,remove,C1_transformed,gsmplus_problem_understanding
pairs_arith_v2.csv,1738,arithmetic,gsm8k_test_0194,cal,retain,H2_same_template,gsmplus_critical_thinking
pairs_arith_v2.csv,1739,arithmetic,gsm8k_test_0194,cal,retain,H1_same_topic,svamp
pairs_arith_v2.csv,1740,arithmetic,gsm8k_test_0194,cal,retain,H3_predating,asdiv
pairs_arith_v2.csv,1741,arithmetic,gsm8k_test_0194,cal,retain,R_random,truthfulqa
pairs_arith_v2.csv,1751,arithmetic,gsm8k_test_0196,cal,remove,C0_exact,gsm8k_copy
pairs_arith_v2.csv,1752,arithmetic,gsm8k_test_0196,cal,remove,C1_transformed,lmsys_rephrase
pairs_arith_v2.csv,1753,arithmetic,gsm8k_test_0196,cal,remove,C2_answer_bearing,gsm8k_solution_frag
pairs_arith_v2.csv,1754,arithmetic,gsm8k_test_0196,cal,remove,C1_transformed,gsmplus_problem_understanding
pairs_arith_v2.csv,1755,arithmetic,gsm8k_test_0196,cal,retain,H2_same_template,gsmplus_critical_thinking
pairs_arith_v2.csv,1756,arithmetic,gsm8k_test_0196,cal,retain,H1_same_topic,svamp
pairs_arith_v2.csv,1757,arithmetic,gsm8k_test_0196,cal,retain,H3_predating,asdiv
pairs_arith_v2.csv,1758,arithmetic,gsm8k_test_0196,cal,retain,R_random,truthfulqa
pairs_arith_v2.csv,1759,arithmetic,gsm8k_test_0197,cal,remove,C0_exact,gsm8k_copy
pairs_arith_v2.csv,1760,arithmetic,gsm8k_test_0197,cal,remove,C1_transformed,lmsys_rephrase
pairs_arith_v2.csv,1761,arithmetic,gsm8k_test_0197,cal,remove,C2_answer_bearing,gsm8k_solution_frag
pairs_arith_v2.csv,1762,arithmetic,gsm8k_test_0197,cal,retain,H2_same_template,gsmplus_numerical_substitution
pairs_arith_v2.csv,1763,arithmetic,gsm8k_test_0197,cal,remove,C1_transformed,gsmplus_problem_understanding
pairs_arith_v2.csv,1764,arithmetic,gsm8k_test_0197,cal,retain,H2_same_template,gsmplus_critical_thinking
pairs_arith_v2.csv,1765,arithmetic,gsm8k_test_0197,cal,retain,H1_same_topic,svamp
pairs_arith_v2.csv,1766,arithmetic,gsm8k_test_0197,cal,retain,H3_predating,asdiv
pairs_arith_v2.csv,1767,arithmetic,gsm8k_test_0197,cal,retain,R_random,truthfulqa
pairs_arith_v2.csv,1795,arithmetic,gsm8k_test_0201,cal,remove,C0_exact,gsm8k_copy
pairs_arith_v2.csv,1796,arithmetic,gsm8k_test_0201,cal,remove,C1_transformed,lmsys_rephrase
pairs_arith_v2.csv,1797,arithmetic,gsm8k_test_0201,cal,remove,C2_answer_bearing,gsm8k_solution_frag
pairs_arith_v2.csv,1798,arithmetic,gsm8k_test_0201,cal,retain,H2_same_template,gsmplus_numerical_substitution
pairs_arith_v2.csv,1799,arithmetic,gsm8k_test_0201,cal,remove,C1_transformed,gsmplus_problem_understanding
pairs_arith_v2.csv,1800,arithmetic,gsm8k_test_0201,cal,retain,H2_same_template,gsmplus_critical_thinking
pairs_arith_v2.csv,1801,arithmetic,gsm8k_test_0201,cal,retain,H1_same_topic,svamp
pairs_arith_v2.csv,1802,arithmetic,gsm8k_test_0201,cal,retain,H3_predating,asdiv
pairs_arith_v2.csv,1803,arithmetic,gsm8k_test_0201,cal,retain,R_random,truthfulqa
pairs_arith_v2.csv,1813,arithmetic,gsm8k_test_0203,cal,remove,C0_exact,gsm8k_copy
pairs_arith_v2.csv,1814,arithmetic,gsm8k_test_0203,cal,remove,C1_transformed,lmsys_rephrase
pairs_arith_v2.csv,1815,arithmetic,gsm8k_test_0203,cal,remove,C2_answer_bearing,gsm8k_solution_frag
pairs_arith_v2.csv,1816,arithmetic,gsm8k_test_0203,cal,retain,H2_same_template,gsmplus_numerical_substitution
pairs_arith_v2.csv,1817,arithmetic,gsm8k_test_0203,cal,remove,C1_transformed,gsmplus_problem_understanding
pairs_arith_v2.csv,1818,arithmetic,gsm8k_test_0203,cal,retain,H2_same_template,gsmplus_critical_thinking
pairs_arith_v2.csv,1819,arithmetic,gsm8k_test_0203,cal,retain,H1_same_topic,svamp
pairs_arith_v2.csv,1820,arithmetic,gsm8k_test_0203,cal,retain,H3_predating,asdiv
pairs_arith_v2.csv,1821,arithmetic,gsm8k_test_0203,cal,retain,R_random,truthfulqa
pairs_arith_v2.csv,1849,arithmetic,gsm8k_test_0207,cal,remove,C0_exact,gsm8k_copy
pairs_arith_v2.csv,1850,arithmetic,gsm8k_test_0207,cal,remove,C1_transformed,lmsys_rephrase
pairs_arith_v2.csv,1851,arithmetic,gsm8k_test_0207,cal,remove,C2_answer_bearing,gsm8k_solution_frag
pairs_arith_v2.csv,1852,arithmetic,gsm8k_test_0207,cal,retain,H2_same_template,gsmplus_numerical_substitution
pairs_arith_v2.csv,1853,arithmetic,gsm8k_test_0207,cal,remove,C1_transformed,gsmplus_problem_understanding
pairs_arith_v2.csv,1854,arithmetic,gsm8k_test_0207,cal,retain,H2_same_template,gsmplus_critical_thinking
pairs_arith_v2.csv,1855,arithmetic,gsm8k_test_0207,cal,retain,H1_same_topic,svamp
pairs_arith_v2.csv,1856,arithmetic,gsm8k_test_0207,cal,retain,H3_predating,asdiv
pairs_arith_v2.csv,1857,arithmetic,gsm8k_test_0207,cal,retain,R_random,truthfulqa
pairs_arith_v2.csv,1885,arithmetic,gsm8k_test_0211,cal,remove,C0_exact,gsm8k_copy
pairs_arith_v2.csv,1886,arithmetic,gsm8k_test_0211,cal,remove,C1_transformed,lmsys_rephrase
pairs_arith_v2.csv,1887,arithmetic,gsm8k_test_0211,cal,remove,C2_answer_bearing,gsm8k_solution_frag
pairs_arith_v2.csv,1888,arithmetic,gsm8k_test_0211,cal,remove,C1_transformed,gsmplus_problem_understanding
pairs_arith_v2.csv,1889,arithmetic,gsm8k_test_0211,cal,retain,H2_same_template,gsmplus_critical_thinking
pairs_arith_v2.csv,1890,arithmetic,gsm8k_test_0211,cal,retain,H1_same_topic,svamp
pairs_arith_v2.csv,1891,arithmetic,gsm8k_test_0211,cal,retain,H3_predating,asdiv
pairs_arith_v2.csv,1892,arithmetic,gsm8k_test_0211,cal,retain,R_random,truthfulqa
pairs_arith_v2.csv,1911,arithmetic,gsm8k_test_0214,cal,remove,C0_exact,gsm8k_copy
pairs_arith_v2.csv,1912,arithmetic,gsm8k_test_0214,cal,remove,C1_transformed,lmsys_rephrase
pairs_arith_v2.csv,1913,arithmetic,gsm8k_test_0214,cal,remove,C2_answer_bearing,gsm8k_solution_frag
pairs_arith_v2.csv,1914,arithmetic,gsm8k_test_0214,cal,retain,H2_same_template,gsmplus_numerical_substitution
pairs_arith_v2.csv,1915,arithmetic,gsm8k_test_0214,cal,remove,C1_transformed,gsmplus_problem_understanding
pairs_arith_v2.csv,1916,arithmetic,gsm8k_test_0214,cal,retain,H2_same_template,gsmplus_critical_thinking
pairs_arith_v2.csv,1917,arithmetic,gsm8k_test_0214,cal,retain,H1_same_topic,svamp
pairs_arith_v2.csv,1918,arithmetic,gsm8k_test_0214,cal,retain,H3_predating,asdiv
pairs_arith_v2.csv,1919,arithmetic,gsm8k_test_0214,cal,retain,R_random,truthfulqa
pairs_arith_v2.csv,2000,arithmetic,gsm8k_test_0224,cal,remove,C0_exact,gsm8k_copy
pairs_arith_v2.csv,2001,arithmetic,gsm8k_test_0224,cal,remove,C1_transformed,lmsys_rephrase
pairs_arith_v2.csv,2002,arithmetic,gsm8k_test_0224,cal,remove,C2_answer_bearing,gsm8k_solution_frag
pairs_arith_v2.csv,2003,arithmetic,gsm8k_test_0224,cal,retain,H2_same_template,gsmplus_numerical_substitution
pairs_arith_v2.csv,2004,arithmetic,gsm8k_test_0224,cal,remove,C1_transformed,gsmplus_problem_understanding
pairs_arith_v2.csv,2005,arithmetic,gsm8k_test_0224,cal,retain,H2_same_template,gsmplus_critical_thinking
pairs_arith_v2.csv,2006,arithmetic,gsm8k_test_0224,cal,retain,H1_same_topic,svamp
pairs_arith_v2.csv,2007,arithmetic,gsm8k_test_0224,cal,retain,H3_predating,asdiv
pairs_arith_v2.csv,2008,arithmetic,gsm8k_test_0224,cal,retain,R_random,truthfulqa
pairs_arith_v2.csv,2018,arithmetic,gsm8k_test_0226,cal,remove,C0_exact,gsm8k_copy
pairs_arith_v2.csv,2019,arithmetic,gsm8k_test_0226,cal,remove,C1_transformed,lmsys_rephrase
pairs_arith_v2.csv,2020,arithmetic,gsm8k_test_0226,cal,remove,C2_answer_bearing,gsm8k_solution_frag
pairs_arith_v2.csv,2021,arithmetic,gsm8k_test_0226,cal,retain,H2_same_template,gsmplus_numerical_substitution
pairs_arith_v2.csv,2022,arithmetic,gsm8k_test_0226,cal,remove,C1_transformed,gsmplus_problem_understanding
pairs_arith_v2.csv,2023,arithmetic,gsm8k_test_0226,cal,retain,H2_same_template,gsmplus_critical_thinking
pairs_arith_v2.csv,2024,arithmetic,gsm8k_test_0226,cal,retain,H1_same_topic,svamp
pairs_arith_v2.csv,2025,arithmetic,gsm8k_test_0226,cal,retain,H3_predating,asdiv
pairs_arith_v2.csv,2026,arithmetic,gsm8k_test_0226,cal,retain,R_random,truthfulqa
pairs_arith_v2.csv,2106,arithmetic,gsm8k_test_0236,cal,remove,C0_exact,gsm8k_copy
pairs_arith_v2.csv,2107,arithmetic,gsm8k_test_0236,cal,remove,C1_transformed,lmsys_rephrase
pairs_arith_v2.csv,2108,arithmetic,gsm8k_test_0236,cal,remove,C2_answer_bearing,gsm8k_solution_frag
pairs_arith_v2.csv,2109,arithmetic,gsm8k_test_0236,cal,retain,H2_same_template,gsmplus_numerical_substitution
pairs_arith_v2.csv,2110,arithmetic,gsm8k_test_0236,cal,remove,C1_transformed,gsmplus_problem_understanding
pairs_arith_v2.csv,2111,arithmetic,gsm8k_test_0236,cal,retain,H2_same_template,gsmplus_critical_thinking
pairs_arith_v2.csv,2112,arithmetic,gsm8k_test_0236,cal,retain,H1_same_topic,svamp
pairs_arith_v2.csv,2113,arithmetic,gsm8k_test_0236,cal,retain,H3_predating,asdiv
pairs_arith_v2.csv,2114,arithmetic,gsm8k_test_0236,cal,retain,R_random,truthfulqa
pairs_arith_v2.csv,2150,arithmetic,gsm8k_test_0241,cal,remove,C0_exact,gsm8k_copy
pairs_arith_v2.csv,2151,arithmetic,gsm8k_test_0241,cal,remove,C1_transformed,lmsys_rephrase
pairs_arith_v2.csv,2152,arithmetic,gsm8k_test_0241,cal,remove,C2_answer_bearing,gsm8k_solution_frag
pairs_arith_v2.csv,2153,arithmetic,gsm8k_test_0241,cal,retain,H2_same_template,gsmplus_numerical_substitution
pairs_arith_v2.csv,2154,arithmetic,gsm8k_test_0241,cal,remove,C1_transformed,gsmplus_problem_understanding
pairs_arith_v2.csv,2155,arithmetic,gsm8k_test_0241,cal,retain,H2_same_template,gsmplus_critical_thinking
pairs_arith_v2.csv,2156,arithmetic,gsm8k_test_0241,cal,retain,H1_same_topic,svamp
pairs_arith_v2.csv,2157,arithmetic,gsm8k_test_0241,cal,retain,H3_predating,asdiv
pairs_arith_v2.csv,2158,arithmetic,gsm8k_test_0241,cal,retain,R_random,truthfulqa
pairs_arith_v2.csv,2159,arithmetic,gsm8k_test_0242,cal,remove,C0_exact,gsm8k_copy
pairs_arith_v2.csv,2160,arithmetic,gsm8k_test_0242,cal,remove,C1_transformed,lmsys_rephrase
pairs_arith_v2.csv,2161,arithmetic,gsm8k_test_0242,cal,remove,C2_answer_bearing,gsm8k_solution_frag
pairs_arith_v2.csv,2162,arithmetic,gsm8k_test_0242,cal,retain,H2_same_template,gsmplus_numerical_substitution
pairs_arith_v2.csv,2163,arithmetic,gsm8k_test_0242,cal,remove,C1_transformed,gsmplus_problem_understanding
pairs_arith_v2.csv,2164,arithmetic,gsm8k_test_0242,cal,retain,H2_same_template,gsmplus_critical_thinking
pairs_arith_v2.csv,2165,arithmetic,gsm8k_test_0242,cal,retain,H1_same_topic,svamp
pairs_arith_v2.csv,2166,arithmetic,gsm8k_test_0242,cal,retain,H3_predating,asdiv
pairs_arith_v2.csv,2167,arithmetic,gsm8k_test_0242,cal,retain,R_random,truthfulqa
pairs_arith_v2.csv,2213,arithmetic,gsm8k_test_0248,cal,remove,C0_exact,gsm8k_copy
pairs_arith_v2.csv,2214,arithmetic,gsm8k_test_0248,cal,remove,C1_transformed,lmsys_rephrase
pairs_arith_v2.csv,2215,arithmetic,gsm8k_test_0248,cal,remove,C2_answer_bearing,gsm8k_solution_frag
pairs_arith_v2.csv,2216,arithmetic,gsm8k_test_0248,cal,retain,H2_same_template,gsmplus_numerical_substitution
pairs_arith_v2.csv,2217,arithmetic,gsm8k_test_0248,cal,remove,C1_transformed,gsmplus_problem_understanding
pairs_arith_v2.csv,2218,arithmetic,gsm8k_test_0248,cal,retain,H2_same_template,gsmplus_critical_thinking
pairs_arith_v2.csv,2219,arithmetic,gsm8k_test_0248,cal,retain,H1_same_topic,svamp
pairs_arith_v2.csv,2220,arithmetic,gsm8k_test_0248,cal,retain,H3_predating,asdiv
pairs_arith_v2.csv,2221,arithmetic,gsm8k_test_0248,cal,retain,R_random,truthfulqa
pairs_arith_v2.csv,2330,arithmetic,gsm8k_test_0261,cal,remove,C0_exact,gsm8k_copy
pairs_arith_v2.csv,2331,arithmetic,gsm8k_test_0261,cal,remove,C1_transformed,lmsys_rephrase
pairs_arith_v2.csv,2332,arithmetic,gsm8k_test_0261,cal,remove,C2_answer_bearing,gsm8k_solution_frag
pairs_arith_v2.csv,2333,arithmetic,gsm8k_test_0261,cal,retain,H2_same_template,gsmplus_numerical_substitution
pairs_arith_v2.csv,2334,arithmetic,gsm8k_test_0261,cal,remove,C1_transformed,gsmplus_problem_understanding
pairs_arith_v2.csv,2335,arithmetic,gsm8k_test_0261,cal,retain,H2_same_template,gsmplus_critical_thinking
pairs_arith_v2.csv,2336,arithmetic,gsm8k_test_0261,cal,retain,H1_same_topic,svamp
pairs_arith_v2.csv,2337,arithmetic,gsm8k_test_0261,cal,retain,H3_predating,asdiv
pairs_arith_v2.csv,2338,arithmetic,gsm8k_test_0261,cal,retain,R_random,truthfulqa
pairs_arith_v2.csv,2384,arithmetic,gsm8k_test_0267,cal,remove,C0_exact,gsm8k_copy
pairs_arith_v2.csv,2385,arithmetic,gsm8k_test_0267,cal,remove,C1_transformed,lmsys_rephrase
pairs_arith_v2.csv,2386,arithmetic,gsm8k_test_0267,cal,remove,C2_answer_bearing,gsm8k_solution_frag
pairs_arith_v2.csv,2387,arithmetic,gsm8k_test_0267,cal,retain,H2_same_template,gsmplus_numerical_substitution
pairs_arith_v2.csv,2388,arithmetic,gsm8k_test_0267,cal,remove,C1_transformed,gsmplus_problem_understanding
pairs_arith_v2.csv,2389,arithmetic,gsm8k_test_0267,cal,retain,H2_same_template,gsmplus_critical_thinking
pairs_arith_v2.csv,2390,arithmetic,gsm8k_test_0267,cal,retain,H1_same_topic,svamp
pairs_arith_v2.csv,2391,arithmetic,gsm8k_test_0267,cal,retain,H3_predating,asdiv
pairs_arith_v2.csv,2392,arithmetic,gsm8k_test_0267,cal,retain,R_random,truthfulqa
pairs_arith_v2.csv,2411,arithmetic,gsm8k_test_0270,cal,remove,C0_exact,gsm8k_copy
pairs_arith_v2.csv,2412,arithmetic,gsm8k_test_0270,cal,remove,C1_transformed,lmsys_rephrase
pairs_arith_v2.csv,2413,arithmetic,gsm8k_test_0270,cal,remove,C2_answer_bearing,gsm8k_solution_frag
pairs_arith_v2.csv,2414,arithmetic,gsm8k_test_0270,cal,retain,H2_same_template,gsmplus_numerical_substitution
pairs_arith_v2.csv,2415,arithmetic,gsm8k_test_0270,cal,remove,C1_transformed,gsmplus_problem_understanding
pairs_arith_v2.csv,2416,arithmetic,gsm8k_test_0270,cal,retain,H2_same_template,gsmplus_critical_thinking
pairs_arith_v2.csv,2417,arithmetic,gsm8k_test_0270,cal,retain,H1_same_topic,svamp
pairs_arith_v2.csv,2418,arithmetic,gsm8k_test_0270,cal,retain,H3_predating,asdiv
pairs_arith_v2.csv,2419,arithmetic,gsm8k_test_0270,cal,retain,R_random,truthfulqa
pairs_arith_v2.csv,2438,arithmetic,gsm8k_test_0273,cal,remove,C0_exact,gsm8k_copy
pairs_arith_v2.csv,2439,arithmetic,gsm8k_test_0273,cal,remove,C1_transformed,lmsys_rephrase
pairs_arith_v2.csv,2440,arithmetic,gsm8k_test_0273,cal,remove,C2_answer_bearing,gsm8k_solution_frag
pairs_arith_v2.csv,2441,arithmetic,gsm8k_test_0273,cal,retain,H2_same_template,gsmplus_numerical_substitution
pairs_arith_v2.csv,2442,arithmetic,gsm8k_test_0273,cal,remove,C1_transformed,gsmplus_problem_understanding
pairs_arith_v2.csv,2443,arithmetic,gsm8k_test_0273,cal,retain,H2_same_template,gsmplus_critical_thinking
pairs_arith_v2.csv,2444,arithmetic,gsm8k_test_0273,cal,retain,H1_same_topic,svamp
pairs_arith_v2.csv,2445,arithmetic,gsm8k_test_0273,cal,retain,H3_predating,asdiv
pairs_arith_v2.csv,2446,arithmetic,gsm8k_test_0273,cal,retain,R_random,truthfulqa
pairs_arith_v2.csv,2456,arithmetic,gsm8k_test_0275,cal,remove,C0_exact,gsm8k_copy
pairs_arith_v2.csv,2457,arithmetic,gsm8k_test_0275,cal,remove,C1_transformed,lmsys_rephrase
pairs_arith_v2.csv,2458,arithmetic,gsm8k_test_0275,cal,remove,C2_answer_bearing,gsm8k_solution_frag
pairs_arith_v2.csv,2459,arithmetic,gsm8k_test_0275,cal,retain,H2_same_template,gsmplus_numerical_substitution
pairs_arith_v2.csv,2460,arithmetic,gsm8k_test_0275,cal,remove,C1_transformed,gsmplus_problem_understanding
pairs_arith_v2.csv,2461,arithmetic,gsm8k_test_0275,cal,retain,H2_same_template,gsmplus_critical_thinking
pairs_arith_v2.csv,2462,arithmetic,gsm8k_test_0275,cal,retain,H1_same_topic,svamp
pairs_arith_v2.csv,2463,arithmetic,gsm8k_test_0275,cal,retain,H3_predating,asdiv
pairs_arith_v2.csv,2464,arithmetic,gsm8k_test_0275,cal,retain,R_random,truthfulqa
pairs_arith_v2.csv,2519,arithmetic,gsm8k_test_0282,cal,remove,C0_exact,gsm8k_copy
pairs_arith_v2.csv,2520,arithmetic,gsm8k_test_0282,cal,remove,C1_transformed,lmsys_rephrase
pairs_arith_v2.csv,2521,arithmetic,gsm8k_test_0282,cal,remove,C2_answer_bearing,gsm8k_solution_frag
pairs_arith_v2.csv,2522,arithmetic,gsm8k_test_0282,cal,retain,H2_same_template,gsmplus_numerical_substitution
pairs_arith_v2.csv,2523,arithmetic,gsm8k_test_0282,cal,remove,C1_transformed,gsmplus_problem_understanding
pairs_arith_v2.csv,2524,arithmetic,gsm8k_test_0282,cal,retain,H2_same_template,gsmplus_critical_thinking
pairs_arith_v2.csv,2525,arithmetic,gsm8k_test_0282,cal,retain,H1_same_topic,svamp
pairs_arith_v2.csv,2526,arithmetic,gsm8k_test_0282,cal,retain,H3_predating,asdiv
pairs_arith_v2.csv,2527,arithmetic,gsm8k_test_0282,cal,retain,R_random,truthfulqa
pairs_arith_v2.csv,2590,arithmetic,gsm8k_test_0290,cal,remove,C0_exact,gsm8k_copy
pairs_arith_v2.csv,2591,arithmetic,gsm8k_test_0290,cal,remove,C1_transformed,lmsys_rephrase
pairs_arith_v2.csv,2592,arithmetic,gsm8k_test_0290,cal,remove,C2_answer_bearing,gsm8k_solution_frag
pairs_arith_v2.csv,2593,arithmetic,gsm8k_test_0290,cal,retain,H2_same_template,gsmplus_numerical_substitution
pairs_arith_v2.csv,2594,arithmetic,gsm8k_test_0290,cal,remove,C1_transformed,gsmplus_problem_understanding
pairs_arith_v2.csv,2595,arithmetic,gsm8k_test_0290,cal,retain,H2_same_template,gsmplus_critical_thinking
pairs_arith_v2.csv,2596,arithmetic,gsm8k_test_0290,cal,retain,H1_same_topic,svamp
pairs_arith_v2.csv,2597,arithmetic,gsm8k_test_0290,cal,retain,H3_predating,asdiv
pairs_arith_v2.csv,2598,arithmetic,gsm8k_test_0290,cal,retain,R_random,truthfulqa
pairs_arith_v2.csv,2599,arithmetic,gsm8k_test_0291,cal,remove,C0_exact,gsm8k_copy
pairs_arith_v2.csv,2600,arithmetic,gsm8k_test_0291,cal,remove,C1_transformed,lmsys_rephrase
pairs_arith_v2.csv,2601,arithmetic,gsm8k_test_0291,cal,remove,C2_answer_bearing,gsm8k_solution_frag
pairs_arith_v2.csv,2602,arithmetic,gsm8k_test_0291,cal,retain,H2_same_template,gsmplus_numerical_substitution
pairs_arith_v2.csv,2603,arithmetic,gsm8k_test_0291,cal,remove,C1_transformed,gsmplus_problem_understanding
pairs_arith_v2.csv,2604,arithmetic,gsm8k_test_0291,cal,retain,H2_same_template,gsmplus_critical_thinking
pairs_arith_v2.csv,2605,arithmetic,gsm8k_test_0291,cal,retain,H1_same_topic,svamp
pairs_arith_v2.csv,2606,arithmetic,gsm8k_test_0291,cal,retain,H3_predating,asdiv
pairs_arith_v2.csv,2607,arithmetic,gsm8k_test_0291,cal,retain,R_random,truthfulqa
pairs_arith_v2.csv,2680,arithmetic,gsm8k_test_0300,cal,remove,C0_exact,gsm8k_copy
pairs_arith_v2.csv,2681,arithmetic,gsm8k_test_0300,cal,remove,C1_transformed,lmsys_rephrase
pairs_arith_v2.csv,2682,arithmetic,gsm8k_test_0300,cal,remove,C2_answer_bearing,gsm8k_solution_frag
pairs_arith_v2.csv,2683,arithmetic,gsm8k_test_0300,cal,retain,H2_same_template,gsmplus_numerical_substitution
pairs_arith_v2.csv,2684,arithmetic,gsm8k_test_0300,cal,remove,C1_transformed,gsmplus_problem_understanding
pairs_arith_v2.csv,2685,arithmetic,gsm8k_test_0300,cal,retain,H2_same_template,gsmplus_critical_thinking
pairs_arith_v2.csv,2686,arithmetic,gsm8k_test_0300,cal,retain,H1_same_topic,svamp
pairs_arith_v2.csv,2687,arithmetic,gsm8k_test_0300,cal,retain,H3_predating,asdiv
pairs_arith_v2.csv,2688,arithmetic,gsm8k_test_0300,cal,retain,R_random,truthfulqa
pairs_arith_v2.csv,2689,arithmetic,gsm8k_test_0301,cal,remove,C0_exact,gsm8k_copy
pairs_arith_v2.csv,2690,arithmetic,gsm8k_test_0301,cal,remove,C1_transformed,lmsys_rephrase
pairs_arith_v2.csv,2691,arithmetic,gsm8k_test_0301,cal,remove,C2_answer_bearing,gsm8k_solution_frag
pairs_arith_v2.csv,2692,arithmetic,gsm8k_test_0301,cal,retain,H2_same_template,gsmplus_numerical_substitution
pairs_arith_v2.csv,2693,arithmetic,gsm8k_test_0301,cal,remove,C1_transformed,gsmplus_problem_understanding
pairs_arith_v2.csv,2694,arithmetic,gsm8k_test_0301,cal,retain,H2_same_template,gsmplus_critical_thinking
pairs_arith_v2.csv,2695,arithmetic,gsm8k_test_0301,cal,retain,H1_same_topic,svamp
pairs_arith_v2.csv,2696,arithmetic,gsm8k_test_0301,cal,retain,H3_predating,asdiv
pairs_arith_v2.csv,2697,arithmetic,gsm8k_test_0301,cal,retain,R_random,truthfulqa
pairs_arith_v2.csv,2707,arithmetic,gsm8k_test_0303,cal,remove,C0_exact,gsm8k_copy
pairs_arith_v2.csv,2708,arithmetic,gsm8k_test_0303,cal,remove,C1_transformed,lmsys_rephrase
pairs_arith_v2.csv,2709,arithmetic,gsm8k_test_0303,cal,remove,C2_answer_bearing,gsm8k_solution_frag
pairs_arith_v2.csv,2710,arithmetic,gsm8k_test_0303,cal,retain,H2_same_template,gsmplus_numerical_substitution
pairs_arith_v2.csv,2711,arithmetic,gsm8k_test_0303,cal,remove,C1_transformed,gsmplus_problem_understanding
pairs_arith_v2.csv,2712,arithmetic,gsm8k_test_0303,cal,retain,H2_same_template,gsmplus_critical_thinking
pairs_arith_v2.csv,2713,arithmetic,gsm8k_test_0303,cal,retain,H1_same_topic,svamp
pairs_arith_v2.csv,2714,arithmetic,gsm8k_test_0303,cal,retain,H3_predating,asdiv
pairs_arith_v2.csv,2715,arithmetic,gsm8k_test_0303,cal,retain,R_random,truthfulqa
pairs_arith_v2.csv,2716,arithmetic,gsm8k_test_0304,cal,remove,C0_exact,gsm8k_copy
pairs_arith_v2.csv,2717,arithmetic,gsm8k_test_0304,cal,remove,C1_transformed,lmsys_rephrase
pairs_arith_v2.csv,2718,arithmetic,gsm8k_test_0304,cal,remove,C2_answer_bearing,gsm8k_solution_frag
pairs_arith_v2.csv,2719,arithmetic,gsm8k_test_0304,cal,retain,H2_same_template,gsmplus_numerical_substitution
pairs_arith_v2.csv,2720,arithmetic,gsm8k_test_0304,cal,remove,C1_transformed,gsmplus_problem_understanding
pairs_arith_v2.csv,2721,arithmetic,gsm8k_test_0304,cal,retain,H2_same_template,gsmplus_critical_thinking
pairs_arith_v2.csv,2722,arithmetic,gsm8k_test_0304,cal,retain,H1_same_topic,svamp
pairs_arith_v2.csv,2723,arithmetic,gsm8k_test_0304,cal,retain,H3_predating,asdiv
pairs_arith_v2.csv,2724,arithmetic,gsm8k_test_0304,cal,retain,R_random,truthfulqa
pairs_arith_v2.csv,2761,arithmetic,gsm8k_test_0309,cal,remove,C0_exact,gsm8k_copy
pairs_arith_v2.csv,2763,arithmetic,gsm8k_test_0309,cal,remove,C2_answer_bearing,gsm8k_solution_frag
pairs_arith_v2.csv,2764,arithmetic,gsm8k_test_0309,cal,retain,H2_same_template,gsmplus_numerical_substitution
pairs_arith_v2.csv,2765,arithmetic,gsm8k_test_0309,cal,remove,C1_transformed,gsmplus_problem_understanding
pairs_arith_v2.csv,2766,arithmetic,gsm8k_test_0309,cal,retain,H2_same_template,gsmplus_critical_thinking
pairs_arith_v2.csv,2767,arithmetic,gsm8k_test_0309,cal,retain,H1_same_topic,svamp
pairs_arith_v2.csv,2768,arithmetic,gsm8k_test_0309,cal,retain,H3_predating,asdiv
pairs_arith_v2.csv,2769,arithmetic,gsm8k_test_0309,cal,retain,R_random,truthfulqa
pairs_arith_v2.csv,2824,arithmetic,gsm8k_test_0316,cal,remove,C0_exact,gsm8k_copy
pairs_arith_v2.csv,2825,arithmetic,gsm8k_test_0316,cal,remove,C1_transformed,lmsys_rephrase
pairs_arith_v2.csv,2826,arithmetic,gsm8k_test_0316,cal,remove,C2_answer_bearing,gsm8k_solution_frag
pairs_arith_v2.csv,2827,arithmetic,gsm8k_test_0316,cal,retain,H2_same_template,gsmplus_numerical_substitution
pairs_arith_v2.csv,2828,arithmetic,gsm8k_test_0316,cal,remove,C1_transformed,gsmplus_problem_understanding
pairs_arith_v2.csv,2829,arithmetic,gsm8k_test_0316,cal,retain,H2_same_template,gsmplus_critical_thinking
pairs_arith_v2.csv,2830,arithmetic,gsm8k_test_0316,cal,retain,H1_same_topic,svamp
pairs_arith_v2.csv,2831,arithmetic,gsm8k_test_0316,cal,retain,H3_predating,asdiv
pairs_arith_v2.csv,2832,arithmetic,gsm8k_test_0316,cal,retain,R_random,truthfulqa
pairs_arith_v2.csv,2851,arithmetic,gsm8k_test_0319,cal,remove,C0_exact,gsm8k_copy
pairs_arith_v2.csv,2852,arithmetic,gsm8k_test_0319,cal,remove,C1_transformed,lmsys_rephrase
pairs_arith_v2.csv,2853,arithmetic,gsm8k_test_0319,cal,remove,C2_answer_bearing,gsm8k_solution_frag
pairs_arith_v2.csv,2854,arithmetic,gsm8k_test_0319,cal,retain,H2_same_template,gsmplus_numerical_substitution
pairs_arith_v2.csv,2855,arithmetic,gsm8k_test_0319,cal,remove,C1_transformed,gsmplus_problem_understanding
pairs_arith_v2.csv,2856,arithmetic,gsm8k_test_0319,cal,retain,H2_same_template,gsmplus_critical_thinking
pairs_arith_v2.csv,2857,arithmetic,gsm8k_test_0319,cal,retain,H1_same_topic,svamp
pairs_arith_v2.csv,2858,arithmetic,gsm8k_test_0319,cal,retain,H3_predating,asdiv
pairs_arith_v2.csv,2859,arithmetic,gsm8k_test_0319,cal,retain,R_random,truthfulqa
pairs_arith_v2.csv,2860,arithmetic,gsm8k_test_0320,cal,remove,C0_exact,gsm8k_copy
pairs_arith_v2.csv,2861,arithmetic,gsm8k_test_0320,cal,remove,C1_transformed,lmsys_rephrase
pairs_arith_v2.csv,2862,arithmetic,gsm8k_test_0320,cal,remove,C2_answer_bearing,gsm8k_solution_frag
pairs_arith_v2.csv,2863,arithmetic,gsm8k_test_0320,cal,retain,H2_same_template,gsmplus_numerical_substitution
pairs_arith_v2.csv,2864,arithmetic,gsm8k_test_0320,cal,remove,C1_transformed,gsmplus_problem_understanding
pairs_arith_v2.csv,2865,arithmetic,gsm8k_test_0320,cal,retain,H2_same_template,gsmplus_critical_thinking
pairs_arith_v2.csv,2866,arithmetic,gsm8k_test_0320,cal,retain,H1_same_topic,svamp
pairs_arith_v2.csv,2867,arithmetic,gsm8k_test_0320,cal,retain,H3_predating,asdiv
pairs_arith_v2.csv,2868,arithmetic,gsm8k_test_0320,cal,retain,R_random,truthfulqa
pairs_arith_v2.csv,2878,arithmetic,gsm8k_test_0322,cal,remove,C0_exact,gsm8k_copy
pairs_arith_v2.csv,2879,arithmetic,gsm8k_test_0322,cal,remove,C1_transformed,lmsys_rephrase
pairs_arith_v2.csv,2880,arithmetic,gsm8k_test_0322,cal,remove,C2_answer_bearing,gsm8k_solution_frag
pairs_arith_v2.csv,2881,arithmetic,gsm8k_test_0322,cal,retain,H2_same_template,gsmplus_numerical_substitution
pairs_arith_v2.csv,2882,arithmetic,gsm8k_test_0322,cal,remove,C1_transformed,gsmplus_problem_understanding
pairs_arith_v2.csv,2883,arithmetic,gsm8k_test_0322,cal,retain,H2_same_template,gsmplus_critical_thinking
pairs_arith_v2.csv,2884,arithmetic,gsm8k_test_0322,cal,retain,H1_same_topic,svamp
pairs_arith_v2.csv,2885,arithmetic,gsm8k_test_0322,cal,retain,H3_predating,asdiv
pairs_arith_v2.csv,2886,arithmetic,gsm8k_test_0322,cal,retain,R_random,truthfulqa
pairs_arith_v2.csv,2896,arithmetic,gsm8k_test_0324,cal,remove,C0_exact,gsm8k_copy
pairs_arith_v2.csv,2897,arithmetic,gsm8k_test_0324,cal,remove,C1_transformed,lmsys_rephrase
pairs_arith_v2.csv,2898,arithmetic,gsm8k_test_0324,cal,remove,C2_answer_bearing,gsm8k_solution_frag
pairs_arith_v2.csv,2899,arithmetic,gsm8k_test_0324,cal,retain,H2_same_template,gsmplus_numerical_substitution
pairs_arith_v2.csv,2900,arithmetic,gsm8k_test_0324,cal,remove,C1_transformed,gsmplus_problem_understanding
pairs_arith_v2.csv,2901,arithmetic,gsm8k_test_0324,cal,retain,H2_same_template,gsmplus_critical_thinking
pairs_arith_v2.csv,2902,arithmetic,gsm8k_test_0324,cal,retain,H1_same_topic,svamp
pairs_arith_v2.csv,2903,arithmetic,gsm8k_test_0324,cal,retain,H3_predating,asdiv
pairs_arith_v2.csv,2904,arithmetic,gsm8k_test_0324,cal,retain,R_random,truthfulqa
pairs_arith_v2.csv,2905,arithmetic,gsm8k_test_0325,cal,remove,C0_exact,gsm8k_copy
pairs_arith_v2.csv,2906,arithmetic,gsm8k_test_0325,cal,remove,C1_transformed,lmsys_rephrase
pairs_arith_v2.csv,2907,arithmetic,gsm8k_test_0325,cal,remove,C2_answer_bearing,gsm8k_solution_frag
pairs_arith_v2.csv,2908,arithmetic,gsm8k_test_0325,cal,retain,H2_same_template,gsmplus_numerical_substitution
pairs_arith_v2.csv,2909,arithmetic,gsm8k_test_0325,cal,remove,C1_transformed,gsmplus_problem_understanding
pairs_arith_v2.csv,2910,arithmetic,gsm8k_test_0325,cal,retain,H2_same_template,gsmplus_critical_thinking
pairs_arith_v2.csv,2911,arithmetic,gsm8k_test_0325,cal,retain,H1_same_topic,svamp
pairs_arith_v2.csv,2912,arithmetic,gsm8k_test_0325,cal,retain,H3_predating,asdiv
pairs_arith_v2.csv,2913,arithmetic,gsm8k_test_0325,cal,retain,R_random,truthfulqa
pairs_arith_v2.csv,2923,arithmetic,gsm8k_test_0327,cal,remove,C0_exact,gsm8k_copy
pairs_arith_v2.csv,2924,arithmetic,gsm8k_test_0327,cal,remove,C1_transformed,lmsys_rephrase
pairs_arith_v2.csv,2925,arithmetic,gsm8k_test_0327,cal,remove,C2_answer_bearing,gsm8k_solution_frag
pairs_arith_v2.csv,2926,arithmetic,gsm8k_test_0327,cal,retain,H2_same_template,gsmplus_numerical_substitution
pairs_arith_v2.csv,2927,arithmetic,gsm8k_test_0327,cal,remove,C1_transformed,gsmplus_problem_understanding
pairs_arith_v2.csv,2928,arithmetic,gsm8k_test_0327,cal,retain,H2_same_template,gsmplus_critical_thinking
pairs_arith_v2.csv,2929,arithmetic,gsm8k_test_0327,cal,retain,H1_same_topic,svamp
pairs_arith_v2.csv,2930,arithmetic,gsm8k_test_0327,cal,retain,H3_predating,asdiv
pairs_arith_v2.csv,2931,arithmetic,gsm8k_test_0327,cal,retain,R_random,truthfulqa
pairs_arith_v2.csv,2941,arithmetic,gsm8k_test_0329,cal,remove,C0_exact,gsm8k_copy
pairs_arith_v2.csv,2942,arithmetic,gsm8k_test_0329,cal,remove,C1_transformed,lmsys_rephrase
pairs_arith_v2.csv,2943,arithmetic,gsm8k_test_0329,cal,remove,C2_answer_bearing,gsm8k_solution_frag
pairs_arith_v2.csv,2944,arithmetic,gsm8k_test_0329,cal,retain,H2_same_template,gsmplus_numerical_substitution
pairs_arith_v2.csv,2945,arithmetic,gsm8k_test_0329,cal,remove,C1_transformed,gsmplus_problem_understanding
pairs_arith_v2.csv,2946,arithmetic,gsm8k_test_0329,cal,retain,H2_same_template,gsmplus_critical_thinking
pairs_arith_v2.csv,2947,arithmetic,gsm8k_test_0329,cal,retain,H1_same_topic,svamp
pairs_arith_v2.csv,2948,arithmetic,gsm8k_test_0329,cal,retain,H3_predating,asdiv
pairs_arith_v2.csv,2949,arithmetic,gsm8k_test_0329,cal,retain,R_random,truthfulqa
pairs_arith_v2.csv,2950,arithmetic,gsm8k_test_0330,cal,remove,C0_exact,gsm8k_copy
pairs_arith_v2.csv,2951,arithmetic,gsm8k_test_0330,cal,remove,C1_transformed,lmsys_rephrase
pairs_arith_v2.csv,2952,arithmetic,gsm8k_test_0330,cal,remove,C2_answer_bearing,gsm8k_solution_frag
pairs_arith_v2.csv,2953,arithmetic,gsm8k_test_0330,cal,retain,H2_same_template,gsmplus_numerical_substitution
pairs_arith_v2.csv,2954,arithmetic,gsm8k_test_0330,cal,remove,C1_transformed,gsmplus_problem_understanding
pairs_arith_v2.csv,2955,arithmetic,gsm8k_test_0330,cal,retain,H2_same_template,gsmplus_critical_thinking
pairs_arith_v2.csv,2956,arithmetic,gsm8k_test_0330,cal,retain,H1_same_topic,svamp
pairs_arith_v2.csv,2957,arithmetic,gsm8k_test_0330,cal,retain,H3_predating,asdiv
pairs_arith_v2.csv,2958,arithmetic,gsm8k_test_0330,cal,retain,R_random,truthfulqa
pairs_arith_v2.csv,3013,arithmetic,gsm8k_test_0337,cal,remove,C0_exact,gsm8k_copy
pairs_arith_v2.csv,3014,arithmetic,gsm8k_test_0337,cal,remove,C1_transformed,lmsys_rephrase
pairs_arith_v2.csv,3015,arithmetic,gsm8k_test_0337,cal,remove,C2_answer_bearing,gsm8k_solution_frag
pairs_arith_v2.csv,3016,arithmetic,gsm8k_test_0337,cal,retain,H2_same_template,gsmplus_numerical_substitution
pairs_arith_v2.csv,3017,arithmetic,gsm8k_test_0337,cal,remove,C1_transformed,gsmplus_problem_understanding
pairs_arith_v2.csv,3018,arithmetic,gsm8k_test_0337,cal,retain,H2_same_template,gsmplus_critical_thinking
pairs_arith_v2.csv,3019,arithmetic,gsm8k_test_0337,cal,retain,H1_same_topic,svamp
pairs_arith_v2.csv,3020,arithmetic,gsm8k_test_0337,cal,retain,H3_predating,asdiv
pairs_arith_v2.csv,3021,arithmetic,gsm8k_test_0337,cal,retain,R_random,truthfulqa
pairs_arith_v2.csv,3094,arithmetic,gsm8k_test_0346,cal,remove,C0_exact,gsm8k_copy
pairs_arith_v2.csv,3095,arithmetic,gsm8k_test_0346,cal,remove,C1_transformed,lmsys_rephrase
pairs_arith_v2.csv,3096,arithmetic,gsm8k_test_0346,cal,remove,C2_answer_bearing,gsm8k_solution_frag
pairs_arith_v2.csv,3097,arithmetic,gsm8k_test_0346,cal,retain,H2_same_template,gsmplus_numerical_substitution
pairs_arith_v2.csv,3098,arithmetic,gsm8k_test_0346,cal,remove,C1_transformed,gsmplus_problem_understanding
pairs_arith_v2.csv,3099,arithmetic,gsm8k_test_0346,cal,retain,H2_same_template,gsmplus_critical_thinking
pairs_arith_v2.csv,3100,arithmetic,gsm8k_test_0346,cal,retain,H1_same_topic,svamp
pairs_arith_v2.csv,3101,arithmetic,gsm8k_test_0346,cal,retain,H3_predating,asdiv
pairs_arith_v2.csv,3102,arithmetic,gsm8k_test_0346,cal,retain,R_random,truthfulqa
pairs_arith_v2.csv,3103,arithmetic,gsm8k_test_0347,cal,remove,C0_exact,gsm8k_copy
pairs_arith_v2.csv,3104,arithmetic,gsm8k_test_0347,cal,remove,C1_transformed,lmsys_rephrase
pairs_arith_v2.csv,3105,arithmetic,gsm8k_test_0347,cal,remove,C2_answer_bearing,gsm8k_solution_frag
pairs_arith_v2.csv,3106,arithmetic,gsm8k_test_0347,cal,retain,H2_same_template,gsmplus_numerical_substitution
pairs_arith_v2.csv,3107,arithmetic,gsm8k_test_0347,cal,remove,C1_transformed,gsmplus_problem_understanding
pairs_arith_v2.csv,3108,arithmetic,gsm8k_test_0347,cal,retain,H2_same_template,gsmplus_critical_thinking
pairs_arith_v2.csv,3109,arithmetic,gsm8k_test_0347,cal,retain,H1_same_topic,svamp
pairs_arith_v2.csv,3110,arithmetic,gsm8k_test_0347,cal,retain,H3_predating,asdiv
pairs_arith_v2.csv,3111,arithmetic,gsm8k_test_0347,cal,retain,R_random,truthfulqa
pairs_arith_v2.csv,3112,arithmetic,gsm8k_test_0348,cal,remove,C0_exact,gsm8k_copy
pairs_arith_v2.csv,3113,arithmetic,gsm8k_test_0348,cal,remove,C1_transformed,lmsys_rephrase
pairs_arith_v2.csv,3114,arithmetic,gsm8k_test_0348,cal,remove,C2_answer_bearing,gsm8k_solution_frag
pairs_arith_v2.csv,3115,arithmetic,gsm8k_test_0348,cal,retain,H2_same_template,gsmplus_numerical_substitution
pairs_arith_v2.csv,3116,arithmetic,gsm8k_test_0348,cal,remove,C1_transformed,gsmplus_problem_understanding
pairs_arith_v2.csv,3117,arithmetic,gsm8k_test_0348,cal,retain,H2_same_template,gsmplus_critical_thinking
pairs_arith_v2.csv,3118,arithmetic,gsm8k_test_0348,cal,retain,H1_same_topic,svamp
pairs_arith_v2.csv,3119,arithmetic,gsm8k_test_0348,cal,retain,H3_predating,asdiv
pairs_arith_v2.csv,3120,arithmetic,gsm8k_test_0348,cal,retain,R_random,truthfulqa
pairs_arith_v2.csv,3121,arithmetic,gsm8k_test_0349,cal,remove,C0_exact,gsm8k_copy
pairs_arith_v2.csv,3122,arithmetic,gsm8k_test_0349,cal,remove,C1_transformed,lmsys_rephrase
pairs_arith_v2.csv,3123,arithmetic,gsm8k_test_0349,cal,remove,C2_answer_bearing,gsm8k_solution_frag
pairs_arith_v2.csv,3124,arithmetic,gsm8k_test_0349,cal,retain,H2_same_template,gsmplus_numerical_substitution
pairs_arith_v2.csv,3125,arithmetic,gsm8k_test_0349,cal,remove,C1_transformed,gsmplus_problem_understanding
pairs_arith_v2.csv,3126,arithmetic,gsm8k_test_0349,cal,retain,H2_same_template,gsmplus_critical_thinking
pairs_arith_v2.csv,3127,arithmetic,gsm8k_test_0349,cal,retain,H1_same_topic,svamp
pairs_arith_v2.csv,3128,arithmetic,gsm8k_test_0349,cal,retain,H3_predating,asdiv
pairs_arith_v2.csv,3129,arithmetic,gsm8k_test_0349,cal,retain,R_random,truthfulqa
pairs_arith_v2.csv,3130,arithmetic,gsm8k_test_0350,cal,remove,C0_exact,gsm8k_copy
pairs_arith_v2.csv,3131,arithmetic,gsm8k_test_0350,cal,remove,C1_transformed,lmsys_rephrase
pairs_arith_v2.csv,3132,arithmetic,gsm8k_test_0350,cal,remove,C2_answer_bearing,gsm8k_solution_frag
pairs_arith_v2.csv,3133,arithmetic,gsm8k_test_0350,cal,retain,H2_same_template,gsmplus_numerical_substitution
pairs_arith_v2.csv,3134,arithmetic,gsm8k_test_0350,cal,remove,C1_transformed,gsmplus_problem_understanding
pairs_arith_v2.csv,3135,arithmetic,gsm8k_test_0350,cal,retain,H2_same_template,gsmplus_critical_thinking
pairs_arith_v2.csv,3136,arithmetic,gsm8k_test_0350,cal,retain,H1_same_topic,svamp
pairs_arith_v2.csv,3137,arithmetic,gsm8k_test_0350,cal,retain,H3_predating,asdiv
pairs_arith_v2.csv,3138,arithmetic,gsm8k_test_0350,cal,retain,R_random,truthfulqa
pairs_arith_v2.csv,3148,arithmetic,gsm8k_test_0352,cal,remove,C0_exact,gsm8k_copy
pairs_arith_v2.csv,3149,arithmetic,gsm8k_test_0352,cal,remove,C1_transformed,lmsys_rephrase
pairs_arith_v2.csv,3150,arithmetic,gsm8k_test_0352,cal,remove,C2_answer_bearing,gsm8k_solution_frag
pairs_arith_v2.csv,3151,arithmetic,gsm8k_test_0352,cal,retain,H2_same_template,gsmplus_numerical_substitution
pairs_arith_v2.csv,3152,arithmetic,gsm8k_test_0352,cal,remove,C1_transformed,gsmplus_problem_understanding
pairs_arith_v2.csv,3153,arithmetic,gsm8k_test_0352,cal,retain,H2_same_template,gsmplus_critical_thinking
pairs_arith_v2.csv,3154,arithmetic,gsm8k_test_0352,cal,retain,H1_same_topic,svamp
pairs_arith_v2.csv,3155,arithmetic,gsm8k_test_0352,cal,retain,H3_predating,asdiv
pairs_arith_v2.csv,3156,arithmetic,gsm8k_test_0352,cal,retain,R_random,truthfulqa
pairs_arith_v2.csv,3184,arithmetic,gsm8k_test_0356,cal,remove,C0_exact,gsm8k_copy
pairs_arith_v2.csv,3185,arithmetic,gsm8k_test_0356,cal,remove,C1_transformed,lmsys_rephrase
pairs_arith_v2.csv,3186,arithmetic,gsm8k_test_0356,cal,remove,C2_answer_bearing,gsm8k_solution_frag
pairs_arith_v2.csv,3187,arithmetic,gsm8k_test_0356,cal,retain,H2_same_template,gsmplus_numerical_substitution
pairs_arith_v2.csv,3188,arithmetic,gsm8k_test_0356,cal,remove,C1_transformed,gsmplus_problem_understanding
pairs_arith_v2.csv,3189,arithmetic,gsm8k_test_0356,cal,retain,H2_same_template,gsmplus_critical_thinking
pairs_arith_v2.csv,3190,arithmetic,gsm8k_test_0356,cal,retain,H1_same_topic,svamp
pairs_arith_v2.csv,3191,arithmetic,gsm8k_test_0356,cal,retain,H3_predating,asdiv
pairs_arith_v2.csv,3192,arithmetic,gsm8k_test_0356,cal,retain,R_random,truthfulqa
pairs_arith_v2.csv,3229,arithmetic,gsm8k_test_0361,cal,remove,C0_exact,gsm8k_copy
pairs_arith_v2.csv,3230,arithmetic,gsm8k_test_0361,cal,remove,C1_transformed,lmsys_rephrase
pairs_arith_v2.csv,3231,arithmetic,gsm8k_test_0361,cal,remove,C2_answer_bearing,gsm8k_solution_frag
pairs_arith_v2.csv,3232,arithmetic,gsm8k_test_0361,cal,remove,C1_transformed,gsmplus_problem_understanding
pairs_arith_v2.csv,3233,arithmetic,gsm8k_test_0361,cal,retain,H2_same_template,gsmplus_critical_thinking
pairs_arith_v2.csv,3234,arithmetic,gsm8k_test_0361,cal,retain,H1_same_topic,svamp
pairs_arith_v2.csv,3235,arithmetic,gsm8k_test_0361,cal,retain,H3_predating,asdiv
pairs_arith_v2.csv,3236,arithmetic,gsm8k_test_0361,cal,retain,R_random,truthfulqa
pairs_arith_v2.csv,3246,arithmetic,gsm8k_test_0363,cal,remove,C0_exact,gsm8k_copy
pairs_arith_v2.csv,3247,arithmetic,gsm8k_test_0363,cal,remove,C1_transformed,lmsys_rephrase
pairs_arith_v2.csv,3248,arithmetic,gsm8k_test_0363,cal,remove,C2_answer_bearing,gsm8k_solution_frag
pairs_arith_v2.csv,3249,arithmetic,gsm8k_test_0363,cal,retain,H2_same_template,gsmplus_numerical_substitution
pairs_arith_v2.csv,3250,arithmetic,gsm8k_test_0363,cal,remove,C1_transformed,gsmplus_problem_understanding
pairs_arith_v2.csv,3251,arithmetic,gsm8k_test_0363,cal,retain,H2_same_template,gsmplus_critical_thinking
pairs_arith_v2.csv,3252,arithmetic,gsm8k_test_0363,cal,retain,H1_same_topic,svamp
pairs_arith_v2.csv,3253,arithmetic,gsm8k_test_0363,cal,retain,H3_predating,asdiv
pairs_arith_v2.csv,3254,arithmetic,gsm8k_test_0363,cal,retain,R_random,truthfulqa
pairs_arith_v2.csv,3255,arithmetic,gsm8k_test_0364,cal,remove,C0_exact,gsm8k_copy
pairs_arith_v2.csv,3256,arithmetic,gsm8k_test_0364,cal,remove,C1_transformed,lmsys_rephrase
pairs_arith_v2.csv,3257,arithmetic,gsm8k_test_0364,cal,remove,C2_answer_bearing,gsm8k_solution_frag
pairs_arith_v2.csv,3258,arithmetic,gsm8k_test_0364,cal,retain,H2_same_template,gsmplus_numerical_substitution
pairs_arith_v2.csv,3259,arithmetic,gsm8k_test_0364,cal,remove,C1_transformed,gsmplus_problem_understanding
pairs_arith_v2.csv,3260,arithmetic,gsm8k_test_0364,cal,retain,H2_same_template,gsmplus_critical_thinking
pairs_arith_v2.csv,3261,arithmetic,gsm8k_test_0364,cal,retain,H1_same_topic,svamp
pairs_arith_v2.csv,3262,arithmetic,gsm8k_test_0364,cal,retain,H3_predating,asdiv
pairs_arith_v2.csv,3263,arithmetic,gsm8k_test_0364,cal,retain,R_random,truthfulqa
pairs_arith_v2.csv,3264,arithmetic,gsm8k_test_0365,cal,remove,C0_exact,gsm8k_copy
pairs_arith_v2.csv,3265,arithmetic,gsm8k_test_0365,cal,remove,C1_transformed,lmsys_rephrase
pairs_arith_v2.csv,3266,arithmetic,gsm8k_test_0365,cal,remove,C2_answer_bearing,gsm8k_solution_frag
pairs_arith_v2.csv,3267,arithmetic,gsm8k_test_0365,cal,retain,H2_same_template,gsmplus_numerical_substitution
pairs_arith_v2.csv,3268,arithmetic,gsm8k_test_0365,cal,remove,C1_transformed,gsmplus_problem_understanding
pairs_arith_v2.csv,3269,arithmetic,gsm8k_test_0365,cal,retain,H2_same_template,gsmplus_critical_thinking
pairs_arith_v2.csv,3270,arithmetic,gsm8k_test_0365,cal,retain,H1_same_topic,svamp
pairs_arith_v2.csv,3271,arithmetic,gsm8k_test_0365,cal,retain,H3_predating,asdiv
pairs_arith_v2.csv,3272,arithmetic,gsm8k_test_0365,cal,retain,R_random,truthfulqa
pairs_arith_v2.csv,3336,arithmetic,gsm8k_test_0373,cal,remove,C0_exact,gsm8k_copy
pairs_arith_v2.csv,3337,arithmetic,gsm8k_test_0373,cal,remove,C1_transformed,lmsys_rephrase
pairs_arith_v2.csv,3338,arithmetic,gsm8k_test_0373,cal,remove,C2_answer_bearing,gsm8k_solution_frag
pairs_arith_v2.csv,3339,arithmetic,gsm8k_test_0373,cal,retain,H2_same_template,gsmplus_numerical_substitution
pairs_arith_v2.csv,3340,arithmetic,gsm8k_test_0373,cal,remove,C1_transformed,gsmplus_problem_understanding
pairs_arith_v2.csv,3341,arithmetic,gsm8k_test_0373,cal,retain,H2_same_template,gsmplus_critical_thinking
pairs_arith_v2.csv,3342,arithmetic,gsm8k_test_0373,cal,retain,H1_same_topic,svamp
pairs_arith_v2.csv,3343,arithmetic,gsm8k_test_0373,cal,retain,H3_predating,asdiv
pairs_arith_v2.csv,3344,arithmetic,gsm8k_test_0373,cal,retain,R_random,truthfulqa
pairs_arith_v2.csv,3363,arithmetic,gsm8k_test_0376,cal,remove,C0_exact,gsm8k_copy
pairs_arith_v2.csv,3364,arithmetic,gsm8k_test_0376,cal,remove,C1_transformed,lmsys_rephrase
pairs_arith_v2.csv,3365,arithmetic,gsm8k_test_0376,cal,remove,C2_answer_bearing,gsm8k_solution_frag
pairs_arith_v2.csv,3366,arithmetic,gsm8k_test_0376,cal,retain,H2_same_template,gsmplus_numerical_substitution
pairs_arith_v2.csv,3367,arithmetic,gsm8k_test_0376,cal,remove,C1_transformed,gsmplus_problem_understanding
pairs_arith_v2.csv,3368,arithmetic,gsm8k_test_0376,cal,retain,H2_same_template,gsmplus_critical_thinking
pairs_arith_v2.csv,3369,arithmetic,gsm8k_test_0376,cal,retain,H1_same_topic,svamp
pairs_arith_v2.csv,3370,arithmetic,gsm8k_test_0376,cal,retain,H3_predating,asdiv
pairs_arith_v2.csv,3371,arithmetic,gsm8k_test_0376,cal,retain,R_random,truthfulqa
pairs_arith_v2.csv,3381,arithmetic,gsm8k_test_0378,cal,remove,C0_exact,gsm8k_copy
pairs_arith_v2.csv,3382,arithmetic,gsm8k_test_0378,cal,remove,C1_transformed,lmsys_rephrase
pairs_arith_v2.csv,3383,arithmetic,gsm8k_test_0378,cal,remove,C2_answer_bearing,gsm8k_solution_frag
pairs_arith_v2.csv,3384,arithmetic,gsm8k_test_0378,cal,remove,C1_transformed,gsmplus_problem_understanding
pairs_arith_v2.csv,3385,arithmetic,gsm8k_test_0378,cal,retain,H2_same_template,gsmplus_critical_thinking
pairs_arith_v2.csv,3386,arithmetic,gsm8k_test_0378,cal,retain,H1_same_topic,svamp
pairs_arith_v2.csv,3387,arithmetic,gsm8k_test_0378,cal,retain,H3_predating,asdiv
pairs_arith_v2.csv,3388,arithmetic,gsm8k_test_0378,cal,retain,R_random,truthfulqa
pairs_arith_v2.csv,3425,arithmetic,gsm8k_test_0383,cal,remove,C0_exact,gsm8k_copy
pairs_arith_v2.csv,3426,arithmetic,gsm8k_test_0383,cal,remove,C1_transformed,lmsys_rephrase
pairs_arith_v2.csv,3427,arithmetic,gsm8k_test_0383,cal,remove,C2_answer_bearing,gsm8k_solution_frag
pairs_arith_v2.csv,3428,arithmetic,gsm8k_test_0383,cal,retain,H2_same_template,gsmplus_numerical_substitution
pairs_arith_v2.csv,3429,arithmetic,gsm8k_test_0383,cal,remove,C1_transformed,gsmplus_problem_understanding
pairs_arith_v2.csv,3430,arithmetic,gsm8k_test_0383,cal,retain,H2_same_template,gsmplus_critical_thinking
pairs_arith_v2.csv,3431,arithmetic,gsm8k_test_0383,cal,retain,H1_same_topic,svamp
pairs_arith_v2.csv,3432,arithmetic,gsm8k_test_0383,cal,retain,H3_predating,asdiv
pairs_arith_v2.csv,3433,arithmetic,gsm8k_test_0383,cal,retain,R_random,truthfulqa
pairs_arith_v2.csv,3434,arithmetic,gsm8k_test_0384,cal,remove,C0_exact,gsm8k_copy
pairs_arith_v2.csv,3435,arithmetic,gsm8k_test_0384,cal,remove,C1_transformed,lmsys_rephrase
pairs_arith_v2.csv,3436,arithmetic,gsm8k_test_0384,cal,remove,C2_answer_bearing,gsm8k_solution_frag
pairs_arith_v2.csv,3437,arithmetic,gsm8k_test_0384,cal,retain,H2_same_template,gsmplus_numerical_substitution
pairs_arith_v2.csv,3438,arithmetic,gsm8k_test_0384,cal,remove,C1_transformed,gsmplus_problem_understanding
pairs_arith_v2.csv,3439,arithmetic,gsm8k_test_0384,cal,retain,H2_same_template,gsmplus_critical_thinking
pairs_arith_v2.csv,3440,arithmetic,gsm8k_test_0384,cal,retain,H1_same_topic,svamp
pairs_arith_v2.csv,3441,arithmetic,gsm8k_test_0384,cal,retain,H3_predating,asdiv
pairs_arith_v2.csv,3442,arithmetic,gsm8k_test_0384,cal,retain,R_random,truthfulqa
pairs_arith_v2.csv,3443,arithmetic,gsm8k_test_0385,cal,remove,C0_exact,gsm8k_copy
pairs_arith_v2.csv,3444,arithmetic,gsm8k_test_0385,cal,remove,C1_transformed,lmsys_rephrase
pairs_arith_v2.csv,3445,arithmetic,gsm8k_test_0385,cal,remove,C2_answer_bearing,gsm8k_solution_frag
pairs_arith_v2.csv,3446,arithmetic,gsm8k_test_0385,cal,retain,H2_same_template,gsmplus_numerical_substitution
pairs_arith_v2.csv,3447,arithmetic,gsm8k_test_0385,cal,remove,C1_transformed,gsmplus_problem_understanding
pairs_arith_v2.csv,3448,arithmetic,gsm8k_test_0385,cal,retain,H2_same_template,gsmplus_critical_thinking
pairs_arith_v2.csv,3449,arithmetic,gsm8k_test_0385,cal,retain,H1_same_topic,svamp
pairs_arith_v2.csv,3450,arithmetic,gsm8k_test_0385,cal,retain,H3_predating,asdiv
pairs_arith_v2.csv,3451,arithmetic,gsm8k_test_0385,cal,retain,R_random,truthfulqa
pairs_arith_v2.csv,3488,arithmetic,gsm8k_test_0390,cal,remove,C0_exact,gsm8k_copy
pairs_arith_v2.csv,3489,arithmetic,gsm8k_test_0390,cal,remove,C1_transformed,lmsys_rephrase
pairs_arith_v2.csv,3490,arithmetic,gsm8k_test_0390,cal,remove,C2_answer_bearing,gsm8k_solution_frag
pairs_arith_v2.csv,3491,arithmetic,gsm8k_test_0390,cal,retain,H2_same_template,gsmplus_numerical_substitution
pairs_arith_v2.csv,3492,arithmetic,gsm8k_test_0390,cal,remove,C1_transformed,gsmplus_problem_understanding
pairs_arith_v2.csv,3493,arithmetic,gsm8k_test_0390,cal,retain,H2_same_template,gsmplus_critical_thinking
pairs_arith_v2.csv,3494,arithmetic,gsm8k_test_0390,cal,retain,H1_same_topic,svamp
pairs_arith_v2.csv,3495,arithmetic,gsm8k_test_0390,cal,retain,H3_predating,asdiv
pairs_arith_v2.csv,3496,arithmetic,gsm8k_test_0390,cal,retain,R_random,truthfulqa
pairs_arith_v2.csv,3533,arithmetic,gsm8k_test_0395,cal,remove,C0_exact,gsm8k_copy
pairs_arith_v2.csv,3534,arithmetic,gsm8k_test_0395,cal,remove,C1_transformed,lmsys_rephrase
pairs_arith_v2.csv,3535,arithmetic,gsm8k_test_0395,cal,remove,C2_answer_bearing,gsm8k_solution_frag
pairs_arith_v2.csv,3536,arithmetic,gsm8k_test_0395,cal,retain,H2_same_template,gsmplus_numerical_substitution
pairs_arith_v2.csv,3537,arithmetic,gsm8k_test_0395,cal,remove,C1_transformed,gsmplus_problem_understanding
pairs_arith_v2.csv,3538,arithmetic,gsm8k_test_0395,cal,retain,H2_same_template,gsmplus_critical_thinking
pairs_arith_v2.csv,3539,arithmetic,gsm8k_test_0395,cal,retain,H1_same_topic,svamp
pairs_arith_v2.csv,3540,arithmetic,gsm8k_test_0395,cal,retain,H3_predating,asdiv
pairs_arith_v2.csv,3541,arithmetic,gsm8k_test_0395,cal,retain,R_random,truthfulqa
pairs_arith_v2.csv,3560,arithmetic,gsm8k_test_0398,cal,remove,C0_exact,gsm8k_copy
pairs_arith_v2.csv,3561,arithmetic,gsm8k_test_0398,cal,remove,C1_transformed,lmsys_rephrase
pairs_arith_v2.csv,3562,arithmetic,gsm8k_test_0398,cal,remove,C2_answer_bearing,gsm8k_solution_frag
pairs_arith_v2.csv,3563,arithmetic,gsm8k_test_0398,cal,retain,H2_same_template,gsmplus_numerical_substitution
pairs_arith_v2.csv,3564,arithmetic,gsm8k_test_0398,cal,remove,C1_transformed,gsmplus_problem_understanding
pairs_arith_v2.csv,3565,arithmetic,gsm8k_test_0398,cal,retain,H2_same_template,gsmplus_critical_thinking
pairs_arith_v2.csv,3566,arithmetic,gsm8k_test_0398,cal,retain,H1_same_topic,svamp
pairs_arith_v2.csv,3567,arithmetic,gsm8k_test_0398,cal,retain,H3_predating,asdiv
pairs_arith_v2.csv,3568,arithmetic,gsm8k_test_0398,cal,retain,R_random,truthfulqa
pairs_arith_v2.csv,3631,arithmetic,gsm8k_test_0406,cal,remove,C0_exact,gsm8k_copy
pairs_arith_v2.csv,3632,arithmetic,gsm8k_test_0406,cal,remove,C1_transformed,lmsys_rephrase
pairs_arith_v2.csv,3633,arithmetic,gsm8k_test_0406,cal,remove,C2_answer_bearing,gsm8k_solution_frag
pairs_arith_v2.csv,3634,arithmetic,gsm8k_test_0406,cal,retain,H2_same_template,gsmplus_numerical_substitution
pairs_arith_v2.csv,3635,arithmetic,gsm8k_test_0406,cal,remove,C1_transformed,gsmplus_problem_understanding
pairs_arith_v2.csv,3636,arithmetic,gsm8k_test_0406,cal,retain,H2_same_template,gsmplus_critical_thinking
pairs_arith_v2.csv,3637,arithmetic,gsm8k_test_0406,cal,retain,H1_same_topic,svamp
pairs_arith_v2.csv,3638,arithmetic,gsm8k_test_0406,cal,retain,H3_predating,asdiv
pairs_arith_v2.csv,3639,arithmetic,gsm8k_test_0406,cal,retain,R_random,truthfulqa
pairs_arith_v2.csv,3703,arithmetic,gsm8k_test_0414,cal,remove,C0_exact,gsm8k_copy
pairs_arith_v2.csv,3704,arithmetic,gsm8k_test_0414,cal,remove,C1_transformed,lmsys_rephrase
pairs_arith_v2.csv,3705,arithmetic,gsm8k_test_0414,cal,remove,C2_answer_bearing,gsm8k_solution_frag
pairs_arith_v2.csv,3706,arithmetic,gsm8k_test_0414,cal,retain,H2_same_template,gsmplus_numerical_substitution
pairs_arith_v2.csv,3707,arithmetic,gsm8k_test_0414,cal,remove,C1_transformed,gsmplus_problem_understanding
pairs_arith_v2.csv,3708,arithmetic,gsm8k_test_0414,cal,retain,H2_same_template,gsmplus_critical_thinking
pairs_arith_v2.csv,3709,arithmetic,gsm8k_test_0414,cal,retain,H1_same_topic,svamp
pairs_arith_v2.csv,3710,arithmetic,gsm8k_test_0414,cal,retain,H3_predating,asdiv
pairs_arith_v2.csv,3711,arithmetic,gsm8k_test_0414,cal,retain,R_random,truthfulqa
pairs_arith_v2.csv,3712,arithmetic,gsm8k_test_0415,cal,remove,C0_exact,gsm8k_copy
pairs_arith_v2.csv,3713,arithmetic,gsm8k_test_0415,cal,remove,C1_transformed,lmsys_rephrase
pairs_arith_v2.csv,3714,arithmetic,gsm8k_test_0415,cal,remove,C2_answer_bearing,gsm8k_solution_frag
pairs_arith_v2.csv,3715,arithmetic,gsm8k_test_0415,cal,retain,H2_same_template,gsmplus_numerical_substitution
pairs_arith_v2.csv,3716,arithmetic,gsm8k_test_0415,cal,remove,C1_transformed,gsmplus_problem_understanding
pairs_arith_v2.csv,3717,arithmetic,gsm8k_test_0415,cal,retain,H2_same_template,gsmplus_critical_thinking
pairs_arith_v2.csv,3718,arithmetic,gsm8k_test_0415,cal,retain,H1_same_topic,svamp
pairs_arith_v2.csv,3719,arithmetic,gsm8k_test_0415,cal,retain,H3_predating,asdiv
pairs_arith_v2.csv,3720,arithmetic,gsm8k_test_0415,cal,retain,R_random,truthfulqa
pairs_arith_v2.csv,3721,arithmetic,gsm8k_test_0416,cal,remove,C0_exact,gsm8k_copy
pairs_arith_v2.csv,3722,arithmetic,gsm8k_test_0416,cal,remove,C1_transformed,lmsys_rephrase
pairs_arith_v2.csv,3723,arithmetic,gsm8k_test_0416,cal,remove,C2_answer_bearing,gsm8k_solution_frag
pairs_arith_v2.csv,3724,arithmetic,gsm8k_test_0416,cal,retain,H2_same_template,gsmplus_numerical_substitution
pairs_arith_v2.csv,3725,arithmetic,gsm8k_test_0416,cal,remove,C1_transformed,gsmplus_problem_understanding
pairs_arith_v2.csv,3726,arithmetic,gsm8k_test_0416,cal,retain,H2_same_template,gsmplus_critical_thinking
pairs_arith_v2.csv,3727,arithmetic,gsm8k_test_0416,cal,retain,H1_same_topic,svamp
pairs_arith_v2.csv,3728,arithmetic,gsm8k_test_0416,cal,retain,H3_predating,asdiv
pairs_arith_v2.csv,3729,arithmetic,gsm8k_test_0416,cal,retain,R_random,truthfulqa
pairs_arith_v2.csv,3784,arithmetic,gsm8k_test_0423,cal,remove,C0_exact,gsm8k_copy
pairs_arith_v2.csv,3785,arithmetic,gsm8k_test_0423,cal,remove,C1_transformed,lmsys_rephrase
pairs_arith_v2.csv,3786,arithmetic,gsm8k_test_0423,cal,remove,C2_answer_bearing,gsm8k_solution_frag
pairs_arith_v2.csv,3787,arithmetic,gsm8k_test_0423,cal,retain,H2_same_template,gsmplus_numerical_substitution
pairs_arith_v2.csv,3788,arithmetic,gsm8k_test_0423,cal,remove,C1_transformed,gsmplus_problem_understanding
pairs_arith_v2.csv,3789,arithmetic,gsm8k_test_0423,cal,retain,H2_same_template,gsmplus_critical_thinking
pairs_arith_v2.csv,3790,arithmetic,gsm8k_test_0423,cal,retain,H1_same_topic,svamp
pairs_arith_v2.csv,3791,arithmetic,gsm8k_test_0423,cal,retain,H3_predating,asdiv
pairs_arith_v2.csv,3792,arithmetic,gsm8k_test_0423,cal,retain,R_random,truthfulqa
pairs_arith_v2.csv,3856,arithmetic,gsm8k_test_0431,cal,remove,C0_exact,gsm8k_copy
pairs_arith_v2.csv,3857,arithmetic,gsm8k_test_0431,cal,remove,C1_transformed,lmsys_rephrase
pairs_arith_v2.csv,3858,arithmetic,gsm8k_test_0431,cal,remove,C2_answer_bearing,gsm8k_solution_frag
pairs_arith_v2.csv,3859,arithmetic,gsm8k_test_0431,cal,retain,H2_same_template,gsmplus_numerical_substitution
pairs_arith_v2.csv,3860,arithmetic,gsm8k_test_0431,cal,remove,C1_transformed,gsmplus_problem_understanding
pairs_arith_v2.csv,3861,arithmetic,gsm8k_test_0431,cal,retain,H2_same_template,gsmplus_critical_thinking
pairs_arith_v2.csv,3862,arithmetic,gsm8k_test_0431,cal,retain,H1_same_topic,svamp
pairs_arith_v2.csv,3863,arithmetic,gsm8k_test_0431,cal,retain,H3_predating,asdiv
pairs_arith_v2.csv,3864,arithmetic,gsm8k_test_0431,cal,retain,R_random,truthfulqa
pairs_arith_v2.csv,3901,arithmetic,gsm8k_test_0436,cal,remove,C0_exact,gsm8k_copy
pairs_arith_v2.csv,3902,arithmetic,gsm8k_test_0436,cal,remove,C1_transformed,lmsys_rephrase
pairs_arith_v2.csv,3903,arithmetic,gsm8k_test_0436,cal,remove,C2_answer_bearing,gsm8k_solution_frag
pairs_arith_v2.csv,3904,arithmetic,gsm8k_test_0436,cal,retain,H2_same_template,gsmplus_numerical_substitution
pairs_arith_v2.csv,3905,arithmetic,gsm8k_test_0436,cal,remove,C1_transformed,gsmplus_problem_understanding
pairs_arith_v2.csv,3906,arithmetic,gsm8k_test_0436,cal,retain,H2_same_template,gsmplus_critical_thinking
pairs_arith_v2.csv,3907,arithmetic,gsm8k_test_0436,cal,retain,H1_same_topic,svamp
pairs_arith_v2.csv,3908,arithmetic,gsm8k_test_0436,cal,retain,H3_predating,asdiv
pairs_arith_v2.csv,3909,arithmetic,gsm8k_test_0436,cal,retain,R_random,truthfulqa
pairs_arith_v2.csv,3910,arithmetic,gsm8k_test_0437,cal,remove,C0_exact,gsm8k_copy
pairs_arith_v2.csv,3911,arithmetic,gsm8k_test_0437,cal,remove,C1_transformed,lmsys_rephrase
pairs_arith_v2.csv,3912,arithmetic,gsm8k_test_0437,cal,remove,C2_answer_bearing,gsm8k_solution_frag
pairs_arith_v2.csv,3913,arithmetic,gsm8k_test_0437,cal,retain,H2_same_template,gsmplus_numerical_substitution
pairs_arith_v2.csv,3914,arithmetic,gsm8k_test_0437,cal,remove,C1_transformed,gsmplus_problem_understanding
pairs_arith_v2.csv,3915,arithmetic,gsm8k_test_0437,cal,retain,H2_same_template,gsmplus_critical_thinking
pairs_arith_v2.csv,3916,arithmetic,gsm8k_test_0437,cal,retain,H1_same_topic,svamp
pairs_arith_v2.csv,3917,arithmetic,gsm8k_test_0437,cal,retain,H3_predating,asdiv
pairs_arith_v2.csv,3918,arithmetic,gsm8k_test_0437,cal,retain,R_random,truthfulqa
pairs_arith_v2.csv,3919,arithmetic,gsm8k_test_0438,cal,remove,C0_exact,gsm8k_copy
pairs_arith_v2.csv,3920,arithmetic,gsm8k_test_0438,cal,remove,C1_transformed,lmsys_rephrase
pairs_arith_v2.csv,3921,arithmetic,gsm8k_test_0438,cal,remove,C2_answer_bearing,gsm8k_solution_frag
pairs_arith_v2.csv,3922,arithmetic,gsm8k_test_0438,cal,retain,H2_same_template,gsmplus_numerical_substitution
pairs_arith_v2.csv,3923,arithmetic,gsm8k_test_0438,cal,remove,C1_transformed,gsmplus_problem_understanding
pairs_arith_v2.csv,3924,arithmetic,gsm8k_test_0438,cal,retain,H2_same_template,gsmplus_critical_thinking
pairs_arith_v2.csv,3925,arithmetic,gsm8k_test_0438,cal,retain,H1_same_topic,svamp
pairs_arith_v2.csv,3926,arithmetic,gsm8k_test_0438,cal,retain,H3_predating,asdiv
pairs_arith_v2.csv,3927,arithmetic,gsm8k_test_0438,cal,retain,R_random,truthfulqa
pairs_arith_v2.csv,3946,arithmetic,gsm8k_test_0441,cal,remove,C0_exact,gsm8k_copy
pairs_arith_v2.csv,3947,arithmetic,gsm8k_test_0441,cal,remove,C1_transformed,lmsys_rephrase
pairs_arith_v2.csv,3948,arithmetic,gsm8k_test_0441,cal,remove,C2_answer_bearing,gsm8k_solution_frag
pairs_arith_v2.csv,3949,arithmetic,gsm8k_test_0441,cal,retain,H2_same_template,gsmplus_numerical_substitution
pairs_arith_v2.csv,3950,arithmetic,gsm8k_test_0441,cal,remove,C1_transformed,gsmplus_problem_understanding
pairs_arith_v2.csv,3951,arithmetic,gsm8k_test_0441,cal,retain,H2_same_template,gsmplus_critical_thinking
pairs_arith_v2.csv,3952,arithmetic,gsm8k_test_0441,cal,retain,H1_same_topic,svamp
pairs_arith_v2.csv,3953,arithmetic,gsm8k_test_0441,cal,retain,H3_predating,asdiv
pairs_arith_v2.csv,3954,arithmetic,gsm8k_test_0441,cal,retain,R_random,truthfulqa
pairs_arith_v2.csv,3964,arithmetic,gsm8k_test_0443,cal,remove,C0_exact,gsm8k_copy
pairs_arith_v2.csv,3965,arithmetic,gsm8k_test_0443,cal,remove,C1_transformed,lmsys_rephrase
pairs_arith_v2.csv,3966,arithmetic,gsm8k_test_0443,cal,remove,C2_answer_bearing,gsm8k_solution_frag
pairs_arith_v2.csv,3967,arithmetic,gsm8k_test_0443,cal,retain,H2_same_template,gsmplus_numerical_substitution
pairs_arith_v2.csv,3968,arithmetic,gsm8k_test_0443,cal,remove,C1_transformed,gsmplus_problem_understanding
pairs_arith_v2.csv,3969,arithmetic,gsm8k_test_0443,cal,retain,H2_same_template,gsmplus_critical_thinking
pairs_arith_v2.csv,3970,arithmetic,gsm8k_test_0443,cal,retain,H1_same_topic,svamp
pairs_arith_v2.csv,3971,arithmetic,gsm8k_test_0443,cal,retain,H3_predating,asdiv
pairs_arith_v2.csv,3972,arithmetic,gsm8k_test_0443,cal,retain,R_random,truthfulqa
pairs_arith_v2.csv,3973,arithmetic,gsm8k_test_0444,cal,remove,C0_exact,gsm8k_copy
pairs_arith_v2.csv,3974,arithmetic,gsm8k_test_0444,cal,remove,C1_transformed,lmsys_rephrase
pairs_arith_v2.csv,3975,arithmetic,gsm8k_test_0444,cal,remove,C2_answer_bearing,gsm8k_solution_frag
pairs_arith_v2.csv,3976,arithmetic,gsm8k_test_0444,cal,retain,H2_same_template,gsmplus_numerical_substitution
pairs_arith_v2.csv,3977,arithmetic,gsm8k_test_0444,cal,remove,C1_transformed,gsmplus_problem_understanding
pairs_arith_v2.csv,3978,arithmetic,gsm8k_test_0444,cal,retain,H2_same_template,gsmplus_critical_thinking
pairs_arith_v2.csv,3979,arithmetic,gsm8k_test_0444,cal,retain,H1_same_topic,svamp
pairs_arith_v2.csv,3980,arithmetic,gsm8k_test_0444,cal,retain,H3_predating,asdiv
pairs_arith_v2.csv,3981,arithmetic,gsm8k_test_0444,cal,retain,R_random,truthfulqa
pairs_arith_v2.csv,3982,arithmetic,gsm8k_test_0445,cal,remove,C0_exact,gsm8k_copy
pairs_arith_v2.csv,3983,arithmetic,gsm8k_test_0445,cal,remove,C1_transformed,lmsys_rephrase
pairs_arith_v2.csv,3984,arithmetic,gsm8k_test_0445,cal,remove,C2_answer_bearing,gsm8k_solution_frag
pairs_arith_v2.csv,3985,arithmetic,gsm8k_test_0445,cal,retain,H2_same_template,gsmplus_numerical_substitution
pairs_arith_v2.csv,3986,arithmetic,gsm8k_test_0445,cal,remove,C1_transformed,gsmplus_problem_understanding
pairs_arith_v2.csv,3987,arithmetic,gsm8k_test_0445,cal,retain,H2_same_template,gsmplus_critical_thinking
pairs_arith_v2.csv,3988,arithmetic,gsm8k_test_0445,cal,retain,H1_same_topic,svamp
pairs_arith_v2.csv,3989,arithmetic,gsm8k_test_0445,cal,retain,H3_predating,asdiv
pairs_arith_v2.csv,3990,arithmetic,gsm8k_test_0445,cal,retain,R_random,truthfulqa
pairs_arith_v2.csv,3991,arithmetic,gsm8k_test_0446,cal,remove,C0_exact,gsm8k_copy
pairs_arith_v2.csv,3992,arithmetic,gsm8k_test_0446,cal,remove,C1_transformed,lmsys_rephrase
pairs_arith_v2.csv,3993,arithmetic,gsm8k_test_0446,cal,remove,C2_answer_bearing,gsm8k_solution_frag
pairs_arith_v2.csv,3994,arithmetic,gsm8k_test_0446,cal,retain,H2_same_template,gsmplus_numerical_substitution
pairs_arith_v2.csv,3995,arithmetic,gsm8k_test_0446,cal,remove,C1_transformed,gsmplus_problem_understanding
pairs_arith_v2.csv,3996,arithmetic,gsm8k_test_0446,cal,retain,H2_same_template,gsmplus_critical_thinking
pairs_arith_v2.csv,3997,arithmetic,gsm8k_test_0446,cal,retain,H1_same_topic,svamp
pairs_arith_v2.csv,3998,arithmetic,gsm8k_test_0446,cal,retain,H3_predating,asdiv
pairs_arith_v2.csv,3999,arithmetic,gsm8k_test_0446,cal,retain,R_random,truthfulqa
pairs_arith_v2.csv,4108,arithmetic,gsm8k_test_0459,cal,remove,C0_exact,gsm8k_copy
pairs_arith_v2.csv,4109,arithmetic,gsm8k_test_0459,cal,remove,C1_transformed,lmsys_rephrase
pairs_arith_v2.csv,4110,arithmetic,gsm8k_test_0459,cal,remove,C2_answer_bearing,gsm8k_solution_frag
pairs_arith_v2.csv,4111,arithmetic,gsm8k_test_0459,cal,retain,H2_same_template,gsmplus_numerical_substitution
pairs_arith_v2.csv,4112,arithmetic,gsm8k_test_0459,cal,remove,C1_transformed,gsmplus_problem_understanding
pairs_arith_v2.csv,4113,arithmetic,gsm8k_test_0459,cal,retain,H2_same_template,gsmplus_critical_thinking
pairs_arith_v2.csv,4114,arithmetic,gsm8k_test_0459,cal,retain,H1_same_topic,svamp
pairs_arith_v2.csv,4115,arithmetic,gsm8k_test_0459,cal,retain,H3_predating,asdiv
pairs_arith_v2.csv,4116,arithmetic,gsm8k_test_0459,cal,retain,R_random,truthfulqa
pairs_arith_v2.csv,4144,arithmetic,gsm8k_test_0463,cal,remove,C0_exact,gsm8k_copy
pairs_arith_v2.csv,4145,arithmetic,gsm8k_test_0463,cal,remove,C1_transformed,lmsys_rephrase
pairs_arith_v2.csv,4146,arithmetic,gsm8k_test_0463,cal,remove,C2_answer_bearing,gsm8k_solution_frag
pairs_arith_v2.csv,4147,arithmetic,gsm8k_test_0463,cal,retain,H2_same_template,gsmplus_numerical_substitution
pairs_arith_v2.csv,4148,arithmetic,gsm8k_test_0463,cal,remove,C1_transformed,gsmplus_problem_understanding
pairs_arith_v2.csv,4149,arithmetic,gsm8k_test_0463,cal,retain,H2_same_template,gsmplus_critical_thinking
pairs_arith_v2.csv,4150,arithmetic,gsm8k_test_0463,cal,retain,H1_same_topic,svamp
pairs_arith_v2.csv,4151,arithmetic,gsm8k_test_0463,cal,retain,H3_predating,asdiv
pairs_arith_v2.csv,4152,arithmetic,gsm8k_test_0463,cal,retain,R_random,truthfulqa
pairs_arith_v2.csv,4171,arithmetic,gsm8k_test_0466,cal,remove,C0_exact,gsm8k_copy
pairs_arith_v2.csv,4172,arithmetic,gsm8k_test_0466,cal,remove,C1_transformed,lmsys_rephrase
pairs_arith_v2.csv,4173,arithmetic,gsm8k_test_0466,cal,remove,C2_answer_bearing,gsm8k_solution_frag
pairs_arith_v2.csv,4174,arithmetic,gsm8k_test_0466,cal,retain,H2_same_template,gsmplus_numerical_substitution
pairs_arith_v2.csv,4175,arithmetic,gsm8k_test_0466,cal,remove,C1_transformed,gsmplus_problem_understanding
pairs_arith_v2.csv,4176,arithmetic,gsm8k_test_0466,cal,retain,H2_same_template,gsmplus_critical_thinking
pairs_arith_v2.csv,4177,arithmetic,gsm8k_test_0466,cal,retain,H1_same_topic,svamp
pairs_arith_v2.csv,4178,arithmetic,gsm8k_test_0466,cal,retain,H3_predating,asdiv
pairs_arith_v2.csv,4179,arithmetic,gsm8k_test_0466,cal,retain,R_random,truthfulqa
pairs_arith_v2.csv,4180,arithmetic,gsm8k_test_0467,cal,remove,C0_exact,gsm8k_copy
pairs_arith_v2.csv,4181,arithmetic,gsm8k_test_0467,cal,remove,C1_transformed,lmsys_rephrase
pairs_arith_v2.csv,4182,arithmetic,gsm8k_test_0467,cal,remove,C2_answer_bearing,gsm8k_solution_frag
pairs_arith_v2.csv,4183,arithmetic,gsm8k_test_0467,cal,retain,H2_same_template,gsmplus_numerical_substitution
pairs_arith_v2.csv,4184,arithmetic,gsm8k_test_0467,cal,remove,C1_transformed,gsmplus_problem_understanding
pairs_arith_v2.csv,4185,arithmetic,gsm8k_test_0467,cal,retain,H2_same_template,gsmplus_critical_thinking
pairs_arith_v2.csv,4186,arithmetic,gsm8k_test_0467,cal,retain,H1_same_topic,svamp
pairs_arith_v2.csv,4187,arithmetic,gsm8k_test_0467,cal,retain,H3_predating,asdiv
pairs_arith_v2.csv,4188,arithmetic,gsm8k_test_0467,cal,retain,R_random,truthfulqa
pairs_arith_v2.csv,4189,arithmetic,gsm8k_test_0468,cal,remove,C0_exact,gsm8k_copy
pairs_arith_v2.csv,4190,arithmetic,gsm8k_test_0468,cal,remove,C1_transformed,lmsys_rephrase
pairs_arith_v2.csv,4191,arithmetic,gsm8k_test_0468,cal,remove,C2_answer_bearing,gsm8k_solution_frag
pairs_arith_v2.csv,4192,arithmetic,gsm8k_test_0468,cal,retain,H2_same_template,gsmplus_numerical_substitution
pairs_arith_v2.csv,4193,arithmetic,gsm8k_test_0468,cal,remove,C1_transformed,gsmplus_problem_understanding
pairs_arith_v2.csv,4194,arithmetic,gsm8k_test_0468,cal,retain,H2_same_template,gsmplus_critical_thinking
pairs_arith_v2.csv,4195,arithmetic,gsm8k_test_0468,cal,retain,H1_same_topic,svamp
pairs_arith_v2.csv,4196,arithmetic,gsm8k_test_0468,cal,retain,H3_predating,asdiv
pairs_arith_v2.csv,4197,arithmetic,gsm8k_test_0468,cal,retain,R_random,truthfulqa
pairs_arith_v2.csv,4261,arithmetic,gsm8k_test_0476,cal,remove,C0_exact,gsm8k_copy
pairs_arith_v2.csv,4262,arithmetic,gsm8k_test_0476,cal,remove,C1_transformed,lmsys_rephrase
pairs_arith_v2.csv,4263,arithmetic,gsm8k_test_0476,cal,remove,C2_answer_bearing,gsm8k_solution_frag
pairs_arith_v2.csv,4264,arithmetic,gsm8k_test_0476,cal,retain,H2_same_template,gsmplus_numerical_substitution
pairs_arith_v2.csv,4265,arithmetic,gsm8k_test_0476,cal,remove,C1_transformed,gsmplus_problem_understanding
pairs_arith_v2.csv,4266,arithmetic,gsm8k_test_0476,cal,retain,H2_same_template,gsmplus_critical_thinking
pairs_arith_v2.csv,4267,arithmetic,gsm8k_test_0476,cal,retain,H1_same_topic,svamp
pairs_arith_v2.csv,4268,arithmetic,gsm8k_test_0476,cal,retain,H3_predating,asdiv
pairs_arith_v2.csv,4269,arithmetic,gsm8k_test_0476,cal,retain,R_random,truthfulqa
pairs_arith_v2.csv,4270,arithmetic,gsm8k_test_0477,cal,remove,C0_exact,gsm8k_copy
pairs_arith_v2.csv,4271,arithmetic,gsm8k_test_0477,cal,remove,C1_transformed,lmsys_rephrase
pairs_arith_v2.csv,4272,arithmetic,gsm8k_test_0477,cal,remove,C2_answer_bearing,gsm8k_solution_frag
pairs_arith_v2.csv,4273,arithmetic,gsm8k_test_0477,cal,retain,H2_same_template,gsmplus_numerical_substitution
pairs_arith_v2.csv,4274,arithmetic,gsm8k_test_0477,cal,remove,C1_transformed,gsmplus_problem_understanding
pairs_arith_v2.csv,4275,arithmetic,gsm8k_test_0477,cal,retain,H2_same_template,gsmplus_critical_thinking
pairs_arith_v2.csv,4276,arithmetic,gsm8k_test_0477,cal,retain,H1_same_topic,svamp
pairs_arith_v2.csv,4277,arithmetic,gsm8k_test_0477,cal,retain,H3_predating,asdiv
pairs_arith_v2.csv,4278,arithmetic,gsm8k_test_0477,cal,retain,R_random,truthfulqa
pairs_arith_v2.csv,4332,arithmetic,gsm8k_test_0484,cal,remove,C0_exact,gsm8k_copy
pairs_arith_v2.csv,4333,arithmetic,gsm8k_test_0484,cal,remove,C1_transformed,lmsys_rephrase
pairs_arith_v2.csv,4334,arithmetic,gsm8k_test_0484,cal,remove,C2_answer_bearing,gsm8k_solution_frag
pairs_arith_v2.csv,4335,arithmetic,gsm8k_test_0484,cal,retain,H2_same_template,gsmplus_numerical_substitution
pairs_arith_v2.csv,4336,arithmetic,gsm8k_test_0484,cal,remove,C1_transformed,gsmplus_problem_understanding
pairs_arith_v2.csv,4337,arithmetic,gsm8k_test_0484,cal,retain,H2_same_template,gsmplus_critical_thinking
pairs_arith_v2.csv,4338,arithmetic,gsm8k_test_0484,cal,retain,H1_same_topic,svamp
pairs_arith_v2.csv,4339,arithmetic,gsm8k_test_0484,cal,retain,H3_predating,asdiv
pairs_arith_v2.csv,4340,arithmetic,gsm8k_test_0484,cal,retain,R_random,truthfulqa
pairs_arith_v2.csv,4359,arithmetic,gsm8k_test_0487,cal,remove,C0_exact,gsm8k_copy
pairs_arith_v2.csv,4360,arithmetic,gsm8k_test_0487,cal,remove,C1_transformed,lmsys_rephrase
pairs_arith_v2.csv,4361,arithmetic,gsm8k_test_0487,cal,remove,C2_answer_bearing,gsm8k_solution_frag
pairs_arith_v2.csv,4362,arithmetic,gsm8k_test_0487,cal,retain,H2_same_template,gsmplus_numerical_substitution
pairs_arith_v2.csv,4363,arithmetic,gsm8k_test_0487,cal,remove,C1_transformed,gsmplus_problem_understanding
pairs_arith_v2.csv,4364,arithmetic,gsm8k_test_0487,cal,retain,H2_same_template,gsmplus_critical_thinking
pairs_arith_v2.csv,4365,arithmetic,gsm8k_test_0487,cal,retain,H1_same_topic,svamp
pairs_arith_v2.csv,4366,arithmetic,gsm8k_test_0487,cal,retain,H3_predating,asdiv
pairs_arith_v2.csv,4367,arithmetic,gsm8k_test_0487,cal,retain,R_random,truthfulqa
pairs_arith_v2.csv,4394,arithmetic,gsm8k_test_0491,cal,remove,C0_exact,gsm8k_copy
pairs_arith_v2.csv,4395,arithmetic,gsm8k_test_0491,cal,remove,C1_transformed,lmsys_rephrase
pairs_arith_v2.csv,4396,arithmetic,gsm8k_test_0491,cal,remove,C2_answer_bearing,gsm8k_solution_frag
pairs_arith_v2.csv,4397,arithmetic,gsm8k_test_0491,cal,retain,H2_same_template,gsmplus_numerical_substitution
pairs_arith_v2.csv,4398,arithmetic,gsm8k_test_0491,cal,remove,C1_transformed,gsmplus_problem_understanding
pairs_arith_v2.csv,4399,arithmetic,gsm8k_test_0491,cal,retain,H2_same_template,gsmplus_critical_thinking
pairs_arith_v2.csv,4400,arithmetic,gsm8k_test_0491,cal,retain,H1_same_topic,svamp
pairs_arith_v2.csv,4401,arithmetic,gsm8k_test_0491,cal,retain,H3_predating,asdiv
pairs_arith_v2.csv,4402,arithmetic,gsm8k_test_0491,cal,retain,R_random,truthfulqa
pairs_arith_v2.csv,4412,arithmetic,gsm8k_test_0493,cal,remove,C0_exact,gsm8k_copy
pairs_arith_v2.csv,4413,arithmetic,gsm8k_test_0493,cal,remove,C1_transformed,lmsys_rephrase
pairs_arith_v2.csv,4414,arithmetic,gsm8k_test_0493,cal,remove,C2_answer_bearing,gsm8k_solution_frag
pairs_arith_v2.csv,4415,arithmetic,gsm8k_test_0493,cal,retain,H2_same_template,gsmplus_numerical_substitution
pairs_arith_v2.csv,4416,arithmetic,gsm8k_test_0493,cal,remove,C1_transformed,gsmplus_problem_understanding
pairs_arith_v2.csv,4417,arithmetic,gsm8k_test_0493,cal,retain,H2_same_template,gsmplus_critical_thinking
pairs_arith_v2.csv,4418,arithmetic,gsm8k_test_0493,cal,retain,H1_same_topic,svamp
pairs_arith_v2.csv,4419,arithmetic,gsm8k_test_0493,cal,retain,H3_predating,asdiv
pairs_arith_v2.csv,4420,arithmetic,gsm8k_test_0493,cal,retain,R_random,truthfulqa
pairs_arith_v2.csv,4439,arithmetic,gsm8k_test_0496,cal,remove,C0_exact,gsm8k_copy
pairs_arith_v2.csv,4440,arithmetic,gsm8k_test_0496,cal,remove,C1_transformed,lmsys_rephrase
pairs_arith_v2.csv,4441,arithmetic,gsm8k_test_0496,cal,remove,C2_answer_bearing,gsm8k_solution_frag
pairs_arith_v2.csv,4442,arithmetic,gsm8k_test_0496,cal,retain,H2_same_template,gsmplus_numerical_substitution
pairs_arith_v2.csv,4443,arithmetic,gsm8k_test_0496,cal,remove,C1_transformed,gsmplus_problem_understanding
pairs_arith_v2.csv,4444,arithmetic,gsm8k_test_0496,cal,retain,H2_same_template,gsmplus_critical_thinking
pairs_arith_v2.csv,4445,arithmetic,gsm8k_test_0496,cal,retain,H1_same_topic,svamp
pairs_arith_v2.csv,4446,arithmetic,gsm8k_test_0496,cal,retain,H3_predating,asdiv
pairs_arith_v2.csv,4447,arithmetic,gsm8k_test_0496,cal,retain,R_random,truthfulqa
pairs_arith_v2.csv,4466,arithmetic,gsm8k_test_0499,cal,remove,C0_exact,gsm8k_copy
pairs_arith_v2.csv,4467,arithmetic,gsm8k_test_0499,cal,remove,C1_transformed,lmsys_rephrase
pairs_arith_v2.csv,4468,arithmetic,gsm8k_test_0499,cal,remove,C2_answer_bearing,gsm8k_solution_frag
pairs_arith_v2.csv,4469,arithmetic,gsm8k_test_0499,cal,retain,H2_same_template,gsmplus_numerical_substitution
pairs_arith_v2.csv,4470,arithmetic,gsm8k_test_0499,cal,remove,C1_transformed,gsmplus_problem_understanding
pairs_arith_v2.csv,4471,arithmetic,gsm8k_test_0499,cal,retain,H2_same_template,gsmplus_critical_thinking
pairs_arith_v2.csv,4472,arithmetic,gsm8k_test_0499,cal,retain,H1_same_topic,svamp
pairs_arith_v2.csv,4473,arithmetic,gsm8k_test_0499,cal,retain,H3_predating,asdiv
pairs_arith_v2.csv,4474,arithmetic,gsm8k_test_0499,cal,retain,R_random,truthfulqa
pairs_arith_v2.csv,4484,arithmetic,gsm8k_test_0501,cal,remove,C0_exact,gsm8k_copy
pairs_arith_v2.csv,4485,arithmetic,gsm8k_test_0501,cal,remove,C1_transformed,lmsys_rephrase
pairs_arith_v2.csv,4486,arithmetic,gsm8k_test_0501,cal,remove,C2_answer_bearing,gsm8k_solution_frag
pairs_arith_v2.csv,4487,arithmetic,gsm8k_test_0501,cal,retain,H2_same_template,gsmplus_numerical_substitution
pairs_arith_v2.csv,4488,arithmetic,gsm8k_test_0501,cal,remove,C1_transformed,gsmplus_problem_understanding
pairs_arith_v2.csv,4489,arithmetic,gsm8k_test_0501,cal,retain,H2_same_template,gsmplus_critical_thinking
pairs_arith_v2.csv,4490,arithmetic,gsm8k_test_0501,cal,retain,H1_same_topic,svamp
pairs_arith_v2.csv,4491,arithmetic,gsm8k_test_0501,cal,retain,H3_predating,asdiv
pairs_arith_v2.csv,4492,arithmetic,gsm8k_test_0501,cal,retain,R_random,truthfulqa
pairs_arith_v2.csv,4502,arithmetic,gsm8k_test_0503,cal,remove,C0_exact,gsm8k_copy
pairs_arith_v2.csv,4503,arithmetic,gsm8k_test_0503,cal,remove,C1_transformed,lmsys_rephrase
pairs_arith_v2.csv,4504,arithmetic,gsm8k_test_0503,cal,remove,C2_answer_bearing,gsm8k_solution_frag
pairs_arith_v2.csv,4505,arithmetic,gsm8k_test_0503,cal,retain,H2_same_template,gsmplus_numerical_substitution
pairs_arith_v2.csv,4506,arithmetic,gsm8k_test_0503,cal,remove,C1_transformed,gsmplus_problem_understanding
pairs_arith_v2.csv,4507,arithmetic,gsm8k_test_0503,cal,retain,H2_same_template,gsmplus_critical_thinking
pairs_arith_v2.csv,4508,arithmetic,gsm8k_test_0503,cal,retain,H1_same_topic,svamp
pairs_arith_v2.csv,4509,arithmetic,gsm8k_test_0503,cal,retain,H3_predating,asdiv
pairs_arith_v2.csv,4510,arithmetic,gsm8k_test_0503,cal,retain,R_random,truthfulqa
pairs_arith_v2.csv,4511,arithmetic,gsm8k_test_0504,cal,remove,C0_exact,gsm8k_copy
pairs_arith_v2.csv,4512,arithmetic,gsm8k_test_0504,cal,remove,C1_transformed,lmsys_rephrase
pairs_arith_v2.csv,4513,arithmetic,gsm8k_test_0504,cal,remove,C2_answer_bearing,gsm8k_solution_frag
pairs_arith_v2.csv,4514,arithmetic,gsm8k_test_0504,cal,retain,H2_same_template,gsmplus_numerical_substitution
pairs_arith_v2.csv,4515,arithmetic,gsm8k_test_0504,cal,remove,C1_transformed,gsmplus_problem_understanding
pairs_arith_v2.csv,4516,arithmetic,gsm8k_test_0504,cal,retain,H2_same_template,gsmplus_critical_thinking
pairs_arith_v2.csv,4517,arithmetic,gsm8k_test_0504,cal,retain,H1_same_topic,svamp
pairs_arith_v2.csv,4518,arithmetic,gsm8k_test_0504,cal,retain,H3_predating,asdiv
pairs_arith_v2.csv,4519,arithmetic,gsm8k_test_0504,cal,retain,R_random,truthfulqa
pairs_arith_v2.csv,4673,arithmetic,gsm8k_test_0522,cal,remove,C0_exact,gsm8k_copy
pairs_arith_v2.csv,4674,arithmetic,gsm8k_test_0522,cal,remove,C1_transformed,lmsys_rephrase
pairs_arith_v2.csv,4675,arithmetic,gsm8k_test_0522,cal,remove,C2_answer_bearing,gsm8k_solution_frag
pairs_arith_v2.csv,4676,arithmetic,gsm8k_test_0522,cal,retain,H2_same_template,gsmplus_numerical_substitution
pairs_arith_v2.csv,4677,arithmetic,gsm8k_test_0522,cal,remove,C1_transformed,gsmplus_problem_understanding
pairs_arith_v2.csv,4678,arithmetic,gsm8k_test_0522,cal,retain,H2_same_template,gsmplus_critical_thinking
pairs_arith_v2.csv,4679,arithmetic,gsm8k_test_0522,cal,retain,H1_same_topic,svamp
pairs_arith_v2.csv,4680,arithmetic,gsm8k_test_0522,cal,retain,H3_predating,asdiv
pairs_arith_v2.csv,4681,arithmetic,gsm8k_test_0522,cal,retain,R_random,truthfulqa
pairs_arith_v2.csv,4852,arithmetic,gsm8k_test_0542,cal,remove,C0_exact,gsm8k_copy
pairs_arith_v2.csv,4853,arithmetic,gsm8k_test_0542,cal,remove,C1_transformed,lmsys_rephrase
pairs_arith_v2.csv,4854,arithmetic,gsm8k_test_0542,cal,remove,C2_answer_bearing,gsm8k_solution_frag
pairs_arith_v2.csv,4855,arithmetic,gsm8k_test_0542,cal,retain,H2_same_template,gsmplus_numerical_substitution
pairs_arith_v2.csv,4856,arithmetic,gsm8k_test_0542,cal,remove,C1_transformed,gsmplus_problem_understanding
pairs_arith_v2.csv,4857,arithmetic,gsm8k_test_0542,cal,retain,H2_same_template,gsmplus_critical_thinking
pairs_arith_v2.csv,4858,arithmetic,gsm8k_test_0542,cal,retain,H1_same_topic,svamp
pairs_arith_v2.csv,4859,arithmetic,gsm8k_test_0542,cal,retain,H3_predating,asdiv
pairs_arith_v2.csv,4860,arithmetic,gsm8k_test_0542,cal,retain,R_random,truthfulqa
pairs_arith_v2.csv,4888,arithmetic,gsm8k_test_0546,cal,remove,C0_exact,gsm8k_copy
pairs_arith_v2.csv,4889,arithmetic,gsm8k_test_0546,cal,remove,C1_transformed,lmsys_rephrase
pairs_arith_v2.csv,4890,arithmetic,gsm8k_test_0546,cal,remove,C2_answer_bearing,gsm8k_solution_frag
pairs_arith_v2.csv,4891,arithmetic,gsm8k_test_0546,cal,retain,H2_same_template,gsmplus_numerical_substitution
pairs_arith_v2.csv,4892,arithmetic,gsm8k_test_0546,cal,remove,C1_transformed,gsmplus_problem_understanding
pairs_arith_v2.csv,4893,arithmetic,gsm8k_test_0546,cal,retain,H2_same_template,gsmplus_critical_thinking
pairs_arith_v2.csv,4894,arithmetic,gsm8k_test_0546,cal,retain,H1_same_topic,svamp
pairs_arith_v2.csv,4895,arithmetic,gsm8k_test_0546,cal,retain,H3_predating,asdiv
pairs_arith_v2.csv,4896,arithmetic,gsm8k_test_0546,cal,retain,R_random,truthfulqa
pairs_arith_v2.csv,4906,arithmetic,gsm8k_test_0548,cal,remove,C0_exact,gsm8k_copy
pairs_arith_v2.csv,4907,arithmetic,gsm8k_test_0548,cal,remove,C1_transformed,lmsys_rephrase
pairs_arith_v2.csv,4908,arithmetic,gsm8k_test_0548,cal,remove,C2_answer_bearing,gsm8k_solution_frag
pairs_arith_v2.csv,4909,arithmetic,gsm8k_test_0548,cal,retain,H2_same_template,gsmplus_numerical_substitution
pairs_arith_v2.csv,4910,arithmetic,gsm8k_test_0548,cal,remove,C1_transformed,gsmplus_problem_understanding
pairs_arith_v2.csv,4911,arithmetic,gsm8k_test_0548,cal,retain,H2_same_template,gsmplus_critical_thinking
pairs_arith_v2.csv,4912,arithmetic,gsm8k_test_0548,cal,retain,H1_same_topic,svamp
pairs_arith_v2.csv,4913,arithmetic,gsm8k_test_0548,cal,retain,H3_predating,asdiv
pairs_arith_v2.csv,4914,arithmetic,gsm8k_test_0548,cal,retain,R_random,truthfulqa
pairs_arith_v2.csv,4915,arithmetic,gsm8k_test_0549,cal,remove,C0_exact,gsm8k_copy
pairs_arith_v2.csv,4916,arithmetic,gsm8k_test_0549,cal,remove,C1_transformed,lmsys_rephrase
pairs_arith_v2.csv,4917,arithmetic,gsm8k_test_0549,cal,remove,C2_answer_bearing,gsm8k_solution_frag
pairs_arith_v2.csv,4918,arithmetic,gsm8k_test_0549,cal,retain,H2_same_template,gsmplus_numerical_substitution
pairs_arith_v2.csv,4919,arithmetic,gsm8k_test_0549,cal,remove,C1_transformed,gsmplus_problem_understanding
pairs_arith_v2.csv,4920,arithmetic,gsm8k_test_0549,cal,retain,H2_same_template,gsmplus_critical_thinking
pairs_arith_v2.csv,4921,arithmetic,gsm8k_test_0549,cal,retain,H1_same_topic,svamp
pairs_arith_v2.csv,4922,arithmetic,gsm8k_test_0549,cal,retain,H3_predating,asdiv
pairs_arith_v2.csv,4923,arithmetic,gsm8k_test_0549,cal,retain,R_random,truthfulqa
pairs_arith_v2.csv,4942,arithmetic,gsm8k_test_0552,cal,remove,C0_exact,gsm8k_copy
pairs_arith_v2.csv,4943,arithmetic,gsm8k_test_0552,cal,remove,C1_transformed,lmsys_rephrase
pairs_arith_v2.csv,4944,arithmetic,gsm8k_test_0552,cal,remove,C2_answer_bearing,gsm8k_solution_frag
pairs_arith_v2.csv,4945,arithmetic,gsm8k_test_0552,cal,retain,H2_same_template,gsmplus_numerical_substitution
pairs_arith_v2.csv,4946,arithmetic,gsm8k_test_0552,cal,remove,C1_transformed,gsmplus_problem_understanding
pairs_arith_v2.csv,4947,arithmetic,gsm8k_test_0552,cal,retain,H2_same_template,gsmplus_critical_thinking
pairs_arith_v2.csv,4948,arithmetic,gsm8k_test_0552,cal,retain,H1_same_topic,svamp
pairs_arith_v2.csv,4949,arithmetic,gsm8k_test_0552,cal,retain,H3_predating,asdiv
pairs_arith_v2.csv,4950,arithmetic,gsm8k_test_0552,cal,retain,R_random,truthfulqa
pairs_arith_v2.csv,4951,arithmetic,gsm8k_test_0553,cal,remove,C0_exact,gsm8k_copy
pairs_arith_v2.csv,4952,arithmetic,gsm8k_test_0553,cal,remove,C1_transformed,lmsys_rephrase
pairs_arith_v2.csv,4953,arithmetic,gsm8k_test_0553,cal,remove,C2_answer_bearing,gsm8k_solution_frag
pairs_arith_v2.csv,4954,arithmetic,gsm8k_test_0553,cal,retain,H2_same_template,gsmplus_numerical_substitution
pairs_arith_v2.csv,4955,arithmetic,gsm8k_test_0553,cal,remove,C1_transformed,gsmplus_problem_understanding
pairs_arith_v2.csv,4956,arithmetic,gsm8k_test_0553,cal,retain,H2_same_template,gsmplus_critical_thinking
pairs_arith_v2.csv,4957,arithmetic,gsm8k_test_0553,cal,retain,H1_same_topic,svamp
pairs_arith_v2.csv,4958,arithmetic,gsm8k_test_0553,cal,retain,H3_predating,asdiv
pairs_arith_v2.csv,4959,arithmetic,gsm8k_test_0553,cal,retain,R_random,truthfulqa
pairs_arith_v2.csv,4960,arithmetic,gsm8k_test_0554,cal,remove,C0_exact,gsm8k_copy
pairs_arith_v2.csv,4961,arithmetic,gsm8k_test_0554,cal,remove,C1_transformed,lmsys_rephrase
pairs_arith_v2.csv,4962,arithmetic,gsm8k_test_0554,cal,remove,C2_answer_bearing,gsm8k_solution_frag
pairs_arith_v2.csv,4963,arithmetic,gsm8k_test_0554,cal,retain,H2_same_template,gsmplus_numerical_substitution
pairs_arith_v2.csv,4964,arithmetic,gsm8k_test_0554,cal,remove,C1_transformed,gsmplus_problem_understanding
pairs_arith_v2.csv,4965,arithmetic,gsm8k_test_0554,cal,retain,H2_same_template,gsmplus_critical_thinking
pairs_arith_v2.csv,4966,arithmetic,gsm8k_test_0554,cal,retain,H1_same_topic,svamp
pairs_arith_v2.csv,4967,arithmetic,gsm8k_test_0554,cal,retain,H3_predating,asdiv
pairs_arith_v2.csv,4968,arithmetic,gsm8k_test_0554,cal,retain,R_random,truthfulqa
pairs_arith_v2.csv,4969,arithmetic,gsm8k_test_0555,cal,remove,C0_exact,gsm8k_copy
pairs_arith_v2.csv,4970,arithmetic,gsm8k_test_0555,cal,remove,C1_transformed,lmsys_rephrase
pairs_arith_v2.csv,4971,arithmetic,gsm8k_test_0555,cal,remove,C2_answer_bearing,gsm8k_solution_frag
pairs_arith_v2.csv,4972,arithmetic,gsm8k_test_0555,cal,remove,C1_transformed,gsmplus_problem_understanding
pairs_arith_v2.csv,4973,arithmetic,gsm8k_test_0555,cal,retain,H2_same_template,gsmplus_critical_thinking
pairs_arith_v2.csv,4974,arithmetic,gsm8k_test_0555,cal,retain,H1_same_topic,svamp
pairs_arith_v2.csv,4975,arithmetic,gsm8k_test_0555,cal,retain,H3_predating,asdiv
pairs_arith_v2.csv,4976,arithmetic,gsm8k_test_0555,cal,retain,R_random,truthfulqa
pairs_arith_v2.csv,4986,arithmetic,gsm8k_test_0557,cal,remove,C0_exact,gsm8k_copy
pairs_arith_v2.csv,4987,arithmetic,gsm8k_test_0557,cal,remove,C1_transformed,lmsys_rephrase
pairs_arith_v2.csv,4988,arithmetic,gsm8k_test_0557,cal,remove,C2_answer_bearing,gsm8k_solution_frag
pairs_arith_v2.csv,4989,arithmetic,gsm8k_test_0557,cal,retain,H2_same_template,gsmplus_numerical_substitution
pairs_arith_v2.csv,4990,arithmetic,gsm8k_test_0557,cal,remove,C1_transformed,gsmplus_problem_understanding
pairs_arith_v2.csv,4991,arithmetic,gsm8k_test_0557,cal,retain,H2_same_template,gsmplus_critical_thinking
pairs_arith_v2.csv,4992,arithmetic,gsm8k_test_0557,cal,retain,H1_same_topic,svamp
pairs_arith_v2.csv,4993,arithmetic,gsm8k_test_0557,cal,retain,H3_predating,asdiv
pairs_arith_v2.csv,4994,arithmetic,gsm8k_test_0557,cal,retain,R_random,truthfulqa
pairs_arith_v2.csv,5022,arithmetic,gsm8k_test_0561,cal,remove,C0_exact,gsm8k_copy
pairs_arith_v2.csv,5023,arithmetic,gsm8k_test_0561,cal,remove,C1_transformed,lmsys_rephrase
pairs_arith_v2.csv,5024,arithmetic,gsm8k_test_0561,cal,remove,C2_answer_bearing,gsm8k_solution_frag
pairs_arith_v2.csv,5025,arithmetic,gsm8k_test_0561,cal,retain,H2_same_template,gsmplus_numerical_substitution
pairs_arith_v2.csv,5026,arithmetic,gsm8k_test_0561,cal,remove,C1_transformed,gsmplus_problem_understanding
pairs_arith_v2.csv,5027,arithmetic,gsm8k_test_0561,cal,retain,H2_same_template,gsmplus_critical_thinking
pairs_arith_v2.csv,5028,arithmetic,gsm8k_test_0561,cal,retain,H1_same_topic,svamp
pairs_arith_v2.csv,5029,arithmetic,gsm8k_test_0561,cal,retain,H3_predating,asdiv
pairs_arith_v2.csv,5030,arithmetic,gsm8k_test_0561,cal,retain,R_random,truthfulqa
pairs_arith_v2.csv,5076,arithmetic,gsm8k_test_0567,cal,remove,C0_exact,gsm8k_copy
pairs_arith_v2.csv,5077,arithmetic,gsm8k_test_0567,cal,remove,C1_transformed,lmsys_rephrase
pairs_arith_v2.csv,5078,arithmetic,gsm8k_test_0567,cal,remove,C2_answer_bearing,gsm8k_solution_frag
pairs_arith_v2.csv,5079,arithmetic,gsm8k_test_0567,cal,retain,H2_same_template,gsmplus_numerical_substitution
pairs_arith_v2.csv,5080,arithmetic,gsm8k_test_0567,cal,remove,C1_transformed,gsmplus_problem_understanding
pairs_arith_v2.csv,5081,arithmetic,gsm8k_test_0567,cal,retain,H2_same_template,gsmplus_critical_thinking
pairs_arith_v2.csv,5082,arithmetic,gsm8k_test_0567,cal,retain,H1_same_topic,svamp
pairs_arith_v2.csv,5083,arithmetic,gsm8k_test_0567,cal,retain,H3_predating,asdiv
pairs_arith_v2.csv,5084,arithmetic,gsm8k_test_0567,cal,retain,R_random,truthfulqa
pairs_arith_v2.csv,5112,arithmetic,gsm8k_test_0571,cal,remove,C0_exact,gsm8k_copy
pairs_arith_v2.csv,5113,arithmetic,gsm8k_test_0571,cal,remove,C1_transformed,lmsys_rephrase
pairs_arith_v2.csv,5114,arithmetic,gsm8k_test_0571,cal,remove,C2_answer_bearing,gsm8k_solution_frag
pairs_arith_v2.csv,5115,arithmetic,gsm8k_test_0571,cal,retain,H2_same_template,gsmplus_numerical_substitution
pairs_arith_v2.csv,5116,arithmetic,gsm8k_test_0571,cal,remove,C1_transformed,gsmplus_problem_understanding
pairs_arith_v2.csv,5117,arithmetic,gsm8k_test_0571,cal,retain,H2_same_template,gsmplus_critical_thinking
pairs_arith_v2.csv,5118,arithmetic,gsm8k_test_0571,cal,retain,H1_same_topic,svamp
pairs_arith_v2.csv,5119,arithmetic,gsm8k_test_0571,cal,retain,H3_predating,asdiv
pairs_arith_v2.csv,5120,arithmetic,gsm8k_test_0571,cal,retain,R_random,truthfulqa
pairs_arith_v2.csv,5166,arithmetic,gsm8k_test_0577,cal,remove,C0_exact,gsm8k_copy
pairs_arith_v2.csv,5167,arithmetic,gsm8k_test_0577,cal,remove,C1_transformed,lmsys_rephrase
pairs_arith_v2.csv,5168,arithmetic,gsm8k_test_0577,cal,remove,C2_answer_bearing,gsm8k_solution_frag
pairs_arith_v2.csv,5169,arithmetic,gsm8k_test_0577,cal,retain,H2_same_template,gsmplus_numerical_substitution
pairs_arith_v2.csv,5170,arithmetic,gsm8k_test_0577,cal,remove,C1_transformed,gsmplus_problem_understanding
pairs_arith_v2.csv,5171,arithmetic,gsm8k_test_0577,cal,retain,H2_same_template,gsmplus_critical_thinking
pairs_arith_v2.csv,5172,arithmetic,gsm8k_test_0577,cal,retain,H1_same_topic,svamp
pairs_arith_v2.csv,5173,arithmetic,gsm8k_test_0577,cal,retain,H3_predating,asdiv
pairs_arith_v2.csv,5174,arithmetic,gsm8k_test_0577,cal,retain,R_random,truthfulqa
pairs_arith_v2.csv,5211,arithmetic,gsm8k_test_0582,cal,remove,C0_exact,gsm8k_copy
pairs_arith_v2.csv,5212,arithmetic,gsm8k_test_0582,cal,remove,C1_transformed,lmsys_rephrase
pairs_arith_v2.csv,5213,arithmetic,gsm8k_test_0582,cal,remove,C2_answer_bearing,gsm8k_solution_frag
pairs_arith_v2.csv,5214,arithmetic,gsm8k_test_0582,cal,retain,H2_same_template,gsmplus_numerical_substitution
pairs_arith_v2.csv,5215,arithmetic,gsm8k_test_0582,cal,remove,C1_transformed,gsmplus_problem_understanding
pairs_arith_v2.csv,5216,arithmetic,gsm8k_test_0582,cal,retain,H2_same_template,gsmplus_critical_thinking
pairs_arith_v2.csv,5217,arithmetic,gsm8k_test_0582,cal,retain,H1_same_topic,svamp
pairs_arith_v2.csv,5218,arithmetic,gsm8k_test_0582,cal,retain,H3_predating,asdiv
pairs_arith_v2.csv,5219,arithmetic,gsm8k_test_0582,cal,retain,R_random,truthfulqa
pairs_arith_v2.csv,5220,arithmetic,gsm8k_test_0583,cal,remove,C0_exact,gsm8k_copy
pairs_arith_v2.csv,5221,arithmetic,gsm8k_test_0583,cal,remove,C1_transformed,lmsys_rephrase
pairs_arith_v2.csv,5222,arithmetic,gsm8k_test_0583,cal,remove,C2_answer_bearing,gsm8k_solution_frag
pairs_arith_v2.csv,5223,arithmetic,gsm8k_test_0583,cal,retain,H2_same_template,gsmplus_numerical_substitution
pairs_arith_v2.csv,5224,arithmetic,gsm8k_test_0583,cal,remove,C1_transformed,gsmplus_problem_understanding
pairs_arith_v2.csv,5225,arithmetic,gsm8k_test_0583,cal,retain,H2_same_template,gsmplus_critical_thinking
pairs_arith_v2.csv,5226,arithmetic,gsm8k_test_0583,cal,retain,H1_same_topic,svamp
pairs_arith_v2.csv,5227,arithmetic,gsm8k_test_0583,cal,retain,H3_predating,asdiv
pairs_arith_v2.csv,5228,arithmetic,gsm8k_test_0583,cal,retain,R_random,truthfulqa
pairs_arith_v2.csv,5292,arithmetic,gsm8k_test_0591,cal,remove,C0_exact,gsm8k_copy
pairs_arith_v2.csv,5293,arithmetic,gsm8k_test_0591,cal,remove,C1_transformed,lmsys_rephrase
pairs_arith_v2.csv,5294,arithmetic,gsm8k_test_0591,cal,remove,C2_answer_bearing,gsm8k_solution_frag
pairs_arith_v2.csv,5295,arithmetic,gsm8k_test_0591,cal,retain,H2_same_template,gsmplus_numerical_substitution
pairs_arith_v2.csv,5296,arithmetic,gsm8k_test_0591,cal,remove,C1_transformed,gsmplus_problem_understanding
pairs_arith_v2.csv,5297,arithmetic,gsm8k_test_0591,cal,retain,H2_same_template,gsmplus_critical_thinking
pairs_arith_v2.csv,5298,arithmetic,gsm8k_test_0591,cal,retain,H1_same_topic,svamp
pairs_arith_v2.csv,5299,arithmetic,gsm8k_test_0591,cal,retain,H3_predating,asdiv
pairs_arith_v2.csv,5300,arithmetic,gsm8k_test_0591,cal,retain,R_random,truthfulqa
pairs_arith_v2.csv,5310,arithmetic,gsm8k_test_0593,cal,remove,C0_exact,gsm8k_copy
pairs_arith_v2.csv,5311,arithmetic,gsm8k_test_0593,cal,remove,C1_transformed,lmsys_rephrase
pairs_arith_v2.csv,5312,arithmetic,gsm8k_test_0593,cal,remove,C2_answer_bearing,gsm8k_solution_frag
pairs_arith_v2.csv,5313,arithmetic,gsm8k_test_0593,cal,remove,C1_transformed,gsmplus_problem_understanding
pairs_arith_v2.csv,5314,arithmetic,gsm8k_test_0593,cal,retain,H2_same_template,gsmplus_critical_thinking
pairs_arith_v2.csv,5315,arithmetic,gsm8k_test_0593,cal,retain,H1_same_topic,svamp
pairs_arith_v2.csv,5316,arithmetic,gsm8k_test_0593,cal,retain,H3_predating,asdiv
pairs_arith_v2.csv,5317,arithmetic,gsm8k_test_0593,cal,retain,R_random,truthfulqa
pairs_arith_v2.csv,5327,arithmetic,gsm8k_test_0595,cal,remove,C0_exact,gsm8k_copy
pairs_arith_v2.csv,5328,arithmetic,gsm8k_test_0595,cal,remove,C1_transformed,lmsys_rephrase
pairs_arith_v2.csv,5329,arithmetic,gsm8k_test_0595,cal,remove,C2_answer_bearing,gsm8k_solution_frag
pairs_arith_v2.csv,5330,arithmetic,gsm8k_test_0595,cal,retain,H2_same_template,gsmplus_numerical_substitution
pairs_arith_v2.csv,5331,arithmetic,gsm8k_test_0595,cal,remove,C1_transformed,gsmplus_problem_understanding
pairs_arith_v2.csv,5332,arithmetic,gsm8k_test_0595,cal,retain,H2_same_template,gsmplus_critical_thinking
pairs_arith_v2.csv,5333,arithmetic,gsm8k_test_0595,cal,retain,H1_same_topic,svamp
pairs_arith_v2.csv,5334,arithmetic,gsm8k_test_0595,cal,retain,H3_predating,asdiv
pairs_arith_v2.csv,5335,arithmetic,gsm8k_test_0595,cal,retain,R_random,truthfulqa
pairs_arith_v2.csv,5336,arithmetic,gsm8k_test_0596,cal,remove,C0_exact,gsm8k_copy
pairs_arith_v2.csv,5337,arithmetic,gsm8k_test_0596,cal,remove,C1_transformed,lmsys_rephrase
pairs_arith_v2.csv,5338,arithmetic,gsm8k_test_0596,cal,remove,C2_answer_bearing,gsm8k_solution_frag
pairs_arith_v2.csv,5339,arithmetic,gsm8k_test_0596,cal,retain,H2_same_template,gsmplus_numerical_substitution
pairs_arith_v2.csv,5340,arithmetic,gsm8k_test_0596,cal,remove,C1_transformed,gsmplus_problem_understanding
pairs_arith_v2.csv,5341,arithmetic,gsm8k_test_0596,cal,retain,H2_same_template,gsmplus_critical_thinking
pairs_arith_v2.csv,5342,arithmetic,gsm8k_test_0596,cal,retain,H1_same_topic,svamp
pairs_arith_v2.csv,5343,arithmetic,gsm8k_test_0596,cal,retain,H3_predating,asdiv
pairs_arith_v2.csv,5344,arithmetic,gsm8k_test_0596,cal,retain,R_random,truthfulqa
pairs_arith_v2.csv,5354,arithmetic,gsm8k_test_0598,cal,remove,C0_exact,gsm8k_copy
pairs_arith_v2.csv,5355,arithmetic,gsm8k_test_0598,cal,remove,C1_transformed,lmsys_rephrase
pairs_arith_v2.csv,5356,arithmetic,gsm8k_test_0598,cal,remove,C2_answer_bearing,gsm8k_solution_frag
pairs_arith_v2.csv,5357,arithmetic,gsm8k_test_0598,cal,retain,H2_same_template,gsmplus_numerical_substitution
pairs_arith_v2.csv,5358,arithmetic,gsm8k_test_0598,cal,remove,C1_transformed,gsmplus_problem_understanding
pairs_arith_v2.csv,5359,arithmetic,gsm8k_test_0598,cal,retain,H2_same_template,gsmplus_critical_thinking
pairs_arith_v2.csv,5360,arithmetic,gsm8k_test_0598,cal,retain,H1_same_topic,svamp
pairs_arith_v2.csv,5361,arithmetic,gsm8k_test_0598,cal,retain,H3_predating,asdiv
pairs_arith_v2.csv,5362,arithmetic,gsm8k_test_0598,cal,retain,R_random,truthfulqa
pairs_arith_v2.csv,5381,arithmetic,gsm8k_test_0601,cal,remove,C0_exact,gsm8k_copy
pairs_arith_v2.csv,5382,arithmetic,gsm8k_test_0601,cal,remove,C1_transformed,lmsys_rephrase
pairs_arith_v2.csv,5383,arithmetic,gsm8k_test_0601,cal,remove,C2_answer_bearing,gsm8k_solution_frag
pairs_arith_v2.csv,5384,arithmetic,gsm8k_test_0601,cal,retain,H2_same_template,gsmplus_numerical_substitution
pairs_arith_v2.csv,5385,arithmetic,gsm8k_test_0601,cal,remove,C1_transformed,gsmplus_problem_understanding
pairs_arith_v2.csv,5386,arithmetic,gsm8k_test_0601,cal,retain,H2_same_template,gsmplus_critical_thinking
pairs_arith_v2.csv,5387,arithmetic,gsm8k_test_0601,cal,retain,H1_same_topic,svamp
pairs_arith_v2.csv,5388,arithmetic,gsm8k_test_0601,cal,retain,H3_predating,asdiv
pairs_arith_v2.csv,5389,arithmetic,gsm8k_test_0601,cal,retain,R_random,truthfulqa
pairs_arith_v2.csv,5407,arithmetic,gsm8k_test_0604,cal,remove,C0_exact,gsm8k_copy
pairs_arith_v2.csv,5408,arithmetic,gsm8k_test_0604,cal,remove,C1_transformed,lmsys_rephrase
pairs_arith_v2.csv,5409,arithmetic,gsm8k_test_0604,cal,remove,C2_answer_bearing,gsm8k_solution_frag
pairs_arith_v2.csv,5410,arithmetic,gsm8k_test_0604,cal,retain,H2_same_template,gsmplus_numerical_substitution
pairs_arith_v2.csv,5411,arithmetic,gsm8k_test_0604,cal,remove,C1_transformed,gsmplus_problem_understanding
pairs_arith_v2.csv,5412,arithmetic,gsm8k_test_0604,cal,retain,H2_same_template,gsmplus_critical_thinking
pairs_arith_v2.csv,5413,arithmetic,gsm8k_test_0604,cal,retain,H1_same_topic,svamp
pairs_arith_v2.csv,5414,arithmetic,gsm8k_test_0604,cal,retain,H3_predating,asdiv
pairs_arith_v2.csv,5415,arithmetic,gsm8k_test_0604,cal,retain,R_random,truthfulqa
pairs_arith_v2.csv,5452,arithmetic,gsm8k_test_0609,cal,remove,C0_exact,gsm8k_copy
pairs_arith_v2.csv,5453,arithmetic,gsm8k_test_0609,cal,remove,C1_transformed,lmsys_rephrase
pairs_arith_v2.csv,5454,arithmetic,gsm8k_test_0609,cal,remove,C2_answer_bearing,gsm8k_solution_frag
pairs_arith_v2.csv,5455,arithmetic,gsm8k_test_0609,cal,retain,H2_same_template,gsmplus_numerical_substitution
pairs_arith_v2.csv,5456,arithmetic,gsm8k_test_0609,cal,remove,C1_transformed,gsmplus_problem_understanding
pairs_arith_v2.csv,5457,arithmetic,gsm8k_test_0609,cal,retain,H2_same_template,gsmplus_critical_thinking
pairs_arith_v2.csv,5458,arithmetic,gsm8k_test_0609,cal,retain,H1_same_topic,svamp
pairs_arith_v2.csv,5459,arithmetic,gsm8k_test_0609,cal,retain,H3_predating,asdiv
pairs_arith_v2.csv,5460,arithmetic,gsm8k_test_0609,cal,retain,R_random,truthfulqa
pairs_arith_v2.csv,5461,arithmetic,gsm8k_test_0610,cal,remove,C0_exact,gsm8k_copy
pairs_arith_v2.csv,5462,arithmetic,gsm8k_test_0610,cal,remove,C1_transformed,lmsys_rephrase
pairs_arith_v2.csv,5463,arithmetic,gsm8k_test_0610,cal,remove,C2_answer_bearing,gsm8k_solution_frag
pairs_arith_v2.csv,5464,arithmetic,gsm8k_test_0610,cal,retain,H2_same_template,gsmplus_numerical_substitution
pairs_arith_v2.csv,5465,arithmetic,gsm8k_test_0610,cal,remove,C1_transformed,gsmplus_problem_understanding
pairs_arith_v2.csv,5466,arithmetic,gsm8k_test_0610,cal,retain,H2_same_template,gsmplus_critical_thinking
pairs_arith_v2.csv,5467,arithmetic,gsm8k_test_0610,cal,retain,H1_same_topic,svamp
pairs_arith_v2.csv,5468,arithmetic,gsm8k_test_0610,cal,retain,H3_predating,asdiv
pairs_arith_v2.csv,5469,arithmetic,gsm8k_test_0610,cal,retain,R_random,truthfulqa
pairs_arith_v2.csv,5479,arithmetic,gsm8k_test_0612,cal,remove,C0_exact,gsm8k_copy
pairs_arith_v2.csv,5480,arithmetic,gsm8k_test_0612,cal,remove,C1_transformed,lmsys_rephrase
pairs_arith_v2.csv,5481,arithmetic,gsm8k_test_0612,cal,remove,C2_answer_bearing,gsm8k_solution_frag
pairs_arith_v2.csv,5482,arithmetic,gsm8k_test_0612,cal,retain,H2_same_template,gsmplus_numerical_substitution
pairs_arith_v2.csv,5483,arithmetic,gsm8k_test_0612,cal,remove,C1_transformed,gsmplus_problem_understanding
pairs_arith_v2.csv,5484,arithmetic,gsm8k_test_0612,cal,retain,H2_same_template,gsmplus_critical_thinking
pairs_arith_v2.csv,5485,arithmetic,gsm8k_test_0612,cal,retain,H1_same_topic,svamp
pairs_arith_v2.csv,5486,arithmetic,gsm8k_test_0612,cal,retain,H3_predating,asdiv
pairs_arith_v2.csv,5487,arithmetic,gsm8k_test_0612,cal,retain,R_random,truthfulqa
pairs_arith_v2.csv,5488,arithmetic,gsm8k_test_0613,cal,remove,C0_exact,gsm8k_copy
pairs_arith_v2.csv,5489,arithmetic,gsm8k_test_0613,cal,remove,C1_transformed,lmsys_rephrase
pairs_arith_v2.csv,5490,arithmetic,gsm8k_test_0613,cal,remove,C2_answer_bearing,gsm8k_solution_frag
pairs_arith_v2.csv,5491,arithmetic,gsm8k_test_0613,cal,retain,H2_same_template,gsmplus_numerical_substitution
pairs_arith_v2.csv,5492,arithmetic,gsm8k_test_0613,cal,remove,C1_transformed,gsmplus_problem_understanding
pairs_arith_v2.csv,5493,arithmetic,gsm8k_test_0613,cal,retain,H2_same_template,gsmplus_critical_thinking
pairs_arith_v2.csv,5494,arithmetic,gsm8k_test_0613,cal,retain,H1_same_topic,svamp
pairs_arith_v2.csv,5495,arithmetic,gsm8k_test_0613,cal,retain,H3_predating,asdiv
pairs_arith_v2.csv,5496,arithmetic,gsm8k_test_0613,cal,retain,R_random,truthfulqa
pairs_arith_v2.csv,5506,arithmetic,gsm8k_test_0615,cal,remove,C0_exact,gsm8k_copy
pairs_arith_v2.csv,5507,arithmetic,gsm8k_test_0615,cal,remove,C1_transformed,lmsys_rephrase
pairs_arith_v2.csv,5508,arithmetic,gsm8k_test_0615,cal,remove,C2_answer_bearing,gsm8k_solution_frag
pairs_arith_v2.csv,5509,arithmetic,gsm8k_test_0615,cal,retain,H2_same_template,gsmplus_numerical_substitution
pairs_arith_v2.csv,5510,arithmetic,gsm8k_test_0615,cal,remove,C1_transformed,gsmplus_problem_understanding
pairs_arith_v2.csv,5511,arithmetic,gsm8k_test_0615,cal,retain,H2_same_template,gsmplus_critical_thinking
pairs_arith_v2.csv,5512,arithmetic,gsm8k_test_0615,cal,retain,H1_same_topic,svamp
pairs_arith_v2.csv,5513,arithmetic,gsm8k_test_0615,cal,retain,H3_predating,asdiv
pairs_arith_v2.csv,5514,arithmetic,gsm8k_test_0615,cal,retain,R_random,truthfulqa
pairs_arith_v2.csv,5515,arithmetic,gsm8k_test_0616,cal,remove,C0_exact,gsm8k_copy
pairs_arith_v2.csv,5516,arithmetic,gsm8k_test_0616,cal,remove,C1_transformed,lmsys_rephrase
pairs_arith_v2.csv,5517,arithmetic,gsm8k_test_0616,cal,remove,C2_answer_bearing,gsm8k_solution_frag
pairs_arith_v2.csv,5518,arithmetic,gsm8k_test_0616,cal,retain,H2_same_template,gsmplus_numerical_substitution
pairs_arith_v2.csv,5519,arithmetic,gsm8k_test_0616,cal,remove,C1_transformed,gsmplus_problem_understanding
pairs_arith_v2.csv,5520,arithmetic,gsm8k_test_0616,cal,retain,H2_same_template,gsmplus_critical_thinking
pairs_arith_v2.csv,5521,arithmetic,gsm8k_test_0616,cal,retain,H1_same_topic,svamp
pairs_arith_v2.csv,5522,arithmetic,gsm8k_test_0616,cal,retain,H3_predating,asdiv
pairs_arith_v2.csv,5523,arithmetic,gsm8k_test_0616,cal,retain,R_random,truthfulqa
pairs_arith_v2.csv,5524,arithmetic,gsm8k_test_0617,cal,remove,C0_exact,gsm8k_copy
pairs_arith_v2.csv,5525,arithmetic,gsm8k_test_0617,cal,remove,C1_transformed,lmsys_rephrase
pairs_arith_v2.csv,5526,arithmetic,gsm8k_test_0617,cal,remove,C2_answer_bearing,gsm8k_solution_frag
pairs_arith_v2.csv,5527,arithmetic,gsm8k_test_0617,cal,remove,C1_transformed,gsmplus_problem_understanding
pairs_arith_v2.csv,5528,arithmetic,gsm8k_test_0617,cal,retain,H2_same_template,gsmplus_critical_thinking
pairs_arith_v2.csv,5529,arithmetic,gsm8k_test_0617,cal,retain,H1_same_topic,svamp
pairs_arith_v2.csv,5530,arithmetic,gsm8k_test_0617,cal,retain,H3_predating,asdiv
pairs_arith_v2.csv,5531,arithmetic,gsm8k_test_0617,cal,retain,R_random,truthfulqa
pairs_arith_v2.csv,5532,arithmetic,gsm8k_test_0618,cal,remove,C0_exact,gsm8k_copy
pairs_arith_v2.csv,5533,arithmetic,gsm8k_test_0618,cal,remove,C1_transformed,lmsys_rephrase
pairs_arith_v2.csv,5534,arithmetic,gsm8k_test_0618,cal,remove,C2_answer_bearing,gsm8k_solution_frag
pairs_arith_v2.csv,5535,arithmetic,gsm8k_test_0618,cal,retain,H2_same_template,gsmplus_numerical_substitution
pairs_arith_v2.csv,5536,arithmetic,gsm8k_test_0618,cal,remove,C1_transformed,gsmplus_problem_understanding
pairs_arith_v2.csv,5537,arithmetic,gsm8k_test_0618,cal,retain,H2_same_template,gsmplus_critical_thinking
pairs_arith_v2.csv,5538,arithmetic,gsm8k_test_0618,cal,retain,H1_same_topic,svamp
pairs_arith_v2.csv,5539,arithmetic,gsm8k_test_0618,cal,retain,H3_predating,asdiv
pairs_arith_v2.csv,5540,arithmetic,gsm8k_test_0618,cal,retain,R_random,truthfulqa
pairs_arith_v2.csv,5604,arithmetic,gsm8k_test_0626,cal,remove,C0_exact,gsm8k_copy
pairs_arith_v2.csv,5605,arithmetic,gsm8k_test_0626,cal,remove,C1_transformed,lmsys_rephrase
pairs_arith_v2.csv,5606,arithmetic,gsm8k_test_0626,cal,remove,C2_answer_bearing,gsm8k_solution_frag
pairs_arith_v2.csv,5607,arithmetic,gsm8k_test_0626,cal,retain,H2_same_template,gsmplus_numerical_substitution
pairs_arith_v2.csv,5608,arithmetic,gsm8k_test_0626,cal,remove,C1_transformed,gsmplus_problem_understanding
pairs_arith_v2.csv,5609,arithmetic,gsm8k_test_0626,cal,retain,H2_same_template,gsmplus_critical_thinking
pairs_arith_v2.csv,5610,arithmetic,gsm8k_test_0626,cal,retain,H1_same_topic,svamp
pairs_arith_v2.csv,5611,arithmetic,gsm8k_test_0626,cal,retain,H3_predating,asdiv
pairs_arith_v2.csv,5612,arithmetic,gsm8k_test_0626,cal,retain,R_random,truthfulqa
pairs_arith_v2.csv,5613,arithmetic,gsm8k_test_0627,cal,remove,C0_exact,gsm8k_copy
pairs_arith_v2.csv,5614,arithmetic,gsm8k_test_0627,cal,remove,C1_transformed,lmsys_rephrase
pairs_arith_v2.csv,5615,arithmetic,gsm8k_test_0627,cal,remove,C2_answer_bearing,gsm8k_solution_frag
pairs_arith_v2.csv,5616,arithmetic,gsm8k_test_0627,cal,retain,H2_same_template,gsmplus_numerical_substitution
pairs_arith_v2.csv,5617,arithmetic,gsm8k_test_0627,cal,remove,C1_transformed,gsmplus_problem_understanding
pairs_arith_v2.csv,5618,arithmetic,gsm8k_test_0627,cal,retain,H2_same_template,gsmplus_critical_thinking
pairs_arith_v2.csv,5619,arithmetic,gsm8k_test_0627,cal,retain,H1_same_topic,svamp
pairs_arith_v2.csv,5620,arithmetic,gsm8k_test_0627,cal,retain,H3_predating,asdiv
pairs_arith_v2.csv,5621,arithmetic,gsm8k_test_0627,cal,retain,R_random,truthfulqa
pairs_arith_v2.csv,5631,arithmetic,gsm8k_test_0629,cal,remove,C0_exact,gsm8k_copy
pairs_arith_v2.csv,5632,arithmetic,gsm8k_test_0629,cal,remove,C1_transformed,lmsys_rephrase
pairs_arith_v2.csv,5633,arithmetic,gsm8k_test_0629,cal,remove,C2_answer_bearing,gsm8k_solution_frag
pairs_arith_v2.csv,5634,arithmetic,gsm8k_test_0629,cal,retain,H2_same_template,gsmplus_numerical_substitution
pairs_arith_v2.csv,5635,arithmetic,gsm8k_test_0629,cal,remove,C1_transformed,gsmplus_problem_understanding
pairs_arith_v2.csv,5636,arithmetic,gsm8k_test_0629,cal,retain,H2_same_template,gsmplus_critical_thinking
pairs_arith_v2.csv,5637,arithmetic,gsm8k_test_0629,cal,retain,H1_same_topic,svamp
pairs_arith_v2.csv,5638,arithmetic,gsm8k_test_0629,cal,retain,H3_predating,asdiv
pairs_arith_v2.csv,5639,arithmetic,gsm8k_test_0629,cal,retain,R_random,truthfulqa
pairs_arith_v2.csv,5640,arithmetic,gsm8k_test_0630,cal,remove,C0_exact,gsm8k_copy
pairs_arith_v2.csv,5641,arithmetic,gsm8k_test_0630,cal,remove,C1_transformed,lmsys_rephrase
pairs_arith_v2.csv,5642,arithmetic,gsm8k_test_0630,cal,remove,C2_answer_bearing,gsm8k_solution_frag
pairs_arith_v2.csv,5643,arithmetic,gsm8k_test_0630,cal,retain,H2_same_template,gsmplus_numerical_substitution
pairs_arith_v2.csv,5644,arithmetic,gsm8k_test_0630,cal,remove,C1_transformed,gsmplus_problem_understanding
pairs_arith_v2.csv,5645,arithmetic,gsm8k_test_0630,cal,retain,H2_same_template,gsmplus_critical_thinking
pairs_arith_v2.csv,5646,arithmetic,gsm8k_test_0630,cal,retain,H1_same_topic,svamp
pairs_arith_v2.csv,5647,arithmetic,gsm8k_test_0630,cal,retain,H3_predating,asdiv
pairs_arith_v2.csv,5648,arithmetic,gsm8k_test_0630,cal,retain,R_random,truthfulqa
pairs_arith_v2.csv,5667,arithmetic,gsm8k_test_0633,cal,remove,C0_exact,gsm8k_copy
pairs_arith_v2.csv,5668,arithmetic,gsm8k_test_0633,cal,remove,C1_transformed,lmsys_rephrase
pairs_arith_v2.csv,5669,arithmetic,gsm8k_test_0633,cal,remove,C2_answer_bearing,gsm8k_solution_frag
pairs_arith_v2.csv,5670,arithmetic,gsm8k_test_0633,cal,retain,H2_same_template,gsmplus_numerical_substitution
pairs_arith_v2.csv,5671,arithmetic,gsm8k_test_0633,cal,remove,C1_transformed,gsmplus_problem_understanding
pairs_arith_v2.csv,5672,arithmetic,gsm8k_test_0633,cal,retain,H2_same_template,gsmplus_critical_thinking
pairs_arith_v2.csv,5673,arithmetic,gsm8k_test_0633,cal,retain,H1_same_topic,svamp
pairs_arith_v2.csv,5674,arithmetic,gsm8k_test_0633,cal,retain,H3_predating,asdiv
pairs_arith_v2.csv,5675,arithmetic,gsm8k_test_0633,cal,retain,R_random,truthfulqa
pairs_arith_v2.csv,5676,arithmetic,gsm8k_test_0634,cal,remove,C0_exact,gsm8k_copy
pairs_arith_v2.csv,5677,arithmetic,gsm8k_test_0634,cal,remove,C1_transformed,lmsys_rephrase
pairs_arith_v2.csv,5678,arithmetic,gsm8k_test_0634,cal,remove,C2_answer_bearing,gsm8k_solution_frag
pairs_arith_v2.csv,5679,arithmetic,gsm8k_test_0634,cal,retain,H2_same_template,gsmplus_numerical_substitution
pairs_arith_v2.csv,5680,arithmetic,gsm8k_test_0634,cal,remove,C1_transformed,gsmplus_problem_understanding
pairs_arith_v2.csv,5681,arithmetic,gsm8k_test_0634,cal,retain,H2_same_template,gsmplus_critical_thinking
pairs_arith_v2.csv,5682,arithmetic,gsm8k_test_0634,cal,retain,H1_same_topic,svamp
pairs_arith_v2.csv,5683,arithmetic,gsm8k_test_0634,cal,retain,H3_predating,asdiv
pairs_arith_v2.csv,5684,arithmetic,gsm8k_test_0634,cal,retain,R_random,truthfulqa
pairs_arith_v2.csv,5694,arithmetic,gsm8k_test_0636,cal,remove,C0_exact,gsm8k_copy
pairs_arith_v2.csv,5695,arithmetic,gsm8k_test_0636,cal,remove,C1_transformed,lmsys_rephrase
pairs_arith_v2.csv,5696,arithmetic,gsm8k_test_0636,cal,remove,C2_answer_bearing,gsm8k_solution_frag
pairs_arith_v2.csv,5697,arithmetic,gsm8k_test_0636,cal,retain,H2_same_template,gsmplus_numerical_substitution
pairs_arith_v2.csv,5698,arithmetic,gsm8k_test_0636,cal,remove,C1_transformed,gsmplus_problem_understanding
pairs_arith_v2.csv,5699,arithmetic,gsm8k_test_0636,cal,retain,H2_same_template,gsmplus_critical_thinking
pairs_arith_v2.csv,5700,arithmetic,gsm8k_test_0636,cal,retain,H1_same_topic,svamp
pairs_arith_v2.csv,5701,arithmetic,gsm8k_test_0636,cal,retain,H3_predating,asdiv
pairs_arith_v2.csv,5702,arithmetic,gsm8k_test_0636,cal,retain,R_random,truthfulqa
pairs_arith_v2.csv,5721,arithmetic,gsm8k_test_0639,cal,remove,C0_exact,gsm8k_copy
pairs_arith_v2.csv,5722,arithmetic,gsm8k_test_0639,cal,remove,C1_transformed,lmsys_rephrase
pairs_arith_v2.csv,5723,arithmetic,gsm8k_test_0639,cal,remove,C2_answer_bearing,gsm8k_solution_frag
pairs_arith_v2.csv,5724,arithmetic,gsm8k_test_0639,cal,retain,H2_same_template,gsmplus_numerical_substitution
pairs_arith_v2.csv,5725,arithmetic,gsm8k_test_0639,cal,remove,C1_transformed,gsmplus_problem_understanding
pairs_arith_v2.csv,5726,arithmetic,gsm8k_test_0639,cal,retain,H2_same_template,gsmplus_critical_thinking
pairs_arith_v2.csv,5727,arithmetic,gsm8k_test_0639,cal,retain,H1_same_topic,svamp
pairs_arith_v2.csv,5728,arithmetic,gsm8k_test_0639,cal,retain,H3_predating,asdiv
pairs_arith_v2.csv,5729,arithmetic,gsm8k_test_0639,cal,retain,R_random,truthfulqa
pairs_arith_v2.csv,5775,arithmetic,gsm8k_test_0645,cal,remove,C0_exact,gsm8k_copy
pairs_arith_v2.csv,5776,arithmetic,gsm8k_test_0645,cal,remove,C1_transformed,lmsys_rephrase
pairs_arith_v2.csv,5777,arithmetic,gsm8k_test_0645,cal,remove,C2_answer_bearing,gsm8k_solution_frag
pairs_arith_v2.csv,5778,arithmetic,gsm8k_test_0645,cal,retain,H2_same_template,gsmplus_numerical_substitution
pairs_arith_v2.csv,5779,arithmetic,gsm8k_test_0645,cal,remove,C1_transformed,gsmplus_problem_understanding
pairs_arith_v2.csv,5780,arithmetic,gsm8k_test_0645,cal,retain,H2_same_template,gsmplus_critical_thinking
pairs_arith_v2.csv,5781,arithmetic,gsm8k_test_0645,cal,retain,H1_same_topic,svamp
pairs_arith_v2.csv,5782,arithmetic,gsm8k_test_0645,cal,retain,H3_predating,asdiv
pairs_arith_v2.csv,5783,arithmetic,gsm8k_test_0645,cal,retain,R_random,truthfulqa
pairs_arith_v2.csv,5802,arithmetic,gsm8k_test_0648,cal,remove,C0_exact,gsm8k_copy
pairs_arith_v2.csv,5803,arithmetic,gsm8k_test_0648,cal,remove,C1_transformed,lmsys_rephrase
pairs_arith_v2.csv,5804,arithmetic,gsm8k_test_0648,cal,remove,C2_answer_bearing,gsm8k_solution_frag
pairs_arith_v2.csv,5805,arithmetic,gsm8k_test_0648,cal,retain,H2_same_template,gsmplus_numerical_substitution
pairs_arith_v2.csv,5806,arithmetic,gsm8k_test_0648,cal,remove,C1_transformed,gsmplus_problem_understanding
pairs_arith_v2.csv,5807,arithmetic,gsm8k_test_0648,cal,retain,H2_same_template,gsmplus_critical_thinking
pairs_arith_v2.csv,5808,arithmetic,gsm8k_test_0648,cal,retain,H1_same_topic,svamp
pairs_arith_v2.csv,5809,arithmetic,gsm8k_test_0648,cal,retain,H3_predating,asdiv
pairs_arith_v2.csv,5810,arithmetic,gsm8k_test_0648,cal,retain,R_random,truthfulqa
pairs_arith_v2.csv,5838,arithmetic,gsm8k_test_0652,cal,remove,C0_exact,gsm8k_copy
pairs_arith_v2.csv,5839,arithmetic,gsm8k_test_0652,cal,remove,C1_transformed,lmsys_rephrase
pairs_arith_v2.csv,5840,arithmetic,gsm8k_test_0652,cal,remove,C2_answer_bearing,gsm8k_solution_frag
pairs_arith_v2.csv,5841,arithmetic,gsm8k_test_0652,cal,retain,H2_same_template,gsmplus_numerical_substitution
pairs_arith_v2.csv,5842,arithmetic,gsm8k_test_0652,cal,remove,C1_transformed,gsmplus_problem_understanding
pairs_arith_v2.csv,5843,arithmetic,gsm8k_test_0652,cal,retain,H2_same_template,gsmplus_critical_thinking
pairs_arith_v2.csv,5844,arithmetic,gsm8k_test_0652,cal,retain,H1_same_topic,svamp
pairs_arith_v2.csv,5845,arithmetic,gsm8k_test_0652,cal,retain,H3_predating,asdiv
pairs_arith_v2.csv,5846,arithmetic,gsm8k_test_0652,cal,retain,R_random,truthfulqa
pairs_arith_v2.csv,5847,arithmetic,gsm8k_test_0653,cal,remove,C0_exact,gsm8k_copy
pairs_arith_v2.csv,5848,arithmetic,gsm8k_test_0653,cal,remove,C1_transformed,lmsys_rephrase
pairs_arith_v2.csv,5849,arithmetic,gsm8k_test_0653,cal,remove,C2_answer_bearing,gsm8k_solution_frag
pairs_arith_v2.csv,5850,arithmetic,gsm8k_test_0653,cal,retain,H2_same_template,gsmplus_numerical_substitution
pairs_arith_v2.csv,5851,arithmetic,gsm8k_test_0653,cal,remove,C1_transformed,gsmplus_problem_understanding
pairs_arith_v2.csv,5852,arithmetic,gsm8k_test_0653,cal,retain,H2_same_template,gsmplus_critical_thinking
pairs_arith_v2.csv,5853,arithmetic,gsm8k_test_0653,cal,retain,H1_same_topic,svamp
pairs_arith_v2.csv,5854,arithmetic,gsm8k_test_0653,cal,retain,H3_predating,asdiv
pairs_arith_v2.csv,5855,arithmetic,gsm8k_test_0653,cal,retain,R_random,truthfulqa
pairs_arith_v2.csv,5856,arithmetic,gsm8k_test_0654,cal,remove,C0_exact,gsm8k_copy
pairs_arith_v2.csv,5857,arithmetic,gsm8k_test_0654,cal,remove,C1_transformed,lmsys_rephrase
pairs_arith_v2.csv,5858,arithmetic,gsm8k_test_0654,cal,remove,C2_answer_bearing,gsm8k_solution_frag
pairs_arith_v2.csv,5859,arithmetic,gsm8k_test_0654,cal,retain,H2_same_template,gsmplus_numerical_substitution
pairs_arith_v2.csv,5860,arithmetic,gsm8k_test_0654,cal,remove,C1_transformed,gsmplus_problem_understanding
pairs_arith_v2.csv,5861,arithmetic,gsm8k_test_0654,cal,retain,H2_same_template,gsmplus_critical_thinking
pairs_arith_v2.csv,5862,arithmetic,gsm8k_test_0654,cal,retain,H1_same_topic,svamp
pairs_arith_v2.csv,5863,arithmetic,gsm8k_test_0654,cal,retain,H3_predating,asdiv
pairs_arith_v2.csv,5864,arithmetic,gsm8k_test_0654,cal,retain,R_random,truthfulqa
pairs_arith_v2.csv,5901,arithmetic,gsm8k_test_0659,cal,remove,C0_exact,gsm8k_copy
pairs_arith_v2.csv,5902,arithmetic,gsm8k_test_0659,cal,remove,C1_transformed,lmsys_rephrase
pairs_arith_v2.csv,5903,arithmetic,gsm8k_test_0659,cal,remove,C2_answer_bearing,gsm8k_solution_frag
pairs_arith_v2.csv,5904,arithmetic,gsm8k_test_0659,cal,retain,H2_same_template,gsmplus_numerical_substitution
pairs_arith_v2.csv,5905,arithmetic,gsm8k_test_0659,cal,remove,C1_transformed,gsmplus_problem_understanding
pairs_arith_v2.csv,5906,arithmetic,gsm8k_test_0659,cal,retain,H2_same_template,gsmplus_critical_thinking
pairs_arith_v2.csv,5907,arithmetic,gsm8k_test_0659,cal,retain,H1_same_topic,svamp
pairs_arith_v2.csv,5908,arithmetic,gsm8k_test_0659,cal,retain,H3_predating,asdiv
pairs_arith_v2.csv,5909,arithmetic,gsm8k_test_0659,cal,retain,R_random,truthfulqa
pairs_arith_v2.csv,5944,arithmetic,gsm8k_test_0664,cal,remove,C0_exact,gsm8k_copy
pairs_arith_v2.csv,5945,arithmetic,gsm8k_test_0664,cal,remove,C1_transformed,lmsys_rephrase
pairs_arith_v2.csv,5946,arithmetic,gsm8k_test_0664,cal,remove,C2_answer_bearing,gsm8k_solution_frag
pairs_arith_v2.csv,5947,arithmetic,gsm8k_test_0664,cal,remove,C1_transformed,gsmplus_problem_understanding
pairs_arith_v2.csv,5948,arithmetic,gsm8k_test_0664,cal,retain,H2_same_template,gsmplus_critical_thinking
pairs_arith_v2.csv,5949,arithmetic,gsm8k_test_0664,cal,retain,H1_same_topic,svamp
pairs_arith_v2.csv,5950,arithmetic,gsm8k_test_0664,cal,retain,H3_predating,asdiv
pairs_arith_v2.csv,5951,arithmetic,gsm8k_test_0664,cal,retain,R_random,truthfulqa
pairs_arith_v2.csv,5970,arithmetic,gsm8k_test_0667,cal,remove,C0_exact,gsm8k_copy
pairs_arith_v2.csv,5971,arithmetic,gsm8k_test_0667,cal,remove,C1_transformed,lmsys_rephrase
pairs_arith_v2.csv,5972,arithmetic,gsm8k_test_0667,cal,remove,C2_answer_bearing,gsm8k_solution_frag
pairs_arith_v2.csv,5973,arithmetic,gsm8k_test_0667,cal,retain,H2_same_template,gsmplus_numerical_substitution
pairs_arith_v2.csv,5974,arithmetic,gsm8k_test_0667,cal,remove,C1_transformed,gsmplus_problem_understanding
pairs_arith_v2.csv,5975,arithmetic,gsm8k_test_0667,cal,retain,H2_same_template,gsmplus_critical_thinking
pairs_arith_v2.csv,5976,arithmetic,gsm8k_test_0667,cal,retain,H1_same_topic,svamp
pairs_arith_v2.csv,5977,arithmetic,gsm8k_test_0667,cal,retain,H3_predating,asdiv
pairs_arith_v2.csv,5978,arithmetic,gsm8k_test_0667,cal,retain,R_random,truthfulqa
pairs_arith_v2.csv,5979,arithmetic,gsm8k_test_0668,cal,remove,C0_exact,gsm8k_copy
pairs_arith_v2.csv,5980,arithmetic,gsm8k_test_0668,cal,remove,C1_transformed,lmsys_rephrase
pairs_arith_v2.csv,5981,arithmetic,gsm8k_test_0668,cal,remove,C2_answer_bearing,gsm8k_solution_frag
pairs_arith_v2.csv,5982,arithmetic,gsm8k_test_0668,cal,retain,H2_same_template,gsmplus_numerical_substitution
pairs_arith_v2.csv,5983,arithmetic,gsm8k_test_0668,cal,remove,C1_transformed,gsmplus_problem_understanding
pairs_arith_v2.csv,5984,arithmetic,gsm8k_test_0668,cal,retain,H2_same_template,gsmplus_critical_thinking
pairs_arith_v2.csv,5985,arithmetic,gsm8k_test_0668,cal,retain,H1_same_topic,svamp
pairs_arith_v2.csv,5986,arithmetic,gsm8k_test_0668,cal,retain,H3_predating,asdiv
pairs_arith_v2.csv,5987,arithmetic,gsm8k_test_0668,cal,retain,R_random,truthfulqa
pairs_arith_v2.csv,6006,arithmetic,gsm8k_test_0671,cal,remove,C0_exact,gsm8k_copy
pairs_arith_v2.csv,6007,arithmetic,gsm8k_test_0671,cal,remove,C1_transformed,lmsys_rephrase
pairs_arith_v2.csv,6008,arithmetic,gsm8k_test_0671,cal,remove,C2_answer_bearing,gsm8k_solution_frag
pairs_arith_v2.csv,6009,arithmetic,gsm8k_test_0671,cal,retain,H2_same_template,gsmplus_numerical_substitution
pairs_arith_v2.csv,6010,arithmetic,gsm8k_test_0671,cal,remove,C1_transformed,gsmplus_problem_understanding
pairs_arith_v2.csv,6011,arithmetic,gsm8k_test_0671,cal,retain,H2_same_template,gsmplus_critical_thinking
pairs_arith_v2.csv,6012,arithmetic,gsm8k_test_0671,cal,retain,H1_same_topic,svamp
pairs_arith_v2.csv,6013,arithmetic,gsm8k_test_0671,cal,retain,H3_predating,asdiv
pairs_arith_v2.csv,6014,arithmetic,gsm8k_test_0671,cal,retain,R_random,truthfulqa
pairs_arith_v2.csv,6060,arithmetic,gsm8k_test_0677,cal,remove,C0_exact,gsm8k_copy
pairs_arith_v2.csv,6061,arithmetic,gsm8k_test_0677,cal,remove,C1_transformed,lmsys_rephrase
pairs_arith_v2.csv,6062,arithmetic,gsm8k_test_0677,cal,remove,C2_answer_bearing,gsm8k_solution_frag
pairs_arith_v2.csv,6063,arithmetic,gsm8k_test_0677,cal,retain,H2_same_template,gsmplus_numerical_substitution
pairs_arith_v2.csv,6064,arithmetic,gsm8k_test_0677,cal,remove,C1_transformed,gsmplus_problem_understanding
pairs_arith_v2.csv,6065,arithmetic,gsm8k_test_0677,cal,retain,H2_same_template,gsmplus_critical_thinking
pairs_arith_v2.csv,6066,arithmetic,gsm8k_test_0677,cal,retain,H1_same_topic,svamp
pairs_arith_v2.csv,6067,arithmetic,gsm8k_test_0677,cal,retain,H3_predating,asdiv
pairs_arith_v2.csv,6068,arithmetic,gsm8k_test_0677,cal,retain,R_random,truthfulqa
pairs_arith_v2.csv,6069,arithmetic,gsm8k_test_0678,cal,remove,C0_exact,gsm8k_copy
pairs_arith_v2.csv,6070,arithmetic,gsm8k_test_0678,cal,remove,C1_transformed,lmsys_rephrase
pairs_arith_v2.csv,6071,arithmetic,gsm8k_test_0678,cal,remove,C2_answer_bearing,gsm8k_solution_frag
pairs_arith_v2.csv,6072,arithmetic,gsm8k_test_0678,cal,retain,H2_same_template,gsmplus_numerical_substitution
pairs_arith_v2.csv,6073,arithmetic,gsm8k_test_0678,cal,remove,C1_transformed,gsmplus_problem_understanding
pairs_arith_v2.csv,6074,arithmetic,gsm8k_test_0678,cal,retain,H2_same_template,gsmplus_critical_thinking
pairs_arith_v2.csv,6075,arithmetic,gsm8k_test_0678,cal,retain,H1_same_topic,svamp
pairs_arith_v2.csv,6076,arithmetic,gsm8k_test_0678,cal,retain,H3_predating,asdiv
pairs_arith_v2.csv,6077,arithmetic,gsm8k_test_0678,cal,retain,R_random,truthfulqa
pairs_arith_v2.csv,6078,arithmetic,gsm8k_test_0679,cal,remove,C0_exact,gsm8k_copy
pairs_arith_v2.csv,6079,arithmetic,gsm8k_test_0679,cal,remove,C1_transformed,lmsys_rephrase
pairs_arith_v2.csv,6080,arithmetic,gsm8k_test_0679,cal,remove,C2_answer_bearing,gsm8k_solution_frag
pairs_arith_v2.csv,6081,arithmetic,gsm8k_test_0679,cal,retain,H2_same_template,gsmplus_numerical_substitution
pairs_arith_v2.csv,6082,arithmetic,gsm8k_test_0679,cal,remove,C1_transformed,gsmplus_problem_understanding
pairs_arith_v2.csv,6083,arithmetic,gsm8k_test_0679,cal,retain,H2_same_template,gsmplus_critical_thinking
pairs_arith_v2.csv,6084,arithmetic,gsm8k_test_0679,cal,retain,H1_same_topic,svamp
pairs_arith_v2.csv,6085,arithmetic,gsm8k_test_0679,cal,retain,H3_predating,asdiv
pairs_arith_v2.csv,6086,arithmetic,gsm8k_test_0679,cal,retain,R_random,truthfulqa
pairs_arith_v2.csv,6150,arithmetic,gsm8k_test_0687,cal,remove,C0_exact,gsm8k_copy
pairs_arith_v2.csv,6151,arithmetic,gsm8k_test_0687,cal,remove,C1_transformed,lmsys_rephrase
pairs_arith_v2.csv,6152,arithmetic,gsm8k_test_0687,cal,remove,C2_answer_bearing,gsm8k_solution_frag
pairs_arith_v2.csv,6153,arithmetic,gsm8k_test_0687,cal,retain,H2_same_template,gsmplus_numerical_substitution
pairs_arith_v2.csv,6154,arithmetic,gsm8k_test_0687,cal,remove,C1_transformed,gsmplus_problem_understanding
pairs_arith_v2.csv,6155,arithmetic,gsm8k_test_0687,cal,retain,H2_same_template,gsmplus_critical_thinking
pairs_arith_v2.csv,6156,arithmetic,gsm8k_test_0687,cal,retain,H1_same_topic,svamp
pairs_arith_v2.csv,6157,arithmetic,gsm8k_test_0687,cal,retain,H3_predating,asdiv
pairs_arith_v2.csv,6158,arithmetic,gsm8k_test_0687,cal,retain,R_random,truthfulqa
pairs_arith_v2.csv,6159,arithmetic,gsm8k_test_0688,cal,remove,C0_exact,gsm8k_copy
pairs_arith_v2.csv,6160,arithmetic,gsm8k_test_0688,cal,remove,C1_transformed,lmsys_rephrase
pairs_arith_v2.csv,6161,arithmetic,gsm8k_test_0688,cal,remove,C2_answer_bearing,gsm8k_solution_frag
pairs_arith_v2.csv,6162,arithmetic,gsm8k_test_0688,cal,retain,H2_same_template,gsmplus_numerical_substitution
pairs_arith_v2.csv,6163,arithmetic,gsm8k_test_0688,cal,remove,C1_transformed,gsmplus_problem_understanding
pairs_arith_v2.csv,6164,arithmetic,gsm8k_test_0688,cal,retain,H2_same_template,gsmplus_critical_thinking
pairs_arith_v2.csv,6165,arithmetic,gsm8k_test_0688,cal,retain,H1_same_topic,svamp
pairs_arith_v2.csv,6166,arithmetic,gsm8k_test_0688,cal,retain,H3_predating,asdiv
pairs_arith_v2.csv,6167,arithmetic,gsm8k_test_0688,cal,retain,R_random,truthfulqa
pairs_arith_v2.csv,6204,arithmetic,gsm8k_test_0693,cal,remove,C0_exact,gsm8k_copy
pairs_arith_v2.csv,6205,arithmetic,gsm8k_test_0693,cal,remove,C1_transformed,lmsys_rephrase
pairs_arith_v2.csv,6206,arithmetic,gsm8k_test_0693,cal,remove,C2_answer_bearing,gsm8k_solution_frag
pairs_arith_v2.csv,6207,arithmetic,gsm8k_test_0693,cal,retain,H2_same_template,gsmplus_numerical_substitution
pairs_arith_v2.csv,6208,arithmetic,gsm8k_test_0693,cal,remove,C1_transformed,gsmplus_problem_understanding
pairs_arith_v2.csv,6209,arithmetic,gsm8k_test_0693,cal,retain,H2_same_template,gsmplus_critical_thinking
pairs_arith_v2.csv,6210,arithmetic,gsm8k_test_0693,cal,retain,H1_same_topic,svamp
pairs_arith_v2.csv,6211,arithmetic,gsm8k_test_0693,cal,retain,H3_predating,asdiv
pairs_arith_v2.csv,6212,arithmetic,gsm8k_test_0693,cal,retain,R_random,truthfulqa
pairs_arith_v2.csv,6213,arithmetic,gsm8k_test_0694,cal,remove,C0_exact,gsm8k_copy
pairs_arith_v2.csv,6214,arithmetic,gsm8k_test_0694,cal,remove,C1_transformed,lmsys_rephrase
pairs_arith_v2.csv,6215,arithmetic,gsm8k_test_0694,cal,remove,C2_answer_bearing,gsm8k_solution_frag
pairs_arith_v2.csv,6216,arithmetic,gsm8k_test_0694,cal,retain,H2_same_template,gsmplus_numerical_substitution
pairs_arith_v2.csv,6217,arithmetic,gsm8k_test_0694,cal,remove,C1_transformed,gsmplus_problem_understanding
pairs_arith_v2.csv,6218,arithmetic,gsm8k_test_0694,cal,retain,H2_same_template,gsmplus_critical_thinking
pairs_arith_v2.csv,6219,arithmetic,gsm8k_test_0694,cal,retain,H1_same_topic,svamp
pairs_arith_v2.csv,6220,arithmetic,gsm8k_test_0694,cal,retain,H3_predating,asdiv
pairs_arith_v2.csv,6221,arithmetic,gsm8k_test_0694,cal,retain,R_random,truthfulqa
pairs_arith_v2.csv,6249,arithmetic,gsm8k_test_0698,cal,remove,C0_exact,gsm8k_copy
pairs_arith_v2.csv,6250,arithmetic,gsm8k_test_0698,cal,remove,C1_transformed,lmsys_rephrase
pairs_arith_v2.csv,6251,arithmetic,gsm8k_test_0698,cal,remove,C2_answer_bearing,gsm8k_solution_frag
pairs_arith_v2.csv,6252,arithmetic,gsm8k_test_0698,cal,retain,H2_same_template,gsmplus_numerical_substitution
pairs_arith_v2.csv,6253,arithmetic,gsm8k_test_0698,cal,remove,C1_transformed,gsmplus_problem_understanding
pairs_arith_v2.csv,6254,arithmetic,gsm8k_test_0698,cal,retain,H2_same_template,gsmplus_critical_thinking
pairs_arith_v2.csv,6255,arithmetic,gsm8k_test_0698,cal,retain,H1_same_topic,svamp
pairs_arith_v2.csv,6256,arithmetic,gsm8k_test_0698,cal,retain,H3_predating,asdiv
pairs_arith_v2.csv,6257,arithmetic,gsm8k_test_0698,cal,retain,R_random,truthfulqa
pairs_arith_v2.csv,6267,arithmetic,gsm8k_test_0700,cal,remove,C0_exact,gsm8k_copy
pairs_arith_v2.csv,6268,arithmetic,gsm8k_test_0700,cal,remove,C1_transformed,lmsys_rephrase
pairs_arith_v2.csv,6269,arithmetic,gsm8k_test_0700,cal,remove,C2_answer_bearing,gsm8k_solution_frag
pairs_arith_v2.csv,6270,arithmetic,gsm8k_test_0700,cal,retain,H2_same_template,gsmplus_numerical_substitution
pairs_arith_v2.csv,6271,arithmetic,gsm8k_test_0700,cal,remove,C1_transformed,gsmplus_problem_understanding
pairs_arith_v2.csv,6272,arithmetic,gsm8k_test_0700,cal,retain,H2_same_template,gsmplus_critical_thinking
pairs_arith_v2.csv,6273,arithmetic,gsm8k_test_0700,cal,retain,H1_same_topic,svamp
pairs_arith_v2.csv,6274,arithmetic,gsm8k_test_0700,cal,retain,H3_predating,asdiv
pairs_arith_v2.csv,6275,arithmetic,gsm8k_test_0700,cal,retain,R_random,truthfulqa
pairs_arith_v2.csv,6303,arithmetic,gsm8k_test_0704,cal,remove,C0_exact,gsm8k_copy
pairs_arith_v2.csv,6304,arithmetic,gsm8k_test_0704,cal,remove,C1_transformed,lmsys_rephrase
pairs_arith_v2.csv,6305,arithmetic,gsm8k_test_0704,cal,remove,C2_answer_bearing,gsm8k_solution_frag
pairs_arith_v2.csv,6306,arithmetic,gsm8k_test_0704,cal,retain,H2_same_template,gsmplus_numerical_substitution
pairs_arith_v2.csv,6307,arithmetic,gsm8k_test_0704,cal,remove,C1_transformed,gsmplus_problem_understanding
pairs_arith_v2.csv,6308,arithmetic,gsm8k_test_0704,cal,retain,H2_same_template,gsmplus_critical_thinking
pairs_arith_v2.csv,6309,arithmetic,gsm8k_test_0704,cal,retain,H1_same_topic,svamp
pairs_arith_v2.csv,6310,arithmetic,gsm8k_test_0704,cal,retain,H3_predating,asdiv
pairs_arith_v2.csv,6311,arithmetic,gsm8k_test_0704,cal,retain,R_random,truthfulqa
pairs_arith_v2.csv,6465,arithmetic,gsm8k_test_0722,cal,remove,C0_exact,gsm8k_copy
pairs_arith_v2.csv,6466,arithmetic,gsm8k_test_0722,cal,remove,C1_transformed,lmsys_rephrase
pairs_arith_v2.csv,6467,arithmetic,gsm8k_test_0722,cal,remove,C2_answer_bearing,gsm8k_solution_frag
pairs_arith_v2.csv,6468,arithmetic,gsm8k_test_0722,cal,retain,H2_same_template,gsmplus_numerical_substitution
pairs_arith_v2.csv,6469,arithmetic,gsm8k_test_0722,cal,remove,C1_transformed,gsmplus_problem_understanding
pairs_arith_v2.csv,6470,arithmetic,gsm8k_test_0722,cal,retain,H2_same_template,gsmplus_critical_thinking
pairs_arith_v2.csv,6471,arithmetic,gsm8k_test_0722,cal,retain,H1_same_topic,svamp
pairs_arith_v2.csv,6472,arithmetic,gsm8k_test_0722,cal,retain,H3_predating,asdiv
pairs_arith_v2.csv,6473,arithmetic,gsm8k_test_0722,cal,retain,R_random,truthfulqa
pairs_arith_v2.csv,6483,arithmetic,gsm8k_test_0724,cal,remove,C0_exact,gsm8k_copy
pairs_arith_v2.csv,6484,arithmetic,gsm8k_test_0724,cal,remove,C1_transformed,lmsys_rephrase
pairs_arith_v2.csv,6485,arithmetic,gsm8k_test_0724,cal,remove,C2_answer_bearing,gsm8k_solution_frag
pairs_arith_v2.csv,6486,arithmetic,gsm8k_test_0724,cal,retain,H2_same_template,gsmplus_numerical_substitution
pairs_arith_v2.csv,6487,arithmetic,gsm8k_test_0724,cal,remove,C1_transformed,gsmplus_problem_understanding
pairs_arith_v2.csv,6488,arithmetic,gsm8k_test_0724,cal,retain,H2_same_template,gsmplus_critical_thinking
pairs_arith_v2.csv,6489,arithmetic,gsm8k_test_0724,cal,retain,H1_same_topic,svamp
pairs_arith_v2.csv,6490,arithmetic,gsm8k_test_0724,cal,retain,H3_predating,asdiv
pairs_arith_v2.csv,6491,arithmetic,gsm8k_test_0724,cal,retain,R_random,truthfulqa
pairs_arith_v2.csv,6537,arithmetic,gsm8k_test_0730,cal,remove,C0_exact,gsm8k_copy
pairs_arith_v2.csv,6538,arithmetic,gsm8k_test_0730,cal,remove,C1_transformed,lmsys_rephrase
pairs_arith_v2.csv,6539,arithmetic,gsm8k_test_0730,cal,remove,C2_answer_bearing,gsm8k_solution_frag
pairs_arith_v2.csv,6540,arithmetic,gsm8k_test_0730,cal,retain,H2_same_template,gsmplus_numerical_substitution
pairs_arith_v2.csv,6541,arithmetic,gsm8k_test_0730,cal,remove,C1_transformed,gsmplus_problem_understanding
pairs_arith_v2.csv,6542,arithmetic,gsm8k_test_0730,cal,retain,H2_same_template,gsmplus_critical_thinking
pairs_arith_v2.csv,6543,arithmetic,gsm8k_test_0730,cal,retain,H1_same_topic,svamp
pairs_arith_v2.csv,6544,arithmetic,gsm8k_test_0730,cal,retain,H3_predating,asdiv
pairs_arith_v2.csv,6545,arithmetic,gsm8k_test_0730,cal,retain,R_random,truthfulqa
pairs_arith_v2.csv,6564,arithmetic,gsm8k_test_0733,cal,remove,C0_exact,gsm8k_copy
pairs_arith_v2.csv,6565,arithmetic,gsm8k_test_0733,cal,remove,C1_transformed,lmsys_rephrase
pairs_arith_v2.csv,6566,arithmetic,gsm8k_test_0733,cal,remove,C2_answer_bearing,gsm8k_solution_frag
pairs_arith_v2.csv,6567,arithmetic,gsm8k_test_0733,cal,remove,C1_transformed,gsmplus_problem_understanding
pairs_arith_v2.csv,6568,arithmetic,gsm8k_test_0733,cal,retain,H2_same_template,gsmplus_critical_thinking
pairs_arith_v2.csv,6569,arithmetic,gsm8k_test_0733,cal,retain,H1_same_topic,svamp
pairs_arith_v2.csv,6570,arithmetic,gsm8k_test_0733,cal,retain,H3_predating,asdiv
pairs_arith_v2.csv,6571,arithmetic,gsm8k_test_0733,cal,retain,R_random,truthfulqa
pairs_arith_v2.csv,6643,arithmetic,gsm8k_test_0742,cal,remove,C0_exact,gsm8k_copy
pairs_arith_v2.csv,6644,arithmetic,gsm8k_test_0742,cal,remove,C1_transformed,lmsys_rephrase
pairs_arith_v2.csv,6645,arithmetic,gsm8k_test_0742,cal,remove,C2_answer_bearing,gsm8k_solution_frag
pairs_arith_v2.csv,6646,arithmetic,gsm8k_test_0742,cal,retain,H2_same_template,gsmplus_numerical_substitution
pairs_arith_v2.csv,6647,arithmetic,gsm8k_test_0742,cal,remove,C1_transformed,gsmplus_problem_understanding
pairs_arith_v2.csv,6648,arithmetic,gsm8k_test_0742,cal,retain,H2_same_template,gsmplus_critical_thinking
pairs_arith_v2.csv,6649,arithmetic,gsm8k_test_0742,cal,retain,H1_same_topic,svamp
pairs_arith_v2.csv,6650,arithmetic,gsm8k_test_0742,cal,retain,H3_predating,asdiv
pairs_arith_v2.csv,6651,arithmetic,gsm8k_test_0742,cal,retain,R_random,truthfulqa
pairs_arith_v2.csv,6697,arithmetic,gsm8k_test_0748,cal,remove,C0_exact,gsm8k_copy
pairs_arith_v2.csv,6698,arithmetic,gsm8k_test_0748,cal,remove,C1_transformed,lmsys_rephrase
pairs_arith_v2.csv,6699,arithmetic,gsm8k_test_0748,cal,remove,C2_answer_bearing,gsm8k_solution_frag
pairs_arith_v2.csv,6700,arithmetic,gsm8k_test_0748,cal,retain,H2_same_template,gsmplus_numerical_substitution
pairs_arith_v2.csv,6701,arithmetic,gsm8k_test_0748,cal,remove,C1_transformed,gsmplus_problem_understanding
pairs_arith_v2.csv,6702,arithmetic,gsm8k_test_0748,cal,retain,H2_same_template,gsmplus_critical_thinking
pairs_arith_v2.csv,6703,arithmetic,gsm8k_test_0748,cal,retain,H1_same_topic,svamp
pairs_arith_v2.csv,6704,arithmetic,gsm8k_test_0748,cal,retain,H3_predating,asdiv
pairs_arith_v2.csv,6705,arithmetic,gsm8k_test_0748,cal,retain,R_random,truthfulqa
pairs_arith_v2.csv,6751,arithmetic,gsm8k_test_0754,cal,remove,C0_exact,gsm8k_copy
pairs_arith_v2.csv,6752,arithmetic,gsm8k_test_0754,cal,remove,C1_transformed,lmsys_rephrase
pairs_arith_v2.csv,6753,arithmetic,gsm8k_test_0754,cal,remove,C2_answer_bearing,gsm8k_solution_frag
pairs_arith_v2.csv,6754,arithmetic,gsm8k_test_0754,cal,retain,H2_same_template,gsmplus_numerical_substitution
pairs_arith_v2.csv,6755,arithmetic,gsm8k_test_0754,cal,remove,C1_transformed,gsmplus_problem_understanding
pairs_arith_v2.csv,6756,arithmetic,gsm8k_test_0754,cal,retain,H2_same_template,gsmplus_critical_thinking
pairs_arith_v2.csv,6757,arithmetic,gsm8k_test_0754,cal,retain,H1_same_topic,svamp
pairs_arith_v2.csv,6758,arithmetic,gsm8k_test_0754,cal,retain,H3_predating,asdiv
pairs_arith_v2.csv,6759,arithmetic,gsm8k_test_0754,cal,retain,R_random,truthfulqa
pairs_arith_v2.csv,6796,arithmetic,gsm8k_test_0759,cal,remove,C0_exact,gsm8k_copy
pairs_arith_v2.csv,6797,arithmetic,gsm8k_test_0759,cal,remove,C1_transformed,lmsys_rephrase
pairs_arith_v2.csv,6798,arithmetic,gsm8k_test_0759,cal,remove,C2_answer_bearing,gsm8k_solution_frag
pairs_arith_v2.csv,6799,arithmetic,gsm8k_test_0759,cal,retain,H2_same_template,gsmplus_numerical_substitution
pairs_arith_v2.csv,6800,arithmetic,gsm8k_test_0759,cal,remove,C1_transformed,gsmplus_problem_understanding
pairs_arith_v2.csv,6801,arithmetic,gsm8k_test_0759,cal,retain,H2_same_template,gsmplus_critical_thinking
pairs_arith_v2.csv,6802,arithmetic,gsm8k_test_0759,cal,retain,H1_same_topic,svamp
pairs_arith_v2.csv,6803,arithmetic,gsm8k_test_0759,cal,retain,H3_predating,asdiv
pairs_arith_v2.csv,6804,arithmetic,gsm8k_test_0759,cal,retain,R_random,truthfulqa
pairs_arith_v2.csv,6814,arithmetic,gsm8k_test_0761,cal,remove,C0_exact,gsm8k_copy
pairs_arith_v2.csv,6815,arithmetic,gsm8k_test_0761,cal,remove,C1_transformed,lmsys_rephrase
pairs_arith_v2.csv,6816,arithmetic,gsm8k_test_0761,cal,remove,C2_answer_bearing,gsm8k_solution_frag
pairs_arith_v2.csv,6817,arithmetic,gsm8k_test_0761,cal,retain,H2_same_template,gsmplus_numerical_substitution
pairs_arith_v2.csv,6818,arithmetic,gsm8k_test_0761,cal,remove,C1_transformed,gsmplus_problem_understanding
pairs_arith_v2.csv,6819,arithmetic,gsm8k_test_0761,cal,retain,H2_same_template,gsmplus_critical_thinking
pairs_arith_v2.csv,6820,arithmetic,gsm8k_test_0761,cal,retain,H1_same_topic,svamp
pairs_arith_v2.csv,6821,arithmetic,gsm8k_test_0761,cal,retain,H3_predating,asdiv
pairs_arith_v2.csv,6822,arithmetic,gsm8k_test_0761,cal,retain,R_random,truthfulqa
pairs_arith_v2.csv,6868,arithmetic,gsm8k_test_0767,cal,remove,C0_exact,gsm8k_copy
pairs_arith_v2.csv,6869,arithmetic,gsm8k_test_0767,cal,remove,C1_transformed,lmsys_rephrase
pairs_arith_v2.csv,6870,arithmetic,gsm8k_test_0767,cal,remove,C2_answer_bearing,gsm8k_solution_frag
pairs_arith_v2.csv,6871,arithmetic,gsm8k_test_0767,cal,retain,H2_same_template,gsmplus_numerical_substitution
pairs_arith_v2.csv,6872,arithmetic,gsm8k_test_0767,cal,remove,C1_transformed,gsmplus_problem_understanding
pairs_arith_v2.csv,6873,arithmetic,gsm8k_test_0767,cal,retain,H2_same_template,gsmplus_critical_thinking
pairs_arith_v2.csv,6874,arithmetic,gsm8k_test_0767,cal,retain,H1_same_topic,svamp
pairs_arith_v2.csv,6875,arithmetic,gsm8k_test_0767,cal,retain,H3_predating,asdiv
pairs_arith_v2.csv,6876,arithmetic,gsm8k_test_0767,cal,retain,R_random,truthfulqa
pairs_arith_v2.csv,6904,arithmetic,gsm8k_test_0771,cal,remove,C0_exact,gsm8k_copy
pairs_arith_v2.csv,6905,arithmetic,gsm8k_test_0771,cal,remove,C1_transformed,lmsys_rephrase
pairs_arith_v2.csv,6906,arithmetic,gsm8k_test_0771,cal,remove,C2_answer_bearing,gsm8k_solution_frag
pairs_arith_v2.csv,6907,arithmetic,gsm8k_test_0771,cal,retain,H2_same_template,gsmplus_numerical_substitution
pairs_arith_v2.csv,6908,arithmetic,gsm8k_test_0771,cal,remove,C1_transformed,gsmplus_problem_understanding
pairs_arith_v2.csv,6909,arithmetic,gsm8k_test_0771,cal,retain,H2_same_template,gsmplus_critical_thinking
pairs_arith_v2.csv,6910,arithmetic,gsm8k_test_0771,cal,retain,H1_same_topic,svamp
pairs_arith_v2.csv,6911,arithmetic,gsm8k_test_0771,cal,retain,H3_predating,asdiv
pairs_arith_v2.csv,6912,arithmetic,gsm8k_test_0771,cal,retain,R_random,truthfulqa
pairs_arith_v2.csv,6913,arithmetic,gsm8k_test_0772,cal,remove,C0_exact,gsm8k_copy
pairs_arith_v2.csv,6914,arithmetic,gsm8k_test_0772,cal,remove,C1_transformed,lmsys_rephrase
pairs_arith_v2.csv,6915,arithmetic,gsm8k_test_0772,cal,remove,C2_answer_bearing,gsm8k_solution_frag
pairs_arith_v2.csv,6916,arithmetic,gsm8k_test_0772,cal,retain,H2_same_template,gsmplus_numerical_substitution
pairs_arith_v2.csv,6917,arithmetic,gsm8k_test_0772,cal,remove,C1_transformed,gsmplus_problem_understanding
pairs_arith_v2.csv,6918,arithmetic,gsm8k_test_0772,cal,retain,H2_same_template,gsmplus_critical_thinking
pairs_arith_v2.csv,6919,arithmetic,gsm8k_test_0772,cal,retain,H1_same_topic,svamp
pairs_arith_v2.csv,6920,arithmetic,gsm8k_test_0772,cal,retain,H3_predating,asdiv
pairs_arith_v2.csv,6921,arithmetic,gsm8k_test_0772,cal,retain,R_random,truthfulqa
pairs_arith_v2.csv,6922,arithmetic,gsm8k_test_0773,cal,remove,C0_exact,gsm8k_copy
pairs_arith_v2.csv,6923,arithmetic,gsm8k_test_0773,cal,remove,C1_transformed,lmsys_rephrase
pairs_arith_v2.csv,6924,arithmetic,gsm8k_test_0773,cal,remove,C2_answer_bearing,gsm8k_solution_frag
pairs_arith_v2.csv,6925,arithmetic,gsm8k_test_0773,cal,retain,H2_same_template,gsmplus_numerical_substitution
pairs_arith_v2.csv,6926,arithmetic,gsm8k_test_0773,cal,remove,C1_transformed,gsmplus_problem_understanding
pairs_arith_v2.csv,6927,arithmetic,gsm8k_test_0773,cal,retain,H2_same_template,gsmplus_critical_thinking
pairs_arith_v2.csv,6928,arithmetic,gsm8k_test_0773,cal,retain,H1_same_topic,svamp
pairs_arith_v2.csv,6929,arithmetic,gsm8k_test_0773,cal,retain,H3_predating,asdiv
pairs_arith_v2.csv,6930,arithmetic,gsm8k_test_0773,cal,retain,R_random,truthfulqa
pairs_arith_v2.csv,6948,arithmetic,gsm8k_test_0776,cal,remove,C0_exact,gsm8k_copy
pairs_arith_v2.csv,6949,arithmetic,gsm8k_test_0776,cal,remove,C1_transformed,lmsys_rephrase
pairs_arith_v2.csv,6950,arithmetic,gsm8k_test_0776,cal,remove,C2_answer_bearing,gsm8k_solution_frag
pairs_arith_v2.csv,6951,arithmetic,gsm8k_test_0776,cal,retain,H2_same_template,gsmplus_numerical_substitution
pairs_arith_v2.csv,6952,arithmetic,gsm8k_test_0776,cal,remove,C1_transformed,gsmplus_problem_understanding
pairs_arith_v2.csv,6953,arithmetic,gsm8k_test_0776,cal,retain,H2_same_template,gsmplus_critical_thinking
pairs_arith_v2.csv,6954,arithmetic,gsm8k_test_0776,cal,retain,H1_same_topic,svamp
pairs_arith_v2.csv,6955,arithmetic,gsm8k_test_0776,cal,retain,H3_predating,asdiv
pairs_arith_v2.csv,6956,arithmetic,gsm8k_test_0776,cal,retain,R_random,truthfulqa
pairs_arith_v2.csv,6993,arithmetic,gsm8k_test_0781,cal,remove,C0_exact,gsm8k_copy
pairs_arith_v2.csv,6994,arithmetic,gsm8k_test_0781,cal,remove,C1_transformed,lmsys_rephrase
pairs_arith_v2.csv,6995,arithmetic,gsm8k_test_0781,cal,remove,C2_answer_bearing,gsm8k_solution_frag
pairs_arith_v2.csv,6996,arithmetic,gsm8k_test_0781,cal,retain,H2_same_template,gsmplus_numerical_substitution
pairs_arith_v2.csv,6997,arithmetic,gsm8k_test_0781,cal,remove,C1_transformed,gsmplus_problem_understanding
pairs_arith_v2.csv,6998,arithmetic,gsm8k_test_0781,cal,retain,H2_same_template,gsmplus_critical_thinking
pairs_arith_v2.csv,6999,arithmetic,gsm8k_test_0781,cal,retain,H1_same_topic,svamp
pairs_arith_v2.csv,7000,arithmetic,gsm8k_test_0781,cal,retain,H3_predating,asdiv
pairs_arith_v2.csv,7001,arithmetic,gsm8k_test_0781,cal,retain,R_random,truthfulqa
pairs_arith_v2.csv,7011,arithmetic,gsm8k_test_0783,cal,remove,C0_exact,gsm8k_copy
pairs_arith_v2.csv,7012,arithmetic,gsm8k_test_0783,cal,remove,C1_transformed,lmsys_rephrase
pairs_arith_v2.csv,7013,arithmetic,gsm8k_test_0783,cal,remove,C2_answer_bearing,gsm8k_solution_frag
pairs_arith_v2.csv,7014,arithmetic,gsm8k_test_0783,cal,retain,H2_same_template,gsmplus_numerical_substitution
pairs_arith_v2.csv,7015,arithmetic,gsm8k_test_0783,cal,remove,C1_transformed,gsmplus_problem_understanding
pairs_arith_v2.csv,7016,arithmetic,gsm8k_test_0783,cal,retain,H2_same_template,gsmplus_critical_thinking
pairs_arith_v2.csv,7017,arithmetic,gsm8k_test_0783,cal,retain,H1_same_topic,svamp
pairs_arith_v2.csv,7018,arithmetic,gsm8k_test_0783,cal,retain,H3_predating,asdiv
pairs_arith_v2.csv,7019,arithmetic,gsm8k_test_0783,cal,retain,R_random,truthfulqa
pairs_arith_v2.csv,7020,arithmetic,gsm8k_test_0784,cal,remove,C0_exact,gsm8k_copy
pairs_arith_v2.csv,7021,arithmetic,gsm8k_test_0784,cal,remove,C1_transformed,lmsys_rephrase
pairs_arith_v2.csv,7022,arithmetic,gsm8k_test_0784,cal,remove,C2_answer_bearing,gsm8k_solution_frag
pairs_arith_v2.csv,7023,arithmetic,gsm8k_test_0784,cal,retain,H2_same_template,gsmplus_numerical_substitution
pairs_arith_v2.csv,7024,arithmetic,gsm8k_test_0784,cal,remove,C1_transformed,gsmplus_problem_understanding
pairs_arith_v2.csv,7025,arithmetic,gsm8k_test_0784,cal,retain,H2_same_template,gsmplus_critical_thinking
pairs_arith_v2.csv,7026,arithmetic,gsm8k_test_0784,cal,retain,H1_same_topic,svamp
pairs_arith_v2.csv,7027,arithmetic,gsm8k_test_0784,cal,retain,H3_predating,asdiv
pairs_arith_v2.csv,7028,arithmetic,gsm8k_test_0784,cal,retain,R_random,truthfulqa
pairs_arith_v2.csv,7029,arithmetic,gsm8k_test_0785,cal,remove,C0_exact,gsm8k_copy
pairs_arith_v2.csv,7030,arithmetic,gsm8k_test_0785,cal,remove,C1_transformed,lmsys_rephrase
pairs_arith_v2.csv,7031,arithmetic,gsm8k_test_0785,cal,remove,C2_answer_bearing,gsm8k_solution_frag
pairs_arith_v2.csv,7032,arithmetic,gsm8k_test_0785,cal,retain,H2_same_template,gsmplus_numerical_substitution
pairs_arith_v2.csv,7033,arithmetic,gsm8k_test_0785,cal,remove,C1_transformed,gsmplus_problem_understanding
pairs_arith_v2.csv,7034,arithmetic,gsm8k_test_0785,cal,retain,H2_same_template,gsmplus_critical_thinking
pairs_arith_v2.csv,7035,arithmetic,gsm8k_test_0785,cal,retain,H1_same_topic,svamp
pairs_arith_v2.csv,7036,arithmetic,gsm8k_test_0785,cal,retain,H3_predating,asdiv
pairs_arith_v2.csv,7037,arithmetic,gsm8k_test_0785,cal,retain,R_random,truthfulqa
pairs_arith_v2.csv,7047,arithmetic,gsm8k_test_0787,cal,remove,C0_exact,gsm8k_copy
pairs_arith_v2.csv,7048,arithmetic,gsm8k_test_0787,cal,remove,C1_transformed,lmsys_rephrase
pairs_arith_v2.csv,7049,arithmetic,gsm8k_test_0787,cal,remove,C2_answer_bearing,gsm8k_solution_frag
pairs_arith_v2.csv,7050,arithmetic,gsm8k_test_0787,cal,retain,H2_same_template,gsmplus_numerical_substitution
pairs_arith_v2.csv,7051,arithmetic,gsm8k_test_0787,cal,remove,C1_transformed,gsmplus_problem_understanding
pairs_arith_v2.csv,7052,arithmetic,gsm8k_test_0787,cal,retain,H2_same_template,gsmplus_critical_thinking
pairs_arith_v2.csv,7053,arithmetic,gsm8k_test_0787,cal,retain,H1_same_topic,svamp
pairs_arith_v2.csv,7054,arithmetic,gsm8k_test_0787,cal,retain,H3_predating,asdiv
pairs_arith_v2.csv,7055,arithmetic,gsm8k_test_0787,cal,retain,R_random,truthfulqa
pairs_arith_v2.csv,7074,arithmetic,gsm8k_test_0790,cal,remove,C0_exact,gsm8k_copy
pairs_arith_v2.csv,7075,arithmetic,gsm8k_test_0790,cal,remove,C1_transformed,lmsys_rephrase
pairs_arith_v2.csv,7076,arithmetic,gsm8k_test_0790,cal,remove,C2_answer_bearing,gsm8k_solution_frag
pairs_arith_v2.csv,7077,arithmetic,gsm8k_test_0790,cal,retain,H2_same_template,gsmplus_numerical_substitution
pairs_arith_v2.csv,7078,arithmetic,gsm8k_test_0790,cal,remove,C1_transformed,gsmplus_problem_understanding
pairs_arith_v2.csv,7079,arithmetic,gsm8k_test_0790,cal,retain,H2_same_template,gsmplus_critical_thinking
pairs_arith_v2.csv,7080,arithmetic,gsm8k_test_0790,cal,retain,H1_same_topic,svamp
pairs_arith_v2.csv,7081,arithmetic,gsm8k_test_0790,cal,retain,H3_predating,asdiv
pairs_arith_v2.csv,7082,arithmetic,gsm8k_test_0790,cal,retain,R_random,truthfulqa
pairs_arith_v2.csv,7128,arithmetic,gsm8k_test_0796,cal,remove,C0_exact,gsm8k_copy
pairs_arith_v2.csv,7129,arithmetic,gsm8k_test_0796,cal,remove,C1_transformed,lmsys_rephrase
pairs_arith_v2.csv,7130,arithmetic,gsm8k_test_0796,cal,remove,C2_answer_bearing,gsm8k_solution_frag
pairs_arith_v2.csv,7131,arithmetic,gsm8k_test_0796,cal,retain,H2_same_template,gsmplus_numerical_substitution
pairs_arith_v2.csv,7132,arithmetic,gsm8k_test_0796,cal,remove,C1_transformed,gsmplus_problem_understanding
pairs_arith_v2.csv,7133,arithmetic,gsm8k_test_0796,cal,retain,H2_same_template,gsmplus_critical_thinking
pairs_arith_v2.csv,7134,arithmetic,gsm8k_test_0796,cal,retain,H1_same_topic,svamp
pairs_arith_v2.csv,7135,arithmetic,gsm8k_test_0796,cal,retain,H3_predating,asdiv
pairs_arith_v2.csv,7136,arithmetic,gsm8k_test_0796,cal,retain,R_random,truthfulqa
pairs_arith_v2.csv,7137,arithmetic,gsm8k_test_0797,cal,remove,C0_exact,gsm8k_copy
pairs_arith_v2.csv,7138,arithmetic,gsm8k_test_0797,cal,remove,C1_transformed,lmsys_rephrase
pairs_arith_v2.csv,7139,arithmetic,gsm8k_test_0797,cal,remove,C2_answer_bearing,gsm8k_solution_frag
pairs_arith_v2.csv,7140,arithmetic,gsm8k_test_0797,cal,retain,H2_same_template,gsmplus_numerical_substitution
pairs_arith_v2.csv,7141,arithmetic,gsm8k_test_0797,cal,remove,C1_transformed,gsmplus_problem_understanding
pairs_arith_v2.csv,7142,arithmetic,gsm8k_test_0797,cal,retain,H2_same_template,gsmplus_critical_thinking
pairs_arith_v2.csv,7143,arithmetic,gsm8k_test_0797,cal,retain,H1_same_topic,svamp
pairs_arith_v2.csv,7144,arithmetic,gsm8k_test_0797,cal,retain,H3_predating,asdiv
pairs_arith_v2.csv,7145,arithmetic,gsm8k_test_0797,cal,retain,R_random,truthfulqa
pairs_arith_v2.csv,7182,arithmetic,gsm8k_test_0802,cal,remove,C0_exact,gsm8k_copy
pairs_arith_v2.csv,7183,arithmetic,gsm8k_test_0802,cal,remove,C1_transformed,lmsys_rephrase
pairs_arith_v2.csv,7184,arithmetic,gsm8k_test_0802,cal,remove,C2_answer_bearing,gsm8k_solution_frag
pairs_arith_v2.csv,7185,arithmetic,gsm8k_test_0802,cal,retain,H2_same_template,gsmplus_numerical_substitution
pairs_arith_v2.csv,7186,arithmetic,gsm8k_test_0802,cal,remove,C1_transformed,gsmplus_problem_understanding
pairs_arith_v2.csv,7187,arithmetic,gsm8k_test_0802,cal,retain,H2_same_template,gsmplus_critical_thinking
pairs_arith_v2.csv,7188,arithmetic,gsm8k_test_0802,cal,retain,H1_same_topic,svamp
pairs_arith_v2.csv,7189,arithmetic,gsm8k_test_0802,cal,retain,H3_predating,asdiv
pairs_arith_v2.csv,7190,arithmetic,gsm8k_test_0802,cal,retain,R_random,truthfulqa
pairs_arith_v2.csv,7191,arithmetic,gsm8k_test_0803,cal,remove,C0_exact,gsm8k_copy
pairs_arith_v2.csv,7192,arithmetic,gsm8k_test_0803,cal,remove,C1_transformed,lmsys_rephrase
pairs_arith_v2.csv,7193,arithmetic,gsm8k_test_0803,cal,remove,C2_answer_bearing,gsm8k_solution_frag
pairs_arith_v2.csv,7194,arithmetic,gsm8k_test_0803,cal,retain,H2_same_template,gsmplus_numerical_substitution
pairs_arith_v2.csv,7195,arithmetic,gsm8k_test_0803,cal,remove,C1_transformed,gsmplus_problem_understanding
pairs_arith_v2.csv,7196,arithmetic,gsm8k_test_0803,cal,retain,H2_same_template,gsmplus_critical_thinking
pairs_arith_v2.csv,7197,arithmetic,gsm8k_test_0803,cal,retain,H1_same_topic,svamp
pairs_arith_v2.csv,7198,arithmetic,gsm8k_test_0803,cal,retain,H3_predating,asdiv
pairs_arith_v2.csv,7199,arithmetic,gsm8k_test_0803,cal,retain,R_random,truthfulqa
pairs_arith_v2.csv,7209,arithmetic,gsm8k_test_0805,cal,remove,C0_exact,gsm8k_copy
pairs_arith_v2.csv,7210,arithmetic,gsm8k_test_0805,cal,remove,C1_transformed,lmsys_rephrase
pairs_arith_v2.csv,7211,arithmetic,gsm8k_test_0805,cal,remove,C2_answer_bearing,gsm8k_solution_frag
pairs_arith_v2.csv,7212,arithmetic,gsm8k_test_0805,cal,retain,H2_same_template,gsmplus_numerical_substitution
pairs_arith_v2.csv,7213,arithmetic,gsm8k_test_0805,cal,remove,C1_transformed,gsmplus_problem_understanding
pairs_arith_v2.csv,7214,arithmetic,gsm8k_test_0805,cal,retain,H2_same_template,gsmplus_critical_thinking
pairs_arith_v2.csv,7215,arithmetic,gsm8k_test_0805,cal,retain,H1_same_topic,svamp
pairs_arith_v2.csv,7216,arithmetic,gsm8k_test_0805,cal,retain,H3_predating,asdiv
pairs_arith_v2.csv,7217,arithmetic,gsm8k_test_0805,cal,retain,R_random,truthfulqa
pairs_arith_v2.csv,7218,arithmetic,gsm8k_test_0806,cal,remove,C0_exact,gsm8k_copy
pairs_arith_v2.csv,7219,arithmetic,gsm8k_test_0806,cal,remove,C1_transformed,lmsys_rephrase
pairs_arith_v2.csv,7220,arithmetic,gsm8k_test_0806,cal,remove,C2_answer_bearing,gsm8k_solution_frag
pairs_arith_v2.csv,7221,arithmetic,gsm8k_test_0806,cal,retain,H2_same_template,gsmplus_numerical_substitution
pairs_arith_v2.csv,7222,arithmetic,gsm8k_test_0806,cal,remove,C1_transformed,gsmplus_problem_understanding
pairs_arith_v2.csv,7223,arithmetic,gsm8k_test_0806,cal,retain,H2_same_template,gsmplus_critical_thinking
pairs_arith_v2.csv,7224,arithmetic,gsm8k_test_0806,cal,retain,H1_same_topic,svamp
pairs_arith_v2.csv,7225,arithmetic,gsm8k_test_0806,cal,retain,H3_predating,asdiv
pairs_arith_v2.csv,7226,arithmetic,gsm8k_test_0806,cal,retain,R_random,truthfulqa
pairs_arith_v2.csv,7254,arithmetic,gsm8k_test_0810,cal,remove,C0_exact,gsm8k_copy
pairs_arith_v2.csv,7255,arithmetic,gsm8k_test_0810,cal,remove,C1_transformed,lmsys_rephrase
pairs_arith_v2.csv,7256,arithmetic,gsm8k_test_0810,cal,remove,C2_answer_bearing,gsm8k_solution_frag
pairs_arith_v2.csv,7257,arithmetic,gsm8k_test_0810,cal,retain,H2_same_template,gsmplus_numerical_substitution
pairs_arith_v2.csv,7258,arithmetic,gsm8k_test_0810,cal,remove,C1_transformed,gsmplus_problem_understanding
pairs_arith_v2.csv,7259,arithmetic,gsm8k_test_0810,cal,retain,H2_same_template,gsmplus_critical_thinking
pairs_arith_v2.csv,7260,arithmetic,gsm8k_test_0810,cal,retain,H1_same_topic,svamp
pairs_arith_v2.csv,7261,arithmetic,gsm8k_test_0810,cal,retain,H3_predating,asdiv
pairs_arith_v2.csv,7262,arithmetic,gsm8k_test_0810,cal,retain,R_random,truthfulqa
pairs_arith_v2.csv,7263,arithmetic,gsm8k_test_0811,cal,remove,C0_exact,gsm8k_copy
pairs_arith_v2.csv,7264,arithmetic,gsm8k_test_0811,cal,remove,C1_transformed,lmsys_rephrase
pairs_arith_v2.csv,7265,arithmetic,gsm8k_test_0811,cal,remove,C2_answer_bearing,gsm8k_solution_frag
pairs_arith_v2.csv,7266,arithmetic,gsm8k_test_0811,cal,remove,C1_transformed,gsmplus_problem_understanding
pairs_arith_v2.csv,7267,arithmetic,gsm8k_test_0811,cal,retain,H2_same_template,gsmplus_critical_thinking
pairs_arith_v2.csv,7268,arithmetic,gsm8k_test_0811,cal,retain,H1_same_topic,svamp
pairs_arith_v2.csv,7269,arithmetic,gsm8k_test_0811,cal,retain,H3_predating,asdiv
pairs_arith_v2.csv,7270,arithmetic,gsm8k_test_0811,cal,retain,R_random,truthfulqa
pairs_arith_v2.csv,7316,arithmetic,gsm8k_test_0817,cal,remove,C0_exact,gsm8k_copy
pairs_arith_v2.csv,7317,arithmetic,gsm8k_test_0817,cal,remove,C1_transformed,lmsys_rephrase
pairs_arith_v2.csv,7318,arithmetic,gsm8k_test_0817,cal,remove,C2_answer_bearing,gsm8k_solution_frag
pairs_arith_v2.csv,7319,arithmetic,gsm8k_test_0817,cal,retain,H2_same_template,gsmplus_numerical_substitution
pairs_arith_v2.csv,7320,arithmetic,gsm8k_test_0817,cal,remove,C1_transformed,gsmplus_problem_understanding
pairs_arith_v2.csv,7321,arithmetic,gsm8k_test_0817,cal,retain,H2_same_template,gsmplus_critical_thinking
pairs_arith_v2.csv,7322,arithmetic,gsm8k_test_0817,cal,retain,H1_same_topic,svamp
pairs_arith_v2.csv,7323,arithmetic,gsm8k_test_0817,cal,retain,H3_predating,asdiv
pairs_arith_v2.csv,7324,arithmetic,gsm8k_test_0817,cal,retain,R_random,truthfulqa
pairs_arith_v2.csv,7352,arithmetic,gsm8k_test_0821,cal,remove,C0_exact,gsm8k_copy
pairs_arith_v2.csv,7353,arithmetic,gsm8k_test_0821,cal,remove,C1_transformed,lmsys_rephrase
pairs_arith_v2.csv,7354,arithmetic,gsm8k_test_0821,cal,remove,C2_answer_bearing,gsm8k_solution_frag
pairs_arith_v2.csv,7355,arithmetic,gsm8k_test_0821,cal,retain,H2_same_template,gsmplus_numerical_substitution
pairs_arith_v2.csv,7356,arithmetic,gsm8k_test_0821,cal,remove,C1_transformed,gsmplus_problem_understanding
pairs_arith_v2.csv,7357,arithmetic,gsm8k_test_0821,cal,retain,H2_same_template,gsmplus_critical_thinking
pairs_arith_v2.csv,7358,arithmetic,gsm8k_test_0821,cal,retain,H1_same_topic,svamp
pairs_arith_v2.csv,7359,arithmetic,gsm8k_test_0821,cal,retain,H3_predating,asdiv
pairs_arith_v2.csv,7360,arithmetic,gsm8k_test_0821,cal,retain,R_random,truthfulqa
pairs_arith_v2.csv,7370,arithmetic,gsm8k_test_0823,cal,remove,C0_exact,gsm8k_copy
pairs_arith_v2.csv,7371,arithmetic,gsm8k_test_0823,cal,remove,C1_transformed,lmsys_rephrase
pairs_arith_v2.csv,7372,arithmetic,gsm8k_test_0823,cal,remove,C2_answer_bearing,gsm8k_solution_frag
pairs_arith_v2.csv,7373,arithmetic,gsm8k_test_0823,cal,retain,H2_same_template,gsmplus_numerical_substitution
pairs_arith_v2.csv,7374,arithmetic,gsm8k_test_0823,cal,remove,C1_transformed,gsmplus_problem_understanding
pairs_arith_v2.csv,7375,arithmetic,gsm8k_test_0823,cal,retain,H2_same_template,gsmplus_critical_thinking
pairs_arith_v2.csv,7376,arithmetic,gsm8k_test_0823,cal,retain,H1_same_topic,svamp
pairs_arith_v2.csv,7377,arithmetic,gsm8k_test_0823,cal,retain,H3_predating,asdiv
pairs_arith_v2.csv,7378,arithmetic,gsm8k_test_0823,cal,retain,R_random,truthfulqa
pairs_arith_v2.csv,7397,arithmetic,gsm8k_test_0826,cal,remove,C0_exact,gsm8k_copy
pairs_arith_v2.csv,7398,arithmetic,gsm8k_test_0826,cal,remove,C1_transformed,lmsys_rephrase
pairs_arith_v2.csv,7399,arithmetic,gsm8k_test_0826,cal,remove,C2_answer_bearing,gsm8k_solution_frag
pairs_arith_v2.csv,7400,arithmetic,gsm8k_test_0826,cal,retain,H2_same_template,gsmplus_numerical_substitution
pairs_arith_v2.csv,7401,arithmetic,gsm8k_test_0826,cal,remove,C1_transformed,gsmplus_problem_understanding
pairs_arith_v2.csv,7402,arithmetic,gsm8k_test_0826,cal,retain,H2_same_template,gsmplus_critical_thinking
pairs_arith_v2.csv,7403,arithmetic,gsm8k_test_0826,cal,retain,H1_same_topic,svamp
pairs_arith_v2.csv,7404,arithmetic,gsm8k_test_0826,cal,retain,H3_predating,asdiv
pairs_arith_v2.csv,7405,arithmetic,gsm8k_test_0826,cal,retain,R_random,truthfulqa
pairs_arith_v2.csv,7406,arithmetic,gsm8k_test_0827,cal,remove,C0_exact,gsm8k_copy
pairs_arith_v2.csv,7407,arithmetic,gsm8k_test_0827,cal,remove,C1_transformed,lmsys_rephrase
pairs_arith_v2.csv,7408,arithmetic,gsm8k_test_0827,cal,remove,C2_answer_bearing,gsm8k_solution_frag
pairs_arith_v2.csv,7409,arithmetic,gsm8k_test_0827,cal,retain,H2_same_template,gsmplus_numerical_substitution
pairs_arith_v2.csv,7410,arithmetic,gsm8k_test_0827,cal,remove,C1_transformed,gsmplus_problem_understanding
pairs_arith_v2.csv,7411,arithmetic,gsm8k_test_0827,cal,retain,H2_same_template,gsmplus_critical_thinking
pairs_arith_v2.csv,7412,arithmetic,gsm8k_test_0827,cal,retain,H1_same_topic,svamp
pairs_arith_v2.csv,7413,arithmetic,gsm8k_test_0827,cal,retain,H3_predating,asdiv
pairs_arith_v2.csv,7414,arithmetic,gsm8k_test_0827,cal,retain,R_random,truthfulqa
pairs_arith_v2.csv,7460,arithmetic,gsm8k_test_0833,cal,remove,C0_exact,gsm8k_copy
pairs_arith_v2.csv,7461,arithmetic,gsm8k_test_0833,cal,remove,C1_transformed,lmsys_rephrase
pairs_arith_v2.csv,7462,arithmetic,gsm8k_test_0833,cal,remove,C2_answer_bearing,gsm8k_solution_frag
pairs_arith_v2.csv,7463,arithmetic,gsm8k_test_0833,cal,retain,H2_same_template,gsmplus_numerical_substitution
pairs_arith_v2.csv,7464,arithmetic,gsm8k_test_0833,cal,remove,C1_transformed,gsmplus_problem_understanding
pairs_arith_v2.csv,7465,arithmetic,gsm8k_test_0833,cal,retain,H2_same_template,gsmplus_critical_thinking
pairs_arith_v2.csv,7466,arithmetic,gsm8k_test_0833,cal,retain,H1_same_topic,svamp
pairs_arith_v2.csv,7467,arithmetic,gsm8k_test_0833,cal,retain,H3_predating,asdiv
pairs_arith_v2.csv,7468,arithmetic,gsm8k_test_0833,cal,retain,R_random,truthfulqa
pairs_arith_v2.csv,7487,arithmetic,gsm8k_test_0836,cal,remove,C0_exact,gsm8k_copy
pairs_arith_v2.csv,7488,arithmetic,gsm8k_test_0836,cal,remove,C1_transformed,lmsys_rephrase
pairs_arith_v2.csv,7489,arithmetic,gsm8k_test_0836,cal,remove,C2_answer_bearing,gsm8k_solution_frag
pairs_arith_v2.csv,7490,arithmetic,gsm8k_test_0836,cal,retain,H2_same_template,gsmplus_numerical_substitution
pairs_arith_v2.csv,7491,arithmetic,gsm8k_test_0836,cal,remove,C1_transformed,gsmplus_problem_understanding
pairs_arith_v2.csv,7492,arithmetic,gsm8k_test_0836,cal,retain,H2_same_template,gsmplus_critical_thinking
pairs_arith_v2.csv,7493,arithmetic,gsm8k_test_0836,cal,retain,H1_same_topic,svamp
pairs_arith_v2.csv,7494,arithmetic,gsm8k_test_0836,cal,retain,H3_predating,asdiv
pairs_arith_v2.csv,7495,arithmetic,gsm8k_test_0836,cal,retain,R_random,truthfulqa
pairs_arith_v2.csv,7514,arithmetic,gsm8k_test_0839,cal,remove,C0_exact,gsm8k_copy
pairs_arith_v2.csv,7515,arithmetic,gsm8k_test_0839,cal,remove,C1_transformed,lmsys_rephrase
pairs_arith_v2.csv,7516,arithmetic,gsm8k_test_0839,cal,remove,C2_answer_bearing,gsm8k_solution_frag
pairs_arith_v2.csv,7517,arithmetic,gsm8k_test_0839,cal,retain,H2_same_template,gsmplus_numerical_substitution
pairs_arith_v2.csv,7518,arithmetic,gsm8k_test_0839,cal,remove,C1_transformed,gsmplus_problem_understanding
pairs_arith_v2.csv,7519,arithmetic,gsm8k_test_0839,cal,retain,H2_same_template,gsmplus_critical_thinking
pairs_arith_v2.csv,7520,arithmetic,gsm8k_test_0839,cal,retain,H1_same_topic,svamp
pairs_arith_v2.csv,7521,arithmetic,gsm8k_test_0839,cal,retain,H3_predating,asdiv
pairs_arith_v2.csv,7522,arithmetic,gsm8k_test_0839,cal,retain,R_random,truthfulqa
pairs_arith_v2.csv,7532,arithmetic,gsm8k_test_0841,cal,remove,C0_exact,gsm8k_copy
pairs_arith_v2.csv,7533,arithmetic,gsm8k_test_0841,cal,remove,C1_transformed,lmsys_rephrase
pairs_arith_v2.csv,7534,arithmetic,gsm8k_test_0841,cal,remove,C2_answer_bearing,gsm8k_solution_frag
pairs_arith_v2.csv,7535,arithmetic,gsm8k_test_0841,cal,retain,H2_same_template,gsmplus_numerical_substitution
pairs_arith_v2.csv,7536,arithmetic,gsm8k_test_0841,cal,remove,C1_transformed,gsmplus_problem_understanding
pairs_arith_v2.csv,7537,arithmetic,gsm8k_test_0841,cal,retain,H2_same_template,gsmplus_critical_thinking
pairs_arith_v2.csv,7538,arithmetic,gsm8k_test_0841,cal,retain,H1_same_topic,svamp
pairs_arith_v2.csv,7539,arithmetic,gsm8k_test_0841,cal,retain,H3_predating,asdiv
pairs_arith_v2.csv,7540,arithmetic,gsm8k_test_0841,cal,retain,R_random,truthfulqa
pairs_arith_v2.csv,7541,arithmetic,gsm8k_test_0842,cal,remove,C0_exact,gsm8k_copy
pairs_arith_v2.csv,7542,arithmetic,gsm8k_test_0842,cal,remove,C1_transformed,lmsys_rephrase
pairs_arith_v2.csv,7543,arithmetic,gsm8k_test_0842,cal,remove,C2_answer_bearing,gsm8k_solution_frag
pairs_arith_v2.csv,7544,arithmetic,gsm8k_test_0842,cal,remove,C1_transformed,gsmplus_problem_understanding
pairs_arith_v2.csv,7545,arithmetic,gsm8k_test_0842,cal,retain,H2_same_template,gsmplus_critical_thinking
pairs_arith_v2.csv,7546,arithmetic,gsm8k_test_0842,cal,retain,H1_same_topic,svamp
pairs_arith_v2.csv,7547,arithmetic,gsm8k_test_0842,cal,retain,H3_predating,asdiv
pairs_arith_v2.csv,7548,arithmetic,gsm8k_test_0842,cal,retain,R_random,truthfulqa
pairs_arith_v2.csv,7549,arithmetic,gsm8k_test_0843,cal,remove,C0_exact,gsm8k_copy
pairs_arith_v2.csv,7550,arithmetic,gsm8k_test_0843,cal,remove,C1_transformed,lmsys_rephrase
pairs_arith_v2.csv,7551,arithmetic,gsm8k_test_0843,cal,remove,C2_answer_bearing,gsm8k_solution_frag
pairs_arith_v2.csv,7552,arithmetic,gsm8k_test_0843,cal,retain,H2_same_template,gsmplus_numerical_substitution
pairs_arith_v2.csv,7553,arithmetic,gsm8k_test_0843,cal,remove,C1_transformed,gsmplus_problem_understanding
pairs_arith_v2.csv,7554,arithmetic,gsm8k_test_0843,cal,retain,H2_same_template,gsmplus_critical_thinking
pairs_arith_v2.csv,7555,arithmetic,gsm8k_test_0843,cal,retain,H1_same_topic,svamp
pairs_arith_v2.csv,7556,arithmetic,gsm8k_test_0843,cal,retain,H3_predating,asdiv
pairs_arith_v2.csv,7557,arithmetic,gsm8k_test_0843,cal,retain,R_random,truthfulqa
pairs_arith_v2.csv,7567,arithmetic,gsm8k_test_0845,cal,remove,C0_exact,gsm8k_copy
pairs_arith_v2.csv,7568,arithmetic,gsm8k_test_0845,cal,remove,C1_transformed,lmsys_rephrase
pairs_arith_v2.csv,7569,arithmetic,gsm8k_test_0845,cal,remove,C2_answer_bearing,gsm8k_solution_frag
pairs_arith_v2.csv,7570,arithmetic,gsm8k_test_0845,cal,retain,H2_same_template,gsmplus_numerical_substitution
pairs_arith_v2.csv,7571,arithmetic,gsm8k_test_0845,cal,remove,C1_transformed,gsmplus_problem_understanding
pairs_arith_v2.csv,7572,arithmetic,gsm8k_test_0845,cal,retain,H2_same_template,gsmplus_critical_thinking
pairs_arith_v2.csv,7573,arithmetic,gsm8k_test_0845,cal,retain,H1_same_topic,svamp
pairs_arith_v2.csv,7574,arithmetic,gsm8k_test_0845,cal,retain,H3_predating,asdiv
pairs_arith_v2.csv,7575,arithmetic,gsm8k_test_0845,cal,retain,R_random,truthfulqa
pairs_arith_v2.csv,7576,arithmetic,gsm8k_test_0846,cal,remove,C0_exact,gsm8k_copy
pairs_arith_v2.csv,7577,arithmetic,gsm8k_test_0846,cal,remove,C1_transformed,lmsys_rephrase
pairs_arith_v2.csv,7578,arithmetic,gsm8k_test_0846,cal,remove,C2_answer_bearing,gsm8k_solution_frag
pairs_arith_v2.csv,7579,arithmetic,gsm8k_test_0846,cal,retain,H2_same_template,gsmplus_numerical_substitution
pairs_arith_v2.csv,7580,arithmetic,gsm8k_test_0846,cal,remove,C1_transformed,gsmplus_problem_understanding
pairs_arith_v2.csv,7581,arithmetic,gsm8k_test_0846,cal,retain,H2_same_template,gsmplus_critical_thinking
pairs_arith_v2.csv,7582,arithmetic,gsm8k_test_0846,cal,retain,H1_same_topic,svamp
pairs_arith_v2.csv,7583,arithmetic,gsm8k_test_0846,cal,retain,H3_predating,asdiv
pairs_arith_v2.csv,7584,arithmetic,gsm8k_test_0846,cal,retain,R_random,truthfulqa
pairs_arith_v2.csv,7594,arithmetic,gsm8k_test_0848,cal,remove,C0_exact,gsm8k_copy
pairs_arith_v2.csv,7595,arithmetic,gsm8k_test_0848,cal,remove,C1_transformed,lmsys_rephrase
pairs_arith_v2.csv,7596,arithmetic,gsm8k_test_0848,cal,remove,C2_answer_bearing,gsm8k_solution_frag
pairs_arith_v2.csv,7597,arithmetic,gsm8k_test_0848,cal,retain,H2_same_template,gsmplus_numerical_substitution
pairs_arith_v2.csv,7598,arithmetic,gsm8k_test_0848,cal,remove,C1_transformed,gsmplus_problem_understanding
pairs_arith_v2.csv,7599,arithmetic,gsm8k_test_0848,cal,retain,H2_same_template,gsmplus_critical_thinking
pairs_arith_v2.csv,7600,arithmetic,gsm8k_test_0848,cal,retain,H1_same_topic,svamp
pairs_arith_v2.csv,7601,arithmetic,gsm8k_test_0848,cal,retain,H3_predating,asdiv
pairs_arith_v2.csv,7602,arithmetic,gsm8k_test_0848,cal,retain,R_random,truthfulqa
pairs_arith_v2.csv,7638,arithmetic,gsm8k_test_0853,cal,remove,C0_exact,gsm8k_copy
pairs_arith_v2.csv,7639,arithmetic,gsm8k_test_0853,cal,remove,C1_transformed,lmsys_rephrase
pairs_arith_v2.csv,7640,arithmetic,gsm8k_test_0853,cal,remove,C2_answer_bearing,gsm8k_solution_frag
pairs_arith_v2.csv,7641,arithmetic,gsm8k_test_0853,cal,remove,C1_transformed,gsmplus_problem_understanding
pairs_arith_v2.csv,7642,arithmetic,gsm8k_test_0853,cal,retain,H2_same_template,gsmplus_critical_thinking
pairs_arith_v2.csv,7643,arithmetic,gsm8k_test_0853,cal,retain,H1_same_topic,svamp
pairs_arith_v2.csv,7644,arithmetic,gsm8k_test_0853,cal,retain,H3_predating,asdiv
pairs_arith_v2.csv,7645,arithmetic,gsm8k_test_0853,cal,retain,R_random,truthfulqa
pairs_arith_v2.csv,7664,arithmetic,gsm8k_test_0856,cal,remove,C0_exact,gsm8k_copy
pairs_arith_v2.csv,7665,arithmetic,gsm8k_test_0856,cal,remove,C1_transformed,lmsys_rephrase
pairs_arith_v2.csv,7666,arithmetic,gsm8k_test_0856,cal,remove,C2_answer_bearing,gsm8k_solution_frag
pairs_arith_v2.csv,7667,arithmetic,gsm8k_test_0856,cal,retain,H2_same_template,gsmplus_numerical_substitution
pairs_arith_v2.csv,7668,arithmetic,gsm8k_test_0856,cal,remove,C1_transformed,gsmplus_problem_understanding
pairs_arith_v2.csv,7669,arithmetic,gsm8k_test_0856,cal,retain,H2_same_template,gsmplus_critical_thinking
pairs_arith_v2.csv,7670,arithmetic,gsm8k_test_0856,cal,retain,H1_same_topic,svamp
pairs_arith_v2.csv,7671,arithmetic,gsm8k_test_0856,cal,retain,H3_predating,asdiv
pairs_arith_v2.csv,7672,arithmetic,gsm8k_test_0856,cal,retain,R_random,truthfulqa
pairs_arith_v2.csv,7690,arithmetic,gsm8k_test_0859,cal,remove,C0_exact,gsm8k_copy
pairs_arith_v2.csv,7691,arithmetic,gsm8k_test_0859,cal,remove,C1_transformed,lmsys_rephrase
pairs_arith_v2.csv,7692,arithmetic,gsm8k_test_0859,cal,remove,C2_answer_bearing,gsm8k_solution_frag
pairs_arith_v2.csv,7693,arithmetic,gsm8k_test_0859,cal,retain,H2_same_template,gsmplus_numerical_substitution
pairs_arith_v2.csv,7694,arithmetic,gsm8k_test_0859,cal,remove,C1_transformed,gsmplus_problem_understanding
pairs_arith_v2.csv,7695,arithmetic,gsm8k_test_0859,cal,retain,H2_same_template,gsmplus_critical_thinking
pairs_arith_v2.csv,7696,arithmetic,gsm8k_test_0859,cal,retain,H1_same_topic,svamp
pairs_arith_v2.csv,7697,arithmetic,gsm8k_test_0859,cal,retain,H3_predating,asdiv
pairs_arith_v2.csv,7698,arithmetic,gsm8k_test_0859,cal,retain,R_random,truthfulqa
pairs_arith_v2.csv,7717,arithmetic,gsm8k_test_0862,cal,remove,C0_exact,gsm8k_copy
pairs_arith_v2.csv,7718,arithmetic,gsm8k_test_0862,cal,remove,C1_transformed,lmsys_rephrase
pairs_arith_v2.csv,7719,arithmetic,gsm8k_test_0862,cal,remove,C2_answer_bearing,gsm8k_solution_frag
pairs_arith_v2.csv,7720,arithmetic,gsm8k_test_0862,cal,retain,H2_same_template,gsmplus_numerical_substitution
pairs_arith_v2.csv,7721,arithmetic,gsm8k_test_0862,cal,remove,C1_transformed,gsmplus_problem_understanding
pairs_arith_v2.csv,7722,arithmetic,gsm8k_test_0862,cal,retain,H2_same_template,gsmplus_critical_thinking
pairs_arith_v2.csv,7723,arithmetic,gsm8k_test_0862,cal,retain,H1_same_topic,svamp
pairs_arith_v2.csv,7724,arithmetic,gsm8k_test_0862,cal,retain,H3_predating,asdiv
pairs_arith_v2.csv,7725,arithmetic,gsm8k_test_0862,cal,retain,R_random,truthfulqa
pairs_arith_v2.csv,7771,arithmetic,gsm8k_test_0868,cal,remove,C0_exact,gsm8k_copy
pairs_arith_v2.csv,7772,arithmetic,gsm8k_test_0868,cal,remove,C1_transformed,lmsys_rephrase
pairs_arith_v2.csv,7773,arithmetic,gsm8k_test_0868,cal,remove,C2_answer_bearing,gsm8k_solution_frag
pairs_arith_v2.csv,7774,arithmetic,gsm8k_test_0868,cal,remove,C1_transformed,gsmplus_problem_understanding
pairs_arith_v2.csv,7775,arithmetic,gsm8k_test_0868,cal,retain,H2_same_template,gsmplus_critical_thinking
pairs_arith_v2.csv,7776,arithmetic,gsm8k_test_0868,cal,retain,H1_same_topic,svamp
pairs_arith_v2.csv,7777,arithmetic,gsm8k_test_0868,cal,retain,H3_predating,asdiv
pairs_arith_v2.csv,7778,arithmetic,gsm8k_test_0868,cal,retain,R_random,truthfulqa
pairs_arith_v2.csv,7796,arithmetic,gsm8k_test_0871,cal,remove,C0_exact,gsm8k_copy
pairs_arith_v2.csv,7797,arithmetic,gsm8k_test_0871,cal,remove,C1_transformed,lmsys_rephrase
pairs_arith_v2.csv,7798,arithmetic,gsm8k_test_0871,cal,remove,C2_answer_bearing,gsm8k_solution_frag
pairs_arith_v2.csv,7799,arithmetic,gsm8k_test_0871,cal,retain,H2_same_template,gsmplus_numerical_substitution
pairs_arith_v2.csv,7800,arithmetic,gsm8k_test_0871,cal,remove,C1_transformed,gsmplus_problem_understanding
pairs_arith_v2.csv,7801,arithmetic,gsm8k_test_0871,cal,retain,H2_same_template,gsmplus_critical_thinking
pairs_arith_v2.csv,7802,arithmetic,gsm8k_test_0871,cal,retain,H1_same_topic,svamp
pairs_arith_v2.csv,7803,arithmetic,gsm8k_test_0871,cal,retain,H3_predating,asdiv
pairs_arith_v2.csv,7804,arithmetic,gsm8k_test_0871,cal,retain,R_random,truthfulqa
pairs_arith_v2.csv,7823,arithmetic,gsm8k_test_0874,cal,remove,C0_exact,gsm8k_copy
pairs_arith_v2.csv,7824,arithmetic,gsm8k_test_0874,cal,remove,C1_transformed,lmsys_rephrase
pairs_arith_v2.csv,7825,arithmetic,gsm8k_test_0874,cal,remove,C2_answer_bearing,gsm8k_solution_frag
pairs_arith_v2.csv,7826,arithmetic,gsm8k_test_0874,cal,retain,H2_same_template,gsmplus_numerical_substitution
pairs_arith_v2.csv,7827,arithmetic,gsm8k_test_0874,cal,remove,C1_transformed,gsmplus_problem_understanding
pairs_arith_v2.csv,7828,arithmetic,gsm8k_test_0874,cal,retain,H2_same_template,gsmplus_critical_thinking
pairs_arith_v2.csv,7829,arithmetic,gsm8k_test_0874,cal,retain,H1_same_topic,svamp
pairs_arith_v2.csv,7830,arithmetic,gsm8k_test_0874,cal,retain,H3_predating,asdiv
pairs_arith_v2.csv,7831,arithmetic,gsm8k_test_0874,cal,retain,R_random,truthfulqa
pairs_arith_v2.csv,7841,arithmetic,gsm8k_test_0876,cal,remove,C0_exact,gsm8k_copy
pairs_arith_v2.csv,7842,arithmetic,gsm8k_test_0876,cal,remove,C1_transformed,lmsys_rephrase
pairs_arith_v2.csv,7843,arithmetic,gsm8k_test_0876,cal,remove,C2_answer_bearing,gsm8k_solution_frag
pairs_arith_v2.csv,7844,arithmetic,gsm8k_test_0876,cal,retain,H2_same_template,gsmplus_numerical_substitution
pairs_arith_v2.csv,7845,arithmetic,gsm8k_test_0876,cal,remove,C1_transformed,gsmplus_problem_understanding
pairs_arith_v2.csv,7846,arithmetic,gsm8k_test_0876,cal,retain,H2_same_template,gsmplus_critical_thinking
pairs_arith_v2.csv,7847,arithmetic,gsm8k_test_0876,cal,retain,H1_same_topic,svamp
pairs_arith_v2.csv,7848,arithmetic,gsm8k_test_0876,cal,retain,H3_predating,asdiv
pairs_arith_v2.csv,7849,arithmetic,gsm8k_test_0876,cal,retain,R_random,truthfulqa
pairs_arith_v2.csv,7877,arithmetic,gsm8k_test_0880,cal,remove,C0_exact,gsm8k_copy
pairs_arith_v2.csv,7878,arithmetic,gsm8k_test_0880,cal,remove,C1_transformed,lmsys_rephrase
pairs_arith_v2.csv,7879,arithmetic,gsm8k_test_0880,cal,remove,C2_answer_bearing,gsm8k_solution_frag
pairs_arith_v2.csv,7880,arithmetic,gsm8k_test_0880,cal,retain,H2_same_template,gsmplus_numerical_substitution
pairs_arith_v2.csv,7881,arithmetic,gsm8k_test_0880,cal,remove,C1_transformed,gsmplus_problem_understanding
pairs_arith_v2.csv,7882,arithmetic,gsm8k_test_0880,cal,retain,H2_same_template,gsmplus_critical_thinking
pairs_arith_v2.csv,7883,arithmetic,gsm8k_test_0880,cal,retain,H1_same_topic,svamp
pairs_arith_v2.csv,7884,arithmetic,gsm8k_test_0880,cal,retain,H3_predating,asdiv
pairs_arith_v2.csv,7885,arithmetic,gsm8k_test_0880,cal,retain,R_random,truthfulqa
pairs_arith_v2.csv,7886,arithmetic,gsm8k_test_0881,cal,remove,C0_exact,gsm8k_copy
pairs_arith_v2.csv,7887,arithmetic,gsm8k_test_0881,cal,remove,C1_transformed,lmsys_rephrase
pairs_arith_v2.csv,7888,arithmetic,gsm8k_test_0881,cal,remove,C2_answer_bearing,gsm8k_solution_frag
pairs_arith_v2.csv,7889,arithmetic,gsm8k_test_0881,cal,retain,H2_same_template,gsmplus_numerical_substitution
pairs_arith_v2.csv,7890,arithmetic,gsm8k_test_0881,cal,remove,C1_transformed,gsmplus_problem_understanding
pairs_arith_v2.csv,7891,arithmetic,gsm8k_test_0881,cal,retain,H2_same_template,gsmplus_critical_thinking
pairs_arith_v2.csv,7892,arithmetic,gsm8k_test_0881,cal,retain,H1_same_topic,svamp
pairs_arith_v2.csv,7893,arithmetic,gsm8k_test_0881,cal,retain,H3_predating,asdiv
pairs_arith_v2.csv,7894,arithmetic,gsm8k_test_0881,cal,retain,R_random,truthfulqa
pairs_arith_v2.csv,7949,arithmetic,gsm8k_test_0888,cal,remove,C0_exact,gsm8k_copy
pairs_arith_v2.csv,7950,arithmetic,gsm8k_test_0888,cal,remove,C1_transformed,lmsys_rephrase
pairs_arith_v2.csv,7951,arithmetic,gsm8k_test_0888,cal,remove,C2_answer_bearing,gsm8k_solution_frag
pairs_arith_v2.csv,7952,arithmetic,gsm8k_test_0888,cal,retain,H2_same_template,gsmplus_numerical_substitution
pairs_arith_v2.csv,7953,arithmetic,gsm8k_test_0888,cal,remove,C1_transformed,gsmplus_problem_understanding
pairs_arith_v2.csv,7954,arithmetic,gsm8k_test_0888,cal,retain,H2_same_template,gsmplus_critical_thinking
pairs_arith_v2.csv,7955,arithmetic,gsm8k_test_0888,cal,retain,H1_same_topic,svamp
pairs_arith_v2.csv,7956,arithmetic,gsm8k_test_0888,cal,retain,H3_predating,asdiv
pairs_arith_v2.csv,7957,arithmetic,gsm8k_test_0888,cal,retain,R_random,truthfulqa
pairs_arith_v2.csv,8010,arithmetic,gsm8k_test_0895,cal,remove,C0_exact,gsm8k_copy
pairs_arith_v2.csv,8011,arithmetic,gsm8k_test_0895,cal,remove,C1_transformed,lmsys_rephrase
pairs_arith_v2.csv,8012,arithmetic,gsm8k_test_0895,cal,remove,C2_answer_bearing,gsm8k_solution_frag
pairs_arith_v2.csv,8013,arithmetic,gsm8k_test_0895,cal,retain,H2_same_template,gsmplus_numerical_substitution
pairs_arith_v2.csv,8014,arithmetic,gsm8k_test_0895,cal,remove,C1_transformed,gsmplus_problem_understanding
pairs_arith_v2.csv,8015,arithmetic,gsm8k_test_0895,cal,retain,H2_same_template,gsmplus_critical_thinking
pairs_arith_v2.csv,8016,arithmetic,gsm8k_test_0895,cal,retain,H1_same_topic,svamp
pairs_arith_v2.csv,8017,arithmetic,gsm8k_test_0895,cal,retain,H3_predating,asdiv
pairs_arith_v2.csv,8018,arithmetic,gsm8k_test_0895,cal,retain,R_random,truthfulqa
pairs_arith_v2.csv,8046,arithmetic,gsm8k_test_0899,cal,remove,C0_exact,gsm8k_copy
pairs_arith_v2.csv,8047,arithmetic,gsm8k_test_0899,cal,remove,C1_transformed,lmsys_rephrase
pairs_arith_v2.csv,8048,arithmetic,gsm8k_test_0899,cal,remove,C2_answer_bearing,gsm8k_solution_frag
pairs_arith_v2.csv,8049,arithmetic,gsm8k_test_0899,cal,retain,H2_same_template,gsmplus_numerical_substitution
pairs_arith_v2.csv,8050,arithmetic,gsm8k_test_0899,cal,remove,C1_transformed,gsmplus_problem_understanding
pairs_arith_v2.csv,8051,arithmetic,gsm8k_test_0899,cal,retain,H2_same_template,gsmplus_critical_thinking
pairs_arith_v2.csv,8052,arithmetic,gsm8k_test_0899,cal,retain,H1_same_topic,svamp
pairs_arith_v2.csv,8053,arithmetic,gsm8k_test_0899,cal,retain,H3_predating,asdiv
pairs_arith_v2.csv,8054,arithmetic,gsm8k_test_0899,cal,retain,R_random,truthfulqa
pairs_arith_v2.csv,8099,arithmetic,gsm8k_test_0905,cal,remove,C0_exact,gsm8k_copy
pairs_arith_v2.csv,8100,arithmetic,gsm8k_test_0905,cal,remove,C1_transformed,lmsys_rephrase
pairs_arith_v2.csv,8101,arithmetic,gsm8k_test_0905,cal,remove,C2_answer_bearing,gsm8k_solution_frag
pairs_arith_v2.csv,8102,arithmetic,gsm8k_test_0905,cal,retain,H2_same_template,gsmplus_numerical_substitution
pairs_arith_v2.csv,8103,arithmetic,gsm8k_test_0905,cal,remove,C1_transformed,gsmplus_problem_understanding
pairs_arith_v2.csv,8104,arithmetic,gsm8k_test_0905,cal,retain,H2_same_template,gsmplus_critical_thinking
pairs_arith_v2.csv,8105,arithmetic,gsm8k_test_0905,cal,retain,H1_same_topic,svamp
pairs_arith_v2.csv,8106,arithmetic,gsm8k_test_0905,cal,retain,H3_predating,asdiv
pairs_arith_v2.csv,8107,arithmetic,gsm8k_test_0905,cal,retain,R_random,truthfulqa
pairs_arith_v2.csv,8250,arithmetic,gsm8k_test_0922,cal,remove,C0_exact,gsm8k_copy
pairs_arith_v2.csv,8251,arithmetic,gsm8k_test_0922,cal,remove,C1_transformed,lmsys_rephrase
pairs_arith_v2.csv,8252,arithmetic,gsm8k_test_0922,cal,remove,C2_answer_bearing,gsm8k_solution_frag
pairs_arith_v2.csv,8253,arithmetic,gsm8k_test_0922,cal,remove,C1_transformed,gsmplus_problem_understanding
pairs_arith_v2.csv,8254,arithmetic,gsm8k_test_0922,cal,retain,H2_same_template,gsmplus_critical_thinking
pairs_arith_v2.csv,8255,arithmetic,gsm8k_test_0922,cal,retain,H1_same_topic,svamp
pairs_arith_v2.csv,8256,arithmetic,gsm8k_test_0922,cal,retain,H3_predating,asdiv
pairs_arith_v2.csv,8257,arithmetic,gsm8k_test_0922,cal,retain,R_random,truthfulqa
pairs_arith_v2.csv,8258,arithmetic,gsm8k_test_0923,cal,remove,C0_exact,gsm8k_copy
pairs_arith_v2.csv,8259,arithmetic,gsm8k_test_0923,cal,remove,C1_transformed,lmsys_rephrase
pairs_arith_v2.csv,8260,arithmetic,gsm8k_test_0923,cal,remove,C2_answer_bearing,gsm8k_solution_frag
pairs_arith_v2.csv,8261,arithmetic,gsm8k_test_0923,cal,retain,H2_same_template,gsmplus_numerical_substitution
pairs_arith_v2.csv,8262,arithmetic,gsm8k_test_0923,cal,remove,C1_transformed,gsmplus_problem_understanding
pairs_arith_v2.csv,8263,arithmetic,gsm8k_test_0923,cal,retain,H2_same_template,gsmplus_critical_thinking
pairs_arith_v2.csv,8264,arithmetic,gsm8k_test_0923,cal,retain,H1_same_topic,svamp
pairs_arith_v2.csv,8265,arithmetic,gsm8k_test_0923,cal,retain,H3_predating,asdiv
pairs_arith_v2.csv,8266,arithmetic,gsm8k_test_0923,cal,retain,R_random,truthfulqa
pairs_arith_v2.csv,8303,arithmetic,gsm8k_test_0928,cal,remove,C0_exact,gsm8k_copy
pairs_arith_v2.csv,8304,arithmetic,gsm8k_test_0928,cal,remove,C1_transformed,lmsys_rephrase
pairs_arith_v2.csv,8305,arithmetic,gsm8k_test_0928,cal,remove,C2_answer_bearing,gsm8k_solution_frag
pairs_arith_v2.csv,8306,arithmetic,gsm8k_test_0928,cal,retain,H2_same_template,gsmplus_numerical_substitution
pairs_arith_v2.csv,8307,arithmetic,gsm8k_test_0928,cal,remove,C1_transformed,gsmplus_problem_understanding
pairs_arith_v2.csv,8308,arithmetic,gsm8k_test_0928,cal,retain,H2_same_template,gsmplus_critical_thinking
pairs_arith_v2.csv,8309,arithmetic,gsm8k_test_0928,cal,retain,H1_same_topic,svamp
pairs_arith_v2.csv,8310,arithmetic,gsm8k_test_0928,cal,retain,H3_predating,asdiv
pairs_arith_v2.csv,8311,arithmetic,gsm8k_test_0928,cal,retain,R_random,truthfulqa
pairs_arith_v2.csv,8330,arithmetic,gsm8k_test_0931,cal,remove,C0_exact,gsm8k_copy
pairs_arith_v2.csv,8331,arithmetic,gsm8k_test_0931,cal,remove,C1_transformed,lmsys_rephrase
pairs_arith_v2.csv,8332,arithmetic,gsm8k_test_0931,cal,remove,C2_answer_bearing,gsm8k_solution_frag
pairs_arith_v2.csv,8333,arithmetic,gsm8k_test_0931,cal,retain,H2_same_template,gsmplus_numerical_substitution
pairs_arith_v2.csv,8334,arithmetic,gsm8k_test_0931,cal,remove,C1_transformed,gsmplus_problem_understanding
pairs_arith_v2.csv,8335,arithmetic,gsm8k_test_0931,cal,retain,H2_same_template,gsmplus_critical_thinking
pairs_arith_v2.csv,8336,arithmetic,gsm8k_test_0931,cal,retain,H1_same_topic,svamp
pairs_arith_v2.csv,8337,arithmetic,gsm8k_test_0931,cal,retain,H3_predating,asdiv
pairs_arith_v2.csv,8338,arithmetic,gsm8k_test_0931,cal,retain,R_random,truthfulqa
pairs_arith_v2.csv,8339,arithmetic,gsm8k_test_0932,cal,remove,C0_exact,gsm8k_copy
pairs_arith_v2.csv,8340,arithmetic,gsm8k_test_0932,cal,remove,C1_transformed,lmsys_rephrase
pairs_arith_v2.csv,8341,arithmetic,gsm8k_test_0932,cal,remove,C2_answer_bearing,gsm8k_solution_frag
pairs_arith_v2.csv,8342,arithmetic,gsm8k_test_0932,cal,retain,H2_same_template,gsmplus_numerical_substitution
pairs_arith_v2.csv,8343,arithmetic,gsm8k_test_0932,cal,remove,C1_transformed,gsmplus_problem_understanding
pairs_arith_v2.csv,8344,arithmetic,gsm8k_test_0932,cal,retain,H2_same_template,gsmplus_critical_thinking
pairs_arith_v2.csv,8345,arithmetic,gsm8k_test_0932,cal,retain,H1_same_topic,svamp
pairs_arith_v2.csv,8346,arithmetic,gsm8k_test_0932,cal,retain,H3_predating,asdiv
pairs_arith_v2.csv,8347,arithmetic,gsm8k_test_0932,cal,retain,R_random,truthfulqa
pairs_arith_v2.csv,8357,arithmetic,gsm8k_test_0934,cal,remove,C0_exact,gsm8k_copy
pairs_arith_v2.csv,8358,arithmetic,gsm8k_test_0934,cal,remove,C1_transformed,lmsys_rephrase
pairs_arith_v2.csv,8359,arithmetic,gsm8k_test_0934,cal,remove,C2_answer_bearing,gsm8k_solution_frag
pairs_arith_v2.csv,8360,arithmetic,gsm8k_test_0934,cal,retain,H2_same_template,gsmplus_numerical_substitution
pairs_arith_v2.csv,8361,arithmetic,gsm8k_test_0934,cal,remove,C1_transformed,gsmplus_problem_understanding
pairs_arith_v2.csv,8362,arithmetic,gsm8k_test_0934,cal,retain,H2_same_template,gsmplus_critical_thinking
pairs_arith_v2.csv,8363,arithmetic,gsm8k_test_0934,cal,retain,H1_same_topic,svamp
pairs_arith_v2.csv,8364,arithmetic,gsm8k_test_0934,cal,retain,H3_predating,asdiv
pairs_arith_v2.csv,8365,arithmetic,gsm8k_test_0934,cal,retain,R_random,truthfulqa
pairs_arith_v2.csv,8402,arithmetic,gsm8k_test_0939,cal,remove,C0_exact,gsm8k_copy
pairs_arith_v2.csv,8403,arithmetic,gsm8k_test_0939,cal,remove,C1_transformed,lmsys_rephrase
pairs_arith_v2.csv,8404,arithmetic,gsm8k_test_0939,cal,remove,C2_answer_bearing,gsm8k_solution_frag
pairs_arith_v2.csv,8405,arithmetic,gsm8k_test_0939,cal,retain,H2_same_template,gsmplus_numerical_substitution
pairs_arith_v2.csv,8406,arithmetic,gsm8k_test_0939,cal,remove,C1_transformed,gsmplus_problem_understanding
pairs_arith_v2.csv,8407,arithmetic,gsm8k_test_0939,cal,retain,H2_same_template,gsmplus_critical_thinking
pairs_arith_v2.csv,8408,arithmetic,gsm8k_test_0939,cal,retain,H1_same_topic,svamp
pairs_arith_v2.csv,8409,arithmetic,gsm8k_test_0939,cal,retain,H3_predating,asdiv
pairs_arith_v2.csv,8410,arithmetic,gsm8k_test_0939,cal,retain,R_random,truthfulqa
pairs_arith_v2.csv,8411,arithmetic,gsm8k_test_0940,cal,remove,C0_exact,gsm8k_copy
pairs_arith_v2.csv,8412,arithmetic,gsm8k_test_0940,cal,remove,C1_transformed,lmsys_rephrase
pairs_arith_v2.csv,8413,arithmetic,gsm8k_test_0940,cal,remove,C2_answer_bearing,gsm8k_solution_frag
pairs_arith_v2.csv,8414,arithmetic,gsm8k_test_0940,cal,retain,H2_same_template,gsmplus_numerical_substitution
pairs_arith_v2.csv,8415,arithmetic,gsm8k_test_0940,cal,remove,C1_transformed,gsmplus_problem_understanding
pairs_arith_v2.csv,8416,arithmetic,gsm8k_test_0940,cal,retain,H2_same_template,gsmplus_critical_thinking
pairs_arith_v2.csv,8417,arithmetic,gsm8k_test_0940,cal,retain,H1_same_topic,svamp
pairs_arith_v2.csv,8418,arithmetic,gsm8k_test_0940,cal,retain,H3_predating,asdiv
pairs_arith_v2.csv,8419,arithmetic,gsm8k_test_0940,cal,retain,R_random,truthfulqa
pairs_arith_v2.csv,8429,arithmetic,gsm8k_test_0942,cal,remove,C0_exact,gsm8k_copy
pairs_arith_v2.csv,8430,arithmetic,gsm8k_test_0942,cal,remove,C1_transformed,lmsys_rephrase
pairs_arith_v2.csv,8431,arithmetic,gsm8k_test_0942,cal,remove,C2_answer_bearing,gsm8k_solution_frag
pairs_arith_v2.csv,8432,arithmetic,gsm8k_test_0942,cal,retain,H2_same_template,gsmplus_numerical_substitution
pairs_arith_v2.csv,8433,arithmetic,gsm8k_test_0942,cal,remove,C1_transformed,gsmplus_problem_understanding
pairs_arith_v2.csv,8434,arithmetic,gsm8k_test_0942,cal,retain,H2_same_template,gsmplus_critical_thinking
pairs_arith_v2.csv,8435,arithmetic,gsm8k_test_0942,cal,retain,H1_same_topic,svamp
pairs_arith_v2.csv,8436,arithmetic,gsm8k_test_0942,cal,retain,H3_predating,asdiv
pairs_arith_v2.csv,8437,arithmetic,gsm8k_test_0942,cal,retain,R_random,truthfulqa
pairs_arith_v2.csv,8438,arithmetic,gsm8k_test_0943,cal,remove,C0_exact,gsm8k_copy
pairs_arith_v2.csv,8439,arithmetic,gsm8k_test_0943,cal,remove,C1_transformed,lmsys_rephrase
pairs_arith_v2.csv,8440,arithmetic,gsm8k_test_0943,cal,remove,C2_answer_bearing,gsm8k_solution_frag
pairs_arith_v2.csv,8441,arithmetic,gsm8k_test_0943,cal,retain,H2_same_template,gsmplus_numerical_substitution
pairs_arith_v2.csv,8442,arithmetic,gsm8k_test_0943,cal,remove,C1_transformed,gsmplus_problem_understanding
pairs_arith_v2.csv,8443,arithmetic,gsm8k_test_0943,cal,retain,H2_same_template,gsmplus_critical_thinking
pairs_arith_v2.csv,8444,arithmetic,gsm8k_test_0943,cal,retain,H1_same_topic,svamp
pairs_arith_v2.csv,8445,arithmetic,gsm8k_test_0943,cal,retain,H3_predating,asdiv
pairs_arith_v2.csv,8446,arithmetic,gsm8k_test_0943,cal,retain,R_random,truthfulqa
pairs_arith_v2.csv,8456,arithmetic,gsm8k_test_0945,cal,remove,C0_exact,gsm8k_copy
pairs_arith_v2.csv,8457,arithmetic,gsm8k_test_0945,cal,remove,C1_transformed,lmsys_rephrase
pairs_arith_v2.csv,8458,arithmetic,gsm8k_test_0945,cal,remove,C2_answer_bearing,gsm8k_solution_frag
pairs_arith_v2.csv,8459,arithmetic,gsm8k_test_0945,cal,retain,H2_same_template,gsmplus_numerical_substitution
pairs_arith_v2.csv,8460,arithmetic,gsm8k_test_0945,cal,remove,C1_transformed,gsmplus_problem_understanding
pairs_arith_v2.csv,8461,arithmetic,gsm8k_test_0945,cal,retain,H2_same_template,gsmplus_critical_thinking
pairs_arith_v2.csv,8462,arithmetic,gsm8k_test_0945,cal,retain,H1_same_topic,svamp
pairs_arith_v2.csv,8463,arithmetic,gsm8k_test_0945,cal,retain,H3_predating,asdiv
pairs_arith_v2.csv,8464,arithmetic,gsm8k_test_0945,cal,retain,R_random,truthfulqa
pairs_arith_v2.csv,8509,arithmetic,gsm8k_test_0951,cal,remove,C0_exact,gsm8k_copy
pairs_arith_v2.csv,8510,arithmetic,gsm8k_test_0951,cal,remove,C1_transformed,lmsys_rephrase
pairs_arith_v2.csv,8511,arithmetic,gsm8k_test_0951,cal,remove,C2_answer_bearing,gsm8k_solution_frag
pairs_arith_v2.csv,8512,arithmetic,gsm8k_test_0951,cal,retain,H2_same_template,gsmplus_numerical_substitution
pairs_arith_v2.csv,8513,arithmetic,gsm8k_test_0951,cal,remove,C1_transformed,gsmplus_problem_understanding
pairs_arith_v2.csv,8514,arithmetic,gsm8k_test_0951,cal,retain,H2_same_template,gsmplus_critical_thinking
pairs_arith_v2.csv,8515,arithmetic,gsm8k_test_0951,cal,retain,H1_same_topic,svamp
pairs_arith_v2.csv,8516,arithmetic,gsm8k_test_0951,cal,retain,H3_predating,asdiv
pairs_arith_v2.csv,8517,arithmetic,gsm8k_test_0951,cal,retain,R_random,truthfulqa
pairs_arith_v2.csv,8518,arithmetic,gsm8k_test_0952,cal,remove,C0_exact,gsm8k_copy
pairs_arith_v2.csv,8519,arithmetic,gsm8k_test_0952,cal,remove,C1_transformed,lmsys_rephrase
pairs_arith_v2.csv,8520,arithmetic,gsm8k_test_0952,cal,remove,C2_answer_bearing,gsm8k_solution_frag
pairs_arith_v2.csv,8521,arithmetic,gsm8k_test_0952,cal,retain,H2_same_template,gsmplus_numerical_substitution
pairs_arith_v2.csv,8522,arithmetic,gsm8k_test_0952,cal,remove,C1_transformed,gsmplus_problem_understanding
pairs_arith_v2.csv,8523,arithmetic,gsm8k_test_0952,cal,retain,H2_same_template,gsmplus_critical_thinking
pairs_arith_v2.csv,8524,arithmetic,gsm8k_test_0952,cal,retain,H1_same_topic,svamp
pairs_arith_v2.csv,8525,arithmetic,gsm8k_test_0952,cal,retain,H3_predating,asdiv
pairs_arith_v2.csv,8526,arithmetic,gsm8k_test_0952,cal,retain,R_random,truthfulqa
pairs_arith_v2.csv,8527,arithmetic,gsm8k_test_0953,cal,remove,C0_exact,gsm8k_copy
pairs_arith_v2.csv,8528,arithmetic,gsm8k_test_0953,cal,remove,C1_transformed,lmsys_rephrase
pairs_arith_v2.csv,8529,arithmetic,gsm8k_test_0953,cal,remove,C2_answer_bearing,gsm8k_solution_frag
pairs_arith_v2.csv,8530,arithmetic,gsm8k_test_0953,cal,retain,H2_same_template,gsmplus_numerical_substitution
pairs_arith_v2.csv,8531,arithmetic,gsm8k_test_0953,cal,remove,C1_transformed,gsmplus_problem_understanding
pairs_arith_v2.csv,8532,arithmetic,gsm8k_test_0953,cal,retain,H2_same_template,gsmplus_critical_thinking
pairs_arith_v2.csv,8533,arithmetic,gsm8k_test_0953,cal,retain,H1_same_topic,svamp
pairs_arith_v2.csv,8534,arithmetic,gsm8k_test_0953,cal,retain,H3_predating,asdiv
pairs_arith_v2.csv,8535,arithmetic,gsm8k_test_0953,cal,retain,R_random,truthfulqa
pairs_arith_v2.csv,8563,arithmetic,gsm8k_test_0957,cal,remove,C0_exact,gsm8k_copy
pairs_arith_v2.csv,8564,arithmetic,gsm8k_test_0957,cal,remove,C1_transformed,lmsys_rephrase
pairs_arith_v2.csv,8565,arithmetic,gsm8k_test_0957,cal,remove,C2_answer_bearing,gsm8k_solution_frag
pairs_arith_v2.csv,8566,arithmetic,gsm8k_test_0957,cal,retain,H2_same_template,gsmplus_numerical_substitution
pairs_arith_v2.csv,8567,arithmetic,gsm8k_test_0957,cal,remove,C1_transformed,gsmplus_problem_understanding
pairs_arith_v2.csv,8568,arithmetic,gsm8k_test_0957,cal,retain,H2_same_template,gsmplus_critical_thinking
pairs_arith_v2.csv,8569,arithmetic,gsm8k_test_0957,cal,retain,H1_same_topic,svamp
pairs_arith_v2.csv,8570,arithmetic,gsm8k_test_0957,cal,retain,H3_predating,asdiv
pairs_arith_v2.csv,8571,arithmetic,gsm8k_test_0957,cal,retain,R_random,truthfulqa
pairs_arith_v2.csv,8590,arithmetic,gsm8k_test_0960,cal,remove,C0_exact,gsm8k_copy
pairs_arith_v2.csv,8591,arithmetic,gsm8k_test_0960,cal,remove,C1_transformed,lmsys_rephrase
pairs_arith_v2.csv,8592,arithmetic,gsm8k_test_0960,cal,remove,C2_answer_bearing,gsm8k_solution_frag
pairs_arith_v2.csv,8593,arithmetic,gsm8k_test_0960,cal,retain,H2_same_template,gsmplus_numerical_substitution
pairs_arith_v2.csv,8594,arithmetic,gsm8k_test_0960,cal,remove,C1_transformed,gsmplus_problem_understanding
pairs_arith_v2.csv,8595,arithmetic,gsm8k_test_0960,cal,retain,H2_same_template,gsmplus_critical_thinking
pairs_arith_v2.csv,8596,arithmetic,gsm8k_test_0960,cal,retain,H1_same_topic,svamp
pairs_arith_v2.csv,8597,arithmetic,gsm8k_test_0960,cal,retain,H3_predating,asdiv
pairs_arith_v2.csv,8598,arithmetic,gsm8k_test_0960,cal,retain,R_random,truthfulqa
pairs_arith_v2.csv,8617,arithmetic,gsm8k_test_0963,cal,remove,C0_exact,gsm8k_copy
pairs_arith_v2.csv,8618,arithmetic,gsm8k_test_0963,cal,remove,C1_transformed,lmsys_rephrase
pairs_arith_v2.csv,8619,arithmetic,gsm8k_test_0963,cal,remove,C2_answer_bearing,gsm8k_solution_frag
pairs_arith_v2.csv,8620,arithmetic,gsm8k_test_0963,cal,retain,H2_same_template,gsmplus_numerical_substitution
pairs_arith_v2.csv,8621,arithmetic,gsm8k_test_0963,cal,remove,C1_transformed,gsmplus_problem_understanding
pairs_arith_v2.csv,8622,arithmetic,gsm8k_test_0963,cal,retain,H2_same_template,gsmplus_critical_thinking
pairs_arith_v2.csv,8623,arithmetic,gsm8k_test_0963,cal,retain,H1_same_topic,svamp
pairs_arith_v2.csv,8624,arithmetic,gsm8k_test_0963,cal,retain,H3_predating,asdiv
pairs_arith_v2.csv,8625,arithmetic,gsm8k_test_0963,cal,retain,R_random,truthfulqa
pairs_arith_v2.csv,8626,arithmetic,gsm8k_test_0964,cal,remove,C0_exact,gsm8k_copy
pairs_arith_v2.csv,8627,arithmetic,gsm8k_test_0964,cal,remove,C1_transformed,lmsys_rephrase
pairs_arith_v2.csv,8628,arithmetic,gsm8k_test_0964,cal,remove,C2_answer_bearing,gsm8k_solution_frag
pairs_arith_v2.csv,8629,arithmetic,gsm8k_test_0964,cal,retain,H2_same_template,gsmplus_numerical_substitution
pairs_arith_v2.csv,8630,arithmetic,gsm8k_test_0964,cal,remove,C1_transformed,gsmplus_problem_understanding
pairs_arith_v2.csv,8631,arithmetic,gsm8k_test_0964,cal,retain,H2_same_template,gsmplus_critical_thinking
pairs_arith_v2.csv,8632,arithmetic,gsm8k_test_0964,cal,retain,H1_same_topic,svamp
pairs_arith_v2.csv,8633,arithmetic,gsm8k_test_0964,cal,retain,H3_predating,asdiv
pairs_arith_v2.csv,8634,arithmetic,gsm8k_test_0964,cal,retain,R_random,truthfulqa
pairs_arith_v2.csv,8707,arithmetic,gsm8k_test_0973,cal,remove,C0_exact,gsm8k_copy
pairs_arith_v2.csv,8708,arithmetic,gsm8k_test_0973,cal,remove,C1_transformed,lmsys_rephrase
pairs_arith_v2.csv,8709,arithmetic,gsm8k_test_0973,cal,remove,C2_answer_bearing,gsm8k_solution_frag
pairs_arith_v2.csv,8710,arithmetic,gsm8k_test_0973,cal,retain,H2_same_template,gsmplus_numerical_substitution
pairs_arith_v2.csv,8711,arithmetic,gsm8k_test_0973,cal,remove,C1_transformed,gsmplus_problem_understanding
pairs_arith_v2.csv,8712,arithmetic,gsm8k_test_0973,cal,retain,H2_same_template,gsmplus_critical_thinking
pairs_arith_v2.csv,8713,arithmetic,gsm8k_test_0973,cal,retain,H1_same_topic,svamp
pairs_arith_v2.csv,8714,arithmetic,gsm8k_test_0973,cal,retain,H3_predating,asdiv
pairs_arith_v2.csv,8715,arithmetic,gsm8k_test_0973,cal,retain,R_random,truthfulqa
pairs_arith_v2.csv,8741,arithmetic,gsm8k_test_0977,cal,remove,C0_exact,gsm8k_copy
pairs_arith_v2.csv,8742,arithmetic,gsm8k_test_0977,cal,remove,C1_transformed,lmsys_rephrase
pairs_arith_v2.csv,8743,arithmetic,gsm8k_test_0977,cal,remove,C2_answer_bearing,gsm8k_solution_frag
pairs_arith_v2.csv,8744,arithmetic,gsm8k_test_0977,cal,retain,H2_same_template,gsmplus_numerical_substitution
pairs_arith_v2.csv,8745,arithmetic,gsm8k_test_0977,cal,remove,C1_transformed,gsmplus_problem_understanding
pairs_arith_v2.csv,8746,arithmetic,gsm8k_test_0977,cal,retain,H2_same_template,gsmplus_critical_thinking
pairs_arith_v2.csv,8747,arithmetic,gsm8k_test_0977,cal,retain,H1_same_topic,svamp
pairs_arith_v2.csv,8748,arithmetic,gsm8k_test_0977,cal,retain,H3_predating,asdiv
pairs_arith_v2.csv,8749,arithmetic,gsm8k_test_0977,cal,retain,R_random,truthfulqa
pairs_arith_v2.csv,8786,arithmetic,gsm8k_test_0982,cal,remove,C0_exact,gsm8k_copy
pairs_arith_v2.csv,8787,arithmetic,gsm8k_test_0982,cal,remove,C1_transformed,lmsys_rephrase
pairs_arith_v2.csv,8788,arithmetic,gsm8k_test_0982,cal,remove,C2_answer_bearing,gsm8k_solution_frag
pairs_arith_v2.csv,8789,arithmetic,gsm8k_test_0982,cal,retain,H2_same_template,gsmplus_numerical_substitution
pairs_arith_v2.csv,8790,arithmetic,gsm8k_test_0982,cal,remove,C1_transformed,gsmplus_problem_understanding
pairs_arith_v2.csv,8791,arithmetic,gsm8k_test_0982,cal,retain,H2_same_template,gsmplus_critical_thinking
pairs_arith_v2.csv,8792,arithmetic,gsm8k_test_0982,cal,retain,H1_same_topic,svamp
pairs_arith_v2.csv,8793,arithmetic,gsm8k_test_0982,cal,retain,H3_predating,asdiv
pairs_arith_v2.csv,8794,arithmetic,gsm8k_test_0982,cal,retain,R_random,truthfulqa
pairs_arith_v2.csv,8812,arithmetic,gsm8k_test_0985,cal,remove,C0_exact,gsm8k_copy
pairs_arith_v2.csv,8813,arithmetic,gsm8k_test_0985,cal,remove,C1_transformed,lmsys_rephrase
pairs_arith_v2.csv,8814,arithmetic,gsm8k_test_0985,cal,remove,C2_answer_bearing,gsm8k_solution_frag
pairs_arith_v2.csv,8815,arithmetic,gsm8k_test_0985,cal,retain,H2_same_template,gsmplus_numerical_substitution
pairs_arith_v2.csv,8816,arithmetic,gsm8k_test_0985,cal,remove,C1_transformed,gsmplus_problem_understanding
pairs_arith_v2.csv,8817,arithmetic,gsm8k_test_0985,cal,retain,H2_same_template,gsmplus_critical_thinking
pairs_arith_v2.csv,8818,arithmetic,gsm8k_test_0985,cal,retain,H1_same_topic,svamp
pairs_arith_v2.csv,8819,arithmetic,gsm8k_test_0985,cal,retain,H3_predating,asdiv
pairs_arith_v2.csv,8820,arithmetic,gsm8k_test_0985,cal,retain,R_random,truthfulqa
pairs_arith_v2.csv,8821,arithmetic,gsm8k_test_0986,cal,remove,C0_exact,gsm8k_copy
pairs_arith_v2.csv,8822,arithmetic,gsm8k_test_0986,cal,remove,C1_transformed,lmsys_rephrase
pairs_arith_v2.csv,8823,arithmetic,gsm8k_test_0986,cal,remove,C2_answer_bearing,gsm8k_solution_frag
pairs_arith_v2.csv,8824,arithmetic,gsm8k_test_0986,cal,retain,H2_same_template,gsmplus_numerical_substitution
pairs_arith_v2.csv,8825,arithmetic,gsm8k_test_0986,cal,remove,C1_transformed,gsmplus_problem_understanding
pairs_arith_v2.csv,8826,arithmetic,gsm8k_test_0986,cal,retain,H2_same_template,gsmplus_critical_thinking
pairs_arith_v2.csv,8827,arithmetic,gsm8k_test_0986,cal,retain,H1_same_topic,svamp
pairs_arith_v2.csv,8828,arithmetic,gsm8k_test_0986,cal,retain,H3_predating,asdiv
pairs_arith_v2.csv,8829,arithmetic,gsm8k_test_0986,cal,retain,R_random,truthfulqa
pairs_arith_v2.csv,8830,arithmetic,gsm8k_test_0987,cal,remove,C0_exact,gsm8k_copy
pairs_arith_v2.csv,8831,arithmetic,gsm8k_test_0987,cal,remove,C1_transformed,lmsys_rephrase
pairs_arith_v2.csv,8832,arithmetic,gsm8k_test_0987,cal,remove,C2_answer_bearing,gsm8k_solution_frag
pairs_arith_v2.csv,8833,arithmetic,gsm8k_test_0987,cal,retain,H2_same_template,gsmplus_numerical_substitution
pairs_arith_v2.csv,8834,arithmetic,gsm8k_test_0987,cal,remove,C1_transformed,gsmplus_problem_understanding
pairs_arith_v2.csv,8835,arithmetic,gsm8k_test_0987,cal,retain,H2_same_template,gsmplus_critical_thinking
pairs_arith_v2.csv,8836,arithmetic,gsm8k_test_0987,cal,retain,H1_same_topic,svamp
pairs_arith_v2.csv,8837,arithmetic,gsm8k_test_0987,cal,retain,H3_predating,asdiv
pairs_arith_v2.csv,8838,arithmetic,gsm8k_test_0987,cal,retain,R_random,truthfulqa
pairs_arith_v2.csv,8857,arithmetic,gsm8k_test_0990,cal,remove,C0_exact,gsm8k_copy
pairs_arith_v2.csv,8858,arithmetic,gsm8k_test_0990,cal,remove,C1_transformed,lmsys_rephrase
pairs_arith_v2.csv,8859,arithmetic,gsm8k_test_0990,cal,remove,C2_answer_bearing,gsm8k_solution_frag
pairs_arith_v2.csv,8860,arithmetic,gsm8k_test_0990,cal,retain,H2_same_template,gsmplus_numerical_substitution
pairs_arith_v2.csv,8861,arithmetic,gsm8k_test_0990,cal,remove,C1_transformed,gsmplus_problem_understanding
pairs_arith_v2.csv,8862,arithmetic,gsm8k_test_0990,cal,retain,H2_same_template,gsmplus_critical_thinking
pairs_arith_v2.csv,8863,arithmetic,gsm8k_test_0990,cal,retain,H1_same_topic,svamp
pairs_arith_v2.csv,8864,arithmetic,gsm8k_test_0990,cal,retain,H3_predating,asdiv
pairs_arith_v2.csv,8865,arithmetic,gsm8k_test_0990,cal,retain,R_random,truthfulqa
pairs_arith_v2.csv,8902,arithmetic,gsm8k_test_0995,cal,remove,C0_exact,gsm8k_copy
pairs_arith_v2.csv,8903,arithmetic,gsm8k_test_0995,cal,remove,C1_transformed,lmsys_rephrase
pairs_arith_v2.csv,8904,arithmetic,gsm8k_test_0995,cal,remove,C2_answer_bearing,gsm8k_solution_frag
pairs_arith_v2.csv,8905,arithmetic,gsm8k_test_0995,cal,retain,H2_same_template,gsmplus_numerical_substitution
pairs_arith_v2.csv,8906,arithmetic,gsm8k_test_0995,cal,remove,C1_transformed,gsmplus_problem_understanding
pairs_arith_v2.csv,8907,arithmetic,gsm8k_test_0995,cal,retain,H2_same_template,gsmplus_critical_thinking
pairs_arith_v2.csv,8908,arithmetic,gsm8k_test_0995,cal,retain,H1_same_topic,svamp
pairs_arith_v2.csv,8909,arithmetic,gsm8k_test_0995,cal,retain,H3_predating,asdiv
pairs_arith_v2.csv,8910,arithmetic,gsm8k_test_0995,cal,retain,R_random,truthfulqa
pairs_arith_v2.csv,8919,arithmetic,gsm8k_test_0997,cal,remove,C0_exact,gsm8k_copy
pairs_arith_v2.csv,8920,arithmetic,gsm8k_test_0997,cal,remove,C1_transformed,lmsys_rephrase
pairs_arith_v2.csv,8921,arithmetic,gsm8k_test_0997,cal,remove,C2_answer_bearing,gsm8k_solution_frag
pairs_arith_v2.csv,8922,arithmetic,gsm8k_test_0997,cal,retain,H2_same_template,gsmplus_numerical_substitution
pairs_arith_v2.csv,8923,arithmetic,gsm8k_test_0997,cal,remove,C1_transformed,gsmplus_problem_understanding
pairs_arith_v2.csv,8924,arithmetic,gsm8k_test_0997,cal,retain,H2_same_template,gsmplus_critical_thinking
pairs_arith_v2.csv,8925,arithmetic,gsm8k_test_0997,cal,retain,H1_same_topic,svamp
pairs_arith_v2.csv,8926,arithmetic,gsm8k_test_0997,cal,retain,H3_predating,asdiv
pairs_arith_v2.csv,8927,arithmetic,gsm8k_test_0997,cal,retain,R_random,truthfulqa
pairs_arith_v2.csv,8946,arithmetic,gsm8k_test_1000,cal,remove,C0_exact,gsm8k_copy
pairs_arith_v2.csv,8947,arithmetic,gsm8k_test_1000,cal,remove,C1_transformed,lmsys_rephrase
pairs_arith_v2.csv,8948,arithmetic,gsm8k_test_1000,cal,remove,C2_answer_bearing,gsm8k_solution_frag
pairs_arith_v2.csv,8949,arithmetic,gsm8k_test_1000,cal,retain,H2_same_template,gsmplus_numerical_substitution
pairs_arith_v2.csv,8950,arithmetic,gsm8k_test_1000,cal,remove,C1_transformed,gsmplus_problem_understanding
pairs_arith_v2.csv,8951,arithmetic,gsm8k_test_1000,cal,retain,H2_same_template,gsmplus_critical_thinking
pairs_arith_v2.csv,8952,arithmetic,gsm8k_test_1000,cal,retain,H1_same_topic,svamp
pairs_arith_v2.csv,8953,arithmetic,gsm8k_test_1000,cal,retain,H3_predating,asdiv
pairs_arith_v2.csv,8954,arithmetic,gsm8k_test_1000,cal,retain,R_random,truthfulqa
pairs_arith_v2.csv,8990,arithmetic,gsm8k_test_1005,cal,remove,C0_exact,gsm8k_copy
pairs_arith_v2.csv,8991,arithmetic,gsm8k_test_1005,cal,remove,C1_transformed,lmsys_rephrase
pairs_arith_v2.csv,8992,arithmetic,gsm8k_test_1005,cal,remove,C2_answer_bearing,gsm8k_solution_frag
pairs_arith_v2.csv,8993,arithmetic,gsm8k_test_1005,cal,retain,H2_same_template,gsmplus_numerical_substitution
pairs_arith_v2.csv,8994,arithmetic,gsm8k_test_1005,cal,remove,C1_transformed,gsmplus_problem_understanding
pairs_arith_v2.csv,8995,arithmetic,gsm8k_test_1005,cal,retain,H2_same_template,gsmplus_critical_thinking
pairs_arith_v2.csv,8996,arithmetic,gsm8k_test_1005,cal,retain,H1_same_topic,svamp
pairs_arith_v2.csv,8997,arithmetic,gsm8k_test_1005,cal,retain,H3_predating,asdiv
pairs_arith_v2.csv,8998,arithmetic,gsm8k_test_1005,cal,retain,R_random,truthfulqa
pairs_arith_v2.csv,8999,arithmetic,gsm8k_test_1006,cal,remove,C0_exact,gsm8k_copy
pairs_arith_v2.csv,9000,arithmetic,gsm8k_test_1006,cal,remove,C1_transformed,lmsys_rephrase
pairs_arith_v2.csv,9001,arithmetic,gsm8k_test_1006,cal,remove,C2_answer_bearing,gsm8k_solution_frag
pairs_arith_v2.csv,9002,arithmetic,gsm8k_test_1006,cal,retain,H2_same_template,gsmplus_numerical_substitution
pairs_arith_v2.csv,9003,arithmetic,gsm8k_test_1006,cal,remove,C1_transformed,gsmplus_problem_understanding
pairs_arith_v2.csv,9004,arithmetic,gsm8k_test_1006,cal,retain,H2_same_template,gsmplus_critical_thinking
pairs_arith_v2.csv,9005,arithmetic,gsm8k_test_1006,cal,retain,H1_same_topic,svamp
pairs_arith_v2.csv,9006,arithmetic,gsm8k_test_1006,cal,retain,H3_predating,asdiv
pairs_arith_v2.csv,9007,arithmetic,gsm8k_test_1006,cal,retain,R_random,truthfulqa
pairs_arith_v2.csv,9080,arithmetic,gsm8k_test_1015,cal,remove,C0_exact,gsm8k_copy
pairs_arith_v2.csv,9081,arithmetic,gsm8k_test_1015,cal,remove,C1_transformed,lmsys_rephrase
pairs_arith_v2.csv,9082,arithmetic,gsm8k_test_1015,cal,remove,C2_answer_bearing,gsm8k_solution_frag
pairs_arith_v2.csv,9083,arithmetic,gsm8k_test_1015,cal,retain,H2_same_template,gsmplus_numerical_substitution
pairs_arith_v2.csv,9084,arithmetic,gsm8k_test_1015,cal,remove,C1_transformed,gsmplus_problem_understanding
pairs_arith_v2.csv,9085,arithmetic,gsm8k_test_1015,cal,retain,H2_same_template,gsmplus_critical_thinking
pairs_arith_v2.csv,9086,arithmetic,gsm8k_test_1015,cal,retain,H1_same_topic,svamp
pairs_arith_v2.csv,9087,arithmetic,gsm8k_test_1015,cal,retain,H3_predating,asdiv
pairs_arith_v2.csv,9088,arithmetic,gsm8k_test_1015,cal,retain,R_random,truthfulqa
pairs_arith_v2.csv,9089,arithmetic,gsm8k_test_1016,cal,remove,C0_exact,gsm8k_copy
pairs_arith_v2.csv,9090,arithmetic,gsm8k_test_1016,cal,remove,C1_transformed,lmsys_rephrase
pairs_arith_v2.csv,9091,arithmetic,gsm8k_test_1016,cal,remove,C2_answer_bearing,gsm8k_solution_frag
pairs_arith_v2.csv,9092,arithmetic,gsm8k_test_1016,cal,retain,H2_same_template,gsmplus_numerical_substitution
pairs_arith_v2.csv,9093,arithmetic,gsm8k_test_1016,cal,remove,C1_transformed,gsmplus_problem_understanding
pairs_arith_v2.csv,9094,arithmetic,gsm8k_test_1016,cal,retain,H2_same_template,gsmplus_critical_thinking
pairs_arith_v2.csv,9095,arithmetic,gsm8k_test_1016,cal,retain,H1_same_topic,svamp
pairs_arith_v2.csv,9096,arithmetic,gsm8k_test_1016,cal,retain,H3_predating,asdiv
pairs_arith_v2.csv,9097,arithmetic,gsm8k_test_1016,cal,retain,R_random,truthfulqa
pairs_arith_v2.csv,9125,arithmetic,gsm8k_test_1020,cal,remove,C0_exact,gsm8k_copy
pairs_arith_v2.csv,9126,arithmetic,gsm8k_test_1020,cal,remove,C1_transformed,lmsys_rephrase
pairs_arith_v2.csv,9127,arithmetic,gsm8k_test_1020,cal,remove,C2_answer_bearing,gsm8k_solution_frag
pairs_arith_v2.csv,9128,arithmetic,gsm8k_test_1020,cal,retain,H2_same_template,gsmplus_numerical_substitution
pairs_arith_v2.csv,9129,arithmetic,gsm8k_test_1020,cal,remove,C1_transformed,gsmplus_problem_understanding
pairs_arith_v2.csv,9130,arithmetic,gsm8k_test_1020,cal,retain,H2_same_template,gsmplus_critical_thinking
pairs_arith_v2.csv,9131,arithmetic,gsm8k_test_1020,cal,retain,H1_same_topic,svamp
pairs_arith_v2.csv,9132,arithmetic,gsm8k_test_1020,cal,retain,H3_predating,asdiv
pairs_arith_v2.csv,9133,arithmetic,gsm8k_test_1020,cal,retain,R_random,truthfulqa
pairs_arith_v2.csv,9143,arithmetic,gsm8k_test_1022,cal,remove,C0_exact,gsm8k_copy
pairs_arith_v2.csv,9144,arithmetic,gsm8k_test_1022,cal,remove,C1_transformed,lmsys_rephrase
pairs_arith_v2.csv,9145,arithmetic,gsm8k_test_1022,cal,remove,C2_answer_bearing,gsm8k_solution_frag
pairs_arith_v2.csv,9146,arithmetic,gsm8k_test_1022,cal,retain,H2_same_template,gsmplus_numerical_substitution
pairs_arith_v2.csv,9147,arithmetic,gsm8k_test_1022,cal,remove,C1_transformed,gsmplus_problem_understanding
pairs_arith_v2.csv,9148,arithmetic,gsm8k_test_1022,cal,retain,H2_same_template,gsmplus_critical_thinking
pairs_arith_v2.csv,9149,arithmetic,gsm8k_test_1022,cal,retain,H1_same_topic,svamp
pairs_arith_v2.csv,9150,arithmetic,gsm8k_test_1022,cal,retain,H3_predating,asdiv
pairs_arith_v2.csv,9151,arithmetic,gsm8k_test_1022,cal,retain,R_random,truthfulqa
pairs_arith_v2.csv,9188,arithmetic,gsm8k_test_1027,cal,remove,C0_exact,gsm8k_copy
pairs_arith_v2.csv,9189,arithmetic,gsm8k_test_1027,cal,remove,C1_transformed,lmsys_rephrase
pairs_arith_v2.csv,9190,arithmetic,gsm8k_test_1027,cal,remove,C2_answer_bearing,gsm8k_solution_frag
pairs_arith_v2.csv,9191,arithmetic,gsm8k_test_1027,cal,retain,H2_same_template,gsmplus_numerical_substitution
pairs_arith_v2.csv,9192,arithmetic,gsm8k_test_1027,cal,remove,C1_transformed,gsmplus_problem_understanding
pairs_arith_v2.csv,9193,arithmetic,gsm8k_test_1027,cal,retain,H2_same_template,gsmplus_critical_thinking
pairs_arith_v2.csv,9194,arithmetic,gsm8k_test_1027,cal,retain,H1_same_topic,svamp
pairs_arith_v2.csv,9195,arithmetic,gsm8k_test_1027,cal,retain,H3_predating,asdiv
pairs_arith_v2.csv,9196,arithmetic,gsm8k_test_1027,cal,retain,R_random,truthfulqa
pairs_arith_v2.csv,9224,arithmetic,gsm8k_test_1031,cal,remove,C0_exact,gsm8k_copy
pairs_arith_v2.csv,9225,arithmetic,gsm8k_test_1031,cal,remove,C1_transformed,lmsys_rephrase
pairs_arith_v2.csv,9226,arithmetic,gsm8k_test_1031,cal,remove,C2_answer_bearing,gsm8k_solution_frag
pairs_arith_v2.csv,9227,arithmetic,gsm8k_test_1031,cal,retain,H2_same_template,gsmplus_numerical_substitution
pairs_arith_v2.csv,9228,arithmetic,gsm8k_test_1031,cal,remove,C1_transformed,gsmplus_problem_understanding
pairs_arith_v2.csv,9229,arithmetic,gsm8k_test_1031,cal,retain,H2_same_template,gsmplus_critical_thinking
pairs_arith_v2.csv,9230,arithmetic,gsm8k_test_1031,cal,retain,H1_same_topic,svamp
pairs_arith_v2.csv,9231,arithmetic,gsm8k_test_1031,cal,retain,H3_predating,asdiv
pairs_arith_v2.csv,9232,arithmetic,gsm8k_test_1031,cal,retain,R_random,truthfulqa
pairs_arith_v2.csv,9260,arithmetic,gsm8k_test_1035,cal,remove,C0_exact,gsm8k_copy
pairs_arith_v2.csv,9261,arithmetic,gsm8k_test_1035,cal,remove,C1_transformed,lmsys_rephrase
pairs_arith_v2.csv,9262,arithmetic,gsm8k_test_1035,cal,remove,C2_answer_bearing,gsm8k_solution_frag
pairs_arith_v2.csv,9263,arithmetic,gsm8k_test_1035,cal,retain,H2_same_template,gsmplus_numerical_substitution
pairs_arith_v2.csv,9264,arithmetic,gsm8k_test_1035,cal,remove,C1_transformed,gsmplus_problem_understanding
pairs_arith_v2.csv,9265,arithmetic,gsm8k_test_1035,cal,retain,H2_same_template,gsmplus_critical_thinking
pairs_arith_v2.csv,9266,arithmetic,gsm8k_test_1035,cal,retain,H1_same_topic,svamp
pairs_arith_v2.csv,9267,arithmetic,gsm8k_test_1035,cal,retain,H3_predating,asdiv
pairs_arith_v2.csv,9268,arithmetic,gsm8k_test_1035,cal,retain,R_random,truthfulqa
pairs_arith_v2.csv,9314,arithmetic,gsm8k_test_1041,cal,remove,C0_exact,gsm8k_copy
pairs_arith_v2.csv,9315,arithmetic,gsm8k_test_1041,cal,remove,C1_transformed,lmsys_rephrase
pairs_arith_v2.csv,9316,arithmetic,gsm8k_test_1041,cal,remove,C2_answer_bearing,gsm8k_solution_frag
pairs_arith_v2.csv,9317,arithmetic,gsm8k_test_1041,cal,retain,H2_same_template,gsmplus_numerical_substitution
pairs_arith_v2.csv,9318,arithmetic,gsm8k_test_1041,cal,remove,C1_transformed,gsmplus_problem_understanding
pairs_arith_v2.csv,9319,arithmetic,gsm8k_test_1041,cal,retain,H2_same_template,gsmplus_critical_thinking
pairs_arith_v2.csv,9320,arithmetic,gsm8k_test_1041,cal,retain,H1_same_topic,svamp
pairs_arith_v2.csv,9321,arithmetic,gsm8k_test_1041,cal,retain,H3_predating,asdiv
pairs_arith_v2.csv,9322,arithmetic,gsm8k_test_1041,cal,retain,R_random,truthfulqa
pairs_arith_v2.csv,9323,arithmetic,gsm8k_test_1042,cal,remove,C0_exact,gsm8k_copy
pairs_arith_v2.csv,9324,arithmetic,gsm8k_test_1042,cal,remove,C1_transformed,lmsys_rephrase
pairs_arith_v2.csv,9325,arithmetic,gsm8k_test_1042,cal,remove,C2_answer_bearing,gsm8k_solution_frag
pairs_arith_v2.csv,9326,arithmetic,gsm8k_test_1042,cal,retain,H2_same_template,gsmplus_numerical_substitution
pairs_arith_v2.csv,9327,arithmetic,gsm8k_test_1042,cal,remove,C1_transformed,gsmplus_problem_understanding
pairs_arith_v2.csv,9328,arithmetic,gsm8k_test_1042,cal,retain,H2_same_template,gsmplus_critical_thinking
pairs_arith_v2.csv,9329,arithmetic,gsm8k_test_1042,cal,retain,H1_same_topic,svamp
pairs_arith_v2.csv,9330,arithmetic,gsm8k_test_1042,cal,retain,H3_predating,asdiv
pairs_arith_v2.csv,9331,arithmetic,gsm8k_test_1042,cal,retain,R_random,truthfulqa
pairs_arith_v2.csv,9341,arithmetic,gsm8k_test_1044,cal,remove,C0_exact,gsm8k_copy
pairs_arith_v2.csv,9342,arithmetic,gsm8k_test_1044,cal,remove,C1_transformed,lmsys_rephrase
pairs_arith_v2.csv,9343,arithmetic,gsm8k_test_1044,cal,remove,C2_answer_bearing,gsm8k_solution_frag
pairs_arith_v2.csv,9344,arithmetic,gsm8k_test_1044,cal,remove,C1_transformed,gsmplus_problem_understanding
pairs_arith_v2.csv,9345,arithmetic,gsm8k_test_1044,cal,retain,H2_same_template,gsmplus_critical_thinking
pairs_arith_v2.csv,9346,arithmetic,gsm8k_test_1044,cal,retain,H1_same_topic,svamp
pairs_arith_v2.csv,9347,arithmetic,gsm8k_test_1044,cal,retain,H3_predating,asdiv
pairs_arith_v2.csv,9348,arithmetic,gsm8k_test_1044,cal,retain,R_random,truthfulqa
pairs_arith_v2.csv,9349,arithmetic,gsm8k_test_1045,cal,remove,C0_exact,gsm8k_copy
pairs_arith_v2.csv,9350,arithmetic,gsm8k_test_1045,cal,remove,C1_transformed,lmsys_rephrase
pairs_arith_v2.csv,9351,arithmetic,gsm8k_test_1045,cal,remove,C2_answer_bearing,gsm8k_solution_frag
pairs_arith_v2.csv,9352,arithmetic,gsm8k_test_1045,cal,retain,H2_same_template,gsmplus_numerical_substitution
pairs_arith_v2.csv,9353,arithmetic,gsm8k_test_1045,cal,remove,C1_transformed,gsmplus_problem_understanding
pairs_arith_v2.csv,9354,arithmetic,gsm8k_test_1045,cal,retain,H2_same_template,gsmplus_critical_thinking
pairs_arith_v2.csv,9355,arithmetic,gsm8k_test_1045,cal,retain,H1_same_topic,svamp
pairs_arith_v2.csv,9356,arithmetic,gsm8k_test_1045,cal,retain,H3_predating,asdiv
pairs_arith_v2.csv,9357,arithmetic,gsm8k_test_1045,cal,retain,R_random,truthfulqa
pairs_arith_v2.csv,9358,arithmetic,gsm8k_test_1046,cal,remove,C0_exact,gsm8k_copy
pairs_arith_v2.csv,9359,arithmetic,gsm8k_test_1046,cal,remove,C1_transformed,lmsys_rephrase
pairs_arith_v2.csv,9360,arithmetic,gsm8k_test_1046,cal,remove,C2_answer_bearing,gsm8k_solution_frag
pairs_arith_v2.csv,9361,arithmetic,gsm8k_test_1046,cal,retain,H2_same_template,gsmplus_numerical_substitution
pairs_arith_v2.csv,9362,arithmetic,gsm8k_test_1046,cal,remove,C1_transformed,gsmplus_problem_understanding
pairs_arith_v2.csv,9363,arithmetic,gsm8k_test_1046,cal,retain,H2_same_template,gsmplus_critical_thinking
pairs_arith_v2.csv,9364,arithmetic,gsm8k_test_1046,cal,retain,H1_same_topic,svamp
pairs_arith_v2.csv,9365,arithmetic,gsm8k_test_1046,cal,retain,H3_predating,asdiv
pairs_arith_v2.csv,9366,arithmetic,gsm8k_test_1046,cal,retain,R_random,truthfulqa
pairs_arith_v2.csv,9376,arithmetic,gsm8k_test_1048,cal,remove,C0_exact,gsm8k_copy
pairs_arith_v2.csv,9377,arithmetic,gsm8k_test_1048,cal,remove,C1_transformed,lmsys_rephrase
pairs_arith_v2.csv,9378,arithmetic,gsm8k_test_1048,cal,remove,C2_answer_bearing,gsm8k_solution_frag
pairs_arith_v2.csv,9379,arithmetic,gsm8k_test_1048,cal,retain,H2_same_template,gsmplus_numerical_substitution
pairs_arith_v2.csv,9380,arithmetic,gsm8k_test_1048,cal,remove,C1_transformed,gsmplus_problem_understanding
pairs_arith_v2.csv,9381,arithmetic,gsm8k_test_1048,cal,retain,H2_same_template,gsmplus_critical_thinking
pairs_arith_v2.csv,9382,arithmetic,gsm8k_test_1048,cal,retain,H1_same_topic,svamp
pairs_arith_v2.csv,9383,arithmetic,gsm8k_test_1048,cal,retain,H3_predating,asdiv
pairs_arith_v2.csv,9384,arithmetic,gsm8k_test_1048,cal,retain,R_random,truthfulqa
pairs_arith_v2.csv,9403,arithmetic,gsm8k_test_1051,cal,remove,C0_exact,gsm8k_copy
pairs_arith_v2.csv,9404,arithmetic,gsm8k_test_1051,cal,remove,C1_transformed,lmsys_rephrase
pairs_arith_v2.csv,9405,arithmetic,gsm8k_test_1051,cal,remove,C2_answer_bearing,gsm8k_solution_frag
pairs_arith_v2.csv,9406,arithmetic,gsm8k_test_1051,cal,retain,H2_same_template,gsmplus_numerical_substitution
pairs_arith_v2.csv,9407,arithmetic,gsm8k_test_1051,cal,remove,C1_transformed,gsmplus_problem_understanding
pairs_arith_v2.csv,9408,arithmetic,gsm8k_test_1051,cal,retain,H2_same_template,gsmplus_critical_thinking
pairs_arith_v2.csv,9409,arithmetic,gsm8k_test_1051,cal,retain,H1_same_topic,svamp
pairs_arith_v2.csv,9410,arithmetic,gsm8k_test_1051,cal,retain,H3_predating,asdiv
pairs_arith_v2.csv,9411,arithmetic,gsm8k_test_1051,cal,retain,R_random,truthfulqa
pairs_arith_v2.csv,9439,arithmetic,gsm8k_test_1055,cal,remove,C0_exact,gsm8k_copy
pairs_arith_v2.csv,9440,arithmetic,gsm8k_test_1055,cal,remove,C1_transformed,lmsys_rephrase
pairs_arith_v2.csv,9441,arithmetic,gsm8k_test_1055,cal,remove,C2_answer_bearing,gsm8k_solution_frag
pairs_arith_v2.csv,9442,arithmetic,gsm8k_test_1055,cal,retain,H2_same_template,gsmplus_numerical_substitution
pairs_arith_v2.csv,9443,arithmetic,gsm8k_test_1055,cal,remove,C1_transformed,gsmplus_problem_understanding
pairs_arith_v2.csv,9444,arithmetic,gsm8k_test_1055,cal,retain,H2_same_template,gsmplus_critical_thinking
pairs_arith_v2.csv,9445,arithmetic,gsm8k_test_1055,cal,retain,H1_same_topic,svamp
pairs_arith_v2.csv,9446,arithmetic,gsm8k_test_1055,cal,retain,H3_predating,asdiv
pairs_arith_v2.csv,9447,arithmetic,gsm8k_test_1055,cal,retain,R_random,truthfulqa
pairs_arith_v2.csv,9448,arithmetic,gsm8k_test_1056,cal,remove,C0_exact,gsm8k_copy
pairs_arith_v2.csv,9449,arithmetic,gsm8k_test_1056,cal,remove,C1_transformed,lmsys_rephrase
pairs_arith_v2.csv,9450,arithmetic,gsm8k_test_1056,cal,remove,C2_answer_bearing,gsm8k_solution_frag
pairs_arith_v2.csv,9451,arithmetic,gsm8k_test_1056,cal,remove,C1_transformed,gsmplus_problem_understanding
pairs_arith_v2.csv,9452,arithmetic,gsm8k_test_1056,cal,retain,H2_same_template,gsmplus_critical_thinking
pairs_arith_v2.csv,9453,arithmetic,gsm8k_test_1056,cal,retain,H1_same_topic,svamp
pairs_arith_v2.csv,9454,arithmetic,gsm8k_test_1056,cal,retain,H3_predating,asdiv
pairs_arith_v2.csv,9455,arithmetic,gsm8k_test_1056,cal,retain,R_random,truthfulqa
pairs_arith_v2.csv,9474,arithmetic,gsm8k_test_1059,cal,remove,C0_exact,gsm8k_copy
pairs_arith_v2.csv,9475,arithmetic,gsm8k_test_1059,cal,remove,C1_transformed,lmsys_rephrase
pairs_arith_v2.csv,9476,arithmetic,gsm8k_test_1059,cal,remove,C2_answer_bearing,gsm8k_solution_frag
pairs_arith_v2.csv,9477,arithmetic,gsm8k_test_1059,cal,remove,C1_transformed,gsmplus_problem_understanding
pairs_arith_v2.csv,9478,arithmetic,gsm8k_test_1059,cal,retain,H2_same_template,gsmplus_critical_thinking
pairs_arith_v2.csv,9479,arithmetic,gsm8k_test_1059,cal,retain,H1_same_topic,svamp
pairs_arith_v2.csv,9480,arithmetic,gsm8k_test_1059,cal,retain,H3_predating,asdiv
pairs_arith_v2.csv,9481,arithmetic,gsm8k_test_1059,cal,retain,R_random,truthfulqa
pairs_arith_v2.csv,9482,arithmetic,gsm8k_test_1060,cal,remove,C0_exact,gsm8k_copy
pairs_arith_v2.csv,9483,arithmetic,gsm8k_test_1060,cal,remove,C1_transformed,lmsys_rephrase
pairs_arith_v2.csv,9484,arithmetic,gsm8k_test_1060,cal,remove,C2_answer_bearing,gsm8k_solution_frag
pairs_arith_v2.csv,9485,arithmetic,gsm8k_test_1060,cal,retain,H2_same_template,gsmplus_numerical_substitution
pairs_arith_v2.csv,9486,arithmetic,gsm8k_test_1060,cal,remove,C1_transformed,gsmplus_problem_understanding
pairs_arith_v2.csv,9487,arithmetic,gsm8k_test_1060,cal,retain,H2_same_template,gsmplus_critical_thinking
pairs_arith_v2.csv,9488,arithmetic,gsm8k_test_1060,cal,retain,H1_same_topic,svamp
pairs_arith_v2.csv,9489,arithmetic,gsm8k_test_1060,cal,retain,H3_predating,asdiv
pairs_arith_v2.csv,9490,arithmetic,gsm8k_test_1060,cal,retain,R_random,truthfulqa
pairs_arith_v2.csv,9500,arithmetic,gsm8k_test_1062,cal,remove,C0_exact,gsm8k_copy
pairs_arith_v2.csv,9501,arithmetic,gsm8k_test_1062,cal,remove,C1_transformed,lmsys_rephrase
pairs_arith_v2.csv,9502,arithmetic,gsm8k_test_1062,cal,remove,C2_answer_bearing,gsm8k_solution_frag
pairs_arith_v2.csv,9503,arithmetic,gsm8k_test_1062,cal,retain,H2_same_template,gsmplus_numerical_substitution
pairs_arith_v2.csv,9504,arithmetic,gsm8k_test_1062,cal,remove,C1_transformed,gsmplus_problem_understanding
pairs_arith_v2.csv,9505,arithmetic,gsm8k_test_1062,cal,retain,H2_same_template,gsmplus_critical_thinking
pairs_arith_v2.csv,9506,arithmetic,gsm8k_test_1062,cal,retain,H1_same_topic,svamp
pairs_arith_v2.csv,9507,arithmetic,gsm8k_test_1062,cal,retain,H3_predating,asdiv
pairs_arith_v2.csv,9508,arithmetic,gsm8k_test_1062,cal,retain,R_random,truthfulqa
pairs_arith_v2.csv,9545,arithmetic,gsm8k_test_1067,cal,remove,C0_exact,gsm8k_copy
pairs_arith_v2.csv,9546,arithmetic,gsm8k_test_1067,cal,remove,C1_transformed,lmsys_rephrase
pairs_arith_v2.csv,9547,arithmetic,gsm8k_test_1067,cal,remove,C2_answer_bearing,gsm8k_solution_frag
pairs_arith_v2.csv,9548,arithmetic,gsm8k_test_1067,cal,retain,H2_same_template,gsmplus_numerical_substitution
pairs_arith_v2.csv,9549,arithmetic,gsm8k_test_1067,cal,remove,C1_transformed,gsmplus_problem_understanding
pairs_arith_v2.csv,9550,arithmetic,gsm8k_test_1067,cal,retain,H2_same_template,gsmplus_critical_thinking
pairs_arith_v2.csv,9551,arithmetic,gsm8k_test_1067,cal,retain,H1_same_topic,svamp
pairs_arith_v2.csv,9552,arithmetic,gsm8k_test_1067,cal,retain,H3_predating,asdiv
pairs_arith_v2.csv,9553,arithmetic,gsm8k_test_1067,cal,retain,R_random,truthfulqa
pairs_arith_v2.csv,9634,arithmetic,gsm8k_test_1077,cal,remove,C0_exact,gsm8k_copy
pairs_arith_v2.csv,9635,arithmetic,gsm8k_test_1077,cal,remove,C1_transformed,lmsys_rephrase
pairs_arith_v2.csv,9636,arithmetic,gsm8k_test_1077,cal,remove,C2_answer_bearing,gsm8k_solution_frag
pairs_arith_v2.csv,9637,arithmetic,gsm8k_test_1077,cal,retain,H2_same_template,gsmplus_numerical_substitution
pairs_arith_v2.csv,9638,arithmetic,gsm8k_test_1077,cal,remove,C1_transformed,gsmplus_problem_understanding
pairs_arith_v2.csv,9639,arithmetic,gsm8k_test_1077,cal,retain,H2_same_template,gsmplus_critical_thinking
pairs_arith_v2.csv,9640,arithmetic,gsm8k_test_1077,cal,retain,H1_same_topic,svamp
pairs_arith_v2.csv,9641,arithmetic,gsm8k_test_1077,cal,retain,H3_predating,asdiv
pairs_arith_v2.csv,9642,arithmetic,gsm8k_test_1077,cal,retain,R_random,truthfulqa
pairs_arith_v2.csv,9652,arithmetic,gsm8k_test_1079,cal,remove,C0_exact,gsm8k_copy
pairs_arith_v2.csv,9653,arithmetic,gsm8k_test_1079,cal,remove,C1_transformed,lmsys_rephrase
pairs_arith_v2.csv,9654,arithmetic,gsm8k_test_1079,cal,remove,C2_answer_bearing,gsm8k_solution_frag
pairs_arith_v2.csv,9655,arithmetic,gsm8k_test_1079,cal,retain,H2_same_template,gsmplus_numerical_substitution
pairs_arith_v2.csv,9656,arithmetic,gsm8k_test_1079,cal,remove,C1_transformed,gsmplus_problem_understanding
pairs_arith_v2.csv,9657,arithmetic,gsm8k_test_1079,cal,retain,H2_same_template,gsmplus_critical_thinking
pairs_arith_v2.csv,9658,arithmetic,gsm8k_test_1079,cal,retain,H1_same_topic,svamp
pairs_arith_v2.csv,9659,arithmetic,gsm8k_test_1079,cal,retain,H3_predating,asdiv
pairs_arith_v2.csv,9660,arithmetic,gsm8k_test_1079,cal,retain,R_random,truthfulqa
pairs_arith_v2.csv,9670,arithmetic,gsm8k_test_1081,cal,remove,C0_exact,gsm8k_copy
pairs_arith_v2.csv,9671,arithmetic,gsm8k_test_1081,cal,remove,C1_transformed,lmsys_rephrase
pairs_arith_v2.csv,9672,arithmetic,gsm8k_test_1081,cal,remove,C2_answer_bearing,gsm8k_solution_frag
pairs_arith_v2.csv,9673,arithmetic,gsm8k_test_1081,cal,retain,H2_same_template,gsmplus_numerical_substitution
pairs_arith_v2.csv,9674,arithmetic,gsm8k_test_1081,cal,remove,C1_transformed,gsmplus_problem_understanding
pairs_arith_v2.csv,9675,arithmetic,gsm8k_test_1081,cal,retain,H2_same_template,gsmplus_critical_thinking
pairs_arith_v2.csv,9676,arithmetic,gsm8k_test_1081,cal,retain,H1_same_topic,svamp
pairs_arith_v2.csv,9677,arithmetic,gsm8k_test_1081,cal,retain,H3_predating,asdiv
pairs_arith_v2.csv,9678,arithmetic,gsm8k_test_1081,cal,retain,R_random,truthfulqa
pairs_arith_v2.csv,9688,arithmetic,gsm8k_test_1083,cal,remove,C0_exact,gsm8k_copy
pairs_arith_v2.csv,9689,arithmetic,gsm8k_test_1083,cal,remove,C1_transformed,lmsys_rephrase
pairs_arith_v2.csv,9690,arithmetic,gsm8k_test_1083,cal,remove,C2_answer_bearing,gsm8k_solution_frag
pairs_arith_v2.csv,9691,arithmetic,gsm8k_test_1083,cal,retain,H2_same_template,gsmplus_numerical_substitution
pairs_arith_v2.csv,9692,arithmetic,gsm8k_test_1083,cal,remove,C1_transformed,gsmplus_problem_understanding
pairs_arith_v2.csv,9693,arithmetic,gsm8k_test_1083,cal,retain,H2_same_template,gsmplus_critical_thinking
pairs_arith_v2.csv,9694,arithmetic,gsm8k_test_1083,cal,retain,H1_same_topic,svamp
pairs_arith_v2.csv,9695,arithmetic,gsm8k_test_1083,cal,retain,H3_predating,asdiv
pairs_arith_v2.csv,9696,arithmetic,gsm8k_test_1083,cal,retain,R_random,truthfulqa
pairs_arith_v2.csv,9742,arithmetic,gsm8k_test_1089,cal,remove,C0_exact,gsm8k_copy
pairs_arith_v2.csv,9743,arithmetic,gsm8k_test_1089,cal,remove,C1_transformed,lmsys_rephrase
pairs_arith_v2.csv,9744,arithmetic,gsm8k_test_1089,cal,remove,C2_answer_bearing,gsm8k_solution_frag
pairs_arith_v2.csv,9745,arithmetic,gsm8k_test_1089,cal,retain,H2_same_template,gsmplus_numerical_substitution
pairs_arith_v2.csv,9746,arithmetic,gsm8k_test_1089,cal,remove,C1_transformed,gsmplus_problem_understanding
pairs_arith_v2.csv,9747,arithmetic,gsm8k_test_1089,cal,retain,H2_same_template,gsmplus_critical_thinking
pairs_arith_v2.csv,9748,arithmetic,gsm8k_test_1089,cal,retain,H1_same_topic,svamp
pairs_arith_v2.csv,9749,arithmetic,gsm8k_test_1089,cal,retain,H3_predating,asdiv
pairs_arith_v2.csv,9750,arithmetic,gsm8k_test_1089,cal,retain,R_random,truthfulqa
pairs_arith_v2.csv,9760,arithmetic,gsm8k_test_1091,cal,remove,C0_exact,gsm8k_copy
pairs_arith_v2.csv,9761,arithmetic,gsm8k_test_1091,cal,remove,C1_transformed,lmsys_rephrase
pairs_arith_v2.csv,9762,arithmetic,gsm8k_test_1091,cal,remove,C2_answer_bearing,gsm8k_solution_frag
pairs_arith_v2.csv,9763,arithmetic,gsm8k_test_1091,cal,retain,H2_same_template,gsmplus_numerical_substitution
pairs_arith_v2.csv,9764,arithmetic,gsm8k_test_1091,cal,remove,C1_transformed,gsmplus_problem_understanding
pairs_arith_v2.csv,9765,arithmetic,gsm8k_test_1091,cal,retain,H2_same_template,gsmplus_critical_thinking
pairs_arith_v2.csv,9766,arithmetic,gsm8k_test_1091,cal,retain,H1_same_topic,svamp
pairs_arith_v2.csv,9767,arithmetic,gsm8k_test_1091,cal,retain,H3_predating,asdiv
pairs_arith_v2.csv,9768,arithmetic,gsm8k_test_1091,cal,retain,R_random,truthfulqa
pairs_arith_v2.csv,9778,arithmetic,gsm8k_test_1093,cal,remove,C0_exact,gsm8k_copy
pairs_arith_v2.csv,9779,arithmetic,gsm8k_test_1093,cal,remove,C1_transformed,lmsys_rephrase
pairs_arith_v2.csv,9780,arithmetic,gsm8k_test_1093,cal,remove,C2_answer_bearing,gsm8k_solution_frag
pairs_arith_v2.csv,9781,arithmetic,gsm8k_test_1093,cal,retain,H2_same_template,gsmplus_numerical_substitution
pairs_arith_v2.csv,9782,arithmetic,gsm8k_test_1093,cal,remove,C1_transformed,gsmplus_problem_understanding
pairs_arith_v2.csv,9783,arithmetic,gsm8k_test_1093,cal,retain,H2_same_template,gsmplus_critical_thinking
pairs_arith_v2.csv,9784,arithmetic,gsm8k_test_1093,cal,retain,H1_same_topic,svamp
pairs_arith_v2.csv,9785,arithmetic,gsm8k_test_1093,cal,retain,H3_predating,asdiv
pairs_arith_v2.csv,9786,arithmetic,gsm8k_test_1093,cal,retain,R_random,truthfulqa
pairs_arith_v2.csv,9787,arithmetic,gsm8k_test_1094,cal,remove,C0_exact,gsm8k_copy
pairs_arith_v2.csv,9788,arithmetic,gsm8k_test_1094,cal,remove,C1_transformed,lmsys_rephrase
pairs_arith_v2.csv,9789,arithmetic,gsm8k_test_1094,cal,remove,C2_answer_bearing,gsm8k_solution_frag
pairs_arith_v2.csv,9790,arithmetic,gsm8k_test_1094,cal,retain,H2_same_template,gsmplus_numerical_substitution
pairs_arith_v2.csv,9791,arithmetic,gsm8k_test_1094,cal,remove,C1_transformed,gsmplus_problem_understanding
pairs_arith_v2.csv,9792,arithmetic,gsm8k_test_1094,cal,retain,H2_same_template,gsmplus_critical_thinking
pairs_arith_v2.csv,9793,arithmetic,gsm8k_test_1094,cal,retain,H1_same_topic,svamp
pairs_arith_v2.csv,9794,arithmetic,gsm8k_test_1094,cal,retain,H3_predating,asdiv
pairs_arith_v2.csv,9795,arithmetic,gsm8k_test_1094,cal,retain,R_random,truthfulqa
pairs_arith_v2.csv,9796,arithmetic,gsm8k_test_1095,cal,remove,C0_exact,gsm8k_copy
pairs_arith_v2.csv,9797,arithmetic,gsm8k_test_1095,cal,remove,C1_transformed,lmsys_rephrase
pairs_arith_v2.csv,9798,arithmetic,gsm8k_test_1095,cal,remove,C2_answer_bearing,gsm8k_solution_frag
pairs_arith_v2.csv,9799,arithmetic,gsm8k_test_1095,cal,retain,H2_same_template,gsmplus_numerical_substitution
pairs_arith_v2.csv,9800,arithmetic,gsm8k_test_1095,cal,remove,C1_transformed,gsmplus_problem_understanding
pairs_arith_v2.csv,9801,arithmetic,gsm8k_test_1095,cal,retain,H2_same_template,gsmplus_critical_thinking
pairs_arith_v2.csv,9802,arithmetic,gsm8k_test_1095,cal,retain,H1_same_topic,svamp
pairs_arith_v2.csv,9803,arithmetic,gsm8k_test_1095,cal,retain,H3_predating,asdiv
pairs_arith_v2.csv,9804,arithmetic,gsm8k_test_1095,cal,retain,R_random,truthfulqa
pairs_arith_v2.csv,9814,arithmetic,gsm8k_test_1097,cal,remove,C0_exact,gsm8k_copy
pairs_arith_v2.csv,9815,arithmetic,gsm8k_test_1097,cal,remove,C1_transformed,lmsys_rephrase
pairs_arith_v2.csv,9816,arithmetic,gsm8k_test_1097,cal,remove,C2_answer_bearing,gsm8k_solution_frag
pairs_arith_v2.csv,9817,arithmetic,gsm8k_test_1097,cal,retain,H2_same_template,gsmplus_numerical_substitution
pairs_arith_v2.csv,9818,arithmetic,gsm8k_test_1097,cal,remove,C1_transformed,gsmplus_problem_understanding
pairs_arith_v2.csv,9819,arithmetic,gsm8k_test_1097,cal,retain,H2_same_template,gsmplus_critical_thinking
pairs_arith_v2.csv,9820,arithmetic,gsm8k_test_1097,cal,retain,H1_same_topic,svamp
pairs_arith_v2.csv,9821,arithmetic,gsm8k_test_1097,cal,retain,H3_predating,asdiv
pairs_arith_v2.csv,9822,arithmetic,gsm8k_test_1097,cal,retain,R_random,truthfulqa
pairs_arith_v2.csv,9823,arithmetic,gsm8k_test_1098,cal,remove,C0_exact,gsm8k_copy
pairs_arith_v2.csv,9824,arithmetic,gsm8k_test_1098,cal,remove,C1_transformed,lmsys_rephrase
pairs_arith_v2.csv,9825,arithmetic,gsm8k_test_1098,cal,remove,C2_answer_bearing,gsm8k_solution_frag
pairs_arith_v2.csv,9826,arithmetic,gsm8k_test_1098,cal,retain,H2_same_template,gsmplus_numerical_substitution
pairs_arith_v2.csv,9827,arithmetic,gsm8k_test_1098,cal,remove,C1_transformed,gsmplus_problem_understanding
pairs_arith_v2.csv,9828,arithmetic,gsm8k_test_1098,cal,retain,H2_same_template,gsmplus_critical_thinking
pairs_arith_v2.csv,9829,arithmetic,gsm8k_test_1098,cal,retain,H1_same_topic,svamp
pairs_arith_v2.csv,9830,arithmetic,gsm8k_test_1098,cal,retain,H3_predating,asdiv
pairs_arith_v2.csv,9831,arithmetic,gsm8k_test_1098,cal,retain,R_random,truthfulqa
pairs_arith_v2.csv,9832,arithmetic,gsm8k_test_1099,cal,remove,C0_exact,gsm8k_copy
pairs_arith_v2.csv,9833,arithmetic,gsm8k_test_1099,cal,remove,C1_transformed,lmsys_rephrase
pairs_arith_v2.csv,9834,arithmetic,gsm8k_test_1099,cal,remove,C2_answer_bearing,gsm8k_solution_frag
pairs_arith_v2.csv,9835,arithmetic,gsm8k_test_1099,cal,retain,H2_same_template,gsmplus_numerical_substitution
pairs_arith_v2.csv,9836,arithmetic,gsm8k_test_1099,cal,remove,C1_transformed,gsmplus_problem_understanding
pairs_arith_v2.csv,9837,arithmetic,gsm8k_test_1099,cal,retain,H2_same_template,gsmplus_critical_thinking
pairs_arith_v2.csv,9838,arithmetic,gsm8k_test_1099,cal,retain,H1_same_topic,svamp
pairs_arith_v2.csv,9839,arithmetic,gsm8k_test_1099,cal,retain,H3_predating,asdiv
pairs_arith_v2.csv,9840,arithmetic,gsm8k_test_1099,cal,retain,R_random,truthfulqa
pairs_arith_v2.csv,9913,arithmetic,gsm8k_test_1108,cal,remove,C0_exact,gsm8k_copy
pairs_arith_v2.csv,9914,arithmetic,gsm8k_test_1108,cal,remove,C1_transformed,lmsys_rephrase
pairs_arith_v2.csv,9915,arithmetic,gsm8k_test_1108,cal,remove,C2_answer_bearing,gsm8k_solution_frag
pairs_arith_v2.csv,9916,arithmetic,gsm8k_test_1108,cal,remove,C1_transformed,gsmplus_problem_understanding
pairs_arith_v2.csv,9917,arithmetic,gsm8k_test_1108,cal,retain,H2_same_template,gsmplus_critical_thinking
pairs_arith_v2.csv,9918,arithmetic,gsm8k_test_1108,cal,retain,H1_same_topic,svamp
pairs_arith_v2.csv,9919,arithmetic,gsm8k_test_1108,cal,retain,H3_predating,asdiv
pairs_arith_v2.csv,9920,arithmetic,gsm8k_test_1108,cal,retain,R_random,truthfulqa
pairs_arith_v2.csv,9939,arithmetic,gsm8k_test_1111,cal,remove,C0_exact,gsm8k_copy
pairs_arith_v2.csv,9940,arithmetic,gsm8k_test_1111,cal,remove,C1_transformed,lmsys_rephrase
pairs_arith_v2.csv,9941,arithmetic,gsm8k_test_1111,cal,remove,C2_answer_bearing,gsm8k_solution_frag
pairs_arith_v2.csv,9942,arithmetic,gsm8k_test_1111,cal,retain,H2_same_template,gsmplus_numerical_substitution
pairs_arith_v2.csv,9943,arithmetic,gsm8k_test_1111,cal,remove,C1_transformed,gsmplus_problem_understanding
pairs_arith_v2.csv,9944,arithmetic,gsm8k_test_1111,cal,retain,H2_same_template,gsmplus_critical_thinking
pairs_arith_v2.csv,9945,arithmetic,gsm8k_test_1111,cal,retain,H1_same_topic,svamp
pairs_arith_v2.csv,9946,arithmetic,gsm8k_test_1111,cal,retain,H3_predating,asdiv
pairs_arith_v2.csv,9947,arithmetic,gsm8k_test_1111,cal,retain,R_random,truthfulqa
pairs_arith_v2.csv,9975,arithmetic,gsm8k_test_1115,cal,remove,C0_exact,gsm8k_copy
pairs_arith_v2.csv,9976,arithmetic,gsm8k_test_1115,cal,remove,C1_transformed,lmsys_rephrase
pairs_arith_v2.csv,9977,arithmetic,gsm8k_test_1115,cal,remove,C2_answer_bearing,gsm8k_solution_frag
pairs_arith_v2.csv,9978,arithmetic,gsm8k_test_1115,cal,retain,H2_same_template,gsmplus_numerical_substitution
pairs_arith_v2.csv,9979,arithmetic,gsm8k_test_1115,cal,remove,C1_transformed,gsmplus_problem_understanding
pairs_arith_v2.csv,9980,arithmetic,gsm8k_test_1115,cal,retain,H2_same_template,gsmplus_critical_thinking
pairs_arith_v2.csv,9981,arithmetic,gsm8k_test_1115,cal,retain,H1_same_topic,svamp
pairs_arith_v2.csv,9982,arithmetic,gsm8k_test_1115,cal,retain,H3_predating,asdiv
pairs_arith_v2.csv,9983,arithmetic,gsm8k_test_1115,cal,retain,R_random,truthfulqa
pairs_arith_v2.csv,9984,arithmetic,gsm8k_test_1116,cal,remove,C0_exact,gsm8k_copy
pairs_arith_v2.csv,9985,arithmetic,gsm8k_test_1116,cal,remove,C1_transformed,lmsys_rephrase
pairs_arith_v2.csv,9986,arithmetic,gsm8k_test_1116,cal,remove,C2_answer_bearing,gsm8k_solution_frag
pairs_arith_v2.csv,9987,arithmetic,gsm8k_test_1116,cal,retain,H2_same_template,gsmplus_numerical_substitution
pairs_arith_v2.csv,9988,arithmetic,gsm8k_test_1116,cal,remove,C1_transformed,gsmplus_problem_understanding
pairs_arith_v2.csv,9989,arithmetic,gsm8k_test_1116,cal,retain,H2_same_template,gsmplus_critical_thinking
pairs_arith_v2.csv,9990,arithmetic,gsm8k_test_1116,cal,retain,H1_same_topic,svamp
pairs_arith_v2.csv,9991,arithmetic,gsm8k_test_1116,cal,retain,H3_predating,asdiv
pairs_arith_v2.csv,9992,arithmetic,gsm8k_test_1116,cal,retain,R_random,truthfulqa
pairs_arith_v2.csv,10046,arithmetic,gsm8k_test_1123,cal,remove,C0_exact,gsm8k_copy
pairs_arith_v2.csv,10047,arithmetic,gsm8k_test_1123,cal,remove,C1_transformed,lmsys_rephrase
pairs_arith_v2.csv,10048,arithmetic,gsm8k_test_1123,cal,remove,C2_answer_bearing,gsm8k_solution_frag
pairs_arith_v2.csv,10049,arithmetic,gsm8k_test_1123,cal,retain,H2_same_template,gsmplus_numerical_substitution
pairs_arith_v2.csv,10050,arithmetic,gsm8k_test_1123,cal,remove,C1_transformed,gsmplus_problem_understanding
pairs_arith_v2.csv,10051,arithmetic,gsm8k_test_1123,cal,retain,H2_same_template,gsmplus_critical_thinking
pairs_arith_v2.csv,10052,arithmetic,gsm8k_test_1123,cal,retain,H1_same_topic,svamp
pairs_arith_v2.csv,10053,arithmetic,gsm8k_test_1123,cal,retain,H3_predating,asdiv
pairs_arith_v2.csv,10054,arithmetic,gsm8k_test_1123,cal,retain,R_random,truthfulqa
pairs_arith_v2.csv,10055,arithmetic,gsm8k_test_1124,cal,remove,C0_exact,gsm8k_copy
pairs_arith_v2.csv,10056,arithmetic,gsm8k_test_1124,cal,remove,C1_transformed,lmsys_rephrase
pairs_arith_v2.csv,10057,arithmetic,gsm8k_test_1124,cal,remove,C2_answer_bearing,gsm8k_solution_frag
pairs_arith_v2.csv,10058,arithmetic,gsm8k_test_1124,cal,retain,H2_same_template,gsmplus_numerical_substitution
pairs_arith_v2.csv,10059,arithmetic,gsm8k_test_1124,cal,remove,C1_transformed,gsmplus_problem_understanding
pairs_arith_v2.csv,10060,arithmetic,gsm8k_test_1124,cal,retain,H2_same_template,gsmplus_critical_thinking
pairs_arith_v2.csv,10061,arithmetic,gsm8k_test_1124,cal,retain,H1_same_topic,svamp
pairs_arith_v2.csv,10062,arithmetic,gsm8k_test_1124,cal,retain,H3_predating,asdiv
pairs_arith_v2.csv,10063,arithmetic,gsm8k_test_1124,cal,retain,R_random,truthfulqa
pairs_arith_v2.csv,10064,arithmetic,gsm8k_test_1125,cal,remove,C0_exact,gsm8k_copy
pairs_arith_v2.csv,10065,arithmetic,gsm8k_test_1125,cal,remove,C1_transformed,lmsys_rephrase
pairs_arith_v2.csv,10066,arithmetic,gsm8k_test_1125,cal,remove,C2_answer_bearing,gsm8k_solution_frag
pairs_arith_v2.csv,10067,arithmetic,gsm8k_test_1125,cal,retain,H2_same_template,gsmplus_numerical_substitution
pairs_arith_v2.csv,10068,arithmetic,gsm8k_test_1125,cal,remove,C1_transformed,gsmplus_problem_understanding
pairs_arith_v2.csv,10069,arithmetic,gsm8k_test_1125,cal,retain,H2_same_template,gsmplus_critical_thinking
pairs_arith_v2.csv,10070,arithmetic,gsm8k_test_1125,cal,retain,H1_same_topic,svamp
pairs_arith_v2.csv,10071,arithmetic,gsm8k_test_1125,cal,retain,H3_predating,asdiv
pairs_arith_v2.csv,10072,arithmetic,gsm8k_test_1125,cal,retain,R_random,truthfulqa
pairs_arith_v2.csv,10099,arithmetic,gsm8k_test_1129,cal,remove,C0_exact,gsm8k_copy
pairs_arith_v2.csv,10100,arithmetic,gsm8k_test_1129,cal,remove,C1_transformed,lmsys_rephrase
pairs_arith_v2.csv,10101,arithmetic,gsm8k_test_1129,cal,remove,C2_answer_bearing,gsm8k_solution_frag
pairs_arith_v2.csv,10102,arithmetic,gsm8k_test_1129,cal,retain,H2_same_template,gsmplus_numerical_substitution
pairs_arith_v2.csv,10103,arithmetic,gsm8k_test_1129,cal,remove,C1_transformed,gsmplus_problem_understanding
pairs_arith_v2.csv,10104,arithmetic,gsm8k_test_1129,cal,retain,H2_same_template,gsmplus_critical_thinking
pairs_arith_v2.csv,10105,arithmetic,gsm8k_test_1129,cal,retain,H1_same_topic,svamp
pairs_arith_v2.csv,10106,arithmetic,gsm8k_test_1129,cal,retain,H3_predating,asdiv
pairs_arith_v2.csv,10107,arithmetic,gsm8k_test_1129,cal,retain,R_random,truthfulqa
pairs_arith_v2.csv,10144,arithmetic,gsm8k_test_1134,cal,remove,C0_exact,gsm8k_copy
pairs_arith_v2.csv,10145,arithmetic,gsm8k_test_1134,cal,remove,C1_transformed,lmsys_rephrase
pairs_arith_v2.csv,10146,arithmetic,gsm8k_test_1134,cal,remove,C2_answer_bearing,gsm8k_solution_frag
pairs_arith_v2.csv,10147,arithmetic,gsm8k_test_1134,cal,retain,H2_same_template,gsmplus_numerical_substitution
pairs_arith_v2.csv,10148,arithmetic,gsm8k_test_1134,cal,remove,C1_transformed,gsmplus_problem_understanding
pairs_arith_v2.csv,10149,arithmetic,gsm8k_test_1134,cal,retain,H2_same_template,gsmplus_critical_thinking
pairs_arith_v2.csv,10150,arithmetic,gsm8k_test_1134,cal,retain,H1_same_topic,svamp
pairs_arith_v2.csv,10151,arithmetic,gsm8k_test_1134,cal,retain,H3_predating,asdiv
pairs_arith_v2.csv,10152,arithmetic,gsm8k_test_1134,cal,retain,R_random,truthfulqa
pairs_arith_v2.csv,10162,arithmetic,gsm8k_test_1136,cal,remove,C0_exact,gsm8k_copy
pairs_arith_v2.csv,10163,arithmetic,gsm8k_test_1136,cal,remove,C1_transformed,lmsys_rephrase
pairs_arith_v2.csv,10164,arithmetic,gsm8k_test_1136,cal,remove,C2_answer_bearing,gsm8k_solution_frag
pairs_arith_v2.csv,10165,arithmetic,gsm8k_test_1136,cal,retain,H2_same_template,gsmplus_numerical_substitution
pairs_arith_v2.csv,10166,arithmetic,gsm8k_test_1136,cal,remove,C1_transformed,gsmplus_problem_understanding
pairs_arith_v2.csv,10167,arithmetic,gsm8k_test_1136,cal,retain,H2_same_template,gsmplus_critical_thinking
pairs_arith_v2.csv,10168,arithmetic,gsm8k_test_1136,cal,retain,H1_same_topic,svamp
pairs_arith_v2.csv,10169,arithmetic,gsm8k_test_1136,cal,retain,H3_predating,asdiv
pairs_arith_v2.csv,10170,arithmetic,gsm8k_test_1136,cal,retain,R_random,truthfulqa
pairs_arith_v2.csv,10207,arithmetic,gsm8k_test_1141,cal,remove,C0_exact,gsm8k_copy
pairs_arith_v2.csv,10208,arithmetic,gsm8k_test_1141,cal,remove,C1_transformed,lmsys_rephrase
pairs_arith_v2.csv,10209,arithmetic,gsm8k_test_1141,cal,remove,C2_answer_bearing,gsm8k_solution_frag
pairs_arith_v2.csv,10210,arithmetic,gsm8k_test_1141,cal,retain,H2_same_template,gsmplus_numerical_substitution
pairs_arith_v2.csv,10211,arithmetic,gsm8k_test_1141,cal,remove,C1_transformed,gsmplus_problem_understanding
pairs_arith_v2.csv,10212,arithmetic,gsm8k_test_1141,cal,retain,H2_same_template,gsmplus_critical_thinking
pairs_arith_v2.csv,10213,arithmetic,gsm8k_test_1141,cal,retain,H1_same_topic,svamp
pairs_arith_v2.csv,10214,arithmetic,gsm8k_test_1141,cal,retain,H3_predating,asdiv
pairs_arith_v2.csv,10215,arithmetic,gsm8k_test_1141,cal,retain,R_random,truthfulqa
pairs_arith_v2.csv,10216,arithmetic,gsm8k_test_1142,cal,remove,C0_exact,gsm8k_copy
pairs_arith_v2.csv,10217,arithmetic,gsm8k_test_1142,cal,remove,C1_transformed,lmsys_rephrase
pairs_arith_v2.csv,10218,arithmetic,gsm8k_test_1142,cal,remove,C2_answer_bearing,gsm8k_solution_frag
pairs_arith_v2.csv,10219,arithmetic,gsm8k_test_1142,cal,retain,H2_same_template,gsmplus_numerical_substitution
pairs_arith_v2.csv,10220,arithmetic,gsm8k_test_1142,cal,remove,C1_transformed,gsmplus_problem_understanding
pairs_arith_v2.csv,10221,arithmetic,gsm8k_test_1142,cal,retain,H2_same_template,gsmplus_critical_thinking
pairs_arith_v2.csv,10222,arithmetic,gsm8k_test_1142,cal,retain,H1_same_topic,svamp
pairs_arith_v2.csv,10223,arithmetic,gsm8k_test_1142,cal,retain,H3_predating,asdiv
pairs_arith_v2.csv,10224,arithmetic,gsm8k_test_1142,cal,retain,R_random,truthfulqa
pairs_arith_v2.csv,10261,arithmetic,gsm8k_test_1147,cal,remove,C0_exact,gsm8k_copy
pairs_arith_v2.csv,10262,arithmetic,gsm8k_test_1147,cal,remove,C1_transformed,lmsys_rephrase
pairs_arith_v2.csv,10263,arithmetic,gsm8k_test_1147,cal,remove,C2_answer_bearing,gsm8k_solution_frag
pairs_arith_v2.csv,10264,arithmetic,gsm8k_test_1147,cal,remove,C1_transformed,gsmplus_problem_understanding
pairs_arith_v2.csv,10265,arithmetic,gsm8k_test_1147,cal,retain,H2_same_template,gsmplus_critical_thinking
pairs_arith_v2.csv,10266,arithmetic,gsm8k_test_1147,cal,retain,H1_same_topic,svamp
pairs_arith_v2.csv,10267,arithmetic,gsm8k_test_1147,cal,retain,H3_predating,asdiv
pairs_arith_v2.csv,10268,arithmetic,gsm8k_test_1147,cal,retain,R_random,truthfulqa
pairs_arith_v2.csv,10304,arithmetic,gsm8k_test_1152,cal,remove,C0_exact,gsm8k_copy
pairs_arith_v2.csv,10305,arithmetic,gsm8k_test_1152,cal,remove,C1_transformed,lmsys_rephrase
pairs_arith_v2.csv,10306,arithmetic,gsm8k_test_1152,cal,remove,C2_answer_bearing,gsm8k_solution_frag
pairs_arith_v2.csv,10307,arithmetic,gsm8k_test_1152,cal,retain,H2_same_template,gsmplus_numerical_substitution
pairs_arith_v2.csv,10308,arithmetic,gsm8k_test_1152,cal,remove,C1_transformed,gsmplus_problem_understanding
pairs_arith_v2.csv,10309,arithmetic,gsm8k_test_1152,cal,retain,H2_same_template,gsmplus_critical_thinking
pairs_arith_v2.csv,10310,arithmetic,gsm8k_test_1152,cal,retain,H1_same_topic,svamp
pairs_arith_v2.csv,10311,arithmetic,gsm8k_test_1152,cal,retain,H3_predating,asdiv
pairs_arith_v2.csv,10312,arithmetic,gsm8k_test_1152,cal,retain,R_random,truthfulqa
pairs_arith_v2.csv,10331,arithmetic,gsm8k_test_1155,cal,remove,C0_exact,gsm8k_copy
pairs_arith_v2.csv,10332,arithmetic,gsm8k_test_1155,cal,remove,C1_transformed,lmsys_rephrase
pairs_arith_v2.csv,10333,arithmetic,gsm8k_test_1155,cal,remove,C2_answer_bearing,gsm8k_solution_frag
pairs_arith_v2.csv,10334,arithmetic,gsm8k_test_1155,cal,retain,H2_same_template,gsmplus_numerical_substitution
pairs_arith_v2.csv,10335,arithmetic,gsm8k_test_1155,cal,remove,C1_transformed,gsmplus_problem_understanding
pairs_arith_v2.csv,10336,arithmetic,gsm8k_test_1155,cal,retain,H2_same_template,gsmplus_critical_thinking
pairs_arith_v2.csv,10337,arithmetic,gsm8k_test_1155,cal,retain,H1_same_topic,svamp
pairs_arith_v2.csv,10338,arithmetic,gsm8k_test_1155,cal,retain,H3_predating,asdiv
pairs_arith_v2.csv,10339,arithmetic,gsm8k_test_1155,cal,retain,R_random,truthfulqa
pairs_arith_v2.csv,10384,arithmetic,gsm8k_test_1161,cal,remove,C0_exact,gsm8k_copy
pairs_arith_v2.csv,10385,arithmetic,gsm8k_test_1161,cal,remove,C1_transformed,lmsys_rephrase
pairs_arith_v2.csv,10386,arithmetic,gsm8k_test_1161,cal,remove,C2_answer_bearing,gsm8k_solution_frag
pairs_arith_v2.csv,10387,arithmetic,gsm8k_test_1161,cal,retain,H2_same_template,gsmplus_numerical_substitution
pairs_arith_v2.csv,10388,arithmetic,gsm8k_test_1161,cal,remove,C1_transformed,gsmplus_problem_understanding
pairs_arith_v2.csv,10389,arithmetic,gsm8k_test_1161,cal,retain,H2_same_template,gsmplus_critical_thinking
pairs_arith_v2.csv,10390,arithmetic,gsm8k_test_1161,cal,retain,H1_same_topic,svamp
pairs_arith_v2.csv,10391,arithmetic,gsm8k_test_1161,cal,retain,H3_predating,asdiv
pairs_arith_v2.csv,10392,arithmetic,gsm8k_test_1161,cal,retain,R_random,truthfulqa
pairs_arith_v2.csv,10402,arithmetic,gsm8k_test_1163,cal,remove,C0_exact,gsm8k_copy
pairs_arith_v2.csv,10403,arithmetic,gsm8k_test_1163,cal,remove,C1_transformed,lmsys_rephrase
pairs_arith_v2.csv,10404,arithmetic,gsm8k_test_1163,cal,remove,C2_answer_bearing,gsm8k_solution_frag
pairs_arith_v2.csv,10405,arithmetic,gsm8k_test_1163,cal,retain,H2_same_template,gsmplus_numerical_substitution
pairs_arith_v2.csv,10406,arithmetic,gsm8k_test_1163,cal,remove,C1_transformed,gsmplus_problem_understanding
pairs_arith_v2.csv,10407,arithmetic,gsm8k_test_1163,cal,retain,H2_same_template,gsmplus_critical_thinking
pairs_arith_v2.csv,10408,arithmetic,gsm8k_test_1163,cal,retain,H1_same_topic,svamp
pairs_arith_v2.csv,10409,arithmetic,gsm8k_test_1163,cal,retain,H3_predating,asdiv
pairs_arith_v2.csv,10410,arithmetic,gsm8k_test_1163,cal,retain,R_random,truthfulqa
pairs_arith_v2.csv,10456,arithmetic,gsm8k_test_1169,cal,remove,C0_exact,gsm8k_copy
pairs_arith_v2.csv,10457,arithmetic,gsm8k_test_1169,cal,remove,C1_transformed,lmsys_rephrase
pairs_arith_v2.csv,10458,arithmetic,gsm8k_test_1169,cal,remove,C2_answer_bearing,gsm8k_solution_frag
pairs_arith_v2.csv,10459,arithmetic,gsm8k_test_1169,cal,retain,H2_same_template,gsmplus_numerical_substitution
pairs_arith_v2.csv,10460,arithmetic,gsm8k_test_1169,cal,remove,C1_transformed,gsmplus_problem_understanding
pairs_arith_v2.csv,10461,arithmetic,gsm8k_test_1169,cal,retain,H2_same_template,gsmplus_critical_thinking
pairs_arith_v2.csv,10462,arithmetic,gsm8k_test_1169,cal,retain,H1_same_topic,svamp
pairs_arith_v2.csv,10463,arithmetic,gsm8k_test_1169,cal,retain,H3_predating,asdiv
pairs_arith_v2.csv,10464,arithmetic,gsm8k_test_1169,cal,retain,R_random,truthfulqa
pairs_arith_v2.csv,10474,arithmetic,gsm8k_test_1171,cal,remove,C0_exact,gsm8k_copy
pairs_arith_v2.csv,10475,arithmetic,gsm8k_test_1171,cal,remove,C1_transformed,lmsys_rephrase
pairs_arith_v2.csv,10476,arithmetic,gsm8k_test_1171,cal,remove,C2_answer_bearing,gsm8k_solution_frag
pairs_arith_v2.csv,10477,arithmetic,gsm8k_test_1171,cal,retain,H2_same_template,gsmplus_numerical_substitution
pairs_arith_v2.csv,10478,arithmetic,gsm8k_test_1171,cal,remove,C1_transformed,gsmplus_problem_understanding
pairs_arith_v2.csv,10479,arithmetic,gsm8k_test_1171,cal,retain,H2_same_template,gsmplus_critical_thinking
pairs_arith_v2.csv,10480,arithmetic,gsm8k_test_1171,cal,retain,H1_same_topic,svamp
pairs_arith_v2.csv,10481,arithmetic,gsm8k_test_1171,cal,retain,H3_predating,asdiv
pairs_arith_v2.csv,10482,arithmetic,gsm8k_test_1171,cal,retain,R_random,truthfulqa
pairs_arith_v2.csv,10501,arithmetic,gsm8k_test_1174,cal,remove,C0_exact,gsm8k_copy
pairs_arith_v2.csv,10502,arithmetic,gsm8k_test_1174,cal,remove,C1_transformed,lmsys_rephrase
pairs_arith_v2.csv,10503,arithmetic,gsm8k_test_1174,cal,remove,C2_answer_bearing,gsm8k_solution_frag
pairs_arith_v2.csv,10504,arithmetic,gsm8k_test_1174,cal,retain,H2_same_template,gsmplus_numerical_substitution
pairs_arith_v2.csv,10505,arithmetic,gsm8k_test_1174,cal,remove,C1_transformed,gsmplus_problem_understanding
pairs_arith_v2.csv,10506,arithmetic,gsm8k_test_1174,cal,retain,H2_same_template,gsmplus_critical_thinking
pairs_arith_v2.csv,10507,arithmetic,gsm8k_test_1174,cal,retain,H1_same_topic,svamp
pairs_arith_v2.csv,10508,arithmetic,gsm8k_test_1174,cal,retain,H3_predating,asdiv
pairs_arith_v2.csv,10509,arithmetic,gsm8k_test_1174,cal,retain,R_random,truthfulqa
pairs_arith_v2.csv,10528,arithmetic,gsm8k_test_1177,cal,remove,C0_exact,gsm8k_copy
pairs_arith_v2.csv,10529,arithmetic,gsm8k_test_1177,cal,remove,C1_transformed,lmsys_rephrase
pairs_arith_v2.csv,10530,arithmetic,gsm8k_test_1177,cal,remove,C2_answer_bearing,gsm8k_solution_frag
pairs_arith_v2.csv,10531,arithmetic,gsm8k_test_1177,cal,retain,H2_same_template,gsmplus_numerical_substitution
pairs_arith_v2.csv,10532,arithmetic,gsm8k_test_1177,cal,remove,C1_transformed,gsmplus_problem_understanding
pairs_arith_v2.csv,10533,arithmetic,gsm8k_test_1177,cal,retain,H2_same_template,gsmplus_critical_thinking
pairs_arith_v2.csv,10534,arithmetic,gsm8k_test_1177,cal,retain,H1_same_topic,svamp
pairs_arith_v2.csv,10535,arithmetic,gsm8k_test_1177,cal,retain,H3_predating,asdiv
pairs_arith_v2.csv,10536,arithmetic,gsm8k_test_1177,cal,retain,R_random,truthfulqa
pairs_arith_v2.csv,10562,arithmetic,gsm8k_test_1181,cal,remove,C0_exact,gsm8k_copy
pairs_arith_v2.csv,10563,arithmetic,gsm8k_test_1181,cal,remove,C1_transformed,lmsys_rephrase
pairs_arith_v2.csv,10564,arithmetic,gsm8k_test_1181,cal,remove,C2_answer_bearing,gsm8k_solution_frag
pairs_arith_v2.csv,10565,arithmetic,gsm8k_test_1181,cal,retain,H2_same_template,gsmplus_numerical_substitution
pairs_arith_v2.csv,10566,arithmetic,gsm8k_test_1181,cal,remove,C1_transformed,gsmplus_problem_understanding
pairs_arith_v2.csv,10567,arithmetic,gsm8k_test_1181,cal,retain,H2_same_template,gsmplus_critical_thinking
pairs_arith_v2.csv,10568,arithmetic,gsm8k_test_1181,cal,retain,H1_same_topic,svamp
pairs_arith_v2.csv,10569,arithmetic,gsm8k_test_1181,cal,retain,H3_predating,asdiv
pairs_arith_v2.csv,10570,arithmetic,gsm8k_test_1181,cal,retain,R_random,truthfulqa
pairs_arith_v2.csv,10588,arithmetic,gsm8k_test_1184,cal,remove,C0_exact,gsm8k_copy
pairs_arith_v2.csv,10589,arithmetic,gsm8k_test_1184,cal,remove,C1_transformed,lmsys_rephrase
pairs_arith_v2.csv,10590,arithmetic,gsm8k_test_1184,cal,remove,C2_answer_bearing,gsm8k_solution_frag
pairs_arith_v2.csv,10591,arithmetic,gsm8k_test_1184,cal,retain,H2_same_template,gsmplus_numerical_substitution
pairs_arith_v2.csv,10592,arithmetic,gsm8k_test_1184,cal,remove,C1_transformed,gsmplus_problem_understanding
pairs_arith_v2.csv,10593,arithmetic,gsm8k_test_1184,cal,retain,H2_same_template,gsmplus_critical_thinking
pairs_arith_v2.csv,10594,arithmetic,gsm8k_test_1184,cal,retain,H1_same_topic,svamp
pairs_arith_v2.csv,10595,arithmetic,gsm8k_test_1184,cal,retain,H3_predating,asdiv
pairs_arith_v2.csv,10596,arithmetic,gsm8k_test_1184,cal,retain,R_random,truthfulqa
pairs_arith_v2.csv,10615,arithmetic,gsm8k_test_1187,cal,remove,C0_exact,gsm8k_copy
pairs_arith_v2.csv,10616,arithmetic,gsm8k_test_1187,cal,remove,C1_transformed,lmsys_rephrase
pairs_arith_v2.csv,10617,arithmetic,gsm8k_test_1187,cal,remove,C2_answer_bearing,gsm8k_solution_frag
pairs_arith_v2.csv,10618,arithmetic,gsm8k_test_1187,cal,remove,C1_transformed,gsmplus_problem_understanding
pairs_arith_v2.csv,10619,arithmetic,gsm8k_test_1187,cal,retain,H2_same_template,gsmplus_critical_thinking
pairs_arith_v2.csv,10620,arithmetic,gsm8k_test_1187,cal,retain,H1_same_topic,svamp
pairs_arith_v2.csv,10621,arithmetic,gsm8k_test_1187,cal,retain,H3_predating,asdiv
pairs_arith_v2.csv,10622,arithmetic,gsm8k_test_1187,cal,retain,R_random,truthfulqa
pairs_arith_v2.csv,10659,arithmetic,gsm8k_test_1192,cal,remove,C0_exact,gsm8k_copy
pairs_arith_v2.csv,10660,arithmetic,gsm8k_test_1192,cal,remove,C1_transformed,lmsys_rephrase
pairs_arith_v2.csv,10661,arithmetic,gsm8k_test_1192,cal,remove,C2_answer_bearing,gsm8k_solution_frag
pairs_arith_v2.csv,10662,arithmetic,gsm8k_test_1192,cal,retain,H2_same_template,gsmplus_numerical_substitution
pairs_arith_v2.csv,10663,arithmetic,gsm8k_test_1192,cal,remove,C1_transformed,gsmplus_problem_understanding
pairs_arith_v2.csv,10664,arithmetic,gsm8k_test_1192,cal,retain,H2_same_template,gsmplus_critical_thinking
pairs_arith_v2.csv,10665,arithmetic,gsm8k_test_1192,cal,retain,H1_same_topic,svamp
pairs_arith_v2.csv,10666,arithmetic,gsm8k_test_1192,cal,retain,H3_predating,asdiv
pairs_arith_v2.csv,10667,arithmetic,gsm8k_test_1192,cal,retain,R_random,truthfulqa
pairs_arith_v2.csv,10748,arithmetic,gsm8k_test_1202,cal,remove,C0_exact,gsm8k_copy
pairs_arith_v2.csv,10749,arithmetic,gsm8k_test_1202,cal,remove,C1_transformed,lmsys_rephrase
pairs_arith_v2.csv,10750,arithmetic,gsm8k_test_1202,cal,remove,C2_answer_bearing,gsm8k_solution_frag
pairs_arith_v2.csv,10751,arithmetic,gsm8k_test_1202,cal,remove,C1_transformed,gsmplus_problem_understanding
pairs_arith_v2.csv,10752,arithmetic,gsm8k_test_1202,cal,retain,H2_same_template,gsmplus_critical_thinking
pairs_arith_v2.csv,10753,arithmetic,gsm8k_test_1202,cal,retain,H1_same_topic,svamp
pairs_arith_v2.csv,10754,arithmetic,gsm8k_test_1202,cal,retain,H3_predating,asdiv
pairs_arith_v2.csv,10755,arithmetic,gsm8k_test_1202,cal,retain,R_random,truthfulqa
pairs_arith_v2.csv,10783,arithmetic,gsm8k_test_1206,cal,remove,C0_exact,gsm8k_copy
pairs_arith_v2.csv,10784,arithmetic,gsm8k_test_1206,cal,remove,C1_transformed,lmsys_rephrase
pairs_arith_v2.csv,10785,arithmetic,gsm8k_test_1206,cal,remove,C2_answer_bearing,gsm8k_solution_frag
pairs_arith_v2.csv,10786,arithmetic,gsm8k_test_1206,cal,retain,H2_same_template,gsmplus_numerical_substitution
pairs_arith_v2.csv,10787,arithmetic,gsm8k_test_1206,cal,remove,C1_transformed,gsmplus_problem_understanding
pairs_arith_v2.csv,10788,arithmetic,gsm8k_test_1206,cal,retain,H2_same_template,gsmplus_critical_thinking
pairs_arith_v2.csv,10789,arithmetic,gsm8k_test_1206,cal,retain,H1_same_topic,svamp
pairs_arith_v2.csv,10790,arithmetic,gsm8k_test_1206,cal,retain,H3_predating,asdiv
pairs_arith_v2.csv,10791,arithmetic,gsm8k_test_1206,cal,retain,R_random,truthfulqa
pairs_arith_v2.csv,10792,arithmetic,gsm8k_test_1207,cal,remove,C0_exact,gsm8k_copy
pairs_arith_v2.csv,10793,arithmetic,gsm8k_test_1207,cal,remove,C1_transformed,lmsys_rephrase
pairs_arith_v2.csv,10794,arithmetic,gsm8k_test_1207,cal,remove,C2_answer_bearing,gsm8k_solution_frag
pairs_arith_v2.csv,10795,arithmetic,gsm8k_test_1207,cal,retain,H2_same_template,gsmplus_numerical_substitution
pairs_arith_v2.csv,10796,arithmetic,gsm8k_test_1207,cal,remove,C1_transformed,gsmplus_problem_understanding
pairs_arith_v2.csv,10797,arithmetic,gsm8k_test_1207,cal,retain,H2_same_template,gsmplus_critical_thinking
pairs_arith_v2.csv,10798,arithmetic,gsm8k_test_1207,cal,retain,H1_same_topic,svamp
pairs_arith_v2.csv,10799,arithmetic,gsm8k_test_1207,cal,retain,H3_predating,asdiv
pairs_arith_v2.csv,10800,arithmetic,gsm8k_test_1207,cal,retain,R_random,truthfulqa
pairs_arith_v2.csv,10810,arithmetic,gsm8k_test_1209,cal,remove,C0_exact,gsm8k_copy
pairs_arith_v2.csv,10811,arithmetic,gsm8k_test_1209,cal,remove,C1_transformed,lmsys_rephrase
pairs_arith_v2.csv,10812,arithmetic,gsm8k_test_1209,cal,remove,C2_answer_bearing,gsm8k_solution_frag
pairs_arith_v2.csv,10813,arithmetic,gsm8k_test_1209,cal,retain,H2_same_template,gsmplus_numerical_substitution
pairs_arith_v2.csv,10814,arithmetic,gsm8k_test_1209,cal,remove,C1_transformed,gsmplus_problem_understanding
pairs_arith_v2.csv,10815,arithmetic,gsm8k_test_1209,cal,retain,H2_same_template,gsmplus_critical_thinking
pairs_arith_v2.csv,10816,arithmetic,gsm8k_test_1209,cal,retain,H1_same_topic,svamp
pairs_arith_v2.csv,10817,arithmetic,gsm8k_test_1209,cal,retain,H3_predating,asdiv
pairs_arith_v2.csv,10818,arithmetic,gsm8k_test_1209,cal,retain,R_random,truthfulqa
pairs_arith_v2.csv,10819,arithmetic,gsm8k_test_1210,cal,remove,C0_exact,gsm8k_copy
pairs_arith_v2.csv,10820,arithmetic,gsm8k_test_1210,cal,remove,C1_transformed,lmsys_rephrase
pairs_arith_v2.csv,10821,arithmetic,gsm8k_test_1210,cal,remove,C2_answer_bearing,gsm8k_solution_frag
pairs_arith_v2.csv,10822,arithmetic,gsm8k_test_1210,cal,retain,H2_same_template,gsmplus_numerical_substitution
pairs_arith_v2.csv,10823,arithmetic,gsm8k_test_1210,cal,remove,C1_transformed,gsmplus_problem_understanding
pairs_arith_v2.csv,10824,arithmetic,gsm8k_test_1210,cal,retain,H2_same_template,gsmplus_critical_thinking
pairs_arith_v2.csv,10825,arithmetic,gsm8k_test_1210,cal,retain,H1_same_topic,svamp
pairs_arith_v2.csv,10826,arithmetic,gsm8k_test_1210,cal,retain,H3_predating,asdiv
pairs_arith_v2.csv,10827,arithmetic,gsm8k_test_1210,cal,retain,R_random,truthfulqa
pairs_arith_v2.csv,10837,arithmetic,gsm8k_test_1212,cal,remove,C0_exact,gsm8k_copy
pairs_arith_v2.csv,10838,arithmetic,gsm8k_test_1212,cal,remove,C1_transformed,lmsys_rephrase
pairs_arith_v2.csv,10839,arithmetic,gsm8k_test_1212,cal,remove,C2_answer_bearing,gsm8k_solution_frag
pairs_arith_v2.csv,10840,arithmetic,gsm8k_test_1212,cal,retain,H2_same_template,gsmplus_numerical_substitution
pairs_arith_v2.csv,10841,arithmetic,gsm8k_test_1212,cal,remove,C1_transformed,gsmplus_problem_understanding
pairs_arith_v2.csv,10842,arithmetic,gsm8k_test_1212,cal,retain,H2_same_template,gsmplus_critical_thinking
pairs_arith_v2.csv,10843,arithmetic,gsm8k_test_1212,cal,retain,H1_same_topic,svamp
pairs_arith_v2.csv,10844,arithmetic,gsm8k_test_1212,cal,retain,H3_predating,asdiv
pairs_arith_v2.csv,10845,arithmetic,gsm8k_test_1212,cal,retain,R_random,truthfulqa
pairs_arith_v2.csv,10855,arithmetic,gsm8k_test_1214,cal,remove,C0_exact,gsm8k_copy
pairs_arith_v2.csv,10856,arithmetic,gsm8k_test_1214,cal,remove,C1_transformed,lmsys_rephrase
pairs_arith_v2.csv,10857,arithmetic,gsm8k_test_1214,cal,remove,C2_answer_bearing,gsm8k_solution_frag
pairs_arith_v2.csv,10858,arithmetic,gsm8k_test_1214,cal,retain,H2_same_template,gsmplus_numerical_substitution
pairs_arith_v2.csv,10859,arithmetic,gsm8k_test_1214,cal,remove,C1_transformed,gsmplus_problem_understanding
pairs_arith_v2.csv,10860,arithmetic,gsm8k_test_1214,cal,retain,H2_same_template,gsmplus_critical_thinking
pairs_arith_v2.csv,10861,arithmetic,gsm8k_test_1214,cal,retain,H1_same_topic,svamp
pairs_arith_v2.csv,10862,arithmetic,gsm8k_test_1214,cal,retain,H3_predating,asdiv
pairs_arith_v2.csv,10863,arithmetic,gsm8k_test_1214,cal,retain,R_random,truthfulqa
pairs_arith_v2.csv,10873,arithmetic,gsm8k_test_1216,cal,remove,C0_exact,gsm8k_copy
pairs_arith_v2.csv,10874,arithmetic,gsm8k_test_1216,cal,remove,C1_transformed,lmsys_rephrase
pairs_arith_v2.csv,10875,arithmetic,gsm8k_test_1216,cal,remove,C2_answer_bearing,gsm8k_solution_frag
pairs_arith_v2.csv,10876,arithmetic,gsm8k_test_1216,cal,retain,H2_same_template,gsmplus_numerical_substitution
pairs_arith_v2.csv,10877,arithmetic,gsm8k_test_1216,cal,remove,C1_transformed,gsmplus_problem_understanding
pairs_arith_v2.csv,10878,arithmetic,gsm8k_test_1216,cal,retain,H2_same_template,gsmplus_critical_thinking
pairs_arith_v2.csv,10879,arithmetic,gsm8k_test_1216,cal,retain,H1_same_topic,svamp
pairs_arith_v2.csv,10880,arithmetic,gsm8k_test_1216,cal,retain,H3_predating,asdiv
pairs_arith_v2.csv,10881,arithmetic,gsm8k_test_1216,cal,retain,R_random,truthfulqa
pairs_arith_v2.csv,10882,arithmetic,gsm8k_test_1217,cal,remove,C0_exact,gsm8k_copy
pairs_arith_v2.csv,10883,arithmetic,gsm8k_test_1217,cal,remove,C1_transformed,lmsys_rephrase
pairs_arith_v2.csv,10884,arithmetic,gsm8k_test_1217,cal,remove,C2_answer_bearing,gsm8k_solution_frag
pairs_arith_v2.csv,10885,arithmetic,gsm8k_test_1217,cal,retain,H2_same_template,gsmplus_numerical_substitution
pairs_arith_v2.csv,10886,arithmetic,gsm8k_test_1217,cal,remove,C1_transformed,gsmplus_problem_understanding
pairs_arith_v2.csv,10887,arithmetic,gsm8k_test_1217,cal,retain,H2_same_template,gsmplus_critical_thinking
pairs_arith_v2.csv,10888,arithmetic,gsm8k_test_1217,cal,retain,H1_same_topic,svamp
pairs_arith_v2.csv,10889,arithmetic,gsm8k_test_1217,cal,retain,H3_predating,asdiv
pairs_arith_v2.csv,10890,arithmetic,gsm8k_test_1217,cal,retain,R_random,truthfulqa
pairs_arith_v2.csv,10918,arithmetic,gsm8k_test_1221,cal,remove,C0_exact,gsm8k_copy
pairs_arith_v2.csv,10919,arithmetic,gsm8k_test_1221,cal,remove,C1_transformed,lmsys_rephrase
pairs_arith_v2.csv,10920,arithmetic,gsm8k_test_1221,cal,remove,C2_answer_bearing,gsm8k_solution_frag
pairs_arith_v2.csv,10921,arithmetic,gsm8k_test_1221,cal,retain,H2_same_template,gsmplus_numerical_substitution
pairs_arith_v2.csv,10922,arithmetic,gsm8k_test_1221,cal,remove,C1_transformed,gsmplus_problem_understanding
pairs_arith_v2.csv,10923,arithmetic,gsm8k_test_1221,cal,retain,H2_same_template,gsmplus_critical_thinking
pairs_arith_v2.csv,10924,arithmetic,gsm8k_test_1221,cal,retain,H1_same_topic,svamp
pairs_arith_v2.csv,10925,arithmetic,gsm8k_test_1221,cal,retain,H3_predating,asdiv
pairs_arith_v2.csv,10926,arithmetic,gsm8k_test_1221,cal,retain,R_random,truthfulqa
pairs_arith_v2.csv,10936,arithmetic,gsm8k_test_1223,cal,remove,C0_exact,gsm8k_copy
pairs_arith_v2.csv,10937,arithmetic,gsm8k_test_1223,cal,remove,C1_transformed,lmsys_rephrase
pairs_arith_v2.csv,10938,arithmetic,gsm8k_test_1223,cal,remove,C2_answer_bearing,gsm8k_solution_frag
pairs_arith_v2.csv,10939,arithmetic,gsm8k_test_1223,cal,retain,H2_same_template,gsmplus_numerical_substitution
pairs_arith_v2.csv,10940,arithmetic,gsm8k_test_1223,cal,remove,C1_transformed,gsmplus_problem_understanding
pairs_arith_v2.csv,10941,arithmetic,gsm8k_test_1223,cal,retain,H2_same_template,gsmplus_critical_thinking
pairs_arith_v2.csv,10942,arithmetic,gsm8k_test_1223,cal,retain,H1_same_topic,svamp
pairs_arith_v2.csv,10943,arithmetic,gsm8k_test_1223,cal,retain,H3_predating,asdiv
pairs_arith_v2.csv,10944,arithmetic,gsm8k_test_1223,cal,retain,R_random,truthfulqa
pairs_arith_v2.csv,10981,arithmetic,gsm8k_test_1228,cal,remove,C0_exact,gsm8k_copy
pairs_arith_v2.csv,10982,arithmetic,gsm8k_test_1228,cal,remove,C1_transformed,lmsys_rephrase
pairs_arith_v2.csv,10983,arithmetic,gsm8k_test_1228,cal,remove,C2_answer_bearing,gsm8k_solution_frag
pairs_arith_v2.csv,10984,arithmetic,gsm8k_test_1228,cal,retain,H2_same_template,gsmplus_numerical_substitution
pairs_arith_v2.csv,10985,arithmetic,gsm8k_test_1228,cal,remove,C1_transformed,gsmplus_problem_understanding
pairs_arith_v2.csv,10986,arithmetic,gsm8k_test_1228,cal,retain,H2_same_template,gsmplus_critical_thinking
pairs_arith_v2.csv,10987,arithmetic,gsm8k_test_1228,cal,retain,H1_same_topic,svamp
pairs_arith_v2.csv,10988,arithmetic,gsm8k_test_1228,cal,retain,H3_predating,asdiv
pairs_arith_v2.csv,10989,arithmetic,gsm8k_test_1228,cal,retain,R_random,truthfulqa
pairs_arith_v2.csv,10999,arithmetic,gsm8k_test_1230,cal,remove,C0_exact,gsm8k_copy
pairs_arith_v2.csv,11000,arithmetic,gsm8k_test_1230,cal,remove,C1_transformed,lmsys_rephrase
pairs_arith_v2.csv,11001,arithmetic,gsm8k_test_1230,cal,remove,C2_answer_bearing,gsm8k_solution_frag
pairs_arith_v2.csv,11002,arithmetic,gsm8k_test_1230,cal,retain,H2_same_template,gsmplus_numerical_substitution
pairs_arith_v2.csv,11003,arithmetic,gsm8k_test_1230,cal,remove,C1_transformed,gsmplus_problem_understanding
pairs_arith_v2.csv,11004,arithmetic,gsm8k_test_1230,cal,retain,H2_same_template,gsmplus_critical_thinking
pairs_arith_v2.csv,11005,arithmetic,gsm8k_test_1230,cal,retain,H1_same_topic,svamp
pairs_arith_v2.csv,11006,arithmetic,gsm8k_test_1230,cal,retain,H3_predating,asdiv
pairs_arith_v2.csv,11007,arithmetic,gsm8k_test_1230,cal,retain,R_random,truthfulqa
pairs_arith_v2.csv,11008,arithmetic,gsm8k_test_1231,cal,remove,C0_exact,gsm8k_copy
pairs_arith_v2.csv,11009,arithmetic,gsm8k_test_1231,cal,remove,C1_transformed,lmsys_rephrase
pairs_arith_v2.csv,11010,arithmetic,gsm8k_test_1231,cal,remove,C2_answer_bearing,gsm8k_solution_frag
pairs_arith_v2.csv,11011,arithmetic,gsm8k_test_1231,cal,retain,H2_same_template,gsmplus_numerical_substitution
pairs_arith_v2.csv,11012,arithmetic,gsm8k_test_1231,cal,remove,C1_transformed,gsmplus_problem_understanding
pairs_arith_v2.csv,11013,arithmetic,gsm8k_test_1231,cal,retain,H2_same_template,gsmplus_critical_thinking
pairs_arith_v2.csv,11014,arithmetic,gsm8k_test_1231,cal,retain,H1_same_topic,svamp
pairs_arith_v2.csv,11015,arithmetic,gsm8k_test_1231,cal,retain,H3_predating,asdiv
pairs_arith_v2.csv,11016,arithmetic,gsm8k_test_1231,cal,retain,R_random,truthfulqa
pairs_arith_v2.csv,11053,arithmetic,gsm8k_test_1236,cal,remove,C0_exact,gsm8k_copy
pairs_arith_v2.csv,11054,arithmetic,gsm8k_test_1236,cal,remove,C1_transformed,lmsys_rephrase
pairs_arith_v2.csv,11055,arithmetic,gsm8k_test_1236,cal,remove,C2_answer_bearing,gsm8k_solution_frag
pairs_arith_v2.csv,11056,arithmetic,gsm8k_test_1236,cal,retain,H2_same_template,gsmplus_numerical_substitution
pairs_arith_v2.csv,11057,arithmetic,gsm8k_test_1236,cal,remove,C1_transformed,gsmplus_problem_understanding
pairs_arith_v2.csv,11058,arithmetic,gsm8k_test_1236,cal,retain,H2_same_template,gsmplus_critical_thinking
pairs_arith_v2.csv,11059,arithmetic,gsm8k_test_1236,cal,retain,H1_same_topic,svamp
pairs_arith_v2.csv,11060,arithmetic,gsm8k_test_1236,cal,retain,H3_predating,asdiv
pairs_arith_v2.csv,11061,arithmetic,gsm8k_test_1236,cal,retain,R_random,truthfulqa
pairs_arith_v2.csv,11089,arithmetic,gsm8k_test_1240,cal,remove,C0_exact,gsm8k_copy
pairs_arith_v2.csv,11090,arithmetic,gsm8k_test_1240,cal,remove,C1_transformed,lmsys_rephrase
pairs_arith_v2.csv,11091,arithmetic,gsm8k_test_1240,cal,remove,C2_answer_bearing,gsm8k_solution_frag
pairs_arith_v2.csv,11092,arithmetic,gsm8k_test_1240,cal,retain,H2_same_template,gsmplus_numerical_substitution
pairs_arith_v2.csv,11093,arithmetic,gsm8k_test_1240,cal,remove,C1_transformed,gsmplus_problem_understanding
pairs_arith_v2.csv,11094,arithmetic,gsm8k_test_1240,cal,retain,H2_same_template,gsmplus_critical_thinking
pairs_arith_v2.csv,11095,arithmetic,gsm8k_test_1240,cal,retain,H1_same_topic,svamp
pairs_arith_v2.csv,11096,arithmetic,gsm8k_test_1240,cal,retain,H3_predating,asdiv
pairs_arith_v2.csv,11097,arithmetic,gsm8k_test_1240,cal,retain,R_random,truthfulqa
pairs_arith_v2.csv,11152,arithmetic,gsm8k_test_1247,cal,remove,C0_exact,gsm8k_copy
pairs_arith_v2.csv,11153,arithmetic,gsm8k_test_1247,cal,remove,C1_transformed,lmsys_rephrase
pairs_arith_v2.csv,11154,arithmetic,gsm8k_test_1247,cal,remove,C2_answer_bearing,gsm8k_solution_frag
pairs_arith_v2.csv,11155,arithmetic,gsm8k_test_1247,cal,retain,H2_same_template,gsmplus_numerical_substitution
pairs_arith_v2.csv,11156,arithmetic,gsm8k_test_1247,cal,remove,C1_transformed,gsmplus_problem_understanding
pairs_arith_v2.csv,11157,arithmetic,gsm8k_test_1247,cal,retain,H2_same_template,gsmplus_critical_thinking
pairs_arith_v2.csv,11158,arithmetic,gsm8k_test_1247,cal,retain,H1_same_topic,svamp
pairs_arith_v2.csv,11159,arithmetic,gsm8k_test_1247,cal,retain,H3_predating,asdiv
pairs_arith_v2.csv,11160,arithmetic,gsm8k_test_1247,cal,retain,R_random,truthfulqa
pairs_arith_v2.csv,11179,arithmetic,gsm8k_test_1250,cal,remove,C0_exact,gsm8k_copy
pairs_arith_v2.csv,11180,arithmetic,gsm8k_test_1250,cal,remove,C1_transformed,lmsys_rephrase
pairs_arith_v2.csv,11181,arithmetic,gsm8k_test_1250,cal,remove,C2_answer_bearing,gsm8k_solution_frag
pairs_arith_v2.csv,11182,arithmetic,gsm8k_test_1250,cal,retain,H2_same_template,gsmplus_numerical_substitution
pairs_arith_v2.csv,11183,arithmetic,gsm8k_test_1250,cal,remove,C1_transformed,gsmplus_problem_understanding
pairs_arith_v2.csv,11184,arithmetic,gsm8k_test_1250,cal,retain,H2_same_template,gsmplus_critical_thinking
pairs_arith_v2.csv,11185,arithmetic,gsm8k_test_1250,cal,retain,H1_same_topic,svamp
pairs_arith_v2.csv,11186,arithmetic,gsm8k_test_1250,cal,retain,H3_predating,asdiv
pairs_arith_v2.csv,11187,arithmetic,gsm8k_test_1250,cal,retain,R_random,truthfulqa
pairs_arith_v2.csv,11206,arithmetic,gsm8k_test_1253,cal,remove,C0_exact,gsm8k_copy
pairs_arith_v2.csv,11207,arithmetic,gsm8k_test_1253,cal,remove,C1_transformed,lmsys_rephrase
pairs_arith_v2.csv,11208,arithmetic,gsm8k_test_1253,cal,remove,C2_answer_bearing,gsm8k_solution_frag
pairs_arith_v2.csv,11209,arithmetic,gsm8k_test_1253,cal,retain,H2_same_template,gsmplus_numerical_substitution
pairs_arith_v2.csv,11210,arithmetic,gsm8k_test_1253,cal,remove,C1_transformed,gsmplus_problem_understanding
pairs_arith_v2.csv,11211,arithmetic,gsm8k_test_1253,cal,retain,H2_same_template,gsmplus_critical_thinking
pairs_arith_v2.csv,11212,arithmetic,gsm8k_test_1253,cal,retain,H1_same_topic,svamp
pairs_arith_v2.csv,11213,arithmetic,gsm8k_test_1253,cal,retain,H3_predating,asdiv
pairs_arith_v2.csv,11214,arithmetic,gsm8k_test_1253,cal,retain,R_random,truthfulqa
pairs_arith_v2.csv,11215,arithmetic,gsm8k_test_1254,cal,remove,C0_exact,gsm8k_copy
pairs_arith_v2.csv,11216,arithmetic,gsm8k_test_1254,cal,remove,C1_transformed,lmsys_rephrase
pairs_arith_v2.csv,11217,arithmetic,gsm8k_test_1254,cal,remove,C2_answer_bearing,gsm8k_solution_frag
pairs_arith_v2.csv,11218,arithmetic,gsm8k_test_1254,cal,retain,H2_same_template,gsmplus_numerical_substitution
pairs_arith_v2.csv,11219,arithmetic,gsm8k_test_1254,cal,remove,C1_transformed,gsmplus_problem_understanding
pairs_arith_v2.csv,11220,arithmetic,gsm8k_test_1254,cal,retain,H2_same_template,gsmplus_critical_thinking
pairs_arith_v2.csv,11221,arithmetic,gsm8k_test_1254,cal,retain,H1_same_topic,svamp
pairs_arith_v2.csv,11222,arithmetic,gsm8k_test_1254,cal,retain,H3_predating,asdiv
pairs_arith_v2.csv,11223,arithmetic,gsm8k_test_1254,cal,retain,R_random,truthfulqa
pairs_arith_v2.csv,11224,arithmetic,gsm8k_test_1255,cal,remove,C0_exact,gsm8k_copy
pairs_arith_v2.csv,11225,arithmetic,gsm8k_test_1255,cal,remove,C1_transformed,lmsys_rephrase
pairs_arith_v2.csv,11226,arithmetic,gsm8k_test_1255,cal,remove,C2_answer_bearing,gsm8k_solution_frag
pairs_arith_v2.csv,11227,arithmetic,gsm8k_test_1255,cal,retain,H2_same_template,gsmplus_numerical_substitution
pairs_arith_v2.csv,11228,arithmetic,gsm8k_test_1255,cal,remove,C1_transformed,gsmplus_problem_understanding
pairs_arith_v2.csv,11229,arithmetic,gsm8k_test_1255,cal,retain,H2_same_template,gsmplus_critical_thinking
pairs_arith_v2.csv,11230,arithmetic,gsm8k_test_1255,cal,retain,H1_same_topic,svamp
pairs_arith_v2.csv,11231,arithmetic,gsm8k_test_1255,cal,retain,H3_predating,asdiv
pairs_arith_v2.csv,11232,arithmetic,gsm8k_test_1255,cal,retain,R_random,truthfulqa
pairs_arith_v2.csv,11241,arithmetic,gsm8k_test_1257,cal,remove,C0_exact,gsm8k_copy
pairs_arith_v2.csv,11242,arithmetic,gsm8k_test_1257,cal,remove,C1_transformed,lmsys_rephrase
pairs_arith_v2.csv,11243,arithmetic,gsm8k_test_1257,cal,remove,C2_answer_bearing,gsm8k_solution_frag
pairs_arith_v2.csv,11244,arithmetic,gsm8k_test_1257,cal,retain,H2_same_template,gsmplus_numerical_substitution
pairs_arith_v2.csv,11245,arithmetic,gsm8k_test_1257,cal,remove,C1_transformed,gsmplus_problem_understanding
pairs_arith_v2.csv,11246,arithmetic,gsm8k_test_1257,cal,retain,H2_same_template,gsmplus_critical_thinking
pairs_arith_v2.csv,11247,arithmetic,gsm8k_test_1257,cal,retain,H1_same_topic,svamp
pairs_arith_v2.csv,11248,arithmetic,gsm8k_test_1257,cal,retain,H3_predating,asdiv
pairs_arith_v2.csv,11249,arithmetic,gsm8k_test_1257,cal,retain,R_random,truthfulqa
pairs_arith_v2.csv,11268,arithmetic,gsm8k_test_1260,cal,remove,C0_exact,gsm8k_copy
pairs_arith_v2.csv,11269,arithmetic,gsm8k_test_1260,cal,remove,C1_transformed,lmsys_rephrase
pairs_arith_v2.csv,11270,arithmetic,gsm8k_test_1260,cal,remove,C2_answer_bearing,gsm8k_solution_frag
pairs_arith_v2.csv,11271,arithmetic,gsm8k_test_1260,cal,retain,H2_same_template,gsmplus_numerical_substitution
pairs_arith_v2.csv,11272,arithmetic,gsm8k_test_1260,cal,remove,C1_transformed,gsmplus_problem_understanding
pairs_arith_v2.csv,11273,arithmetic,gsm8k_test_1260,cal,retain,H2_same_template,gsmplus_critical_thinking
pairs_arith_v2.csv,11274,arithmetic,gsm8k_test_1260,cal,retain,H1_same_topic,svamp
pairs_arith_v2.csv,11275,arithmetic,gsm8k_test_1260,cal,retain,H3_predating,asdiv
pairs_arith_v2.csv,11276,arithmetic,gsm8k_test_1260,cal,retain,R_random,truthfulqa
pairs_arith_v2.csv,11277,arithmetic,gsm8k_test_1261,cal,remove,C0_exact,gsm8k_copy
pairs_arith_v2.csv,11278,arithmetic,gsm8k_test_1261,cal,remove,C1_transformed,lmsys_rephrase
pairs_arith_v2.csv,11279,arithmetic,gsm8k_test_1261,cal,remove,C2_answer_bearing,gsm8k_solution_frag
pairs_arith_v2.csv,11280,arithmetic,gsm8k_test_1261,cal,retain,H2_same_template,gsmplus_numerical_substitution
pairs_arith_v2.csv,11281,arithmetic,gsm8k_test_1261,cal,remove,C1_transformed,gsmplus_problem_understanding
pairs_arith_v2.csv,11282,arithmetic,gsm8k_test_1261,cal,retain,H2_same_template,gsmplus_critical_thinking
pairs_arith_v2.csv,11283,arithmetic,gsm8k_test_1261,cal,retain,H1_same_topic,svamp
pairs_arith_v2.csv,11284,arithmetic,gsm8k_test_1261,cal,retain,H3_predating,asdiv
pairs_arith_v2.csv,11285,arithmetic,gsm8k_test_1261,cal,retain,R_random,truthfulqa
pairs_arith_v2.csv,11286,arithmetic,gsm8k_test_1262,cal,remove,C0_exact,gsm8k_copy
pairs_arith_v2.csv,11287,arithmetic,gsm8k_test_1262,cal,remove,C1_transformed,lmsys_rephrase
pairs_arith_v2.csv,11288,arithmetic,gsm8k_test_1262,cal,remove,C2_answer_bearing,gsm8k_solution_frag
pairs_arith_v2.csv,11289,arithmetic,gsm8k_test_1262,cal,retain,H2_same_template,gsmplus_numerical_substitution
pairs_arith_v2.csv,11290,arithmetic,gsm8k_test_1262,cal,remove,C1_transformed,gsmplus_problem_understanding
pairs_arith_v2.csv,11291,arithmetic,gsm8k_test_1262,cal,retain,H2_same_template,gsmplus_critical_thinking
pairs_arith_v2.csv,11292,arithmetic,gsm8k_test_1262,cal,retain,H1_same_topic,svamp
pairs_arith_v2.csv,11293,arithmetic,gsm8k_test_1262,cal,retain,H3_predating,asdiv
pairs_arith_v2.csv,11294,arithmetic,gsm8k_test_1262,cal,retain,R_random,truthfulqa
pairs_arith_v2.csv,11295,arithmetic,gsm8k_test_1263,cal,remove,C0_exact,gsm8k_copy
pairs_arith_v2.csv,11296,arithmetic,gsm8k_test_1263,cal,remove,C1_transformed,lmsys_rephrase
pairs_arith_v2.csv,11297,arithmetic,gsm8k_test_1263,cal,remove,C2_answer_bearing,gsm8k_solution_frag
pairs_arith_v2.csv,11298,arithmetic,gsm8k_test_1263,cal,retain,H2_same_template,gsmplus_numerical_substitution
pairs_arith_v2.csv,11299,arithmetic,gsm8k_test_1263,cal,remove,C1_transformed,gsmplus_problem_understanding
pairs_arith_v2.csv,11300,arithmetic,gsm8k_test_1263,cal,retain,H2_same_template,gsmplus_critical_thinking
pairs_arith_v2.csv,11301,arithmetic,gsm8k_test_1263,cal,retain,H1_same_topic,svamp
pairs_arith_v2.csv,11302,arithmetic,gsm8k_test_1263,cal,retain,H3_predating,asdiv
pairs_arith_v2.csv,11303,arithmetic,gsm8k_test_1263,cal,retain,R_random,truthfulqa
pairs_arith_v2.csv,11304,arithmetic,gsm8k_test_1264,cal,remove,C0_exact,gsm8k_copy
pairs_arith_v2.csv,11305,arithmetic,gsm8k_test_1264,cal,remove,C1_transformed,lmsys_rephrase
pairs_arith_v2.csv,11306,arithmetic,gsm8k_test_1264,cal,remove,C2_answer_bearing,gsm8k_solution_frag
pairs_arith_v2.csv,11307,arithmetic,gsm8k_test_1264,cal,retain,H2_same_template,gsmplus_numerical_substitution
pairs_arith_v2.csv,11308,arithmetic,gsm8k_test_1264,cal,remove,C1_transformed,gsmplus_problem_understanding
pairs_arith_v2.csv,11309,arithmetic,gsm8k_test_1264,cal,retain,H2_same_template,gsmplus_critical_thinking
pairs_arith_v2.csv,11310,arithmetic,gsm8k_test_1264,cal,retain,H1_same_topic,svamp
pairs_arith_v2.csv,11311,arithmetic,gsm8k_test_1264,cal,retain,H3_predating,asdiv
pairs_arith_v2.csv,11312,arithmetic,gsm8k_test_1264,cal,retain,R_random,truthfulqa
pairs_arith_v2.csv,11313,arithmetic,gsm8k_test_1265,cal,remove,C0_exact,gsm8k_copy
pairs_arith_v2.csv,11314,arithmetic,gsm8k_test_1265,cal,remove,C1_transformed,lmsys_rephrase
pairs_arith_v2.csv,11315,arithmetic,gsm8k_test_1265,cal,remove,C2_answer_bearing,gsm8k_solution_frag
pairs_arith_v2.csv,11316,arithmetic,gsm8k_test_1265,cal,retain,H2_same_template,gsmplus_numerical_substitution
pairs_arith_v2.csv,11317,arithmetic,gsm8k_test_1265,cal,remove,C1_transformed,gsmplus_problem_understanding
pairs_arith_v2.csv,11318,arithmetic,gsm8k_test_1265,cal,retain,H2_same_template,gsmplus_critical_thinking
pairs_arith_v2.csv,11319,arithmetic,gsm8k_test_1265,cal,retain,H1_same_topic,svamp
pairs_arith_v2.csv,11320,arithmetic,gsm8k_test_1265,cal,retain,H3_predating,asdiv
pairs_arith_v2.csv,11321,arithmetic,gsm8k_test_1265,cal,retain,R_random,truthfulqa
pairs_arith_v2.csv,11367,arithmetic,gsm8k_test_1271,cal,remove,C0_exact,gsm8k_copy
pairs_arith_v2.csv,11368,arithmetic,gsm8k_test_1271,cal,remove,C1_transformed,lmsys_rephrase
pairs_arith_v2.csv,11369,arithmetic,gsm8k_test_1271,cal,remove,C2_answer_bearing,gsm8k_solution_frag
pairs_arith_v2.csv,11370,arithmetic,gsm8k_test_1271,cal,retain,H2_same_template,gsmplus_numerical_substitution
pairs_arith_v2.csv,11371,arithmetic,gsm8k_test_1271,cal,remove,C1_transformed,gsmplus_problem_understanding
pairs_arith_v2.csv,11372,arithmetic,gsm8k_test_1271,cal,retain,H2_same_template,gsmplus_critical_thinking
pairs_arith_v2.csv,11373,arithmetic,gsm8k_test_1271,cal,retain,H1_same_topic,svamp
pairs_arith_v2.csv,11374,arithmetic,gsm8k_test_1271,cal,retain,H3_predating,asdiv
pairs_arith_v2.csv,11375,arithmetic,gsm8k_test_1271,cal,retain,R_random,truthfulqa
pairs_arith_v2.csv,11376,arithmetic,gsm8k_test_1272,cal,remove,C0_exact,gsm8k_copy
pairs_arith_v2.csv,11377,arithmetic,gsm8k_test_1272,cal,remove,C1_transformed,lmsys_rephrase
pairs_arith_v2.csv,11378,arithmetic,gsm8k_test_1272,cal,remove,C2_answer_bearing,gsm8k_solution_frag
pairs_arith_v2.csv,11379,arithmetic,gsm8k_test_1272,cal,retain,H2_same_template,gsmplus_numerical_substitution
pairs_arith_v2.csv,11380,arithmetic,gsm8k_test_1272,cal,remove,C1_transformed,gsmplus_problem_understanding
pairs_arith_v2.csv,11381,arithmetic,gsm8k_test_1272,cal,retain,H2_same_template,gsmplus_critical_thinking
pairs_arith_v2.csv,11382,arithmetic,gsm8k_test_1272,cal,retain,H1_same_topic,svamp
pairs_arith_v2.csv,11383,arithmetic,gsm8k_test_1272,cal,retain,H3_predating,asdiv
pairs_arith_v2.csv,11384,arithmetic,gsm8k_test_1272,cal,retain,R_random,truthfulqa
pairs_arith_v2.csv,11394,arithmetic,gsm8k_test_1274,cal,remove,C0_exact,gsm8k_copy
pairs_arith_v2.csv,11395,arithmetic,gsm8k_test_1274,cal,remove,C1_transformed,lmsys_rephrase
pairs_arith_v2.csv,11396,arithmetic,gsm8k_test_1274,cal,remove,C2_answer_bearing,gsm8k_solution_frag
pairs_arith_v2.csv,11397,arithmetic,gsm8k_test_1274,cal,retain,H2_same_template,gsmplus_numerical_substitution
pairs_arith_v2.csv,11398,arithmetic,gsm8k_test_1274,cal,remove,C1_transformed,gsmplus_problem_understanding
pairs_arith_v2.csv,11399,arithmetic,gsm8k_test_1274,cal,retain,H2_same_template,gsmplus_critical_thinking
pairs_arith_v2.csv,11400,arithmetic,gsm8k_test_1274,cal,retain,H1_same_topic,svamp
pairs_arith_v2.csv,11401,arithmetic,gsm8k_test_1274,cal,retain,H3_predating,asdiv
pairs_arith_v2.csv,11402,arithmetic,gsm8k_test_1274,cal,retain,R_random,truthfulqa
pairs_arith_v2.csv,11421,arithmetic,gsm8k_test_1277,cal,remove,C0_exact,gsm8k_copy
pairs_arith_v2.csv,11422,arithmetic,gsm8k_test_1277,cal,remove,C1_transformed,lmsys_rephrase
pairs_arith_v2.csv,11423,arithmetic,gsm8k_test_1277,cal,remove,C2_answer_bearing,gsm8k_solution_frag
pairs_arith_v2.csv,11424,arithmetic,gsm8k_test_1277,cal,retain,H2_same_template,gsmplus_numerical_substitution
pairs_arith_v2.csv,11425,arithmetic,gsm8k_test_1277,cal,remove,C1_transformed,gsmplus_problem_understanding
pairs_arith_v2.csv,11426,arithmetic,gsm8k_test_1277,cal,retain,H2_same_template,gsmplus_critical_thinking
pairs_arith_v2.csv,11427,arithmetic,gsm8k_test_1277,cal,retain,H1_same_topic,svamp
pairs_arith_v2.csv,11428,arithmetic,gsm8k_test_1277,cal,retain,H3_predating,asdiv
pairs_arith_v2.csv,11429,arithmetic,gsm8k_test_1277,cal,retain,R_random,truthfulqa
pairs_arith_v2.csv,11430,arithmetic,gsm8k_test_1278,cal,remove,C0_exact,gsm8k_copy
pairs_arith_v2.csv,11431,arithmetic,gsm8k_test_1278,cal,remove,C1_transformed,lmsys_rephrase
pairs_arith_v2.csv,11432,arithmetic,gsm8k_test_1278,cal,remove,C2_answer_bearing,gsm8k_solution_frag
pairs_arith_v2.csv,11433,arithmetic,gsm8k_test_1278,cal,retain,H2_same_template,gsmplus_numerical_substitution
pairs_arith_v2.csv,11434,arithmetic,gsm8k_test_1278,cal,remove,C1_transformed,gsmplus_problem_understanding
pairs_arith_v2.csv,11435,arithmetic,gsm8k_test_1278,cal,retain,H2_same_template,gsmplus_critical_thinking
pairs_arith_v2.csv,11436,arithmetic,gsm8k_test_1278,cal,retain,H1_same_topic,svamp
pairs_arith_v2.csv,11437,arithmetic,gsm8k_test_1278,cal,retain,H3_predating,asdiv
pairs_arith_v2.csv,11438,arithmetic,gsm8k_test_1278,cal,retain,R_random,truthfulqa
pairs_arith_v2.csv,11448,arithmetic,gsm8k_test_1280,cal,remove,C0_exact,gsm8k_copy
pairs_arith_v2.csv,11449,arithmetic,gsm8k_test_1280,cal,remove,C1_transformed,lmsys_rephrase
pairs_arith_v2.csv,11450,arithmetic,gsm8k_test_1280,cal,remove,C2_answer_bearing,gsm8k_solution_frag
pairs_arith_v2.csv,11451,arithmetic,gsm8k_test_1280,cal,retain,H2_same_template,gsmplus_numerical_substitution
pairs_arith_v2.csv,11452,arithmetic,gsm8k_test_1280,cal,remove,C1_transformed,gsmplus_problem_understanding
pairs_arith_v2.csv,11453,arithmetic,gsm8k_test_1280,cal,retain,H2_same_template,gsmplus_critical_thinking
pairs_arith_v2.csv,11454,arithmetic,gsm8k_test_1280,cal,retain,H1_same_topic,svamp
pairs_arith_v2.csv,11455,arithmetic,gsm8k_test_1280,cal,retain,H3_predating,asdiv
pairs_arith_v2.csv,11456,arithmetic,gsm8k_test_1280,cal,retain,R_random,truthfulqa
pairs_arith_v2.csv,11466,arithmetic,gsm8k_test_1282,cal,remove,C0_exact,gsm8k_copy
pairs_arith_v2.csv,11467,arithmetic,gsm8k_test_1282,cal,remove,C1_transformed,lmsys_rephrase
pairs_arith_v2.csv,11468,arithmetic,gsm8k_test_1282,cal,remove,C2_answer_bearing,gsm8k_solution_frag
pairs_arith_v2.csv,11469,arithmetic,gsm8k_test_1282,cal,retain,H2_same_template,gsmplus_numerical_substitution
pairs_arith_v2.csv,11470,arithmetic,gsm8k_test_1282,cal,remove,C1_transformed,gsmplus_problem_understanding
pairs_arith_v2.csv,11471,arithmetic,gsm8k_test_1282,cal,retain,H2_same_template,gsmplus_critical_thinking
pairs_arith_v2.csv,11472,arithmetic,gsm8k_test_1282,cal,retain,H1_same_topic,svamp
pairs_arith_v2.csv,11473,arithmetic,gsm8k_test_1282,cal,retain,H3_predating,asdiv
pairs_arith_v2.csv,11474,arithmetic,gsm8k_test_1282,cal,retain,R_random,truthfulqa
pairs_arith_v2.csv,11511,arithmetic,gsm8k_test_1287,cal,remove,C0_exact,gsm8k_copy
pairs_arith_v2.csv,11512,arithmetic,gsm8k_test_1287,cal,remove,C1_transformed,lmsys_rephrase
pairs_arith_v2.csv,11513,arithmetic,gsm8k_test_1287,cal,remove,C2_answer_bearing,gsm8k_solution_frag
pairs_arith_v2.csv,11514,arithmetic,gsm8k_test_1287,cal,retain,H2_same_template,gsmplus_numerical_substitution
pairs_arith_v2.csv,11515,arithmetic,gsm8k_test_1287,cal,remove,C1_transformed,gsmplus_problem_understanding
pairs_arith_v2.csv,11516,arithmetic,gsm8k_test_1287,cal,retain,H2_same_template,gsmplus_critical_thinking
pairs_arith_v2.csv,11517,arithmetic,gsm8k_test_1287,cal,retain,H1_same_topic,svamp
pairs_arith_v2.csv,11518,arithmetic,gsm8k_test_1287,cal,retain,H3_predating,asdiv
pairs_arith_v2.csv,11519,arithmetic,gsm8k_test_1287,cal,retain,R_random,truthfulqa
pairs_arith_v2.csv,11547,arithmetic,gsm8k_test_1291,cal,remove,C0_exact,gsm8k_copy
pairs_arith_v2.csv,11548,arithmetic,gsm8k_test_1291,cal,remove,C1_transformed,lmsys_rephrase
pairs_arith_v2.csv,11549,arithmetic,gsm8k_test_1291,cal,remove,C2_answer_bearing,gsm8k_solution_frag
pairs_arith_v2.csv,11550,arithmetic,gsm8k_test_1291,cal,retain,H2_same_template,gsmplus_numerical_substitution
pairs_arith_v2.csv,11551,arithmetic,gsm8k_test_1291,cal,remove,C1_transformed,gsmplus_problem_understanding
pairs_arith_v2.csv,11552,arithmetic,gsm8k_test_1291,cal,retain,H2_same_template,gsmplus_critical_thinking
pairs_arith_v2.csv,11553,arithmetic,gsm8k_test_1291,cal,retain,H1_same_topic,svamp
pairs_arith_v2.csv,11554,arithmetic,gsm8k_test_1291,cal,retain,H3_predating,asdiv
pairs_arith_v2.csv,11555,arithmetic,gsm8k_test_1291,cal,retain,R_random,truthfulqa
pairs_arith_v2.csv,11574,arithmetic,gsm8k_test_1294,cal,remove,C0_exact,gsm8k_copy
pairs_arith_v2.csv,11575,arithmetic,gsm8k_test_1294,cal,remove,C1_transformed,lmsys_rephrase
pairs_arith_v2.csv,11576,arithmetic,gsm8k_test_1294,cal,remove,C2_answer_bearing,gsm8k_solution_frag
pairs_arith_v2.csv,11577,arithmetic,gsm8k_test_1294,cal,retain,H2_same_template,gsmplus_numerical_substitution
pairs_arith_v2.csv,11578,arithmetic,gsm8k_test_1294,cal,remove,C1_transformed,gsmplus_problem_understanding
pairs_arith_v2.csv,11579,arithmetic,gsm8k_test_1294,cal,retain,H2_same_template,gsmplus_critical_thinking
pairs_arith_v2.csv,11580,arithmetic,gsm8k_test_1294,cal,retain,H1_same_topic,svamp
pairs_arith_v2.csv,11581,arithmetic,gsm8k_test_1294,cal,retain,H3_predating,asdiv
pairs_arith_v2.csv,11582,arithmetic,gsm8k_test_1294,cal,retain,R_random,truthfulqa
pairs_arith_v2.csv,11583,arithmetic,gsm8k_test_1295,cal,remove,C0_exact,gsm8k_copy
pairs_arith_v2.csv,11584,arithmetic,gsm8k_test_1295,cal,remove,C1_transformed,lmsys_rephrase
pairs_arith_v2.csv,11585,arithmetic,gsm8k_test_1295,cal,remove,C2_answer_bearing,gsm8k_solution_frag
pairs_arith_v2.csv,11586,arithmetic,gsm8k_test_1295,cal,retain,H2_same_template,gsmplus_numerical_substitution
pairs_arith_v2.csv,11587,arithmetic,gsm8k_test_1295,cal,remove,C1_transformed,gsmplus_problem_understanding
pairs_arith_v2.csv,11588,arithmetic,gsm8k_test_1295,cal,retain,H2_same_template,gsmplus_critical_thinking
pairs_arith_v2.csv,11589,arithmetic,gsm8k_test_1295,cal,retain,H1_same_topic,svamp
pairs_arith_v2.csv,11590,arithmetic,gsm8k_test_1295,cal,retain,H3_predating,asdiv
pairs_arith_v2.csv,11591,arithmetic,gsm8k_test_1295,cal,retain,R_random,truthfulqa
pairs_arith_v2.csv,11628,arithmetic,gsm8k_test_1300,cal,remove,C0_exact,gsm8k_copy
pairs_arith_v2.csv,11629,arithmetic,gsm8k_test_1300,cal,remove,C1_transformed,lmsys_rephrase
pairs_arith_v2.csv,11630,arithmetic,gsm8k_test_1300,cal,remove,C2_answer_bearing,gsm8k_solution_frag
pairs_arith_v2.csv,11631,arithmetic,gsm8k_test_1300,cal,retain,H2_same_template,gsmplus_numerical_substitution
pairs_arith_v2.csv,11632,arithmetic,gsm8k_test_1300,cal,remove,C1_transformed,gsmplus_problem_understanding
pairs_arith_v2.csv,11633,arithmetic,gsm8k_test_1300,cal,retain,H2_same_template,gsmplus_critical_thinking
pairs_arith_v2.csv,11634,arithmetic,gsm8k_test_1300,cal,retain,H1_same_topic,svamp
pairs_arith_v2.csv,11635,arithmetic,gsm8k_test_1300,cal,retain,H3_predating,asdiv
pairs_arith_v2.csv,11636,arithmetic,gsm8k_test_1300,cal,retain,R_random,truthfulqa
pairs_arith_v2.csv,11664,arithmetic,gsm8k_test_1304,cal,remove,C0_exact,gsm8k_copy
pairs_arith_v2.csv,11665,arithmetic,gsm8k_test_1304,cal,remove,C1_transformed,lmsys_rephrase
pairs_arith_v2.csv,11666,arithmetic,gsm8k_test_1304,cal,remove,C2_answer_bearing,gsm8k_solution_frag
pairs_arith_v2.csv,11667,arithmetic,gsm8k_test_1304,cal,retain,H2_same_template,gsmplus_numerical_substitution
pairs_arith_v2.csv,11668,arithmetic,gsm8k_test_1304,cal,remove,C1_transformed,gsmplus_problem_understanding
pairs_arith_v2.csv,11669,arithmetic,gsm8k_test_1304,cal,retain,H2_same_template,gsmplus_critical_thinking
pairs_arith_v2.csv,11670,arithmetic,gsm8k_test_1304,cal,retain,H1_same_topic,svamp
pairs_arith_v2.csv,11671,arithmetic,gsm8k_test_1304,cal,retain,H3_predating,asdiv
pairs_arith_v2.csv,11672,arithmetic,gsm8k_test_1304,cal,retain,R_random,truthfulqa
pairs_arith_v2.csv,11691,arithmetic,gsm8k_test_1307,cal,remove,C0_exact,gsm8k_copy
pairs_arith_v2.csv,11692,arithmetic,gsm8k_test_1307,cal,remove,C1_transformed,lmsys_rephrase
pairs_arith_v2.csv,11693,arithmetic,gsm8k_test_1307,cal,remove,C2_answer_bearing,gsm8k_solution_frag
pairs_arith_v2.csv,11694,arithmetic,gsm8k_test_1307,cal,retain,H2_same_template,gsmplus_numerical_substitution
pairs_arith_v2.csv,11695,arithmetic,gsm8k_test_1307,cal,remove,C1_transformed,gsmplus_problem_understanding
pairs_arith_v2.csv,11696,arithmetic,gsm8k_test_1307,cal,retain,H2_same_template,gsmplus_critical_thinking
pairs_arith_v2.csv,11697,arithmetic,gsm8k_test_1307,cal,retain,H1_same_topic,svamp
pairs_arith_v2.csv,11698,arithmetic,gsm8k_test_1307,cal,retain,H3_predating,asdiv
pairs_arith_v2.csv,11699,arithmetic,gsm8k_test_1307,cal,retain,R_random,truthfulqa
pairs_arith_v2.csv,11727,arithmetic,gsm8k_test_1311,cal,remove,C0_exact,gsm8k_copy
pairs_arith_v2.csv,11728,arithmetic,gsm8k_test_1311,cal,remove,C1_transformed,lmsys_rephrase
pairs_arith_v2.csv,11729,arithmetic,gsm8k_test_1311,cal,remove,C2_answer_bearing,gsm8k_solution_frag
pairs_arith_v2.csv,11730,arithmetic,gsm8k_test_1311,cal,retain,H2_same_template,gsmplus_numerical_substitution
pairs_arith_v2.csv,11731,arithmetic,gsm8k_test_1311,cal,remove,C1_transformed,gsmplus_problem_understanding
pairs_arith_v2.csv,11732,arithmetic,gsm8k_test_1311,cal,retain,H2_same_template,gsmplus_critical_thinking
pairs_arith_v2.csv,11733,arithmetic,gsm8k_test_1311,cal,retain,H1_same_topic,svamp
pairs_arith_v2.csv,11734,arithmetic,gsm8k_test_1311,cal,retain,H3_predating,asdiv
pairs_arith_v2.csv,11735,arithmetic,gsm8k_test_1311,cal,retain,R_random,truthfulqa
pairs_arith_v2.csv,11754,arithmetic,gsm8k_test_1314,cal,remove,C0_exact,gsm8k_copy
pairs_arith_v2.csv,11755,arithmetic,gsm8k_test_1314,cal,remove,C1_transformed,lmsys_rephrase
pairs_arith_v2.csv,11756,arithmetic,gsm8k_test_1314,cal,remove,C2_answer_bearing,gsm8k_solution_frag
pairs_arith_v2.csv,11757,arithmetic,gsm8k_test_1314,cal,retain,H2_same_template,gsmplus_numerical_substitution
pairs_arith_v2.csv,11758,arithmetic,gsm8k_test_1314,cal,remove,C1_transformed,gsmplus_problem_understanding
pairs_arith_v2.csv,11759,arithmetic,gsm8k_test_1314,cal,retain,H2_same_template,gsmplus_critical_thinking
pairs_arith_v2.csv,11760,arithmetic,gsm8k_test_1314,cal,retain,H1_same_topic,svamp
pairs_arith_v2.csv,11761,arithmetic,gsm8k_test_1314,cal,retain,H3_predating,asdiv
pairs_arith_v2.csv,11762,arithmetic,gsm8k_test_1314,cal,retain,R_random,truthfulqa
pairs_arith_v2.csv,11781,arithmetic,gsm8k_test_1317,cal,remove,C0_exact,gsm8k_copy
pairs_arith_v2.csv,11782,arithmetic,gsm8k_test_1317,cal,remove,C1_transformed,lmsys_rephrase
pairs_arith_v2.csv,11783,arithmetic,gsm8k_test_1317,cal,remove,C2_answer_bearing,gsm8k_solution_frag
pairs_arith_v2.csv,11784,arithmetic,gsm8k_test_1317,cal,retain,H2_same_template,gsmplus_numerical_substitution
pairs_arith_v2.csv,11785,arithmetic,gsm8k_test_1317,cal,remove,C1_transformed,gsmplus_problem_understanding
pairs_arith_v2.csv,11786,arithmetic,gsm8k_test_1317,cal,retain,H2_same_template,gsmplus_critical_thinking
pairs_arith_v2.csv,11787,arithmetic,gsm8k_test_1317,cal,retain,H1_same_topic,svamp
pairs_arith_v2.csv,11788,arithmetic,gsm8k_test_1317,cal,retain,H3_predating,asdiv
pairs_arith_v2.csv,11789,arithmetic,gsm8k_test_1317,cal,retain,R_random,truthfulqa
pairs_arith_v2.csv,11815,arithmetic,gsm8k_test_1264,cal,retain,H2_gsm_symbolic,gsm_symbolic
pairs_arith_v2.csv,11816,arithmetic,gsm8k_test_1264,cal,retain,H2_gsm_symbolic,gsm_symbolic
pairs_arith_v2.csv,11817,arithmetic,gsm8k_test_1264,cal,retain,H2_gsm_symbolic_p1,gsm_symbolic_p1
pairs_arith_v2.csv,11818,arithmetic,gsm8k_test_1264,cal,retain,H2_gsm_symbolic_p2,gsm_symbolic_p2
pairs_arith_v2.csv,11827,arithmetic,gsm8k_test_0459,cal,retain,H2_gsm_symbolic,gsm_symbolic
pairs_arith_v2.csv,11828,arithmetic,gsm8k_test_0459,cal,retain,H2_gsm_symbolic,gsm_symbolic
pairs_arith_v2.csv,11829,arithmetic,gsm8k_test_0459,cal,retain,H2_gsm_symbolic_p1,gsm_symbolic_p1
pairs_arith_v2.csv,11830,arithmetic,gsm8k_test_0459,cal,retain,H2_gsm_symbolic_p2,gsm_symbolic_p2
pairs_arith_v2.csv,11839,arithmetic,gsm8k_test_1223,cal,retain,H2_gsm_symbolic,gsm_symbolic
pairs_arith_v2.csv,11840,arithmetic,gsm8k_test_1223,cal,retain,H2_gsm_symbolic,gsm_symbolic
pairs_arith_v2.csv,11841,arithmetic,gsm8k_test_1223,cal,retain,H2_gsm_symbolic_p1,gsm_symbolic_p1
pairs_arith_v2.csv,11842,arithmetic,gsm8k_test_1223,cal,retain,H2_gsm_symbolic_p2,gsm_symbolic_p2
pairs_arith_v2.csv,11847,arithmetic,gsm8k_test_0491,cal,retain,H2_gsm_symbolic,gsm_symbolic
pairs_arith_v2.csv,11848,arithmetic,gsm8k_test_0491,cal,retain,H2_gsm_symbolic,gsm_symbolic
pairs_arith_v2.csv,11849,arithmetic,gsm8k_test_0491,cal,retain,H2_gsm_symbolic_p1,gsm_symbolic_p1
pairs_arith_v2.csv,11850,arithmetic,gsm8k_test_0491,cal,retain,H2_gsm_symbolic_p2,gsm_symbolic_p2
pairs_arith_v2.csv,11879,arithmetic,gsm8k_test_1020,cal,retain,H2_gsm_symbolic,gsm_symbolic
pairs_arith_v2.csv,11880,arithmetic,gsm8k_test_1020,cal,retain,H2_gsm_symbolic,gsm_symbolic
pairs_arith_v2.csv,11881,arithmetic,gsm8k_test_1020,cal,retain,H2_gsm_symbolic_p1,gsm_symbolic_p1
pairs_arith_v2.csv,11882,arithmetic,gsm8k_test_1020,cal,retain,H2_gsm_symbolic_p2,gsm_symbolic_p2
pairs_arith_v2.csv,11899,arithmetic,gsm8k_test_0982,cal,retain,H2_gsm_symbolic,gsm_symbolic
pairs_arith_v2.csv,11900,arithmetic,gsm8k_test_0982,cal,retain,H2_gsm_symbolic,gsm_symbolic
pairs_arith_v2.csv,11901,arithmetic,gsm8k_test_0982,cal,retain,H2_gsm_symbolic_p1,gsm_symbolic_p1
pairs_arith_v2.csv,11902,arithmetic,gsm8k_test_0982,cal,retain,H2_gsm_symbolic_p2,gsm_symbolic_p2
pairs_arith_v2.csv,11915,arithmetic,gsm8k_test_0496,cal,retain,H2_gsm_symbolic,gsm_symbolic
pairs_arith_v2.csv,11916,arithmetic,gsm8k_test_0496,cal,retain,H2_gsm_symbolic,gsm_symbolic
pairs_arith_v2.csv,11917,arithmetic,gsm8k_test_0496,cal,retain,H2_gsm_symbolic_p1,gsm_symbolic_p1
pairs_arith_v2.csv,11918,arithmetic,gsm8k_test_0496,cal,retain,H2_gsm_symbolic_p2,gsm_symbolic_p2
pairs_arith_v2.csv,11923,arithmetic,gsm8k_test_1277,cal,retain,H2_gsm_symbolic,gsm_symbolic
pairs_arith_v2.csv,11924,arithmetic,gsm8k_test_1277,cal,retain,H2_gsm_symbolic,gsm_symbolic
pairs_arith_v2.csv,11925,arithmetic,gsm8k_test_1277,cal,retain,H2_gsm_symbolic_p1,gsm_symbolic_p1
pairs_arith_v2.csv,11926,arithmetic,gsm8k_test_1277,cal,retain,H2_gsm_symbolic_p2,gsm_symbolic_p2
pairs_arith_v2.csv,11931,arithmetic,gsm8k_test_0677,cal,retain,H2_gsm_symbolic,gsm_symbolic
pairs_arith_v2.csv,11932,arithmetic,gsm8k_test_0677,cal,retain,H2_gsm_symbolic,gsm_symbolic
pairs_arith_v2.csv,11933,arithmetic,gsm8k_test_0677,cal,retain,H2_gsm_symbolic_p1,gsm_symbolic_p1
pairs_arith_v2.csv,11934,arithmetic,gsm8k_test_0677,cal,retain,H2_gsm_symbolic_p2,gsm_symbolic_p2
pairs_arith_v2.csv,11943,arithmetic,gsm8k_test_0011,cal,retain,H2_gsm_symbolic,gsm_symbolic
pairs_arith_v2.csv,11944,arithmetic,gsm8k_test_0011,cal,retain,H2_gsm_symbolic,gsm_symbolic
pairs_arith_v2.csv,11945,arithmetic,gsm8k_test_0011,cal,retain,H2_gsm_symbolic_p1,gsm_symbolic_p1
pairs_arith_v2.csv,11946,arithmetic,gsm8k_test_0011,cal,retain,H2_gsm_symbolic_p2,gsm_symbolic_p2
pairs_arith_v2.csv,11975,arithmetic,gsm8k_test_0365,cal,retain,H2_gsm_symbolic,gsm_symbolic
pairs_arith_v2.csv,11976,arithmetic,gsm8k_test_0365,cal,retain,H2_gsm_symbolic,gsm_symbolic
pairs_arith_v2.csv,11977,arithmetic,gsm8k_test_0365,cal,retain,H2_gsm_symbolic_p1,gsm_symbolic_p1
pairs_arith_v2.csv,11978,arithmetic,gsm8k_test_0365,cal,retain,H2_gsm_symbolic_p2,gsm_symbolic_p2
pairs_arith_v2.csv,11983,arithmetic,gsm8k_test_1031,cal,retain,H2_gsm_symbolic,gsm_symbolic
pairs_arith_v2.csv,11984,arithmetic,gsm8k_test_1031,cal,retain,H2_gsm_symbolic,gsm_symbolic
pairs_arith_v2.csv,11985,arithmetic,gsm8k_test_1031,cal,retain,H2_gsm_symbolic_p1,gsm_symbolic_p1
pairs_arith_v2.csv,11986,arithmetic,gsm8k_test_1031,cal,retain,H2_gsm_symbolic_p2,gsm_symbolic_p2
pairs_arith_v2.csv,12005,arithmetic,gsm8k_test_0843,cal,retain,H2_gsm_symbolic,gsm_symbolic
pairs_arith_v2.csv,12006,arithmetic,gsm8k_test_0843,cal,retain,H2_gsm_symbolic,gsm_symbolic
pairs_arith_v2.csv,12007,arithmetic,gsm8k_test_0843,cal,retain,H2_gsm_symbolic_p1,gsm_symbolic_p1
pairs_arith_v2.csv,12014,arithmetic,gsm8k_test_0546,cal,retain,H2_gsm_symbolic,gsm_symbolic
pairs_arith_v2.csv,12015,arithmetic,gsm8k_test_0546,cal,retain,H2_gsm_symbolic,gsm_symbolic
pairs_arith_v2.csv,12016,arithmetic,gsm8k_test_0546,cal,retain,H2_gsm_symbolic_p1,gsm_symbolic_p1
pairs_arith_v2.csv,12029,arithmetic,gsm8k_test_0304,cal,retain,H2_gsm_symbolic,gsm_symbolic
pairs_arith_v2.csv,12030,arithmetic,gsm8k_test_0304,cal,retain,H2_gsm_symbolic,gsm_symbolic
pairs_arith_v2.csv,12031,arithmetic,gsm8k_test_0304,cal,retain,H2_gsm_symbolic_p1,gsm_symbolic_p1
pairs_arith_v2.csv,12032,arithmetic,gsm8k_test_1247,cal,retain,H2_gsm_symbolic,gsm_symbolic
pairs_arith_v2.csv,12033,arithmetic,gsm8k_test_1247,cal,retain,H2_gsm_symbolic,gsm_symbolic
pairs_arith_v2.csv,12034,arithmetic,gsm8k_test_1247,cal,retain,H2_gsm_symbolic_p1,gsm_symbolic_p1
pairs_arith_v2.csv,12056,arithmetic,gsm8k_test_0300,cal,retain,H2_gsm_symbolic,gsm_symbolic
pairs_arith_v2.csv,12057,arithmetic,gsm8k_test_0300,cal,retain,H2_gsm_symbolic,gsm_symbolic
pairs_arith_v2.csv,12058,arithmetic,gsm8k_test_0300,cal,retain,H2_gsm_symbolic_p1,gsm_symbolic_p1
pairs_arith_v2.csv,12065,arithmetic,gsm8k_test_0242,cal,retain,H2_gsm_symbolic,gsm_symbolic
pairs_arith_v2.csv,12066,arithmetic,gsm8k_test_0242,cal,retain,H2_gsm_symbolic,gsm_symbolic
pairs_arith_v2.csv,12067,arithmetic,gsm8k_test_0242,cal,retain,H2_gsm_symbolic_p1,gsm_symbolic_p1
pairs_arith_v2.csv,12071,arithmetic,gsm8k_test_0364,cal,retain,H2_gsm_symbolic,gsm_symbolic
pairs_arith_v2.csv,12072,arithmetic,gsm8k_test_0364,cal,retain,H2_gsm_symbolic,gsm_symbolic
pairs_arith_v2.csv,12073,arithmetic,gsm8k_test_0364,cal,retain,H2_gsm_symbolic_p1,gsm_symbolic_p1
pairs_arith_v2.csv,12074,arithmetic,gsm8k_test_1111,cal,retain,H2_gsm_symbolic,gsm_symbolic
pairs_arith_v2.csv,12075,arithmetic,gsm8k_test_1111,cal,retain,H2_gsm_symbolic,gsm_symbolic
pairs_arith_v2.csv,12076,arithmetic,gsm8k_test_1111,cal,retain,H2_gsm_symbolic_p1,gsm_symbolic_p1
pairs_arith_v2.csv,12077,arithmetic,gsm8k_test_1207,cal,retain,H2_gsm_symbolic,gsm_symbolic
pairs_arith_v2.csv,12078,arithmetic,gsm8k_test_1207,cal,retain,H2_gsm_symbolic,gsm_symbolic
pairs_arith_v2.csv,12079,arithmetic,gsm8k_test_1207,cal,retain,H2_gsm_symbolic_p1,gsm_symbolic_p1
pairs_arith_v2.csv,12095,arithmetic,gsm8k_test_0320,cal,retain,H2_gsm_symbolic,gsm_symbolic
pairs_arith_v2.csv,12096,arithmetic,gsm8k_test_0320,cal,retain,H2_gsm_symbolic,gsm_symbolic
pairs_arith_v2.csv,12097,arithmetic,gsm8k_test_0320,cal,retain,H2_gsm_symbolic_p1,gsm_symbolic_p1
pairs_arith_v2.csv,12110,arithmetic,gsm8k_test_1099,cal,retain,H2_gsm_symbolic,gsm_symbolic
pairs_arith_v2.csv,12111,arithmetic,gsm8k_test_1099,cal,retain,H2_gsm_symbolic,gsm_symbolic
pairs_arith_v2.csv,12112,arithmetic,gsm8k_test_1099,cal,retain,H2_gsm_symbolic_p1,gsm_symbolic_p1
pairs_arith_v2.csv,12116,arithmetic,gsm8k_test_0652,cal,retain,H2_gsm_symbolic,gsm_symbolic
pairs_arith_v2.csv,12117,arithmetic,gsm8k_test_0652,cal,retain,H2_gsm_symbolic,gsm_symbolic
pairs_arith_v2.csv,12118,arithmetic,gsm8k_test_0652,cal,retain,H2_gsm_symbolic_p1,gsm_symbolic_p1
pairs_arith_v2.csv,12122,arithmetic,gsm8k_test_0406,cal,retain,H2_gsm_symbolic,gsm_symbolic
pairs_arith_v2.csv,12123,arithmetic,gsm8k_test_0406,cal,retain,H2_gsm_symbolic,gsm_symbolic
pairs_arith_v2.csv,12124,arithmetic,gsm8k_test_0406,cal,retain,H2_gsm_symbolic_p1,gsm_symbolic_p1
pairs_arith_v2.csv,12128,arithmetic,gsm8k_test_0554,cal,retain,H2_gsm_symbolic,gsm_symbolic
pairs_arith_v2.csv,12129,arithmetic,gsm8k_test_0554,cal,retain,H2_gsm_symbolic,gsm_symbolic
pairs_arith_v2.csv,12130,arithmetic,gsm8k_test_0554,cal,retain,H2_gsm_symbolic_p1,gsm_symbolic_p1
pairs_arith_v2.csv,12140,arithmetic,gsm8k_test_0636,cal,retain,H2_gsm_symbolic,gsm_symbolic
pairs_arith_v2.csv,12141,arithmetic,gsm8k_test_0636,cal,retain,H2_gsm_symbolic,gsm_symbolic
pairs_arith_v2.csv,12142,arithmetic,gsm8k_test_0636,cal,retain,H2_gsm_symbolic_p1,gsm_symbolic_p1
pairs_arith_v2.csv,12146,arithmetic,gsm8k_test_1141,cal,retain,H2_gsm_symbolic,gsm_symbolic
pairs_arith_v2.csv,12147,arithmetic,gsm8k_test_1141,cal,retain,H2_gsm_symbolic,gsm_symbolic
pairs_arith_v2.csv,12148,arithmetic,gsm8k_test_1141,cal,retain,H2_gsm_symbolic_p1,gsm_symbolic_p1
pairs_mcq_v2.csv,41,mcq,mmlu_abstract_algebra_0007,cal,remove,C0_exact,mmlu_copy
pairs_mcq_v2.csv,42,mcq,mmlu_abstract_algebra_0007,cal,remove,C1_transformed,lmsys_rephrase
pairs_mcq_v2.csv,43,mcq,mmlu_abstract_algebra_0007,cal,remove,C2_answer_bearing,mmlu_answer_frag
pairs_mcq_v2.csv,44,mcq,mmlu_abstract_algebra_0007,cal,retain,H1_same_topic,mmlu_same_subject_other_item
pairs_mcq_v2.csv,45,mcq,mmlu_abstract_algebra_0007,cal,retain,H3_predating,logiqa
pairs_mcq_v2.csv,46,mcq,mmlu_abstract_algebra_0007,cal,retain,R_random,svamp
pairs_mcq_v2.csv,53,mcq,mmlu_abstract_algebra_0009,cal,remove,C0_exact,mmlu_copy
pairs_mcq_v2.csv,54,mcq,mmlu_abstract_algebra_0009,cal,remove,C1_transformed,lmsys_rephrase
pairs_mcq_v2.csv,55,mcq,mmlu_abstract_algebra_0009,cal,remove,C2_answer_bearing,mmlu_answer_frag
pairs_mcq_v2.csv,56,mcq,mmlu_abstract_algebra_0009,cal,retain,H1_same_topic,mmlu_same_subject_other_item
pairs_mcq_v2.csv,57,mcq,mmlu_abstract_algebra_0009,cal,retain,H3_predating,logiqa
pairs_mcq_v2.csv,58,mcq,mmlu_abstract_algebra_0009,cal,retain,R_random,svamp
pairs_mcq_v2.csv,83,mcq,mmlu_abstract_algebra_0014,cal,remove,C0_exact,mmlu_copy
pairs_mcq_v2.csv,84,mcq,mmlu_abstract_algebra_0014,cal,remove,C1_transformed,lmsys_rephrase
pairs_mcq_v2.csv,85,mcq,mmlu_abstract_algebra_0014,cal,remove,C2_answer_bearing,mmlu_answer_frag
pairs_mcq_v2.csv,86,mcq,mmlu_abstract_algebra_0014,cal,retain,H1_same_topic,mmlu_same_subject_other_item
pairs_mcq_v2.csv,87,mcq,mmlu_abstract_algebra_0014,cal,retain,H3_predating,logiqa
pairs_mcq_v2.csv,88,mcq,mmlu_abstract_algebra_0014,cal,retain,R_random,svamp
pairs_mcq_v2.csv,107,mcq,mmlu_abstract_algebra_0018,cal,remove,C0_exact,mmlu_copy
pairs_mcq_v2.csv,108,mcq,mmlu_abstract_algebra_0018,cal,remove,C1_transformed,lmsys_rephrase
pairs_mcq_v2.csv,109,mcq,mmlu_abstract_algebra_0018,cal,remove,C2_answer_bearing,mmlu_answer_frag
pairs_mcq_v2.csv,110,mcq,mmlu_abstract_algebra_0018,cal,retain,H1_same_topic,mmlu_same_subject_other_item
pairs_mcq_v2.csv,111,mcq,mmlu_abstract_algebra_0018,cal,retain,H3_predating,logiqa
pairs_mcq_v2.csv,112,mcq,mmlu_abstract_algebra_0018,cal,retain,R_random,svamp
pairs_mcq_v2.csv,119,mcq,mmlu_abstract_algebra_0020,cal,remove,C0_exact,mmlu_copy
pairs_mcq_v2.csv,120,mcq,mmlu_abstract_algebra_0020,cal,remove,C1_transformed,lmsys_rephrase
pairs_mcq_v2.csv,121,mcq,mmlu_abstract_algebra_0020,cal,remove,C2_answer_bearing,mmlu_answer_frag
pairs_mcq_v2.csv,122,mcq,mmlu_abstract_algebra_0020,cal,retain,H1_same_topic,mmlu_same_subject_other_item
pairs_mcq_v2.csv,123,mcq,mmlu_abstract_algebra_0020,cal,retain,H3_predating,logiqa
pairs_mcq_v2.csv,124,mcq,mmlu_abstract_algebra_0020,cal,retain,R_random,svamp
pairs_mcq_v2.csv,155,mcq,mmlu_abstract_algebra_0026,cal,remove,C0_exact,mmlu_copy
pairs_mcq_v2.csv,156,mcq,mmlu_abstract_algebra_0026,cal,remove,C1_transformed,lmsys_rephrase
pairs_mcq_v2.csv,157,mcq,mmlu_abstract_algebra_0026,cal,remove,C2_answer_bearing,mmlu_answer_frag
pairs_mcq_v2.csv,158,mcq,mmlu_abstract_algebra_0026,cal,retain,H1_same_topic,mmlu_same_subject_other_item
pairs_mcq_v2.csv,159,mcq,mmlu_abstract_algebra_0026,cal,retain,H3_predating,logiqa
pairs_mcq_v2.csv,160,mcq,mmlu_abstract_algebra_0026,cal,retain,R_random,svamp
pairs_mcq_v2.csv,179,mcq,mmlu_abstract_algebra_0030,cal,remove,C0_exact,mmlu_copy
pairs_mcq_v2.csv,180,mcq,mmlu_abstract_algebra_0030,cal,remove,C1_transformed,lmsys_rephrase
pairs_mcq_v2.csv,181,mcq,mmlu_abstract_algebra_0030,cal,remove,C2_answer_bearing,mmlu_answer_frag
pairs_mcq_v2.csv,182,mcq,mmlu_abstract_algebra_0030,cal,retain,H1_same_topic,mmlu_same_subject_other_item
pairs_mcq_v2.csv,183,mcq,mmlu_abstract_algebra_0030,cal,retain,H3_predating,logiqa
pairs_mcq_v2.csv,184,mcq,mmlu_abstract_algebra_0030,cal,retain,R_random,svamp
pairs_mcq_v2.csv,191,mcq,mmlu_abstract_algebra_0032,cal,remove,C0_exact,mmlu_copy
pairs_mcq_v2.csv,192,mcq,mmlu_abstract_algebra_0032,cal,remove,C2_answer_bearing,mmlu_answer_frag
pairs_mcq_v2.csv,193,mcq,mmlu_abstract_algebra_0032,cal,retain,H1_same_topic,mmlu_same_subject_other_item
pairs_mcq_v2.csv,194,mcq,mmlu_abstract_algebra_0032,cal,retain,H3_predating,logiqa
pairs_mcq_v2.csv,195,mcq,mmlu_abstract_algebra_0032,cal,retain,R_random,svamp
pairs_mcq_v2.csv,196,mcq,mmlu_abstract_algebra_0033,cal,remove,C0_exact,mmlu_copy
pairs_mcq_v2.csv,197,mcq,mmlu_abstract_algebra_0033,cal,remove,C1_transformed,lmsys_rephrase
pairs_mcq_v2.csv,198,mcq,mmlu_abstract_algebra_0033,cal,remove,C2_answer_bearing,mmlu_answer_frag
pairs_mcq_v2.csv,199,mcq,mmlu_abstract_algebra_0033,cal,retain,H1_same_topic,mmlu_same_subject_other_item
pairs_mcq_v2.csv,200,mcq,mmlu_abstract_algebra_0033,cal,retain,H3_predating,logiqa
pairs_mcq_v2.csv,201,mcq,mmlu_abstract_algebra_0033,cal,retain,R_random,svamp
pairs_mcq_v2.csv,243,mcq,mmlu_abstract_algebra_0041,cal,remove,C0_exact,mmlu_copy
pairs_mcq_v2.csv,244,mcq,mmlu_abstract_algebra_0041,cal,remove,C1_transformed,lmsys_rephrase
pairs_mcq_v2.csv,245,mcq,mmlu_abstract_algebra_0041,cal,remove,C2_answer_bearing,mmlu_answer_frag
pairs_mcq_v2.csv,246,mcq,mmlu_abstract_algebra_0041,cal,retain,H1_same_topic,mmlu_same_subject_other_item
pairs_mcq_v2.csv,247,mcq,mmlu_abstract_algebra_0041,cal,retain,H3_predating,logiqa
pairs_mcq_v2.csv,248,mcq,mmlu_abstract_algebra_0041,cal,retain,R_random,svamp
pairs_mcq_v2.csv,266,mcq,mmlu_abstract_algebra_0045,cal,remove,C0_exact,mmlu_copy
pairs_mcq_v2.csv,267,mcq,mmlu_abstract_algebra_0045,cal,remove,C1_transformed,lmsys_rephrase
pairs_mcq_v2.csv,268,mcq,mmlu_abstract_algebra_0045,cal,remove,C2_answer_bearing,mmlu_answer_frag
pairs_mcq_v2.csv,269,mcq,mmlu_abstract_algebra_0045,cal,retain,H1_same_topic,mmlu_same_subject_other_item
pairs_mcq_v2.csv,270,mcq,mmlu_abstract_algebra_0045,cal,retain,H3_predating,logiqa
pairs_mcq_v2.csv,271,mcq,mmlu_abstract_algebra_0045,cal,retain,R_random,svamp
pairs_mcq_v2.csv,308,mcq,mmlu_abstract_algebra_0052,cal,remove,C0_exact,mmlu_copy
pairs_mcq_v2.csv,309,mcq,mmlu_abstract_algebra_0052,cal,remove,C1_transformed,lmsys_rephrase
pairs_mcq_v2.csv,310,mcq,mmlu_abstract_algebra_0052,cal,remove,C2_answer_bearing,mmlu_answer_frag
pairs_mcq_v2.csv,311,mcq,mmlu_abstract_algebra_0052,cal,retain,H1_same_topic,mmlu_same_subject_other_item
pairs_mcq_v2.csv,312,mcq,mmlu_abstract_algebra_0052,cal,retain,H3_predating,logiqa
pairs_mcq_v2.csv,313,mcq,mmlu_abstract_algebra_0052,cal,retain,R_random,svamp
pairs_mcq_v2.csv,326,mcq,mmlu_abstract_algebra_0055,cal,remove,C0_exact,mmlu_copy
pairs_mcq_v2.csv,327,mcq,mmlu_abstract_algebra_0055,cal,remove,C1_transformed,lmsys_rephrase
pairs_mcq_v2.csv,328,mcq,mmlu_abstract_algebra_0055,cal,remove,C2_answer_bearing,mmlu_answer_frag
pairs_mcq_v2.csv,329,mcq,mmlu_abstract_algebra_0055,cal,retain,H1_same_topic,mmlu_same_subject_other_item
pairs_mcq_v2.csv,330,mcq,mmlu_abstract_algebra_0055,cal,retain,H3_predating,logiqa
pairs_mcq_v2.csv,331,mcq,mmlu_abstract_algebra_0055,cal,retain,R_random,svamp
pairs_mcq_v2.csv,338,mcq,mmlu_abstract_algebra_0057,cal,remove,C0_exact,mmlu_copy
pairs_mcq_v2.csv,339,mcq,mmlu_abstract_algebra_0057,cal,remove,C1_transformed,lmsys_rephrase
pairs_mcq_v2.csv,340,mcq,mmlu_abstract_algebra_0057,cal,remove,C2_answer_bearing,mmlu_answer_frag
pairs_mcq_v2.csv,341,mcq,mmlu_abstract_algebra_0057,cal,retain,H1_same_topic,mmlu_same_subject_other_item
pairs_mcq_v2.csv,342,mcq,mmlu_abstract_algebra_0057,cal,retain,H3_predating,logiqa
pairs_mcq_v2.csv,343,mcq,mmlu_abstract_algebra_0057,cal,retain,R_random,svamp
pairs_mcq_v2.csv,350,mcq,mmlu_abstract_algebra_0059,cal,remove,C0_exact,mmlu_copy
pairs_mcq_v2.csv,351,mcq,mmlu_abstract_algebra_0059,cal,remove,C1_transformed,lmsys_rephrase
pairs_mcq_v2.csv,352,mcq,mmlu_abstract_algebra_0059,cal,remove,C2_answer_bearing,mmlu_answer_frag
pairs_mcq_v2.csv,353,mcq,mmlu_abstract_algebra_0059,cal,retain,H1_same_topic,mmlu_same_subject_other_item
pairs_mcq_v2.csv,354,mcq,mmlu_abstract_algebra_0059,cal,retain,H3_predating,logiqa
pairs_mcq_v2.csv,355,mcq,mmlu_abstract_algebra_0059,cal,retain,R_random,svamp
pairs_mcq_v2.csv,356,mcq,mmlu_abstract_algebra_0060,cal,remove,C0_exact,mmlu_copy
pairs_mcq_v2.csv,357,mcq,mmlu_abstract_algebra_0060,cal,remove,C1_transformed,lmsys_rephrase
pairs_mcq_v2.csv,358,mcq,mmlu_abstract_algebra_0060,cal,remove,C2_answer_bearing,mmlu_answer_frag
pairs_mcq_v2.csv,359,mcq,mmlu_abstract_algebra_0060,cal,retain,H1_same_topic,mmlu_same_subject_other_item
pairs_mcq_v2.csv,360,mcq,mmlu_abstract_algebra_0060,cal,retain,H3_predating,logiqa
pairs_mcq_v2.csv,361,mcq,mmlu_abstract_algebra_0060,cal,retain,R_random,svamp
pairs_mcq_v2.csv,374,mcq,mmlu_abstract_algebra_0063,cal,remove,C0_exact,mmlu_copy
pairs_mcq_v2.csv,375,mcq,mmlu_abstract_algebra_0063,cal,remove,C1_transformed,lmsys_rephrase
pairs_mcq_v2.csv,376,mcq,mmlu_abstract_algebra_0063,cal,remove,C2_answer_bearing,mmlu_answer_frag
pairs_mcq_v2.csv,377,mcq,mmlu_abstract_algebra_0063,cal,retain,H1_same_topic,mmlu_same_subject_other_item
pairs_mcq_v2.csv,378,mcq,mmlu_abstract_algebra_0063,cal,retain,H3_predating,logiqa
pairs_mcq_v2.csv,379,mcq,mmlu_abstract_algebra_0063,cal,retain,R_random,svamp
pairs_mcq_v2.csv,386,mcq,mmlu_abstract_algebra_0065,cal,remove,C0_exact,mmlu_copy
pairs_mcq_v2.csv,387,mcq,mmlu_abstract_algebra_0065,cal,remove,C1_transformed,lmsys_rephrase
pairs_mcq_v2.csv,388,mcq,mmlu_abstract_algebra_0065,cal,remove,C2_answer_bearing,mmlu_answer_frag
pairs_mcq_v2.csv,389,mcq,mmlu_abstract_algebra_0065,cal,retain,H1_same_topic,mmlu_same_subject_other_item
pairs_mcq_v2.csv,390,mcq,mmlu_abstract_algebra_0065,cal,retain,H3_predating,logiqa
pairs_mcq_v2.csv,391,mcq,mmlu_abstract_algebra_0065,cal,retain,R_random,svamp
pairs_mcq_v2.csv,446,mcq,mmlu_abstract_algebra_0075,cal,remove,C0_exact,mmlu_copy
pairs_mcq_v2.csv,447,mcq,mmlu_abstract_algebra_0075,cal,remove,C1_transformed,lmsys_rephrase
pairs_mcq_v2.csv,448,mcq,mmlu_abstract_algebra_0075,cal,remove,C2_answer_bearing,mmlu_answer_frag
pairs_mcq_v2.csv,449,mcq,mmlu_abstract_algebra_0075,cal,retain,H1_same_topic,mmlu_same_subject_other_item
pairs_mcq_v2.csv,450,mcq,mmlu_abstract_algebra_0075,cal,retain,H3_predating,logiqa
pairs_mcq_v2.csv,451,mcq,mmlu_abstract_algebra_0075,cal,retain,R_random,svamp
pairs_mcq_v2.csv,470,mcq,mmlu_abstract_algebra_0079,cal,remove,C0_exact,mmlu_copy
pairs_mcq_v2.csv,471,mcq,mmlu_abstract_algebra_0079,cal,remove,C1_transformed,lmsys_rephrase
pairs_mcq_v2.csv,472,mcq,mmlu_abstract_algebra_0079,cal,remove,C2_answer_bearing,mmlu_answer_frag
pairs_mcq_v2.csv,473,mcq,mmlu_abstract_algebra_0079,cal,retain,H1_same_topic,mmlu_same_subject_other_item
pairs_mcq_v2.csv,474,mcq,mmlu_abstract_algebra_0079,cal,retain,H3_predating,logiqa
pairs_mcq_v2.csv,475,mcq,mmlu_abstract_algebra_0079,cal,retain,R_random,svamp
pairs_mcq_v2.csv,494,mcq,mmlu_abstract_algebra_0083,cal,remove,C0_exact,mmlu_copy
pairs_mcq_v2.csv,495,mcq,mmlu_abstract_algebra_0083,cal,remove,C1_transformed,lmsys_rephrase
pairs_mcq_v2.csv,496,mcq,mmlu_abstract_algebra_0083,cal,remove,C2_answer_bearing,mmlu_answer_frag
pairs_mcq_v2.csv,497,mcq,mmlu_abstract_algebra_0083,cal,retain,H1_same_topic,mmlu_same_subject_other_item
pairs_mcq_v2.csv,498,mcq,mmlu_abstract_algebra_0083,cal,retain,H3_predating,logiqa
pairs_mcq_v2.csv,499,mcq,mmlu_abstract_algebra_0083,cal,retain,R_random,svamp
pairs_mcq_v2.csv,524,mcq,mmlu_abstract_algebra_0088,cal,remove,C0_exact,mmlu_copy
pairs_mcq_v2.csv,525,mcq,mmlu_abstract_algebra_0088,cal,remove,C1_transformed,lmsys_rephrase
pairs_mcq_v2.csv,526,mcq,mmlu_abstract_algebra_0088,cal,remove,C2_answer_bearing,mmlu_answer_frag
pairs_mcq_v2.csv,527,mcq,mmlu_abstract_algebra_0088,cal,retain,H1_same_topic,mmlu_same_subject_other_item
pairs_mcq_v2.csv,528,mcq,mmlu_abstract_algebra_0088,cal,retain,H3_predating,logiqa
pairs_mcq_v2.csv,529,mcq,mmlu_abstract_algebra_0088,cal,retain,R_random,svamp
pairs_mcq_v2.csv,536,mcq,mmlu_abstract_algebra_0090,cal,remove,C0_exact,mmlu_copy
pairs_mcq_v2.csv,537,mcq,mmlu_abstract_algebra_0090,cal,remove,C1_transformed,lmsys_rephrase
pairs_mcq_v2.csv,538,mcq,mmlu_abstract_algebra_0090,cal,remove,C2_answer_bearing,mmlu_answer_frag
pairs_mcq_v2.csv,539,mcq,mmlu_abstract_algebra_0090,cal,retain,H1_same_topic,mmlu_same_subject_other_item
pairs_mcq_v2.csv,540,mcq,mmlu_abstract_algebra_0090,cal,retain,H3_predating,logiqa
pairs_mcq_v2.csv,541,mcq,mmlu_abstract_algebra_0090,cal,retain,R_random,svamp
pairs_mcq_v2.csv,542,mcq,mmlu_abstract_algebra_0091,cal,remove,C0_exact,mmlu_copy
pairs_mcq_v2.csv,543,mcq,mmlu_abstract_algebra_0091,cal,remove,C1_transformed,lmsys_rephrase
pairs_mcq_v2.csv,544,mcq,mmlu_abstract_algebra_0091,cal,remove,C2_answer_bearing,mmlu_answer_frag
pairs_mcq_v2.csv,545,mcq,mmlu_abstract_algebra_0091,cal,retain,H1_same_topic,mmlu_same_subject_other_item
pairs_mcq_v2.csv,546,mcq,mmlu_abstract_algebra_0091,cal,retain,H3_predating,logiqa
pairs_mcq_v2.csv,547,mcq,mmlu_abstract_algebra_0091,cal,retain,R_random,svamp
pairs_mcq_v2.csv,548,mcq,mmlu_abstract_algebra_0092,cal,remove,C0_exact,mmlu_copy
pairs_mcq_v2.csv,549,mcq,mmlu_abstract_algebra_0092,cal,remove,C1_transformed,lmsys_rephrase
pairs_mcq_v2.csv,550,mcq,mmlu_abstract_algebra_0092,cal,remove,C2_answer_bearing,mmlu_answer_frag
pairs_mcq_v2.csv,551,mcq,mmlu_abstract_algebra_0092,cal,retain,H1_same_topic,mmlu_same_subject_other_item
pairs_mcq_v2.csv,552,mcq,mmlu_abstract_algebra_0092,cal,retain,H3_predating,logiqa
pairs_mcq_v2.csv,553,mcq,mmlu_abstract_algebra_0092,cal,retain,R_random,svamp
pairs_mcq_v2.csv,566,mcq,mmlu_abstract_algebra_0095,cal,remove,C0_exact,mmlu_copy
pairs_mcq_v2.csv,567,mcq,mmlu_abstract_algebra_0095,cal,remove,C1_transformed,lmsys_rephrase
pairs_mcq_v2.csv,568,mcq,mmlu_abstract_algebra_0095,cal,remove,C2_answer_bearing,mmlu_answer_frag
pairs_mcq_v2.csv,569,mcq,mmlu_abstract_algebra_0095,cal,retain,H1_same_topic,mmlu_same_subject_other_item
pairs_mcq_v2.csv,570,mcq,mmlu_abstract_algebra_0095,cal,retain,H3_predating,logiqa
pairs_mcq_v2.csv,571,mcq,mmlu_abstract_algebra_0095,cal,retain,R_random,svamp
pairs_mcq_v2.csv,578,mcq,mmlu_abstract_algebra_0097,cal,remove,C0_exact,mmlu_copy
pairs_mcq_v2.csv,579,mcq,mmlu_abstract_algebra_0097,cal,remove,C1_transformed,lmsys_rephrase
pairs_mcq_v2.csv,580,mcq,mmlu_abstract_algebra_0097,cal,remove,C2_answer_bearing,mmlu_answer_frag
pairs_mcq_v2.csv,581,mcq,mmlu_abstract_algebra_0097,cal,retain,H1_same_topic,mmlu_same_subject_other_item
pairs_mcq_v2.csv,582,mcq,mmlu_abstract_algebra_0097,cal,retain,H3_predating,logiqa
pairs_mcq_v2.csv,583,mcq,mmlu_abstract_algebra_0097,cal,retain,R_random,svamp
pairs_mcq_v2.csv,584,mcq,mmlu_abstract_algebra_0098,cal,remove,C0_exact,mmlu_copy
pairs_mcq_v2.csv,585,mcq,mmlu_abstract_algebra_0098,cal,remove,C1_transformed,lmsys_rephrase
pairs_mcq_v2.csv,586,mcq,mmlu_abstract_algebra_0098,cal,remove,C2_answer_bearing,mmlu_answer_frag
pairs_mcq_v2.csv,587,mcq,mmlu_abstract_algebra_0098,cal,retain,H1_same_topic,mmlu_same_subject_other_item
pairs_mcq_v2.csv,588,mcq,mmlu_abstract_algebra_0098,cal,retain,H3_predating,logiqa
pairs_mcq_v2.csv,589,mcq,mmlu_abstract_algebra_0098,cal,retain,R_random,svamp
pairs_mcq_v2.csv,596,mcq,mmlu_high_school_us_history_0000,cal,remove,C0_exact,mmlu_copy
pairs_mcq_v2.csv,597,mcq,mmlu_high_school_us_history_0000,cal,remove,C1_transformed,lmsys_rephrase
pairs_mcq_v2.csv,598,mcq,mmlu_high_school_us_history_0000,cal,remove,C2_answer_bearing,mmlu_answer_frag
pairs_mcq_v2.csv,599,mcq,mmlu_high_school_us_history_0000,cal,retain,H1_same_topic,mmlu_same_subject_other_item
pairs_mcq_v2.csv,600,mcq,mmlu_high_school_us_history_0000,cal,retain,H3_predating,logiqa
pairs_mcq_v2.csv,601,mcq,mmlu_high_school_us_history_0000,cal,retain,R_random,svamp
pairs_mcq_v2.csv,607,mcq,mmlu_high_school_us_history_0002,cal,remove,C0_exact,mmlu_copy
pairs_mcq_v2.csv,608,mcq,mmlu_high_school_us_history_0002,cal,remove,C1_transformed,lmsys_rephrase
pairs_mcq_v2.csv,609,mcq,mmlu_high_school_us_history_0002,cal,remove,C2_answer_bearing,mmlu_answer_frag
pairs_mcq_v2.csv,610,mcq,mmlu_high_school_us_history_0002,cal,retain,H1_same_topic,mmlu_same_subject_other_item
pairs_mcq_v2.csv,611,mcq,mmlu_high_school_us_history_0002,cal,retain,H3_predating,logiqa
pairs_mcq_v2.csv,612,mcq,mmlu_high_school_us_history_0002,cal,retain,R_random,svamp
pairs_mcq_v2.csv,631,mcq,mmlu_high_school_us_history_0006,cal,remove,C0_exact,mmlu_copy
pairs_mcq_v2.csv,632,mcq,mmlu_high_school_us_history_0006,cal,remove,C1_transformed,lmsys_rephrase
pairs_mcq_v2.csv,633,mcq,mmlu_high_school_us_history_0006,cal,remove,C2_answer_bearing,mmlu_answer_frag
pairs_mcq_v2.csv,634,mcq,mmlu_high_school_us_history_0006,cal,retain,H1_same_topic,mmlu_same_subject_other_item
pairs_mcq_v2.csv,635,mcq,mmlu_high_school_us_history_0006,cal,retain,H3_predating,logiqa
pairs_mcq_v2.csv,636,mcq,mmlu_high_school_us_history_0006,cal,retain,R_random,svamp
pairs_mcq_v2.csv,714,mcq,mmlu_high_school_us_history_0020,cal,remove,C0_exact,mmlu_copy
pairs_mcq_v2.csv,715,mcq,mmlu_high_school_us_history_0020,cal,remove,C1_transformed,lmsys_rephrase
pairs_mcq_v2.csv,716,mcq,mmlu_high_school_us_history_0020,cal,remove,C2_answer_bearing,mmlu_answer_frag
pairs_mcq_v2.csv,717,mcq,mmlu_high_school_us_history_0020,cal,retain,H1_same_topic,mmlu_same_subject_other_item
pairs_mcq_v2.csv,718,mcq,mmlu_high_school_us_history_0020,cal,retain,H3_predating,logiqa
pairs_mcq_v2.csv,719,mcq,mmlu_high_school_us_history_0020,cal,retain,R_random,svamp
pairs_mcq_v2.csv,720,mcq,mmlu_high_school_us_history_0021,cal,remove,C0_exact,mmlu_copy
pairs_mcq_v2.csv,721,mcq,mmlu_high_school_us_history_0021,cal,remove,C1_transformed,lmsys_rephrase
pairs_mcq_v2.csv,722,mcq,mmlu_high_school_us_history_0021,cal,remove,C2_answer_bearing,mmlu_answer_frag
pairs_mcq_v2.csv,723,mcq,mmlu_high_school_us_history_0021,cal,retain,H1_same_topic,mmlu_same_subject_other_item
pairs_mcq_v2.csv,724,mcq,mmlu_high_school_us_history_0021,cal,retain,H3_predating,logiqa
pairs_mcq_v2.csv,725,mcq,mmlu_high_school_us_history_0021,cal,retain,R_random,svamp
pairs_mcq_v2.csv,726,mcq,mmlu_high_school_us_history_0022,cal,remove,C0_exact,mmlu_copy
pairs_mcq_v2.csv,727,mcq,mmlu_high_school_us_history_0022,cal,remove,C1_transformed,lmsys_rephrase
pairs_mcq_v2.csv,728,mcq,mmlu_high_school_us_history_0022,cal,remove,C2_answer_bearing,mmlu_answer_frag
pairs_mcq_v2.csv,729,mcq,mmlu_high_school_us_history_0022,cal,retain,H1_same_topic,mmlu_same_subject_other_item
pairs_mcq_v2.csv,730,mcq,mmlu_high_school_us_history_0022,cal,retain,H3_predating,logiqa
pairs_mcq_v2.csv,731,mcq,mmlu_high_school_us_history_0022,cal,retain,R_random,svamp
pairs_mcq_v2.csv,732,mcq,mmlu_high_school_us_history_0023,cal,remove,C0_exact,mmlu_copy
pairs_mcq_v2.csv,733,mcq,mmlu_high_school_us_history_0023,cal,remove,C1_transformed,lmsys_rephrase
pairs_mcq_v2.csv,734,mcq,mmlu_high_school_us_history_0023,cal,remove,C2_answer_bearing,mmlu_answer_frag
pairs_mcq_v2.csv,735,mcq,mmlu_high_school_us_history_0023,cal,retain,H1_same_topic,mmlu_same_subject_other_item
pairs_mcq_v2.csv,736,mcq,mmlu_high_school_us_history_0023,cal,retain,H3_predating,logiqa
pairs_mcq_v2.csv,737,mcq,mmlu_high_school_us_history_0023,cal,retain,R_random,svamp
pairs_mcq_v2.csv,750,mcq,mmlu_high_school_us_history_0026,cal,remove,C0_exact,mmlu_copy
pairs_mcq_v2.csv,751,mcq,mmlu_high_school_us_history_0026,cal,remove,C1_transformed,lmsys_rephrase
pairs_mcq_v2.csv,752,mcq,mmlu_high_school_us_history_0026,cal,remove,C2_answer_bearing,mmlu_answer_frag
pairs_mcq_v2.csv,753,mcq,mmlu_high_school_us_history_0026,cal,retain,H1_same_topic,mmlu_same_subject_other_item
pairs_mcq_v2.csv,754,mcq,mmlu_high_school_us_history_0026,cal,retain,H3_predating,logiqa
pairs_mcq_v2.csv,755,mcq,mmlu_high_school_us_history_0026,cal,retain,R_random,svamp
pairs_mcq_v2.csv,756,mcq,mmlu_high_school_us_history_0027,cal,remove,C0_exact,mmlu_copy
pairs_mcq_v2.csv,757,mcq,mmlu_high_school_us_history_0027,cal,remove,C1_transformed,lmsys_rephrase
pairs_mcq_v2.csv,758,mcq,mmlu_high_school_us_history_0027,cal,remove,C2_answer_bearing,mmlu_answer_frag
pairs_mcq_v2.csv,759,mcq,mmlu_high_school_us_history_0027,cal,retain,H1_same_topic,mmlu_same_subject_other_item
pairs_mcq_v2.csv,760,mcq,mmlu_high_school_us_history_0027,cal,retain,H3_predating,logiqa
pairs_mcq_v2.csv,761,mcq,mmlu_high_school_us_history_0027,cal,retain,R_random,svamp
pairs_mcq_v2.csv,762,mcq,mmlu_high_school_us_history_0028,cal,remove,C0_exact,mmlu_copy
pairs_mcq_v2.csv,763,mcq,mmlu_high_school_us_history_0028,cal,remove,C1_transformed,lmsys_rephrase
pairs_mcq_v2.csv,764,mcq,mmlu_high_school_us_history_0028,cal,remove,C2_answer_bearing,mmlu_answer_frag
pairs_mcq_v2.csv,765,mcq,mmlu_high_school_us_history_0028,cal,retain,H1_same_topic,mmlu_same_subject_other_item
pairs_mcq_v2.csv,766,mcq,mmlu_high_school_us_history_0028,cal,retain,H3_predating,logiqa
pairs_mcq_v2.csv,767,mcq,mmlu_high_school_us_history_0028,cal,retain,R_random,svamp
pairs_mcq_v2.csv,827,mcq,mmlu_high_school_us_history_0039,cal,remove,C0_exact,mmlu_copy
pairs_mcq_v2.csv,828,mcq,mmlu_high_school_us_history_0039,cal,remove,C1_transformed,lmsys_rephrase
pairs_mcq_v2.csv,829,mcq,mmlu_high_school_us_history_0039,cal,remove,C2_answer_bearing,mmlu_answer_frag
pairs_mcq_v2.csv,830,mcq,mmlu_high_school_us_history_0039,cal,retain,H1_same_topic,mmlu_same_subject_other_item
pairs_mcq_v2.csv,831,mcq,mmlu_high_school_us_history_0039,cal,retain,H3_predating,logiqa
pairs_mcq_v2.csv,832,mcq,mmlu_high_school_us_history_0039,cal,retain,R_random,svamp
pairs_mcq_v2.csv,833,mcq,mmlu_high_school_us_history_0040,cal,remove,C0_exact,mmlu_copy
pairs_mcq_v2.csv,834,mcq,mmlu_high_school_us_history_0040,cal,remove,C1_transformed,lmsys_rephrase
pairs_mcq_v2.csv,835,mcq,mmlu_high_school_us_history_0040,cal,remove,C2_answer_bearing,mmlu_answer_frag
pairs_mcq_v2.csv,836,mcq,mmlu_high_school_us_history_0040,cal,retain,H1_same_topic,mmlu_same_subject_other_item
pairs_mcq_v2.csv,837,mcq,mmlu_high_school_us_history_0040,cal,retain,H3_predating,logiqa
pairs_mcq_v2.csv,838,mcq,mmlu_high_school_us_history_0040,cal,retain,R_random,svamp
pairs_mcq_v2.csv,857,mcq,mmlu_high_school_us_history_0044,cal,remove,C0_exact,mmlu_copy
pairs_mcq_v2.csv,858,mcq,mmlu_high_school_us_history_0044,cal,remove,C1_transformed,lmsys_rephrase
pairs_mcq_v2.csv,859,mcq,mmlu_high_school_us_history_0044,cal,remove,C2_answer_bearing,mmlu_answer_frag
pairs_mcq_v2.csv,860,mcq,mmlu_high_school_us_history_0044,cal,retain,H1_same_topic,mmlu_same_subject_other_item
pairs_mcq_v2.csv,861,mcq,mmlu_high_school_us_history_0044,cal,retain,H3_predating,logiqa
pairs_mcq_v2.csv,862,mcq,mmlu_high_school_us_history_0044,cal,retain,R_random,svamp
pairs_mcq_v2.csv,863,mcq,mmlu_high_school_us_history_0045,cal,remove,C0_exact,mmlu_copy
pairs_mcq_v2.csv,864,mcq,mmlu_high_school_us_history_0045,cal,remove,C2_answer_bearing,mmlu_answer_frag
pairs_mcq_v2.csv,865,mcq,mmlu_high_school_us_history_0045,cal,retain,H1_same_topic,mmlu_same_subject_other_item
pairs_mcq_v2.csv,866,mcq,mmlu_high_school_us_history_0045,cal,retain,H3_predating,logiqa
pairs_mcq_v2.csv,867,mcq,mmlu_high_school_us_history_0045,cal,retain,R_random,svamp
pairs_mcq_v2.csv,886,mcq,mmlu_high_school_us_history_0049,cal,remove,C0_exact,mmlu_copy
pairs_mcq_v2.csv,887,mcq,mmlu_high_school_us_history_0049,cal,remove,C1_transformed,lmsys_rephrase
pairs_mcq_v2.csv,888,mcq,mmlu_high_school_us_history_0049,cal,remove,C2_answer_bearing,mmlu_answer_frag
pairs_mcq_v2.csv,889,mcq,mmlu_high_school_us_history_0049,cal,retain,H1_same_topic,mmlu_same_subject_other_item
pairs_mcq_v2.csv,890,mcq,mmlu_high_school_us_history_0049,cal,retain,H3_predating,logiqa
pairs_mcq_v2.csv,891,mcq,mmlu_high_school_us_history_0049,cal,retain,R_random,svamp
pairs_mcq_v2.csv,892,mcq,mmlu_high_school_us_history_0050,cal,remove,C0_exact,mmlu_copy
pairs_mcq_v2.csv,893,mcq,mmlu_high_school_us_history_0050,cal,remove,C1_transformed,lmsys_rephrase
pairs_mcq_v2.csv,894,mcq,mmlu_high_school_us_history_0050,cal,remove,C2_answer_bearing,mmlu_answer_frag
pairs_mcq_v2.csv,895,mcq,mmlu_high_school_us_history_0050,cal,retain,H1_same_topic,mmlu_same_subject_other_item
pairs_mcq_v2.csv,896,mcq,mmlu_high_school_us_history_0050,cal,retain,H3_predating,logiqa
pairs_mcq_v2.csv,897,mcq,mmlu_high_school_us_history_0050,cal,retain,R_random,svamp
pairs_mcq_v2.csv,898,mcq,mmlu_high_school_us_history_0051,cal,remove,C0_exact,mmlu_copy
pairs_mcq_v2.csv,899,mcq,mmlu_high_school_us_history_0051,cal,remove,C1_transformed,lmsys_rephrase
pairs_mcq_v2.csv,900,mcq,mmlu_high_school_us_history_0051,cal,remove,C2_answer_bearing,mmlu_answer_frag
pairs_mcq_v2.csv,901,mcq,mmlu_high_school_us_history_0051,cal,retain,H1_same_topic,mmlu_same_subject_other_item
pairs_mcq_v2.csv,902,mcq,mmlu_high_school_us_history_0051,cal,retain,H3_predating,logiqa
pairs_mcq_v2.csv,903,mcq,mmlu_high_school_us_history_0051,cal,retain,R_random,svamp
pairs_mcq_v2.csv,904,mcq,mmlu_high_school_us_history_0052,cal,remove,C0_exact,mmlu_copy
pairs_mcq_v2.csv,905,mcq,mmlu_high_school_us_history_0052,cal,remove,C1_transformed,lmsys_rephrase
pairs_mcq_v2.csv,906,mcq,mmlu_high_school_us_history_0052,cal,remove,C2_answer_bearing,mmlu_answer_frag
pairs_mcq_v2.csv,907,mcq,mmlu_high_school_us_history_0052,cal,retain,H1_same_topic,mmlu_same_subject_other_item
pairs_mcq_v2.csv,908,mcq,mmlu_high_school_us_history_0052,cal,retain,H3_predating,logiqa
pairs_mcq_v2.csv,909,mcq,mmlu_high_school_us_history_0052,cal,retain,R_random,svamp
pairs_mcq_v2.csv,910,mcq,mmlu_high_school_us_history_0053,cal,remove,C0_exact,mmlu_copy
pairs_mcq_v2.csv,911,mcq,mmlu_high_school_us_history_0053,cal,remove,C1_transformed,lmsys_rephrase
pairs_mcq_v2.csv,912,mcq,mmlu_high_school_us_history_0053,cal,remove,C2_answer_bearing,mmlu_answer_frag
pairs_mcq_v2.csv,913,mcq,mmlu_high_school_us_history_0053,cal,retain,H1_same_topic,mmlu_same_subject_other_item
pairs_mcq_v2.csv,914,mcq,mmlu_high_school_us_history_0053,cal,retain,H3_predating,logiqa
pairs_mcq_v2.csv,915,mcq,mmlu_high_school_us_history_0053,cal,retain,R_random,svamp
pairs_mcq_v2.csv,928,mcq,mmlu_high_school_us_history_0056,cal,remove,C0_exact,mmlu_copy
pairs_mcq_v2.csv,929,mcq,mmlu_high_school_us_history_0056,cal,remove,C1_transformed,lmsys_rephrase
pairs_mcq_v2.csv,930,mcq,mmlu_high_school_us_history_0056,cal,remove,C2_answer_bearing,mmlu_answer_frag
pairs_mcq_v2.csv,931,mcq,mmlu_high_school_us_history_0056,cal,retain,H1_same_topic,mmlu_same_subject_other_item
pairs_mcq_v2.csv,932,mcq,mmlu_high_school_us_history_0056,cal,retain,H3_predating,logiqa
pairs_mcq_v2.csv,933,mcq,mmlu_high_school_us_history_0056,cal,retain,R_random,svamp
pairs_mcq_v2.csv,994,mcq,mmlu_high_school_us_history_0067,cal,remove,C0_exact,mmlu_copy
pairs_mcq_v2.csv,995,mcq,mmlu_high_school_us_history_0067,cal,remove,C1_transformed,lmsys_rephrase
pairs_mcq_v2.csv,996,mcq,mmlu_high_school_us_history_0067,cal,remove,C2_answer_bearing,mmlu_answer_frag
pairs_mcq_v2.csv,997,mcq,mmlu_high_school_us_history_0067,cal,retain,H1_same_topic,mmlu_same_subject_other_item
pairs_mcq_v2.csv,998,mcq,mmlu_high_school_us_history_0067,cal,retain,H3_predating,logiqa
pairs_mcq_v2.csv,999,mcq,mmlu_high_school_us_history_0067,cal,retain,R_random,svamp
pairs_mcq_v2.csv,1108,mcq,mmlu_high_school_us_history_0086,cal,remove,C0_exact,mmlu_copy
pairs_mcq_v2.csv,1109,mcq,mmlu_high_school_us_history_0086,cal,remove,C1_transformed,lmsys_rephrase
pairs_mcq_v2.csv,1110,mcq,mmlu_high_school_us_history_0086,cal,remove,C2_answer_bearing,mmlu_answer_frag
pairs_mcq_v2.csv,1111,mcq,mmlu_high_school_us_history_0086,cal,retain,H1_same_topic,mmlu_same_subject_other_item
pairs_mcq_v2.csv,1112,mcq,mmlu_high_school_us_history_0086,cal,retain,H3_predating,logiqa
pairs_mcq_v2.csv,1113,mcq,mmlu_high_school_us_history_0086,cal,retain,R_random,svamp
pairs_mcq_v2.csv,1132,mcq,mmlu_high_school_us_history_0090,cal,remove,C0_exact,mmlu_copy
pairs_mcq_v2.csv,1133,mcq,mmlu_high_school_us_history_0090,cal,remove,C1_transformed,lmsys_rephrase
pairs_mcq_v2.csv,1134,mcq,mmlu_high_school_us_history_0090,cal,remove,C2_answer_bearing,mmlu_answer_frag
pairs_mcq_v2.csv,1135,mcq,mmlu_high_school_us_history_0090,cal,retain,H1_same_topic,mmlu_same_subject_other_item
pairs_mcq_v2.csv,1136,mcq,mmlu_high_school_us_history_0090,cal,retain,H3_predating,logiqa
pairs_mcq_v2.csv,1137,mcq,mmlu_high_school_us_history_0090,cal,retain,R_random,svamp
pairs_mcq_v2.csv,1167,mcq,mmlu_high_school_us_history_0096,cal,remove,C0_exact,mmlu_copy
pairs_mcq_v2.csv,1168,mcq,mmlu_high_school_us_history_0096,cal,remove,C1_transformed,lmsys_rephrase
pairs_mcq_v2.csv,1169,mcq,mmlu_high_school_us_history_0096,cal,remove,C2_answer_bearing,mmlu_answer_frag
pairs_mcq_v2.csv,1170,mcq,mmlu_high_school_us_history_0096,cal,retain,H1_same_topic,mmlu_same_subject_other_item
pairs_mcq_v2.csv,1171,mcq,mmlu_high_school_us_history_0096,cal,retain,H3_predating,logiqa
pairs_mcq_v2.csv,1172,mcq,mmlu_high_school_us_history_0096,cal,retain,R_random,svamp
pairs_mcq_v2.csv,1173,mcq,mmlu_high_school_us_history_0097,cal,remove,C0_exact,mmlu_copy
pairs_mcq_v2.csv,1174,mcq,mmlu_high_school_us_history_0097,cal,remove,C1_transformed,lmsys_rephrase
pairs_mcq_v2.csv,1175,mcq,mmlu_high_school_us_history_0097,cal,remove,C2_answer_bearing,mmlu_answer_frag
pairs_mcq_v2.csv,1176,mcq,mmlu_high_school_us_history_0097,cal,retain,H1_same_topic,mmlu_same_subject_other_item
pairs_mcq_v2.csv,1177,mcq,mmlu_high_school_us_history_0097,cal,retain,H3_predating,logiqa
pairs_mcq_v2.csv,1178,mcq,mmlu_high_school_us_history_0097,cal,retain,R_random,svamp
pairs_mcq_v2.csv,1185,mcq,mmlu_high_school_us_history_0099,cal,remove,C0_exact,mmlu_copy
pairs_mcq_v2.csv,1186,mcq,mmlu_high_school_us_history_0099,cal,remove,C1_transformed,lmsys_rephrase
pairs_mcq_v2.csv,1187,mcq,mmlu_high_school_us_history_0099,cal,remove,C2_answer_bearing,mmlu_answer_frag
pairs_mcq_v2.csv,1188,mcq,mmlu_high_school_us_history_0099,cal,retain,H1_same_topic,mmlu_same_subject_other_item
pairs_mcq_v2.csv,1189,mcq,mmlu_high_school_us_history_0099,cal,retain,H3_predating,logiqa
pairs_mcq_v2.csv,1190,mcq,mmlu_high_school_us_history_0099,cal,retain,R_random,svamp
pairs_mcq_v2.csv,1203,mcq,mmlu_high_school_us_history_0102,cal,remove,C0_exact,mmlu_copy
pairs_mcq_v2.csv,1204,mcq,mmlu_high_school_us_history_0102,cal,remove,C2_answer_bearing,mmlu_answer_frag
pairs_mcq_v2.csv,1205,mcq,mmlu_high_school_us_history_0102,cal,retain,H1_same_topic,mmlu_same_subject_other_item
pairs_mcq_v2.csv,1206,mcq,mmlu_high_school_us_history_0102,cal,retain,H3_predating,logiqa
pairs_mcq_v2.csv,1207,mcq,mmlu_high_school_us_history_0102,cal,retain,R_random,svamp
pairs_mcq_v2.csv,1208,mcq,mmlu_high_school_us_history_0103,cal,remove,C0_exact,mmlu_copy
pairs_mcq_v2.csv,1209,mcq,mmlu_high_school_us_history_0103,cal,remove,C1_transformed,lmsys_rephrase
pairs_mcq_v2.csv,1210,mcq,mmlu_high_school_us_history_0103,cal,remove,C2_answer_bearing,mmlu_answer_frag
pairs_mcq_v2.csv,1211,mcq,mmlu_high_school_us_history_0103,cal,retain,H1_same_topic,mmlu_same_subject_other_item
pairs_mcq_v2.csv,1212,mcq,mmlu_high_school_us_history_0103,cal,retain,H3_predating,logiqa
pairs_mcq_v2.csv,1213,mcq,mmlu_high_school_us_history_0103,cal,retain,R_random,svamp
pairs_mcq_v2.csv,1255,mcq,mmlu_high_school_us_history_0111,cal,remove,C0_exact,mmlu_copy
pairs_mcq_v2.csv,1256,mcq,mmlu_high_school_us_history_0111,cal,remove,C1_transformed,lmsys_rephrase
pairs_mcq_v2.csv,1257,mcq,mmlu_high_school_us_history_0111,cal,remove,C2_answer_bearing,mmlu_answer_frag
pairs_mcq_v2.csv,1258,mcq,mmlu_high_school_us_history_0111,cal,retain,H1_same_topic,mmlu_same_subject_other_item
pairs_mcq_v2.csv,1259,mcq,mmlu_high_school_us_history_0111,cal,retain,H3_predating,logiqa
pairs_mcq_v2.csv,1260,mcq,mmlu_high_school_us_history_0111,cal,retain,R_random,svamp
pairs_mcq_v2.csv,1267,mcq,mmlu_high_school_us_history_0113,cal,remove,C0_exact,mmlu_copy
pairs_mcq_v2.csv,1268,mcq,mmlu_high_school_us_history_0113,cal,remove,C1_transformed,lmsys_rephrase
pairs_mcq_v2.csv,1269,mcq,mmlu_high_school_us_history_0113,cal,remove,C2_answer_bearing,mmlu_answer_frag
pairs_mcq_v2.csv,1270,mcq,mmlu_high_school_us_history_0113,cal,retain,H1_same_topic,mmlu_same_subject_other_item
pairs_mcq_v2.csv,1271,mcq,mmlu_high_school_us_history_0113,cal,retain,H3_predating,logiqa
pairs_mcq_v2.csv,1272,mcq,mmlu_high_school_us_history_0113,cal,retain,R_random,svamp
pairs_mcq_v2.csv,1273,mcq,mmlu_high_school_us_history_0114,cal,remove,C0_exact,mmlu_copy
pairs_mcq_v2.csv,1274,mcq,mmlu_high_school_us_history_0114,cal,remove,C1_transformed,lmsys_rephrase
pairs_mcq_v2.csv,1275,mcq,mmlu_high_school_us_history_0114,cal,remove,C2_answer_bearing,mmlu_answer_frag
pairs_mcq_v2.csv,1276,mcq,mmlu_high_school_us_history_0114,cal,retain,H1_same_topic,mmlu_same_subject_other_item
pairs_mcq_v2.csv,1277,mcq,mmlu_high_school_us_history_0114,cal,retain,H3_predating,logiqa
pairs_mcq_v2.csv,1278,mcq,mmlu_high_school_us_history_0114,cal,retain,R_random,svamp
pairs_mcq_v2.csv,1285,mcq,mmlu_high_school_us_history_0116,cal,remove,C0_exact,mmlu_copy
pairs_mcq_v2.csv,1286,mcq,mmlu_high_school_us_history_0116,cal,remove,C1_transformed,lmsys_rephrase
pairs_mcq_v2.csv,1287,mcq,mmlu_high_school_us_history_0116,cal,remove,C2_answer_bearing,mmlu_answer_frag
pairs_mcq_v2.csv,1288,mcq,mmlu_high_school_us_history_0116,cal,retain,H1_same_topic,mmlu_same_subject_other_item
pairs_mcq_v2.csv,1289,mcq,mmlu_high_school_us_history_0116,cal,retain,H3_predating,logiqa
pairs_mcq_v2.csv,1290,mcq,mmlu_high_school_us_history_0116,cal,retain,R_random,svamp
pairs_mcq_v2.csv,1302,mcq,mmlu_high_school_us_history_0119,cal,remove,C0_exact,mmlu_copy
pairs_mcq_v2.csv,1303,mcq,mmlu_high_school_us_history_0119,cal,remove,C1_transformed,lmsys_rephrase
pairs_mcq_v2.csv,1304,mcq,mmlu_high_school_us_history_0119,cal,remove,C2_answer_bearing,mmlu_answer_frag
pairs_mcq_v2.csv,1305,mcq,mmlu_high_school_us_history_0119,cal,retain,H1_same_topic,mmlu_same_subject_other_item
pairs_mcq_v2.csv,1306,mcq,mmlu_high_school_us_history_0119,cal,retain,H3_predating,logiqa
pairs_mcq_v2.csv,1307,mcq,mmlu_high_school_us_history_0119,cal,retain,R_random,svamp
pairs_mcq_v2.csv,1326,mcq,mmlu_high_school_us_history_0123,cal,remove,C0_exact,mmlu_copy
pairs_mcq_v2.csv,1327,mcq,mmlu_high_school_us_history_0123,cal,remove,C1_transformed,lmsys_rephrase
pairs_mcq_v2.csv,1328,mcq,mmlu_high_school_us_history_0123,cal,remove,C2_answer_bearing,mmlu_answer_frag
pairs_mcq_v2.csv,1329,mcq,mmlu_high_school_us_history_0123,cal,retain,H1_same_topic,mmlu_same_subject_other_item
pairs_mcq_v2.csv,1330,mcq,mmlu_high_school_us_history_0123,cal,retain,H3_predating,logiqa
pairs_mcq_v2.csv,1331,mcq,mmlu_high_school_us_history_0123,cal,retain,R_random,svamp
pairs_mcq_v2.csv,1332,mcq,mmlu_high_school_us_history_0124,cal,remove,C0_exact,mmlu_copy
pairs_mcq_v2.csv,1333,mcq,mmlu_high_school_us_history_0124,cal,remove,C1_transformed,lmsys_rephrase
pairs_mcq_v2.csv,1334,mcq,mmlu_high_school_us_history_0124,cal,remove,C2_answer_bearing,mmlu_answer_frag
pairs_mcq_v2.csv,1335,mcq,mmlu_high_school_us_history_0124,cal,retain,H1_same_topic,mmlu_same_subject_other_item
pairs_mcq_v2.csv,1336,mcq,mmlu_high_school_us_history_0124,cal,retain,H3_predating,logiqa
pairs_mcq_v2.csv,1337,mcq,mmlu_high_school_us_history_0124,cal,retain,R_random,svamp
pairs_mcq_v2.csv,1379,mcq,mmlu_high_school_us_history_0132,cal,remove,C0_exact,mmlu_copy
pairs_mcq_v2.csv,1380,mcq,mmlu_high_school_us_history_0132,cal,remove,C1_transformed,lmsys_rephrase
pairs_mcq_v2.csv,1381,mcq,mmlu_high_school_us_history_0132,cal,remove,C2_answer_bearing,mmlu_answer_frag
pairs_mcq_v2.csv,1382,mcq,mmlu_high_school_us_history_0132,cal,retain,H1_same_topic,mmlu_same_subject_other_item
pairs_mcq_v2.csv,1383,mcq,mmlu_high_school_us_history_0132,cal,retain,H3_predating,logiqa
pairs_mcq_v2.csv,1384,mcq,mmlu_high_school_us_history_0132,cal,retain,R_random,svamp
pairs_mcq_v2.csv,1403,mcq,mmlu_high_school_us_history_0136,cal,remove,C0_exact,mmlu_copy
pairs_mcq_v2.csv,1404,mcq,mmlu_high_school_us_history_0136,cal,remove,C1_transformed,lmsys_rephrase
pairs_mcq_v2.csv,1405,mcq,mmlu_high_school_us_history_0136,cal,remove,C2_answer_bearing,mmlu_answer_frag
pairs_mcq_v2.csv,1406,mcq,mmlu_high_school_us_history_0136,cal,retain,H1_same_topic,mmlu_same_subject_other_item
pairs_mcq_v2.csv,1407,mcq,mmlu_high_school_us_history_0136,cal,retain,H3_predating,logiqa
pairs_mcq_v2.csv,1408,mcq,mmlu_high_school_us_history_0136,cal,retain,R_random,svamp
pairs_mcq_v2.csv,1433,mcq,mmlu_high_school_us_history_0141,cal,remove,C0_exact,mmlu_copy
pairs_mcq_v2.csv,1434,mcq,mmlu_high_school_us_history_0141,cal,remove,C1_transformed,lmsys_rephrase
pairs_mcq_v2.csv,1435,mcq,mmlu_high_school_us_history_0141,cal,remove,C2_answer_bearing,mmlu_answer_frag
pairs_mcq_v2.csv,1436,mcq,mmlu_high_school_us_history_0141,cal,retain,H1_same_topic,mmlu_same_subject_other_item
pairs_mcq_v2.csv,1437,mcq,mmlu_high_school_us_history_0141,cal,retain,H3_predating,logiqa
pairs_mcq_v2.csv,1438,mcq,mmlu_high_school_us_history_0141,cal,retain,R_random,svamp
pairs_mcq_v2.csv,1439,mcq,mmlu_high_school_us_history_0142,cal,remove,C0_exact,mmlu_copy
pairs_mcq_v2.csv,1440,mcq,mmlu_high_school_us_history_0142,cal,remove,C1_transformed,lmsys_rephrase
pairs_mcq_v2.csv,1441,mcq,mmlu_high_school_us_history_0142,cal,remove,C2_answer_bearing,mmlu_answer_frag
pairs_mcq_v2.csv,1442,mcq,mmlu_high_school_us_history_0142,cal,retain,H1_same_topic,mmlu_same_subject_other_item
pairs_mcq_v2.csv,1443,mcq,mmlu_high_school_us_history_0142,cal,retain,H3_predating,logiqa
pairs_mcq_v2.csv,1444,mcq,mmlu_high_school_us_history_0142,cal,retain,R_random,svamp
pairs_mcq_v2.csv,1463,mcq,mmlu_high_school_us_history_0146,cal,remove,C0_exact,mmlu_copy
pairs_mcq_v2.csv,1464,mcq,mmlu_high_school_us_history_0146,cal,remove,C1_transformed,lmsys_rephrase
pairs_mcq_v2.csv,1465,mcq,mmlu_high_school_us_history_0146,cal,remove,C2_answer_bearing,mmlu_answer_frag
pairs_mcq_v2.csv,1466,mcq,mmlu_high_school_us_history_0146,cal,retain,H1_same_topic,mmlu_same_subject_other_item
pairs_mcq_v2.csv,1467,mcq,mmlu_high_school_us_history_0146,cal,retain,H3_predating,logiqa
pairs_mcq_v2.csv,1468,mcq,mmlu_high_school_us_history_0146,cal,retain,R_random,svamp
pairs_mcq_v2.csv,1475,mcq,mmlu_high_school_us_history_0148,cal,remove,C0_exact,mmlu_copy
pairs_mcq_v2.csv,1476,mcq,mmlu_high_school_us_history_0148,cal,remove,C1_transformed,lmsys_rephrase
pairs_mcq_v2.csv,1477,mcq,mmlu_high_school_us_history_0148,cal,remove,C2_answer_bearing,mmlu_answer_frag
pairs_mcq_v2.csv,1478,mcq,mmlu_high_school_us_history_0148,cal,retain,H1_same_topic,mmlu_same_subject_other_item
pairs_mcq_v2.csv,1479,mcq,mmlu_high_school_us_history_0148,cal,retain,H3_predating,logiqa
pairs_mcq_v2.csv,1480,mcq,mmlu_high_school_us_history_0148,cal,retain,R_random,svamp
pairs_mcq_v2.csv,1481,mcq,mmlu_high_school_us_history_0149,cal,remove,C0_exact,mmlu_copy
pairs_mcq_v2.csv,1482,mcq,mmlu_high_school_us_history_0149,cal,remove,C1_transformed,lmsys_rephrase
pairs_mcq_v2.csv,1483,mcq,mmlu_high_school_us_history_0149,cal,remove,C2_answer_bearing,mmlu_answer_frag
pairs_mcq_v2.csv,1484,mcq,mmlu_high_school_us_history_0149,cal,retain,H1_same_topic,mmlu_same_subject_other_item
pairs_mcq_v2.csv,1485,mcq,mmlu_high_school_us_history_0149,cal,retain,H3_predating,logiqa
pairs_mcq_v2.csv,1486,mcq,mmlu_high_school_us_history_0149,cal,retain,R_random,svamp
pairs_mcq_v2.csv,1516,mcq,mmlu_high_school_us_history_0155,cal,remove,C0_exact,mmlu_copy
pairs_mcq_v2.csv,1517,mcq,mmlu_high_school_us_history_0155,cal,remove,C1_transformed,lmsys_rephrase
pairs_mcq_v2.csv,1518,mcq,mmlu_high_school_us_history_0155,cal,remove,C2_answer_bearing,mmlu_answer_frag
pairs_mcq_v2.csv,1519,mcq,mmlu_high_school_us_history_0155,cal,retain,H1_same_topic,mmlu_same_subject_other_item
pairs_mcq_v2.csv,1520,mcq,mmlu_high_school_us_history_0155,cal,retain,H3_predating,logiqa
pairs_mcq_v2.csv,1521,mcq,mmlu_high_school_us_history_0155,cal,retain,R_random,svamp
pairs_mcq_v2.csv,1546,mcq,mmlu_high_school_us_history_0160,cal,remove,C0_exact,mmlu_copy
pairs_mcq_v2.csv,1547,mcq,mmlu_high_school_us_history_0160,cal,remove,C1_transformed,lmsys_rephrase
pairs_mcq_v2.csv,1548,mcq,mmlu_high_school_us_history_0160,cal,remove,C2_answer_bearing,mmlu_answer_frag
pairs_mcq_v2.csv,1549,mcq,mmlu_high_school_us_history_0160,cal,retain,H1_same_topic,mmlu_same_subject_other_item
pairs_mcq_v2.csv,1550,mcq,mmlu_high_school_us_history_0160,cal,retain,H3_predating,logiqa
pairs_mcq_v2.csv,1551,mcq,mmlu_high_school_us_history_0160,cal,retain,R_random,svamp
pairs_mcq_v2.csv,1552,mcq,mmlu_high_school_us_history_0161,cal,remove,C0_exact,mmlu_copy
pairs_mcq_v2.csv,1553,mcq,mmlu_high_school_us_history_0161,cal,remove,C1_transformed,lmsys_rephrase
pairs_mcq_v2.csv,1554,mcq,mmlu_high_school_us_history_0161,cal,remove,C2_answer_bearing,mmlu_answer_frag
pairs_mcq_v2.csv,1555,mcq,mmlu_high_school_us_history_0161,cal,retain,H1_same_topic,mmlu_same_subject_other_item
pairs_mcq_v2.csv,1556,mcq,mmlu_high_school_us_history_0161,cal,retain,H3_predating,logiqa
pairs_mcq_v2.csv,1557,mcq,mmlu_high_school_us_history_0161,cal,retain,R_random,svamp
pairs_mcq_v2.csv,1588,mcq,mmlu_high_school_us_history_0167,cal,remove,C0_exact,mmlu_copy
pairs_mcq_v2.csv,1589,mcq,mmlu_high_school_us_history_0167,cal,remove,C1_transformed,lmsys_rephrase
pairs_mcq_v2.csv,1590,mcq,mmlu_high_school_us_history_0167,cal,remove,C2_answer_bearing,mmlu_answer_frag
pairs_mcq_v2.csv,1591,mcq,mmlu_high_school_us_history_0167,cal,retain,H1_same_topic,mmlu_same_subject_other_item
pairs_mcq_v2.csv,1592,mcq,mmlu_high_school_us_history_0167,cal,retain,H3_predating,logiqa
pairs_mcq_v2.csv,1593,mcq,mmlu_high_school_us_history_0167,cal,retain,R_random,svamp
pairs_mcq_v2.csv,1594,mcq,mmlu_high_school_us_history_0168,cal,remove,C0_exact,mmlu_copy
pairs_mcq_v2.csv,1595,mcq,mmlu_high_school_us_history_0168,cal,remove,C1_transformed,lmsys_rephrase
pairs_mcq_v2.csv,1596,mcq,mmlu_high_school_us_history_0168,cal,remove,C2_answer_bearing,mmlu_answer_frag
pairs_mcq_v2.csv,1597,mcq,mmlu_high_school_us_history_0168,cal,retain,H1_same_topic,mmlu_same_subject_other_item
pairs_mcq_v2.csv,1598,mcq,mmlu_high_school_us_history_0168,cal,retain,H3_predating,logiqa
pairs_mcq_v2.csv,1599,mcq,mmlu_high_school_us_history_0168,cal,retain,R_random,svamp
pairs_mcq_v2.csv,1612,mcq,mmlu_high_school_us_history_0171,cal,remove,C0_exact,mmlu_copy
pairs_mcq_v2.csv,1613,mcq,mmlu_high_school_us_history_0171,cal,remove,C1_transformed,lmsys_rephrase
pairs_mcq_v2.csv,1614,mcq,mmlu_high_school_us_history_0171,cal,remove,C2_answer_bearing,mmlu_answer_frag
pairs_mcq_v2.csv,1615,mcq,mmlu_high_school_us_history_0171,cal,retain,H1_same_topic,mmlu_same_subject_other_item
pairs_mcq_v2.csv,1616,mcq,mmlu_high_school_us_history_0171,cal,retain,H3_predating,logiqa
pairs_mcq_v2.csv,1617,mcq,mmlu_high_school_us_history_0171,cal,retain,R_random,svamp
pairs_mcq_v2.csv,1636,mcq,mmlu_high_school_us_history_0175,cal,remove,C0_exact,mmlu_copy
pairs_mcq_v2.csv,1637,mcq,mmlu_high_school_us_history_0175,cal,remove,C1_transformed,lmsys_rephrase
pairs_mcq_v2.csv,1638,mcq,mmlu_high_school_us_history_0175,cal,remove,C2_answer_bearing,mmlu_answer_frag
pairs_mcq_v2.csv,1639,mcq,mmlu_high_school_us_history_0175,cal,retain,H1_same_topic,mmlu_same_subject_other_item
pairs_mcq_v2.csv,1640,mcq,mmlu_high_school_us_history_0175,cal,retain,H3_predating,logiqa
pairs_mcq_v2.csv,1641,mcq,mmlu_high_school_us_history_0175,cal,retain,R_random,svamp
pairs_mcq_v2.csv,1648,mcq,mmlu_high_school_us_history_0177,cal,remove,C0_exact,mmlu_copy
pairs_mcq_v2.csv,1649,mcq,mmlu_high_school_us_history_0177,cal,remove,C1_transformed,lmsys_rephrase
pairs_mcq_v2.csv,1650,mcq,mmlu_high_school_us_history_0177,cal,remove,C2_answer_bearing,mmlu_answer_frag
pairs_mcq_v2.csv,1651,mcq,mmlu_high_school_us_history_0177,cal,retain,H1_same_topic,mmlu_same_subject_other_item
pairs_mcq_v2.csv,1652,mcq,mmlu_high_school_us_history_0177,cal,retain,H3_predating,logiqa
pairs_mcq_v2.csv,1653,mcq,mmlu_high_school_us_history_0177,cal,retain,R_random,svamp
pairs_mcq_v2.csv,1666,mcq,mmlu_high_school_us_history_0180,cal,remove,C0_exact,mmlu_copy
pairs_mcq_v2.csv,1667,mcq,mmlu_high_school_us_history_0180,cal,remove,C1_transformed,lmsys_rephrase
pairs_mcq_v2.csv,1668,mcq,mmlu_high_school_us_history_0180,cal,remove,C2_answer_bearing,mmlu_answer_frag
pairs_mcq_v2.csv,1669,mcq,mmlu_high_school_us_history_0180,cal,retain,H1_same_topic,mmlu_same_subject_other_item
pairs_mcq_v2.csv,1670,mcq,mmlu_high_school_us_history_0180,cal,retain,H3_predating,logiqa
pairs_mcq_v2.csv,1671,mcq,mmlu_high_school_us_history_0180,cal,retain,R_random,svamp
pairs_mcq_v2.csv,1672,mcq,mmlu_high_school_us_history_0181,cal,remove,C0_exact,mmlu_copy
pairs_mcq_v2.csv,1673,mcq,mmlu_high_school_us_history_0181,cal,remove,C1_transformed,lmsys_rephrase
pairs_mcq_v2.csv,1674,mcq,mmlu_high_school_us_history_0181,cal,remove,C2_answer_bearing,mmlu_answer_frag
pairs_mcq_v2.csv,1675,mcq,mmlu_high_school_us_history_0181,cal,retain,H1_same_topic,mmlu_same_subject_other_item
pairs_mcq_v2.csv,1676,mcq,mmlu_high_school_us_history_0181,cal,retain,H3_predating,logiqa
pairs_mcq_v2.csv,1677,mcq,mmlu_high_school_us_history_0181,cal,retain,R_random,svamp
pairs_mcq_v2.csv,1678,mcq,mmlu_high_school_us_history_0182,cal,remove,C0_exact,mmlu_copy
pairs_mcq_v2.csv,1679,mcq,mmlu_high_school_us_history_0182,cal,remove,C1_transformed,lmsys_rephrase
pairs_mcq_v2.csv,1680,mcq,mmlu_high_school_us_history_0182,cal,remove,C2_answer_bearing,mmlu_answer_frag
pairs_mcq_v2.csv,1681,mcq,mmlu_high_school_us_history_0182,cal,retain,H1_same_topic,mmlu_same_subject_other_item
pairs_mcq_v2.csv,1682,mcq,mmlu_high_school_us_history_0182,cal,retain,H3_predating,logiqa
pairs_mcq_v2.csv,1683,mcq,mmlu_high_school_us_history_0182,cal,retain,R_random,svamp
pairs_mcq_v2.csv,1684,mcq,mmlu_high_school_us_history_0183,cal,remove,C0_exact,mmlu_copy
pairs_mcq_v2.csv,1685,mcq,mmlu_high_school_us_history_0183,cal,remove,C1_transformed,lmsys_rephrase
pairs_mcq_v2.csv,1686,mcq,mmlu_high_school_us_history_0183,cal,remove,C2_answer_bearing,mmlu_answer_frag
pairs_mcq_v2.csv,1687,mcq,mmlu_high_school_us_history_0183,cal,retain,H1_same_topic,mmlu_same_subject_other_item
pairs_mcq_v2.csv,1688,mcq,mmlu_high_school_us_history_0183,cal,retain,H3_predating,logiqa
pairs_mcq_v2.csv,1689,mcq,mmlu_high_school_us_history_0183,cal,retain,R_random,svamp
pairs_mcq_v2.csv,1690,mcq,mmlu_high_school_us_history_0184,cal,remove,C0_exact,mmlu_copy
pairs_mcq_v2.csv,1691,mcq,mmlu_high_school_us_history_0184,cal,remove,C2_answer_bearing,mmlu_answer_frag
pairs_mcq_v2.csv,1692,mcq,mmlu_high_school_us_history_0184,cal,retain,H1_same_topic,mmlu_same_subject_other_item
pairs_mcq_v2.csv,1693,mcq,mmlu_high_school_us_history_0184,cal,retain,H3_predating,logiqa
pairs_mcq_v2.csv,1694,mcq,mmlu_high_school_us_history_0184,cal,retain,R_random,svamp
pairs_mcq_v2.csv,1695,mcq,mmlu_high_school_us_history_0185,cal,remove,C0_exact,mmlu_copy
pairs_mcq_v2.csv,1696,mcq,mmlu_high_school_us_history_0185,cal,remove,C1_transformed,lmsys_rephrase
pairs_mcq_v2.csv,1697,mcq,mmlu_high_school_us_history_0185,cal,remove,C2_answer_bearing,mmlu_answer_frag
pairs_mcq_v2.csv,1698,mcq,mmlu_high_school_us_history_0185,cal,retain,H1_same_topic,mmlu_same_subject_other_item
pairs_mcq_v2.csv,1699,mcq,mmlu_high_school_us_history_0185,cal,retain,H3_predating,logiqa
pairs_mcq_v2.csv,1700,mcq,mmlu_high_school_us_history_0185,cal,retain,R_random,svamp
pairs_mcq_v2.csv,1701,mcq,mmlu_high_school_us_history_0186,cal,remove,C0_exact,mmlu_copy
pairs_mcq_v2.csv,1702,mcq,mmlu_high_school_us_history_0186,cal,remove,C1_transformed,lmsys_rephrase
pairs_mcq_v2.csv,1703,mcq,mmlu_high_school_us_history_0186,cal,remove,C2_answer_bearing,mmlu_answer_frag
pairs_mcq_v2.csv,1704,mcq,mmlu_high_school_us_history_0186,cal,retain,H1_same_topic,mmlu_same_subject_other_item
pairs_mcq_v2.csv,1705,mcq,mmlu_high_school_us_history_0186,cal,retain,H3_predating,logiqa
pairs_mcq_v2.csv,1706,mcq,mmlu_high_school_us_history_0186,cal,retain,R_random,svamp
pairs_mcq_v2.csv,1766,mcq,mmlu_high_school_us_history_0197,cal,remove,C0_exact,mmlu_copy
pairs_mcq_v2.csv,1767,mcq,mmlu_high_school_us_history_0197,cal,remove,C1_transformed,lmsys_rephrase
pairs_mcq_v2.csv,1768,mcq,mmlu_high_school_us_history_0197,cal,remove,C2_answer_bearing,mmlu_answer_frag
pairs_mcq_v2.csv,1769,mcq,mmlu_high_school_us_history_0197,cal,retain,H1_same_topic,mmlu_same_subject_other_item
pairs_mcq_v2.csv,1770,mcq,mmlu_high_school_us_history_0197,cal,retain,H3_predating,logiqa
pairs_mcq_v2.csv,1771,mcq,mmlu_high_school_us_history_0197,cal,retain,R_random,svamp
pairs_mcq_v2.csv,1784,mcq,mmlu_high_school_us_history_0200,cal,remove,C0_exact,mmlu_copy
pairs_mcq_v2.csv,1785,mcq,mmlu_high_school_us_history_0200,cal,remove,C1_transformed,lmsys_rephrase
pairs_mcq_v2.csv,1786,mcq,mmlu_high_school_us_history_0200,cal,remove,C2_answer_bearing,mmlu_answer_frag
pairs_mcq_v2.csv,1787,mcq,mmlu_high_school_us_history_0200,cal,retain,H1_same_topic,mmlu_same_subject_other_item
pairs_mcq_v2.csv,1788,mcq,mmlu_high_school_us_history_0200,cal,retain,H3_predating,logiqa
pairs_mcq_v2.csv,1789,mcq,mmlu_high_school_us_history_0200,cal,retain,R_random,svamp
pairs_mcq_v2.csv,1814,mcq,mmlu_sociology_0001,cal,remove,C0_exact,mmlu_copy
pairs_mcq_v2.csv,1815,mcq,mmlu_sociology_0001,cal,remove,C1_transformed,lmsys_rephrase
pairs_mcq_v2.csv,1816,mcq,mmlu_sociology_0001,cal,remove,C2_answer_bearing,mmlu_answer_frag
pairs_mcq_v2.csv,1817,mcq,mmlu_sociology_0001,cal,retain,H1_same_topic,mmlu_same_subject_other_item
pairs_mcq_v2.csv,1818,mcq,mmlu_sociology_0001,cal,retain,H3_predating,logiqa
pairs_mcq_v2.csv,1819,mcq,mmlu_sociology_0001,cal,retain,R_random,svamp
pairs_mcq_v2.csv,1826,mcq,mmlu_sociology_0003,cal,remove,C0_exact,mmlu_copy
pairs_mcq_v2.csv,1827,mcq,mmlu_sociology_0003,cal,remove,C1_transformed,lmsys_rephrase
pairs_mcq_v2.csv,1828,mcq,mmlu_sociology_0003,cal,remove,C2_answer_bearing,mmlu_answer_frag
pairs_mcq_v2.csv,1829,mcq,mmlu_sociology_0003,cal,retain,H1_same_topic,mmlu_same_subject_other_item
pairs_mcq_v2.csv,1830,mcq,mmlu_sociology_0003,cal,retain,H3_predating,logiqa
pairs_mcq_v2.csv,1831,mcq,mmlu_sociology_0003,cal,retain,R_random,svamp
pairs_mcq_v2.csv,1838,mcq,mmlu_sociology_0005,cal,remove,C0_exact,mmlu_copy
pairs_mcq_v2.csv,1839,mcq,mmlu_sociology_0005,cal,remove,C1_transformed,lmsys_rephrase
pairs_mcq_v2.csv,1840,mcq,mmlu_sociology_0005,cal,remove,C2_answer_bearing,mmlu_answer_frag
pairs_mcq_v2.csv,1841,mcq,mmlu_sociology_0005,cal,retain,H1_same_topic,mmlu_same_subject_other_item
pairs_mcq_v2.csv,1842,mcq,mmlu_sociology_0005,cal,retain,H3_predating,logiqa
pairs_mcq_v2.csv,1843,mcq,mmlu_sociology_0005,cal,retain,R_random,svamp
pairs_mcq_v2.csv,1850,mcq,mmlu_sociology_0007,cal,remove,C0_exact,mmlu_copy
pairs_mcq_v2.csv,1851,mcq,mmlu_sociology_0007,cal,remove,C1_transformed,lmsys_rephrase
pairs_mcq_v2.csv,1852,mcq,mmlu_sociology_0007,cal,remove,C2_answer_bearing,mmlu_answer_frag
pairs_mcq_v2.csv,1853,mcq,mmlu_sociology_0007,cal,retain,H1_same_topic,mmlu_same_subject_other_item
pairs_mcq_v2.csv,1854,mcq,mmlu_sociology_0007,cal,retain,H3_predating,logiqa
pairs_mcq_v2.csv,1855,mcq,mmlu_sociology_0007,cal,retain,R_random,svamp
pairs_mcq_v2.csv,1856,mcq,mmlu_sociology_0008,cal,remove,C0_exact,mmlu_copy
pairs_mcq_v2.csv,1857,mcq,mmlu_sociology_0008,cal,remove,C1_transformed,lmsys_rephrase
pairs_mcq_v2.csv,1858,mcq,mmlu_sociology_0008,cal,remove,C2_answer_bearing,mmlu_answer_frag
pairs_mcq_v2.csv,1859,mcq,mmlu_sociology_0008,cal,retain,H1_same_topic,mmlu_same_subject_other_item
pairs_mcq_v2.csv,1860,mcq,mmlu_sociology_0008,cal,retain,H3_predating,logiqa
pairs_mcq_v2.csv,1861,mcq,mmlu_sociology_0008,cal,retain,R_random,svamp
pairs_mcq_v2.csv,1868,mcq,mmlu_sociology_0010,cal,remove,C0_exact,mmlu_copy
pairs_mcq_v2.csv,1869,mcq,mmlu_sociology_0010,cal,remove,C1_transformed,lmsys_rephrase
pairs_mcq_v2.csv,1870,mcq,mmlu_sociology_0010,cal,remove,C2_answer_bearing,mmlu_answer_frag
pairs_mcq_v2.csv,1871,mcq,mmlu_sociology_0010,cal,retain,H1_same_topic,mmlu_same_subject_other_item
pairs_mcq_v2.csv,1872,mcq,mmlu_sociology_0010,cal,retain,H3_predating,logiqa
pairs_mcq_v2.csv,1873,mcq,mmlu_sociology_0010,cal,retain,R_random,svamp
pairs_mcq_v2.csv,1892,mcq,mmlu_sociology_0014,cal,remove,C0_exact,mmlu_copy
pairs_mcq_v2.csv,1893,mcq,mmlu_sociology_0014,cal,remove,C1_transformed,lmsys_rephrase
pairs_mcq_v2.csv,1894,mcq,mmlu_sociology_0014,cal,remove,C2_answer_bearing,mmlu_answer_frag
pairs_mcq_v2.csv,1895,mcq,mmlu_sociology_0014,cal,retain,H1_same_topic,mmlu_same_subject_other_item
pairs_mcq_v2.csv,1896,mcq,mmlu_sociology_0014,cal,retain,H3_predating,logiqa
pairs_mcq_v2.csv,1897,mcq,mmlu_sociology_0014,cal,retain,R_random,svamp
pairs_mcq_v2.csv,1904,mcq,mmlu_sociology_0016,cal,remove,C0_exact,mmlu_copy
pairs_mcq_v2.csv,1905,mcq,mmlu_sociology_0016,cal,remove,C2_answer_bearing,mmlu_answer_frag
pairs_mcq_v2.csv,1906,mcq,mmlu_sociology_0016,cal,retain,H1_same_topic,mmlu_same_subject_other_item
pairs_mcq_v2.csv,1907,mcq,mmlu_sociology_0016,cal,retain,H3_predating,logiqa
pairs_mcq_v2.csv,1908,mcq,mmlu_sociology_0016,cal,retain,R_random,svamp
pairs_mcq_v2.csv,1915,mcq,mmlu_sociology_0018,cal,remove,C0_exact,mmlu_copy
pairs_mcq_v2.csv,1916,mcq,mmlu_sociology_0018,cal,remove,C1_transformed,lmsys_rephrase
pairs_mcq_v2.csv,1917,mcq,mmlu_sociology_0018,cal,remove,C2_answer_bearing,mmlu_answer_frag
pairs_mcq_v2.csv,1918,mcq,mmlu_sociology_0018,cal,retain,H1_same_topic,mmlu_same_subject_other_item
pairs_mcq_v2.csv,1919,mcq,mmlu_sociology_0018,cal,retain,H3_predating,logiqa
pairs_mcq_v2.csv,1920,mcq,mmlu_sociology_0018,cal,retain,R_random,svamp
pairs_mcq_v2.csv,1921,mcq,mmlu_sociology_0019,cal,remove,C0_exact,mmlu_copy
pairs_mcq_v2.csv,1922,mcq,mmlu_sociology_0019,cal,remove,C1_transformed,lmsys_rephrase
pairs_mcq_v2.csv,1923,mcq,mmlu_sociology_0019,cal,remove,C2_answer_bearing,mmlu_answer_frag
pairs_mcq_v2.csv,1924,mcq,mmlu_sociology_0019,cal,retain,H1_same_topic,mmlu_same_subject_other_item
pairs_mcq_v2.csv,1925,mcq,mmlu_sociology_0019,cal,retain,H3_predating,logiqa
pairs_mcq_v2.csv,1926,mcq,mmlu_sociology_0019,cal,retain,R_random,svamp
pairs_mcq_v2.csv,1951,mcq,mmlu_sociology_0024,cal,remove,C0_exact,mmlu_copy
pairs_mcq_v2.csv,1952,mcq,mmlu_sociology_0024,cal,remove,C1_transformed,lmsys_rephrase
pairs_mcq_v2.csv,1953,mcq,mmlu_sociology_0024,cal,remove,C2_answer_bearing,mmlu_answer_frag
pairs_mcq_v2.csv,1954,mcq,mmlu_sociology_0024,cal,retain,H1_same_topic,mmlu_same_subject_other_item
pairs_mcq_v2.csv,1955,mcq,mmlu_sociology_0024,cal,retain,H3_predating,logiqa
pairs_mcq_v2.csv,1956,mcq,mmlu_sociology_0024,cal,retain,R_random,svamp
pairs_mcq_v2.csv,1957,mcq,mmlu_sociology_0025,cal,remove,C0_exact,mmlu_copy
pairs_mcq_v2.csv,1958,mcq,mmlu_sociology_0025,cal,remove,C1_transformed,lmsys_rephrase
pairs_mcq_v2.csv,1959,mcq,mmlu_sociology_0025,cal,remove,C2_answer_bearing,mmlu_answer_frag
pairs_mcq_v2.csv,1960,mcq,mmlu_sociology_0025,cal,retain,H1_same_topic,mmlu_same_subject_other_item
pairs_mcq_v2.csv,1961,mcq,mmlu_sociology_0025,cal,retain,H3_predating,logiqa
pairs_mcq_v2.csv,1962,mcq,mmlu_sociology_0025,cal,retain,R_random,svamp
pairs_mcq_v2.csv,1969,mcq,mmlu_sociology_0027,cal,remove,C0_exact,mmlu_copy
pairs_mcq_v2.csv,1970,mcq,mmlu_sociology_0027,cal,remove,C1_transformed,lmsys_rephrase
pairs_mcq_v2.csv,1971,mcq,mmlu_sociology_0027,cal,remove,C2_answer_bearing,mmlu_answer_frag
pairs_mcq_v2.csv,1972,mcq,mmlu_sociology_0027,cal,retain,H1_same_topic,mmlu_same_subject_other_item
pairs_mcq_v2.csv,1973,mcq,mmlu_sociology_0027,cal,retain,H3_predating,logiqa
pairs_mcq_v2.csv,1974,mcq,mmlu_sociology_0027,cal,retain,R_random,svamp
pairs_mcq_v2.csv,1981,mcq,mmlu_sociology_0029,cal,remove,C0_exact,mmlu_copy
pairs_mcq_v2.csv,1982,mcq,mmlu_sociology_0029,cal,remove,C1_transformed,lmsys_rephrase
pairs_mcq_v2.csv,1983,mcq,mmlu_sociology_0029,cal,remove,C2_answer_bearing,mmlu_answer_frag
pairs_mcq_v2.csv,1984,mcq,mmlu_sociology_0029,cal,retain,H1_same_topic,mmlu_same_subject_other_item
pairs_mcq_v2.csv,1985,mcq,mmlu_sociology_0029,cal,retain,H3_predating,logiqa
pairs_mcq_v2.csv,1986,mcq,mmlu_sociology_0029,cal,retain,R_random,svamp
pairs_mcq_v2.csv,1999,mcq,mmlu_sociology_0032,cal,remove,C0_exact,mmlu_copy
pairs_mcq_v2.csv,2000,mcq,mmlu_sociology_0032,cal,remove,C1_transformed,lmsys_rephrase
pairs_mcq_v2.csv,2001,mcq,mmlu_sociology_0032,cal,remove,C2_answer_bearing,mmlu_answer_frag
pairs_mcq_v2.csv,2002,mcq,mmlu_sociology_0032,cal,retain,H1_same_topic,mmlu_same_subject_other_item
pairs_mcq_v2.csv,2003,mcq,mmlu_sociology_0032,cal,retain,H3_predating,logiqa
pairs_mcq_v2.csv,2004,mcq,mmlu_sociology_0032,cal,retain,R_random,svamp
pairs_mcq_v2.csv,2046,mcq,mmlu_sociology_0040,cal,remove,C0_exact,mmlu_copy
pairs_mcq_v2.csv,2047,mcq,mmlu_sociology_0040,cal,remove,C1_transformed,lmsys_rephrase
pairs_mcq_v2.csv,2048,mcq,mmlu_sociology_0040,cal,remove,C2_answer_bearing,mmlu_answer_frag
pairs_mcq_v2.csv,2049,mcq,mmlu_sociology_0040,cal,retain,H1_same_topic,mmlu_same_subject_other_item
pairs_mcq_v2.csv,2050,mcq,mmlu_sociology_0040,cal,retain,H3_predating,logiqa
pairs_mcq_v2.csv,2051,mcq,mmlu_sociology_0040,cal,retain,R_random,svamp
pairs_mcq_v2.csv,2064,mcq,mmlu_sociology_0043,cal,remove,C0_exact,mmlu_copy
pairs_mcq_v2.csv,2065,mcq,mmlu_sociology_0043,cal,remove,C1_transformed,lmsys_rephrase
pairs_mcq_v2.csv,2066,mcq,mmlu_sociology_0043,cal,remove,C2_answer_bearing,mmlu_answer_frag
pairs_mcq_v2.csv,2067,mcq,mmlu_sociology_0043,cal,retain,H1_same_topic,mmlu_same_subject_other_item
pairs_mcq_v2.csv,2068,mcq,mmlu_sociology_0043,cal,retain,H3_predating,logiqa
pairs_mcq_v2.csv,2069,mcq,mmlu_sociology_0043,cal,retain,R_random,svamp
pairs_mcq_v2.csv,2070,mcq,mmlu_sociology_0044,cal,remove,C0_exact,mmlu_copy
pairs_mcq_v2.csv,2071,mcq,mmlu_sociology_0044,cal,remove,C1_transformed,lmsys_rephrase
pairs_mcq_v2.csv,2072,mcq,mmlu_sociology_0044,cal,remove,C2_answer_bearing,mmlu_answer_frag
pairs_mcq_v2.csv,2073,mcq,mmlu_sociology_0044,cal,retain,H1_same_topic,mmlu_same_subject_other_item
pairs_mcq_v2.csv,2074,mcq,mmlu_sociology_0044,cal,retain,H3_predating,logiqa
pairs_mcq_v2.csv,2075,mcq,mmlu_sociology_0044,cal,retain,R_random,svamp
pairs_mcq_v2.csv,2082,mcq,mmlu_sociology_0046,cal,remove,C0_exact,mmlu_copy
pairs_mcq_v2.csv,2083,mcq,mmlu_sociology_0046,cal,remove,C1_transformed,lmsys_rephrase
pairs_mcq_v2.csv,2084,mcq,mmlu_sociology_0046,cal,remove,C2_answer_bearing,mmlu_answer_frag
pairs_mcq_v2.csv,2085,mcq,mmlu_sociology_0046,cal,retain,H1_same_topic,mmlu_same_subject_other_item
pairs_mcq_v2.csv,2086,mcq,mmlu_sociology_0046,cal,retain,H3_predating,logiqa
pairs_mcq_v2.csv,2087,mcq,mmlu_sociology_0046,cal,retain,R_random,svamp
pairs_mcq_v2.csv,2106,mcq,mmlu_sociology_0050,cal,remove,C0_exact,mmlu_copy
pairs_mcq_v2.csv,2107,mcq,mmlu_sociology_0050,cal,remove,C1_transformed,lmsys_rephrase
pairs_mcq_v2.csv,2108,mcq,mmlu_sociology_0050,cal,remove,C2_answer_bearing,mmlu_answer_frag
pairs_mcq_v2.csv,2109,mcq,mmlu_sociology_0050,cal,retain,H1_same_topic,mmlu_same_subject_other_item
pairs_mcq_v2.csv,2110,mcq,mmlu_sociology_0050,cal,retain,H3_predating,logiqa
pairs_mcq_v2.csv,2111,mcq,mmlu_sociology_0050,cal,retain,R_random,svamp
pairs_mcq_v2.csv,2118,mcq,mmlu_sociology_0052,cal,remove,C0_exact,mmlu_copy
pairs_mcq_v2.csv,2119,mcq,mmlu_sociology_0052,cal,remove,C1_transformed,lmsys_rephrase
pairs_mcq_v2.csv,2120,mcq,mmlu_sociology_0052,cal,remove,C2_answer_bearing,mmlu_answer_frag
pairs_mcq_v2.csv,2121,mcq,mmlu_sociology_0052,cal,retain,H1_same_topic,mmlu_same_subject_other_item
pairs_mcq_v2.csv,2122,mcq,mmlu_sociology_0052,cal,retain,H3_predating,logiqa
pairs_mcq_v2.csv,2123,mcq,mmlu_sociology_0052,cal,retain,R_random,svamp
pairs_mcq_v2.csv,2124,mcq,mmlu_sociology_0053,cal,remove,C0_exact,mmlu_copy
pairs_mcq_v2.csv,2125,mcq,mmlu_sociology_0053,cal,remove,C1_transformed,lmsys_rephrase
pairs_mcq_v2.csv,2126,mcq,mmlu_sociology_0053,cal,remove,C2_answer_bearing,mmlu_answer_frag
pairs_mcq_v2.csv,2127,mcq,mmlu_sociology_0053,cal,retain,H1_same_topic,mmlu_same_subject_other_item
pairs_mcq_v2.csv,2128,mcq,mmlu_sociology_0053,cal,retain,H3_predating,logiqa
pairs_mcq_v2.csv,2129,mcq,mmlu_sociology_0053,cal,retain,R_random,svamp
pairs_mcq_v2.csv,2148,mcq,mmlu_sociology_0057,cal,remove,C0_exact,mmlu_copy
pairs_mcq_v2.csv,2149,mcq,mmlu_sociology_0057,cal,remove,C1_transformed,lmsys_rephrase
pairs_mcq_v2.csv,2150,mcq,mmlu_sociology_0057,cal,remove,C2_answer_bearing,mmlu_answer_frag
pairs_mcq_v2.csv,2151,mcq,mmlu_sociology_0057,cal,retain,H1_same_topic,mmlu_same_subject_other_item
pairs_mcq_v2.csv,2152,mcq,mmlu_sociology_0057,cal,retain,H3_predating,logiqa
pairs_mcq_v2.csv,2153,mcq,mmlu_sociology_0057,cal,retain,R_random,svamp
pairs_mcq_v2.csv,2154,mcq,mmlu_sociology_0058,cal,remove,C0_exact,mmlu_copy
pairs_mcq_v2.csv,2155,mcq,mmlu_sociology_0058,cal,remove,C1_transformed,lmsys_rephrase
pairs_mcq_v2.csv,2156,mcq,mmlu_sociology_0058,cal,remove,C2_answer_bearing,mmlu_answer_frag
pairs_mcq_v2.csv,2157,mcq,mmlu_sociology_0058,cal,retain,H1_same_topic,mmlu_same_subject_other_item
pairs_mcq_v2.csv,2158,mcq,mmlu_sociology_0058,cal,retain,H3_predating,logiqa
pairs_mcq_v2.csv,2159,mcq,mmlu_sociology_0058,cal,retain,R_random,svamp
pairs_mcq_v2.csv,2190,mcq,mmlu_sociology_0064,cal,remove,C0_exact,mmlu_copy
pairs_mcq_v2.csv,2191,mcq,mmlu_sociology_0064,cal,remove,C1_transformed,lmsys_rephrase
pairs_mcq_v2.csv,2192,mcq,mmlu_sociology_0064,cal,remove,C2_answer_bearing,mmlu_answer_frag
pairs_mcq_v2.csv,2193,mcq,mmlu_sociology_0064,cal,retain,H1_same_topic,mmlu_same_subject_other_item
pairs_mcq_v2.csv,2194,mcq,mmlu_sociology_0064,cal,retain,H3_predating,logiqa
pairs_mcq_v2.csv,2195,mcq,mmlu_sociology_0064,cal,retain,R_random,svamp
pairs_mcq_v2.csv,2208,mcq,mmlu_sociology_0067,cal,remove,C0_exact,mmlu_copy
pairs_mcq_v2.csv,2209,mcq,mmlu_sociology_0067,cal,remove,C2_answer_bearing,mmlu_answer_frag
pairs_mcq_v2.csv,2210,mcq,mmlu_sociology_0067,cal,retain,H1_same_topic,mmlu_same_subject_other_item
pairs_mcq_v2.csv,2211,mcq,mmlu_sociology_0067,cal,retain,H3_predating,logiqa
pairs_mcq_v2.csv,2212,mcq,mmlu_sociology_0067,cal,retain,R_random,svamp
pairs_mcq_v2.csv,2213,mcq,mmlu_sociology_0068,cal,remove,C0_exact,mmlu_copy
pairs_mcq_v2.csv,2214,mcq,mmlu_sociology_0068,cal,remove,C1_transformed,lmsys_rephrase
pairs_mcq_v2.csv,2215,mcq,mmlu_sociology_0068,cal,remove,C2_answer_bearing,mmlu_answer_frag
pairs_mcq_v2.csv,2216,mcq,mmlu_sociology_0068,cal,retain,H1_same_topic,mmlu_same_subject_other_item
pairs_mcq_v2.csv,2217,mcq,mmlu_sociology_0068,cal,retain,H3_predating,logiqa
pairs_mcq_v2.csv,2218,mcq,mmlu_sociology_0068,cal,retain,R_random,svamp
pairs_mcq_v2.csv,2261,mcq,mmlu_sociology_0076,cal,remove,C0_exact,mmlu_copy
pairs_mcq_v2.csv,2262,mcq,mmlu_sociology_0076,cal,remove,C1_transformed,lmsys_rephrase
pairs_mcq_v2.csv,2263,mcq,mmlu_sociology_0076,cal,remove,C2_answer_bearing,mmlu_answer_frag
pairs_mcq_v2.csv,2264,mcq,mmlu_sociology_0076,cal,retain,H1_same_topic,mmlu_same_subject_other_item
pairs_mcq_v2.csv,2265,mcq,mmlu_sociology_0076,cal,retain,H3_predating,logiqa
pairs_mcq_v2.csv,2266,mcq,mmlu_sociology_0076,cal,retain,R_random,svamp
pairs_mcq_v2.csv,2279,mcq,mmlu_sociology_0079,cal,remove,C0_exact,mmlu_copy
pairs_mcq_v2.csv,2280,mcq,mmlu_sociology_0079,cal,remove,C1_transformed,lmsys_rephrase
pairs_mcq_v2.csv,2281,mcq,mmlu_sociology_0079,cal,remove,C2_answer_bearing,mmlu_answer_frag
pairs_mcq_v2.csv,2282,mcq,mmlu_sociology_0079,cal,retain,H1_same_topic,mmlu_same_subject_other_item
pairs_mcq_v2.csv,2283,mcq,mmlu_sociology_0079,cal,retain,H3_predating,logiqa
pairs_mcq_v2.csv,2284,mcq,mmlu_sociology_0079,cal,retain,R_random,svamp
pairs_mcq_v2.csv,2285,mcq,mmlu_sociology_0080,cal,remove,C0_exact,mmlu_copy
pairs_mcq_v2.csv,2286,mcq,mmlu_sociology_0080,cal,remove,C1_transformed,lmsys_rephrase
pairs_mcq_v2.csv,2287,mcq,mmlu_sociology_0080,cal,remove,C2_answer_bearing,mmlu_answer_frag
pairs_mcq_v2.csv,2288,mcq,mmlu_sociology_0080,cal,retain,H1_same_topic,mmlu_same_subject_other_item
pairs_mcq_v2.csv,2289,mcq,mmlu_sociology_0080,cal,retain,H3_predating,logiqa
pairs_mcq_v2.csv,2290,mcq,mmlu_sociology_0080,cal,retain,R_random,svamp
pairs_mcq_v2.csv,2291,mcq,mmlu_sociology_0081,cal,remove,C0_exact,mmlu_copy
pairs_mcq_v2.csv,2292,mcq,mmlu_sociology_0081,cal,remove,C1_transformed,lmsys_rephrase
pairs_mcq_v2.csv,2293,mcq,mmlu_sociology_0081,cal,remove,C2_answer_bearing,mmlu_answer_frag
pairs_mcq_v2.csv,2294,mcq,mmlu_sociology_0081,cal,retain,H1_same_topic,mmlu_same_subject_other_item
pairs_mcq_v2.csv,2295,mcq,mmlu_sociology_0081,cal,retain,H3_predating,logiqa
pairs_mcq_v2.csv,2296,mcq,mmlu_sociology_0081,cal,retain,R_random,svamp
pairs_mcq_v2.csv,2327,mcq,mmlu_sociology_0087,cal,remove,C0_exact,mmlu_copy
pairs_mcq_v2.csv,2328,mcq,mmlu_sociology_0087,cal,remove,C1_transformed,lmsys_rephrase
pairs_mcq_v2.csv,2329,mcq,mmlu_sociology_0087,cal,remove,C2_answer_bearing,mmlu_answer_frag
pairs_mcq_v2.csv,2330,mcq,mmlu_sociology_0087,cal,retain,H1_same_topic,mmlu_same_subject_other_item
pairs_mcq_v2.csv,2331,mcq,mmlu_sociology_0087,cal,retain,H3_predating,logiqa
pairs_mcq_v2.csv,2332,mcq,mmlu_sociology_0087,cal,retain,R_random,svamp
pairs_mcq_v2.csv,2345,mcq,mmlu_sociology_0090,cal,remove,C0_exact,mmlu_copy
pairs_mcq_v2.csv,2346,mcq,mmlu_sociology_0090,cal,remove,C1_transformed,lmsys_rephrase
pairs_mcq_v2.csv,2347,mcq,mmlu_sociology_0090,cal,remove,C2_answer_bearing,mmlu_answer_frag
pairs_mcq_v2.csv,2348,mcq,mmlu_sociology_0090,cal,retain,H1_same_topic,mmlu_same_subject_other_item
pairs_mcq_v2.csv,2349,mcq,mmlu_sociology_0090,cal,retain,H3_predating,logiqa
pairs_mcq_v2.csv,2350,mcq,mmlu_sociology_0090,cal,retain,R_random,svamp
pairs_mcq_v2.csv,2357,mcq,mmlu_sociology_0092,cal,remove,C0_exact,mmlu_copy
pairs_mcq_v2.csv,2358,mcq,mmlu_sociology_0092,cal,remove,C1_transformed,lmsys_rephrase
pairs_mcq_v2.csv,2359,mcq,mmlu_sociology_0092,cal,remove,C2_answer_bearing,mmlu_answer_frag
pairs_mcq_v2.csv,2360,mcq,mmlu_sociology_0092,cal,retain,H1_same_topic,mmlu_same_subject_other_item
pairs_mcq_v2.csv,2361,mcq,mmlu_sociology_0092,cal,retain,H3_predating,logiqa
pairs_mcq_v2.csv,2362,mcq,mmlu_sociology_0092,cal,retain,R_random,svamp
pairs_mcq_v2.csv,2369,mcq,mmlu_sociology_0094,cal,remove,C0_exact,mmlu_copy
pairs_mcq_v2.csv,2370,mcq,mmlu_sociology_0094,cal,remove,C1_transformed,lmsys_rephrase
pairs_mcq_v2.csv,2371,mcq,mmlu_sociology_0094,cal,remove,C2_answer_bearing,mmlu_answer_frag
pairs_mcq_v2.csv,2372,mcq,mmlu_sociology_0094,cal,retain,H1_same_topic,mmlu_same_subject_other_item
pairs_mcq_v2.csv,2373,mcq,mmlu_sociology_0094,cal,retain,H3_predating,logiqa
pairs_mcq_v2.csv,2374,mcq,mmlu_sociology_0094,cal,retain,R_random,svamp
pairs_mcq_v2.csv,2387,mcq,mmlu_sociology_0097,cal,remove,C0_exact,mmlu_copy
pairs_mcq_v2.csv,2388,mcq,mmlu_sociology_0097,cal,remove,C1_transformed,lmsys_rephrase
pairs_mcq_v2.csv,2389,mcq,mmlu_sociology_0097,cal,remove,C2_answer_bearing,mmlu_answer_frag
pairs_mcq_v2.csv,2390,mcq,mmlu_sociology_0097,cal,retain,H1_same_topic,mmlu_same_subject_other_item
pairs_mcq_v2.csv,2391,mcq,mmlu_sociology_0097,cal,retain,H3_predating,logiqa
pairs_mcq_v2.csv,2392,mcq,mmlu_sociology_0097,cal,retain,R_random,svamp
pairs_mcq_v2.csv,2429,mcq,mmlu_sociology_0104,cal,remove,C0_exact,mmlu_copy
pairs_mcq_v2.csv,2430,mcq,mmlu_sociology_0104,cal,remove,C1_transformed,lmsys_rephrase
pairs_mcq_v2.csv,2431,mcq,mmlu_sociology_0104,cal,remove,C2_answer_bearing,mmlu_answer_frag
pairs_mcq_v2.csv,2432,mcq,mmlu_sociology_0104,cal,retain,H1_same_topic,mmlu_same_subject_other_item
pairs_mcq_v2.csv,2433,mcq,mmlu_sociology_0104,cal,retain,H3_predating,logiqa
pairs_mcq_v2.csv,2434,mcq,mmlu_sociology_0104,cal,retain,R_random,svamp
pairs_mcq_v2.csv,2435,mcq,mmlu_sociology_0105,cal,remove,C0_exact,mmlu_copy
pairs_mcq_v2.csv,2436,mcq,mmlu_sociology_0105,cal,remove,C1_transformed,lmsys_rephrase
pairs_mcq_v2.csv,2437,mcq,mmlu_sociology_0105,cal,remove,C2_answer_bearing,mmlu_answer_frag
pairs_mcq_v2.csv,2438,mcq,mmlu_sociology_0105,cal,retain,H1_same_topic,mmlu_same_subject_other_item
pairs_mcq_v2.csv,2439,mcq,mmlu_sociology_0105,cal,retain,H3_predating,logiqa
pairs_mcq_v2.csv,2440,mcq,mmlu_sociology_0105,cal,retain,R_random,svamp
pairs_mcq_v2.csv,2459,mcq,mmlu_sociology_0109,cal,remove,C0_exact,mmlu_copy
pairs_mcq_v2.csv,2460,mcq,mmlu_sociology_0109,cal,remove,C1_transformed,lmsys_rephrase
pairs_mcq_v2.csv,2461,mcq,mmlu_sociology_0109,cal,remove,C2_answer_bearing,mmlu_answer_frag
pairs_mcq_v2.csv,2462,mcq,mmlu_sociology_0109,cal,retain,H1_same_topic,mmlu_same_subject_other_item
pairs_mcq_v2.csv,2463,mcq,mmlu_sociology_0109,cal,retain,H3_predating,logiqa
pairs_mcq_v2.csv,2464,mcq,mmlu_sociology_0109,cal,retain,R_random,svamp
pairs_mcq_v2.csv,2465,mcq,mmlu_sociology_0110,cal,remove,C0_exact,mmlu_copy
pairs_mcq_v2.csv,2466,mcq,mmlu_sociology_0110,cal,remove,C1_transformed,lmsys_rephrase
pairs_mcq_v2.csv,2467,mcq,mmlu_sociology_0110,cal,remove,C2_answer_bearing,mmlu_answer_frag
pairs_mcq_v2.csv,2468,mcq,mmlu_sociology_0110,cal,retain,H1_same_topic,mmlu_same_subject_other_item
pairs_mcq_v2.csv,2469,mcq,mmlu_sociology_0110,cal,retain,H3_predating,logiqa
pairs_mcq_v2.csv,2470,mcq,mmlu_sociology_0110,cal,retain,R_random,svamp
pairs_mcq_v2.csv,2483,mcq,mmlu_sociology_0113,cal,remove,C0_exact,mmlu_copy
pairs_mcq_v2.csv,2484,mcq,mmlu_sociology_0113,cal,remove,C1_transformed,lmsys_rephrase
pairs_mcq_v2.csv,2485,mcq,mmlu_sociology_0113,cal,remove,C2_answer_bearing,mmlu_answer_frag
pairs_mcq_v2.csv,2486,mcq,mmlu_sociology_0113,cal,retain,H1_same_topic,mmlu_same_subject_other_item
pairs_mcq_v2.csv,2487,mcq,mmlu_sociology_0113,cal,retain,H3_predating,logiqa
pairs_mcq_v2.csv,2488,mcq,mmlu_sociology_0113,cal,retain,R_random,svamp
pairs_mcq_v2.csv,2501,mcq,mmlu_sociology_0116,cal,remove,C0_exact,mmlu_copy
pairs_mcq_v2.csv,2502,mcq,mmlu_sociology_0116,cal,remove,C1_transformed,lmsys_rephrase
pairs_mcq_v2.csv,2503,mcq,mmlu_sociology_0116,cal,remove,C2_answer_bearing,mmlu_answer_frag
pairs_mcq_v2.csv,2504,mcq,mmlu_sociology_0116,cal,retain,H1_same_topic,mmlu_same_subject_other_item
pairs_mcq_v2.csv,2505,mcq,mmlu_sociology_0116,cal,retain,H3_predating,logiqa
pairs_mcq_v2.csv,2506,mcq,mmlu_sociology_0116,cal,retain,R_random,svamp
pairs_mcq_v2.csv,2507,mcq,mmlu_sociology_0117,cal,remove,C0_exact,mmlu_copy
pairs_mcq_v2.csv,2508,mcq,mmlu_sociology_0117,cal,remove,C1_transformed,lmsys_rephrase
pairs_mcq_v2.csv,2509,mcq,mmlu_sociology_0117,cal,remove,C2_answer_bearing,mmlu_answer_frag
pairs_mcq_v2.csv,2510,mcq,mmlu_sociology_0117,cal,retain,H1_same_topic,mmlu_same_subject_other_item
pairs_mcq_v2.csv,2511,mcq,mmlu_sociology_0117,cal,retain,H3_predating,logiqa
pairs_mcq_v2.csv,2512,mcq,mmlu_sociology_0117,cal,retain,R_random,svamp
pairs_mcq_v2.csv,2513,mcq,mmlu_sociology_0118,cal,remove,C0_exact,mmlu_copy
pairs_mcq_v2.csv,2514,mcq,mmlu_sociology_0118,cal,remove,C1_transformed,lmsys_rephrase
pairs_mcq_v2.csv,2515,mcq,mmlu_sociology_0118,cal,remove,C2_answer_bearing,mmlu_answer_frag
pairs_mcq_v2.csv,2516,mcq,mmlu_sociology_0118,cal,retain,H1_same_topic,mmlu_same_subject_other_item
pairs_mcq_v2.csv,2517,mcq,mmlu_sociology_0118,cal,retain,H3_predating,logiqa
pairs_mcq_v2.csv,2518,mcq,mmlu_sociology_0118,cal,retain,R_random,svamp
pairs_mcq_v2.csv,2549,mcq,mmlu_sociology_0124,cal,remove,C0_exact,mmlu_copy
pairs_mcq_v2.csv,2550,mcq,mmlu_sociology_0124,cal,remove,C1_transformed,lmsys_rephrase
pairs_mcq_v2.csv,2551,mcq,mmlu_sociology_0124,cal,remove,C2_answer_bearing,mmlu_answer_frag
pairs_mcq_v2.csv,2552,mcq,mmlu_sociology_0124,cal,retain,H1_same_topic,mmlu_same_subject_other_item
pairs_mcq_v2.csv,2553,mcq,mmlu_sociology_0124,cal,retain,H3_predating,logiqa
pairs_mcq_v2.csv,2554,mcq,mmlu_sociology_0124,cal,retain,R_random,svamp
pairs_mcq_v2.csv,2555,mcq,mmlu_sociology_0125,cal,remove,C0_exact,mmlu_copy
pairs_mcq_v2.csv,2556,mcq,mmlu_sociology_0125,cal,remove,C1_transformed,lmsys_rephrase
pairs_mcq_v2.csv,2557,mcq,mmlu_sociology_0125,cal,remove,C2_answer_bearing,mmlu_answer_frag
pairs_mcq_v2.csv,2558,mcq,mmlu_sociology_0125,cal,retain,H1_same_topic,mmlu_same_subject_other_item
pairs_mcq_v2.csv,2559,mcq,mmlu_sociology_0125,cal,retain,H3_predating,logiqa
pairs_mcq_v2.csv,2560,mcq,mmlu_sociology_0125,cal,retain,R_random,svamp
pairs_mcq_v2.csv,2579,mcq,mmlu_sociology_0129,cal,remove,C0_exact,mmlu_copy
pairs_mcq_v2.csv,2580,mcq,mmlu_sociology_0129,cal,remove,C1_transformed,lmsys_rephrase
pairs_mcq_v2.csv,2581,mcq,mmlu_sociology_0129,cal,remove,C2_answer_bearing,mmlu_answer_frag
pairs_mcq_v2.csv,2582,mcq,mmlu_sociology_0129,cal,retain,H1_same_topic,mmlu_same_subject_other_item
pairs_mcq_v2.csv,2583,mcq,mmlu_sociology_0129,cal,retain,H3_predating,logiqa
pairs_mcq_v2.csv,2584,mcq,mmlu_sociology_0129,cal,retain,R_random,svamp
pairs_mcq_v2.csv,2609,mcq,mmlu_sociology_0134,cal,remove,C0_exact,mmlu_copy
pairs_mcq_v2.csv,2610,mcq,mmlu_sociology_0134,cal,remove,C1_transformed,lmsys_rephrase
pairs_mcq_v2.csv,2611,mcq,mmlu_sociology_0134,cal,remove,C2_answer_bearing,mmlu_answer_frag
pairs_mcq_v2.csv,2612,mcq,mmlu_sociology_0134,cal,retain,H1_same_topic,mmlu_same_subject_other_item
pairs_mcq_v2.csv,2613,mcq,mmlu_sociology_0134,cal,retain,H3_predating,logiqa
pairs_mcq_v2.csv,2614,mcq,mmlu_sociology_0134,cal,retain,R_random,svamp
pairs_mcq_v2.csv,2615,mcq,mmlu_sociology_0135,cal,remove,C0_exact,mmlu_copy
pairs_mcq_v2.csv,2616,mcq,mmlu_sociology_0135,cal,remove,C1_transformed,lmsys_rephrase
pairs_mcq_v2.csv,2617,mcq,mmlu_sociology_0135,cal,remove,C2_answer_bearing,mmlu_answer_frag
pairs_mcq_v2.csv,2618,mcq,mmlu_sociology_0135,cal,retain,H1_same_topic,mmlu_same_subject_other_item
pairs_mcq_v2.csv,2619,mcq,mmlu_sociology_0135,cal,retain,H3_predating,logiqa
pairs_mcq_v2.csv,2620,mcq,mmlu_sociology_0135,cal,retain,R_random,svamp
pairs_mcq_v2.csv,2633,mcq,mmlu_sociology_0138,cal,remove,C0_exact,mmlu_copy
pairs_mcq_v2.csv,2634,mcq,mmlu_sociology_0138,cal,remove,C1_transformed,lmsys_rephrase
pairs_mcq_v2.csv,2635,mcq,mmlu_sociology_0138,cal,remove,C2_answer_bearing,mmlu_answer_frag
pairs_mcq_v2.csv,2636,mcq,mmlu_sociology_0138,cal,retain,H1_same_topic,mmlu_same_subject_other_item
pairs_mcq_v2.csv,2637,mcq,mmlu_sociology_0138,cal,retain,H3_predating,logiqa
pairs_mcq_v2.csv,2638,mcq,mmlu_sociology_0138,cal,retain,R_random,svamp
pairs_mcq_v2.csv,2693,mcq,mmlu_sociology_0148,cal,remove,C0_exact,mmlu_copy
pairs_mcq_v2.csv,2694,mcq,mmlu_sociology_0148,cal,remove,C1_transformed,lmsys_rephrase
pairs_mcq_v2.csv,2695,mcq,mmlu_sociology_0148,cal,remove,C2_answer_bearing,mmlu_answer_frag
pairs_mcq_v2.csv,2696,mcq,mmlu_sociology_0148,cal,retain,H1_same_topic,mmlu_same_subject_other_item
pairs_mcq_v2.csv,2697,mcq,mmlu_sociology_0148,cal,retain,H3_predating,logiqa
pairs_mcq_v2.csv,2698,mcq,mmlu_sociology_0148,cal,retain,R_random,svamp
pairs_mcq_v2.csv,2705,mcq,mmlu_sociology_0150,cal,remove,C0_exact,mmlu_copy
pairs_mcq_v2.csv,2706,mcq,mmlu_sociology_0150,cal,remove,C1_transformed,lmsys_rephrase
pairs_mcq_v2.csv,2707,mcq,mmlu_sociology_0150,cal,remove,C2_answer_bearing,mmlu_answer_frag
pairs_mcq_v2.csv,2708,mcq,mmlu_sociology_0150,cal,retain,H1_same_topic,mmlu_same_subject_other_item
pairs_mcq_v2.csv,2709,mcq,mmlu_sociology_0150,cal,retain,H3_predating,logiqa
pairs_mcq_v2.csv,2710,mcq,mmlu_sociology_0150,cal,retain,R_random,svamp
pairs_mcq_v2.csv,2735,mcq,mmlu_sociology_0155,cal,remove,C0_exact,mmlu_copy
pairs_mcq_v2.csv,2736,mcq,mmlu_sociology_0155,cal,remove,C1_transformed,lmsys_rephrase
pairs_mcq_v2.csv,2737,mcq,mmlu_sociology_0155,cal,remove,C2_answer_bearing,mmlu_answer_frag
pairs_mcq_v2.csv,2738,mcq,mmlu_sociology_0155,cal,retain,H1_same_topic,mmlu_same_subject_other_item
pairs_mcq_v2.csv,2739,mcq,mmlu_sociology_0155,cal,retain,H3_predating,logiqa
pairs_mcq_v2.csv,2740,mcq,mmlu_sociology_0155,cal,retain,R_random,svamp
pairs_mcq_v2.csv,2759,mcq,mmlu_sociology_0159,cal,remove,C0_exact,mmlu_copy
pairs_mcq_v2.csv,2760,mcq,mmlu_sociology_0159,cal,remove,C1_transformed,lmsys_rephrase
pairs_mcq_v2.csv,2761,mcq,mmlu_sociology_0159,cal,remove,C2_answer_bearing,mmlu_answer_frag
pairs_mcq_v2.csv,2762,mcq,mmlu_sociology_0159,cal,retain,H1_same_topic,mmlu_same_subject_other_item
pairs_mcq_v2.csv,2763,mcq,mmlu_sociology_0159,cal,retain,H3_predating,logiqa
pairs_mcq_v2.csv,2764,mcq,mmlu_sociology_0159,cal,retain,R_random,svamp
pairs_mcq_v2.csv,2777,mcq,mmlu_sociology_0162,cal,remove,C0_exact,mmlu_copy
pairs_mcq_v2.csv,2778,mcq,mmlu_sociology_0162,cal,remove,C1_transformed,lmsys_rephrase
pairs_mcq_v2.csv,2779,mcq,mmlu_sociology_0162,cal,remove,C2_answer_bearing,mmlu_answer_frag
pairs_mcq_v2.csv,2780,mcq,mmlu_sociology_0162,cal,retain,H1_same_topic,mmlu_same_subject_other_item
pairs_mcq_v2.csv,2781,mcq,mmlu_sociology_0162,cal,retain,H3_predating,logiqa
pairs_mcq_v2.csv,2782,mcq,mmlu_sociology_0162,cal,retain,R_random,svamp
pairs_mcq_v2.csv,2789,mcq,mmlu_sociology_0164,cal,remove,C0_exact,mmlu_copy
pairs_mcq_v2.csv,2790,mcq,mmlu_sociology_0164,cal,remove,C1_transformed,lmsys_rephrase
pairs_mcq_v2.csv,2791,mcq,mmlu_sociology_0164,cal,remove,C2_answer_bearing,mmlu_answer_frag
pairs_mcq_v2.csv,2792,mcq,mmlu_sociology_0164,cal,retain,H1_same_topic,mmlu_same_subject_other_item
pairs_mcq_v2.csv,2793,mcq,mmlu_sociology_0164,cal,retain,H3_predating,logiqa
pairs_mcq_v2.csv,2794,mcq,mmlu_sociology_0164,cal,retain,R_random,svamp
pairs_mcq_v2.csv,2819,mcq,mmlu_sociology_0169,cal,remove,C0_exact,mmlu_copy
pairs_mcq_v2.csv,2820,mcq,mmlu_sociology_0169,cal,remove,C1_transformed,lmsys_rephrase
pairs_mcq_v2.csv,2821,mcq,mmlu_sociology_0169,cal,remove,C2_answer_bearing,mmlu_answer_frag
pairs_mcq_v2.csv,2822,mcq,mmlu_sociology_0169,cal,retain,H1_same_topic,mmlu_same_subject_other_item
pairs_mcq_v2.csv,2823,mcq,mmlu_sociology_0169,cal,retain,H3_predating,logiqa
pairs_mcq_v2.csv,2824,mcq,mmlu_sociology_0169,cal,retain,R_random,svamp
pairs_mcq_v2.csv,2884,mcq,mmlu_sociology_0180,cal,remove,C0_exact,mmlu_copy
pairs_mcq_v2.csv,2885,mcq,mmlu_sociology_0180,cal,remove,C1_transformed,lmsys_rephrase
pairs_mcq_v2.csv,2886,mcq,mmlu_sociology_0180,cal,remove,C2_answer_bearing,mmlu_answer_frag
pairs_mcq_v2.csv,2887,mcq,mmlu_sociology_0180,cal,retain,H1_same_topic,mmlu_same_subject_other_item
pairs_mcq_v2.csv,2888,mcq,mmlu_sociology_0180,cal,retain,H3_predating,logiqa
pairs_mcq_v2.csv,2889,mcq,mmlu_sociology_0180,cal,retain,R_random,svamp
pairs_mcq_v2.csv,2902,mcq,mmlu_sociology_0183,cal,remove,C0_exact,mmlu_copy
pairs_mcq_v2.csv,2903,mcq,mmlu_sociology_0183,cal,remove,C1_transformed,lmsys_rephrase
pairs_mcq_v2.csv,2904,mcq,mmlu_sociology_0183,cal,remove,C2_answer_bearing,mmlu_answer_frag
pairs_mcq_v2.csv,2905,mcq,mmlu_sociology_0183,cal,retain,H1_same_topic,mmlu_same_subject_other_item
pairs_mcq_v2.csv,2906,mcq,mmlu_sociology_0183,cal,retain,H3_predating,logiqa
pairs_mcq_v2.csv,2907,mcq,mmlu_sociology_0183,cal,retain,R_random,svamp
pairs_mcq_v2.csv,2908,mcq,mmlu_sociology_0184,cal,remove,C0_exact,mmlu_copy
pairs_mcq_v2.csv,2909,mcq,mmlu_sociology_0184,cal,remove,C1_transformed,lmsys_rephrase
pairs_mcq_v2.csv,2910,mcq,mmlu_sociology_0184,cal,remove,C2_answer_bearing,mmlu_answer_frag
pairs_mcq_v2.csv,2911,mcq,mmlu_sociology_0184,cal,retain,H1_same_topic,mmlu_same_subject_other_item
pairs_mcq_v2.csv,2912,mcq,mmlu_sociology_0184,cal,retain,H3_predating,logiqa
pairs_mcq_v2.csv,2913,mcq,mmlu_sociology_0184,cal,retain,R_random,svamp
pairs_mcq_v2.csv,2932,mcq,mmlu_sociology_0188,cal,remove,C0_exact,mmlu_copy
pairs_mcq_v2.csv,2933,mcq,mmlu_sociology_0188,cal,remove,C1_transformed,lmsys_rephrase
pairs_mcq_v2.csv,2934,mcq,mmlu_sociology_0188,cal,remove,C2_answer_bearing,mmlu_answer_frag
pairs_mcq_v2.csv,2935,mcq,mmlu_sociology_0188,cal,retain,H1_same_topic,mmlu_same_subject_other_item
pairs_mcq_v2.csv,2936,mcq,mmlu_sociology_0188,cal,retain,H3_predating,logiqa
pairs_mcq_v2.csv,2937,mcq,mmlu_sociology_0188,cal,retain,R_random,svamp
pairs_mcq_v2.csv,2938,mcq,mmlu_sociology_0189,cal,remove,C0_exact,mmlu_copy
pairs_mcq_v2.csv,2939,mcq,mmlu_sociology_0189,cal,remove,C1_transformed,lmsys_rephrase
pairs_mcq_v2.csv,2940,mcq,mmlu_sociology_0189,cal,remove,C2_answer_bearing,mmlu_answer_frag
pairs_mcq_v2.csv,2941,mcq,mmlu_sociology_0189,cal,retain,H1_same_topic,mmlu_same_subject_other_item
pairs_mcq_v2.csv,2942,mcq,mmlu_sociology_0189,cal,retain,H3_predating,logiqa
pairs_mcq_v2.csv,2943,mcq,mmlu_sociology_0189,cal,retain,R_random,svamp
pairs_mcq_v2.csv,2944,mcq,mmlu_sociology_0190,cal,remove,C0_exact,mmlu_copy
pairs_mcq_v2.csv,2945,mcq,mmlu_sociology_0190,cal,remove,C1_transformed,lmsys_rephrase
pairs_mcq_v2.csv,2946,mcq,mmlu_sociology_0190,cal,remove,C2_answer_bearing,mmlu_answer_frag
pairs_mcq_v2.csv,2947,mcq,mmlu_sociology_0190,cal,retain,H1_same_topic,mmlu_same_subject_other_item
pairs_mcq_v2.csv,2948,mcq,mmlu_sociology_0190,cal,retain,H3_predating,logiqa
pairs_mcq_v2.csv,2949,mcq,mmlu_sociology_0190,cal,retain,R_random,svamp
pairs_mcq_v2.csv,2962,mcq,mmlu_sociology_0193,cal,remove,C0_exact,mmlu_copy
pairs_mcq_v2.csv,2963,mcq,mmlu_sociology_0193,cal,remove,C1_transformed,lmsys_rephrase
pairs_mcq_v2.csv,2964,mcq,mmlu_sociology_0193,cal,remove,C2_answer_bearing,mmlu_answer_frag
pairs_mcq_v2.csv,2965,mcq,mmlu_sociology_0193,cal,retain,H1_same_topic,mmlu_same_subject_other_item
pairs_mcq_v2.csv,2966,mcq,mmlu_sociology_0193,cal,retain,H3_predating,logiqa
pairs_mcq_v2.csv,2967,mcq,mmlu_sociology_0193,cal,retain,R_random,svamp
pairs_mcq_v2.csv,2992,mcq,mmlu_sociology_0198,cal,remove,C0_exact,mmlu_copy
pairs_mcq_v2.csv,2993,mcq,mmlu_sociology_0198,cal,remove,C1_transformed,lmsys_rephrase
pairs_mcq_v2.csv,2994,mcq,mmlu_sociology_0198,cal,remove,C2_answer_bearing,mmlu_answer_frag
pairs_mcq_v2.csv,2995,mcq,mmlu_sociology_0198,cal,retain,H1_same_topic,mmlu_same_subject_other_item
pairs_mcq_v2.csv,2996,mcq,mmlu_sociology_0198,cal,retain,H3_predating,logiqa
pairs_mcq_v2.csv,2997,mcq,mmlu_sociology_0198,cal,retain,R_random,svamp
pairs_mcq_v2.csv,3017,mcq,mmlu_abstract_algebra_0007,cal,remove,C1_sr,mmlu_sr_qa
pairs_mcq_v2.csv,3019,mcq,mmlu_abstract_algebra_0009,cal,remove,C1_sr,mmlu_sr_qa
pairs_mcq_v2.csv,3024,mcq,mmlu_abstract_algebra_0014,cal,remove,C1_sr,mmlu_sr_qa
pairs_mcq_v2.csv,3028,mcq,mmlu_abstract_algebra_0018,cal,remove,C1_sr,mmlu_sr_qa
pairs_mcq_v2.csv,3030,mcq,mmlu_abstract_algebra_0020,cal,remove,C1_sr,mmlu_sr_qa
pairs_mcq_v2.csv,3036,mcq,mmlu_abstract_algebra_0026,cal,remove,C1_sr,mmlu_sr_qa
pairs_mcq_v2.csv,3040,mcq,mmlu_abstract_algebra_0030,cal,remove,C1_sr,mmlu_sr_qa
pairs_mcq_v2.csv,3042,mcq,mmlu_abstract_algebra_0032,cal,remove,C1_sr,mmlu_sr_qa
pairs_mcq_v2.csv,3043,mcq,mmlu_abstract_algebra_0033,cal,remove,C1_sr,mmlu_sr_qa
pairs_mcq_v2.csv,3051,mcq,mmlu_abstract_algebra_0041,cal,remove,C1_sr,mmlu_sr_qa
pairs_mcq_v2.csv,3055,mcq,mmlu_abstract_algebra_0045,cal,remove,C1_sr,mmlu_sr_qa
pairs_mcq_v2.csv,3062,mcq,mmlu_abstract_algebra_0052,cal,remove,C1_sr,mmlu_sr_qa
pairs_mcq_v2.csv,3065,mcq,mmlu_abstract_algebra_0055,cal,remove,C1_sr,mmlu_sr_qa
pairs_mcq_v2.csv,3067,mcq,mmlu_abstract_algebra_0057,cal,remove,C1_sr,mmlu_sr_qa
pairs_mcq_v2.csv,3069,mcq,mmlu_abstract_algebra_0059,cal,remove,C1_sr,mmlu_sr_qa
pairs_mcq_v2.csv,3070,mcq,mmlu_abstract_algebra_0060,cal,remove,C1_sr,mmlu_sr_qa
pairs_mcq_v2.csv,3073,mcq,mmlu_abstract_algebra_0063,cal,remove,C1_sr,mmlu_sr_qa
pairs_mcq_v2.csv,3075,mcq,mmlu_abstract_algebra_0065,cal,remove,C1_sr,mmlu_sr_qa
pairs_mcq_v2.csv,3085,mcq,mmlu_abstract_algebra_0075,cal,remove,C1_sr,mmlu_sr_qa
pairs_mcq_v2.csv,3089,mcq,mmlu_abstract_algebra_0079,cal,remove,C1_sr,mmlu_sr_qa
pairs_mcq_v2.csv,3093,mcq,mmlu_abstract_algebra_0083,cal,remove,C1_sr,mmlu_sr_qa
pairs_mcq_v2.csv,3098,mcq,mmlu_abstract_algebra_0088,cal,remove,C1_sr,mmlu_sr_qa
pairs_mcq_v2.csv,3100,mcq,mmlu_abstract_algebra_0090,cal,remove,C1_sr,mmlu_sr_qa
pairs_mcq_v2.csv,3101,mcq,mmlu_abstract_algebra_0091,cal,remove,C1_sr,mmlu_sr_qa
pairs_mcq_v2.csv,3102,mcq,mmlu_abstract_algebra_0092,cal,remove,C1_sr,mmlu_sr_qa
pairs_mcq_v2.csv,3105,mcq,mmlu_abstract_algebra_0095,cal,remove,C1_sr,mmlu_sr_qa
pairs_mcq_v2.csv,3107,mcq,mmlu_abstract_algebra_0097,cal,remove,C1_sr,mmlu_sr_qa
pairs_mcq_v2.csv,3108,mcq,mmlu_abstract_algebra_0098,cal,remove,C1_sr,mmlu_sr_qa
pairs_mcq_v2.csv,3110,mcq,mmlu_high_school_us_history_0000,cal,remove,C1_sr,mmlu_sr_qa
pairs_mcq_v2.csv,3112,mcq,mmlu_high_school_us_history_0002,cal,remove,C1_sr,mmlu_sr_qa
pairs_mcq_v2.csv,3116,mcq,mmlu_high_school_us_history_0006,cal,remove,C1_sr,mmlu_sr_qa
pairs_mcq_v2.csv,3130,mcq,mmlu_high_school_us_history_0020,cal,remove,C1_sr,mmlu_sr_qa
pairs_mcq_v2.csv,3131,mcq,mmlu_high_school_us_history_0021,cal,remove,C1_sr,mmlu_sr_qa
pairs_mcq_v2.csv,3132,mcq,mmlu_high_school_us_history_0022,cal,remove,C1_sr,mmlu_sr_qa
pairs_mcq_v2.csv,3133,mcq,mmlu_high_school_us_history_0023,cal,remove,C1_sr,mmlu_sr_qa
pairs_mcq_v2.csv,3136,mcq,mmlu_high_school_us_history_0026,cal,remove,C1_sr,mmlu_sr_qa
pairs_mcq_v2.csv,3137,mcq,mmlu_high_school_us_history_0027,cal,remove,C1_sr,mmlu_sr_qa
pairs_mcq_v2.csv,3138,mcq,mmlu_high_school_us_history_0028,cal,remove,C1_sr,mmlu_sr_qa
pairs_mcq_v2.csv,3149,mcq,mmlu_high_school_us_history_0039,cal,remove,C1_sr,mmlu_sr_qa
pairs_mcq_v2.csv,3150,mcq,mmlu_high_school_us_history_0040,cal,remove,C1_sr,mmlu_sr_qa
pairs_mcq_v2.csv,3154,mcq,mmlu_high_school_us_history_0044,cal,remove,C1_sr,mmlu_sr_qa
pairs_mcq_v2.csv,3155,mcq,mmlu_high_school_us_history_0045,cal,remove,C1_sr,mmlu_sr_qa
pairs_mcq_v2.csv,3159,mcq,mmlu_high_school_us_history_0049,cal,remove,C1_sr,mmlu_sr_qa
pairs_mcq_v2.csv,3160,mcq,mmlu_high_school_us_history_0050,cal,remove,C1_sr,mmlu_sr_qa
pairs_mcq_v2.csv,3161,mcq,mmlu_high_school_us_history_0051,cal,remove,C1_sr,mmlu_sr_qa
pairs_mcq_v2.csv,3162,mcq,mmlu_high_school_us_history_0052,cal,remove,C1_sr,mmlu_sr_qa
pairs_mcq_v2.csv,3163,mcq,mmlu_high_school_us_history_0053,cal,remove,C1_sr,mmlu_sr_qa
pairs_mcq_v2.csv,3166,mcq,mmlu_high_school_us_history_0056,cal,remove,C1_sr,mmlu_sr_qa
pairs_mcq_v2.csv,3177,mcq,mmlu_high_school_us_history_0067,cal,remove,C1_sr,mmlu_sr_qa
pairs_mcq_v2.csv,3196,mcq,mmlu_high_school_us_history_0086,cal,remove,C1_sr,mmlu_sr_qa
pairs_mcq_v2.csv,3200,mcq,mmlu_high_school_us_history_0090,cal,remove,C1_sr,mmlu_sr_qa
pairs_mcq_v2.csv,3206,mcq,mmlu_high_school_us_history_0096,cal,remove,C1_sr,mmlu_sr_qa
pairs_mcq_v2.csv,3207,mcq,mmlu_high_school_us_history_0097,cal,remove,C1_sr,mmlu_sr_qa
pairs_mcq_v2.csv,3209,mcq,mmlu_high_school_us_history_0099,cal,remove,C1_sr,mmlu_sr_qa
pairs_mcq_v2.csv,3212,mcq,mmlu_high_school_us_history_0102,cal,remove,C1_sr,mmlu_sr_qa
pairs_mcq_v2.csv,3213,mcq,mmlu_high_school_us_history_0103,cal,remove,C1_sr,mmlu_sr_qa
pairs_mcq_v2.csv,3221,mcq,mmlu_high_school_us_history_0111,cal,remove,C1_sr,mmlu_sr_qa
pairs_mcq_v2.csv,3223,mcq,mmlu_high_school_us_history_0113,cal,remove,C1_sr,mmlu_sr_qa
pairs_mcq_v2.csv,3224,mcq,mmlu_high_school_us_history_0114,cal,remove,C1_sr,mmlu_sr_qa
pairs_mcq_v2.csv,3226,mcq,mmlu_high_school_us_history_0116,cal,remove,C1_sr,mmlu_sr_qa
pairs_mcq_v2.csv,3229,mcq,mmlu_high_school_us_history_0119,cal,remove,C1_sr,mmlu_sr_qa
pairs_mcq_v2.csv,3233,mcq,mmlu_high_school_us_history_0123,cal,remove,C1_sr,mmlu_sr_qa
pairs_mcq_v2.csv,3234,mcq,mmlu_high_school_us_history_0124,cal,remove,C1_sr,mmlu_sr_qa
pairs_mcq_v2.csv,3242,mcq,mmlu_high_school_us_history_0132,cal,remove,C1_sr,mmlu_sr_qa
pairs_mcq_v2.csv,3246,mcq,mmlu_high_school_us_history_0136,cal,remove,C1_sr,mmlu_sr_qa
pairs_mcq_v2.csv,3251,mcq,mmlu_high_school_us_history_0141,cal,remove,C1_sr,mmlu_sr_qa
pairs_mcq_v2.csv,3252,mcq,mmlu_high_school_us_history_0142,cal,remove,C1_sr,mmlu_sr_qa
pairs_mcq_v2.csv,3256,mcq,mmlu_high_school_us_history_0146,cal,remove,C1_sr,mmlu_sr_qa
pairs_mcq_v2.csv,3258,mcq,mmlu_high_school_us_history_0148,cal,remove,C1_sr,mmlu_sr_qa
pairs_mcq_v2.csv,3259,mcq,mmlu_high_school_us_history_0149,cal,remove,C1_sr,mmlu_sr_qa
pairs_mcq_v2.csv,3265,mcq,mmlu_high_school_us_history_0155,cal,remove,C1_sr,mmlu_sr_qa
pairs_mcq_v2.csv,3270,mcq,mmlu_high_school_us_history_0160,cal,remove,C1_sr,mmlu_sr_qa
pairs_mcq_v2.csv,3271,mcq,mmlu_high_school_us_history_0161,cal,remove,C1_sr,mmlu_sr_qa
pairs_mcq_v2.csv,3277,mcq,mmlu_high_school_us_history_0167,cal,remove,C1_sr,mmlu_sr_qa
pairs_mcq_v2.csv,3278,mcq,mmlu_high_school_us_history_0168,cal,remove,C1_sr,mmlu_sr_qa
pairs_mcq_v2.csv,3281,mcq,mmlu_high_school_us_history_0171,cal,remove,C1_sr,mmlu_sr_qa
pairs_mcq_v2.csv,3285,mcq,mmlu_high_school_us_history_0175,cal,remove,C1_sr,mmlu_sr_qa
pairs_mcq_v2.csv,3287,mcq,mmlu_high_school_us_history_0177,cal,remove,C1_sr,mmlu_sr_qa
pairs_mcq_v2.csv,3290,mcq,mmlu_high_school_us_history_0180,cal,remove,C1_sr,mmlu_sr_qa
pairs_mcq_v2.csv,3291,mcq,mmlu_high_school_us_history_0181,cal,remove,C1_sr,mmlu_sr_qa
pairs_mcq_v2.csv,3292,mcq,mmlu_high_school_us_history_0182,cal,remove,C1_sr,mmlu_sr_qa
pairs_mcq_v2.csv,3293,mcq,mmlu_high_school_us_history_0183,cal,remove,C1_sr,mmlu_sr_qa
pairs_mcq_v2.csv,3294,mcq,mmlu_high_school_us_history_0184,cal,remove,C1_sr,mmlu_sr_qa
pairs_mcq_v2.csv,3295,mcq,mmlu_high_school_us_history_0185,cal,remove,C1_sr,mmlu_sr_qa
pairs_mcq_v2.csv,3296,mcq,mmlu_high_school_us_history_0186,cal,remove,C1_sr,mmlu_sr_qa
pairs_mcq_v2.csv,3307,mcq,mmlu_high_school_us_history_0197,cal,remove,C1_sr,mmlu_sr_qa
pairs_mcq_v2.csv,3310,mcq,mmlu_high_school_us_history_0200,cal,remove,C1_sr,mmlu_sr_qa
pairs_mcq_v2.csv,3315,mcq,mmlu_sociology_0001,cal,remove,C1_sr,mmlu_sr_qa
pairs_mcq_v2.csv,3317,mcq,mmlu_sociology_0003,cal,remove,C1_sr,mmlu_sr_qa
pairs_mcq_v2.csv,3319,mcq,mmlu_sociology_0005,cal,remove,C1_sr,mmlu_sr_qa
pairs_mcq_v2.csv,3321,mcq,mmlu_sociology_0007,cal,remove,C1_sr,mmlu_sr_qa
pairs_mcq_v2.csv,3322,mcq,mmlu_sociology_0008,cal,remove,C1_sr,mmlu_sr_qa
pairs_mcq_v2.csv,3324,mcq,mmlu_sociology_0010,cal,remove,C1_sr,mmlu_sr_qa
pairs_mcq_v2.csv,3328,mcq,mmlu_sociology_0014,cal,remove,C1_sr,mmlu_sr_qa
pairs_mcq_v2.csv,3330,mcq,mmlu_sociology_0016,cal,remove,C1_sr,mmlu_sr_qa
pairs_mcq_v2.csv,3332,mcq,mmlu_sociology_0018,cal,remove,C1_sr,mmlu_sr_qa
pairs_mcq_v2.csv,3333,mcq,mmlu_sociology_0019,cal,remove,C1_sr,mmlu_sr_qa
pairs_mcq_v2.csv,3338,mcq,mmlu_sociology_0024,cal,remove,C1_sr,mmlu_sr_qa
pairs_mcq_v2.csv,3339,mcq,mmlu_sociology_0025,cal,remove,C1_sr,mmlu_sr_qa
pairs_mcq_v2.csv,3341,mcq,mmlu_sociology_0027,cal,remove,C1_sr,mmlu_sr_qa
pairs_mcq_v2.csv,3343,mcq,mmlu_sociology_0029,cal,remove,C1_sr,mmlu_sr_qa
pairs_mcq_v2.csv,3346,mcq,mmlu_sociology_0032,cal,remove,C1_sr,mmlu_sr_qa
pairs_mcq_v2.csv,3354,mcq,mmlu_sociology_0040,cal,remove,C1_sr,mmlu_sr_qa
pairs_mcq_v2.csv,3357,mcq,mmlu_sociology_0043,cal,remove,C1_sr,mmlu_sr_qa
pairs_mcq_v2.csv,3358,mcq,mmlu_sociology_0044,cal,remove,C1_sr,mmlu_sr_qa
pairs_mcq_v2.csv,3360,mcq,mmlu_sociology_0046,cal,remove,C1_sr,mmlu_sr_qa
pairs_mcq_v2.csv,3364,mcq,mmlu_sociology_0050,cal,remove,C1_sr,mmlu_sr_qa
pairs_mcq_v2.csv,3366,mcq,mmlu_sociology_0052,cal,remove,C1_sr,mmlu_sr_qa
pairs_mcq_v2.csv,3367,mcq,mmlu_sociology_0053,cal,remove,C1_sr,mmlu_sr_qa
pairs_mcq_v2.csv,3371,mcq,mmlu_sociology_0057,cal,remove,C1_sr,mmlu_sr_qa
pairs_mcq_v2.csv,3372,mcq,mmlu_sociology_0058,cal,remove,C1_sr,mmlu_sr_qa
pairs_mcq_v2.csv,3378,mcq,mmlu_sociology_0064,cal,remove,C1_sr,mmlu_sr_qa
pairs_mcq_v2.csv,3381,mcq,mmlu_sociology_0067,cal,remove,C1_sr,mmlu_sr_qa
pairs_mcq_v2.csv,3382,mcq,mmlu_sociology_0068,cal,remove,C1_sr,mmlu_sr_qa
pairs_mcq_v2.csv,3390,mcq,mmlu_sociology_0076,cal,remove,C1_sr,mmlu_sr_qa
pairs_mcq_v2.csv,3393,mcq,mmlu_sociology_0079,cal,remove,C1_sr,mmlu_sr_qa
pairs_mcq_v2.csv,3394,mcq,mmlu_sociology_0080,cal,remove,C1_sr,mmlu_sr_qa
pairs_mcq_v2.csv,3395,mcq,mmlu_sociology_0081,cal,remove,C1_sr,mmlu_sr_qa
pairs_mcq_v2.csv,3401,mcq,mmlu_sociology_0087,cal,remove,C1_sr,mmlu_sr_qa
pairs_mcq_v2.csv,3404,mcq,mmlu_sociology_0090,cal,remove,C1_sr,mmlu_sr_qa
pairs_mcq_v2.csv,3406,mcq,mmlu_sociology_0092,cal,remove,C1_sr,mmlu_sr_qa
pairs_mcq_v2.csv,3408,mcq,mmlu_sociology_0094,cal,remove,C1_sr,mmlu_sr_qa
pairs_mcq_v2.csv,3411,mcq,mmlu_sociology_0097,cal,remove,C1_sr,mmlu_sr_qa
pairs_mcq_v2.csv,3418,mcq,mmlu_sociology_0104,cal,remove,C1_sr,mmlu_sr_qa
pairs_mcq_v2.csv,3419,mcq,mmlu_sociology_0105,cal,remove,C1_sr,mmlu_sr_qa
pairs_mcq_v2.csv,3423,mcq,mmlu_sociology_0109,cal,remove,C1_sr,mmlu_sr_qa
pairs_mcq_v2.csv,3424,mcq,mmlu_sociology_0110,cal,remove,C1_sr,mmlu_sr_qa
pairs_mcq_v2.csv,3427,mcq,mmlu_sociology_0113,cal,remove,C1_sr,mmlu_sr_qa
pairs_mcq_v2.csv,3430,mcq,mmlu_sociology_0116,cal,remove,C1_sr,mmlu_sr_qa
pairs_mcq_v2.csv,3431,mcq,mmlu_sociology_0117,cal,remove,C1_sr,mmlu_sr_qa
pairs_mcq_v2.csv,3432,mcq,mmlu_sociology_0118,cal,remove,C1_sr,mmlu_sr_qa
pairs_mcq_v2.csv,3438,mcq,mmlu_sociology_0124,cal,remove,C1_sr,mmlu_sr_qa
pairs_mcq_v2.csv,3439,mcq,mmlu_sociology_0125,cal,remove,C1_sr,mmlu_sr_qa
pairs_mcq_v2.csv,3443,mcq,mmlu_sociology_0129,cal,remove,C1_sr,mmlu_sr_qa
pairs_mcq_v2.csv,3448,mcq,mmlu_sociology_0134,cal,remove,C1_sr,mmlu_sr_qa
pairs_mcq_v2.csv,3449,mcq,mmlu_sociology_0135,cal,remove,C1_sr,mmlu_sr_qa
pairs_mcq_v2.csv,3452,mcq,mmlu_sociology_0138,cal,remove,C1_sr,mmlu_sr_qa
pairs_mcq_v2.csv,3462,mcq,mmlu_sociology_0148,cal,remove,C1_sr,mmlu_sr_qa
pairs_mcq_v2.csv,3464,mcq,mmlu_sociology_0150,cal,remove,C1_sr,mmlu_sr_qa
pairs_mcq_v2.csv,3469,mcq,mmlu_sociology_0155,cal,remove,C1_sr,mmlu_sr_qa
pairs_mcq_v2.csv,3473,mcq,mmlu_sociology_0159,cal,remove,C1_sr,mmlu_sr_qa
pairs_mcq_v2.csv,3476,mcq,mmlu_sociology_0162,cal,remove,C1_sr,mmlu_sr_qa
pairs_mcq_v2.csv,3478,mcq,mmlu_sociology_0164,cal,remove,C1_sr,mmlu_sr_qa
pairs_mcq_v2.csv,3483,mcq,mmlu_sociology_0169,cal,remove,C1_sr,mmlu_sr_qa
pairs_mcq_v2.csv,3494,mcq,mmlu_sociology_0180,cal,remove,C1_sr,mmlu_sr_qa
pairs_mcq_v2.csv,3497,mcq,mmlu_sociology_0183,cal,remove,C1_sr,mmlu_sr_qa
pairs_mcq_v2.csv,3498,mcq,mmlu_sociology_0184,cal,remove,C1_sr,mmlu_sr_qa
pairs_mcq_v2.csv,3502,mcq,mmlu_sociology_0188,cal,remove,C1_sr,mmlu_sr_qa
pairs_mcq_v2.csv,3503,mcq,mmlu_sociology_0189,cal,remove,C1_sr,mmlu_sr_qa
pairs_mcq_v2.csv,3504,mcq,mmlu_sociology_0190,cal,remove,C1_sr,mmlu_sr_qa
pairs_mcq_v2.csv,3507,mcq,mmlu_sociology_0193,cal,remove,C1_sr,mmlu_sr_qa
pairs_mcq_v2.csv,3512,mcq,mmlu_sociology_0198,cal,remove,C1_sr,mmlu_sr_qa
pairs_math_v2.csv,6,math,math_2,cal,remove,C0_exact,math_copy
pairs_math_v2.csv,7,math,math_2,cal,remove,C2_answer_bearing,math_solution_frag
pairs_math_v2.csv,8,math,math_2,cal,retain,H2_perturb_simple,math_perturb_simple
pairs_math_v2.csv,9,math,math_2,cal,retain,H2_perturb_hard,math_perturb_hard
pairs_math_v2.csv,10,math,math_2,cal,retain,H1_same_topic,math_same_type
pairs_math_v2.csv,11,math,math_2,cal,retain,R_random,math_random
pairs_math_v2.csv,12,math,math_3,cal,remove,C0_exact,math_copy
pairs_math_v2.csv,13,math,math_3,cal,remove,C2_answer_bearing,math_solution_frag
pairs_math_v2.csv,14,math,math_3,cal,retain,H2_perturb_simple,math_perturb_simple
pairs_math_v2.csv,15,math,math_3,cal,retain,H2_perturb_hard,math_perturb_hard
pairs_math_v2.csv,16,math,math_3,cal,retain,H1_same_topic,math_same_type
pairs_math_v2.csv,17,math,math_3,cal,retain,R_random,math_random
pairs_math_v2.csv,168,math,math_259,cal,remove,C0_exact,math_copy
pairs_math_v2.csv,169,math,math_259,cal,remove,C2_answer_bearing,math_solution_frag
pairs_math_v2.csv,170,math,math_259,cal,retain,H2_perturb_simple,math_perturb_simple
pairs_math_v2.csv,171,math,math_259,cal,retain,H2_perturb_hard,math_perturb_hard
pairs_math_v2.csv,172,math,math_259,cal,retain,H1_same_topic,math_same_type
pairs_math_v2.csv,173,math,math_259,cal,retain,R_random,math_random
pairs_math_v2.csv,180,math,math_262,cal,remove,C0_exact,math_copy
pairs_math_v2.csv,181,math,math_262,cal,remove,C2_answer_bearing,math_solution_frag
pairs_math_v2.csv,182,math,math_262,cal,retain,H2_perturb_simple,math_perturb_simple
pairs_math_v2.csv,183,math,math_262,cal,retain,H2_perturb_hard,math_perturb_hard
pairs_math_v2.csv,184,math,math_262,cal,retain,H1_same_topic,math_same_type
pairs_math_v2.csv,185,math,math_262,cal,retain,R_random,math_random
pairs_math_v2.csv,186,math,math_267,cal,remove,C0_exact,math_copy
pairs_math_v2.csv,187,math,math_267,cal,remove,C2_answer_bearing,math_solution_frag
pairs_math_v2.csv,188,math,math_267,cal,retain,H2_perturb_simple,math_perturb_simple
pairs_math_v2.csv,189,math,math_267,cal,retain,H2_perturb_hard,math_perturb_hard
pairs_math_v2.csv,190,math,math_267,cal,retain,H1_same_topic,math_same_type
pairs_math_v2.csv,191,math,math_267,cal,retain,R_random,math_random
pairs_math_v2.csv,198,math,math_271,cal,remove,C0_exact,math_copy
pairs_math_v2.csv,199,math,math_271,cal,remove,C2_answer_bearing,math_solution_frag
pairs_math_v2.csv,200,math,math_271,cal,retain,H2_perturb_simple,math_perturb_simple
pairs_math_v2.csv,201,math,math_271,cal,retain,H2_perturb_hard,math_perturb_hard
pairs_math_v2.csv,202,math,math_271,cal,retain,H1_same_topic,math_same_type
pairs_math_v2.csv,203,math,math_271,cal,retain,R_random,math_random
pairs_math_v2.csv,204,math,math_282,cal,remove,C0_exact,math_copy
pairs_math_v2.csv,205,math,math_282,cal,remove,C2_answer_bearing,math_solution_frag
pairs_math_v2.csv,206,math,math_282,cal,retain,H2_perturb_simple,math_perturb_simple
pairs_math_v2.csv,207,math,math_282,cal,retain,H2_perturb_hard,math_perturb_hard
pairs_math_v2.csv,208,math,math_282,cal,retain,H1_same_topic,math_same_type
pairs_math_v2.csv,209,math,math_282,cal,retain,R_random,math_random
pairs_math_v2.csv,234,math,math_325,cal,remove,C0_exact,math_copy
pairs_math_v2.csv,235,math,math_325,cal,remove,C2_answer_bearing,math_solution_frag
pairs_math_v2.csv,236,math,math_325,cal,retain,H2_perturb_simple,math_perturb_simple
pairs_math_v2.csv,237,math,math_325,cal,retain,H2_perturb_hard,math_perturb_hard
pairs_math_v2.csv,238,math,math_325,cal,retain,H1_same_topic,math_same_type
pairs_math_v2.csv,239,math,math_325,cal,retain,R_random,math_random
pairs_math_v2.csv,264,math,math_491,cal,remove,C0_exact,math_copy
pairs_math_v2.csv,265,math,math_491,cal,remove,C2_answer_bearing,math_solution_frag
pairs_math_v2.csv,266,math,math_491,cal,retain,H2_perturb_simple,math_perturb_simple
pairs_math_v2.csv,267,math,math_491,cal,retain,H2_perturb_hard,math_perturb_hard
pairs_math_v2.csv,268,math,math_491,cal,retain,H1_same_topic,math_same_type
pairs_math_v2.csv,269,math,math_491,cal,retain,R_random,math_random
pairs_math_v2.csv,288,math,math_513,cal,remove,C0_exact,math_copy
pairs_math_v2.csv,289,math,math_513,cal,remove,C2_answer_bearing,math_solution_frag
pairs_math_v2.csv,290,math,math_513,cal,retain,H2_perturb_simple,math_perturb_simple
pairs_math_v2.csv,291,math,math_513,cal,retain,H2_perturb_hard,math_perturb_hard
pairs_math_v2.csv,292,math,math_513,cal,retain,H1_same_topic,math_same_type
pairs_math_v2.csv,293,math,math_513,cal,retain,R_random,math_random
pairs_math_v2.csv,294,math,math_528,cal,remove,C0_exact,math_copy
pairs_math_v2.csv,295,math,math_528,cal,remove,C2_answer_bearing,math_solution_frag
pairs_math_v2.csv,296,math,math_528,cal,retain,H2_perturb_simple,math_perturb_simple
pairs_math_v2.csv,297,math,math_528,cal,retain,H2_perturb_hard,math_perturb_hard
pairs_math_v2.csv,298,math,math_528,cal,retain,H1_same_topic,math_same_type
pairs_math_v2.csv,299,math,math_528,cal,retain,R_random,math_random
pairs_math_v2.csv,306,math,math_552,cal,remove,C0_exact,math_copy
pairs_math_v2.csv,307,math,math_552,cal,remove,C2_answer_bearing,math_solution_frag
pairs_math_v2.csv,308,math,math_552,cal,retain,H2_perturb_simple,math_perturb_simple
pairs_math_v2.csv,309,math,math_552,cal,retain,H2_perturb_hard,math_perturb_hard
pairs_math_v2.csv,310,math,math_552,cal,retain,H1_same_topic,math_same_type
pairs_math_v2.csv,311,math,math_552,cal,retain,R_random,math_random
pairs_math_v2.csv,318,math,math_567,cal,remove,C0_exact,math_copy
pairs_math_v2.csv,319,math,math_567,cal,remove,C2_answer_bearing,math_solution_frag
pairs_math_v2.csv,320,math,math_567,cal,retain,H2_perturb_simple,math_perturb_simple
pairs_math_v2.csv,321,math,math_567,cal,retain,H2_perturb_hard,math_perturb_hard
pairs_math_v2.csv,322,math,math_567,cal,retain,H1_same_topic,math_same_type
pairs_math_v2.csv,323,math,math_567,cal,retain,R_random,math_random
pairs_math_v2.csv,354,math,math_626,cal,remove,C0_exact,math_copy
pairs_math_v2.csv,355,math,math_626,cal,remove,C2_answer_bearing,math_solution_frag
pairs_math_v2.csv,356,math,math_626,cal,retain,H2_perturb_simple,math_perturb_simple
pairs_math_v2.csv,357,math,math_626,cal,retain,H2_perturb_hard,math_perturb_hard
pairs_math_v2.csv,358,math,math_626,cal,retain,H1_same_topic,math_same_type
pairs_math_v2.csv,359,math,math_626,cal,retain,R_random,math_random
pairs_math_v2.csv,372,math,math_726,cal,remove,C0_exact,math_copy
pairs_math_v2.csv,373,math,math_726,cal,remove,C2_answer_bearing,math_solution_frag
pairs_math_v2.csv,374,math,math_726,cal,retain,H2_perturb_simple,math_perturb_simple
pairs_math_v2.csv,375,math,math_726,cal,retain,H2_perturb_hard,math_perturb_hard
pairs_math_v2.csv,376,math,math_726,cal,retain,H1_same_topic,math_same_type
pairs_math_v2.csv,377,math,math_726,cal,retain,R_random,math_random
pairs_math_v2.csv,384,math,math_729,cal,remove,C0_exact,math_copy
pairs_math_v2.csv,385,math,math_729,cal,remove,C2_answer_bearing,math_solution_frag
pairs_math_v2.csv,386,math,math_729,cal,retain,H2_perturb_simple,math_perturb_simple
pairs_math_v2.csv,387,math,math_729,cal,retain,H2_perturb_hard,math_perturb_hard
pairs_math_v2.csv,388,math,math_729,cal,retain,H1_same_topic,math_same_type
pairs_math_v2.csv,389,math,math_729,cal,retain,R_random,math_random
pairs_math_v2.csv,390,math,math_731,cal,remove,C0_exact,math_copy
pairs_math_v2.csv,391,math,math_731,cal,remove,C2_answer_bearing,math_solution_frag
pairs_math_v2.csv,392,math,math_731,cal,retain,H2_perturb_simple,math_perturb_simple
pairs_math_v2.csv,393,math,math_731,cal,retain,H2_perturb_hard,math_perturb_hard
pairs_math_v2.csv,394,math,math_731,cal,retain,H1_same_topic,math_same_type
pairs_math_v2.csv,395,math,math_731,cal,retain,R_random,math_random
pairs_math_v2.csv,396,math,math_733,cal,remove,C0_exact,math_copy
pairs_math_v2.csv,397,math,math_733,cal,remove,C2_answer_bearing,math_solution_frag
pairs_math_v2.csv,398,math,math_733,cal,retain,H2_perturb_simple,math_perturb_simple
pairs_math_v2.csv,399,math,math_733,cal,retain,H2_perturb_hard,math_perturb_hard
pairs_math_v2.csv,400,math,math_733,cal,retain,H1_same_topic,math_same_type
pairs_math_v2.csv,401,math,math_733,cal,retain,R_random,math_random
pairs_math_v2.csv,408,math,math_736,cal,remove,C0_exact,math_copy
pairs_math_v2.csv,409,math,math_736,cal,remove,C2_answer_bearing,math_solution_frag
pairs_math_v2.csv,410,math,math_736,cal,retain,H2_perturb_simple,math_perturb_simple
pairs_math_v2.csv,411,math,math_736,cal,retain,H2_perturb_hard,math_perturb_hard
pairs_math_v2.csv,412,math,math_736,cal,retain,H1_same_topic,math_same_type
pairs_math_v2.csv,413,math,math_736,cal,retain,R_random,math_random
pairs_math_v2.csv,420,math,math_739,cal,remove,C0_exact,math_copy
pairs_math_v2.csv,421,math,math_739,cal,remove,C2_answer_bearing,math_solution_frag
pairs_math_v2.csv,422,math,math_739,cal,retain,H2_perturb_simple,math_perturb_simple
pairs_math_v2.csv,423,math,math_739,cal,retain,H2_perturb_hard,math_perturb_hard
pairs_math_v2.csv,424,math,math_739,cal,retain,H1_same_topic,math_same_type
pairs_math_v2.csv,425,math,math_739,cal,retain,R_random,math_random
pairs_math_v2.csv,432,math,math_744,cal,remove,C0_exact,math_copy
pairs_math_v2.csv,433,math,math_744,cal,remove,C2_answer_bearing,math_solution_frag
pairs_math_v2.csv,434,math,math_744,cal,retain,H2_perturb_simple,math_perturb_simple
pairs_math_v2.csv,435,math,math_744,cal,retain,H2_perturb_hard,math_perturb_hard
pairs_math_v2.csv,436,math,math_744,cal,retain,H1_same_topic,math_same_type
pairs_math_v2.csv,437,math,math_744,cal,retain,R_random,math_random
pairs_math_v2.csv,444,math,math_748,cal,remove,C0_exact,math_copy
pairs_math_v2.csv,445,math,math_748,cal,remove,C2_answer_bearing,math_solution_frag
pairs_math_v2.csv,446,math,math_748,cal,retain,H2_perturb_simple,math_perturb_simple
pairs_math_v2.csv,447,math,math_748,cal,retain,H2_perturb_hard,math_perturb_hard
pairs_math_v2.csv,448,math,math_748,cal,retain,H1_same_topic,math_same_type
pairs_math_v2.csv,449,math,math_748,cal,retain,R_random,math_random
pairs_math_v2.csv,486,math,math_794,cal,remove,C0_exact,math_copy
pairs_math_v2.csv,487,math,math_794,cal,remove,C2_answer_bearing,math_solution_frag
pairs_math_v2.csv,488,math,math_794,cal,retain,H2_perturb_simple,math_perturb_simple
pairs_math_v2.csv,489,math,math_794,cal,retain,H2_perturb_hard,math_perturb_hard
pairs_math_v2.csv,490,math,math_794,cal,retain,H1_same_topic,math_same_type
pairs_math_v2.csv,491,math,math_794,cal,retain,R_random,math_random
pairs_math_v2.csv,492,math,math_847,cal,remove,C0_exact,math_copy
pairs_math_v2.csv,493,math,math_847,cal,remove,C2_answer_bearing,math_solution_frag
pairs_math_v2.csv,494,math,math_847,cal,retain,H2_perturb_simple,math_perturb_simple
pairs_math_v2.csv,495,math,math_847,cal,retain,H2_perturb_hard,math_perturb_hard
pairs_math_v2.csv,496,math,math_847,cal,retain,H1_same_topic,math_same_type
pairs_math_v2.csv,497,math,math_847,cal,retain,R_random,math_random
pairs_math_v2.csv,510,math,math_969,cal,remove,C0_exact,math_copy
pairs_math_v2.csv,511,math,math_969,cal,remove,C2_answer_bearing,math_solution_frag
pairs_math_v2.csv,512,math,math_969,cal,retain,H2_perturb_simple,math_perturb_simple
pairs_math_v2.csv,513,math,math_969,cal,retain,H2_perturb_hard,math_perturb_hard
pairs_math_v2.csv,514,math,math_969,cal,retain,H1_same_topic,math_same_type
pairs_math_v2.csv,515,math,math_969,cal,retain,R_random,math_random
pairs_math_v2.csv,516,math,math_971,cal,remove,C0_exact,math_copy
pairs_math_v2.csv,517,math,math_971,cal,remove,C2_answer_bearing,math_solution_frag
pairs_math_v2.csv,518,math,math_971,cal,retain,H2_perturb_simple,math_perturb_simple
pairs_math_v2.csv,519,math,math_971,cal,retain,H2_perturb_hard,math_perturb_hard
pairs_math_v2.csv,520,math,math_971,cal,retain,H1_same_topic,math_same_type
pairs_math_v2.csv,521,math,math_971,cal,retain,R_random,math_random
pairs_math_v2.csv,540,math,math_978,cal,remove,C0_exact,math_copy
pairs_math_v2.csv,541,math,math_978,cal,remove,C2_answer_bearing,math_solution_frag
pairs_math_v2.csv,542,math,math_978,cal,retain,H2_perturb_simple,math_perturb_simple
pairs_math_v2.csv,543,math,math_978,cal,retain,H2_perturb_hard,math_perturb_hard
pairs_math_v2.csv,544,math,math_978,cal,retain,H1_same_topic,math_same_type
pairs_math_v2.csv,545,math,math_978,cal,retain,R_random,math_random
pairs_math_v2.csv,594,math,math_994,cal,remove,C0_exact,math_copy
pairs_math_v2.csv,595,math,math_994,cal,remove,C2_answer_bearing,math_solution_frag
pairs_math_v2.csv,596,math,math_994,cal,retain,H2_perturb_simple,math_perturb_simple
pairs_math_v2.csv,597,math,math_994,cal,retain,H2_perturb_hard,math_perturb_hard
pairs_math_v2.csv,598,math,math_994,cal,retain,H1_same_topic,math_same_type
pairs_math_v2.csv,599,math,math_994,cal,retain,R_random,math_random
pairs_math_v2.csv,606,math,math_996,cal,remove,C0_exact,math_copy
pairs_math_v2.csv,607,math,math_996,cal,remove,C2_answer_bearing,math_solution_frag
pairs_math_v2.csv,608,math,math_996,cal,retain,H2_perturb_simple,math_perturb_simple
pairs_math_v2.csv,609,math,math_996,cal,retain,H2_perturb_hard,math_perturb_hard
pairs_math_v2.csv,610,math,math_996,cal,retain,H1_same_topic,math_same_type
pairs_math_v2.csv,611,math,math_996,cal,retain,R_random,math_random
pairs_math_v2.csv,618,math,math_1005,cal,remove,C0_exact,math_copy
pairs_math_v2.csv,619,math,math_1005,cal,remove,C2_answer_bearing,math_solution_frag
pairs_math_v2.csv,620,math,math_1005,cal,retain,H2_perturb_simple,math_perturb_simple
pairs_math_v2.csv,621,math,math_1005,cal,retain,H2_perturb_hard,math_perturb_hard
pairs_math_v2.csv,622,math,math_1005,cal,retain,H1_same_topic,math_same_type
pairs_math_v2.csv,623,math,math_1005,cal,retain,R_random,math_random
pairs_math_v2.csv,636,math,math_1207,cal,remove,C0_exact,math_copy
pairs_math_v2.csv,637,math,math_1207,cal,remove,C2_answer_bearing,math_solution_frag
pairs_math_v2.csv,638,math,math_1207,cal,retain,H2_perturb_simple,math_perturb_simple
pairs_math_v2.csv,639,math,math_1207,cal,retain,H2_perturb_hard,math_perturb_hard
pairs_math_v2.csv,640,math,math_1207,cal,retain,H1_same_topic,math_same_type
pairs_math_v2.csv,641,math,math_1207,cal,retain,R_random,math_random
pairs_math_v2.csv,714,math,math_1222,cal,remove,C0_exact,math_copy
pairs_math_v2.csv,715,math,math_1222,cal,remove,C2_answer_bearing,math_solution_frag
pairs_math_v2.csv,716,math,math_1222,cal,retain,H2_perturb_simple,math_perturb_simple
pairs_math_v2.csv,717,math,math_1222,cal,retain,H2_perturb_hard,math_perturb_hard
pairs_math_v2.csv,718,math,math_1222,cal,retain,H1_same_topic,math_same_type
pairs_math_v2.csv,719,math,math_1222,cal,retain,R_random,math_random
pairs_math_v2.csv,738,math,math_1227,cal,remove,C0_exact,math_copy
pairs_math_v2.csv,739,math,math_1227,cal,remove,C2_answer_bearing,math_solution_frag
pairs_math_v2.csv,740,math,math_1227,cal,retain,H2_perturb_simple,math_perturb_simple
pairs_math_v2.csv,741,math,math_1227,cal,retain,H2_perturb_hard,math_perturb_hard
pairs_math_v2.csv,742,math,math_1227,cal,retain,H1_same_topic,math_same_type
pairs_math_v2.csv,743,math,math_1227,cal,retain,R_random,math_random
pairs_math_v2.csv,762,math,math_1688,cal,remove,C0_exact,math_copy
pairs_math_v2.csv,763,math,math_1688,cal,remove,C2_answer_bearing,math_solution_frag
pairs_math_v2.csv,764,math,math_1688,cal,retain,H2_perturb_simple,math_perturb_simple
pairs_math_v2.csv,765,math,math_1688,cal,retain,H2_perturb_hard,math_perturb_hard
pairs_math_v2.csv,766,math,math_1688,cal,retain,H1_same_topic,math_same_type
pairs_math_v2.csv,767,math,math_1688,cal,retain,R_random,math_random
pairs_math_v2.csv,804,math,math_1699,cal,remove,C0_exact,math_copy
pairs_math_v2.csv,805,math,math_1699,cal,remove,C2_answer_bearing,math_solution_frag
pairs_math_v2.csv,806,math,math_1699,cal,retain,H2_perturb_simple,math_perturb_simple
pairs_math_v2.csv,807,math,math_1699,cal,retain,H2_perturb_hard,math_perturb_hard
pairs_math_v2.csv,808,math,math_1699,cal,retain,H1_same_topic,math_same_type
pairs_math_v2.csv,809,math,math_1699,cal,retain,R_random,math_random
pairs_math_v2.csv,810,math,math_1703,cal,remove,C0_exact,math_copy
pairs_math_v2.csv,811,math,math_1703,cal,remove,C2_answer_bearing,math_solution_frag
pairs_math_v2.csv,812,math,math_1703,cal,retain,H2_perturb_simple,math_perturb_simple
pairs_math_v2.csv,813,math,math_1703,cal,retain,H2_perturb_hard,math_perturb_hard
pairs_math_v2.csv,814,math,math_1703,cal,retain,H1_same_topic,math_same_type
pairs_math_v2.csv,815,math,math_1703,cal,retain,R_random,math_random
pairs_math_v2.csv,816,math,math_1706,cal,remove,C0_exact,math_copy
pairs_math_v2.csv,817,math,math_1706,cal,remove,C2_answer_bearing,math_solution_frag
pairs_math_v2.csv,818,math,math_1706,cal,retain,H2_perturb_simple,math_perturb_simple
pairs_math_v2.csv,819,math,math_1706,cal,retain,H2_perturb_hard,math_perturb_hard
pairs_math_v2.csv,820,math,math_1706,cal,retain,H1_same_topic,math_same_type
pairs_math_v2.csv,821,math,math_1706,cal,retain,R_random,math_random
pairs_math_v2.csv,822,math,math_1707,cal,remove,C0_exact,math_copy
pairs_math_v2.csv,823,math,math_1707,cal,remove,C2_answer_bearing,math_solution_frag
pairs_math_v2.csv,824,math,math_1707,cal,retain,H2_perturb_simple,math_perturb_simple
pairs_math_v2.csv,825,math,math_1707,cal,retain,H2_perturb_hard,math_perturb_hard
pairs_math_v2.csv,826,math,math_1707,cal,retain,H1_same_topic,math_same_type
pairs_math_v2.csv,827,math,math_1707,cal,retain,R_random,math_random
pairs_math_v2.csv,858,math,math_1724,cal,remove,C0_exact,math_copy
pairs_math_v2.csv,859,math,math_1724,cal,remove,C2_answer_bearing,math_solution_frag
pairs_math_v2.csv,860,math,math_1724,cal,retain,H2_perturb_simple,math_perturb_simple
pairs_math_v2.csv,861,math,math_1724,cal,retain,H2_perturb_hard,math_perturb_hard
pairs_math_v2.csv,862,math,math_1724,cal,retain,H1_same_topic,math_same_type
pairs_math_v2.csv,863,math,math_1724,cal,retain,R_random,math_random
pairs_math_v2.csv,876,math,math_1748,cal,remove,C0_exact,math_copy
pairs_math_v2.csv,877,math,math_1748,cal,remove,C2_answer_bearing,math_solution_frag
pairs_math_v2.csv,878,math,math_1748,cal,retain,H2_perturb_simple,math_perturb_simple
pairs_math_v2.csv,879,math,math_1748,cal,retain,H2_perturb_hard,math_perturb_hard
pairs_math_v2.csv,880,math,math_1748,cal,retain,H1_same_topic,math_same_type
pairs_math_v2.csv,881,math,math_1748,cal,retain,R_random,math_random
pairs_math_v2.csv,894,math,math_1958,cal,remove,C0_exact,math_copy
pairs_math_v2.csv,895,math,math_1958,cal,remove,C2_answer_bearing,math_solution_frag
pairs_math_v2.csv,896,math,math_1958,cal,retain,H2_perturb_simple,math_perturb_simple
pairs_math_v2.csv,897,math,math_1958,cal,retain,H2_perturb_hard,math_perturb_hard
pairs_math_v2.csv,898,math,math_1958,cal,retain,H1_same_topic,math_same_type
pairs_math_v2.csv,899,math,math_1958,cal,retain,R_random,math_random
pairs_math_v2.csv,918,math,math_1971,cal,remove,C0_exact,math_copy
pairs_math_v2.csv,919,math,math_1971,cal,remove,C2_answer_bearing,math_solution_frag
pairs_math_v2.csv,920,math,math_1971,cal,retain,H2_perturb_simple,math_perturb_simple
pairs_math_v2.csv,921,math,math_1971,cal,retain,H2_perturb_hard,math_perturb_hard
pairs_math_v2.csv,922,math,math_1971,cal,retain,H1_same_topic,math_same_type
pairs_math_v2.csv,923,math,math_1971,cal,retain,R_random,math_random
pairs_math_v2.csv,924,math,math_1982,cal,remove,C0_exact,math_copy
pairs_math_v2.csv,925,math,math_1982,cal,remove,C2_answer_bearing,math_solution_frag
pairs_math_v2.csv,926,math,math_1982,cal,retain,H2_perturb_simple,math_perturb_simple
pairs_math_v2.csv,927,math,math_1982,cal,retain,H2_perturb_hard,math_perturb_hard
pairs_math_v2.csv,928,math,math_1982,cal,retain,H1_same_topic,math_same_type
pairs_math_v2.csv,929,math,math_1982,cal,retain,R_random,math_random
pairs_math_v2.csv,930,math,math_1992,cal,remove,C0_exact,math_copy
pairs_math_v2.csv,931,math,math_1992,cal,remove,C2_answer_bearing,math_solution_frag
pairs_math_v2.csv,932,math,math_1992,cal,retain,H2_perturb_simple,math_perturb_simple
pairs_math_v2.csv,933,math,math_1992,cal,retain,H2_perturb_hard,math_perturb_hard
pairs_math_v2.csv,934,math,math_1992,cal,retain,H1_same_topic,math_same_type
pairs_math_v2.csv,935,math,math_1992,cal,retain,R_random,math_random
pairs_math_v2.csv,936,math,math_1997,cal,remove,C0_exact,math_copy
pairs_math_v2.csv,937,math,math_1997,cal,remove,C2_answer_bearing,math_solution_frag
pairs_math_v2.csv,938,math,math_1997,cal,retain,H2_perturb_simple,math_perturb_simple
pairs_math_v2.csv,939,math,math_1997,cal,retain,H2_perturb_hard,math_perturb_hard
pairs_math_v2.csv,940,math,math_1997,cal,retain,H1_same_topic,math_same_type
pairs_math_v2.csv,941,math,math_1997,cal,retain,R_random,math_random
pairs_math_v2.csv,966,math,math_2041,cal,remove,C0_exact,math_copy
pairs_math_v2.csv,967,math,math_2041,cal,remove,C2_answer_bearing,math_solution_frag
pairs_math_v2.csv,968,math,math_2041,cal,retain,H2_perturb_simple,math_perturb_simple
pairs_math_v2.csv,969,math,math_2041,cal,retain,H2_perturb_hard,math_perturb_hard
pairs_math_v2.csv,970,math,math_2041,cal,retain,H1_same_topic,math_same_type
pairs_math_v2.csv,971,math,math_2041,cal,retain,R_random,math_random
pairs_math_v2.csv,984,math,math_2073,cal,remove,C0_exact,math_copy
pairs_math_v2.csv,985,math,math_2073,cal,remove,C2_answer_bearing,math_solution_frag
pairs_math_v2.csv,986,math,math_2073,cal,retain,H2_perturb_simple,math_perturb_simple
pairs_math_v2.csv,987,math,math_2073,cal,retain,H2_perturb_hard,math_perturb_hard
pairs_math_v2.csv,988,math,math_2073,cal,retain,H1_same_topic,math_same_type
pairs_math_v2.csv,989,math,math_2073,cal,retain,R_random,math_random
pairs_math_v2.csv,1026,math,math_2174,cal,remove,C0_exact,math_copy
pairs_math_v2.csv,1027,math,math_2174,cal,remove,C2_answer_bearing,math_solution_frag
pairs_math_v2.csv,1028,math,math_2174,cal,retain,H2_perturb_simple,math_perturb_simple
pairs_math_v2.csv,1029,math,math_2174,cal,retain,H2_perturb_hard,math_perturb_hard
pairs_math_v2.csv,1030,math,math_2174,cal,retain,H1_same_topic,math_same_type
pairs_math_v2.csv,1031,math,math_2174,cal,retain,R_random,math_random
pairs_math_v2.csv,1044,math,math_2178,cal,remove,C0_exact,math_copy
pairs_math_v2.csv,1045,math,math_2178,cal,remove,C2_answer_bearing,math_solution_frag
pairs_math_v2.csv,1046,math,math_2178,cal,retain,H2_perturb_simple,math_perturb_simple
pairs_math_v2.csv,1047,math,math_2178,cal,retain,H2_perturb_hard,math_perturb_hard
pairs_math_v2.csv,1048,math,math_2178,cal,retain,H1_same_topic,math_same_type
pairs_math_v2.csv,1049,math,math_2178,cal,retain,R_random,math_random
pairs_math_v2.csv,1050,math,math_2179,cal,remove,C0_exact,math_copy
pairs_math_v2.csv,1051,math,math_2179,cal,remove,C2_answer_bearing,math_solution_frag
pairs_math_v2.csv,1052,math,math_2179,cal,retain,H2_perturb_simple,math_perturb_simple
pairs_math_v2.csv,1053,math,math_2179,cal,retain,H2_perturb_hard,math_perturb_hard
pairs_math_v2.csv,1054,math,math_2179,cal,retain,H1_same_topic,math_same_type
pairs_math_v2.csv,1055,math,math_2179,cal,retain,R_random,math_random
pairs_math_v2.csv,1056,math,math_2180,cal,remove,C0_exact,math_copy
pairs_math_v2.csv,1057,math,math_2180,cal,remove,C2_answer_bearing,math_solution_frag
pairs_math_v2.csv,1058,math,math_2180,cal,retain,H2_perturb_simple,math_perturb_simple
pairs_math_v2.csv,1059,math,math_2180,cal,retain,H2_perturb_hard,math_perturb_hard
pairs_math_v2.csv,1060,math,math_2180,cal,retain,H1_same_topic,math_same_type
pairs_math_v2.csv,1061,math,math_2180,cal,retain,R_random,math_random
pairs_math_v2.csv,1068,math,math_2182,cal,remove,C0_exact,math_copy
pairs_math_v2.csv,1069,math,math_2182,cal,remove,C2_answer_bearing,math_solution_frag
pairs_math_v2.csv,1070,math,math_2182,cal,retain,H2_perturb_simple,math_perturb_simple
pairs_math_v2.csv,1071,math,math_2182,cal,retain,H2_perturb_hard,math_perturb_hard
pairs_math_v2.csv,1072,math,math_2182,cal,retain,H1_same_topic,math_same_type
pairs_math_v2.csv,1073,math,math_2182,cal,retain,R_random,math_random
pairs_math_v2.csv,1116,math,math_2191,cal,remove,C0_exact,math_copy
pairs_math_v2.csv,1117,math,math_2191,cal,remove,C2_answer_bearing,math_solution_frag
pairs_math_v2.csv,1118,math,math_2191,cal,retain,H2_perturb_simple,math_perturb_simple
pairs_math_v2.csv,1119,math,math_2191,cal,retain,H2_perturb_hard,math_perturb_hard
pairs_math_v2.csv,1120,math,math_2191,cal,retain,H1_same_topic,math_same_type
pairs_math_v2.csv,1121,math,math_2191,cal,retain,R_random,math_random
pairs_math_v2.csv,1122,math,math_2194,cal,remove,C0_exact,math_copy
pairs_math_v2.csv,1123,math,math_2194,cal,remove,C2_answer_bearing,math_solution_frag
pairs_math_v2.csv,1124,math,math_2194,cal,retain,H2_perturb_simple,math_perturb_simple
pairs_math_v2.csv,1125,math,math_2194,cal,retain,H2_perturb_hard,math_perturb_hard
pairs_math_v2.csv,1126,math,math_2194,cal,retain,H1_same_topic,math_same_type
pairs_math_v2.csv,1127,math,math_2194,cal,retain,R_random,math_random
pairs_math_v2.csv,1152,math,math_2413,cal,remove,C0_exact,math_copy
pairs_math_v2.csv,1153,math,math_2413,cal,remove,C2_answer_bearing,math_solution_frag
pairs_math_v2.csv,1154,math,math_2413,cal,retain,H2_perturb_simple,math_perturb_simple
pairs_math_v2.csv,1155,math,math_2413,cal,retain,H2_perturb_hard,math_perturb_hard
pairs_math_v2.csv,1156,math,math_2413,cal,retain,H1_same_topic,math_same_type
pairs_math_v2.csv,1157,math,math_2413,cal,retain,R_random,math_random
pairs_math_v2.csv,1170,math,math_2417,cal,remove,C0_exact,math_copy
pairs_math_v2.csv,1171,math,math_2417,cal,remove,C2_answer_bearing,math_solution_frag
pairs_math_v2.csv,1172,math,math_2417,cal,retain,H2_perturb_simple,math_perturb_simple
pairs_math_v2.csv,1173,math,math_2417,cal,retain,H2_perturb_hard,math_perturb_hard
pairs_math_v2.csv,1174,math,math_2417,cal,retain,H1_same_topic,math_same_type
pairs_math_v2.csv,1175,math,math_2417,cal,retain,R_random,math_random
pairs_math_v2.csv,1188,math,math_2423,cal,remove,C0_exact,math_copy
pairs_math_v2.csv,1189,math,math_2423,cal,remove,C2_answer_bearing,math_solution_frag
pairs_math_v2.csv,1190,math,math_2423,cal,retain,H2_perturb_simple,math_perturb_simple
pairs_math_v2.csv,1191,math,math_2423,cal,retain,H2_perturb_hard,math_perturb_hard
pairs_math_v2.csv,1192,math,math_2423,cal,retain,H1_same_topic,math_same_type
pairs_math_v2.csv,1193,math,math_2423,cal,retain,R_random,math_random
pairs_math_v2.csv,1206,math,math_2427,cal,remove,C0_exact,math_copy
pairs_math_v2.csv,1207,math,math_2427,cal,remove,C2_answer_bearing,math_solution_frag
pairs_math_v2.csv,1208,math,math_2427,cal,retain,H2_perturb_simple,math_perturb_simple
pairs_math_v2.csv,1209,math,math_2427,cal,retain,H2_perturb_hard,math_perturb_hard
pairs_math_v2.csv,1210,math,math_2427,cal,retain,H1_same_topic,math_same_type
pairs_math_v2.csv,1211,math,math_2427,cal,retain,R_random,math_random
pairs_math_v2.csv,1224,math,math_2430,cal,remove,C0_exact,math_copy
pairs_math_v2.csv,1225,math,math_2430,cal,remove,C2_answer_bearing,math_solution_frag
pairs_math_v2.csv,1226,math,math_2430,cal,retain,H2_perturb_simple,math_perturb_simple
pairs_math_v2.csv,1227,math,math_2430,cal,retain,H2_perturb_hard,math_perturb_hard
pairs_math_v2.csv,1228,math,math_2430,cal,retain,H1_same_topic,math_same_type
pairs_math_v2.csv,1229,math,math_2430,cal,retain,R_random,math_random
pairs_math_v2.csv,1242,math,math_2433,cal,remove,C0_exact,math_copy
pairs_math_v2.csv,1243,math,math_2433,cal,remove,C2_answer_bearing,math_solution_frag
pairs_math_v2.csv,1244,math,math_2433,cal,retain,H2_perturb_simple,math_perturb_simple
pairs_math_v2.csv,1245,math,math_2433,cal,retain,H2_perturb_hard,math_perturb_hard
pairs_math_v2.csv,1246,math,math_2433,cal,retain,H1_same_topic,math_same_type
pairs_math_v2.csv,1247,math,math_2433,cal,retain,R_random,math_random
pairs_math_v2.csv,1248,math,math_2434,cal,remove,C0_exact,math_copy
pairs_math_v2.csv,1249,math,math_2434,cal,remove,C2_answer_bearing,math_solution_frag
pairs_math_v2.csv,1250,math,math_2434,cal,retain,H2_perturb_simple,math_perturb_simple
pairs_math_v2.csv,1251,math,math_2434,cal,retain,H2_perturb_hard,math_perturb_hard
pairs_math_v2.csv,1252,math,math_2434,cal,retain,H1_same_topic,math_same_type
pairs_math_v2.csv,1253,math,math_2434,cal,retain,R_random,math_random
pairs_math_v2.csv,1290,math,math_2656,cal,remove,C0_exact,math_copy
pairs_math_v2.csv,1291,math,math_2656,cal,remove,C2_answer_bearing,math_solution_frag
pairs_math_v2.csv,1292,math,math_2656,cal,retain,H2_perturb_simple,math_perturb_simple
pairs_math_v2.csv,1293,math,math_2656,cal,retain,H2_perturb_hard,math_perturb_hard
pairs_math_v2.csv,1294,math,math_2656,cal,retain,H1_same_topic,math_same_type
pairs_math_v2.csv,1295,math,math_2656,cal,retain,R_random,math_random
pairs_math_v2.csv,1308,math,math_2663,cal,remove,C0_exact,math_copy
pairs_math_v2.csv,1309,math,math_2663,cal,remove,C2_answer_bearing,math_solution_frag
pairs_math_v2.csv,1310,math,math_2663,cal,retain,H2_perturb_simple,math_perturb_simple
pairs_math_v2.csv,1311,math,math_2663,cal,retain,H2_perturb_hard,math_perturb_hard
pairs_math_v2.csv,1312,math,math_2663,cal,retain,H1_same_topic,math_same_type
pairs_math_v2.csv,1313,math,math_2663,cal,retain,R_random,math_random
pairs_math_v2.csv,1314,math,math_2664,cal,remove,C0_exact,math_copy
pairs_math_v2.csv,1315,math,math_2664,cal,remove,C2_answer_bearing,math_solution_frag
pairs_math_v2.csv,1316,math,math_2664,cal,retain,H2_perturb_simple,math_perturb_simple
pairs_math_v2.csv,1317,math,math_2664,cal,retain,H2_perturb_hard,math_perturb_hard
pairs_math_v2.csv,1318,math,math_2664,cal,retain,H1_same_topic,math_same_type
pairs_math_v2.csv,1319,math,math_2664,cal,retain,R_random,math_random
pairs_math_v2.csv,1320,math,math_2667,cal,remove,C0_exact,math_copy
pairs_math_v2.csv,1321,math,math_2667,cal,remove,C2_answer_bearing,math_solution_frag
pairs_math_v2.csv,1322,math,math_2667,cal,retain,H2_perturb_simple,math_perturb_simple
pairs_math_v2.csv,1323,math,math_2667,cal,retain,H2_perturb_hard,math_perturb_hard
pairs_math_v2.csv,1324,math,math_2667,cal,retain,H1_same_topic,math_same_type
pairs_math_v2.csv,1325,math,math_2667,cal,retain,R_random,math_random
pairs_math_v2.csv,1332,math,math_2673,cal,remove,C0_exact,math_copy
pairs_math_v2.csv,1333,math,math_2673,cal,remove,C2_answer_bearing,math_solution_frag
pairs_math_v2.csv,1334,math,math_2673,cal,retain,H2_perturb_simple,math_perturb_simple
pairs_math_v2.csv,1335,math,math_2673,cal,retain,H2_perturb_hard,math_perturb_hard
pairs_math_v2.csv,1336,math,math_2673,cal,retain,H1_same_topic,math_same_type
pairs_math_v2.csv,1337,math,math_2673,cal,retain,R_random,math_random
pairs_math_v2.csv,1338,math,math_2675,cal,remove,C0_exact,math_copy
pairs_math_v2.csv,1339,math,math_2675,cal,remove,C2_answer_bearing,math_solution_frag
pairs_math_v2.csv,1340,math,math_2675,cal,retain,H2_perturb_simple,math_perturb_simple
pairs_math_v2.csv,1341,math,math_2675,cal,retain,H2_perturb_hard,math_perturb_hard
pairs_math_v2.csv,1342,math,math_2675,cal,retain,H1_same_topic,math_same_type
pairs_math_v2.csv,1343,math,math_2675,cal,retain,R_random,math_random
pairs_math_v2.csv,1344,math,math_2678,cal,remove,C0_exact,math_copy
pairs_math_v2.csv,1345,math,math_2678,cal,remove,C2_answer_bearing,math_solution_frag
pairs_math_v2.csv,1346,math,math_2678,cal,retain,H2_perturb_simple,math_perturb_simple
pairs_math_v2.csv,1347,math,math_2678,cal,retain,H2_perturb_hard,math_perturb_hard
pairs_math_v2.csv,1348,math,math_2678,cal,retain,H1_same_topic,math_same_type
pairs_math_v2.csv,1349,math,math_2678,cal,retain,R_random,math_random
pairs_math_v2.csv,1362,math,math_2682,cal,remove,C0_exact,math_copy
pairs_math_v2.csv,1363,math,math_2682,cal,remove,C2_answer_bearing,math_solution_frag
pairs_math_v2.csv,1364,math,math_2682,cal,retain,H2_perturb_simple,math_perturb_simple
pairs_math_v2.csv,1365,math,math_2682,cal,retain,H2_perturb_hard,math_perturb_hard
pairs_math_v2.csv,1366,math,math_2682,cal,retain,H1_same_topic,math_same_type
pairs_math_v2.csv,1367,math,math_2682,cal,retain,R_random,math_random
pairs_math_v2.csv,1374,math,math_2684,cal,remove,C0_exact,math_copy
pairs_math_v2.csv,1375,math,math_2684,cal,remove,C2_answer_bearing,math_solution_frag
pairs_math_v2.csv,1376,math,math_2684,cal,retain,H2_perturb_simple,math_perturb_simple
pairs_math_v2.csv,1377,math,math_2684,cal,retain,H2_perturb_hard,math_perturb_hard
pairs_math_v2.csv,1378,math,math_2684,cal,retain,H1_same_topic,math_same_type
pairs_math_v2.csv,1379,math,math_2684,cal,retain,R_random,math_random
pairs_math_v2.csv,1392,math,math_3136,cal,remove,C0_exact,math_copy
pairs_math_v2.csv,1393,math,math_3136,cal,remove,C2_answer_bearing,math_solution_frag
pairs_math_v2.csv,1394,math,math_3136,cal,retain,H2_perturb_simple,math_perturb_simple
pairs_math_v2.csv,1395,math,math_3136,cal,retain,H2_perturb_hard,math_perturb_hard
pairs_math_v2.csv,1396,math,math_3136,cal,retain,H1_same_topic,math_same_type
pairs_math_v2.csv,1397,math,math_3136,cal,retain,R_random,math_random
pairs_math_v2.csv,1398,math,math_3137,cal,remove,C0_exact,math_copy
pairs_math_v2.csv,1399,math,math_3137,cal,remove,C2_answer_bearing,math_solution_frag
pairs_math_v2.csv,1400,math,math_3137,cal,retain,H2_perturb_simple,math_perturb_simple
pairs_math_v2.csv,1401,math,math_3137,cal,retain,H2_perturb_hard,math_perturb_hard
pairs_math_v2.csv,1402,math,math_3137,cal,retain,H1_same_topic,math_same_type
pairs_math_v2.csv,1403,math,math_3137,cal,retain,R_random,math_random
pairs_math_v2.csv,1446,math,math_3155,cal,remove,C0_exact,math_copy
pairs_math_v2.csv,1447,math,math_3155,cal,remove,C2_answer_bearing,math_solution_frag
pairs_math_v2.csv,1448,math,math_3155,cal,retain,H2_perturb_simple,math_perturb_simple
pairs_math_v2.csv,1449,math,math_3155,cal,retain,H2_perturb_hard,math_perturb_hard
pairs_math_v2.csv,1450,math,math_3155,cal,retain,H1_same_topic,math_same_type
pairs_math_v2.csv,1451,math,math_3155,cal,retain,R_random,math_random
pairs_math_v2.csv,1464,math,math_3158,cal,remove,C0_exact,math_copy
pairs_math_v2.csv,1465,math,math_3158,cal,remove,C2_answer_bearing,math_solution_frag
pairs_math_v2.csv,1466,math,math_3158,cal,retain,H2_perturb_simple,math_perturb_simple
pairs_math_v2.csv,1467,math,math_3158,cal,retain,H2_perturb_hard,math_perturb_hard
pairs_math_v2.csv,1468,math,math_3158,cal,retain,H1_same_topic,math_same_type
pairs_math_v2.csv,1469,math,math_3158,cal,retain,R_random,math_random
pairs_math_v2.csv,1488,math,math_3178,cal,remove,C0_exact,math_copy
pairs_math_v2.csv,1489,math,math_3178,cal,remove,C2_answer_bearing,math_solution_frag
pairs_math_v2.csv,1490,math,math_3178,cal,retain,H2_perturb_simple,math_perturb_simple
pairs_math_v2.csv,1491,math,math_3178,cal,retain,H2_perturb_hard,math_perturb_hard
pairs_math_v2.csv,1492,math,math_3178,cal,retain,H1_same_topic,math_same_type
pairs_math_v2.csv,1493,math,math_3178,cal,retain,R_random,math_random
pairs_math_v2.csv,1500,math,math_3194,cal,remove,C0_exact,math_copy
pairs_math_v2.csv,1501,math,math_3194,cal,remove,C2_answer_bearing,math_solution_frag
pairs_math_v2.csv,1502,math,math_3194,cal,retain,H2_perturb_simple,math_perturb_simple
pairs_math_v2.csv,1503,math,math_3194,cal,retain,H2_perturb_hard,math_perturb_hard
pairs_math_v2.csv,1504,math,math_3194,cal,retain,H1_same_topic,math_same_type
pairs_math_v2.csv,1505,math,math_3194,cal,retain,R_random,math_random
