source_csv,source_csv_row,family,group_id,part,decision_label,relation,candidate_source
pairs_arith_v2.csv,27,arithmetic,gsm8k_test_0003,train,remove,C0_exact,gsm8k_copy
pairs_arith_v2.csv,28,arithmetic,gsm8k_test_0003,train,remove,C1_transformed,lmsys_rephrase
pairs_arith_v2.csv,29,arithmetic,gsm8k_test_0003,train,remove,C2_answer_bearing,gsm8k_solution_frag
pairs_arith_v2.csv,30,arithmetic,gsm8k_test_0003,train,retain,H2_same_template,gsmplus_numerical_substitution
pairs_arith_v2.csv,31,arithmetic,gsm8k_test_0003,train,remove,C1_transformed,gsmplus_problem_understanding
pairs_arith_v2.csv,32,arithmetic,gsm8k_test_0003,train,retain,H2_same_template,gsmplus_critical_thinking
pairs_arith_v2.csv,33,arithmetic,gsm8k_test_0003,train,retain,H1_same_topic,svamp
pairs_arith_v2.csv,34,arithmetic,gsm8k_test_0003,train,retain,H3_predating,asdiv
pairs_arith_v2.csv,35,arithmetic,gsm8k_test_0003,train,retain,R_random,truthfulqa
pairs_arith_v2.csv,45,arithmetic,gsm8k_test_0005,train,remove,C0_exact,gsm8k_copy
pairs_arith_v2.csv,46,arithmetic,gsm8k_test_0005,train,remove,C1_transformed,lmsys_rephrase
pairs_arith_v2.csv,47,arithmetic,gsm8k_test_0005,train,remove,C2_answer_bearing,gsm8k_solution_frag
pairs_arith_v2.csv,48,arithmetic,gsm8k_test_0005,train,retain,H2_same_template,gsmplus_numerical_substitution
pairs_arith_v2.csv,49,arithmetic,gsm8k_test_0005,train,remove,C1_transformed,gsmplus_problem_understanding
pairs_arith_v2.csv,50,arithmetic,gsm8k_test_0005,train,retain,H2_same_template,gsmplus_critical_thinking
pairs_arith_v2.csv,51,arithmetic,gsm8k_test_0005,train,retain,H1_same_topic,svamp
pairs_arith_v2.csv,52,arithmetic,gsm8k_test_0005,train,retain,H3_predating,asdiv
pairs_arith_v2.csv,53,arithmetic,gsm8k_test_0005,train,retain,R_random,truthfulqa
pairs_arith_v2.csv,161,arithmetic,gsm8k_test_0018,train,remove,C0_exact,gsm8k_copy
pairs_arith_v2.csv,162,arithmetic,gsm8k_test_0018,train,remove,C1_transformed,lmsys_rephrase
pairs_arith_v2.csv,163,arithmetic,gsm8k_test_0018,train,remove,C2_answer_bearing,gsm8k_solution_frag
pairs_arith_v2.csv,164,arithmetic,gsm8k_test_0018,train,retain,H2_same_template,gsmplus_numerical_substitution
pairs_arith_v2.csv,165,arithmetic,gsm8k_test_0018,train,remove,C1_transformed,gsmplus_problem_understanding
pairs_arith_v2.csv,166,arithmetic,gsm8k_test_0018,train,retain,H2_same_template,gsmplus_critical_thinking
pairs_arith_v2.csv,167,arithmetic,gsm8k_test_0018,train,retain,H1_same_topic,svamp
pairs_arith_v2.csv,168,arithmetic,gsm8k_test_0018,train,retain,H3_predating,asdiv
pairs_arith_v2.csv,169,arithmetic,gsm8k_test_0018,train,retain,R_random,truthfulqa
pairs_arith_v2.csv,197,arithmetic,gsm8k_test_0022,train,remove,C0_exact,gsm8k_copy
pairs_arith_v2.csv,198,arithmetic,gsm8k_test_0022,train,remove,C1_transformed,lmsys_rephrase
pairs_arith_v2.csv,199,arithmetic,gsm8k_test_0022,train,remove,C2_answer_bearing,gsm8k_solution_frag
pairs_arith_v2.csv,200,arithmetic,gsm8k_test_0022,train,retain,H2_same_template,gsmplus_numerical_substitution
pairs_arith_v2.csv,201,arithmetic,gsm8k_test_0022,train,remove,C1_transformed,gsmplus_problem_understanding
pairs_arith_v2.csv,202,arithmetic,gsm8k_test_0022,train,retain,H2_same_template,gsmplus_critical_thinking
pairs_arith_v2.csv,203,arithmetic,gsm8k_test_0022,train,retain,H1_same_topic,svamp
pairs_arith_v2.csv,204,arithmetic,gsm8k_test_0022,train,retain,H3_predating,asdiv
pairs_arith_v2.csv,205,arithmetic,gsm8k_test_0022,train,retain,R_random,truthfulqa
pairs_arith_v2.csv,206,arithmetic,gsm8k_test_0023,train,remove,C0_exact,gsm8k_copy
pairs_arith_v2.csv,207,arithmetic,gsm8k_test_0023,train,remove,C1_transformed,lmsys_rephrase
pairs_arith_v2.csv,208,arithmetic,gsm8k_test_0023,train,remove,C2_answer_bearing,gsm8k_solution_frag
pairs_arith_v2.csv,209,arithmetic,gsm8k_test_0023,train,retain,H2_same_template,gsmplus_numerical_substitution
pairs_arith_v2.csv,210,arithmetic,gsm8k_test_0023,train,remove,C1_transformed,gsmplus_problem_understanding
pairs_arith_v2.csv,211,arithmetic,gsm8k_test_0023,train,retain,H2_same_template,gsmplus_critical_thinking
pairs_arith_v2.csv,212,arithmetic,gsm8k_test_0023,train,retain,H1_same_topic,svamp
pairs_arith_v2.csv,213,arithmetic,gsm8k_test_0023,train,retain,H3_predating,asdiv
pairs_arith_v2.csv,214,arithmetic,gsm8k_test_0023,train,retain,R_random,truthfulqa
pairs_arith_v2.csv,260,arithmetic,gsm8k_test_0029,train,remove,C0_exact,gsm8k_copy
pairs_arith_v2.csv,261,arithmetic,gsm8k_test_0029,train,remove,C1_transformed,lmsys_rephrase
pairs_arith_v2.csv,262,arithmetic,gsm8k_test_0029,train,remove,C2_answer_bearing,gsm8k_solution_frag
pairs_arith_v2.csv,263,arithmetic,gsm8k_test_0029,train,retain,H2_same_template,gsmplus_numerical_substitution
pairs_arith_v2.csv,264,arithmetic,gsm8k_test_0029,train,remove,C1_transformed,gsmplus_problem_understanding
pairs_arith_v2.csv,265,arithmetic,gsm8k_test_0029,train,retain,H2_same_template,gsmplus_critical_thinking
pairs_arith_v2.csv,266,arithmetic,gsm8k_test_0029,train,retain,H1_same_topic,svamp
pairs_arith_v2.csv,267,arithmetic,gsm8k_test_0029,train,retain,H3_predating,asdiv
pairs_arith_v2.csv,268,arithmetic,gsm8k_test_0029,train,retain,R_random,truthfulqa
pairs_arith_v2.csv,287,arithmetic,gsm8k_test_0032,train,remove,C0_exact,gsm8k_copy
pairs_arith_v2.csv,288,arithmetic,gsm8k_test_0032,train,remove,C1_transformed,lmsys_rephrase
pairs_arith_v2.csv,289,arithmetic,gsm8k_test_0032,train,remove,C2_answer_bearing,gsm8k_solution_frag
pairs_arith_v2.csv,290,arithmetic,gsm8k_test_0032,train,retain,H2_same_template,gsmplus_numerical_substitution
pairs_arith_v2.csv,291,arithmetic,gsm8k_test_0032,train,remove,C1_transformed,gsmplus_problem_understanding
pairs_arith_v2.csv,292,arithmetic,gsm8k_test_0032,train,retain,H2_same_template,gsmplus_critical_thinking
pairs_arith_v2.csv,293,arithmetic,gsm8k_test_0032,train,retain,H1_same_topic,svamp
pairs_arith_v2.csv,294,arithmetic,gsm8k_test_0032,train,retain,H3_predating,asdiv
pairs_arith_v2.csv,295,arithmetic,gsm8k_test_0032,train,retain,R_random,truthfulqa
pairs_arith_v2.csv,296,arithmetic,gsm8k_test_0033,train,remove,C0_exact,gsm8k_copy
pairs_arith_v2.csv,297,arithmetic,gsm8k_test_0033,train,remove,C1_transformed,lmsys_rephrase
pairs_arith_v2.csv,298,arithmetic,gsm8k_test_0033,train,remove,C2_answer_bearing,gsm8k_solution_frag
pairs_arith_v2.csv,299,arithmetic,gsm8k_test_0033,train,retain,H2_same_template,gsmplus_numerical_substitution
pairs_arith_v2.csv,300,arithmetic,gsm8k_test_0033,train,remove,C1_transformed,gsmplus_problem_understanding
pairs_arith_v2.csv,301,arithmetic,gsm8k_test_0033,train,retain,H2_same_template,gsmplus_critical_thinking
pairs_arith_v2.csv,302,arithmetic,gsm8k_test_0033,train,retain,H1_same_topic,svamp
pairs_arith_v2.csv,303,arithmetic,gsm8k_test_0033,train,retain,H3_predating,asdiv
pairs_arith_v2.csv,304,arithmetic,gsm8k_test_0033,train,retain,R_random,truthfulqa
pairs_arith_v2.csv,332,arithmetic,gsm8k_test_0037,train,remove,C0_exact,gsm8k_copy
pairs_arith_v2.csv,333,arithmetic,gsm8k_test_0037,train,remove,C1_transformed,lmsys_rephrase
pairs_arith_v2.csv,334,arithmetic,gsm8k_test_0037,train,remove,C2_answer_bearing,gsm8k_solution_frag
pairs_arith_v2.csv,335,arithmetic,gsm8k_test_0037,train,retain,H2_same_template,gsmplus_numerical_substitution
pairs_arith_v2.csv,336,arithmetic,gsm8k_test_0037,train,remove,C1_transformed,gsmplus_problem_understanding
pairs_arith_v2.csv,337,arithmetic,gsm8k_test_0037,train,retain,H2_same_template,gsmplus_critical_thinking
pairs_arith_v2.csv,338,arithmetic,gsm8k_test_0037,train,retain,H1_same_topic,svamp
pairs_arith_v2.csv,339,arithmetic,gsm8k_test_0037,train,retain,H3_predating,asdiv
pairs_arith_v2.csv,340,arithmetic,gsm8k_test_0037,train,retain,R_random,truthfulqa
pairs_arith_v2.csv,350,arithmetic,gsm8k_test_0039,train,remove,C0_exact,gsm8k_copy
pairs_arith_v2.csv,351,arithmetic,gsm8k_test_0039,train,remove,C1_transformed,lmsys_rephrase
pairs_arith_v2.csv,352,arithmetic,gsm8k_test_0039,train,remove,C2_answer_bearing,gsm8k_solution_frag
pairs_arith_v2.csv,353,arithmetic,gsm8k_test_0039,train,retain,H2_same_template,gsmplus_numerical_substitution
pairs_arith_v2.csv,354,arithmetic,gsm8k_test_0039,train,remove,C1_transformed,gsmplus_problem_understanding
pairs_arith_v2.csv,355,arithmetic,gsm8k_test_0039,train,retain,H2_same_template,gsmplus_critical_thinking
pairs_arith_v2.csv,356,arithmetic,gsm8k_test_0039,train,retain,H1_same_topic,svamp
pairs_arith_v2.csv,357,arithmetic,gsm8k_test_0039,train,retain,H3_predating,asdiv
pairs_arith_v2.csv,358,arithmetic,gsm8k_test_0039,train,retain,R_random,truthfulqa
pairs_arith_v2.csv,377,arithmetic,gsm8k_test_0042,train,remove,C0_exact,gsm8k_copy
pairs_arith_v2.csv,378,arithmetic,gsm8k_test_0042,train,remove,C1_transformed,lmsys_rephrase
pairs_arith_v2.csv,379,arithmetic,gsm8k_test_0042,train,remove,C2_answer_bearing,gsm8k_solution_frag
pairs_arith_v2.csv,380,arithmetic,gsm8k_test_0042,train,retain,H2_same_template,gsmplus_numerical_substitution
pairs_arith_v2.csv,381,arithmetic,gsm8k_test_0042,train,remove,C1_transformed,gsmplus_problem_understanding
pairs_arith_v2.csv,382,arithmetic,gsm8k_test_0042,train,retain,H2_same_template,gsmplus_critical_thinking
pairs_arith_v2.csv,383,arithmetic,gsm8k_test_0042,train,retain,H1_same_topic,svamp
pairs_arith_v2.csv,384,arithmetic,gsm8k_test_0042,train,retain,H3_predating,asdiv
pairs_arith_v2.csv,385,arithmetic,gsm8k_test_0042,train,retain,R_random,truthfulqa
pairs_arith_v2.csv,395,arithmetic,gsm8k_test_0044,train,remove,C0_exact,gsm8k_copy
pairs_arith_v2.csv,396,arithmetic,gsm8k_test_0044,train,remove,C1_transformed,lmsys_rephrase
pairs_arith_v2.csv,397,arithmetic,gsm8k_test_0044,train,remove,C2_answer_bearing,gsm8k_solution_frag
pairs_arith_v2.csv,398,arithmetic,gsm8k_test_0044,train,retain,H2_same_template,gsmplus_numerical_substitution
pairs_arith_v2.csv,399,arithmetic,gsm8k_test_0044,train,remove,C1_transformed,gsmplus_problem_understanding
pairs_arith_v2.csv,400,arithmetic,gsm8k_test_0044,train,retain,H2_same_template,gsmplus_critical_thinking
pairs_arith_v2.csv,401,arithmetic,gsm8k_test_0044,train,retain,H1_same_topic,svamp
pairs_arith_v2.csv,402,arithmetic,gsm8k_test_0044,train,retain,H3_predating,asdiv
pairs_arith_v2.csv,403,arithmetic,gsm8k_test_0044,train,retain,R_random,truthfulqa
pairs_arith_v2.csv,413,arithmetic,gsm8k_test_0046,train,remove,C0_exact,gsm8k_copy
pairs_arith_v2.csv,414,arithmetic,gsm8k_test_0046,train,remove,C1_transformed,lmsys_rephrase
pairs_arith_v2.csv,415,arithmetic,gsm8k_test_0046,train,remove,C2_answer_bearing,gsm8k_solution_frag
pairs_arith_v2.csv,416,arithmetic,gsm8k_test_0046,train,retain,H2_same_template,gsmplus_numerical_substitution
pairs_arith_v2.csv,417,arithmetic,gsm8k_test_0046,train,remove,C1_transformed,gsmplus_problem_understanding
pairs_arith_v2.csv,418,arithmetic,gsm8k_test_0046,train,retain,H2_same_template,gsmplus_critical_thinking
pairs_arith_v2.csv,419,arithmetic,gsm8k_test_0046,train,retain,H1_same_topic,svamp
pairs_arith_v2.csv,420,arithmetic,gsm8k_test_0046,train,retain,H3_predating,asdiv
pairs_arith_v2.csv,421,arithmetic,gsm8k_test_0046,train,retain,R_random,truthfulqa
pairs_arith_v2.csv,422,arithmetic,gsm8k_test_0047,train,remove,C0_exact,gsm8k_copy
pairs_arith_v2.csv,423,arithmetic,gsm8k_test_0047,train,remove,C1_transformed,lmsys_rephrase
pairs_arith_v2.csv,424,arithmetic,gsm8k_test_0047,train,remove,C2_answer_bearing,gsm8k_solution_frag
pairs_arith_v2.csv,425,arithmetic,gsm8k_test_0047,train,retain,H2_same_template,gsmplus_numerical_substitution
pairs_arith_v2.csv,426,arithmetic,gsm8k_test_0047,train,remove,C1_transformed,gsmplus_problem_understanding
pairs_arith_v2.csv,427,arithmetic,gsm8k_test_0047,train,retain,H2_same_template,gsmplus_critical_thinking
pairs_arith_v2.csv,428,arithmetic,gsm8k_test_0047,train,retain,H1_same_topic,svamp
pairs_arith_v2.csv,429,arithmetic,gsm8k_test_0047,train,retain,H3_predating,asdiv
pairs_arith_v2.csv,430,arithmetic,gsm8k_test_0047,train,retain,R_random,truthfulqa
pairs_arith_v2.csv,431,arithmetic,gsm8k_test_0048,train,remove,C0_exact,gsm8k_copy
pairs_arith_v2.csv,432,arithmetic,gsm8k_test_0048,train,remove,C1_transformed,lmsys_rephrase
pairs_arith_v2.csv,433,arithmetic,gsm8k_test_0048,train,remove,C2_answer_bearing,gsm8k_solution_frag
pairs_arith_v2.csv,434,arithmetic,gsm8k_test_0048,train,retain,H2_same_template,gsmplus_numerical_substitution
pairs_arith_v2.csv,435,arithmetic,gsm8k_test_0048,train,remove,C1_transformed,gsmplus_problem_understanding
pairs_arith_v2.csv,436,arithmetic,gsm8k_test_0048,train,retain,H2_same_template,gsmplus_critical_thinking
pairs_arith_v2.csv,437,arithmetic,gsm8k_test_0048,train,retain,H1_same_topic,svamp
pairs_arith_v2.csv,438,arithmetic,gsm8k_test_0048,train,retain,H3_predating,asdiv
pairs_arith_v2.csv,439,arithmetic,gsm8k_test_0048,train,retain,R_random,truthfulqa
pairs_arith_v2.csv,449,arithmetic,gsm8k_test_0050,train,remove,C0_exact,gsm8k_copy
pairs_arith_v2.csv,450,arithmetic,gsm8k_test_0050,train,remove,C1_transformed,lmsys_rephrase
pairs_arith_v2.csv,451,arithmetic,gsm8k_test_0050,train,remove,C2_answer_bearing,gsm8k_solution_frag
pairs_arith_v2.csv,452,arithmetic,gsm8k_test_0050,train,retain,H2_same_template,gsmplus_numerical_substitution
pairs_arith_v2.csv,453,arithmetic,gsm8k_test_0050,train,remove,C1_transformed,gsmplus_problem_understanding
pairs_arith_v2.csv,454,arithmetic,gsm8k_test_0050,train,retain,H2_same_template,gsmplus_critical_thinking
pairs_arith_v2.csv,455,arithmetic,gsm8k_test_0050,train,retain,H1_same_topic,svamp
pairs_arith_v2.csv,456,arithmetic,gsm8k_test_0050,train,retain,H3_predating,asdiv
pairs_arith_v2.csv,457,arithmetic,gsm8k_test_0050,train,retain,R_random,truthfulqa
pairs_arith_v2.csv,475,arithmetic,gsm8k_test_0053,train,remove,C0_exact,gsm8k_copy
pairs_arith_v2.csv,476,arithmetic,gsm8k_test_0053,train,remove,C1_transformed,lmsys_rephrase
pairs_arith_v2.csv,477,arithmetic,gsm8k_test_0053,train,remove,C2_answer_bearing,gsm8k_solution_frag
pairs_arith_v2.csv,478,arithmetic,gsm8k_test_0053,train,retain,H2_same_template,gsmplus_numerical_substitution
pairs_arith_v2.csv,479,arithmetic,gsm8k_test_0053,train,remove,C1_transformed,gsmplus_problem_understanding
pairs_arith_v2.csv,480,arithmetic,gsm8k_test_0053,train,retain,H2_same_template,gsmplus_critical_thinking
pairs_arith_v2.csv,481,arithmetic,gsm8k_test_0053,train,retain,H1_same_topic,svamp
pairs_arith_v2.csv,482,arithmetic,gsm8k_test_0053,train,retain,H3_predating,asdiv
pairs_arith_v2.csv,483,arithmetic,gsm8k_test_0053,train,retain,R_random,truthfulqa
pairs_arith_v2.csv,484,arithmetic,gsm8k_test_0054,train,remove,C0_exact,gsm8k_copy
pairs_arith_v2.csv,485,arithmetic,gsm8k_test_0054,train,remove,C1_transformed,lmsys_rephrase
pairs_arith_v2.csv,486,arithmetic,gsm8k_test_0054,train,remove,C2_answer_bearing,gsm8k_solution_frag
pairs_arith_v2.csv,487,arithmetic,gsm8k_test_0054,train,retain,H2_same_template,gsmplus_numerical_substitution
pairs_arith_v2.csv,488,arithmetic,gsm8k_test_0054,train,remove,C1_transformed,gsmplus_problem_understanding
pairs_arith_v2.csv,489,arithmetic,gsm8k_test_0054,train,retain,H2_same_template,gsmplus_critical_thinking
pairs_arith_v2.csv,490,arithmetic,gsm8k_test_0054,train,retain,H1_same_topic,svamp
pairs_arith_v2.csv,491,arithmetic,gsm8k_test_0054,train,retain,H3_predating,asdiv
pairs_arith_v2.csv,492,arithmetic,gsm8k_test_0054,train,retain,R_random,truthfulqa
pairs_arith_v2.csv,502,arithmetic,gsm8k_test_0056,train,remove,C0_exact,gsm8k_copy
pairs_arith_v2.csv,503,arithmetic,gsm8k_test_0056,train,remove,C1_transformed,lmsys_rephrase
pairs_arith_v2.csv,504,arithmetic,gsm8k_test_0056,train,remove,C2_answer_bearing,gsm8k_solution_frag
pairs_arith_v2.csv,505,arithmetic,gsm8k_test_0056,train,remove,C1_transformed,gsmplus_problem_understanding
pairs_arith_v2.csv,506,arithmetic,gsm8k_test_0056,train,retain,H2_same_template,gsmplus_critical_thinking
pairs_arith_v2.csv,507,arithmetic,gsm8k_test_0056,train,retain,H1_same_topic,svamp
pairs_arith_v2.csv,508,arithmetic,gsm8k_test_0056,train,retain,H3_predating,asdiv
pairs_arith_v2.csv,509,arithmetic,gsm8k_test_0056,train,retain,R_random,truthfulqa
pairs_arith_v2.csv,546,arithmetic,gsm8k_test_0061,train,remove,C0_exact,gsm8k_copy
pairs_arith_v2.csv,547,arithmetic,gsm8k_test_0061,train,remove,C1_transformed,lmsys_rephrase
pairs_arith_v2.csv,548,arithmetic,gsm8k_test_0061,train,remove,C2_answer_bearing,gsm8k_solution_frag
pairs_arith_v2.csv,549,arithmetic,gsm8k_test_0061,train,retain,H2_same_template,gsmplus_numerical_substitution
pairs_arith_v2.csv,550,arithmetic,gsm8k_test_0061,train,remove,C1_transformed,gsmplus_problem_understanding
pairs_arith_v2.csv,551,arithmetic,gsm8k_test_0061,train,retain,H2_same_template,gsmplus_critical_thinking
pairs_arith_v2.csv,552,arithmetic,gsm8k_test_0061,train,retain,H1_same_topic,svamp
pairs_arith_v2.csv,553,arithmetic,gsm8k_test_0061,train,retain,H3_predating,asdiv
pairs_arith_v2.csv,554,arithmetic,gsm8k_test_0061,train,retain,R_random,truthfulqa
pairs_arith_v2.csv,564,arithmetic,gsm8k_test_0063,train,remove,C0_exact,gsm8k_copy
pairs_arith_v2.csv,565,arithmetic,gsm8k_test_0063,train,remove,C1_transformed,lmsys_rephrase
pairs_arith_v2.csv,566,arithmetic,gsm8k_test_0063,train,remove,C2_answer_bearing,gsm8k_solution_frag
pairs_arith_v2.csv,567,arithmetic,gsm8k_test_0063,train,retain,H2_same_template,gsmplus_numerical_substitution
pairs_arith_v2.csv,568,arithmetic,gsm8k_test_0063,train,remove,C1_transformed,gsmplus_problem_understanding
pairs_arith_v2.csv,569,arithmetic,gsm8k_test_0063,train,retain,H2_same_template,gsmplus_critical_thinking
pairs_arith_v2.csv,570,arithmetic,gsm8k_test_0063,train,retain,H1_same_topic,svamp
pairs_arith_v2.csv,571,arithmetic,gsm8k_test_0063,train,retain,H3_predating,asdiv
pairs_arith_v2.csv,572,arithmetic,gsm8k_test_0063,train,retain,R_random,truthfulqa
pairs_arith_v2.csv,600,arithmetic,gsm8k_test_0067,train,remove,C0_exact,gsm8k_copy
pairs_arith_v2.csv,601,arithmetic,gsm8k_test_0067,train,remove,C1_transformed,lmsys_rephrase
pairs_arith_v2.csv,602,arithmetic,gsm8k_test_0067,train,remove,C2_answer_bearing,gsm8k_solution_frag
pairs_arith_v2.csv,603,arithmetic,gsm8k_test_0067,train,retain,H2_same_template,gsmplus_numerical_substitution
pairs_arith_v2.csv,604,arithmetic,gsm8k_test_0067,train,remove,C1_transformed,gsmplus_problem_understanding
pairs_arith_v2.csv,605,arithmetic,gsm8k_test_0067,train,retain,H2_same_template,gsmplus_critical_thinking
pairs_arith_v2.csv,606,arithmetic,gsm8k_test_0067,train,retain,H1_same_topic,svamp
pairs_arith_v2.csv,607,arithmetic,gsm8k_test_0067,train,retain,H3_predating,asdiv
pairs_arith_v2.csv,608,arithmetic,gsm8k_test_0067,train,retain,R_random,truthfulqa
pairs_arith_v2.csv,609,arithmetic,gsm8k_test_0068,train,remove,C0_exact,gsm8k_copy
pairs_arith_v2.csv,610,arithmetic,gsm8k_test_0068,train,remove,C1_transformed,lmsys_rephrase
pairs_arith_v2.csv,611,arithmetic,gsm8k_test_0068,train,remove,C2_answer_bearing,gsm8k_solution_frag
pairs_arith_v2.csv,612,arithmetic,gsm8k_test_0068,train,retain,H2_same_template,gsmplus_numerical_substitution
pairs_arith_v2.csv,613,arithmetic,gsm8k_test_0068,train,remove,C1_transformed,gsmplus_problem_understanding
pairs_arith_v2.csv,614,arithmetic,gsm8k_test_0068,train,retain,H2_same_template,gsmplus_critical_thinking
pairs_arith_v2.csv,615,arithmetic,gsm8k_test_0068,train,retain,H1_same_topic,svamp
pairs_arith_v2.csv,616,arithmetic,gsm8k_test_0068,train,retain,H3_predating,asdiv
pairs_arith_v2.csv,617,arithmetic,gsm8k_test_0068,train,retain,R_random,truthfulqa
pairs_arith_v2.csv,627,arithmetic,gsm8k_test_0070,train,remove,C0_exact,gsm8k_copy
pairs_arith_v2.csv,628,arithmetic,gsm8k_test_0070,train,remove,C1_transformed,lmsys_rephrase
pairs_arith_v2.csv,629,arithmetic,gsm8k_test_0070,train,remove,C2_answer_bearing,gsm8k_solution_frag
pairs_arith_v2.csv,630,arithmetic,gsm8k_test_0070,train,retain,H2_same_template,gsmplus_numerical_substitution
pairs_arith_v2.csv,631,arithmetic,gsm8k_test_0070,train,remove,C1_transformed,gsmplus_problem_understanding
pairs_arith_v2.csv,632,arithmetic,gsm8k_test_0070,train,retain,H2_same_template,gsmplus_critical_thinking
pairs_arith_v2.csv,633,arithmetic,gsm8k_test_0070,train,retain,H1_same_topic,svamp
pairs_arith_v2.csv,634,arithmetic,gsm8k_test_0070,train,retain,H3_predating,asdiv
pairs_arith_v2.csv,635,arithmetic,gsm8k_test_0070,train,retain,R_random,truthfulqa
pairs_arith_v2.csv,636,arithmetic,gsm8k_test_0071,train,remove,C0_exact,gsm8k_copy
pairs_arith_v2.csv,637,arithmetic,gsm8k_test_0071,train,remove,C1_transformed,lmsys_rephrase
pairs_arith_v2.csv,638,arithmetic,gsm8k_test_0071,train,remove,C2_answer_bearing,gsm8k_solution_frag
pairs_arith_v2.csv,639,arithmetic,gsm8k_test_0071,train,retain,H2_same_template,gsmplus_numerical_substitution
pairs_arith_v2.csv,640,arithmetic,gsm8k_test_0071,train,remove,C1_transformed,gsmplus_problem_understanding
pairs_arith_v2.csv,641,arithmetic,gsm8k_test_0071,train,retain,H2_same_template,gsmplus_critical_thinking
pairs_arith_v2.csv,642,arithmetic,gsm8k_test_0071,train,retain,H1_same_topic,svamp
pairs_arith_v2.csv,643,arithmetic,gsm8k_test_0071,train,retain,H3_predating,asdiv
pairs_arith_v2.csv,644,arithmetic,gsm8k_test_0071,train,retain,R_random,truthfulqa
pairs_arith_v2.csv,654,arithmetic,gsm8k_test_0073,train,remove,C0_exact,gsm8k_copy
pairs_arith_v2.csv,655,arithmetic,gsm8k_test_0073,train,remove,C1_transformed,lmsys_rephrase
pairs_arith_v2.csv,656,arithmetic,gsm8k_test_0073,train,remove,C2_answer_bearing,gsm8k_solution_frag
pairs_arith_v2.csv,657,arithmetic,gsm8k_test_0073,train,retain,H2_same_template,gsmplus_numerical_substitution
pairs_arith_v2.csv,658,arithmetic,gsm8k_test_0073,train,remove,C1_transformed,gsmplus_problem_understanding
pairs_arith_v2.csv,659,arithmetic,gsm8k_test_0073,train,retain,H2_same_template,gsmplus_critical_thinking
pairs_arith_v2.csv,660,arithmetic,gsm8k_test_0073,train,retain,H1_same_topic,svamp
pairs_arith_v2.csv,661,arithmetic,gsm8k_test_0073,train,retain,H3_predating,asdiv
pairs_arith_v2.csv,662,arithmetic,gsm8k_test_0073,train,retain,R_random,truthfulqa
pairs_arith_v2.csv,690,arithmetic,gsm8k_test_0077,train,remove,C0_exact,gsm8k_copy
pairs_arith_v2.csv,691,arithmetic,gsm8k_test_0077,train,remove,C1_transformed,lmsys_rephrase
pairs_arith_v2.csv,692,arithmetic,gsm8k_test_0077,train,remove,C2_answer_bearing,gsm8k_solution_frag
pairs_arith_v2.csv,693,arithmetic,gsm8k_test_0077,train,retain,H2_same_template,gsmplus_numerical_substitution
pairs_arith_v2.csv,694,arithmetic,gsm8k_test_0077,train,remove,C1_transformed,gsmplus_problem_understanding
pairs_arith_v2.csv,695,arithmetic,gsm8k_test_0077,train,retain,H2_same_template,gsmplus_critical_thinking
pairs_arith_v2.csv,696,arithmetic,gsm8k_test_0077,train,retain,H1_same_topic,svamp
pairs_arith_v2.csv,697,arithmetic,gsm8k_test_0077,train,retain,H3_predating,asdiv
pairs_arith_v2.csv,698,arithmetic,gsm8k_test_0077,train,retain,R_random,truthfulqa
pairs_arith_v2.csv,699,arithmetic,gsm8k_test_0078,train,remove,C0_exact,gsm8k_copy
pairs_arith_v2.csv,700,arithmetic,gsm8k_test_0078,train,remove,C1_transformed,lmsys_rephrase
pairs_arith_v2.csv,701,arithmetic,gsm8k_test_0078,train,remove,C2_answer_bearing,gsm8k_solution_frag
pairs_arith_v2.csv,702,arithmetic,gsm8k_test_0078,train,retain,H2_same_template,gsmplus_numerical_substitution
pairs_arith_v2.csv,703,arithmetic,gsm8k_test_0078,train,remove,C1_transformed,gsmplus_problem_understanding
pairs_arith_v2.csv,704,arithmetic,gsm8k_test_0078,train,retain,H2_same_template,gsmplus_critical_thinking
pairs_arith_v2.csv,705,arithmetic,gsm8k_test_0078,train,retain,H1_same_topic,svamp
pairs_arith_v2.csv,706,arithmetic,gsm8k_test_0078,train,retain,H3_predating,asdiv
pairs_arith_v2.csv,707,arithmetic,gsm8k_test_0078,train,retain,R_random,truthfulqa
pairs_arith_v2.csv,708,arithmetic,gsm8k_test_0079,train,remove,C0_exact,gsm8k_copy
pairs_arith_v2.csv,709,arithmetic,gsm8k_test_0079,train,remove,C1_transformed,lmsys_rephrase
pairs_arith_v2.csv,710,arithmetic,gsm8k_test_0079,train,remove,C2_answer_bearing,gsm8k_solution_frag
pairs_arith_v2.csv,711,arithmetic,gsm8k_test_0079,train,retain,H2_same_template,gsmplus_numerical_substitution
pairs_arith_v2.csv,712,arithmetic,gsm8k_test_0079,train,remove,C1_transformed,gsmplus_problem_understanding
pairs_arith_v2.csv,713,arithmetic,gsm8k_test_0079,train,retain,H2_same_template,gsmplus_critical_thinking
pairs_arith_v2.csv,714,arithmetic,gsm8k_test_0079,train,retain,H1_same_topic,svamp
pairs_arith_v2.csv,715,arithmetic,gsm8k_test_0079,train,retain,H3_predating,asdiv
pairs_arith_v2.csv,716,arithmetic,gsm8k_test_0079,train,retain,R_random,truthfulqa
pairs_arith_v2.csv,717,arithmetic,gsm8k_test_0080,train,remove,C0_exact,gsm8k_copy
pairs_arith_v2.csv,718,arithmetic,gsm8k_test_0080,train,remove,C1_transformed,lmsys_rephrase
pairs_arith_v2.csv,719,arithmetic,gsm8k_test_0080,train,remove,C2_answer_bearing,gsm8k_solution_frag
pairs_arith_v2.csv,720,arithmetic,gsm8k_test_0080,train,retain,H2_same_template,gsmplus_numerical_substitution
pairs_arith_v2.csv,721,arithmetic,gsm8k_test_0080,train,remove,C1_transformed,gsmplus_problem_understanding
pairs_arith_v2.csv,722,arithmetic,gsm8k_test_0080,train,retain,H2_same_template,gsmplus_critical_thinking
pairs_arith_v2.csv,723,arithmetic,gsm8k_test_0080,train,retain,H1_same_topic,svamp
pairs_arith_v2.csv,724,arithmetic,gsm8k_test_0080,train,retain,H3_predating,asdiv
pairs_arith_v2.csv,725,arithmetic,gsm8k_test_0080,train,retain,R_random,truthfulqa
pairs_arith_v2.csv,753,arithmetic,gsm8k_test_0084,train,remove,C0_exact,gsm8k_copy
pairs_arith_v2.csv,754,arithmetic,gsm8k_test_0084,train,remove,C1_transformed,lmsys_rephrase
pairs_arith_v2.csv,755,arithmetic,gsm8k_test_0084,train,remove,C2_answer_bearing,gsm8k_solution_frag
pairs_arith_v2.csv,756,arithmetic,gsm8k_test_0084,train,retain,H2_same_template,gsmplus_numerical_substitution
pairs_arith_v2.csv,757,arithmetic,gsm8k_test_0084,train,remove,C1_transformed,gsmplus_problem_understanding
pairs_arith_v2.csv,758,arithmetic,gsm8k_test_0084,train,retain,H2_same_template,gsmplus_critical_thinking
pairs_arith_v2.csv,759,arithmetic,gsm8k_test_0084,train,retain,H1_same_topic,svamp
pairs_arith_v2.csv,760,arithmetic,gsm8k_test_0084,train,retain,H3_predating,asdiv
pairs_arith_v2.csv,761,arithmetic,gsm8k_test_0084,train,retain,R_random,truthfulqa
pairs_arith_v2.csv,762,arithmetic,gsm8k_test_0085,train,remove,C0_exact,gsm8k_copy
pairs_arith_v2.csv,763,arithmetic,gsm8k_test_0085,train,remove,C1_transformed,lmsys_rephrase
pairs_arith_v2.csv,764,arithmetic,gsm8k_test_0085,train,remove,C2_answer_bearing,gsm8k_solution_frag
pairs_arith_v2.csv,765,arithmetic,gsm8k_test_0085,train,retain,H2_same_template,gsmplus_numerical_substitution
pairs_arith_v2.csv,766,arithmetic,gsm8k_test_0085,train,remove,C1_transformed,gsmplus_problem_understanding
pairs_arith_v2.csv,767,arithmetic,gsm8k_test_0085,train,retain,H2_same_template,gsmplus_critical_thinking
pairs_arith_v2.csv,768,arithmetic,gsm8k_test_0085,train,retain,H1_same_topic,svamp
pairs_arith_v2.csv,769,arithmetic,gsm8k_test_0085,train,retain,H3_predating,asdiv
pairs_arith_v2.csv,770,arithmetic,gsm8k_test_0085,train,retain,R_random,truthfulqa
pairs_arith_v2.csv,771,arithmetic,gsm8k_test_0086,train,remove,C0_exact,gsm8k_copy
pairs_arith_v2.csv,772,arithmetic,gsm8k_test_0086,train,remove,C1_transformed,lmsys_rephrase
pairs_arith_v2.csv,773,arithmetic,gsm8k_test_0086,train,remove,C2_answer_bearing,gsm8k_solution_frag
pairs_arith_v2.csv,774,arithmetic,gsm8k_test_0086,train,retain,H2_same_template,gsmplus_numerical_substitution
pairs_arith_v2.csv,775,arithmetic,gsm8k_test_0086,train,remove,C1_transformed,gsmplus_problem_understanding
pairs_arith_v2.csv,776,arithmetic,gsm8k_test_0086,train,retain,H2_same_template,gsmplus_critical_thinking
pairs_arith_v2.csv,777,arithmetic,gsm8k_test_0086,train,retain,H1_same_topic,svamp
pairs_arith_v2.csv,778,arithmetic,gsm8k_test_0086,train,retain,H3_predating,asdiv
pairs_arith_v2.csv,779,arithmetic,gsm8k_test_0086,train,retain,R_random,truthfulqa
pairs_arith_v2.csv,834,arithmetic,gsm8k_test_0093,train,remove,C0_exact,gsm8k_copy
pairs_arith_v2.csv,835,arithmetic,gsm8k_test_0093,train,remove,C1_transformed,lmsys_rephrase
pairs_arith_v2.csv,836,arithmetic,gsm8k_test_0093,train,remove,C2_answer_bearing,gsm8k_solution_frag
pairs_arith_v2.csv,837,arithmetic,gsm8k_test_0093,train,retain,H2_same_template,gsmplus_numerical_substitution
pairs_arith_v2.csv,838,arithmetic,gsm8k_test_0093,train,remove,C1_transformed,gsmplus_problem_understanding
pairs_arith_v2.csv,839,arithmetic,gsm8k_test_0093,train,retain,H2_same_template,gsmplus_critical_thinking
pairs_arith_v2.csv,840,arithmetic,gsm8k_test_0093,train,retain,H1_same_topic,svamp
pairs_arith_v2.csv,841,arithmetic,gsm8k_test_0093,train,retain,H3_predating,asdiv
pairs_arith_v2.csv,842,arithmetic,gsm8k_test_0093,train,retain,R_random,truthfulqa
pairs_arith_v2.csv,843,arithmetic,gsm8k_test_0094,train,remove,C0_exact,gsm8k_copy
pairs_arith_v2.csv,844,arithmetic,gsm8k_test_0094,train,remove,C1_transformed,lmsys_rephrase
pairs_arith_v2.csv,845,arithmetic,gsm8k_test_0094,train,remove,C2_answer_bearing,gsm8k_solution_frag
pairs_arith_v2.csv,846,arithmetic,gsm8k_test_0094,train,retain,H2_same_template,gsmplus_numerical_substitution
pairs_arith_v2.csv,847,arithmetic,gsm8k_test_0094,train,remove,C1_transformed,gsmplus_problem_understanding
pairs_arith_v2.csv,848,arithmetic,gsm8k_test_0094,train,retain,H2_same_template,gsmplus_critical_thinking
pairs_arith_v2.csv,849,arithmetic,gsm8k_test_0094,train,retain,H1_same_topic,svamp
pairs_arith_v2.csv,850,arithmetic,gsm8k_test_0094,train,retain,H3_predating,asdiv
pairs_arith_v2.csv,851,arithmetic,gsm8k_test_0094,train,retain,R_random,truthfulqa
pairs_arith_v2.csv,852,arithmetic,gsm8k_test_0095,train,remove,C0_exact,gsm8k_copy
pairs_arith_v2.csv,853,arithmetic,gsm8k_test_0095,train,remove,C1_transformed,lmsys_rephrase
pairs_arith_v2.csv,854,arithmetic,gsm8k_test_0095,train,remove,C2_answer_bearing,gsm8k_solution_frag
pairs_arith_v2.csv,855,arithmetic,gsm8k_test_0095,train,retain,H2_same_template,gsmplus_numerical_substitution
pairs_arith_v2.csv,856,arithmetic,gsm8k_test_0095,train,remove,C1_transformed,gsmplus_problem_understanding
pairs_arith_v2.csv,857,arithmetic,gsm8k_test_0095,train,retain,H2_same_template,gsmplus_critical_thinking
pairs_arith_v2.csv,858,arithmetic,gsm8k_test_0095,train,retain,H1_same_topic,svamp
pairs_arith_v2.csv,859,arithmetic,gsm8k_test_0095,train,retain,H3_predating,asdiv
pairs_arith_v2.csv,860,arithmetic,gsm8k_test_0095,train,retain,R_random,truthfulqa
pairs_arith_v2.csv,879,arithmetic,gsm8k_test_0098,train,remove,C0_exact,gsm8k_copy
pairs_arith_v2.csv,880,arithmetic,gsm8k_test_0098,train,remove,C1_transformed,lmsys_rephrase
pairs_arith_v2.csv,881,arithmetic,gsm8k_test_0098,train,remove,C2_answer_bearing,gsm8k_solution_frag
pairs_arith_v2.csv,882,arithmetic,gsm8k_test_0098,train,retain,H2_same_template,gsmplus_numerical_substitution
pairs_arith_v2.csv,883,arithmetic,gsm8k_test_0098,train,remove,C1_transformed,gsmplus_problem_understanding
pairs_arith_v2.csv,884,arithmetic,gsm8k_test_0098,train,retain,H2_same_template,gsmplus_critical_thinking
pairs_arith_v2.csv,885,arithmetic,gsm8k_test_0098,train,retain,H1_same_topic,svamp
pairs_arith_v2.csv,886,arithmetic,gsm8k_test_0098,train,retain,H3_predating,asdiv
pairs_arith_v2.csv,887,arithmetic,gsm8k_test_0098,train,retain,R_random,truthfulqa
pairs_arith_v2.csv,897,arithmetic,gsm8k_test_0100,train,remove,C0_exact,gsm8k_copy
pairs_arith_v2.csv,898,arithmetic,gsm8k_test_0100,train,remove,C1_transformed,lmsys_rephrase
pairs_arith_v2.csv,899,arithmetic,gsm8k_test_0100,train,remove,C2_answer_bearing,gsm8k_solution_frag
pairs_arith_v2.csv,900,arithmetic,gsm8k_test_0100,train,remove,C1_transformed,gsmplus_problem_understanding
pairs_arith_v2.csv,901,arithmetic,gsm8k_test_0100,train,retain,H2_same_template,gsmplus_critical_thinking
pairs_arith_v2.csv,902,arithmetic,gsm8k_test_0100,train,retain,H1_same_topic,svamp
pairs_arith_v2.csv,903,arithmetic,gsm8k_test_0100,train,retain,H3_predating,asdiv
pairs_arith_v2.csv,904,arithmetic,gsm8k_test_0100,train,retain,R_random,truthfulqa
pairs_arith_v2.csv,905,arithmetic,gsm8k_test_0101,train,remove,C0_exact,gsm8k_copy
pairs_arith_v2.csv,906,arithmetic,gsm8k_test_0101,train,remove,C1_transformed,lmsys_rephrase
pairs_arith_v2.csv,907,arithmetic,gsm8k_test_0101,train,remove,C2_answer_bearing,gsm8k_solution_frag
pairs_arith_v2.csv,908,arithmetic,gsm8k_test_0101,train,retain,H2_same_template,gsmplus_numerical_substitution
pairs_arith_v2.csv,909,arithmetic,gsm8k_test_0101,train,remove,C1_transformed,gsmplus_problem_understanding
pairs_arith_v2.csv,910,arithmetic,gsm8k_test_0101,train,retain,H2_same_template,gsmplus_critical_thinking
pairs_arith_v2.csv,911,arithmetic,gsm8k_test_0101,train,retain,H1_same_topic,svamp
pairs_arith_v2.csv,912,arithmetic,gsm8k_test_0101,train,retain,H3_predating,asdiv
pairs_arith_v2.csv,913,arithmetic,gsm8k_test_0101,train,retain,R_random,truthfulqa
pairs_arith_v2.csv,914,arithmetic,gsm8k_test_0102,train,remove,C0_exact,gsm8k_copy
pairs_arith_v2.csv,915,arithmetic,gsm8k_test_0102,train,remove,C1_transformed,lmsys_rephrase
pairs_arith_v2.csv,916,arithmetic,gsm8k_test_0102,train,remove,C2_answer_bearing,gsm8k_solution_frag
pairs_arith_v2.csv,917,arithmetic,gsm8k_test_0102,train,retain,H2_same_template,gsmplus_numerical_substitution
pairs_arith_v2.csv,918,arithmetic,gsm8k_test_0102,train,remove,C1_transformed,gsmplus_problem_understanding
pairs_arith_v2.csv,919,arithmetic,gsm8k_test_0102,train,retain,H2_same_template,gsmplus_critical_thinking
pairs_arith_v2.csv,920,arithmetic,gsm8k_test_0102,train,retain,H1_same_topic,svamp
pairs_arith_v2.csv,921,arithmetic,gsm8k_test_0102,train,retain,H3_predating,asdiv
pairs_arith_v2.csv,922,arithmetic,gsm8k_test_0102,train,retain,R_random,truthfulqa
pairs_arith_v2.csv,923,arithmetic,gsm8k_test_0103,train,remove,C0_exact,gsm8k_copy
pairs_arith_v2.csv,924,arithmetic,gsm8k_test_0103,train,remove,C1_transformed,lmsys_rephrase
pairs_arith_v2.csv,925,arithmetic,gsm8k_test_0103,train,remove,C2_answer_bearing,gsm8k_solution_frag
pairs_arith_v2.csv,926,arithmetic,gsm8k_test_0103,train,retain,H2_same_template,gsmplus_numerical_substitution
pairs_arith_v2.csv,927,arithmetic,gsm8k_test_0103,train,remove,C1_transformed,gsmplus_problem_understanding
pairs_arith_v2.csv,928,arithmetic,gsm8k_test_0103,train,retain,H2_same_template,gsmplus_critical_thinking
pairs_arith_v2.csv,929,arithmetic,gsm8k_test_0103,train,retain,H1_same_topic,svamp
pairs_arith_v2.csv,930,arithmetic,gsm8k_test_0103,train,retain,H3_predating,asdiv
pairs_arith_v2.csv,931,arithmetic,gsm8k_test_0103,train,retain,R_random,truthfulqa
pairs_arith_v2.csv,977,arithmetic,gsm8k_test_0109,train,remove,C0_exact,gsm8k_copy
pairs_arith_v2.csv,978,arithmetic,gsm8k_test_0109,train,remove,C1_transformed,lmsys_rephrase
pairs_arith_v2.csv,979,arithmetic,gsm8k_test_0109,train,remove,C2_answer_bearing,gsm8k_solution_frag
pairs_arith_v2.csv,980,arithmetic,gsm8k_test_0109,train,retain,H2_same_template,gsmplus_numerical_substitution
pairs_arith_v2.csv,981,arithmetic,gsm8k_test_0109,train,remove,C1_transformed,gsmplus_problem_understanding
pairs_arith_v2.csv,982,arithmetic,gsm8k_test_0109,train,retain,H2_same_template,gsmplus_critical_thinking
pairs_arith_v2.csv,983,arithmetic,gsm8k_test_0109,train,retain,H1_same_topic,svamp
pairs_arith_v2.csv,984,arithmetic,gsm8k_test_0109,train,retain,H3_predating,asdiv
pairs_arith_v2.csv,985,arithmetic,gsm8k_test_0109,train,retain,R_random,truthfulqa
pairs_arith_v2.csv,1004,arithmetic,gsm8k_test_0112,train,remove,C0_exact,gsm8k_copy
pairs_arith_v2.csv,1005,arithmetic,gsm8k_test_0112,train,remove,C1_transformed,lmsys_rephrase
pairs_arith_v2.csv,1006,arithmetic,gsm8k_test_0112,train,remove,C2_answer_bearing,gsm8k_solution_frag
pairs_arith_v2.csv,1007,arithmetic,gsm8k_test_0112,train,retain,H2_same_template,gsmplus_numerical_substitution
pairs_arith_v2.csv,1008,arithmetic,gsm8k_test_0112,train,remove,C1_transformed,gsmplus_problem_understanding
pairs_arith_v2.csv,1009,arithmetic,gsm8k_test_0112,train,retain,H2_same_template,gsmplus_critical_thinking
pairs_arith_v2.csv,1010,arithmetic,gsm8k_test_0112,train,retain,H1_same_topic,svamp
pairs_arith_v2.csv,1011,arithmetic,gsm8k_test_0112,train,retain,H3_predating,asdiv
pairs_arith_v2.csv,1012,arithmetic,gsm8k_test_0112,train,retain,R_random,truthfulqa
pairs_arith_v2.csv,1022,arithmetic,gsm8k_test_0114,train,remove,C0_exact,gsm8k_copy
pairs_arith_v2.csv,1023,arithmetic,gsm8k_test_0114,train,remove,C1_transformed,lmsys_rephrase
pairs_arith_v2.csv,1024,arithmetic,gsm8k_test_0114,train,remove,C2_answer_bearing,gsm8k_solution_frag
pairs_arith_v2.csv,1025,arithmetic,gsm8k_test_0114,train,retain,H2_same_template,gsmplus_numerical_substitution
pairs_arith_v2.csv,1026,arithmetic,gsm8k_test_0114,train,remove,C1_transformed,gsmplus_problem_understanding
pairs_arith_v2.csv,1027,arithmetic,gsm8k_test_0114,train,retain,H2_same_template,gsmplus_critical_thinking
pairs_arith_v2.csv,1028,arithmetic,gsm8k_test_0114,train,retain,H1_same_topic,svamp
pairs_arith_v2.csv,1029,arithmetic,gsm8k_test_0114,train,retain,H3_predating,asdiv
pairs_arith_v2.csv,1030,arithmetic,gsm8k_test_0114,train,retain,R_random,truthfulqa
pairs_arith_v2.csv,1085,arithmetic,gsm8k_test_0121,train,remove,C0_exact,gsm8k_copy
pairs_arith_v2.csv,1086,arithmetic,gsm8k_test_0121,train,remove,C1_transformed,lmsys_rephrase
pairs_arith_v2.csv,1087,arithmetic,gsm8k_test_0121,train,remove,C2_answer_bearing,gsm8k_solution_frag
pairs_arith_v2.csv,1088,arithmetic,gsm8k_test_0121,train,retain,H2_same_template,gsmplus_numerical_substitution
pairs_arith_v2.csv,1089,arithmetic,gsm8k_test_0121,train,remove,C1_transformed,gsmplus_problem_understanding
pairs_arith_v2.csv,1090,arithmetic,gsm8k_test_0121,train,retain,H2_same_template,gsmplus_critical_thinking
pairs_arith_v2.csv,1091,arithmetic,gsm8k_test_0121,train,retain,H1_same_topic,svamp
pairs_arith_v2.csv,1092,arithmetic,gsm8k_test_0121,train,retain,H3_predating,asdiv
pairs_arith_v2.csv,1093,arithmetic,gsm8k_test_0121,train,retain,R_random,truthfulqa
pairs_arith_v2.csv,1120,arithmetic,gsm8k_test_0125,train,remove,C0_exact,gsm8k_copy
pairs_arith_v2.csv,1121,arithmetic,gsm8k_test_0125,train,remove,C1_transformed,lmsys_rephrase
pairs_arith_v2.csv,1122,arithmetic,gsm8k_test_0125,train,remove,C2_answer_bearing,gsm8k_solution_frag
pairs_arith_v2.csv,1123,arithmetic,gsm8k_test_0125,train,retain,H2_same_template,gsmplus_numerical_substitution
pairs_arith_v2.csv,1124,arithmetic,gsm8k_test_0125,train,remove,C1_transformed,gsmplus_problem_understanding
pairs_arith_v2.csv,1125,arithmetic,gsm8k_test_0125,train,retain,H2_same_template,gsmplus_critical_thinking
pairs_arith_v2.csv,1126,arithmetic,gsm8k_test_0125,train,retain,H1_same_topic,svamp
pairs_arith_v2.csv,1127,arithmetic,gsm8k_test_0125,train,retain,H3_predating,asdiv
pairs_arith_v2.csv,1128,arithmetic,gsm8k_test_0125,train,retain,R_random,truthfulqa
pairs_arith_v2.csv,1138,arithmetic,gsm8k_test_0127,train,remove,C0_exact,gsm8k_copy
pairs_arith_v2.csv,1139,arithmetic,gsm8k_test_0127,train,remove,C1_transformed,lmsys_rephrase
pairs_arith_v2.csv,1140,arithmetic,gsm8k_test_0127,train,remove,C2_answer_bearing,gsm8k_solution_frag
pairs_arith_v2.csv,1141,arithmetic,gsm8k_test_0127,train,retain,H2_same_template,gsmplus_numerical_substitution
pairs_arith_v2.csv,1142,arithmetic,gsm8k_test_0127,train,remove,C1_transformed,gsmplus_problem_understanding
pairs_arith_v2.csv,1143,arithmetic,gsm8k_test_0127,train,retain,H2_same_template,gsmplus_critical_thinking
pairs_arith_v2.csv,1144,arithmetic,gsm8k_test_0127,train,retain,H1_same_topic,svamp
pairs_arith_v2.csv,1145,arithmetic,gsm8k_test_0127,train,retain,H3_predating,asdiv
pairs_arith_v2.csv,1146,arithmetic,gsm8k_test_0127,train,retain,R_random,truthfulqa
pairs_arith_v2.csv,1156,arithmetic,gsm8k_test_0129,train,remove,C0_exact,gsm8k_copy
pairs_arith_v2.csv,1157,arithmetic,gsm8k_test_0129,train,remove,C1_transformed,lmsys_rephrase
pairs_arith_v2.csv,1158,arithmetic,gsm8k_test_0129,train,remove,C2_answer_bearing,gsm8k_solution_frag
pairs_arith_v2.csv,1159,arithmetic,gsm8k_test_0129,train,retain,H2_same_template,gsmplus_numerical_substitution
pairs_arith_v2.csv,1160,arithmetic,gsm8k_test_0129,train,remove,C1_transformed,gsmplus_problem_understanding
pairs_arith_v2.csv,1161,arithmetic,gsm8k_test_0129,train,retain,H2_same_template,gsmplus_critical_thinking
pairs_arith_v2.csv,1162,arithmetic,gsm8k_test_0129,train,retain,H1_same_topic,svamp
pairs_arith_v2.csv,1163,arithmetic,gsm8k_test_0129,train,retain,H3_predating,asdiv
pairs_arith_v2.csv,1164,arithmetic,gsm8k_test_0129,train,retain,R_random,truthfulqa
pairs_arith_v2.csv,1200,arithmetic,gsm8k_test_0134,train,remove,C0_exact,gsm8k_copy
pairs_arith_v2.csv,1201,arithmetic,gsm8k_test_0134,train,remove,C1_transformed,lmsys_rephrase
pairs_arith_v2.csv,1202,arithmetic,gsm8k_test_0134,train,remove,C2_answer_bearing,gsm8k_solution_frag
pairs_arith_v2.csv,1203,arithmetic,gsm8k_test_0134,train,remove,C1_transformed,gsmplus_problem_understanding
pairs_arith_v2.csv,1204,arithmetic,gsm8k_test_0134,train,retain,H2_same_template,gsmplus_critical_thinking
pairs_arith_v2.csv,1205,arithmetic,gsm8k_test_0134,train,retain,H1_same_topic,svamp
pairs_arith_v2.csv,1206,arithmetic,gsm8k_test_0134,train,retain,H3_predating,asdiv
pairs_arith_v2.csv,1207,arithmetic,gsm8k_test_0134,train,retain,R_random,truthfulqa
pairs_arith_v2.csv,1208,arithmetic,gsm8k_test_0135,train,remove,C0_exact,gsm8k_copy
pairs_arith_v2.csv,1209,arithmetic,gsm8k_test_0135,train,remove,C1_transformed,lmsys_rephrase
pairs_arith_v2.csv,1210,arithmetic,gsm8k_test_0135,train,remove,C2_answer_bearing,gsm8k_solution_frag
pairs_arith_v2.csv,1211,arithmetic,gsm8k_test_0135,train,retain,H2_same_template,gsmplus_numerical_substitution
pairs_arith_v2.csv,1212,arithmetic,gsm8k_test_0135,train,remove,C1_transformed,gsmplus_problem_understanding
pairs_arith_v2.csv,1213,arithmetic,gsm8k_test_0135,train,retain,H2_same_template,gsmplus_critical_thinking
pairs_arith_v2.csv,1214,arithmetic,gsm8k_test_0135,train,retain,H1_same_topic,svamp
pairs_arith_v2.csv,1215,arithmetic,gsm8k_test_0135,train,retain,H3_predating,asdiv
pairs_arith_v2.csv,1216,arithmetic,gsm8k_test_0135,train,retain,R_random,truthfulqa
pairs_arith_v2.csv,1217,arithmetic,gsm8k_test_0136,train,remove,C0_exact,gsm8k_copy
pairs_arith_v2.csv,1218,arithmetic,gsm8k_test_0136,train,remove,C1_transformed,lmsys_rephrase
pairs_arith_v2.csv,1219,arithmetic,gsm8k_test_0136,train,remove,C2_answer_bearing,gsm8k_solution_frag
pairs_arith_v2.csv,1220,arithmetic,gsm8k_test_0136,train,remove,C1_transformed,gsmplus_problem_understanding
pairs_arith_v2.csv,1221,arithmetic,gsm8k_test_0136,train,retain,H2_same_template,gsmplus_critical_thinking
pairs_arith_v2.csv,1222,arithmetic,gsm8k_test_0136,train,retain,H1_same_topic,svamp
pairs_arith_v2.csv,1223,arithmetic,gsm8k_test_0136,train,retain,H3_predating,asdiv
pairs_arith_v2.csv,1224,arithmetic,gsm8k_test_0136,train,retain,R_random,truthfulqa
pairs_arith_v2.csv,1225,arithmetic,gsm8k_test_0137,train,remove,C0_exact,gsm8k_copy
pairs_arith_v2.csv,1226,arithmetic,gsm8k_test_0137,train,remove,C1_transformed,lmsys_rephrase
pairs_arith_v2.csv,1227,arithmetic,gsm8k_test_0137,train,remove,C2_answer_bearing,gsm8k_solution_frag
pairs_arith_v2.csv,1228,arithmetic,gsm8k_test_0137,train,retain,H2_same_template,gsmplus_numerical_substitution
pairs_arith_v2.csv,1229,arithmetic,gsm8k_test_0137,train,remove,C1_transformed,gsmplus_problem_understanding
pairs_arith_v2.csv,1230,arithmetic,gsm8k_test_0137,train,retain,H2_same_template,gsmplus_critical_thinking
pairs_arith_v2.csv,1231,arithmetic,gsm8k_test_0137,train,retain,H1_same_topic,svamp
pairs_arith_v2.csv,1232,arithmetic,gsm8k_test_0137,train,retain,H3_predating,asdiv
pairs_arith_v2.csv,1233,arithmetic,gsm8k_test_0137,train,retain,R_random,truthfulqa
pairs_arith_v2.csv,1269,arithmetic,gsm8k_test_0142,train,remove,C0_exact,gsm8k_copy
pairs_arith_v2.csv,1270,arithmetic,gsm8k_test_0142,train,remove,C1_transformed,lmsys_rephrase
pairs_arith_v2.csv,1271,arithmetic,gsm8k_test_0142,train,remove,C2_answer_bearing,gsm8k_solution_frag
pairs_arith_v2.csv,1272,arithmetic,gsm8k_test_0142,train,retain,H2_same_template,gsmplus_numerical_substitution
pairs_arith_v2.csv,1273,arithmetic,gsm8k_test_0142,train,remove,C1_transformed,gsmplus_problem_understanding
pairs_arith_v2.csv,1274,arithmetic,gsm8k_test_0142,train,retain,H2_same_template,gsmplus_critical_thinking
pairs_arith_v2.csv,1275,arithmetic,gsm8k_test_0142,train,retain,H1_same_topic,svamp
pairs_arith_v2.csv,1276,arithmetic,gsm8k_test_0142,train,retain,H3_predating,asdiv
pairs_arith_v2.csv,1277,arithmetic,gsm8k_test_0142,train,retain,R_random,truthfulqa
pairs_arith_v2.csv,1278,arithmetic,gsm8k_test_0143,train,remove,C0_exact,gsm8k_copy
pairs_arith_v2.csv,1279,arithmetic,gsm8k_test_0143,train,remove,C1_transformed,lmsys_rephrase
pairs_arith_v2.csv,1280,arithmetic,gsm8k_test_0143,train,remove,C2_answer_bearing,gsm8k_solution_frag
pairs_arith_v2.csv,1281,arithmetic,gsm8k_test_0143,train,retain,H2_same_template,gsmplus_numerical_substitution
pairs_arith_v2.csv,1282,arithmetic,gsm8k_test_0143,train,remove,C1_transformed,gsmplus_problem_understanding
pairs_arith_v2.csv,1283,arithmetic,gsm8k_test_0143,train,retain,H2_same_template,gsmplus_critical_thinking
pairs_arith_v2.csv,1284,arithmetic,gsm8k_test_0143,train,retain,H1_same_topic,svamp
pairs_arith_v2.csv,1285,arithmetic,gsm8k_test_0143,train,retain,H3_predating,asdiv
pairs_arith_v2.csv,1286,arithmetic,gsm8k_test_0143,train,retain,R_random,truthfulqa
pairs_arith_v2.csv,1314,arithmetic,gsm8k_test_0147,train,remove,C0_exact,gsm8k_copy
pairs_arith_v2.csv,1315,arithmetic,gsm8k_test_0147,train,remove,C1_transformed,lmsys_rephrase
pairs_arith_v2.csv,1316,arithmetic,gsm8k_test_0147,train,remove,C2_answer_bearing,gsm8k_solution_frag
pairs_arith_v2.csv,1317,arithmetic,gsm8k_test_0147,train,retain,H2_same_template,gsmplus_numerical_substitution
pairs_arith_v2.csv,1318,arithmetic,gsm8k_test_0147,train,remove,C1_transformed,gsmplus_problem_understanding
pairs_arith_v2.csv,1319,arithmetic,gsm8k_test_0147,train,retain,H2_same_template,gsmplus_critical_thinking
pairs_arith_v2.csv,1320,arithmetic,gsm8k_test_0147,train,retain,H1_same_topic,svamp
pairs_arith_v2.csv,1321,arithmetic,gsm8k_test_0147,train,retain,H3_predating,asdiv
pairs_arith_v2.csv,1322,arithmetic,gsm8k_test_0147,train,retain,R_random,truthfulqa
pairs_arith_v2.csv,1331,arithmetic,gsm8k_test_0149,train,remove,C0_exact,gsm8k_copy
pairs_arith_v2.csv,1332,arithmetic,gsm8k_test_0149,train,remove,C1_transformed,lmsys_rephrase
pairs_arith_v2.csv,1333,arithmetic,gsm8k_test_0149,train,remove,C2_answer_bearing,gsm8k_solution_frag
pairs_arith_v2.csv,1334,arithmetic,gsm8k_test_0149,train,retain,H2_same_template,gsmplus_numerical_substitution
pairs_arith_v2.csv,1335,arithmetic,gsm8k_test_0149,train,remove,C1_transformed,gsmplus_problem_understanding
pairs_arith_v2.csv,1336,arithmetic,gsm8k_test_0149,train,retain,H2_same_template,gsmplus_critical_thinking
pairs_arith_v2.csv,1337,arithmetic,gsm8k_test_0149,train,retain,H1_same_topic,svamp
pairs_arith_v2.csv,1338,arithmetic,gsm8k_test_0149,train,retain,H3_predating,asdiv
pairs_arith_v2.csv,1339,arithmetic,gsm8k_test_0149,train,retain,R_random,truthfulqa
pairs_arith_v2.csv,1358,arithmetic,gsm8k_test_0152,train,remove,C0_exact,gsm8k_copy
pairs_arith_v2.csv,1359,arithmetic,gsm8k_test_0152,train,remove,C1_transformed,lmsys_rephrase
pairs_arith_v2.csv,1360,arithmetic,gsm8k_test_0152,train,remove,C2_answer_bearing,gsm8k_solution_frag
pairs_arith_v2.csv,1361,arithmetic,gsm8k_test_0152,train,retain,H2_same_template,gsmplus_numerical_substitution
pairs_arith_v2.csv,1362,arithmetic,gsm8k_test_0152,train,remove,C1_transformed,gsmplus_problem_understanding
pairs_arith_v2.csv,1363,arithmetic,gsm8k_test_0152,train,retain,H2_same_template,gsmplus_critical_thinking
pairs_arith_v2.csv,1364,arithmetic,gsm8k_test_0152,train,retain,H1_same_topic,svamp
pairs_arith_v2.csv,1365,arithmetic,gsm8k_test_0152,train,retain,H3_predating,asdiv
pairs_arith_v2.csv,1366,arithmetic,gsm8k_test_0152,train,retain,R_random,truthfulqa
pairs_arith_v2.csv,1376,arithmetic,gsm8k_test_0154,train,remove,C0_exact,gsm8k_copy
pairs_arith_v2.csv,1377,arithmetic,gsm8k_test_0154,train,remove,C1_transformed,lmsys_rephrase
pairs_arith_v2.csv,1378,arithmetic,gsm8k_test_0154,train,remove,C2_answer_bearing,gsm8k_solution_frag
pairs_arith_v2.csv,1379,arithmetic,gsm8k_test_0154,train,retain,H2_same_template,gsmplus_numerical_substitution
pairs_arith_v2.csv,1380,arithmetic,gsm8k_test_0154,train,remove,C1_transformed,gsmplus_problem_understanding
pairs_arith_v2.csv,1381,arithmetic,gsm8k_test_0154,train,retain,H2_same_template,gsmplus_critical_thinking
pairs_arith_v2.csv,1382,arithmetic,gsm8k_test_0154,train,retain,H1_same_topic,svamp
pairs_arith_v2.csv,1383,arithmetic,gsm8k_test_0154,train,retain,H3_predating,asdiv
pairs_arith_v2.csv,1384,arithmetic,gsm8k_test_0154,train,retain,R_random,truthfulqa
pairs_arith_v2.csv,1394,arithmetic,gsm8k_test_0156,train,remove,C0_exact,gsm8k_copy
pairs_arith_v2.csv,1395,arithmetic,gsm8k_test_0156,train,remove,C1_transformed,lmsys_rephrase
pairs_arith_v2.csv,1396,arithmetic,gsm8k_test_0156,train,remove,C2_answer_bearing,gsm8k_solution_frag
pairs_arith_v2.csv,1397,arithmetic,gsm8k_test_0156,train,retain,H2_same_template,gsmplus_numerical_substitution
pairs_arith_v2.csv,1398,arithmetic,gsm8k_test_0156,train,remove,C1_transformed,gsmplus_problem_understanding
pairs_arith_v2.csv,1399,arithmetic,gsm8k_test_0156,train,retain,H2_same_template,gsmplus_critical_thinking
pairs_arith_v2.csv,1400,arithmetic,gsm8k_test_0156,train,retain,H1_same_topic,svamp
pairs_arith_v2.csv,1401,arithmetic,gsm8k_test_0156,train,retain,H3_predating,asdiv
pairs_arith_v2.csv,1402,arithmetic,gsm8k_test_0156,train,retain,R_random,truthfulqa
pairs_arith_v2.csv,1412,arithmetic,gsm8k_test_0158,train,remove,C0_exact,gsm8k_copy
pairs_arith_v2.csv,1413,arithmetic,gsm8k_test_0158,train,remove,C1_transformed,lmsys_rephrase
pairs_arith_v2.csv,1414,arithmetic,gsm8k_test_0158,train,remove,C2_answer_bearing,gsm8k_solution_frag
pairs_arith_v2.csv,1415,arithmetic,gsm8k_test_0158,train,retain,H2_same_template,gsmplus_numerical_substitution
pairs_arith_v2.csv,1416,arithmetic,gsm8k_test_0158,train,remove,C1_transformed,gsmplus_problem_understanding
pairs_arith_v2.csv,1417,arithmetic,gsm8k_test_0158,train,retain,H2_same_template,gsmplus_critical_thinking
pairs_arith_v2.csv,1418,arithmetic,gsm8k_test_0158,train,retain,H1_same_topic,svamp
pairs_arith_v2.csv,1419,arithmetic,gsm8k_test_0158,train,retain,H3_predating,asdiv
pairs_arith_v2.csv,1420,arithmetic,gsm8k_test_0158,train,retain,R_random,truthfulqa
pairs_arith_v2.csv,1456,arithmetic,gsm8k_test_0163,train,remove,C0_exact,gsm8k_copy
pairs_arith_v2.csv,1457,arithmetic,gsm8k_test_0163,train,remove,C1_transformed,lmsys_rephrase
pairs_arith_v2.csv,1458,arithmetic,gsm8k_test_0163,train,remove,C2_answer_bearing,gsm8k_solution_frag
pairs_arith_v2.csv,1459,arithmetic,gsm8k_test_0163,train,retain,H2_same_template,gsmplus_numerical_substitution
pairs_arith_v2.csv,1460,arithmetic,gsm8k_test_0163,train,remove,C1_transformed,gsmplus_problem_understanding
pairs_arith_v2.csv,1461,arithmetic,gsm8k_test_0163,train,retain,H2_same_template,gsmplus_critical_thinking
pairs_arith_v2.csv,1462,arithmetic,gsm8k_test_0163,train,retain,H1_same_topic,svamp
pairs_arith_v2.csv,1463,arithmetic,gsm8k_test_0163,train,retain,H3_predating,asdiv
pairs_arith_v2.csv,1464,arithmetic,gsm8k_test_0163,train,retain,R_random,truthfulqa
pairs_arith_v2.csv,1465,arithmetic,gsm8k_test_0164,train,remove,C0_exact,gsm8k_copy
pairs_arith_v2.csv,1466,arithmetic,gsm8k_test_0164,train,remove,C1_transformed,lmsys_rephrase
pairs_arith_v2.csv,1467,arithmetic,gsm8k_test_0164,train,remove,C2_answer_bearing,gsm8k_solution_frag
pairs_arith_v2.csv,1468,arithmetic,gsm8k_test_0164,train,retain,H2_same_template,gsmplus_numerical_substitution
pairs_arith_v2.csv,1469,arithmetic,gsm8k_test_0164,train,remove,C1_transformed,gsmplus_problem_understanding
pairs_arith_v2.csv,1470,arithmetic,gsm8k_test_0164,train,retain,H2_same_template,gsmplus_critical_thinking
pairs_arith_v2.csv,1471,arithmetic,gsm8k_test_0164,train,retain,H1_same_topic,svamp
pairs_arith_v2.csv,1472,arithmetic,gsm8k_test_0164,train,retain,H3_predating,asdiv
pairs_arith_v2.csv,1473,arithmetic,gsm8k_test_0164,train,retain,R_random,truthfulqa
pairs_arith_v2.csv,1474,arithmetic,gsm8k_test_0165,train,remove,C0_exact,gsm8k_copy
pairs_arith_v2.csv,1475,arithmetic,gsm8k_test_0165,train,remove,C1_transformed,lmsys_rephrase
pairs_arith_v2.csv,1476,arithmetic,gsm8k_test_0165,train,remove,C2_answer_bearing,gsm8k_solution_frag
pairs_arith_v2.csv,1477,arithmetic,gsm8k_test_0165,train,retain,H2_same_template,gsmplus_numerical_substitution
pairs_arith_v2.csv,1478,arithmetic,gsm8k_test_0165,train,remove,C1_transformed,gsmplus_problem_understanding
pairs_arith_v2.csv,1479,arithmetic,gsm8k_test_0165,train,retain,H2_same_template,gsmplus_critical_thinking
pairs_arith_v2.csv,1480,arithmetic,gsm8k_test_0165,train,retain,H1_same_topic,svamp
pairs_arith_v2.csv,1481,arithmetic,gsm8k_test_0165,train,retain,H3_predating,asdiv
pairs_arith_v2.csv,1482,arithmetic,gsm8k_test_0165,train,retain,R_random,truthfulqa
pairs_arith_v2.csv,1483,arithmetic,gsm8k_test_0166,train,remove,C0_exact,gsm8k_copy
pairs_arith_v2.csv,1484,arithmetic,gsm8k_test_0166,train,remove,C1_transformed,lmsys_rephrase
pairs_arith_v2.csv,1485,arithmetic,gsm8k_test_0166,train,remove,C2_answer_bearing,gsm8k_solution_frag
pairs_arith_v2.csv,1486,arithmetic,gsm8k_test_0166,train,remove,C1_transformed,gsmplus_problem_understanding
pairs_arith_v2.csv,1487,arithmetic,gsm8k_test_0166,train,retain,H2_same_template,gsmplus_critical_thinking
pairs_arith_v2.csv,1488,arithmetic,gsm8k_test_0166,train,retain,H1_same_topic,svamp
pairs_arith_v2.csv,1489,arithmetic,gsm8k_test_0166,train,retain,H3_predating,asdiv
pairs_arith_v2.csv,1490,arithmetic,gsm8k_test_0166,train,retain,R_random,truthfulqa
pairs_arith_v2.csv,1518,arithmetic,gsm8k_test_0170,train,remove,C0_exact,gsm8k_copy
pairs_arith_v2.csv,1519,arithmetic,gsm8k_test_0170,train,remove,C1_transformed,lmsys_rephrase
pairs_arith_v2.csv,1520,arithmetic,gsm8k_test_0170,train,remove,C2_answer_bearing,gsm8k_solution_frag
pairs_arith_v2.csv,1521,arithmetic,gsm8k_test_0170,train,retain,H2_same_template,gsmplus_numerical_substitution
pairs_arith_v2.csv,1522,arithmetic,gsm8k_test_0170,train,remove,C1_transformed,gsmplus_problem_understanding
pairs_arith_v2.csv,1523,arithmetic,gsm8k_test_0170,train,retain,H2_same_template,gsmplus_critical_thinking
pairs_arith_v2.csv,1524,arithmetic,gsm8k_test_0170,train,retain,H1_same_topic,svamp
pairs_arith_v2.csv,1525,arithmetic,gsm8k_test_0170,train,retain,H3_predating,asdiv
pairs_arith_v2.csv,1526,arithmetic,gsm8k_test_0170,train,retain,R_random,truthfulqa
pairs_arith_v2.csv,1536,arithmetic,gsm8k_test_0172,train,remove,C0_exact,gsm8k_copy
pairs_arith_v2.csv,1537,arithmetic,gsm8k_test_0172,train,remove,C1_transformed,lmsys_rephrase
pairs_arith_v2.csv,1538,arithmetic,gsm8k_test_0172,train,remove,C2_answer_bearing,gsm8k_solution_frag
pairs_arith_v2.csv,1539,arithmetic,gsm8k_test_0172,train,retain,H2_same_template,gsmplus_numerical_substitution
pairs_arith_v2.csv,1540,arithmetic,gsm8k_test_0172,train,remove,C1_transformed,gsmplus_problem_understanding
pairs_arith_v2.csv,1541,arithmetic,gsm8k_test_0172,train,retain,H2_same_template,gsmplus_critical_thinking
pairs_arith_v2.csv,1542,arithmetic,gsm8k_test_0172,train,retain,H1_same_topic,svamp
pairs_arith_v2.csv,1543,arithmetic,gsm8k_test_0172,train,retain,H3_predating,asdiv
pairs_arith_v2.csv,1544,arithmetic,gsm8k_test_0172,train,retain,R_random,truthfulqa
pairs_arith_v2.csv,1554,arithmetic,gsm8k_test_0174,train,remove,C0_exact,gsm8k_copy
pairs_arith_v2.csv,1555,arithmetic,gsm8k_test_0174,train,remove,C1_transformed,lmsys_rephrase
pairs_arith_v2.csv,1556,arithmetic,gsm8k_test_0174,train,remove,C2_answer_bearing,gsm8k_solution_frag
pairs_arith_v2.csv,1557,arithmetic,gsm8k_test_0174,train,retain,H2_same_template,gsmplus_numerical_substitution
pairs_arith_v2.csv,1558,arithmetic,gsm8k_test_0174,train,remove,C1_transformed,gsmplus_problem_understanding
pairs_arith_v2.csv,1559,arithmetic,gsm8k_test_0174,train,retain,H2_same_template,gsmplus_critical_thinking
pairs_arith_v2.csv,1560,arithmetic,gsm8k_test_0174,train,retain,H1_same_topic,svamp
pairs_arith_v2.csv,1561,arithmetic,gsm8k_test_0174,train,retain,H3_predating,asdiv
pairs_arith_v2.csv,1562,arithmetic,gsm8k_test_0174,train,retain,R_random,truthfulqa
pairs_arith_v2.csv,1599,arithmetic,gsm8k_test_0179,train,remove,C0_exact,gsm8k_copy
pairs_arith_v2.csv,1600,arithmetic,gsm8k_test_0179,train,remove,C1_transformed,lmsys_rephrase
pairs_arith_v2.csv,1601,arithmetic,gsm8k_test_0179,train,remove,C2_answer_bearing,gsm8k_solution_frag
pairs_arith_v2.csv,1602,arithmetic,gsm8k_test_0179,train,retain,H2_same_template,gsmplus_numerical_substitution
pairs_arith_v2.csv,1603,arithmetic,gsm8k_test_0179,train,remove,C1_transformed,gsmplus_problem_understanding
pairs_arith_v2.csv,1604,arithmetic,gsm8k_test_0179,train,retain,H2_same_template,gsmplus_critical_thinking
pairs_arith_v2.csv,1605,arithmetic,gsm8k_test_0179,train,retain,H1_same_topic,svamp
pairs_arith_v2.csv,1606,arithmetic,gsm8k_test_0179,train,retain,H3_predating,asdiv
pairs_arith_v2.csv,1607,arithmetic,gsm8k_test_0179,train,retain,R_random,truthfulqa
pairs_arith_v2.csv,1608,arithmetic,gsm8k_test_0180,train,remove,C0_exact,gsm8k_copy
pairs_arith_v2.csv,1609,arithmetic,gsm8k_test_0180,train,remove,C1_transformed,lmsys_rephrase
pairs_arith_v2.csv,1610,arithmetic,gsm8k_test_0180,train,remove,C2_answer_bearing,gsm8k_solution_frag
pairs_arith_v2.csv,1611,arithmetic,gsm8k_test_0180,train,retain,H2_same_template,gsmplus_numerical_substitution
pairs_arith_v2.csv,1612,arithmetic,gsm8k_test_0180,train,remove,C1_transformed,gsmplus_problem_understanding
pairs_arith_v2.csv,1613,arithmetic,gsm8k_test_0180,train,retain,H2_same_template,gsmplus_critical_thinking
pairs_arith_v2.csv,1614,arithmetic,gsm8k_test_0180,train,retain,H1_same_topic,svamp
pairs_arith_v2.csv,1615,arithmetic,gsm8k_test_0180,train,retain,H3_predating,asdiv
pairs_arith_v2.csv,1616,arithmetic,gsm8k_test_0180,train,retain,R_random,truthfulqa
pairs_arith_v2.csv,1671,arithmetic,gsm8k_test_0187,train,remove,C0_exact,gsm8k_copy
pairs_arith_v2.csv,1672,arithmetic,gsm8k_test_0187,train,remove,C1_transformed,lmsys_rephrase
pairs_arith_v2.csv,1673,arithmetic,gsm8k_test_0187,train,remove,C2_answer_bearing,gsm8k_solution_frag
pairs_arith_v2.csv,1674,arithmetic,gsm8k_test_0187,train,retain,H2_same_template,gsmplus_numerical_substitution
pairs_arith_v2.csv,1675,arithmetic,gsm8k_test_0187,train,remove,C1_transformed,gsmplus_problem_understanding
pairs_arith_v2.csv,1676,arithmetic,gsm8k_test_0187,train,retain,H2_same_template,gsmplus_critical_thinking
pairs_arith_v2.csv,1677,arithmetic,gsm8k_test_0187,train,retain,H1_same_topic,svamp
pairs_arith_v2.csv,1678,arithmetic,gsm8k_test_0187,train,retain,H3_predating,asdiv
pairs_arith_v2.csv,1679,arithmetic,gsm8k_test_0187,train,retain,R_random,truthfulqa
pairs_arith_v2.csv,1688,arithmetic,gsm8k_test_0189,train,remove,C0_exact,gsm8k_copy
pairs_arith_v2.csv,1689,arithmetic,gsm8k_test_0189,train,remove,C1_transformed,lmsys_rephrase
pairs_arith_v2.csv,1690,arithmetic,gsm8k_test_0189,train,remove,C2_answer_bearing,gsm8k_solution_frag
pairs_arith_v2.csv,1691,arithmetic,gsm8k_test_0189,train,retain,H2_same_template,gsmplus_numerical_substitution
pairs_arith_v2.csv,1692,arithmetic,gsm8k_test_0189,train,remove,C1_transformed,gsmplus_problem_understanding
pairs_arith_v2.csv,1693,arithmetic,gsm8k_test_0189,train,retain,H2_same_template,gsmplus_critical_thinking
pairs_arith_v2.csv,1694,arithmetic,gsm8k_test_0189,train,retain,H1_same_topic,svamp
pairs_arith_v2.csv,1695,arithmetic,gsm8k_test_0189,train,retain,H3_predating,asdiv
pairs_arith_v2.csv,1696,arithmetic,gsm8k_test_0189,train,retain,R_random,truthfulqa
pairs_arith_v2.csv,1742,arithmetic,gsm8k_test_0195,train,remove,C0_exact,gsm8k_copy
pairs_arith_v2.csv,1743,arithmetic,gsm8k_test_0195,train,remove,C1_transformed,lmsys_rephrase
pairs_arith_v2.csv,1744,arithmetic,gsm8k_test_0195,train,remove,C2_answer_bearing,gsm8k_solution_frag
pairs_arith_v2.csv,1745,arithmetic,gsm8k_test_0195,train,retain,H2_same_template,gsmplus_numerical_substitution
pairs_arith_v2.csv,1746,arithmetic,gsm8k_test_0195,train,remove,C1_transformed,gsmplus_problem_understanding
pairs_arith_v2.csv,1747,arithmetic,gsm8k_test_0195,train,retain,H2_same_template,gsmplus_critical_thinking
pairs_arith_v2.csv,1748,arithmetic,gsm8k_test_0195,train,retain,H1_same_topic,svamp
pairs_arith_v2.csv,1749,arithmetic,gsm8k_test_0195,train,retain,H3_predating,asdiv
pairs_arith_v2.csv,1750,arithmetic,gsm8k_test_0195,train,retain,R_random,truthfulqa
pairs_arith_v2.csv,1759,arithmetic,gsm8k_test_0197,train,remove,C0_exact,gsm8k_copy
pairs_arith_v2.csv,1760,arithmetic,gsm8k_test_0197,train,remove,C1_transformed,lmsys_rephrase
pairs_arith_v2.csv,1761,arithmetic,gsm8k_test_0197,train,remove,C2_answer_bearing,gsm8k_solution_frag
pairs_arith_v2.csv,1762,arithmetic,gsm8k_test_0197,train,retain,H2_same_template,gsmplus_numerical_substitution
pairs_arith_v2.csv,1763,arithmetic,gsm8k_test_0197,train,remove,C1_transformed,gsmplus_problem_understanding
pairs_arith_v2.csv,1764,arithmetic,gsm8k_test_0197,train,retain,H2_same_template,gsmplus_critical_thinking
pairs_arith_v2.csv,1765,arithmetic,gsm8k_test_0197,train,retain,H1_same_topic,svamp
pairs_arith_v2.csv,1766,arithmetic,gsm8k_test_0197,train,retain,H3_predating,asdiv
pairs_arith_v2.csv,1767,arithmetic,gsm8k_test_0197,train,retain,R_random,truthfulqa
pairs_arith_v2.csv,1777,arithmetic,gsm8k_test_0199,train,remove,C0_exact,gsm8k_copy
pairs_arith_v2.csv,1778,arithmetic,gsm8k_test_0199,train,remove,C1_transformed,lmsys_rephrase
pairs_arith_v2.csv,1779,arithmetic,gsm8k_test_0199,train,remove,C2_answer_bearing,gsm8k_solution_frag
pairs_arith_v2.csv,1780,arithmetic,gsm8k_test_0199,train,retain,H2_same_template,gsmplus_numerical_substitution
pairs_arith_v2.csv,1781,arithmetic,gsm8k_test_0199,train,remove,C1_transformed,gsmplus_problem_understanding
pairs_arith_v2.csv,1782,arithmetic,gsm8k_test_0199,train,retain,H2_same_template,gsmplus_critical_thinking
pairs_arith_v2.csv,1783,arithmetic,gsm8k_test_0199,train,retain,H1_same_topic,svamp
pairs_arith_v2.csv,1784,arithmetic,gsm8k_test_0199,train,retain,H3_predating,asdiv
pairs_arith_v2.csv,1785,arithmetic,gsm8k_test_0199,train,retain,R_random,truthfulqa
pairs_arith_v2.csv,1786,arithmetic,gsm8k_test_0200,train,remove,C0_exact,gsm8k_copy
pairs_arith_v2.csv,1787,arithmetic,gsm8k_test_0200,train,remove,C1_transformed,lmsys_rephrase
pairs_arith_v2.csv,1788,arithmetic,gsm8k_test_0200,train,remove,C2_answer_bearing,gsm8k_solution_frag
pairs_arith_v2.csv,1789,arithmetic,gsm8k_test_0200,train,retain,H2_same_template,gsmplus_numerical_substitution
pairs_arith_v2.csv,1790,arithmetic,gsm8k_test_0200,train,remove,C1_transformed,gsmplus_problem_understanding
pairs_arith_v2.csv,1791,arithmetic,gsm8k_test_0200,train,retain,H2_same_template,gsmplus_critical_thinking
pairs_arith_v2.csv,1792,arithmetic,gsm8k_test_0200,train,retain,H1_same_topic,svamp
pairs_arith_v2.csv,1793,arithmetic,gsm8k_test_0200,train,retain,H3_predating,asdiv
pairs_arith_v2.csv,1794,arithmetic,gsm8k_test_0200,train,retain,R_random,truthfulqa
pairs_arith_v2.csv,1795,arithmetic,gsm8k_test_0201,train,remove,C0_exact,gsm8k_copy
pairs_arith_v2.csv,1796,arithmetic,gsm8k_test_0201,train,remove,C1_transformed,lmsys_rephrase
pairs_arith_v2.csv,1797,arithmetic,gsm8k_test_0201,train,remove,C2_answer_bearing,gsm8k_solution_frag
pairs_arith_v2.csv,1798,arithmetic,gsm8k_test_0201,train,retain,H2_same_template,gsmplus_numerical_substitution
pairs_arith_v2.csv,1799,arithmetic,gsm8k_test_0201,train,remove,C1_transformed,gsmplus_problem_understanding
pairs_arith_v2.csv,1800,arithmetic,gsm8k_test_0201,train,retain,H2_same_template,gsmplus_critical_thinking
pairs_arith_v2.csv,1801,arithmetic,gsm8k_test_0201,train,retain,H1_same_topic,svamp
pairs_arith_v2.csv,1802,arithmetic,gsm8k_test_0201,train,retain,H3_predating,asdiv
pairs_arith_v2.csv,1803,arithmetic,gsm8k_test_0201,train,retain,R_random,truthfulqa
pairs_arith_v2.csv,1804,arithmetic,gsm8k_test_0202,train,remove,C0_exact,gsm8k_copy
pairs_arith_v2.csv,1805,arithmetic,gsm8k_test_0202,train,remove,C1_transformed,lmsys_rephrase
pairs_arith_v2.csv,1806,arithmetic,gsm8k_test_0202,train,remove,C2_answer_bearing,gsm8k_solution_frag
pairs_arith_v2.csv,1807,arithmetic,gsm8k_test_0202,train,retain,H2_same_template,gsmplus_numerical_substitution
pairs_arith_v2.csv,1808,arithmetic,gsm8k_test_0202,train,remove,C1_transformed,gsmplus_problem_understanding
pairs_arith_v2.csv,1809,arithmetic,gsm8k_test_0202,train,retain,H2_same_template,gsmplus_critical_thinking
pairs_arith_v2.csv,1810,arithmetic,gsm8k_test_0202,train,retain,H1_same_topic,svamp
pairs_arith_v2.csv,1811,arithmetic,gsm8k_test_0202,train,retain,H3_predating,asdiv
pairs_arith_v2.csv,1812,arithmetic,gsm8k_test_0202,train,retain,R_random,truthfulqa
pairs_arith_v2.csv,1813,arithmetic,gsm8k_test_0203,train,remove,C0_exact,gsm8k_copy
pairs_arith_v2.csv,1814,arithmetic,gsm8k_test_0203,train,remove,C1_transformed,lmsys_rephrase
pairs_arith_v2.csv,1815,arithmetic,gsm8k_test_0203,train,remove,C2_answer_bearing,gsm8k_solution_frag
pairs_arith_v2.csv,1816,arithmetic,gsm8k_test_0203,train,retain,H2_same_template,gsmplus_numerical_substitution
pairs_arith_v2.csv,1817,arithmetic,gsm8k_test_0203,train,remove,C1_transformed,gsmplus_problem_understanding
pairs_arith_v2.csv,1818,arithmetic,gsm8k_test_0203,train,retain,H2_same_template,gsmplus_critical_thinking
pairs_arith_v2.csv,1819,arithmetic,gsm8k_test_0203,train,retain,H1_same_topic,svamp
pairs_arith_v2.csv,1820,arithmetic,gsm8k_test_0203,train,retain,H3_predating,asdiv
pairs_arith_v2.csv,1821,arithmetic,gsm8k_test_0203,train,retain,R_random,truthfulqa
pairs_arith_v2.csv,1858,arithmetic,gsm8k_test_0208,train,remove,C0_exact,gsm8k_copy
pairs_arith_v2.csv,1859,arithmetic,gsm8k_test_0208,train,remove,C1_transformed,lmsys_rephrase
pairs_arith_v2.csv,1860,arithmetic,gsm8k_test_0208,train,remove,C2_answer_bearing,gsm8k_solution_frag
pairs_arith_v2.csv,1861,arithmetic,gsm8k_test_0208,train,retain,H2_same_template,gsmplus_numerical_substitution
pairs_arith_v2.csv,1862,arithmetic,gsm8k_test_0208,train,remove,C1_transformed,gsmplus_problem_understanding
pairs_arith_v2.csv,1863,arithmetic,gsm8k_test_0208,train,retain,H2_same_template,gsmplus_critical_thinking
pairs_arith_v2.csv,1864,arithmetic,gsm8k_test_0208,train,retain,H1_same_topic,svamp
pairs_arith_v2.csv,1865,arithmetic,gsm8k_test_0208,train,retain,H3_predating,asdiv
pairs_arith_v2.csv,1866,arithmetic,gsm8k_test_0208,train,retain,R_random,truthfulqa
pairs_arith_v2.csv,1876,arithmetic,gsm8k_test_0210,train,remove,C0_exact,gsm8k_copy
pairs_arith_v2.csv,1877,arithmetic,gsm8k_test_0210,train,remove,C1_transformed,lmsys_rephrase
pairs_arith_v2.csv,1878,arithmetic,gsm8k_test_0210,train,remove,C2_answer_bearing,gsm8k_solution_frag
pairs_arith_v2.csv,1879,arithmetic,gsm8k_test_0210,train,retain,H2_same_template,gsmplus_numerical_substitution
pairs_arith_v2.csv,1880,arithmetic,gsm8k_test_0210,train,remove,C1_transformed,gsmplus_problem_understanding
pairs_arith_v2.csv,1881,arithmetic,gsm8k_test_0210,train,retain,H2_same_template,gsmplus_critical_thinking
pairs_arith_v2.csv,1882,arithmetic,gsm8k_test_0210,train,retain,H1_same_topic,svamp
pairs_arith_v2.csv,1883,arithmetic,gsm8k_test_0210,train,retain,H3_predating,asdiv
pairs_arith_v2.csv,1884,arithmetic,gsm8k_test_0210,train,retain,R_random,truthfulqa
pairs_arith_v2.csv,1885,arithmetic,gsm8k_test_0211,train,remove,C0_exact,gsm8k_copy
pairs_arith_v2.csv,1886,arithmetic,gsm8k_test_0211,train,remove,C1_transformed,lmsys_rephrase
pairs_arith_v2.csv,1887,arithmetic,gsm8k_test_0211,train,remove,C2_answer_bearing,gsm8k_solution_frag
pairs_arith_v2.csv,1888,arithmetic,gsm8k_test_0211,train,remove,C1_transformed,gsmplus_problem_understanding
pairs_arith_v2.csv,1889,arithmetic,gsm8k_test_0211,train,retain,H2_same_template,gsmplus_critical_thinking
pairs_arith_v2.csv,1890,arithmetic,gsm8k_test_0211,train,retain,H1_same_topic,svamp
pairs_arith_v2.csv,1891,arithmetic,gsm8k_test_0211,train,retain,H3_predating,asdiv
pairs_arith_v2.csv,1892,arithmetic,gsm8k_test_0211,train,retain,R_random,truthfulqa
pairs_arith_v2.csv,1920,arithmetic,gsm8k_test_0215,train,remove,C0_exact,gsm8k_copy
pairs_arith_v2.csv,1921,arithmetic,gsm8k_test_0215,train,remove,C1_transformed,lmsys_rephrase
pairs_arith_v2.csv,1922,arithmetic,gsm8k_test_0215,train,remove,C2_answer_bearing,gsm8k_solution_frag
pairs_arith_v2.csv,1923,arithmetic,gsm8k_test_0215,train,retain,H2_same_template,gsmplus_numerical_substitution
pairs_arith_v2.csv,1924,arithmetic,gsm8k_test_0215,train,remove,C1_transformed,gsmplus_problem_understanding
pairs_arith_v2.csv,1925,arithmetic,gsm8k_test_0215,train,retain,H2_same_template,gsmplus_critical_thinking
pairs_arith_v2.csv,1926,arithmetic,gsm8k_test_0215,train,retain,H1_same_topic,svamp
pairs_arith_v2.csv,1927,arithmetic,gsm8k_test_0215,train,retain,H3_predating,asdiv
pairs_arith_v2.csv,1928,arithmetic,gsm8k_test_0215,train,retain,R_random,truthfulqa
pairs_arith_v2.csv,1929,arithmetic,gsm8k_test_0216,train,remove,C0_exact,gsm8k_copy
pairs_arith_v2.csv,1930,arithmetic,gsm8k_test_0216,train,remove,C1_transformed,lmsys_rephrase
pairs_arith_v2.csv,1931,arithmetic,gsm8k_test_0216,train,remove,C2_answer_bearing,gsm8k_solution_frag
pairs_arith_v2.csv,1932,arithmetic,gsm8k_test_0216,train,retain,H2_same_template,gsmplus_numerical_substitution
pairs_arith_v2.csv,1933,arithmetic,gsm8k_test_0216,train,remove,C1_transformed,gsmplus_problem_understanding
pairs_arith_v2.csv,1934,arithmetic,gsm8k_test_0216,train,retain,H2_same_template,gsmplus_critical_thinking
pairs_arith_v2.csv,1935,arithmetic,gsm8k_test_0216,train,retain,H1_same_topic,svamp
pairs_arith_v2.csv,1936,arithmetic,gsm8k_test_0216,train,retain,H3_predating,asdiv
pairs_arith_v2.csv,1937,arithmetic,gsm8k_test_0216,train,retain,R_random,truthfulqa
pairs_arith_v2.csv,1938,arithmetic,gsm8k_test_0217,train,remove,C0_exact,gsm8k_copy
pairs_arith_v2.csv,1939,arithmetic,gsm8k_test_0217,train,remove,C1_transformed,lmsys_rephrase
pairs_arith_v2.csv,1940,arithmetic,gsm8k_test_0217,train,remove,C2_answer_bearing,gsm8k_solution_frag
pairs_arith_v2.csv,1941,arithmetic,gsm8k_test_0217,train,retain,H2_same_template,gsmplus_numerical_substitution
pairs_arith_v2.csv,1942,arithmetic,gsm8k_test_0217,train,remove,C1_transformed,gsmplus_problem_understanding
pairs_arith_v2.csv,1943,arithmetic,gsm8k_test_0217,train,retain,H2_same_template,gsmplus_critical_thinking
pairs_arith_v2.csv,1944,arithmetic,gsm8k_test_0217,train,retain,H1_same_topic,svamp
pairs_arith_v2.csv,1945,arithmetic,gsm8k_test_0217,train,retain,H3_predating,asdiv
pairs_arith_v2.csv,1946,arithmetic,gsm8k_test_0217,train,retain,R_random,truthfulqa
pairs_arith_v2.csv,1947,arithmetic,gsm8k_test_0218,train,remove,C0_exact,gsm8k_copy
pairs_arith_v2.csv,1948,arithmetic,gsm8k_test_0218,train,remove,C1_transformed,lmsys_rephrase
pairs_arith_v2.csv,1949,arithmetic,gsm8k_test_0218,train,remove,C2_answer_bearing,gsm8k_solution_frag
pairs_arith_v2.csv,1950,arithmetic,gsm8k_test_0218,train,retain,H2_same_template,gsmplus_numerical_substitution
pairs_arith_v2.csv,1951,arithmetic,gsm8k_test_0218,train,remove,C1_transformed,gsmplus_problem_understanding
pairs_arith_v2.csv,1952,arithmetic,gsm8k_test_0218,train,retain,H2_same_template,gsmplus_critical_thinking
pairs_arith_v2.csv,1953,arithmetic,gsm8k_test_0218,train,retain,H1_same_topic,svamp
pairs_arith_v2.csv,1954,arithmetic,gsm8k_test_0218,train,retain,H3_predating,asdiv
pairs_arith_v2.csv,1955,arithmetic,gsm8k_test_0218,train,retain,R_random,truthfulqa
pairs_arith_v2.csv,1956,arithmetic,gsm8k_test_0219,train,remove,C0_exact,gsm8k_copy
pairs_arith_v2.csv,1957,arithmetic,gsm8k_test_0219,train,remove,C1_transformed,lmsys_rephrase
pairs_arith_v2.csv,1958,arithmetic,gsm8k_test_0219,train,remove,C2_answer_bearing,gsm8k_solution_frag
pairs_arith_v2.csv,1959,arithmetic,gsm8k_test_0219,train,retain,H2_same_template,gsmplus_numerical_substitution
pairs_arith_v2.csv,1960,arithmetic,gsm8k_test_0219,train,remove,C1_transformed,gsmplus_problem_understanding
pairs_arith_v2.csv,1961,arithmetic,gsm8k_test_0219,train,retain,H2_same_template,gsmplus_critical_thinking
pairs_arith_v2.csv,1962,arithmetic,gsm8k_test_0219,train,retain,H1_same_topic,svamp
pairs_arith_v2.csv,1963,arithmetic,gsm8k_test_0219,train,retain,H3_predating,asdiv
pairs_arith_v2.csv,1964,arithmetic,gsm8k_test_0219,train,retain,R_random,truthfulqa
pairs_arith_v2.csv,1974,arithmetic,gsm8k_test_0221,train,remove,C0_exact,gsm8k_copy
pairs_arith_v2.csv,1975,arithmetic,gsm8k_test_0221,train,remove,C1_transformed,lmsys_rephrase
pairs_arith_v2.csv,1976,arithmetic,gsm8k_test_0221,train,remove,C2_answer_bearing,gsm8k_solution_frag
pairs_arith_v2.csv,1977,arithmetic,gsm8k_test_0221,train,retain,H2_same_template,gsmplus_numerical_substitution
pairs_arith_v2.csv,1978,arithmetic,gsm8k_test_0221,train,remove,C1_transformed,gsmplus_problem_understanding
pairs_arith_v2.csv,1979,arithmetic,gsm8k_test_0221,train,retain,H2_same_template,gsmplus_critical_thinking
pairs_arith_v2.csv,1980,arithmetic,gsm8k_test_0221,train,retain,H1_same_topic,svamp
pairs_arith_v2.csv,1981,arithmetic,gsm8k_test_0221,train,retain,H3_predating,asdiv
pairs_arith_v2.csv,1982,arithmetic,gsm8k_test_0221,train,retain,R_random,truthfulqa
pairs_arith_v2.csv,1983,arithmetic,gsm8k_test_0222,train,remove,C0_exact,gsm8k_copy
pairs_arith_v2.csv,1984,arithmetic,gsm8k_test_0222,train,remove,C1_transformed,lmsys_rephrase
pairs_arith_v2.csv,1985,arithmetic,gsm8k_test_0222,train,remove,C2_answer_bearing,gsm8k_solution_frag
pairs_arith_v2.csv,1986,arithmetic,gsm8k_test_0222,train,remove,C1_transformed,gsmplus_problem_understanding
pairs_arith_v2.csv,1987,arithmetic,gsm8k_test_0222,train,retain,H2_same_template,gsmplus_critical_thinking
pairs_arith_v2.csv,1988,arithmetic,gsm8k_test_0222,train,retain,H1_same_topic,svamp
pairs_arith_v2.csv,1989,arithmetic,gsm8k_test_0222,train,retain,H3_predating,asdiv
pairs_arith_v2.csv,1990,arithmetic,gsm8k_test_0222,train,retain,R_random,truthfulqa
pairs_arith_v2.csv,1991,arithmetic,gsm8k_test_0223,train,remove,C0_exact,gsm8k_copy
pairs_arith_v2.csv,1992,arithmetic,gsm8k_test_0223,train,remove,C1_transformed,lmsys_rephrase
pairs_arith_v2.csv,1993,arithmetic,gsm8k_test_0223,train,remove,C2_answer_bearing,gsm8k_solution_frag
pairs_arith_v2.csv,1994,arithmetic,gsm8k_test_0223,train,retain,H2_same_template,gsmplus_numerical_substitution
pairs_arith_v2.csv,1995,arithmetic,gsm8k_test_0223,train,remove,C1_transformed,gsmplus_problem_understanding
pairs_arith_v2.csv,1996,arithmetic,gsm8k_test_0223,train,retain,H2_same_template,gsmplus_critical_thinking
pairs_arith_v2.csv,1997,arithmetic,gsm8k_test_0223,train,retain,H1_same_topic,svamp
pairs_arith_v2.csv,1998,arithmetic,gsm8k_test_0223,train,retain,H3_predating,asdiv
pairs_arith_v2.csv,1999,arithmetic,gsm8k_test_0223,train,retain,R_random,truthfulqa
pairs_arith_v2.csv,2036,arithmetic,gsm8k_test_0228,train,remove,C0_exact,gsm8k_copy
pairs_arith_v2.csv,2037,arithmetic,gsm8k_test_0228,train,remove,C1_transformed,lmsys_rephrase
pairs_arith_v2.csv,2038,arithmetic,gsm8k_test_0228,train,remove,C2_answer_bearing,gsm8k_solution_frag
pairs_arith_v2.csv,2039,arithmetic,gsm8k_test_0228,train,remove,C1_transformed,gsmplus_problem_understanding
pairs_arith_v2.csv,2040,arithmetic,gsm8k_test_0228,train,retain,H2_same_template,gsmplus_critical_thinking
pairs_arith_v2.csv,2041,arithmetic,gsm8k_test_0228,train,retain,H1_same_topic,svamp
pairs_arith_v2.csv,2042,arithmetic,gsm8k_test_0228,train,retain,H3_predating,asdiv
pairs_arith_v2.csv,2043,arithmetic,gsm8k_test_0228,train,retain,R_random,truthfulqa
pairs_arith_v2.csv,2062,arithmetic,gsm8k_test_0231,train,remove,C0_exact,gsm8k_copy
pairs_arith_v2.csv,2063,arithmetic,gsm8k_test_0231,train,remove,C1_transformed,lmsys_rephrase
pairs_arith_v2.csv,2064,arithmetic,gsm8k_test_0231,train,remove,C2_answer_bearing,gsm8k_solution_frag
pairs_arith_v2.csv,2065,arithmetic,gsm8k_test_0231,train,retain,H2_same_template,gsmplus_numerical_substitution
pairs_arith_v2.csv,2066,arithmetic,gsm8k_test_0231,train,remove,C1_transformed,gsmplus_problem_understanding
pairs_arith_v2.csv,2067,arithmetic,gsm8k_test_0231,train,retain,H2_same_template,gsmplus_critical_thinking
pairs_arith_v2.csv,2068,arithmetic,gsm8k_test_0231,train,retain,H1_same_topic,svamp
pairs_arith_v2.csv,2069,arithmetic,gsm8k_test_0231,train,retain,H3_predating,asdiv
pairs_arith_v2.csv,2070,arithmetic,gsm8k_test_0231,train,retain,R_random,truthfulqa
pairs_arith_v2.csv,2106,arithmetic,gsm8k_test_0236,train,remove,C0_exact,gsm8k_copy
pairs_arith_v2.csv,2107,arithmetic,gsm8k_test_0236,train,remove,C1_transformed,lmsys_rephrase
pairs_arith_v2.csv,2108,arithmetic,gsm8k_test_0236,train,remove,C2_answer_bearing,gsm8k_solution_frag
pairs_arith_v2.csv,2109,arithmetic,gsm8k_test_0236,train,retain,H2_same_template,gsmplus_numerical_substitution
pairs_arith_v2.csv,2110,arithmetic,gsm8k_test_0236,train,remove,C1_transformed,gsmplus_problem_understanding
pairs_arith_v2.csv,2111,arithmetic,gsm8k_test_0236,train,retain,H2_same_template,gsmplus_critical_thinking
pairs_arith_v2.csv,2112,arithmetic,gsm8k_test_0236,train,retain,H1_same_topic,svamp
pairs_arith_v2.csv,2113,arithmetic,gsm8k_test_0236,train,retain,H3_predating,asdiv
pairs_arith_v2.csv,2114,arithmetic,gsm8k_test_0236,train,retain,R_random,truthfulqa
pairs_arith_v2.csv,2115,arithmetic,gsm8k_test_0237,train,remove,C0_exact,gsm8k_copy
pairs_arith_v2.csv,2116,arithmetic,gsm8k_test_0237,train,remove,C1_transformed,lmsys_rephrase
pairs_arith_v2.csv,2117,arithmetic,gsm8k_test_0237,train,remove,C2_answer_bearing,gsm8k_solution_frag
pairs_arith_v2.csv,2118,arithmetic,gsm8k_test_0237,train,remove,C1_transformed,gsmplus_problem_understanding
pairs_arith_v2.csv,2119,arithmetic,gsm8k_test_0237,train,retain,H2_same_template,gsmplus_critical_thinking
pairs_arith_v2.csv,2120,arithmetic,gsm8k_test_0237,train,retain,H1_same_topic,svamp
pairs_arith_v2.csv,2121,arithmetic,gsm8k_test_0237,train,retain,H3_predating,asdiv
pairs_arith_v2.csv,2122,arithmetic,gsm8k_test_0237,train,retain,R_random,truthfulqa
pairs_arith_v2.csv,2141,arithmetic,gsm8k_test_0240,train,remove,C0_exact,gsm8k_copy
pairs_arith_v2.csv,2142,arithmetic,gsm8k_test_0240,train,remove,C1_transformed,lmsys_rephrase
pairs_arith_v2.csv,2143,arithmetic,gsm8k_test_0240,train,remove,C2_answer_bearing,gsm8k_solution_frag
pairs_arith_v2.csv,2144,arithmetic,gsm8k_test_0240,train,retain,H2_same_template,gsmplus_numerical_substitution
pairs_arith_v2.csv,2145,arithmetic,gsm8k_test_0240,train,remove,C1_transformed,gsmplus_problem_understanding
pairs_arith_v2.csv,2146,arithmetic,gsm8k_test_0240,train,retain,H2_same_template,gsmplus_critical_thinking
pairs_arith_v2.csv,2147,arithmetic,gsm8k_test_0240,train,retain,H1_same_topic,svamp
pairs_arith_v2.csv,2148,arithmetic,gsm8k_test_0240,train,retain,H3_predating,asdiv
pairs_arith_v2.csv,2149,arithmetic,gsm8k_test_0240,train,retain,R_random,truthfulqa
pairs_arith_v2.csv,2150,arithmetic,gsm8k_test_0241,train,remove,C0_exact,gsm8k_copy
pairs_arith_v2.csv,2151,arithmetic,gsm8k_test_0241,train,remove,C1_transformed,lmsys_rephrase
pairs_arith_v2.csv,2152,arithmetic,gsm8k_test_0241,train,remove,C2_answer_bearing,gsm8k_solution_frag
pairs_arith_v2.csv,2153,arithmetic,gsm8k_test_0241,train,retain,H2_same_template,gsmplus_numerical_substitution
pairs_arith_v2.csv,2154,arithmetic,gsm8k_test_0241,train,remove,C1_transformed,gsmplus_problem_understanding
pairs_arith_v2.csv,2155,arithmetic,gsm8k_test_0241,train,retain,H2_same_template,gsmplus_critical_thinking
pairs_arith_v2.csv,2156,arithmetic,gsm8k_test_0241,train,retain,H1_same_topic,svamp
pairs_arith_v2.csv,2157,arithmetic,gsm8k_test_0241,train,retain,H3_predating,asdiv
pairs_arith_v2.csv,2158,arithmetic,gsm8k_test_0241,train,retain,R_random,truthfulqa
pairs_arith_v2.csv,2159,arithmetic,gsm8k_test_0242,train,remove,C0_exact,gsm8k_copy
pairs_arith_v2.csv,2160,arithmetic,gsm8k_test_0242,train,remove,C1_transformed,lmsys_rephrase
pairs_arith_v2.csv,2161,arithmetic,gsm8k_test_0242,train,remove,C2_answer_bearing,gsm8k_solution_frag
pairs_arith_v2.csv,2162,arithmetic,gsm8k_test_0242,train,retain,H2_same_template,gsmplus_numerical_substitution
pairs_arith_v2.csv,2163,arithmetic,gsm8k_test_0242,train,remove,C1_transformed,gsmplus_problem_understanding
pairs_arith_v2.csv,2164,arithmetic,gsm8k_test_0242,train,retain,H2_same_template,gsmplus_critical_thinking
pairs_arith_v2.csv,2165,arithmetic,gsm8k_test_0242,train,retain,H1_same_topic,svamp
pairs_arith_v2.csv,2166,arithmetic,gsm8k_test_0242,train,retain,H3_predating,asdiv
pairs_arith_v2.csv,2167,arithmetic,gsm8k_test_0242,train,retain,R_random,truthfulqa
pairs_arith_v2.csv,2168,arithmetic,gsm8k_test_0243,train,remove,C0_exact,gsm8k_copy
pairs_arith_v2.csv,2169,arithmetic,gsm8k_test_0243,train,remove,C1_transformed,lmsys_rephrase
pairs_arith_v2.csv,2170,arithmetic,gsm8k_test_0243,train,remove,C2_answer_bearing,gsm8k_solution_frag
pairs_arith_v2.csv,2171,arithmetic,gsm8k_test_0243,train,retain,H2_same_template,gsmplus_numerical_substitution
pairs_arith_v2.csv,2172,arithmetic,gsm8k_test_0243,train,remove,C1_transformed,gsmplus_problem_understanding
pairs_arith_v2.csv,2173,arithmetic,gsm8k_test_0243,train,retain,H2_same_template,gsmplus_critical_thinking
pairs_arith_v2.csv,2174,arithmetic,gsm8k_test_0243,train,retain,H1_same_topic,svamp
pairs_arith_v2.csv,2175,arithmetic,gsm8k_test_0243,train,retain,H3_predating,asdiv
pairs_arith_v2.csv,2176,arithmetic,gsm8k_test_0243,train,retain,R_random,truthfulqa
pairs_arith_v2.csv,2186,arithmetic,gsm8k_test_0245,train,remove,C0_exact,gsm8k_copy
pairs_arith_v2.csv,2187,arithmetic,gsm8k_test_0245,train,remove,C1_transformed,lmsys_rephrase
pairs_arith_v2.csv,2188,arithmetic,gsm8k_test_0245,train,remove,C2_answer_bearing,gsm8k_solution_frag
pairs_arith_v2.csv,2189,arithmetic,gsm8k_test_0245,train,retain,H2_same_template,gsmplus_numerical_substitution
pairs_arith_v2.csv,2190,arithmetic,gsm8k_test_0245,train,remove,C1_transformed,gsmplus_problem_understanding
pairs_arith_v2.csv,2191,arithmetic,gsm8k_test_0245,train,retain,H2_same_template,gsmplus_critical_thinking
pairs_arith_v2.csv,2192,arithmetic,gsm8k_test_0245,train,retain,H1_same_topic,svamp
pairs_arith_v2.csv,2193,arithmetic,gsm8k_test_0245,train,retain,H3_predating,asdiv
pairs_arith_v2.csv,2194,arithmetic,gsm8k_test_0245,train,retain,R_random,truthfulqa
pairs_arith_v2.csv,2195,arithmetic,gsm8k_test_0246,train,remove,C0_exact,gsm8k_copy
pairs_arith_v2.csv,2196,arithmetic,gsm8k_test_0246,train,remove,C1_transformed,lmsys_rephrase
pairs_arith_v2.csv,2197,arithmetic,gsm8k_test_0246,train,remove,C2_answer_bearing,gsm8k_solution_frag
pairs_arith_v2.csv,2198,arithmetic,gsm8k_test_0246,train,retain,H2_same_template,gsmplus_numerical_substitution
pairs_arith_v2.csv,2199,arithmetic,gsm8k_test_0246,train,remove,C1_transformed,gsmplus_problem_understanding
pairs_arith_v2.csv,2200,arithmetic,gsm8k_test_0246,train,retain,H2_same_template,gsmplus_critical_thinking
pairs_arith_v2.csv,2201,arithmetic,gsm8k_test_0246,train,retain,H1_same_topic,svamp
pairs_arith_v2.csv,2202,arithmetic,gsm8k_test_0246,train,retain,H3_predating,asdiv
pairs_arith_v2.csv,2203,arithmetic,gsm8k_test_0246,train,retain,R_random,truthfulqa
pairs_arith_v2.csv,2204,arithmetic,gsm8k_test_0247,train,remove,C0_exact,gsm8k_copy
pairs_arith_v2.csv,2205,arithmetic,gsm8k_test_0247,train,remove,C1_transformed,lmsys_rephrase
pairs_arith_v2.csv,2206,arithmetic,gsm8k_test_0247,train,remove,C2_answer_bearing,gsm8k_solution_frag
pairs_arith_v2.csv,2207,arithmetic,gsm8k_test_0247,train,retain,H2_same_template,gsmplus_numerical_substitution
pairs_arith_v2.csv,2208,arithmetic,gsm8k_test_0247,train,remove,C1_transformed,gsmplus_problem_understanding
pairs_arith_v2.csv,2209,arithmetic,gsm8k_test_0247,train,retain,H2_same_template,gsmplus_critical_thinking
pairs_arith_v2.csv,2210,arithmetic,gsm8k_test_0247,train,retain,H1_same_topic,svamp
pairs_arith_v2.csv,2211,arithmetic,gsm8k_test_0247,train,retain,H3_predating,asdiv
pairs_arith_v2.csv,2212,arithmetic,gsm8k_test_0247,train,retain,R_random,truthfulqa
pairs_arith_v2.csv,2240,arithmetic,gsm8k_test_0251,train,remove,C0_exact,gsm8k_copy
pairs_arith_v2.csv,2241,arithmetic,gsm8k_test_0251,train,remove,C1_transformed,lmsys_rephrase
pairs_arith_v2.csv,2242,arithmetic,gsm8k_test_0251,train,remove,C2_answer_bearing,gsm8k_solution_frag
pairs_arith_v2.csv,2243,arithmetic,gsm8k_test_0251,train,retain,H2_same_template,gsmplus_numerical_substitution
pairs_arith_v2.csv,2244,arithmetic,gsm8k_test_0251,train,remove,C1_transformed,gsmplus_problem_understanding
pairs_arith_v2.csv,2245,arithmetic,gsm8k_test_0251,train,retain,H2_same_template,gsmplus_critical_thinking
pairs_arith_v2.csv,2246,arithmetic,gsm8k_test_0251,train,retain,H1_same_topic,svamp
pairs_arith_v2.csv,2247,arithmetic,gsm8k_test_0251,train,retain,H3_predating,asdiv
pairs_arith_v2.csv,2248,arithmetic,gsm8k_test_0251,train,retain,R_random,truthfulqa
pairs_arith_v2.csv,2258,arithmetic,gsm8k_test_0253,train,remove,C0_exact,gsm8k_copy
pairs_arith_v2.csv,2259,arithmetic,gsm8k_test_0253,train,remove,C1_transformed,lmsys_rephrase
pairs_arith_v2.csv,2260,arithmetic,gsm8k_test_0253,train,remove,C2_answer_bearing,gsm8k_solution_frag
pairs_arith_v2.csv,2261,arithmetic,gsm8k_test_0253,train,retain,H2_same_template,gsmplus_numerical_substitution
pairs_arith_v2.csv,2262,arithmetic,gsm8k_test_0253,train,remove,C1_transformed,gsmplus_problem_understanding
pairs_arith_v2.csv,2263,arithmetic,gsm8k_test_0253,train,retain,H2_same_template,gsmplus_critical_thinking
pairs_arith_v2.csv,2264,arithmetic,gsm8k_test_0253,train,retain,H1_same_topic,svamp
pairs_arith_v2.csv,2265,arithmetic,gsm8k_test_0253,train,retain,H3_predating,asdiv
pairs_arith_v2.csv,2266,arithmetic,gsm8k_test_0253,train,retain,R_random,truthfulqa
pairs_arith_v2.csv,2321,arithmetic,gsm8k_test_0260,train,remove,C0_exact,gsm8k_copy
pairs_arith_v2.csv,2322,arithmetic,gsm8k_test_0260,train,remove,C1_transformed,lmsys_rephrase
pairs_arith_v2.csv,2323,arithmetic,gsm8k_test_0260,train,remove,C2_answer_bearing,gsm8k_solution_frag
pairs_arith_v2.csv,2324,arithmetic,gsm8k_test_0260,train,retain,H2_same_template,gsmplus_numerical_substitution
pairs_arith_v2.csv,2325,arithmetic,gsm8k_test_0260,train,remove,C1_transformed,gsmplus_problem_understanding
pairs_arith_v2.csv,2326,arithmetic,gsm8k_test_0260,train,retain,H2_same_template,gsmplus_critical_thinking
pairs_arith_v2.csv,2327,arithmetic,gsm8k_test_0260,train,retain,H1_same_topic,svamp
pairs_arith_v2.csv,2328,arithmetic,gsm8k_test_0260,train,retain,H3_predating,asdiv
pairs_arith_v2.csv,2329,arithmetic,gsm8k_test_0260,train,retain,R_random,truthfulqa
pairs_arith_v2.csv,2375,arithmetic,gsm8k_test_0266,train,remove,C0_exact,gsm8k_copy
pairs_arith_v2.csv,2376,arithmetic,gsm8k_test_0266,train,remove,C1_transformed,lmsys_rephrase
pairs_arith_v2.csv,2377,arithmetic,gsm8k_test_0266,train,remove,C2_answer_bearing,gsm8k_solution_frag
pairs_arith_v2.csv,2378,arithmetic,gsm8k_test_0266,train,retain,H2_same_template,gsmplus_numerical_substitution
pairs_arith_v2.csv,2379,arithmetic,gsm8k_test_0266,train,remove,C1_transformed,gsmplus_problem_understanding
pairs_arith_v2.csv,2380,arithmetic,gsm8k_test_0266,train,retain,H2_same_template,gsmplus_critical_thinking
pairs_arith_v2.csv,2381,arithmetic,gsm8k_test_0266,train,retain,H1_same_topic,svamp
pairs_arith_v2.csv,2382,arithmetic,gsm8k_test_0266,train,retain,H3_predating,asdiv
pairs_arith_v2.csv,2383,arithmetic,gsm8k_test_0266,train,retain,R_random,truthfulqa
pairs_arith_v2.csv,2384,arithmetic,gsm8k_test_0267,train,remove,C0_exact,gsm8k_copy
pairs_arith_v2.csv,2385,arithmetic,gsm8k_test_0267,train,remove,C1_transformed,lmsys_rephrase
pairs_arith_v2.csv,2386,arithmetic,gsm8k_test_0267,train,remove,C2_answer_bearing,gsm8k_solution_frag
pairs_arith_v2.csv,2387,arithmetic,gsm8k_test_0267,train,retain,H2_same_template,gsmplus_numerical_substitution
pairs_arith_v2.csv,2388,arithmetic,gsm8k_test_0267,train,remove,C1_transformed,gsmplus_problem_understanding
pairs_arith_v2.csv,2389,arithmetic,gsm8k_test_0267,train,retain,H2_same_template,gsmplus_critical_thinking
pairs_arith_v2.csv,2390,arithmetic,gsm8k_test_0267,train,retain,H1_same_topic,svamp
pairs_arith_v2.csv,2391,arithmetic,gsm8k_test_0267,train,retain,H3_predating,asdiv
pairs_arith_v2.csv,2392,arithmetic,gsm8k_test_0267,train,retain,R_random,truthfulqa
pairs_arith_v2.csv,2429,arithmetic,gsm8k_test_0272,train,remove,C0_exact,gsm8k_copy
pairs_arith_v2.csv,2430,arithmetic,gsm8k_test_0272,train,remove,C1_transformed,lmsys_rephrase
pairs_arith_v2.csv,2431,arithmetic,gsm8k_test_0272,train,remove,C2_answer_bearing,gsm8k_solution_frag
pairs_arith_v2.csv,2432,arithmetic,gsm8k_test_0272,train,retain,H2_same_template,gsmplus_numerical_substitution
pairs_arith_v2.csv,2433,arithmetic,gsm8k_test_0272,train,remove,C1_transformed,gsmplus_problem_understanding
pairs_arith_v2.csv,2434,arithmetic,gsm8k_test_0272,train,retain,H2_same_template,gsmplus_critical_thinking
pairs_arith_v2.csv,2435,arithmetic,gsm8k_test_0272,train,retain,H1_same_topic,svamp
pairs_arith_v2.csv,2436,arithmetic,gsm8k_test_0272,train,retain,H3_predating,asdiv
pairs_arith_v2.csv,2437,arithmetic,gsm8k_test_0272,train,retain,R_random,truthfulqa
pairs_arith_v2.csv,2456,arithmetic,gsm8k_test_0275,train,remove,C0_exact,gsm8k_copy
pairs_arith_v2.csv,2457,arithmetic,gsm8k_test_0275,train,remove,C1_transformed,lmsys_rephrase
pairs_arith_v2.csv,2458,arithmetic,gsm8k_test_0275,train,remove,C2_answer_bearing,gsm8k_solution_frag
pairs_arith_v2.csv,2459,arithmetic,gsm8k_test_0275,train,retain,H2_same_template,gsmplus_numerical_substitution
pairs_arith_v2.csv,2460,arithmetic,gsm8k_test_0275,train,remove,C1_transformed,gsmplus_problem_understanding
pairs_arith_v2.csv,2461,arithmetic,gsm8k_test_0275,train,retain,H2_same_template,gsmplus_critical_thinking
pairs_arith_v2.csv,2462,arithmetic,gsm8k_test_0275,train,retain,H1_same_topic,svamp
pairs_arith_v2.csv,2463,arithmetic,gsm8k_test_0275,train,retain,H3_predating,asdiv
pairs_arith_v2.csv,2464,arithmetic,gsm8k_test_0275,train,retain,R_random,truthfulqa
pairs_arith_v2.csv,2465,arithmetic,gsm8k_test_0276,train,remove,C0_exact,gsm8k_copy
pairs_arith_v2.csv,2466,arithmetic,gsm8k_test_0276,train,remove,C1_transformed,lmsys_rephrase
pairs_arith_v2.csv,2467,arithmetic,gsm8k_test_0276,train,remove,C2_answer_bearing,gsm8k_solution_frag
pairs_arith_v2.csv,2468,arithmetic,gsm8k_test_0276,train,retain,H2_same_template,gsmplus_numerical_substitution
pairs_arith_v2.csv,2469,arithmetic,gsm8k_test_0276,train,remove,C1_transformed,gsmplus_problem_understanding
pairs_arith_v2.csv,2470,arithmetic,gsm8k_test_0276,train,retain,H2_same_template,gsmplus_critical_thinking
pairs_arith_v2.csv,2471,arithmetic,gsm8k_test_0276,train,retain,H1_same_topic,svamp
pairs_arith_v2.csv,2472,arithmetic,gsm8k_test_0276,train,retain,H3_predating,asdiv
pairs_arith_v2.csv,2473,arithmetic,gsm8k_test_0276,train,retain,R_random,truthfulqa
pairs_arith_v2.csv,2474,arithmetic,gsm8k_test_0277,train,remove,C0_exact,gsm8k_copy
pairs_arith_v2.csv,2475,arithmetic,gsm8k_test_0277,train,remove,C1_transformed,lmsys_rephrase
pairs_arith_v2.csv,2476,arithmetic,gsm8k_test_0277,train,remove,C2_answer_bearing,gsm8k_solution_frag
pairs_arith_v2.csv,2477,arithmetic,gsm8k_test_0277,train,retain,H2_same_template,gsmplus_numerical_substitution
pairs_arith_v2.csv,2478,arithmetic,gsm8k_test_0277,train,remove,C1_transformed,gsmplus_problem_understanding
pairs_arith_v2.csv,2479,arithmetic,gsm8k_test_0277,train,retain,H2_same_template,gsmplus_critical_thinking
pairs_arith_v2.csv,2480,arithmetic,gsm8k_test_0277,train,retain,H1_same_topic,svamp
pairs_arith_v2.csv,2481,arithmetic,gsm8k_test_0277,train,retain,H3_predating,asdiv
pairs_arith_v2.csv,2482,arithmetic,gsm8k_test_0277,train,retain,R_random,truthfulqa
pairs_arith_v2.csv,2483,arithmetic,gsm8k_test_0278,train,remove,C0_exact,gsm8k_copy
pairs_arith_v2.csv,2484,arithmetic,gsm8k_test_0278,train,remove,C1_transformed,lmsys_rephrase
pairs_arith_v2.csv,2485,arithmetic,gsm8k_test_0278,train,remove,C2_answer_bearing,gsm8k_solution_frag
pairs_arith_v2.csv,2486,arithmetic,gsm8k_test_0278,train,retain,H2_same_template,gsmplus_numerical_substitution
pairs_arith_v2.csv,2487,arithmetic,gsm8k_test_0278,train,remove,C1_transformed,gsmplus_problem_understanding
pairs_arith_v2.csv,2488,arithmetic,gsm8k_test_0278,train,retain,H2_same_template,gsmplus_critical_thinking
pairs_arith_v2.csv,2489,arithmetic,gsm8k_test_0278,train,retain,H1_same_topic,svamp
pairs_arith_v2.csv,2490,arithmetic,gsm8k_test_0278,train,retain,H3_predating,asdiv
pairs_arith_v2.csv,2491,arithmetic,gsm8k_test_0278,train,retain,R_random,truthfulqa
pairs_arith_v2.csv,2501,arithmetic,gsm8k_test_0280,train,remove,C0_exact,gsm8k_copy
pairs_arith_v2.csv,2502,arithmetic,gsm8k_test_0280,train,remove,C1_transformed,lmsys_rephrase
pairs_arith_v2.csv,2503,arithmetic,gsm8k_test_0280,train,remove,C2_answer_bearing,gsm8k_solution_frag
pairs_arith_v2.csv,2504,arithmetic,gsm8k_test_0280,train,retain,H2_same_template,gsmplus_numerical_substitution
pairs_arith_v2.csv,2505,arithmetic,gsm8k_test_0280,train,remove,C1_transformed,gsmplus_problem_understanding
pairs_arith_v2.csv,2506,arithmetic,gsm8k_test_0280,train,retain,H2_same_template,gsmplus_critical_thinking
pairs_arith_v2.csv,2507,arithmetic,gsm8k_test_0280,train,retain,H1_same_topic,svamp
pairs_arith_v2.csv,2508,arithmetic,gsm8k_test_0280,train,retain,H3_predating,asdiv
pairs_arith_v2.csv,2509,arithmetic,gsm8k_test_0280,train,retain,R_random,truthfulqa
pairs_arith_v2.csv,2528,arithmetic,gsm8k_test_0283,train,remove,C0_exact,gsm8k_copy
pairs_arith_v2.csv,2529,arithmetic,gsm8k_test_0283,train,remove,C1_transformed,lmsys_rephrase
pairs_arith_v2.csv,2530,arithmetic,gsm8k_test_0283,train,remove,C2_answer_bearing,gsm8k_solution_frag
pairs_arith_v2.csv,2531,arithmetic,gsm8k_test_0283,train,retain,H2_same_template,gsmplus_numerical_substitution
pairs_arith_v2.csv,2532,arithmetic,gsm8k_test_0283,train,remove,C1_transformed,gsmplus_problem_understanding
pairs_arith_v2.csv,2533,arithmetic,gsm8k_test_0283,train,retain,H2_same_template,gsmplus_critical_thinking
pairs_arith_v2.csv,2534,arithmetic,gsm8k_test_0283,train,retain,H1_same_topic,svamp
pairs_arith_v2.csv,2535,arithmetic,gsm8k_test_0283,train,retain,H3_predating,asdiv
pairs_arith_v2.csv,2536,arithmetic,gsm8k_test_0283,train,retain,R_random,truthfulqa
pairs_arith_v2.csv,2546,arithmetic,gsm8k_test_0285,train,remove,C0_exact,gsm8k_copy
pairs_arith_v2.csv,2547,arithmetic,gsm8k_test_0285,train,remove,C1_transformed,lmsys_rephrase
pairs_arith_v2.csv,2548,arithmetic,gsm8k_test_0285,train,remove,C2_answer_bearing,gsm8k_solution_frag
pairs_arith_v2.csv,2549,arithmetic,gsm8k_test_0285,train,retain,H2_same_template,gsmplus_numerical_substitution
pairs_arith_v2.csv,2550,arithmetic,gsm8k_test_0285,train,remove,C1_transformed,gsmplus_problem_understanding
pairs_arith_v2.csv,2551,arithmetic,gsm8k_test_0285,train,retain,H2_same_template,gsmplus_critical_thinking
pairs_arith_v2.csv,2552,arithmetic,gsm8k_test_0285,train,retain,H1_same_topic,svamp
pairs_arith_v2.csv,2553,arithmetic,gsm8k_test_0285,train,retain,H3_predating,asdiv
pairs_arith_v2.csv,2554,arithmetic,gsm8k_test_0285,train,retain,R_random,truthfulqa
pairs_arith_v2.csv,2564,arithmetic,gsm8k_test_0287,train,remove,C0_exact,gsm8k_copy
pairs_arith_v2.csv,2565,arithmetic,gsm8k_test_0287,train,remove,C1_transformed,lmsys_rephrase
pairs_arith_v2.csv,2566,arithmetic,gsm8k_test_0287,train,remove,C2_answer_bearing,gsm8k_solution_frag
pairs_arith_v2.csv,2567,arithmetic,gsm8k_test_0287,train,retain,H2_same_template,gsmplus_numerical_substitution
pairs_arith_v2.csv,2568,arithmetic,gsm8k_test_0287,train,remove,C1_transformed,gsmplus_problem_understanding
pairs_arith_v2.csv,2569,arithmetic,gsm8k_test_0287,train,retain,H2_same_template,gsmplus_critical_thinking
pairs_arith_v2.csv,2570,arithmetic,gsm8k_test_0287,train,retain,H1_same_topic,svamp
pairs_arith_v2.csv,2571,arithmetic,gsm8k_test_0287,train,retain,H3_predating,asdiv
pairs_arith_v2.csv,2572,arithmetic,gsm8k_test_0287,train,retain,R_random,truthfulqa
pairs_arith_v2.csv,2582,arithmetic,gsm8k_test_0289,train,remove,C0_exact,gsm8k_copy
pairs_arith_v2.csv,2583,arithmetic,gsm8k_test_0289,train,remove,C1_transformed,lmsys_rephrase
pairs_arith_v2.csv,2584,arithmetic,gsm8k_test_0289,train,remove,C2_answer_bearing,gsm8k_solution_frag
pairs_arith_v2.csv,2585,arithmetic,gsm8k_test_0289,train,remove,C1_transformed,gsmplus_problem_understanding
pairs_arith_v2.csv,2586,arithmetic,gsm8k_test_0289,train,retain,H2_same_template,gsmplus_critical_thinking
pairs_arith_v2.csv,2587,arithmetic,gsm8k_test_0289,train,retain,H1_same_topic,svamp
pairs_arith_v2.csv,2588,arithmetic,gsm8k_test_0289,train,retain,H3_predating,asdiv
pairs_arith_v2.csv,2589,arithmetic,gsm8k_test_0289,train,retain,R_random,truthfulqa
pairs_arith_v2.csv,2590,arithmetic,gsm8k_test_0290,train,remove,C0_exact,gsm8k_copy
pairs_arith_v2.csv,2591,arithmetic,gsm8k_test_0290,train,remove,C1_transformed,lmsys_rephrase
pairs_arith_v2.csv,2592,arithmetic,gsm8k_test_0290,train,remove,C2_answer_bearing,gsm8k_solution_frag
pairs_arith_v2.csv,2593,arithmetic,gsm8k_test_0290,train,retain,H2_same_template,gsmplus_numerical_substitution
pairs_arith_v2.csv,2594,arithmetic,gsm8k_test_0290,train,remove,C1_transformed,gsmplus_problem_understanding
pairs_arith_v2.csv,2595,arithmetic,gsm8k_test_0290,train,retain,H2_same_template,gsmplus_critical_thinking
pairs_arith_v2.csv,2596,arithmetic,gsm8k_test_0290,train,retain,H1_same_topic,svamp
pairs_arith_v2.csv,2597,arithmetic,gsm8k_test_0290,train,retain,H3_predating,asdiv
pairs_arith_v2.csv,2598,arithmetic,gsm8k_test_0290,train,retain,R_random,truthfulqa
pairs_arith_v2.csv,2635,arithmetic,gsm8k_test_0295,train,remove,C0_exact,gsm8k_copy
pairs_arith_v2.csv,2636,arithmetic,gsm8k_test_0295,train,remove,C1_transformed,lmsys_rephrase
pairs_arith_v2.csv,2637,arithmetic,gsm8k_test_0295,train,remove,C2_answer_bearing,gsm8k_solution_frag
pairs_arith_v2.csv,2638,arithmetic,gsm8k_test_0295,train,retain,H2_same_template,gsmplus_numerical_substitution
pairs_arith_v2.csv,2639,arithmetic,gsm8k_test_0295,train,remove,C1_transformed,gsmplus_problem_understanding
pairs_arith_v2.csv,2640,arithmetic,gsm8k_test_0295,train,retain,H2_same_template,gsmplus_critical_thinking
pairs_arith_v2.csv,2641,arithmetic,gsm8k_test_0295,train,retain,H1_same_topic,svamp
pairs_arith_v2.csv,2642,arithmetic,gsm8k_test_0295,train,retain,H3_predating,asdiv
pairs_arith_v2.csv,2643,arithmetic,gsm8k_test_0295,train,retain,R_random,truthfulqa
pairs_arith_v2.csv,2644,arithmetic,gsm8k_test_0296,train,remove,C0_exact,gsm8k_copy
pairs_arith_v2.csv,2645,arithmetic,gsm8k_test_0296,train,remove,C1_transformed,lmsys_rephrase
pairs_arith_v2.csv,2646,arithmetic,gsm8k_test_0296,train,remove,C2_answer_bearing,gsm8k_solution_frag
pairs_arith_v2.csv,2647,arithmetic,gsm8k_test_0296,train,retain,H2_same_template,gsmplus_numerical_substitution
pairs_arith_v2.csv,2648,arithmetic,gsm8k_test_0296,train,remove,C1_transformed,gsmplus_problem_understanding
pairs_arith_v2.csv,2649,arithmetic,gsm8k_test_0296,train,retain,H2_same_template,gsmplus_critical_thinking
pairs_arith_v2.csv,2650,arithmetic,gsm8k_test_0296,train,retain,H1_same_topic,svamp
pairs_arith_v2.csv,2651,arithmetic,gsm8k_test_0296,train,retain,H3_predating,asdiv
pairs_arith_v2.csv,2652,arithmetic,gsm8k_test_0296,train,retain,R_random,truthfulqa
pairs_arith_v2.csv,2653,arithmetic,gsm8k_test_0297,train,remove,C0_exact,gsm8k_copy
pairs_arith_v2.csv,2654,arithmetic,gsm8k_test_0297,train,remove,C1_transformed,lmsys_rephrase
pairs_arith_v2.csv,2655,arithmetic,gsm8k_test_0297,train,remove,C2_answer_bearing,gsm8k_solution_frag
pairs_arith_v2.csv,2656,arithmetic,gsm8k_test_0297,train,retain,H2_same_template,gsmplus_numerical_substitution
pairs_arith_v2.csv,2657,arithmetic,gsm8k_test_0297,train,remove,C1_transformed,gsmplus_problem_understanding
pairs_arith_v2.csv,2658,arithmetic,gsm8k_test_0297,train,retain,H2_same_template,gsmplus_critical_thinking
pairs_arith_v2.csv,2659,arithmetic,gsm8k_test_0297,train,retain,H1_same_topic,svamp
pairs_arith_v2.csv,2660,arithmetic,gsm8k_test_0297,train,retain,H3_predating,asdiv
pairs_arith_v2.csv,2661,arithmetic,gsm8k_test_0297,train,retain,R_random,truthfulqa
pairs_arith_v2.csv,2662,arithmetic,gsm8k_test_0298,train,remove,C0_exact,gsm8k_copy
pairs_arith_v2.csv,2663,arithmetic,gsm8k_test_0298,train,remove,C1_transformed,lmsys_rephrase
pairs_arith_v2.csv,2664,arithmetic,gsm8k_test_0298,train,remove,C2_answer_bearing,gsm8k_solution_frag
pairs_arith_v2.csv,2665,arithmetic,gsm8k_test_0298,train,retain,H2_same_template,gsmplus_numerical_substitution
pairs_arith_v2.csv,2666,arithmetic,gsm8k_test_0298,train,remove,C1_transformed,gsmplus_problem_understanding
pairs_arith_v2.csv,2667,arithmetic,gsm8k_test_0298,train,retain,H2_same_template,gsmplus_critical_thinking
pairs_arith_v2.csv,2668,arithmetic,gsm8k_test_0298,train,retain,H1_same_topic,svamp
pairs_arith_v2.csv,2669,arithmetic,gsm8k_test_0298,train,retain,H3_predating,asdiv
pairs_arith_v2.csv,2670,arithmetic,gsm8k_test_0298,train,retain,R_random,truthfulqa
pairs_arith_v2.csv,2689,arithmetic,gsm8k_test_0301,train,remove,C0_exact,gsm8k_copy
pairs_arith_v2.csv,2690,arithmetic,gsm8k_test_0301,train,remove,C1_transformed,lmsys_rephrase
pairs_arith_v2.csv,2691,arithmetic,gsm8k_test_0301,train,remove,C2_answer_bearing,gsm8k_solution_frag
pairs_arith_v2.csv,2692,arithmetic,gsm8k_test_0301,train,retain,H2_same_template,gsmplus_numerical_substitution
pairs_arith_v2.csv,2693,arithmetic,gsm8k_test_0301,train,remove,C1_transformed,gsmplus_problem_understanding
pairs_arith_v2.csv,2694,arithmetic,gsm8k_test_0301,train,retain,H2_same_template,gsmplus_critical_thinking
pairs_arith_v2.csv,2695,arithmetic,gsm8k_test_0301,train,retain,H1_same_topic,svamp
pairs_arith_v2.csv,2696,arithmetic,gsm8k_test_0301,train,retain,H3_predating,asdiv
pairs_arith_v2.csv,2697,arithmetic,gsm8k_test_0301,train,retain,R_random,truthfulqa
pairs_arith_v2.csv,2716,arithmetic,gsm8k_test_0304,train,remove,C0_exact,gsm8k_copy
pairs_arith_v2.csv,2717,arithmetic,gsm8k_test_0304,train,remove,C1_transformed,lmsys_rephrase
pairs_arith_v2.csv,2718,arithmetic,gsm8k_test_0304,train,remove,C2_answer_bearing,gsm8k_solution_frag
pairs_arith_v2.csv,2719,arithmetic,gsm8k_test_0304,train,retain,H2_same_template,gsmplus_numerical_substitution
pairs_arith_v2.csv,2720,arithmetic,gsm8k_test_0304,train,remove,C1_transformed,gsmplus_problem_understanding
pairs_arith_v2.csv,2721,arithmetic,gsm8k_test_0304,train,retain,H2_same_template,gsmplus_critical_thinking
pairs_arith_v2.csv,2722,arithmetic,gsm8k_test_0304,train,retain,H1_same_topic,svamp
pairs_arith_v2.csv,2723,arithmetic,gsm8k_test_0304,train,retain,H3_predating,asdiv
pairs_arith_v2.csv,2724,arithmetic,gsm8k_test_0304,train,retain,R_random,truthfulqa
pairs_arith_v2.csv,2734,arithmetic,gsm8k_test_0306,train,remove,C0_exact,gsm8k_copy
pairs_arith_v2.csv,2735,arithmetic,gsm8k_test_0306,train,remove,C1_transformed,lmsys_rephrase
pairs_arith_v2.csv,2736,arithmetic,gsm8k_test_0306,train,remove,C2_answer_bearing,gsm8k_solution_frag
pairs_arith_v2.csv,2737,arithmetic,gsm8k_test_0306,train,retain,H2_same_template,gsmplus_numerical_substitution
pairs_arith_v2.csv,2738,arithmetic,gsm8k_test_0306,train,remove,C1_transformed,gsmplus_problem_understanding
pairs_arith_v2.csv,2739,arithmetic,gsm8k_test_0306,train,retain,H2_same_template,gsmplus_critical_thinking
pairs_arith_v2.csv,2740,arithmetic,gsm8k_test_0306,train,retain,H1_same_topic,svamp
pairs_arith_v2.csv,2741,arithmetic,gsm8k_test_0306,train,retain,H3_predating,asdiv
pairs_arith_v2.csv,2742,arithmetic,gsm8k_test_0306,train,retain,R_random,truthfulqa
pairs_arith_v2.csv,2770,arithmetic,gsm8k_test_0310,train,remove,C0_exact,gsm8k_copy
pairs_arith_v2.csv,2771,arithmetic,gsm8k_test_0310,train,remove,C1_transformed,lmsys_rephrase
pairs_arith_v2.csv,2772,arithmetic,gsm8k_test_0310,train,remove,C2_answer_bearing,gsm8k_solution_frag
pairs_arith_v2.csv,2773,arithmetic,gsm8k_test_0310,train,retain,H2_same_template,gsmplus_numerical_substitution
pairs_arith_v2.csv,2774,arithmetic,gsm8k_test_0310,train,remove,C1_transformed,gsmplus_problem_understanding
pairs_arith_v2.csv,2775,arithmetic,gsm8k_test_0310,train,retain,H2_same_template,gsmplus_critical_thinking
pairs_arith_v2.csv,2776,arithmetic,gsm8k_test_0310,train,retain,H1_same_topic,svamp
pairs_arith_v2.csv,2777,arithmetic,gsm8k_test_0310,train,retain,H3_predating,asdiv
pairs_arith_v2.csv,2778,arithmetic,gsm8k_test_0310,train,retain,R_random,truthfulqa
pairs_arith_v2.csv,2779,arithmetic,gsm8k_test_0311,train,remove,C0_exact,gsm8k_copy
pairs_arith_v2.csv,2780,arithmetic,gsm8k_test_0311,train,remove,C1_transformed,lmsys_rephrase
pairs_arith_v2.csv,2781,arithmetic,gsm8k_test_0311,train,remove,C2_answer_bearing,gsm8k_solution_frag
pairs_arith_v2.csv,2782,arithmetic,gsm8k_test_0311,train,retain,H2_same_template,gsmplus_numerical_substitution
pairs_arith_v2.csv,2783,arithmetic,gsm8k_test_0311,train,remove,C1_transformed,gsmplus_problem_understanding
pairs_arith_v2.csv,2784,arithmetic,gsm8k_test_0311,train,retain,H2_same_template,gsmplus_critical_thinking
pairs_arith_v2.csv,2785,arithmetic,gsm8k_test_0311,train,retain,H1_same_topic,svamp
pairs_arith_v2.csv,2786,arithmetic,gsm8k_test_0311,train,retain,H3_predating,asdiv
pairs_arith_v2.csv,2787,arithmetic,gsm8k_test_0311,train,retain,R_random,truthfulqa
pairs_arith_v2.csv,2788,arithmetic,gsm8k_test_0312,train,remove,C0_exact,gsm8k_copy
pairs_arith_v2.csv,2789,arithmetic,gsm8k_test_0312,train,remove,C1_transformed,lmsys_rephrase
pairs_arith_v2.csv,2790,arithmetic,gsm8k_test_0312,train,remove,C2_answer_bearing,gsm8k_solution_frag
pairs_arith_v2.csv,2791,arithmetic,gsm8k_test_0312,train,retain,H2_same_template,gsmplus_numerical_substitution
pairs_arith_v2.csv,2792,arithmetic,gsm8k_test_0312,train,remove,C1_transformed,gsmplus_problem_understanding
pairs_arith_v2.csv,2793,arithmetic,gsm8k_test_0312,train,retain,H2_same_template,gsmplus_critical_thinking
pairs_arith_v2.csv,2794,arithmetic,gsm8k_test_0312,train,retain,H1_same_topic,svamp
pairs_arith_v2.csv,2795,arithmetic,gsm8k_test_0312,train,retain,H3_predating,asdiv
pairs_arith_v2.csv,2796,arithmetic,gsm8k_test_0312,train,retain,R_random,truthfulqa
pairs_arith_v2.csv,2797,arithmetic,gsm8k_test_0313,train,remove,C0_exact,gsm8k_copy
pairs_arith_v2.csv,2798,arithmetic,gsm8k_test_0313,train,remove,C1_transformed,lmsys_rephrase
pairs_arith_v2.csv,2799,arithmetic,gsm8k_test_0313,train,remove,C2_answer_bearing,gsm8k_solution_frag
pairs_arith_v2.csv,2800,arithmetic,gsm8k_test_0313,train,retain,H2_same_template,gsmplus_numerical_substitution
pairs_arith_v2.csv,2801,arithmetic,gsm8k_test_0313,train,remove,C1_transformed,gsmplus_problem_understanding
pairs_arith_v2.csv,2802,arithmetic,gsm8k_test_0313,train,retain,H2_same_template,gsmplus_critical_thinking
pairs_arith_v2.csv,2803,arithmetic,gsm8k_test_0313,train,retain,H1_same_topic,svamp
pairs_arith_v2.csv,2804,arithmetic,gsm8k_test_0313,train,retain,H3_predating,asdiv
pairs_arith_v2.csv,2805,arithmetic,gsm8k_test_0313,train,retain,R_random,truthfulqa
pairs_arith_v2.csv,2833,arithmetic,gsm8k_test_0317,train,remove,C0_exact,gsm8k_copy
pairs_arith_v2.csv,2834,arithmetic,gsm8k_test_0317,train,remove,C1_transformed,lmsys_rephrase
pairs_arith_v2.csv,2835,arithmetic,gsm8k_test_0317,train,remove,C2_answer_bearing,gsm8k_solution_frag
pairs_arith_v2.csv,2836,arithmetic,gsm8k_test_0317,train,retain,H2_same_template,gsmplus_numerical_substitution
pairs_arith_v2.csv,2837,arithmetic,gsm8k_test_0317,train,remove,C1_transformed,gsmplus_problem_understanding
pairs_arith_v2.csv,2838,arithmetic,gsm8k_test_0317,train,retain,H2_same_template,gsmplus_critical_thinking
pairs_arith_v2.csv,2839,arithmetic,gsm8k_test_0317,train,retain,H1_same_topic,svamp
pairs_arith_v2.csv,2840,arithmetic,gsm8k_test_0317,train,retain,H3_predating,asdiv
pairs_arith_v2.csv,2841,arithmetic,gsm8k_test_0317,train,retain,R_random,truthfulqa
pairs_arith_v2.csv,2842,arithmetic,gsm8k_test_0318,train,remove,C0_exact,gsm8k_copy
pairs_arith_v2.csv,2843,arithmetic,gsm8k_test_0318,train,remove,C1_transformed,lmsys_rephrase
pairs_arith_v2.csv,2844,arithmetic,gsm8k_test_0318,train,remove,C2_answer_bearing,gsm8k_solution_frag
pairs_arith_v2.csv,2845,arithmetic,gsm8k_test_0318,train,retain,H2_same_template,gsmplus_numerical_substitution
pairs_arith_v2.csv,2846,arithmetic,gsm8k_test_0318,train,remove,C1_transformed,gsmplus_problem_understanding
pairs_arith_v2.csv,2847,arithmetic,gsm8k_test_0318,train,retain,H2_same_template,gsmplus_critical_thinking
pairs_arith_v2.csv,2848,arithmetic,gsm8k_test_0318,train,retain,H1_same_topic,svamp
pairs_arith_v2.csv,2849,arithmetic,gsm8k_test_0318,train,retain,H3_predating,asdiv
pairs_arith_v2.csv,2850,arithmetic,gsm8k_test_0318,train,retain,R_random,truthfulqa
pairs_arith_v2.csv,2851,arithmetic,gsm8k_test_0319,train,remove,C0_exact,gsm8k_copy
pairs_arith_v2.csv,2852,arithmetic,gsm8k_test_0319,train,remove,C1_transformed,lmsys_rephrase
pairs_arith_v2.csv,2853,arithmetic,gsm8k_test_0319,train,remove,C2_answer_bearing,gsm8k_solution_frag
pairs_arith_v2.csv,2854,arithmetic,gsm8k_test_0319,train,retain,H2_same_template,gsmplus_numerical_substitution
pairs_arith_v2.csv,2855,arithmetic,gsm8k_test_0319,train,remove,C1_transformed,gsmplus_problem_understanding
pairs_arith_v2.csv,2856,arithmetic,gsm8k_test_0319,train,retain,H2_same_template,gsmplus_critical_thinking
pairs_arith_v2.csv,2857,arithmetic,gsm8k_test_0319,train,retain,H1_same_topic,svamp
pairs_arith_v2.csv,2858,arithmetic,gsm8k_test_0319,train,retain,H3_predating,asdiv
pairs_arith_v2.csv,2859,arithmetic,gsm8k_test_0319,train,retain,R_random,truthfulqa
pairs_arith_v2.csv,2878,arithmetic,gsm8k_test_0322,train,remove,C0_exact,gsm8k_copy
pairs_arith_v2.csv,2879,arithmetic,gsm8k_test_0322,train,remove,C1_transformed,lmsys_rephrase
pairs_arith_v2.csv,2880,arithmetic,gsm8k_test_0322,train,remove,C2_answer_bearing,gsm8k_solution_frag
pairs_arith_v2.csv,2881,arithmetic,gsm8k_test_0322,train,retain,H2_same_template,gsmplus_numerical_substitution
pairs_arith_v2.csv,2882,arithmetic,gsm8k_test_0322,train,remove,C1_transformed,gsmplus_problem_understanding
pairs_arith_v2.csv,2883,arithmetic,gsm8k_test_0322,train,retain,H2_same_template,gsmplus_critical_thinking
pairs_arith_v2.csv,2884,arithmetic,gsm8k_test_0322,train,retain,H1_same_topic,svamp
pairs_arith_v2.csv,2885,arithmetic,gsm8k_test_0322,train,retain,H3_predating,asdiv
pairs_arith_v2.csv,2886,arithmetic,gsm8k_test_0322,train,retain,R_random,truthfulqa
pairs_arith_v2.csv,2905,arithmetic,gsm8k_test_0325,train,remove,C0_exact,gsm8k_copy
pairs_arith_v2.csv,2906,arithmetic,gsm8k_test_0325,train,remove,C1_transformed,lmsys_rephrase
pairs_arith_v2.csv,2907,arithmetic,gsm8k_test_0325,train,remove,C2_answer_bearing,gsm8k_solution_frag
pairs_arith_v2.csv,2908,arithmetic,gsm8k_test_0325,train,retain,H2_same_template,gsmplus_numerical_substitution
pairs_arith_v2.csv,2909,arithmetic,gsm8k_test_0325,train,remove,C1_transformed,gsmplus_problem_understanding
pairs_arith_v2.csv,2910,arithmetic,gsm8k_test_0325,train,retain,H2_same_template,gsmplus_critical_thinking
pairs_arith_v2.csv,2911,arithmetic,gsm8k_test_0325,train,retain,H1_same_topic,svamp
pairs_arith_v2.csv,2912,arithmetic,gsm8k_test_0325,train,retain,H3_predating,asdiv
pairs_arith_v2.csv,2913,arithmetic,gsm8k_test_0325,train,retain,R_random,truthfulqa
pairs_arith_v2.csv,2914,arithmetic,gsm8k_test_0326,train,remove,C0_exact,gsm8k_copy
pairs_arith_v2.csv,2915,arithmetic,gsm8k_test_0326,train,remove,C1_transformed,lmsys_rephrase
pairs_arith_v2.csv,2916,arithmetic,gsm8k_test_0326,train,remove,C2_answer_bearing,gsm8k_solution_frag
pairs_arith_v2.csv,2917,arithmetic,gsm8k_test_0326,train,retain,H2_same_template,gsmplus_numerical_substitution
pairs_arith_v2.csv,2918,arithmetic,gsm8k_test_0326,train,remove,C1_transformed,gsmplus_problem_understanding
pairs_arith_v2.csv,2919,arithmetic,gsm8k_test_0326,train,retain,H2_same_template,gsmplus_critical_thinking
pairs_arith_v2.csv,2920,arithmetic,gsm8k_test_0326,train,retain,H1_same_topic,svamp
pairs_arith_v2.csv,2921,arithmetic,gsm8k_test_0326,train,retain,H3_predating,asdiv
pairs_arith_v2.csv,2922,arithmetic,gsm8k_test_0326,train,retain,R_random,truthfulqa
pairs_arith_v2.csv,2950,arithmetic,gsm8k_test_0330,train,remove,C0_exact,gsm8k_copy
pairs_arith_v2.csv,2951,arithmetic,gsm8k_test_0330,train,remove,C1_transformed,lmsys_rephrase
pairs_arith_v2.csv,2952,arithmetic,gsm8k_test_0330,train,remove,C2_answer_bearing,gsm8k_solution_frag
pairs_arith_v2.csv,2953,arithmetic,gsm8k_test_0330,train,retain,H2_same_template,gsmplus_numerical_substitution
pairs_arith_v2.csv,2954,arithmetic,gsm8k_test_0330,train,remove,C1_transformed,gsmplus_problem_understanding
pairs_arith_v2.csv,2955,arithmetic,gsm8k_test_0330,train,retain,H2_same_template,gsmplus_critical_thinking
pairs_arith_v2.csv,2956,arithmetic,gsm8k_test_0330,train,retain,H1_same_topic,svamp
pairs_arith_v2.csv,2957,arithmetic,gsm8k_test_0330,train,retain,H3_predating,asdiv
pairs_arith_v2.csv,2958,arithmetic,gsm8k_test_0330,train,retain,R_random,truthfulqa
pairs_arith_v2.csv,2968,arithmetic,gsm8k_test_0332,train,remove,C0_exact,gsm8k_copy
pairs_arith_v2.csv,2969,arithmetic,gsm8k_test_0332,train,remove,C1_transformed,lmsys_rephrase
pairs_arith_v2.csv,2970,arithmetic,gsm8k_test_0332,train,remove,C2_answer_bearing,gsm8k_solution_frag
pairs_arith_v2.csv,2971,arithmetic,gsm8k_test_0332,train,retain,H2_same_template,gsmplus_numerical_substitution
pairs_arith_v2.csv,2972,arithmetic,gsm8k_test_0332,train,remove,C1_transformed,gsmplus_problem_understanding
pairs_arith_v2.csv,2973,arithmetic,gsm8k_test_0332,train,retain,H2_same_template,gsmplus_critical_thinking
pairs_arith_v2.csv,2974,arithmetic,gsm8k_test_0332,train,retain,H1_same_topic,svamp
pairs_arith_v2.csv,2975,arithmetic,gsm8k_test_0332,train,retain,H3_predating,asdiv
pairs_arith_v2.csv,2976,arithmetic,gsm8k_test_0332,train,retain,R_random,truthfulqa
pairs_arith_v2.csv,2986,arithmetic,gsm8k_test_0334,train,remove,C0_exact,gsm8k_copy
pairs_arith_v2.csv,2987,arithmetic,gsm8k_test_0334,train,remove,C1_transformed,lmsys_rephrase
pairs_arith_v2.csv,2988,arithmetic,gsm8k_test_0334,train,remove,C2_answer_bearing,gsm8k_solution_frag
pairs_arith_v2.csv,2989,arithmetic,gsm8k_test_0334,train,retain,H2_same_template,gsmplus_numerical_substitution
pairs_arith_v2.csv,2990,arithmetic,gsm8k_test_0334,train,remove,C1_transformed,gsmplus_problem_understanding
pairs_arith_v2.csv,2991,arithmetic,gsm8k_test_0334,train,retain,H2_same_template,gsmplus_critical_thinking
pairs_arith_v2.csv,2992,arithmetic,gsm8k_test_0334,train,retain,H1_same_topic,svamp
pairs_arith_v2.csv,2993,arithmetic,gsm8k_test_0334,train,retain,H3_predating,asdiv
pairs_arith_v2.csv,2994,arithmetic,gsm8k_test_0334,train,retain,R_random,truthfulqa
pairs_arith_v2.csv,3022,arithmetic,gsm8k_test_0338,train,remove,C0_exact,gsm8k_copy
pairs_arith_v2.csv,3023,arithmetic,gsm8k_test_0338,train,remove,C1_transformed,lmsys_rephrase
pairs_arith_v2.csv,3024,arithmetic,gsm8k_test_0338,train,remove,C2_answer_bearing,gsm8k_solution_frag
pairs_arith_v2.csv,3025,arithmetic,gsm8k_test_0338,train,retain,H2_same_template,gsmplus_numerical_substitution
pairs_arith_v2.csv,3026,arithmetic,gsm8k_test_0338,train,remove,C1_transformed,gsmplus_problem_understanding
pairs_arith_v2.csv,3027,arithmetic,gsm8k_test_0338,train,retain,H2_same_template,gsmplus_critical_thinking
pairs_arith_v2.csv,3028,arithmetic,gsm8k_test_0338,train,retain,H1_same_topic,svamp
pairs_arith_v2.csv,3029,arithmetic,gsm8k_test_0338,train,retain,H3_predating,asdiv
pairs_arith_v2.csv,3030,arithmetic,gsm8k_test_0338,train,retain,R_random,truthfulqa
pairs_arith_v2.csv,3049,arithmetic,gsm8k_test_0341,train,remove,C0_exact,gsm8k_copy
pairs_arith_v2.csv,3050,arithmetic,gsm8k_test_0341,train,remove,C1_transformed,lmsys_rephrase
pairs_arith_v2.csv,3051,arithmetic,gsm8k_test_0341,train,remove,C2_answer_bearing,gsm8k_solution_frag
pairs_arith_v2.csv,3052,arithmetic,gsm8k_test_0341,train,retain,H2_same_template,gsmplus_numerical_substitution
pairs_arith_v2.csv,3053,arithmetic,gsm8k_test_0341,train,remove,C1_transformed,gsmplus_problem_understanding
pairs_arith_v2.csv,3054,arithmetic,gsm8k_test_0341,train,retain,H2_same_template,gsmplus_critical_thinking
pairs_arith_v2.csv,3055,arithmetic,gsm8k_test_0341,train,retain,H1_same_topic,svamp
pairs_arith_v2.csv,3056,arithmetic,gsm8k_test_0341,train,retain,H3_predating,asdiv
pairs_arith_v2.csv,3057,arithmetic,gsm8k_test_0341,train,retain,R_random,truthfulqa
pairs_arith_v2.csv,3058,arithmetic,gsm8k_test_0342,train,remove,C0_exact,gsm8k_copy
pairs_arith_v2.csv,3059,arithmetic,gsm8k_test_0342,train,remove,C1_transformed,lmsys_rephrase
pairs_arith_v2.csv,3060,arithmetic,gsm8k_test_0342,train,remove,C2_answer_bearing,gsm8k_solution_frag
pairs_arith_v2.csv,3061,arithmetic,gsm8k_test_0342,train,retain,H2_same_template,gsmplus_numerical_substitution
pairs_arith_v2.csv,3062,arithmetic,gsm8k_test_0342,train,remove,C1_transformed,gsmplus_problem_understanding
pairs_arith_v2.csv,3063,arithmetic,gsm8k_test_0342,train,retain,H2_same_template,gsmplus_critical_thinking
pairs_arith_v2.csv,3064,arithmetic,gsm8k_test_0342,train,retain,H1_same_topic,svamp
pairs_arith_v2.csv,3065,arithmetic,gsm8k_test_0342,train,retain,H3_predating,asdiv
pairs_arith_v2.csv,3066,arithmetic,gsm8k_test_0342,train,retain,R_random,truthfulqa
pairs_arith_v2.csv,3067,arithmetic,gsm8k_test_0343,train,remove,C0_exact,gsm8k_copy
pairs_arith_v2.csv,3068,arithmetic,gsm8k_test_0343,train,remove,C1_transformed,lmsys_rephrase
pairs_arith_v2.csv,3069,arithmetic,gsm8k_test_0343,train,remove,C2_answer_bearing,gsm8k_solution_frag
pairs_arith_v2.csv,3070,arithmetic,gsm8k_test_0343,train,retain,H2_same_template,gsmplus_numerical_substitution
pairs_arith_v2.csv,3071,arithmetic,gsm8k_test_0343,train,remove,C1_transformed,gsmplus_problem_understanding
pairs_arith_v2.csv,3072,arithmetic,gsm8k_test_0343,train,retain,H2_same_template,gsmplus_critical_thinking
pairs_arith_v2.csv,3073,arithmetic,gsm8k_test_0343,train,retain,H1_same_topic,svamp
pairs_arith_v2.csv,3074,arithmetic,gsm8k_test_0343,train,retain,H3_predating,asdiv
pairs_arith_v2.csv,3075,arithmetic,gsm8k_test_0343,train,retain,R_random,truthfulqa
pairs_arith_v2.csv,3076,arithmetic,gsm8k_test_0344,train,remove,C0_exact,gsm8k_copy
pairs_arith_v2.csv,3077,arithmetic,gsm8k_test_0344,train,remove,C1_transformed,lmsys_rephrase
pairs_arith_v2.csv,3078,arithmetic,gsm8k_test_0344,train,remove,C2_answer_bearing,gsm8k_solution_frag
pairs_arith_v2.csv,3079,arithmetic,gsm8k_test_0344,train,retain,H2_same_template,gsmplus_numerical_substitution
pairs_arith_v2.csv,3080,arithmetic,gsm8k_test_0344,train,remove,C1_transformed,gsmplus_problem_understanding
pairs_arith_v2.csv,3081,arithmetic,gsm8k_test_0344,train,retain,H2_same_template,gsmplus_critical_thinking
pairs_arith_v2.csv,3082,arithmetic,gsm8k_test_0344,train,retain,H1_same_topic,svamp
pairs_arith_v2.csv,3083,arithmetic,gsm8k_test_0344,train,retain,H3_predating,asdiv
pairs_arith_v2.csv,3084,arithmetic,gsm8k_test_0344,train,retain,R_random,truthfulqa
pairs_arith_v2.csv,3121,arithmetic,gsm8k_test_0349,train,remove,C0_exact,gsm8k_copy
pairs_arith_v2.csv,3122,arithmetic,gsm8k_test_0349,train,remove,C1_transformed,lmsys_rephrase
pairs_arith_v2.csv,3123,arithmetic,gsm8k_test_0349,train,remove,C2_answer_bearing,gsm8k_solution_frag
pairs_arith_v2.csv,3124,arithmetic,gsm8k_test_0349,train,retain,H2_same_template,gsmplus_numerical_substitution
pairs_arith_v2.csv,3125,arithmetic,gsm8k_test_0349,train,remove,C1_transformed,gsmplus_problem_understanding
pairs_arith_v2.csv,3126,arithmetic,gsm8k_test_0349,train,retain,H2_same_template,gsmplus_critical_thinking
pairs_arith_v2.csv,3127,arithmetic,gsm8k_test_0349,train,retain,H1_same_topic,svamp
pairs_arith_v2.csv,3128,arithmetic,gsm8k_test_0349,train,retain,H3_predating,asdiv
pairs_arith_v2.csv,3129,arithmetic,gsm8k_test_0349,train,retain,R_random,truthfulqa
pairs_arith_v2.csv,3148,arithmetic,gsm8k_test_0352,train,remove,C0_exact,gsm8k_copy
pairs_arith_v2.csv,3149,arithmetic,gsm8k_test_0352,train,remove,C1_transformed,lmsys_rephrase
pairs_arith_v2.csv,3150,arithmetic,gsm8k_test_0352,train,remove,C2_answer_bearing,gsm8k_solution_frag
pairs_arith_v2.csv,3151,arithmetic,gsm8k_test_0352,train,retain,H2_same_template,gsmplus_numerical_substitution
pairs_arith_v2.csv,3152,arithmetic,gsm8k_test_0352,train,remove,C1_transformed,gsmplus_problem_understanding
pairs_arith_v2.csv,3153,arithmetic,gsm8k_test_0352,train,retain,H2_same_template,gsmplus_critical_thinking
pairs_arith_v2.csv,3154,arithmetic,gsm8k_test_0352,train,retain,H1_same_topic,svamp
pairs_arith_v2.csv,3155,arithmetic,gsm8k_test_0352,train,retain,H3_predating,asdiv
pairs_arith_v2.csv,3156,arithmetic,gsm8k_test_0352,train,retain,R_random,truthfulqa
pairs_arith_v2.csv,3166,arithmetic,gsm8k_test_0354,train,remove,C0_exact,gsm8k_copy
pairs_arith_v2.csv,3167,arithmetic,gsm8k_test_0354,train,remove,C1_transformed,lmsys_rephrase
pairs_arith_v2.csv,3168,arithmetic,gsm8k_test_0354,train,remove,C2_answer_bearing,gsm8k_solution_frag
pairs_arith_v2.csv,3169,arithmetic,gsm8k_test_0354,train,retain,H2_same_template,gsmplus_numerical_substitution
pairs_arith_v2.csv,3170,arithmetic,gsm8k_test_0354,train,remove,C1_transformed,gsmplus_problem_understanding
pairs_arith_v2.csv,3171,arithmetic,gsm8k_test_0354,train,retain,H2_same_template,gsmplus_critical_thinking
pairs_arith_v2.csv,3172,arithmetic,gsm8k_test_0354,train,retain,H1_same_topic,svamp
pairs_arith_v2.csv,3173,arithmetic,gsm8k_test_0354,train,retain,H3_predating,asdiv
pairs_arith_v2.csv,3174,arithmetic,gsm8k_test_0354,train,retain,R_random,truthfulqa
pairs_arith_v2.csv,3202,arithmetic,gsm8k_test_0358,train,remove,C0_exact,gsm8k_copy
pairs_arith_v2.csv,3203,arithmetic,gsm8k_test_0358,train,remove,C1_transformed,lmsys_rephrase
pairs_arith_v2.csv,3204,arithmetic,gsm8k_test_0358,train,remove,C2_answer_bearing,gsm8k_solution_frag
pairs_arith_v2.csv,3205,arithmetic,gsm8k_test_0358,train,retain,H2_same_template,gsmplus_numerical_substitution
pairs_arith_v2.csv,3206,arithmetic,gsm8k_test_0358,train,remove,C1_transformed,gsmplus_problem_understanding
pairs_arith_v2.csv,3207,arithmetic,gsm8k_test_0358,train,retain,H2_same_template,gsmplus_critical_thinking
pairs_arith_v2.csv,3208,arithmetic,gsm8k_test_0358,train,retain,H1_same_topic,svamp
pairs_arith_v2.csv,3209,arithmetic,gsm8k_test_0358,train,retain,H3_predating,asdiv
pairs_arith_v2.csv,3210,arithmetic,gsm8k_test_0358,train,retain,R_random,truthfulqa
pairs_arith_v2.csv,3220,arithmetic,gsm8k_test_0360,train,remove,C0_exact,gsm8k_copy
pairs_arith_v2.csv,3221,arithmetic,gsm8k_test_0360,train,remove,C1_transformed,lmsys_rephrase
pairs_arith_v2.csv,3222,arithmetic,gsm8k_test_0360,train,remove,C2_answer_bearing,gsm8k_solution_frag
pairs_arith_v2.csv,3223,arithmetic,gsm8k_test_0360,train,retain,H2_same_template,gsmplus_numerical_substitution
pairs_arith_v2.csv,3224,arithmetic,gsm8k_test_0360,train,remove,C1_transformed,gsmplus_problem_understanding
pairs_arith_v2.csv,3225,arithmetic,gsm8k_test_0360,train,retain,H2_same_template,gsmplus_critical_thinking
pairs_arith_v2.csv,3226,arithmetic,gsm8k_test_0360,train,retain,H1_same_topic,svamp
pairs_arith_v2.csv,3227,arithmetic,gsm8k_test_0360,train,retain,H3_predating,asdiv
pairs_arith_v2.csv,3228,arithmetic,gsm8k_test_0360,train,retain,R_random,truthfulqa
pairs_arith_v2.csv,3229,arithmetic,gsm8k_test_0361,train,remove,C0_exact,gsm8k_copy
pairs_arith_v2.csv,3230,arithmetic,gsm8k_test_0361,train,remove,C1_transformed,lmsys_rephrase
pairs_arith_v2.csv,3231,arithmetic,gsm8k_test_0361,train,remove,C2_answer_bearing,gsm8k_solution_frag
pairs_arith_v2.csv,3232,arithmetic,gsm8k_test_0361,train,remove,C1_transformed,gsmplus_problem_understanding
pairs_arith_v2.csv,3233,arithmetic,gsm8k_test_0361,train,retain,H2_same_template,gsmplus_critical_thinking
pairs_arith_v2.csv,3234,arithmetic,gsm8k_test_0361,train,retain,H1_same_topic,svamp
pairs_arith_v2.csv,3235,arithmetic,gsm8k_test_0361,train,retain,H3_predating,asdiv
pairs_arith_v2.csv,3236,arithmetic,gsm8k_test_0361,train,retain,R_random,truthfulqa
pairs_arith_v2.csv,3255,arithmetic,gsm8k_test_0364,train,remove,C0_exact,gsm8k_copy
pairs_arith_v2.csv,3256,arithmetic,gsm8k_test_0364,train,remove,C1_transformed,lmsys_rephrase
pairs_arith_v2.csv,3257,arithmetic,gsm8k_test_0364,train,remove,C2_answer_bearing,gsm8k_solution_frag
pairs_arith_v2.csv,3258,arithmetic,gsm8k_test_0364,train,retain,H2_same_template,gsmplus_numerical_substitution
pairs_arith_v2.csv,3259,arithmetic,gsm8k_test_0364,train,remove,C1_transformed,gsmplus_problem_understanding
pairs_arith_v2.csv,3260,arithmetic,gsm8k_test_0364,train,retain,H2_same_template,gsmplus_critical_thinking
pairs_arith_v2.csv,3261,arithmetic,gsm8k_test_0364,train,retain,H1_same_topic,svamp
pairs_arith_v2.csv,3262,arithmetic,gsm8k_test_0364,train,retain,H3_predating,asdiv
pairs_arith_v2.csv,3263,arithmetic,gsm8k_test_0364,train,retain,R_random,truthfulqa
pairs_arith_v2.csv,3264,arithmetic,gsm8k_test_0365,train,remove,C0_exact,gsm8k_copy
pairs_arith_v2.csv,3265,arithmetic,gsm8k_test_0365,train,remove,C1_transformed,lmsys_rephrase
pairs_arith_v2.csv,3266,arithmetic,gsm8k_test_0365,train,remove,C2_answer_bearing,gsm8k_solution_frag
pairs_arith_v2.csv,3267,arithmetic,gsm8k_test_0365,train,retain,H2_same_template,gsmplus_numerical_substitution
pairs_arith_v2.csv,3268,arithmetic,gsm8k_test_0365,train,remove,C1_transformed,gsmplus_problem_understanding
pairs_arith_v2.csv,3269,arithmetic,gsm8k_test_0365,train,retain,H2_same_template,gsmplus_critical_thinking
pairs_arith_v2.csv,3270,arithmetic,gsm8k_test_0365,train,retain,H1_same_topic,svamp
pairs_arith_v2.csv,3271,arithmetic,gsm8k_test_0365,train,retain,H3_predating,asdiv
pairs_arith_v2.csv,3272,arithmetic,gsm8k_test_0365,train,retain,R_random,truthfulqa
pairs_arith_v2.csv,3273,arithmetic,gsm8k_test_0366,train,remove,C0_exact,gsm8k_copy
pairs_arith_v2.csv,3274,arithmetic,gsm8k_test_0366,train,remove,C1_transformed,lmsys_rephrase
pairs_arith_v2.csv,3275,arithmetic,gsm8k_test_0366,train,remove,C2_answer_bearing,gsm8k_solution_frag
pairs_arith_v2.csv,3276,arithmetic,gsm8k_test_0366,train,retain,H2_same_template,gsmplus_numerical_substitution
pairs_arith_v2.csv,3277,arithmetic,gsm8k_test_0366,train,remove,C1_transformed,gsmplus_problem_understanding
pairs_arith_v2.csv,3278,arithmetic,gsm8k_test_0366,train,retain,H2_same_template,gsmplus_critical_thinking
pairs_arith_v2.csv,3279,arithmetic,gsm8k_test_0366,train,retain,H1_same_topic,svamp
pairs_arith_v2.csv,3280,arithmetic,gsm8k_test_0366,train,retain,H3_predating,asdiv
pairs_arith_v2.csv,3281,arithmetic,gsm8k_test_0366,train,retain,R_random,truthfulqa
pairs_arith_v2.csv,3309,arithmetic,gsm8k_test_0370,train,remove,C0_exact,gsm8k_copy
pairs_arith_v2.csv,3310,arithmetic,gsm8k_test_0370,train,remove,C1_transformed,lmsys_rephrase
pairs_arith_v2.csv,3311,arithmetic,gsm8k_test_0370,train,remove,C2_answer_bearing,gsm8k_solution_frag
pairs_arith_v2.csv,3312,arithmetic,gsm8k_test_0370,train,retain,H2_same_template,gsmplus_numerical_substitution
pairs_arith_v2.csv,3313,arithmetic,gsm8k_test_0370,train,remove,C1_transformed,gsmplus_problem_understanding
pairs_arith_v2.csv,3314,arithmetic,gsm8k_test_0370,train,retain,H2_same_template,gsmplus_critical_thinking
pairs_arith_v2.csv,3315,arithmetic,gsm8k_test_0370,train,retain,H1_same_topic,svamp
pairs_arith_v2.csv,3316,arithmetic,gsm8k_test_0370,train,retain,H3_predating,asdiv
pairs_arith_v2.csv,3317,arithmetic,gsm8k_test_0370,train,retain,R_random,truthfulqa
pairs_arith_v2.csv,3318,arithmetic,gsm8k_test_0371,train,remove,C0_exact,gsm8k_copy
pairs_arith_v2.csv,3319,arithmetic,gsm8k_test_0371,train,remove,C1_transformed,lmsys_rephrase
pairs_arith_v2.csv,3320,arithmetic,gsm8k_test_0371,train,remove,C2_answer_bearing,gsm8k_solution_frag
pairs_arith_v2.csv,3321,arithmetic,gsm8k_test_0371,train,retain,H2_same_template,gsmplus_numerical_substitution
pairs_arith_v2.csv,3322,arithmetic,gsm8k_test_0371,train,remove,C1_transformed,gsmplus_problem_understanding
pairs_arith_v2.csv,3323,arithmetic,gsm8k_test_0371,train,retain,H2_same_template,gsmplus_critical_thinking
pairs_arith_v2.csv,3324,arithmetic,gsm8k_test_0371,train,retain,H1_same_topic,svamp
pairs_arith_v2.csv,3325,arithmetic,gsm8k_test_0371,train,retain,H3_predating,asdiv
pairs_arith_v2.csv,3326,arithmetic,gsm8k_test_0371,train,retain,R_random,truthfulqa
pairs_arith_v2.csv,3336,arithmetic,gsm8k_test_0373,train,remove,C0_exact,gsm8k_copy
pairs_arith_v2.csv,3337,arithmetic,gsm8k_test_0373,train,remove,C1_transformed,lmsys_rephrase
pairs_arith_v2.csv,3338,arithmetic,gsm8k_test_0373,train,remove,C2_answer_bearing,gsm8k_solution_frag
pairs_arith_v2.csv,3339,arithmetic,gsm8k_test_0373,train,retain,H2_same_template,gsmplus_numerical_substitution
pairs_arith_v2.csv,3340,arithmetic,gsm8k_test_0373,train,remove,C1_transformed,gsmplus_problem_understanding
pairs_arith_v2.csv,3341,arithmetic,gsm8k_test_0373,train,retain,H2_same_template,gsmplus_critical_thinking
pairs_arith_v2.csv,3342,arithmetic,gsm8k_test_0373,train,retain,H1_same_topic,svamp
pairs_arith_v2.csv,3343,arithmetic,gsm8k_test_0373,train,retain,H3_predating,asdiv
pairs_arith_v2.csv,3344,arithmetic,gsm8k_test_0373,train,retain,R_random,truthfulqa
pairs_arith_v2.csv,3354,arithmetic,gsm8k_test_0375,train,remove,C0_exact,gsm8k_copy
pairs_arith_v2.csv,3355,arithmetic,gsm8k_test_0375,train,remove,C1_transformed,lmsys_rephrase
pairs_arith_v2.csv,3356,arithmetic,gsm8k_test_0375,train,remove,C2_answer_bearing,gsm8k_solution_frag
pairs_arith_v2.csv,3357,arithmetic,gsm8k_test_0375,train,retain,H2_same_template,gsmplus_numerical_substitution
pairs_arith_v2.csv,3358,arithmetic,gsm8k_test_0375,train,remove,C1_transformed,gsmplus_problem_understanding
pairs_arith_v2.csv,3359,arithmetic,gsm8k_test_0375,train,retain,H2_same_template,gsmplus_critical_thinking
pairs_arith_v2.csv,3360,arithmetic,gsm8k_test_0375,train,retain,H1_same_topic,svamp
pairs_arith_v2.csv,3361,arithmetic,gsm8k_test_0375,train,retain,H3_predating,asdiv
pairs_arith_v2.csv,3362,arithmetic,gsm8k_test_0375,train,retain,R_random,truthfulqa
pairs_arith_v2.csv,3372,arithmetic,gsm8k_test_0377,train,remove,C0_exact,gsm8k_copy
pairs_arith_v2.csv,3373,arithmetic,gsm8k_test_0377,train,remove,C1_transformed,lmsys_rephrase
pairs_arith_v2.csv,3374,arithmetic,gsm8k_test_0377,train,remove,C2_answer_bearing,gsm8k_solution_frag
pairs_arith_v2.csv,3375,arithmetic,gsm8k_test_0377,train,retain,H2_same_template,gsmplus_numerical_substitution
pairs_arith_v2.csv,3376,arithmetic,gsm8k_test_0377,train,remove,C1_transformed,gsmplus_problem_understanding
pairs_arith_v2.csv,3377,arithmetic,gsm8k_test_0377,train,retain,H2_same_template,gsmplus_critical_thinking
pairs_arith_v2.csv,3378,arithmetic,gsm8k_test_0377,train,retain,H1_same_topic,svamp
pairs_arith_v2.csv,3379,arithmetic,gsm8k_test_0377,train,retain,H3_predating,asdiv
pairs_arith_v2.csv,3380,arithmetic,gsm8k_test_0377,train,retain,R_random,truthfulqa
pairs_arith_v2.csv,3389,arithmetic,gsm8k_test_0379,train,remove,C0_exact,gsm8k_copy
pairs_arith_v2.csv,3390,arithmetic,gsm8k_test_0379,train,remove,C1_transformed,lmsys_rephrase
pairs_arith_v2.csv,3391,arithmetic,gsm8k_test_0379,train,remove,C2_answer_bearing,gsm8k_solution_frag
pairs_arith_v2.csv,3392,arithmetic,gsm8k_test_0379,train,retain,H2_same_template,gsmplus_numerical_substitution
pairs_arith_v2.csv,3393,arithmetic,gsm8k_test_0379,train,remove,C1_transformed,gsmplus_problem_understanding
pairs_arith_v2.csv,3394,arithmetic,gsm8k_test_0379,train,retain,H2_same_template,gsmplus_critical_thinking
pairs_arith_v2.csv,3395,arithmetic,gsm8k_test_0379,train,retain,H1_same_topic,svamp
pairs_arith_v2.csv,3396,arithmetic,gsm8k_test_0379,train,retain,H3_predating,asdiv
pairs_arith_v2.csv,3397,arithmetic,gsm8k_test_0379,train,retain,R_random,truthfulqa
pairs_arith_v2.csv,3407,arithmetic,gsm8k_test_0381,train,remove,C0_exact,gsm8k_copy
pairs_arith_v2.csv,3408,arithmetic,gsm8k_test_0381,train,remove,C1_transformed,lmsys_rephrase
pairs_arith_v2.csv,3409,arithmetic,gsm8k_test_0381,train,remove,C2_answer_bearing,gsm8k_solution_frag
pairs_arith_v2.csv,3410,arithmetic,gsm8k_test_0381,train,retain,H2_same_template,gsmplus_numerical_substitution
pairs_arith_v2.csv,3411,arithmetic,gsm8k_test_0381,train,remove,C1_transformed,gsmplus_problem_understanding
pairs_arith_v2.csv,3412,arithmetic,gsm8k_test_0381,train,retain,H2_same_template,gsmplus_critical_thinking
pairs_arith_v2.csv,3413,arithmetic,gsm8k_test_0381,train,retain,H1_same_topic,svamp
pairs_arith_v2.csv,3414,arithmetic,gsm8k_test_0381,train,retain,H3_predating,asdiv
pairs_arith_v2.csv,3415,arithmetic,gsm8k_test_0381,train,retain,R_random,truthfulqa
pairs_arith_v2.csv,3416,arithmetic,gsm8k_test_0382,train,remove,C0_exact,gsm8k_copy
pairs_arith_v2.csv,3417,arithmetic,gsm8k_test_0382,train,remove,C1_transformed,lmsys_rephrase
pairs_arith_v2.csv,3418,arithmetic,gsm8k_test_0382,train,remove,C2_answer_bearing,gsm8k_solution_frag
pairs_arith_v2.csv,3419,arithmetic,gsm8k_test_0382,train,retain,H2_same_template,gsmplus_numerical_substitution
pairs_arith_v2.csv,3420,arithmetic,gsm8k_test_0382,train,remove,C1_transformed,gsmplus_problem_understanding
pairs_arith_v2.csv,3421,arithmetic,gsm8k_test_0382,train,retain,H2_same_template,gsmplus_critical_thinking
pairs_arith_v2.csv,3422,arithmetic,gsm8k_test_0382,train,retain,H1_same_topic,svamp
pairs_arith_v2.csv,3423,arithmetic,gsm8k_test_0382,train,retain,H3_predating,asdiv
pairs_arith_v2.csv,3424,arithmetic,gsm8k_test_0382,train,retain,R_random,truthfulqa
pairs_arith_v2.csv,3434,arithmetic,gsm8k_test_0384,train,remove,C0_exact,gsm8k_copy
pairs_arith_v2.csv,3435,arithmetic,gsm8k_test_0384,train,remove,C1_transformed,lmsys_rephrase
pairs_arith_v2.csv,3436,arithmetic,gsm8k_test_0384,train,remove,C2_answer_bearing,gsm8k_solution_frag
pairs_arith_v2.csv,3437,arithmetic,gsm8k_test_0384,train,retain,H2_same_template,gsmplus_numerical_substitution
pairs_arith_v2.csv,3438,arithmetic,gsm8k_test_0384,train,remove,C1_transformed,gsmplus_problem_understanding
pairs_arith_v2.csv,3439,arithmetic,gsm8k_test_0384,train,retain,H2_same_template,gsmplus_critical_thinking
pairs_arith_v2.csv,3440,arithmetic,gsm8k_test_0384,train,retain,H1_same_topic,svamp
pairs_arith_v2.csv,3441,arithmetic,gsm8k_test_0384,train,retain,H3_predating,asdiv
pairs_arith_v2.csv,3442,arithmetic,gsm8k_test_0384,train,retain,R_random,truthfulqa
pairs_arith_v2.csv,3461,arithmetic,gsm8k_test_0387,train,remove,C0_exact,gsm8k_copy
pairs_arith_v2.csv,3462,arithmetic,gsm8k_test_0387,train,remove,C1_transformed,lmsys_rephrase
pairs_arith_v2.csv,3463,arithmetic,gsm8k_test_0387,train,remove,C2_answer_bearing,gsm8k_solution_frag
pairs_arith_v2.csv,3464,arithmetic,gsm8k_test_0387,train,retain,H2_same_template,gsmplus_numerical_substitution
pairs_arith_v2.csv,3465,arithmetic,gsm8k_test_0387,train,remove,C1_transformed,gsmplus_problem_understanding
pairs_arith_v2.csv,3466,arithmetic,gsm8k_test_0387,train,retain,H2_same_template,gsmplus_critical_thinking
pairs_arith_v2.csv,3467,arithmetic,gsm8k_test_0387,train,retain,H1_same_topic,svamp
pairs_arith_v2.csv,3468,arithmetic,gsm8k_test_0387,train,retain,H3_predating,asdiv
pairs_arith_v2.csv,3469,arithmetic,gsm8k_test_0387,train,retain,R_random,truthfulqa
pairs_arith_v2.csv,3479,arithmetic,gsm8k_test_0389,train,remove,C0_exact,gsm8k_copy
pairs_arith_v2.csv,3480,arithmetic,gsm8k_test_0389,train,remove,C1_transformed,lmsys_rephrase
pairs_arith_v2.csv,3481,arithmetic,gsm8k_test_0389,train,remove,C2_answer_bearing,gsm8k_solution_frag
pairs_arith_v2.csv,3482,arithmetic,gsm8k_test_0389,train,retain,H2_same_template,gsmplus_numerical_substitution
pairs_arith_v2.csv,3483,arithmetic,gsm8k_test_0389,train,remove,C1_transformed,gsmplus_problem_understanding
pairs_arith_v2.csv,3484,arithmetic,gsm8k_test_0389,train,retain,H2_same_template,gsmplus_critical_thinking
pairs_arith_v2.csv,3485,arithmetic,gsm8k_test_0389,train,retain,H1_same_topic,svamp
pairs_arith_v2.csv,3486,arithmetic,gsm8k_test_0389,train,retain,H3_predating,asdiv
pairs_arith_v2.csv,3487,arithmetic,gsm8k_test_0389,train,retain,R_random,truthfulqa
pairs_arith_v2.csv,3488,arithmetic,gsm8k_test_0390,train,remove,C0_exact,gsm8k_copy
pairs_arith_v2.csv,3489,arithmetic,gsm8k_test_0390,train,remove,C1_transformed,lmsys_rephrase
pairs_arith_v2.csv,3490,arithmetic,gsm8k_test_0390,train,remove,C2_answer_bearing,gsm8k_solution_frag
pairs_arith_v2.csv,3491,arithmetic,gsm8k_test_0390,train,retain,H2_same_template,gsmplus_numerical_substitution
pairs_arith_v2.csv,3492,arithmetic,gsm8k_test_0390,train,remove,C1_transformed,gsmplus_problem_understanding
pairs_arith_v2.csv,3493,arithmetic,gsm8k_test_0390,train,retain,H2_same_template,gsmplus_critical_thinking
pairs_arith_v2.csv,3494,arithmetic,gsm8k_test_0390,train,retain,H1_same_topic,svamp
pairs_arith_v2.csv,3495,arithmetic,gsm8k_test_0390,train,retain,H3_predating,asdiv
pairs_arith_v2.csv,3496,arithmetic,gsm8k_test_0390,train,retain,R_random,truthfulqa
pairs_arith_v2.csv,3497,arithmetic,gsm8k_test_0391,train,remove,C0_exact,gsm8k_copy
pairs_arith_v2.csv,3498,arithmetic,gsm8k_test_0391,train,remove,C1_transformed,lmsys_rephrase
pairs_arith_v2.csv,3499,arithmetic,gsm8k_test_0391,train,remove,C2_answer_bearing,gsm8k_solution_frag
pairs_arith_v2.csv,3500,arithmetic,gsm8k_test_0391,train,retain,H2_same_template,gsmplus_numerical_substitution
pairs_arith_v2.csv,3501,arithmetic,gsm8k_test_0391,train,remove,C1_transformed,gsmplus_problem_understanding
pairs_arith_v2.csv,3502,arithmetic,gsm8k_test_0391,train,retain,H2_same_template,gsmplus_critical_thinking
pairs_arith_v2.csv,3503,arithmetic,gsm8k_test_0391,train,retain,H1_same_topic,svamp
pairs_arith_v2.csv,3504,arithmetic,gsm8k_test_0391,train,retain,H3_predating,asdiv
pairs_arith_v2.csv,3505,arithmetic,gsm8k_test_0391,train,retain,R_random,truthfulqa
pairs_arith_v2.csv,3533,arithmetic,gsm8k_test_0395,train,remove,C0_exact,gsm8k_copy
pairs_arith_v2.csv,3534,arithmetic,gsm8k_test_0395,train,remove,C1_transformed,lmsys_rephrase
pairs_arith_v2.csv,3535,arithmetic,gsm8k_test_0395,train,remove,C2_answer_bearing,gsm8k_solution_frag
pairs_arith_v2.csv,3536,arithmetic,gsm8k_test_0395,train,retain,H2_same_template,gsmplus_numerical_substitution
pairs_arith_v2.csv,3537,arithmetic,gsm8k_test_0395,train,remove,C1_transformed,gsmplus_problem_understanding
pairs_arith_v2.csv,3538,arithmetic,gsm8k_test_0395,train,retain,H2_same_template,gsmplus_critical_thinking
pairs_arith_v2.csv,3539,arithmetic,gsm8k_test_0395,train,retain,H1_same_topic,svamp
pairs_arith_v2.csv,3540,arithmetic,gsm8k_test_0395,train,retain,H3_predating,asdiv
pairs_arith_v2.csv,3541,arithmetic,gsm8k_test_0395,train,retain,R_random,truthfulqa
pairs_arith_v2.csv,3551,arithmetic,gsm8k_test_0397,train,remove,C0_exact,gsm8k_copy
pairs_arith_v2.csv,3552,arithmetic,gsm8k_test_0397,train,remove,C1_transformed,lmsys_rephrase
pairs_arith_v2.csv,3553,arithmetic,gsm8k_test_0397,train,remove,C2_answer_bearing,gsm8k_solution_frag
pairs_arith_v2.csv,3554,arithmetic,gsm8k_test_0397,train,retain,H2_same_template,gsmplus_numerical_substitution
pairs_arith_v2.csv,3555,arithmetic,gsm8k_test_0397,train,remove,C1_transformed,gsmplus_problem_understanding
pairs_arith_v2.csv,3556,arithmetic,gsm8k_test_0397,train,retain,H2_same_template,gsmplus_critical_thinking
pairs_arith_v2.csv,3557,arithmetic,gsm8k_test_0397,train,retain,H1_same_topic,svamp
pairs_arith_v2.csv,3558,arithmetic,gsm8k_test_0397,train,retain,H3_predating,asdiv
pairs_arith_v2.csv,3559,arithmetic,gsm8k_test_0397,train,retain,R_random,truthfulqa
pairs_arith_v2.csv,3640,arithmetic,gsm8k_test_0407,train,remove,C0_exact,gsm8k_copy
pairs_arith_v2.csv,3641,arithmetic,gsm8k_test_0407,train,remove,C1_transformed,lmsys_rephrase
pairs_arith_v2.csv,3642,arithmetic,gsm8k_test_0407,train,remove,C2_answer_bearing,gsm8k_solution_frag
pairs_arith_v2.csv,3643,arithmetic,gsm8k_test_0407,train,retain,H2_same_template,gsmplus_numerical_substitution
pairs_arith_v2.csv,3644,arithmetic,gsm8k_test_0407,train,remove,C1_transformed,gsmplus_problem_understanding
pairs_arith_v2.csv,3645,arithmetic,gsm8k_test_0407,train,retain,H2_same_template,gsmplus_critical_thinking
pairs_arith_v2.csv,3646,arithmetic,gsm8k_test_0407,train,retain,H1_same_topic,svamp
pairs_arith_v2.csv,3647,arithmetic,gsm8k_test_0407,train,retain,H3_predating,asdiv
pairs_arith_v2.csv,3648,arithmetic,gsm8k_test_0407,train,retain,R_random,truthfulqa
pairs_arith_v2.csv,3730,arithmetic,gsm8k_test_0417,train,remove,C0_exact,gsm8k_copy
pairs_arith_v2.csv,3731,arithmetic,gsm8k_test_0417,train,remove,C1_transformed,lmsys_rephrase
pairs_arith_v2.csv,3732,arithmetic,gsm8k_test_0417,train,remove,C2_answer_bearing,gsm8k_solution_frag
pairs_arith_v2.csv,3733,arithmetic,gsm8k_test_0417,train,retain,H2_same_template,gsmplus_numerical_substitution
pairs_arith_v2.csv,3734,arithmetic,gsm8k_test_0417,train,remove,C1_transformed,gsmplus_problem_understanding
pairs_arith_v2.csv,3735,arithmetic,gsm8k_test_0417,train,retain,H2_same_template,gsmplus_critical_thinking
pairs_arith_v2.csv,3736,arithmetic,gsm8k_test_0417,train,retain,H1_same_topic,svamp
pairs_arith_v2.csv,3737,arithmetic,gsm8k_test_0417,train,retain,H3_predating,asdiv
pairs_arith_v2.csv,3738,arithmetic,gsm8k_test_0417,train,retain,R_random,truthfulqa
pairs_arith_v2.csv,3811,arithmetic,gsm8k_test_0426,train,remove,C0_exact,gsm8k_copy
pairs_arith_v2.csv,3812,arithmetic,gsm8k_test_0426,train,remove,C1_transformed,lmsys_rephrase
pairs_arith_v2.csv,3813,arithmetic,gsm8k_test_0426,train,remove,C2_answer_bearing,gsm8k_solution_frag
pairs_arith_v2.csv,3814,arithmetic,gsm8k_test_0426,train,retain,H2_same_template,gsmplus_numerical_substitution
pairs_arith_v2.csv,3815,arithmetic,gsm8k_test_0426,train,remove,C1_transformed,gsmplus_problem_understanding
pairs_arith_v2.csv,3816,arithmetic,gsm8k_test_0426,train,retain,H2_same_template,gsmplus_critical_thinking
pairs_arith_v2.csv,3817,arithmetic,gsm8k_test_0426,train,retain,H1_same_topic,svamp
pairs_arith_v2.csv,3818,arithmetic,gsm8k_test_0426,train,retain,H3_predating,asdiv
pairs_arith_v2.csv,3819,arithmetic,gsm8k_test_0426,train,retain,R_random,truthfulqa
pairs_arith_v2.csv,3829,arithmetic,gsm8k_test_0428,train,remove,C0_exact,gsm8k_copy
pairs_arith_v2.csv,3830,arithmetic,gsm8k_test_0428,train,remove,C1_transformed,lmsys_rephrase
pairs_arith_v2.csv,3831,arithmetic,gsm8k_test_0428,train,remove,C2_answer_bearing,gsm8k_solution_frag
pairs_arith_v2.csv,3832,arithmetic,gsm8k_test_0428,train,retain,H2_same_template,gsmplus_numerical_substitution
pairs_arith_v2.csv,3833,arithmetic,gsm8k_test_0428,train,remove,C1_transformed,gsmplus_problem_understanding
pairs_arith_v2.csv,3834,arithmetic,gsm8k_test_0428,train,retain,H2_same_template,gsmplus_critical_thinking
pairs_arith_v2.csv,3835,arithmetic,gsm8k_test_0428,train,retain,H1_same_topic,svamp
pairs_arith_v2.csv,3836,arithmetic,gsm8k_test_0428,train,retain,H3_predating,asdiv
pairs_arith_v2.csv,3837,arithmetic,gsm8k_test_0428,train,retain,R_random,truthfulqa
pairs_arith_v2.csv,3874,arithmetic,gsm8k_test_0433,train,remove,C0_exact,gsm8k_copy
pairs_arith_v2.csv,3875,arithmetic,gsm8k_test_0433,train,remove,C1_transformed,lmsys_rephrase
pairs_arith_v2.csv,3876,arithmetic,gsm8k_test_0433,train,remove,C2_answer_bearing,gsm8k_solution_frag
pairs_arith_v2.csv,3877,arithmetic,gsm8k_test_0433,train,retain,H2_same_template,gsmplus_numerical_substitution
pairs_arith_v2.csv,3878,arithmetic,gsm8k_test_0433,train,remove,C1_transformed,gsmplus_problem_understanding
pairs_arith_v2.csv,3879,arithmetic,gsm8k_test_0433,train,retain,H2_same_template,gsmplus_critical_thinking
pairs_arith_v2.csv,3880,arithmetic,gsm8k_test_0433,train,retain,H1_same_topic,svamp
pairs_arith_v2.csv,3881,arithmetic,gsm8k_test_0433,train,retain,H3_predating,asdiv
pairs_arith_v2.csv,3882,arithmetic,gsm8k_test_0433,train,retain,R_random,truthfulqa
pairs_arith_v2.csv,3883,arithmetic,gsm8k_test_0434,train,remove,C0_exact,gsm8k_copy
pairs_arith_v2.csv,3884,arithmetic,gsm8k_test_0434,train,remove,C1_transformed,lmsys_rephrase
pairs_arith_v2.csv,3885,arithmetic,gsm8k_test_0434,train,remove,C2_answer_bearing,gsm8k_solution_frag
pairs_arith_v2.csv,3886,arithmetic,gsm8k_test_0434,train,retain,H2_same_template,gsmplus_numerical_substitution
pairs_arith_v2.csv,3887,arithmetic,gsm8k_test_0434,train,remove,C1_transformed,gsmplus_problem_understanding
pairs_arith_v2.csv,3888,arithmetic,gsm8k_test_0434,train,retain,H2_same_template,gsmplus_critical_thinking
pairs_arith_v2.csv,3889,arithmetic,gsm8k_test_0434,train,retain,H1_same_topic,svamp
pairs_arith_v2.csv,3890,arithmetic,gsm8k_test_0434,train,retain,H3_predating,asdiv
pairs_arith_v2.csv,3891,arithmetic,gsm8k_test_0434,train,retain,R_random,truthfulqa
pairs_arith_v2.csv,3901,arithmetic,gsm8k_test_0436,train,remove,C0_exact,gsm8k_copy
pairs_arith_v2.csv,3902,arithmetic,gsm8k_test_0436,train,remove,C1_transformed,lmsys_rephrase
pairs_arith_v2.csv,3903,arithmetic,gsm8k_test_0436,train,remove,C2_answer_bearing,gsm8k_solution_frag
pairs_arith_v2.csv,3904,arithmetic,gsm8k_test_0436,train,retain,H2_same_template,gsmplus_numerical_substitution
pairs_arith_v2.csv,3905,arithmetic,gsm8k_test_0436,train,remove,C1_transformed,gsmplus_problem_understanding
pairs_arith_v2.csv,3906,arithmetic,gsm8k_test_0436,train,retain,H2_same_template,gsmplus_critical_thinking
pairs_arith_v2.csv,3907,arithmetic,gsm8k_test_0436,train,retain,H1_same_topic,svamp
pairs_arith_v2.csv,3908,arithmetic,gsm8k_test_0436,train,retain,H3_predating,asdiv
pairs_arith_v2.csv,3909,arithmetic,gsm8k_test_0436,train,retain,R_random,truthfulqa
pairs_arith_v2.csv,3928,arithmetic,gsm8k_test_0439,train,remove,C0_exact,gsm8k_copy
pairs_arith_v2.csv,3929,arithmetic,gsm8k_test_0439,train,remove,C1_transformed,lmsys_rephrase
pairs_arith_v2.csv,3930,arithmetic,gsm8k_test_0439,train,remove,C2_answer_bearing,gsm8k_solution_frag
pairs_arith_v2.csv,3931,arithmetic,gsm8k_test_0439,train,retain,H2_same_template,gsmplus_numerical_substitution
pairs_arith_v2.csv,3932,arithmetic,gsm8k_test_0439,train,remove,C1_transformed,gsmplus_problem_understanding
pairs_arith_v2.csv,3933,arithmetic,gsm8k_test_0439,train,retain,H2_same_template,gsmplus_critical_thinking
pairs_arith_v2.csv,3934,arithmetic,gsm8k_test_0439,train,retain,H1_same_topic,svamp
pairs_arith_v2.csv,3935,arithmetic,gsm8k_test_0439,train,retain,H3_predating,asdiv
pairs_arith_v2.csv,3936,arithmetic,gsm8k_test_0439,train,retain,R_random,truthfulqa
pairs_arith_v2.csv,3946,arithmetic,gsm8k_test_0441,train,remove,C0_exact,gsm8k_copy
pairs_arith_v2.csv,3947,arithmetic,gsm8k_test_0441,train,remove,C1_transformed,lmsys_rephrase
pairs_arith_v2.csv,3948,arithmetic,gsm8k_test_0441,train,remove,C2_answer_bearing,gsm8k_solution_frag
pairs_arith_v2.csv,3949,arithmetic,gsm8k_test_0441,train,retain,H2_same_template,gsmplus_numerical_substitution
pairs_arith_v2.csv,3950,arithmetic,gsm8k_test_0441,train,remove,C1_transformed,gsmplus_problem_understanding
pairs_arith_v2.csv,3951,arithmetic,gsm8k_test_0441,train,retain,H2_same_template,gsmplus_critical_thinking
pairs_arith_v2.csv,3952,arithmetic,gsm8k_test_0441,train,retain,H1_same_topic,svamp
pairs_arith_v2.csv,3953,arithmetic,gsm8k_test_0441,train,retain,H3_predating,asdiv
pairs_arith_v2.csv,3954,arithmetic,gsm8k_test_0441,train,retain,R_random,truthfulqa
pairs_arith_v2.csv,3973,arithmetic,gsm8k_test_0444,train,remove,C0_exact,gsm8k_copy
pairs_arith_v2.csv,3974,arithmetic,gsm8k_test_0444,train,remove,C1_transformed,lmsys_rephrase
pairs_arith_v2.csv,3975,arithmetic,gsm8k_test_0444,train,remove,C2_answer_bearing,gsm8k_solution_frag
pairs_arith_v2.csv,3976,arithmetic,gsm8k_test_0444,train,retain,H2_same_template,gsmplus_numerical_substitution
pairs_arith_v2.csv,3977,arithmetic,gsm8k_test_0444,train,remove,C1_transformed,gsmplus_problem_understanding
pairs_arith_v2.csv,3978,arithmetic,gsm8k_test_0444,train,retain,H2_same_template,gsmplus_critical_thinking
pairs_arith_v2.csv,3979,arithmetic,gsm8k_test_0444,train,retain,H1_same_topic,svamp
pairs_arith_v2.csv,3980,arithmetic,gsm8k_test_0444,train,retain,H3_predating,asdiv
pairs_arith_v2.csv,3981,arithmetic,gsm8k_test_0444,train,retain,R_random,truthfulqa
pairs_arith_v2.csv,4009,arithmetic,gsm8k_test_0448,train,remove,C0_exact,gsm8k_copy
pairs_arith_v2.csv,4010,arithmetic,gsm8k_test_0448,train,remove,C1_transformed,lmsys_rephrase
pairs_arith_v2.csv,4011,arithmetic,gsm8k_test_0448,train,remove,C2_answer_bearing,gsm8k_solution_frag
pairs_arith_v2.csv,4012,arithmetic,gsm8k_test_0448,train,retain,H2_same_template,gsmplus_numerical_substitution
pairs_arith_v2.csv,4013,arithmetic,gsm8k_test_0448,train,remove,C1_transformed,gsmplus_problem_understanding
pairs_arith_v2.csv,4014,arithmetic,gsm8k_test_0448,train,retain,H2_same_template,gsmplus_critical_thinking
pairs_arith_v2.csv,4015,arithmetic,gsm8k_test_0448,train,retain,H1_same_topic,svamp
pairs_arith_v2.csv,4016,arithmetic,gsm8k_test_0448,train,retain,H3_predating,asdiv
pairs_arith_v2.csv,4017,arithmetic,gsm8k_test_0448,train,retain,R_random,truthfulqa
pairs_arith_v2.csv,4027,arithmetic,gsm8k_test_0450,train,remove,C0_exact,gsm8k_copy
pairs_arith_v2.csv,4028,arithmetic,gsm8k_test_0450,train,remove,C1_transformed,lmsys_rephrase
pairs_arith_v2.csv,4029,arithmetic,gsm8k_test_0450,train,remove,C2_answer_bearing,gsm8k_solution_frag
pairs_arith_v2.csv,4030,arithmetic,gsm8k_test_0450,train,retain,H2_same_template,gsmplus_numerical_substitution
pairs_arith_v2.csv,4031,arithmetic,gsm8k_test_0450,train,remove,C1_transformed,gsmplus_problem_understanding
pairs_arith_v2.csv,4032,arithmetic,gsm8k_test_0450,train,retain,H2_same_template,gsmplus_critical_thinking
pairs_arith_v2.csv,4033,arithmetic,gsm8k_test_0450,train,retain,H1_same_topic,svamp
pairs_arith_v2.csv,4034,arithmetic,gsm8k_test_0450,train,retain,H3_predating,asdiv
pairs_arith_v2.csv,4035,arithmetic,gsm8k_test_0450,train,retain,R_random,truthfulqa
pairs_arith_v2.csv,4063,arithmetic,gsm8k_test_0454,train,remove,C0_exact,gsm8k_copy
pairs_arith_v2.csv,4064,arithmetic,gsm8k_test_0454,train,remove,C1_transformed,lmsys_rephrase
pairs_arith_v2.csv,4065,arithmetic,gsm8k_test_0454,train,remove,C2_answer_bearing,gsm8k_solution_frag
pairs_arith_v2.csv,4066,arithmetic,gsm8k_test_0454,train,retain,H2_same_template,gsmplus_numerical_substitution
pairs_arith_v2.csv,4067,arithmetic,gsm8k_test_0454,train,remove,C1_transformed,gsmplus_problem_understanding
pairs_arith_v2.csv,4068,arithmetic,gsm8k_test_0454,train,retain,H2_same_template,gsmplus_critical_thinking
pairs_arith_v2.csv,4069,arithmetic,gsm8k_test_0454,train,retain,H1_same_topic,svamp
pairs_arith_v2.csv,4070,arithmetic,gsm8k_test_0454,train,retain,H3_predating,asdiv
pairs_arith_v2.csv,4071,arithmetic,gsm8k_test_0454,train,retain,R_random,truthfulqa
pairs_arith_v2.csv,4108,arithmetic,gsm8k_test_0459,train,remove,C0_exact,gsm8k_copy
pairs_arith_v2.csv,4109,arithmetic,gsm8k_test_0459,train,remove,C1_transformed,lmsys_rephrase
pairs_arith_v2.csv,4110,arithmetic,gsm8k_test_0459,train,remove,C2_answer_bearing,gsm8k_solution_frag
pairs_arith_v2.csv,4111,arithmetic,gsm8k_test_0459,train,retain,H2_same_template,gsmplus_numerical_substitution
pairs_arith_v2.csv,4112,arithmetic,gsm8k_test_0459,train,remove,C1_transformed,gsmplus_problem_understanding
pairs_arith_v2.csv,4113,arithmetic,gsm8k_test_0459,train,retain,H2_same_template,gsmplus_critical_thinking
pairs_arith_v2.csv,4114,arithmetic,gsm8k_test_0459,train,retain,H1_same_topic,svamp
pairs_arith_v2.csv,4115,arithmetic,gsm8k_test_0459,train,retain,H3_predating,asdiv
pairs_arith_v2.csv,4116,arithmetic,gsm8k_test_0459,train,retain,R_random,truthfulqa
pairs_arith_v2.csv,4144,arithmetic,gsm8k_test_0463,train,remove,C0_exact,gsm8k_copy
pairs_arith_v2.csv,4145,arithmetic,gsm8k_test_0463,train,remove,C1_transformed,lmsys_rephrase
pairs_arith_v2.csv,4146,arithmetic,gsm8k_test_0463,train,remove,C2_answer_bearing,gsm8k_solution_frag
pairs_arith_v2.csv,4147,arithmetic,gsm8k_test_0463,train,retain,H2_same_template,gsmplus_numerical_substitution
pairs_arith_v2.csv,4148,arithmetic,gsm8k_test_0463,train,remove,C1_transformed,gsmplus_problem_understanding
pairs_arith_v2.csv,4149,arithmetic,gsm8k_test_0463,train,retain,H2_same_template,gsmplus_critical_thinking
pairs_arith_v2.csv,4150,arithmetic,gsm8k_test_0463,train,retain,H1_same_topic,svamp
pairs_arith_v2.csv,4151,arithmetic,gsm8k_test_0463,train,retain,H3_predating,asdiv
pairs_arith_v2.csv,4152,arithmetic,gsm8k_test_0463,train,retain,R_random,truthfulqa
pairs_arith_v2.csv,4180,arithmetic,gsm8k_test_0467,train,remove,C0_exact,gsm8k_copy
pairs_arith_v2.csv,4181,arithmetic,gsm8k_test_0467,train,remove,C1_transformed,lmsys_rephrase
pairs_arith_v2.csv,4182,arithmetic,gsm8k_test_0467,train,remove,C2_answer_bearing,gsm8k_solution_frag
pairs_arith_v2.csv,4183,arithmetic,gsm8k_test_0467,train,retain,H2_same_template,gsmplus_numerical_substitution
pairs_arith_v2.csv,4184,arithmetic,gsm8k_test_0467,train,remove,C1_transformed,gsmplus_problem_understanding
pairs_arith_v2.csv,4185,arithmetic,gsm8k_test_0467,train,retain,H2_same_template,gsmplus_critical_thinking
pairs_arith_v2.csv,4186,arithmetic,gsm8k_test_0467,train,retain,H1_same_topic,svamp
pairs_arith_v2.csv,4187,arithmetic,gsm8k_test_0467,train,retain,H3_predating,asdiv
pairs_arith_v2.csv,4188,arithmetic,gsm8k_test_0467,train,retain,R_random,truthfulqa
pairs_arith_v2.csv,4189,arithmetic,gsm8k_test_0468,train,remove,C0_exact,gsm8k_copy
pairs_arith_v2.csv,4190,arithmetic,gsm8k_test_0468,train,remove,C1_transformed,lmsys_rephrase
pairs_arith_v2.csv,4191,arithmetic,gsm8k_test_0468,train,remove,C2_answer_bearing,gsm8k_solution_frag
pairs_arith_v2.csv,4192,arithmetic,gsm8k_test_0468,train,retain,H2_same_template,gsmplus_numerical_substitution
pairs_arith_v2.csv,4193,arithmetic,gsm8k_test_0468,train,remove,C1_transformed,gsmplus_problem_understanding
pairs_arith_v2.csv,4194,arithmetic,gsm8k_test_0468,train,retain,H2_same_template,gsmplus_critical_thinking
pairs_arith_v2.csv,4195,arithmetic,gsm8k_test_0468,train,retain,H1_same_topic,svamp
pairs_arith_v2.csv,4196,arithmetic,gsm8k_test_0468,train,retain,H3_predating,asdiv
pairs_arith_v2.csv,4197,arithmetic,gsm8k_test_0468,train,retain,R_random,truthfulqa
pairs_arith_v2.csv,4198,arithmetic,gsm8k_test_0469,train,remove,C0_exact,gsm8k_copy
pairs_arith_v2.csv,4199,arithmetic,gsm8k_test_0469,train,remove,C1_transformed,lmsys_rephrase
pairs_arith_v2.csv,4200,arithmetic,gsm8k_test_0469,train,remove,C2_answer_bearing,gsm8k_solution_frag
pairs_arith_v2.csv,4201,arithmetic,gsm8k_test_0469,train,retain,H2_same_template,gsmplus_numerical_substitution
pairs_arith_v2.csv,4202,arithmetic,gsm8k_test_0469,train,remove,C1_transformed,gsmplus_problem_understanding
pairs_arith_v2.csv,4203,arithmetic,gsm8k_test_0469,train,retain,H2_same_template,gsmplus_critical_thinking
pairs_arith_v2.csv,4204,arithmetic,gsm8k_test_0469,train,retain,H1_same_topic,svamp
pairs_arith_v2.csv,4205,arithmetic,gsm8k_test_0469,train,retain,H3_predating,asdiv
pairs_arith_v2.csv,4206,arithmetic,gsm8k_test_0469,train,retain,R_random,truthfulqa
pairs_arith_v2.csv,4225,arithmetic,gsm8k_test_0472,train,remove,C0_exact,gsm8k_copy
pairs_arith_v2.csv,4226,arithmetic,gsm8k_test_0472,train,remove,C1_transformed,lmsys_rephrase
pairs_arith_v2.csv,4227,arithmetic,gsm8k_test_0472,train,remove,C2_answer_bearing,gsm8k_solution_frag
pairs_arith_v2.csv,4228,arithmetic,gsm8k_test_0472,train,retain,H2_same_template,gsmplus_numerical_substitution
pairs_arith_v2.csv,4229,arithmetic,gsm8k_test_0472,train,remove,C1_transformed,gsmplus_problem_understanding
pairs_arith_v2.csv,4230,arithmetic,gsm8k_test_0472,train,retain,H2_same_template,gsmplus_critical_thinking
pairs_arith_v2.csv,4231,arithmetic,gsm8k_test_0472,train,retain,H1_same_topic,svamp
pairs_arith_v2.csv,4232,arithmetic,gsm8k_test_0472,train,retain,H3_predating,asdiv
pairs_arith_v2.csv,4233,arithmetic,gsm8k_test_0472,train,retain,R_random,truthfulqa
pairs_arith_v2.csv,4243,arithmetic,gsm8k_test_0474,train,remove,C0_exact,gsm8k_copy
pairs_arith_v2.csv,4244,arithmetic,gsm8k_test_0474,train,remove,C1_transformed,lmsys_rephrase
pairs_arith_v2.csv,4245,arithmetic,gsm8k_test_0474,train,remove,C2_answer_bearing,gsm8k_solution_frag
pairs_arith_v2.csv,4246,arithmetic,gsm8k_test_0474,train,retain,H2_same_template,gsmplus_numerical_substitution
pairs_arith_v2.csv,4247,arithmetic,gsm8k_test_0474,train,remove,C1_transformed,gsmplus_problem_understanding
pairs_arith_v2.csv,4248,arithmetic,gsm8k_test_0474,train,retain,H2_same_template,gsmplus_critical_thinking
pairs_arith_v2.csv,4249,arithmetic,gsm8k_test_0474,train,retain,H1_same_topic,svamp
pairs_arith_v2.csv,4250,arithmetic,gsm8k_test_0474,train,retain,H3_predating,asdiv
pairs_arith_v2.csv,4251,arithmetic,gsm8k_test_0474,train,retain,R_random,truthfulqa
pairs_arith_v2.csv,4252,arithmetic,gsm8k_test_0475,train,remove,C0_exact,gsm8k_copy
pairs_arith_v2.csv,4253,arithmetic,gsm8k_test_0475,train,remove,C1_transformed,lmsys_rephrase
pairs_arith_v2.csv,4254,arithmetic,gsm8k_test_0475,train,remove,C2_answer_bearing,gsm8k_solution_frag
pairs_arith_v2.csv,4255,arithmetic,gsm8k_test_0475,train,retain,H2_same_template,gsmplus_numerical_substitution
pairs_arith_v2.csv,4256,arithmetic,gsm8k_test_0475,train,remove,C1_transformed,gsmplus_problem_understanding
pairs_arith_v2.csv,4257,arithmetic,gsm8k_test_0475,train,retain,H2_same_template,gsmplus_critical_thinking
pairs_arith_v2.csv,4258,arithmetic,gsm8k_test_0475,train,retain,H1_same_topic,svamp
pairs_arith_v2.csv,4259,arithmetic,gsm8k_test_0475,train,retain,H3_predating,asdiv
pairs_arith_v2.csv,4260,arithmetic,gsm8k_test_0475,train,retain,R_random,truthfulqa
pairs_arith_v2.csv,4270,arithmetic,gsm8k_test_0477,train,remove,C0_exact,gsm8k_copy
pairs_arith_v2.csv,4271,arithmetic,gsm8k_test_0477,train,remove,C1_transformed,lmsys_rephrase
pairs_arith_v2.csv,4272,arithmetic,gsm8k_test_0477,train,remove,C2_answer_bearing,gsm8k_solution_frag
pairs_arith_v2.csv,4273,arithmetic,gsm8k_test_0477,train,retain,H2_same_template,gsmplus_numerical_substitution
pairs_arith_v2.csv,4274,arithmetic,gsm8k_test_0477,train,remove,C1_transformed,gsmplus_problem_understanding
pairs_arith_v2.csv,4275,arithmetic,gsm8k_test_0477,train,retain,H2_same_template,gsmplus_critical_thinking
pairs_arith_v2.csv,4276,arithmetic,gsm8k_test_0477,train,retain,H1_same_topic,svamp
pairs_arith_v2.csv,4277,arithmetic,gsm8k_test_0477,train,retain,H3_predating,asdiv
pairs_arith_v2.csv,4278,arithmetic,gsm8k_test_0477,train,retain,R_random,truthfulqa
pairs_arith_v2.csv,4297,arithmetic,gsm8k_test_0480,train,remove,C0_exact,gsm8k_copy
pairs_arith_v2.csv,4298,arithmetic,gsm8k_test_0480,train,remove,C1_transformed,lmsys_rephrase
pairs_arith_v2.csv,4299,arithmetic,gsm8k_test_0480,train,remove,C2_answer_bearing,gsm8k_solution_frag
pairs_arith_v2.csv,4300,arithmetic,gsm8k_test_0480,train,remove,C1_transformed,gsmplus_problem_understanding
pairs_arith_v2.csv,4301,arithmetic,gsm8k_test_0480,train,retain,H2_same_template,gsmplus_critical_thinking
pairs_arith_v2.csv,4302,arithmetic,gsm8k_test_0480,train,retain,H1_same_topic,svamp
pairs_arith_v2.csv,4303,arithmetic,gsm8k_test_0480,train,retain,H3_predating,asdiv
pairs_arith_v2.csv,4304,arithmetic,gsm8k_test_0480,train,retain,R_random,truthfulqa
pairs_arith_v2.csv,4314,arithmetic,gsm8k_test_0482,train,remove,C0_exact,gsm8k_copy
pairs_arith_v2.csv,4315,arithmetic,gsm8k_test_0482,train,remove,C1_transformed,lmsys_rephrase
pairs_arith_v2.csv,4316,arithmetic,gsm8k_test_0482,train,remove,C2_answer_bearing,gsm8k_solution_frag
pairs_arith_v2.csv,4317,arithmetic,gsm8k_test_0482,train,retain,H2_same_template,gsmplus_numerical_substitution
pairs_arith_v2.csv,4318,arithmetic,gsm8k_test_0482,train,remove,C1_transformed,gsmplus_problem_understanding
pairs_arith_v2.csv,4319,arithmetic,gsm8k_test_0482,train,retain,H2_same_template,gsmplus_critical_thinking
pairs_arith_v2.csv,4320,arithmetic,gsm8k_test_0482,train,retain,H1_same_topic,svamp
pairs_arith_v2.csv,4321,arithmetic,gsm8k_test_0482,train,retain,H3_predating,asdiv
pairs_arith_v2.csv,4322,arithmetic,gsm8k_test_0482,train,retain,R_random,truthfulqa
pairs_arith_v2.csv,4323,arithmetic,gsm8k_test_0483,train,remove,C0_exact,gsm8k_copy
pairs_arith_v2.csv,4324,arithmetic,gsm8k_test_0483,train,remove,C1_transformed,lmsys_rephrase
pairs_arith_v2.csv,4325,arithmetic,gsm8k_test_0483,train,remove,C2_answer_bearing,gsm8k_solution_frag
pairs_arith_v2.csv,4326,arithmetic,gsm8k_test_0483,train,retain,H2_same_template,gsmplus_numerical_substitution
pairs_arith_v2.csv,4327,arithmetic,gsm8k_test_0483,train,remove,C1_transformed,gsmplus_problem_understanding
pairs_arith_v2.csv,4328,arithmetic,gsm8k_test_0483,train,retain,H2_same_template,gsmplus_critical_thinking
pairs_arith_v2.csv,4329,arithmetic,gsm8k_test_0483,train,retain,H1_same_topic,svamp
pairs_arith_v2.csv,4330,arithmetic,gsm8k_test_0483,train,retain,H3_predating,asdiv
pairs_arith_v2.csv,4331,arithmetic,gsm8k_test_0483,train,retain,R_random,truthfulqa
pairs_arith_v2.csv,4341,arithmetic,gsm8k_test_0485,train,remove,C0_exact,gsm8k_copy
pairs_arith_v2.csv,4342,arithmetic,gsm8k_test_0485,train,remove,C1_transformed,lmsys_rephrase
pairs_arith_v2.csv,4343,arithmetic,gsm8k_test_0485,train,remove,C2_answer_bearing,gsm8k_solution_frag
pairs_arith_v2.csv,4344,arithmetic,gsm8k_test_0485,train,retain,H2_same_template,gsmplus_numerical_substitution
pairs_arith_v2.csv,4345,arithmetic,gsm8k_test_0485,train,remove,C1_transformed,gsmplus_problem_understanding
pairs_arith_v2.csv,4346,arithmetic,gsm8k_test_0485,train,retain,H2_same_template,gsmplus_critical_thinking
pairs_arith_v2.csv,4347,arithmetic,gsm8k_test_0485,train,retain,H1_same_topic,svamp
pairs_arith_v2.csv,4348,arithmetic,gsm8k_test_0485,train,retain,H3_predating,asdiv
pairs_arith_v2.csv,4349,arithmetic,gsm8k_test_0485,train,retain,R_random,truthfulqa
pairs_arith_v2.csv,4350,arithmetic,gsm8k_test_0486,train,remove,C0_exact,gsm8k_copy
pairs_arith_v2.csv,4351,arithmetic,gsm8k_test_0486,train,remove,C1_transformed,lmsys_rephrase
pairs_arith_v2.csv,4352,arithmetic,gsm8k_test_0486,train,remove,C2_answer_bearing,gsm8k_solution_frag
pairs_arith_v2.csv,4353,arithmetic,gsm8k_test_0486,train,retain,H2_same_template,gsmplus_numerical_substitution
pairs_arith_v2.csv,4354,arithmetic,gsm8k_test_0486,train,remove,C1_transformed,gsmplus_problem_understanding
pairs_arith_v2.csv,4355,arithmetic,gsm8k_test_0486,train,retain,H2_same_template,gsmplus_critical_thinking
pairs_arith_v2.csv,4356,arithmetic,gsm8k_test_0486,train,retain,H1_same_topic,svamp
pairs_arith_v2.csv,4357,arithmetic,gsm8k_test_0486,train,retain,H3_predating,asdiv
pairs_arith_v2.csv,4358,arithmetic,gsm8k_test_0486,train,retain,R_random,truthfulqa
pairs_arith_v2.csv,4368,arithmetic,gsm8k_test_0488,train,remove,C0_exact,gsm8k_copy
pairs_arith_v2.csv,4369,arithmetic,gsm8k_test_0488,train,remove,C1_transformed,lmsys_rephrase
pairs_arith_v2.csv,4370,arithmetic,gsm8k_test_0488,train,remove,C2_answer_bearing,gsm8k_solution_frag
pairs_arith_v2.csv,4371,arithmetic,gsm8k_test_0488,train,retain,H2_same_template,gsmplus_numerical_substitution
pairs_arith_v2.csv,4372,arithmetic,gsm8k_test_0488,train,remove,C1_transformed,gsmplus_problem_understanding
pairs_arith_v2.csv,4373,arithmetic,gsm8k_test_0488,train,retain,H2_same_template,gsmplus_critical_thinking
pairs_arith_v2.csv,4374,arithmetic,gsm8k_test_0488,train,retain,H1_same_topic,svamp
pairs_arith_v2.csv,4375,arithmetic,gsm8k_test_0488,train,retain,H3_predating,asdiv
pairs_arith_v2.csv,4376,arithmetic,gsm8k_test_0488,train,retain,R_random,truthfulqa
pairs_arith_v2.csv,4377,arithmetic,gsm8k_test_0489,train,remove,C0_exact,gsm8k_copy
pairs_arith_v2.csv,4378,arithmetic,gsm8k_test_0489,train,remove,C1_transformed,lmsys_rephrase
pairs_arith_v2.csv,4379,arithmetic,gsm8k_test_0489,train,remove,C2_answer_bearing,gsm8k_solution_frag
pairs_arith_v2.csv,4380,arithmetic,gsm8k_test_0489,train,retain,H2_same_template,gsmplus_numerical_substitution
pairs_arith_v2.csv,4381,arithmetic,gsm8k_test_0489,train,remove,C1_transformed,gsmplus_problem_understanding
pairs_arith_v2.csv,4382,arithmetic,gsm8k_test_0489,train,retain,H2_same_template,gsmplus_critical_thinking
pairs_arith_v2.csv,4383,arithmetic,gsm8k_test_0489,train,retain,H1_same_topic,svamp
pairs_arith_v2.csv,4384,arithmetic,gsm8k_test_0489,train,retain,H3_predating,asdiv
pairs_arith_v2.csv,4385,arithmetic,gsm8k_test_0489,train,retain,R_random,truthfulqa
pairs_arith_v2.csv,4412,arithmetic,gsm8k_test_0493,train,remove,C0_exact,gsm8k_copy
pairs_arith_v2.csv,4413,arithmetic,gsm8k_test_0493,train,remove,C1_transformed,lmsys_rephrase
pairs_arith_v2.csv,4414,arithmetic,gsm8k_test_0493,train,remove,C2_answer_bearing,gsm8k_solution_frag
pairs_arith_v2.csv,4415,arithmetic,gsm8k_test_0493,train,retain,H2_same_template,gsmplus_numerical_substitution
pairs_arith_v2.csv,4416,arithmetic,gsm8k_test_0493,train,remove,C1_transformed,gsmplus_problem_understanding
pairs_arith_v2.csv,4417,arithmetic,gsm8k_test_0493,train,retain,H2_same_template,gsmplus_critical_thinking
pairs_arith_v2.csv,4418,arithmetic,gsm8k_test_0493,train,retain,H1_same_topic,svamp
pairs_arith_v2.csv,4419,arithmetic,gsm8k_test_0493,train,retain,H3_predating,asdiv
pairs_arith_v2.csv,4420,arithmetic,gsm8k_test_0493,train,retain,R_random,truthfulqa
pairs_arith_v2.csv,4421,arithmetic,gsm8k_test_0494,train,remove,C0_exact,gsm8k_copy
pairs_arith_v2.csv,4422,arithmetic,gsm8k_test_0494,train,remove,C1_transformed,lmsys_rephrase
pairs_arith_v2.csv,4423,arithmetic,gsm8k_test_0494,train,remove,C2_answer_bearing,gsm8k_solution_frag
pairs_arith_v2.csv,4424,arithmetic,gsm8k_test_0494,train,retain,H2_same_template,gsmplus_numerical_substitution
pairs_arith_v2.csv,4425,arithmetic,gsm8k_test_0494,train,remove,C1_transformed,gsmplus_problem_understanding
pairs_arith_v2.csv,4426,arithmetic,gsm8k_test_0494,train,retain,H2_same_template,gsmplus_critical_thinking
pairs_arith_v2.csv,4427,arithmetic,gsm8k_test_0494,train,retain,H1_same_topic,svamp
pairs_arith_v2.csv,4428,arithmetic,gsm8k_test_0494,train,retain,H3_predating,asdiv
pairs_arith_v2.csv,4429,arithmetic,gsm8k_test_0494,train,retain,R_random,truthfulqa
pairs_arith_v2.csv,4448,arithmetic,gsm8k_test_0497,train,remove,C0_exact,gsm8k_copy
pairs_arith_v2.csv,4449,arithmetic,gsm8k_test_0497,train,remove,C1_transformed,lmsys_rephrase
pairs_arith_v2.csv,4450,arithmetic,gsm8k_test_0497,train,remove,C2_answer_bearing,gsm8k_solution_frag
pairs_arith_v2.csv,4451,arithmetic,gsm8k_test_0497,train,retain,H2_same_template,gsmplus_numerical_substitution
pairs_arith_v2.csv,4452,arithmetic,gsm8k_test_0497,train,remove,C1_transformed,gsmplus_problem_understanding
pairs_arith_v2.csv,4453,arithmetic,gsm8k_test_0497,train,retain,H2_same_template,gsmplus_critical_thinking
pairs_arith_v2.csv,4454,arithmetic,gsm8k_test_0497,train,retain,H1_same_topic,svamp
pairs_arith_v2.csv,4455,arithmetic,gsm8k_test_0497,train,retain,H3_predating,asdiv
pairs_arith_v2.csv,4456,arithmetic,gsm8k_test_0497,train,retain,R_random,truthfulqa
pairs_arith_v2.csv,4475,arithmetic,gsm8k_test_0500,train,remove,C0_exact,gsm8k_copy
pairs_arith_v2.csv,4476,arithmetic,gsm8k_test_0500,train,remove,C1_transformed,lmsys_rephrase
pairs_arith_v2.csv,4477,arithmetic,gsm8k_test_0500,train,remove,C2_answer_bearing,gsm8k_solution_frag
pairs_arith_v2.csv,4478,arithmetic,gsm8k_test_0500,train,retain,H2_same_template,gsmplus_numerical_substitution
pairs_arith_v2.csv,4479,arithmetic,gsm8k_test_0500,train,remove,C1_transformed,gsmplus_problem_understanding
pairs_arith_v2.csv,4480,arithmetic,gsm8k_test_0500,train,retain,H2_same_template,gsmplus_critical_thinking
pairs_arith_v2.csv,4481,arithmetic,gsm8k_test_0500,train,retain,H1_same_topic,svamp
pairs_arith_v2.csv,4482,arithmetic,gsm8k_test_0500,train,retain,H3_predating,asdiv
pairs_arith_v2.csv,4483,arithmetic,gsm8k_test_0500,train,retain,R_random,truthfulqa
pairs_arith_v2.csv,4484,arithmetic,gsm8k_test_0501,train,remove,C0_exact,gsm8k_copy
pairs_arith_v2.csv,4485,arithmetic,gsm8k_test_0501,train,remove,C1_transformed,lmsys_rephrase
pairs_arith_v2.csv,4486,arithmetic,gsm8k_test_0501,train,remove,C2_answer_bearing,gsm8k_solution_frag
pairs_arith_v2.csv,4487,arithmetic,gsm8k_test_0501,train,retain,H2_same_template,gsmplus_numerical_substitution
pairs_arith_v2.csv,4488,arithmetic,gsm8k_test_0501,train,remove,C1_transformed,gsmplus_problem_understanding
pairs_arith_v2.csv,4489,arithmetic,gsm8k_test_0501,train,retain,H2_same_template,gsmplus_critical_thinking
pairs_arith_v2.csv,4490,arithmetic,gsm8k_test_0501,train,retain,H1_same_topic,svamp
pairs_arith_v2.csv,4491,arithmetic,gsm8k_test_0501,train,retain,H3_predating,asdiv
pairs_arith_v2.csv,4492,arithmetic,gsm8k_test_0501,train,retain,R_random,truthfulqa
pairs_arith_v2.csv,4493,arithmetic,gsm8k_test_0502,train,remove,C0_exact,gsm8k_copy
pairs_arith_v2.csv,4494,arithmetic,gsm8k_test_0502,train,remove,C1_transformed,lmsys_rephrase
pairs_arith_v2.csv,4495,arithmetic,gsm8k_test_0502,train,remove,C2_answer_bearing,gsm8k_solution_frag
pairs_arith_v2.csv,4496,arithmetic,gsm8k_test_0502,train,retain,H2_same_template,gsmplus_numerical_substitution
pairs_arith_v2.csv,4497,arithmetic,gsm8k_test_0502,train,remove,C1_transformed,gsmplus_problem_understanding
pairs_arith_v2.csv,4498,arithmetic,gsm8k_test_0502,train,retain,H2_same_template,gsmplus_critical_thinking
pairs_arith_v2.csv,4499,arithmetic,gsm8k_test_0502,train,retain,H1_same_topic,svamp
pairs_arith_v2.csv,4500,arithmetic,gsm8k_test_0502,train,retain,H3_predating,asdiv
pairs_arith_v2.csv,4501,arithmetic,gsm8k_test_0502,train,retain,R_random,truthfulqa
pairs_arith_v2.csv,4529,arithmetic,gsm8k_test_0506,train,remove,C0_exact,gsm8k_copy
pairs_arith_v2.csv,4530,arithmetic,gsm8k_test_0506,train,remove,C1_transformed,lmsys_rephrase
pairs_arith_v2.csv,4531,arithmetic,gsm8k_test_0506,train,remove,C2_answer_bearing,gsm8k_solution_frag
pairs_arith_v2.csv,4532,arithmetic,gsm8k_test_0506,train,retain,H2_same_template,gsmplus_numerical_substitution
pairs_arith_v2.csv,4533,arithmetic,gsm8k_test_0506,train,remove,C1_transformed,gsmplus_problem_understanding
pairs_arith_v2.csv,4534,arithmetic,gsm8k_test_0506,train,retain,H2_same_template,gsmplus_critical_thinking
pairs_arith_v2.csv,4535,arithmetic,gsm8k_test_0506,train,retain,H1_same_topic,svamp
pairs_arith_v2.csv,4536,arithmetic,gsm8k_test_0506,train,retain,H3_predating,asdiv
pairs_arith_v2.csv,4537,arithmetic,gsm8k_test_0506,train,retain,R_random,truthfulqa
pairs_arith_v2.csv,4538,arithmetic,gsm8k_test_0507,train,remove,C0_exact,gsm8k_copy
pairs_arith_v2.csv,4539,arithmetic,gsm8k_test_0507,train,remove,C1_transformed,lmsys_rephrase
pairs_arith_v2.csv,4540,arithmetic,gsm8k_test_0507,train,remove,C2_answer_bearing,gsm8k_solution_frag
pairs_arith_v2.csv,4541,arithmetic,gsm8k_test_0507,train,retain,H2_same_template,gsmplus_numerical_substitution
pairs_arith_v2.csv,4542,arithmetic,gsm8k_test_0507,train,remove,C1_transformed,gsmplus_problem_understanding
pairs_arith_v2.csv,4543,arithmetic,gsm8k_test_0507,train,retain,H2_same_template,gsmplus_critical_thinking
pairs_arith_v2.csv,4544,arithmetic,gsm8k_test_0507,train,retain,H1_same_topic,svamp
pairs_arith_v2.csv,4545,arithmetic,gsm8k_test_0507,train,retain,H3_predating,asdiv
pairs_arith_v2.csv,4546,arithmetic,gsm8k_test_0507,train,retain,R_random,truthfulqa
pairs_arith_v2.csv,4556,arithmetic,gsm8k_test_0509,train,remove,C0_exact,gsm8k_copy
pairs_arith_v2.csv,4557,arithmetic,gsm8k_test_0509,train,remove,C1_transformed,lmsys_rephrase
pairs_arith_v2.csv,4558,arithmetic,gsm8k_test_0509,train,remove,C2_answer_bearing,gsm8k_solution_frag
pairs_arith_v2.csv,4559,arithmetic,gsm8k_test_0509,train,retain,H2_same_template,gsmplus_numerical_substitution
pairs_arith_v2.csv,4560,arithmetic,gsm8k_test_0509,train,remove,C1_transformed,gsmplus_problem_understanding
pairs_arith_v2.csv,4561,arithmetic,gsm8k_test_0509,train,retain,H2_same_template,gsmplus_critical_thinking
pairs_arith_v2.csv,4562,arithmetic,gsm8k_test_0509,train,retain,H1_same_topic,svamp
pairs_arith_v2.csv,4563,arithmetic,gsm8k_test_0509,train,retain,H3_predating,asdiv
pairs_arith_v2.csv,4564,arithmetic,gsm8k_test_0509,train,retain,R_random,truthfulqa
pairs_arith_v2.csv,4583,arithmetic,gsm8k_test_0512,train,remove,C0_exact,gsm8k_copy
pairs_arith_v2.csv,4584,arithmetic,gsm8k_test_0512,train,remove,C1_transformed,lmsys_rephrase
pairs_arith_v2.csv,4585,arithmetic,gsm8k_test_0512,train,remove,C2_answer_bearing,gsm8k_solution_frag
pairs_arith_v2.csv,4586,arithmetic,gsm8k_test_0512,train,retain,H2_same_template,gsmplus_numerical_substitution
pairs_arith_v2.csv,4587,arithmetic,gsm8k_test_0512,train,remove,C1_transformed,gsmplus_problem_understanding
pairs_arith_v2.csv,4588,arithmetic,gsm8k_test_0512,train,retain,H2_same_template,gsmplus_critical_thinking
pairs_arith_v2.csv,4589,arithmetic,gsm8k_test_0512,train,retain,H1_same_topic,svamp
pairs_arith_v2.csv,4590,arithmetic,gsm8k_test_0512,train,retain,H3_predating,asdiv
pairs_arith_v2.csv,4591,arithmetic,gsm8k_test_0512,train,retain,R_random,truthfulqa
pairs_arith_v2.csv,4592,arithmetic,gsm8k_test_0513,train,remove,C0_exact,gsm8k_copy
pairs_arith_v2.csv,4593,arithmetic,gsm8k_test_0513,train,remove,C1_transformed,lmsys_rephrase
pairs_arith_v2.csv,4594,arithmetic,gsm8k_test_0513,train,remove,C2_answer_bearing,gsm8k_solution_frag
pairs_arith_v2.csv,4595,arithmetic,gsm8k_test_0513,train,retain,H2_same_template,gsmplus_numerical_substitution
pairs_arith_v2.csv,4596,arithmetic,gsm8k_test_0513,train,remove,C1_transformed,gsmplus_problem_understanding
pairs_arith_v2.csv,4597,arithmetic,gsm8k_test_0513,train,retain,H2_same_template,gsmplus_critical_thinking
pairs_arith_v2.csv,4598,arithmetic,gsm8k_test_0513,train,retain,H1_same_topic,svamp
pairs_arith_v2.csv,4599,arithmetic,gsm8k_test_0513,train,retain,H3_predating,asdiv
pairs_arith_v2.csv,4600,arithmetic,gsm8k_test_0513,train,retain,R_random,truthfulqa
pairs_arith_v2.csv,4610,arithmetic,gsm8k_test_0515,train,remove,C0_exact,gsm8k_copy
pairs_arith_v2.csv,4611,arithmetic,gsm8k_test_0515,train,remove,C1_transformed,lmsys_rephrase
pairs_arith_v2.csv,4612,arithmetic,gsm8k_test_0515,train,remove,C2_answer_bearing,gsm8k_solution_frag
pairs_arith_v2.csv,4613,arithmetic,gsm8k_test_0515,train,retain,H2_same_template,gsmplus_numerical_substitution
pairs_arith_v2.csv,4614,arithmetic,gsm8k_test_0515,train,remove,C1_transformed,gsmplus_problem_understanding
pairs_arith_v2.csv,4615,arithmetic,gsm8k_test_0515,train,retain,H2_same_template,gsmplus_critical_thinking
pairs_arith_v2.csv,4616,arithmetic,gsm8k_test_0515,train,retain,H1_same_topic,svamp
pairs_arith_v2.csv,4617,arithmetic,gsm8k_test_0515,train,retain,H3_predating,asdiv
pairs_arith_v2.csv,4618,arithmetic,gsm8k_test_0515,train,retain,R_random,truthfulqa
pairs_arith_v2.csv,4628,arithmetic,gsm8k_test_0517,train,remove,C0_exact,gsm8k_copy
pairs_arith_v2.csv,4629,arithmetic,gsm8k_test_0517,train,remove,C1_transformed,lmsys_rephrase
pairs_arith_v2.csv,4630,arithmetic,gsm8k_test_0517,train,remove,C2_answer_bearing,gsm8k_solution_frag
pairs_arith_v2.csv,4631,arithmetic,gsm8k_test_0517,train,retain,H2_same_template,gsmplus_numerical_substitution
pairs_arith_v2.csv,4632,arithmetic,gsm8k_test_0517,train,remove,C1_transformed,gsmplus_problem_understanding
pairs_arith_v2.csv,4633,arithmetic,gsm8k_test_0517,train,retain,H2_same_template,gsmplus_critical_thinking
pairs_arith_v2.csv,4634,arithmetic,gsm8k_test_0517,train,retain,H1_same_topic,svamp
pairs_arith_v2.csv,4635,arithmetic,gsm8k_test_0517,train,retain,H3_predating,asdiv
pairs_arith_v2.csv,4636,arithmetic,gsm8k_test_0517,train,retain,R_random,truthfulqa
pairs_arith_v2.csv,4646,arithmetic,gsm8k_test_0519,train,remove,C0_exact,gsm8k_copy
pairs_arith_v2.csv,4647,arithmetic,gsm8k_test_0519,train,remove,C1_transformed,lmsys_rephrase
pairs_arith_v2.csv,4648,arithmetic,gsm8k_test_0519,train,remove,C2_answer_bearing,gsm8k_solution_frag
pairs_arith_v2.csv,4649,arithmetic,gsm8k_test_0519,train,retain,H2_same_template,gsmplus_numerical_substitution
pairs_arith_v2.csv,4650,arithmetic,gsm8k_test_0519,train,remove,C1_transformed,gsmplus_problem_understanding
pairs_arith_v2.csv,4651,arithmetic,gsm8k_test_0519,train,retain,H2_same_template,gsmplus_critical_thinking
pairs_arith_v2.csv,4652,arithmetic,gsm8k_test_0519,train,retain,H1_same_topic,svamp
pairs_arith_v2.csv,4653,arithmetic,gsm8k_test_0519,train,retain,H3_predating,asdiv
pairs_arith_v2.csv,4654,arithmetic,gsm8k_test_0519,train,retain,R_random,truthfulqa
pairs_arith_v2.csv,4664,arithmetic,gsm8k_test_0521,train,remove,C0_exact,gsm8k_copy
pairs_arith_v2.csv,4665,arithmetic,gsm8k_test_0521,train,remove,C1_transformed,lmsys_rephrase
pairs_arith_v2.csv,4666,arithmetic,gsm8k_test_0521,train,remove,C2_answer_bearing,gsm8k_solution_frag
pairs_arith_v2.csv,4667,arithmetic,gsm8k_test_0521,train,retain,H2_same_template,gsmplus_numerical_substitution
pairs_arith_v2.csv,4668,arithmetic,gsm8k_test_0521,train,remove,C1_transformed,gsmplus_problem_understanding
pairs_arith_v2.csv,4669,arithmetic,gsm8k_test_0521,train,retain,H2_same_template,gsmplus_critical_thinking
pairs_arith_v2.csv,4670,arithmetic,gsm8k_test_0521,train,retain,H1_same_topic,svamp
pairs_arith_v2.csv,4671,arithmetic,gsm8k_test_0521,train,retain,H3_predating,asdiv
pairs_arith_v2.csv,4672,arithmetic,gsm8k_test_0521,train,retain,R_random,truthfulqa
pairs_arith_v2.csv,4682,arithmetic,gsm8k_test_0523,train,remove,C0_exact,gsm8k_copy
pairs_arith_v2.csv,4683,arithmetic,gsm8k_test_0523,train,remove,C1_transformed,lmsys_rephrase
pairs_arith_v2.csv,4684,arithmetic,gsm8k_test_0523,train,remove,C2_answer_bearing,gsm8k_solution_frag
pairs_arith_v2.csv,4685,arithmetic,gsm8k_test_0523,train,retain,H2_same_template,gsmplus_numerical_substitution
pairs_arith_v2.csv,4686,arithmetic,gsm8k_test_0523,train,remove,C1_transformed,gsmplus_problem_understanding
pairs_arith_v2.csv,4687,arithmetic,gsm8k_test_0523,train,retain,H2_same_template,gsmplus_critical_thinking
pairs_arith_v2.csv,4688,arithmetic,gsm8k_test_0523,train,retain,H1_same_topic,svamp
pairs_arith_v2.csv,4689,arithmetic,gsm8k_test_0523,train,retain,H3_predating,asdiv
pairs_arith_v2.csv,4690,arithmetic,gsm8k_test_0523,train,retain,R_random,truthfulqa
pairs_arith_v2.csv,4691,arithmetic,gsm8k_test_0524,train,remove,C0_exact,gsm8k_copy
pairs_arith_v2.csv,4692,arithmetic,gsm8k_test_0524,train,remove,C1_transformed,lmsys_rephrase
pairs_arith_v2.csv,4693,arithmetic,gsm8k_test_0524,train,remove,C2_answer_bearing,gsm8k_solution_frag
pairs_arith_v2.csv,4694,arithmetic,gsm8k_test_0524,train,remove,C1_transformed,gsmplus_problem_understanding
pairs_arith_v2.csv,4695,arithmetic,gsm8k_test_0524,train,retain,H2_same_template,gsmplus_critical_thinking
pairs_arith_v2.csv,4696,arithmetic,gsm8k_test_0524,train,retain,H1_same_topic,svamp
pairs_arith_v2.csv,4697,arithmetic,gsm8k_test_0524,train,retain,H3_predating,asdiv
pairs_arith_v2.csv,4698,arithmetic,gsm8k_test_0524,train,retain,R_random,truthfulqa
pairs_arith_v2.csv,4834,arithmetic,gsm8k_test_0540,train,remove,C0_exact,gsm8k_copy
pairs_arith_v2.csv,4835,arithmetic,gsm8k_test_0540,train,remove,C1_transformed,lmsys_rephrase
pairs_arith_v2.csv,4836,arithmetic,gsm8k_test_0540,train,remove,C2_answer_bearing,gsm8k_solution_frag
pairs_arith_v2.csv,4837,arithmetic,gsm8k_test_0540,train,retain,H2_same_template,gsmplus_numerical_substitution
pairs_arith_v2.csv,4838,arithmetic,gsm8k_test_0540,train,remove,C1_transformed,gsmplus_problem_understanding
pairs_arith_v2.csv,4839,arithmetic,gsm8k_test_0540,train,retain,H2_same_template,gsmplus_critical_thinking
pairs_arith_v2.csv,4840,arithmetic,gsm8k_test_0540,train,retain,H1_same_topic,svamp
pairs_arith_v2.csv,4841,arithmetic,gsm8k_test_0540,train,retain,H3_predating,asdiv
pairs_arith_v2.csv,4842,arithmetic,gsm8k_test_0540,train,retain,R_random,truthfulqa
pairs_arith_v2.csv,4870,arithmetic,gsm8k_test_0544,train,remove,C0_exact,gsm8k_copy
pairs_arith_v2.csv,4871,arithmetic,gsm8k_test_0544,train,remove,C1_transformed,lmsys_rephrase
pairs_arith_v2.csv,4872,arithmetic,gsm8k_test_0544,train,remove,C2_answer_bearing,gsm8k_solution_frag
pairs_arith_v2.csv,4873,arithmetic,gsm8k_test_0544,train,retain,H2_same_template,gsmplus_numerical_substitution
pairs_arith_v2.csv,4874,arithmetic,gsm8k_test_0544,train,remove,C1_transformed,gsmplus_problem_understanding
pairs_arith_v2.csv,4875,arithmetic,gsm8k_test_0544,train,retain,H2_same_template,gsmplus_critical_thinking
pairs_arith_v2.csv,4876,arithmetic,gsm8k_test_0544,train,retain,H1_same_topic,svamp
pairs_arith_v2.csv,4877,arithmetic,gsm8k_test_0544,train,retain,H3_predating,asdiv
pairs_arith_v2.csv,4878,arithmetic,gsm8k_test_0544,train,retain,R_random,truthfulqa
pairs_arith_v2.csv,4879,arithmetic,gsm8k_test_0545,train,remove,C0_exact,gsm8k_copy
pairs_arith_v2.csv,4880,arithmetic,gsm8k_test_0545,train,remove,C1_transformed,lmsys_rephrase
pairs_arith_v2.csv,4881,arithmetic,gsm8k_test_0545,train,remove,C2_answer_bearing,gsm8k_solution_frag
pairs_arith_v2.csv,4882,arithmetic,gsm8k_test_0545,train,retain,H2_same_template,gsmplus_numerical_substitution
pairs_arith_v2.csv,4883,arithmetic,gsm8k_test_0545,train,remove,C1_transformed,gsmplus_problem_understanding
pairs_arith_v2.csv,4884,arithmetic,gsm8k_test_0545,train,retain,H2_same_template,gsmplus_critical_thinking
pairs_arith_v2.csv,4885,arithmetic,gsm8k_test_0545,train,retain,H1_same_topic,svamp
pairs_arith_v2.csv,4886,arithmetic,gsm8k_test_0545,train,retain,H3_predating,asdiv
pairs_arith_v2.csv,4887,arithmetic,gsm8k_test_0545,train,retain,R_random,truthfulqa
pairs_arith_v2.csv,4906,arithmetic,gsm8k_test_0548,train,remove,C0_exact,gsm8k_copy
pairs_arith_v2.csv,4907,arithmetic,gsm8k_test_0548,train,remove,C1_transformed,lmsys_rephrase
pairs_arith_v2.csv,4908,arithmetic,gsm8k_test_0548,train,remove,C2_answer_bearing,gsm8k_solution_frag
pairs_arith_v2.csv,4909,arithmetic,gsm8k_test_0548,train,retain,H2_same_template,gsmplus_numerical_substitution
pairs_arith_v2.csv,4910,arithmetic,gsm8k_test_0548,train,remove,C1_transformed,gsmplus_problem_understanding
pairs_arith_v2.csv,4911,arithmetic,gsm8k_test_0548,train,retain,H2_same_template,gsmplus_critical_thinking
pairs_arith_v2.csv,4912,arithmetic,gsm8k_test_0548,train,retain,H1_same_topic,svamp
pairs_arith_v2.csv,4913,arithmetic,gsm8k_test_0548,train,retain,H3_predating,asdiv
pairs_arith_v2.csv,4914,arithmetic,gsm8k_test_0548,train,retain,R_random,truthfulqa
pairs_arith_v2.csv,4915,arithmetic,gsm8k_test_0549,train,remove,C0_exact,gsm8k_copy
pairs_arith_v2.csv,4916,arithmetic,gsm8k_test_0549,train,remove,C1_transformed,lmsys_rephrase
pairs_arith_v2.csv,4917,arithmetic,gsm8k_test_0549,train,remove,C2_answer_bearing,gsm8k_solution_frag
pairs_arith_v2.csv,4918,arithmetic,gsm8k_test_0549,train,retain,H2_same_template,gsmplus_numerical_substitution
pairs_arith_v2.csv,4919,arithmetic,gsm8k_test_0549,train,remove,C1_transformed,gsmplus_problem_understanding
pairs_arith_v2.csv,4920,arithmetic,gsm8k_test_0549,train,retain,H2_same_template,gsmplus_critical_thinking
pairs_arith_v2.csv,4921,arithmetic,gsm8k_test_0549,train,retain,H1_same_topic,svamp
pairs_arith_v2.csv,4922,arithmetic,gsm8k_test_0549,train,retain,H3_predating,asdiv
pairs_arith_v2.csv,4923,arithmetic,gsm8k_test_0549,train,retain,R_random,truthfulqa
pairs_arith_v2.csv,4933,arithmetic,gsm8k_test_0551,train,remove,C0_exact,gsm8k_copy
pairs_arith_v2.csv,4934,arithmetic,gsm8k_test_0551,train,remove,C1_transformed,lmsys_rephrase
pairs_arith_v2.csv,4935,arithmetic,gsm8k_test_0551,train,remove,C2_answer_bearing,gsm8k_solution_frag
pairs_arith_v2.csv,4936,arithmetic,gsm8k_test_0551,train,retain,H2_same_template,gsmplus_numerical_substitution
pairs_arith_v2.csv,4937,arithmetic,gsm8k_test_0551,train,remove,C1_transformed,gsmplus_problem_understanding
pairs_arith_v2.csv,4938,arithmetic,gsm8k_test_0551,train,retain,H2_same_template,gsmplus_critical_thinking
pairs_arith_v2.csv,4939,arithmetic,gsm8k_test_0551,train,retain,H1_same_topic,svamp
pairs_arith_v2.csv,4940,arithmetic,gsm8k_test_0551,train,retain,H3_predating,asdiv
pairs_arith_v2.csv,4941,arithmetic,gsm8k_test_0551,train,retain,R_random,truthfulqa
pairs_arith_v2.csv,4951,arithmetic,gsm8k_test_0553,train,remove,C0_exact,gsm8k_copy
pairs_arith_v2.csv,4952,arithmetic,gsm8k_test_0553,train,remove,C1_transformed,lmsys_rephrase
pairs_arith_v2.csv,4953,arithmetic,gsm8k_test_0553,train,remove,C2_answer_bearing,gsm8k_solution_frag
pairs_arith_v2.csv,4954,arithmetic,gsm8k_test_0553,train,retain,H2_same_template,gsmplus_numerical_substitution
pairs_arith_v2.csv,4955,arithmetic,gsm8k_test_0553,train,remove,C1_transformed,gsmplus_problem_understanding
pairs_arith_v2.csv,4956,arithmetic,gsm8k_test_0553,train,retain,H2_same_template,gsmplus_critical_thinking
pairs_arith_v2.csv,4957,arithmetic,gsm8k_test_0553,train,retain,H1_same_topic,svamp
pairs_arith_v2.csv,4958,arithmetic,gsm8k_test_0553,train,retain,H3_predating,asdiv
pairs_arith_v2.csv,4959,arithmetic,gsm8k_test_0553,train,retain,R_random,truthfulqa
pairs_arith_v2.csv,4960,arithmetic,gsm8k_test_0554,train,remove,C0_exact,gsm8k_copy
pairs_arith_v2.csv,4961,arithmetic,gsm8k_test_0554,train,remove,C1_transformed,lmsys_rephrase
pairs_arith_v2.csv,4962,arithmetic,gsm8k_test_0554,train,remove,C2_answer_bearing,gsm8k_solution_frag
pairs_arith_v2.csv,4963,arithmetic,gsm8k_test_0554,train,retain,H2_same_template,gsmplus_numerical_substitution
pairs_arith_v2.csv,4964,arithmetic,gsm8k_test_0554,train,remove,C1_transformed,gsmplus_problem_understanding
pairs_arith_v2.csv,4965,arithmetic,gsm8k_test_0554,train,retain,H2_same_template,gsmplus_critical_thinking
pairs_arith_v2.csv,4966,arithmetic,gsm8k_test_0554,train,retain,H1_same_topic,svamp
pairs_arith_v2.csv,4967,arithmetic,gsm8k_test_0554,train,retain,H3_predating,asdiv
pairs_arith_v2.csv,4968,arithmetic,gsm8k_test_0554,train,retain,R_random,truthfulqa
pairs_arith_v2.csv,4977,arithmetic,gsm8k_test_0556,train,remove,C0_exact,gsm8k_copy
pairs_arith_v2.csv,4978,arithmetic,gsm8k_test_0556,train,remove,C1_transformed,lmsys_rephrase
pairs_arith_v2.csv,4979,arithmetic,gsm8k_test_0556,train,remove,C2_answer_bearing,gsm8k_solution_frag
pairs_arith_v2.csv,4980,arithmetic,gsm8k_test_0556,train,retain,H2_same_template,gsmplus_numerical_substitution
pairs_arith_v2.csv,4981,arithmetic,gsm8k_test_0556,train,remove,C1_transformed,gsmplus_problem_understanding
pairs_arith_v2.csv,4982,arithmetic,gsm8k_test_0556,train,retain,H2_same_template,gsmplus_critical_thinking
pairs_arith_v2.csv,4983,arithmetic,gsm8k_test_0556,train,retain,H1_same_topic,svamp
pairs_arith_v2.csv,4984,arithmetic,gsm8k_test_0556,train,retain,H3_predating,asdiv
pairs_arith_v2.csv,4985,arithmetic,gsm8k_test_0556,train,retain,R_random,truthfulqa
pairs_arith_v2.csv,4995,arithmetic,gsm8k_test_0558,train,remove,C0_exact,gsm8k_copy
pairs_arith_v2.csv,4996,arithmetic,gsm8k_test_0558,train,remove,C1_transformed,lmsys_rephrase
pairs_arith_v2.csv,4997,arithmetic,gsm8k_test_0558,train,remove,C2_answer_bearing,gsm8k_solution_frag
pairs_arith_v2.csv,4998,arithmetic,gsm8k_test_0558,train,retain,H2_same_template,gsmplus_numerical_substitution
pairs_arith_v2.csv,4999,arithmetic,gsm8k_test_0558,train,remove,C1_transformed,gsmplus_problem_understanding
pairs_arith_v2.csv,5000,arithmetic,gsm8k_test_0558,train,retain,H2_same_template,gsmplus_critical_thinking
pairs_arith_v2.csv,5001,arithmetic,gsm8k_test_0558,train,retain,H1_same_topic,svamp
pairs_arith_v2.csv,5002,arithmetic,gsm8k_test_0558,train,retain,H3_predating,asdiv
pairs_arith_v2.csv,5003,arithmetic,gsm8k_test_0558,train,retain,R_random,truthfulqa
pairs_arith_v2.csv,5022,arithmetic,gsm8k_test_0561,train,remove,C0_exact,gsm8k_copy
pairs_arith_v2.csv,5023,arithmetic,gsm8k_test_0561,train,remove,C1_transformed,lmsys_rephrase
pairs_arith_v2.csv,5024,arithmetic,gsm8k_test_0561,train,remove,C2_answer_bearing,gsm8k_solution_frag
pairs_arith_v2.csv,5025,arithmetic,gsm8k_test_0561,train,retain,H2_same_template,gsmplus_numerical_substitution
pairs_arith_v2.csv,5026,arithmetic,gsm8k_test_0561,train,remove,C1_transformed,gsmplus_problem_understanding
pairs_arith_v2.csv,5027,arithmetic,gsm8k_test_0561,train,retain,H2_same_template,gsmplus_critical_thinking
pairs_arith_v2.csv,5028,arithmetic,gsm8k_test_0561,train,retain,H1_same_topic,svamp
pairs_arith_v2.csv,5029,arithmetic,gsm8k_test_0561,train,retain,H3_predating,asdiv
pairs_arith_v2.csv,5030,arithmetic,gsm8k_test_0561,train,retain,R_random,truthfulqa
pairs_arith_v2.csv,5058,arithmetic,gsm8k_test_0565,train,remove,C0_exact,gsm8k_copy
pairs_arith_v2.csv,5059,arithmetic,gsm8k_test_0565,train,remove,C1_transformed,lmsys_rephrase
pairs_arith_v2.csv,5060,arithmetic,gsm8k_test_0565,train,remove,C2_answer_bearing,gsm8k_solution_frag
pairs_arith_v2.csv,5061,arithmetic,gsm8k_test_0565,train,retain,H2_same_template,gsmplus_numerical_substitution
pairs_arith_v2.csv,5062,arithmetic,gsm8k_test_0565,train,remove,C1_transformed,gsmplus_problem_understanding
pairs_arith_v2.csv,5063,arithmetic,gsm8k_test_0565,train,retain,H2_same_template,gsmplus_critical_thinking
pairs_arith_v2.csv,5064,arithmetic,gsm8k_test_0565,train,retain,H1_same_topic,svamp
pairs_arith_v2.csv,5065,arithmetic,gsm8k_test_0565,train,retain,H3_predating,asdiv
pairs_arith_v2.csv,5066,arithmetic,gsm8k_test_0565,train,retain,R_random,truthfulqa
pairs_arith_v2.csv,5103,arithmetic,gsm8k_test_0570,train,remove,C0_exact,gsm8k_copy
pairs_arith_v2.csv,5104,arithmetic,gsm8k_test_0570,train,remove,C1_transformed,lmsys_rephrase
pairs_arith_v2.csv,5105,arithmetic,gsm8k_test_0570,train,remove,C2_answer_bearing,gsm8k_solution_frag
pairs_arith_v2.csv,5106,arithmetic,gsm8k_test_0570,train,retain,H2_same_template,gsmplus_numerical_substitution
pairs_arith_v2.csv,5107,arithmetic,gsm8k_test_0570,train,remove,C1_transformed,gsmplus_problem_understanding
pairs_arith_v2.csv,5108,arithmetic,gsm8k_test_0570,train,retain,H2_same_template,gsmplus_critical_thinking
pairs_arith_v2.csv,5109,arithmetic,gsm8k_test_0570,train,retain,H1_same_topic,svamp
pairs_arith_v2.csv,5110,arithmetic,gsm8k_test_0570,train,retain,H3_predating,asdiv
pairs_arith_v2.csv,5111,arithmetic,gsm8k_test_0570,train,retain,R_random,truthfulqa
pairs_arith_v2.csv,5130,arithmetic,gsm8k_test_0573,train,remove,C0_exact,gsm8k_copy
pairs_arith_v2.csv,5131,arithmetic,gsm8k_test_0573,train,remove,C1_transformed,lmsys_rephrase
pairs_arith_v2.csv,5132,arithmetic,gsm8k_test_0573,train,remove,C2_answer_bearing,gsm8k_solution_frag
pairs_arith_v2.csv,5133,arithmetic,gsm8k_test_0573,train,retain,H2_same_template,gsmplus_numerical_substitution
pairs_arith_v2.csv,5134,arithmetic,gsm8k_test_0573,train,remove,C1_transformed,gsmplus_problem_understanding
pairs_arith_v2.csv,5135,arithmetic,gsm8k_test_0573,train,retain,H2_same_template,gsmplus_critical_thinking
pairs_arith_v2.csv,5136,arithmetic,gsm8k_test_0573,train,retain,H1_same_topic,svamp
pairs_arith_v2.csv,5137,arithmetic,gsm8k_test_0573,train,retain,H3_predating,asdiv
pairs_arith_v2.csv,5138,arithmetic,gsm8k_test_0573,train,retain,R_random,truthfulqa
pairs_arith_v2.csv,5139,arithmetic,gsm8k_test_0574,train,remove,C0_exact,gsm8k_copy
pairs_arith_v2.csv,5140,arithmetic,gsm8k_test_0574,train,remove,C1_transformed,lmsys_rephrase
pairs_arith_v2.csv,5141,arithmetic,gsm8k_test_0574,train,remove,C2_answer_bearing,gsm8k_solution_frag
pairs_arith_v2.csv,5142,arithmetic,gsm8k_test_0574,train,retain,H2_same_template,gsmplus_numerical_substitution
pairs_arith_v2.csv,5143,arithmetic,gsm8k_test_0574,train,remove,C1_transformed,gsmplus_problem_understanding
pairs_arith_v2.csv,5144,arithmetic,gsm8k_test_0574,train,retain,H2_same_template,gsmplus_critical_thinking
pairs_arith_v2.csv,5145,arithmetic,gsm8k_test_0574,train,retain,H1_same_topic,svamp
pairs_arith_v2.csv,5146,arithmetic,gsm8k_test_0574,train,retain,H3_predating,asdiv
pairs_arith_v2.csv,5147,arithmetic,gsm8k_test_0574,train,retain,R_random,truthfulqa
pairs_arith_v2.csv,5148,arithmetic,gsm8k_test_0575,train,remove,C0_exact,gsm8k_copy
pairs_arith_v2.csv,5149,arithmetic,gsm8k_test_0575,train,remove,C1_transformed,lmsys_rephrase
pairs_arith_v2.csv,5150,arithmetic,gsm8k_test_0575,train,remove,C2_answer_bearing,gsm8k_solution_frag
pairs_arith_v2.csv,5151,arithmetic,gsm8k_test_0575,train,retain,H2_same_template,gsmplus_numerical_substitution
pairs_arith_v2.csv,5152,arithmetic,gsm8k_test_0575,train,remove,C1_transformed,gsmplus_problem_understanding
pairs_arith_v2.csv,5153,arithmetic,gsm8k_test_0575,train,retain,H2_same_template,gsmplus_critical_thinking
pairs_arith_v2.csv,5154,arithmetic,gsm8k_test_0575,train,retain,H1_same_topic,svamp
pairs_arith_v2.csv,5155,arithmetic,gsm8k_test_0575,train,retain,H3_predating,asdiv
pairs_arith_v2.csv,5156,arithmetic,gsm8k_test_0575,train,retain,R_random,truthfulqa
pairs_arith_v2.csv,5157,arithmetic,gsm8k_test_0576,train,remove,C0_exact,gsm8k_copy
pairs_arith_v2.csv,5158,arithmetic,gsm8k_test_0576,train,remove,C1_transformed,lmsys_rephrase
pairs_arith_v2.csv,5159,arithmetic,gsm8k_test_0576,train,remove,C2_answer_bearing,gsm8k_solution_frag
pairs_arith_v2.csv,5160,arithmetic,gsm8k_test_0576,train,retain,H2_same_template,gsmplus_numerical_substitution
pairs_arith_v2.csv,5161,arithmetic,gsm8k_test_0576,train,remove,C1_transformed,gsmplus_problem_understanding
pairs_arith_v2.csv,5162,arithmetic,gsm8k_test_0576,train,retain,H2_same_template,gsmplus_critical_thinking
pairs_arith_v2.csv,5163,arithmetic,gsm8k_test_0576,train,retain,H1_same_topic,svamp
pairs_arith_v2.csv,5164,arithmetic,gsm8k_test_0576,train,retain,H3_predating,asdiv
pairs_arith_v2.csv,5165,arithmetic,gsm8k_test_0576,train,retain,R_random,truthfulqa
pairs_arith_v2.csv,5166,arithmetic,gsm8k_test_0577,train,remove,C0_exact,gsm8k_copy
pairs_arith_v2.csv,5167,arithmetic,gsm8k_test_0577,train,remove,C1_transformed,lmsys_rephrase
pairs_arith_v2.csv,5168,arithmetic,gsm8k_test_0577,train,remove,C2_answer_bearing,gsm8k_solution_frag
pairs_arith_v2.csv,5169,arithmetic,gsm8k_test_0577,train,retain,H2_same_template,gsmplus_numerical_substitution
pairs_arith_v2.csv,5170,arithmetic,gsm8k_test_0577,train,remove,C1_transformed,gsmplus_problem_understanding
pairs_arith_v2.csv,5171,arithmetic,gsm8k_test_0577,train,retain,H2_same_template,gsmplus_critical_thinking
pairs_arith_v2.csv,5172,arithmetic,gsm8k_test_0577,train,retain,H1_same_topic,svamp
pairs_arith_v2.csv,5173,arithmetic,gsm8k_test_0577,train,retain,H3_predating,asdiv
pairs_arith_v2.csv,5174,arithmetic,gsm8k_test_0577,train,retain,R_random,truthfulqa
pairs_arith_v2.csv,5184,arithmetic,gsm8k_test_0579,train,remove,C0_exact,gsm8k_copy
pairs_arith_v2.csv,5185,arithmetic,gsm8k_test_0579,train,remove,C1_transformed,lmsys_rephrase
pairs_arith_v2.csv,5186,arithmetic,gsm8k_test_0579,train,remove,C2_answer_bearing,gsm8k_solution_frag
pairs_arith_v2.csv,5187,arithmetic,gsm8k_test_0579,train,retain,H2_same_template,gsmplus_numerical_substitution
pairs_arith_v2.csv,5188,arithmetic,gsm8k_test_0579,train,remove,C1_transformed,gsmplus_problem_understanding
pairs_arith_v2.csv,5189,arithmetic,gsm8k_test_0579,train,retain,H2_same_template,gsmplus_critical_thinking
pairs_arith_v2.csv,5190,arithmetic,gsm8k_test_0579,train,retain,H1_same_topic,svamp
pairs_arith_v2.csv,5191,arithmetic,gsm8k_test_0579,train,retain,H3_predating,asdiv
pairs_arith_v2.csv,5192,arithmetic,gsm8k_test_0579,train,retain,R_random,truthfulqa
pairs_arith_v2.csv,5202,arithmetic,gsm8k_test_0581,train,remove,C0_exact,gsm8k_copy
pairs_arith_v2.csv,5203,arithmetic,gsm8k_test_0581,train,remove,C1_transformed,lmsys_rephrase
pairs_arith_v2.csv,5204,arithmetic,gsm8k_test_0581,train,remove,C2_answer_bearing,gsm8k_solution_frag
pairs_arith_v2.csv,5205,arithmetic,gsm8k_test_0581,train,retain,H2_same_template,gsmplus_numerical_substitution
pairs_arith_v2.csv,5206,arithmetic,gsm8k_test_0581,train,remove,C1_transformed,gsmplus_problem_understanding
pairs_arith_v2.csv,5207,arithmetic,gsm8k_test_0581,train,retain,H2_same_template,gsmplus_critical_thinking
pairs_arith_v2.csv,5208,arithmetic,gsm8k_test_0581,train,retain,H1_same_topic,svamp
pairs_arith_v2.csv,5209,arithmetic,gsm8k_test_0581,train,retain,H3_predating,asdiv
pairs_arith_v2.csv,5210,arithmetic,gsm8k_test_0581,train,retain,R_random,truthfulqa
pairs_arith_v2.csv,5256,arithmetic,gsm8k_test_0587,train,remove,C0_exact,gsm8k_copy
pairs_arith_v2.csv,5257,arithmetic,gsm8k_test_0587,train,remove,C1_transformed,lmsys_rephrase
pairs_arith_v2.csv,5258,arithmetic,gsm8k_test_0587,train,remove,C2_answer_bearing,gsm8k_solution_frag
pairs_arith_v2.csv,5259,arithmetic,gsm8k_test_0587,train,retain,H2_same_template,gsmplus_numerical_substitution
pairs_arith_v2.csv,5260,arithmetic,gsm8k_test_0587,train,remove,C1_transformed,gsmplus_problem_understanding
pairs_arith_v2.csv,5261,arithmetic,gsm8k_test_0587,train,retain,H2_same_template,gsmplus_critical_thinking
pairs_arith_v2.csv,5262,arithmetic,gsm8k_test_0587,train,retain,H1_same_topic,svamp
pairs_arith_v2.csv,5263,arithmetic,gsm8k_test_0587,train,retain,H3_predating,asdiv
pairs_arith_v2.csv,5264,arithmetic,gsm8k_test_0587,train,retain,R_random,truthfulqa
pairs_arith_v2.csv,5265,arithmetic,gsm8k_test_0588,train,remove,C0_exact,gsm8k_copy
pairs_arith_v2.csv,5266,arithmetic,gsm8k_test_0588,train,remove,C1_transformed,lmsys_rephrase
pairs_arith_v2.csv,5267,arithmetic,gsm8k_test_0588,train,remove,C2_answer_bearing,gsm8k_solution_frag
pairs_arith_v2.csv,5268,arithmetic,gsm8k_test_0588,train,retain,H2_same_template,gsmplus_numerical_substitution
pairs_arith_v2.csv,5269,arithmetic,gsm8k_test_0588,train,remove,C1_transformed,gsmplus_problem_understanding
pairs_arith_v2.csv,5270,arithmetic,gsm8k_test_0588,train,retain,H2_same_template,gsmplus_critical_thinking
pairs_arith_v2.csv,5271,arithmetic,gsm8k_test_0588,train,retain,H1_same_topic,svamp
pairs_arith_v2.csv,5272,arithmetic,gsm8k_test_0588,train,retain,H3_predating,asdiv
pairs_arith_v2.csv,5273,arithmetic,gsm8k_test_0588,train,retain,R_random,truthfulqa
pairs_arith_v2.csv,5318,arithmetic,gsm8k_test_0594,train,remove,C0_exact,gsm8k_copy
pairs_arith_v2.csv,5319,arithmetic,gsm8k_test_0594,train,remove,C1_transformed,lmsys_rephrase
pairs_arith_v2.csv,5320,arithmetic,gsm8k_test_0594,train,remove,C2_answer_bearing,gsm8k_solution_frag
pairs_arith_v2.csv,5321,arithmetic,gsm8k_test_0594,train,retain,H2_same_template,gsmplus_numerical_substitution
pairs_arith_v2.csv,5322,arithmetic,gsm8k_test_0594,train,remove,C1_transformed,gsmplus_problem_understanding
pairs_arith_v2.csv,5323,arithmetic,gsm8k_test_0594,train,retain,H2_same_template,gsmplus_critical_thinking
pairs_arith_v2.csv,5324,arithmetic,gsm8k_test_0594,train,retain,H1_same_topic,svamp
pairs_arith_v2.csv,5325,arithmetic,gsm8k_test_0594,train,retain,H3_predating,asdiv
pairs_arith_v2.csv,5326,arithmetic,gsm8k_test_0594,train,retain,R_random,truthfulqa
pairs_arith_v2.csv,5336,arithmetic,gsm8k_test_0596,train,remove,C0_exact,gsm8k_copy
pairs_arith_v2.csv,5337,arithmetic,gsm8k_test_0596,train,remove,C1_transformed,lmsys_rephrase
pairs_arith_v2.csv,5338,arithmetic,gsm8k_test_0596,train,remove,C2_answer_bearing,gsm8k_solution_frag
pairs_arith_v2.csv,5339,arithmetic,gsm8k_test_0596,train,retain,H2_same_template,gsmplus_numerical_substitution
pairs_arith_v2.csv,5340,arithmetic,gsm8k_test_0596,train,remove,C1_transformed,gsmplus_problem_understanding
pairs_arith_v2.csv,5341,arithmetic,gsm8k_test_0596,train,retain,H2_same_template,gsmplus_critical_thinking
pairs_arith_v2.csv,5342,arithmetic,gsm8k_test_0596,train,retain,H1_same_topic,svamp
pairs_arith_v2.csv,5343,arithmetic,gsm8k_test_0596,train,retain,H3_predating,asdiv
pairs_arith_v2.csv,5344,arithmetic,gsm8k_test_0596,train,retain,R_random,truthfulqa
pairs_arith_v2.csv,5354,arithmetic,gsm8k_test_0598,train,remove,C0_exact,gsm8k_copy
pairs_arith_v2.csv,5355,arithmetic,gsm8k_test_0598,train,remove,C1_transformed,lmsys_rephrase
pairs_arith_v2.csv,5356,arithmetic,gsm8k_test_0598,train,remove,C2_answer_bearing,gsm8k_solution_frag
pairs_arith_v2.csv,5357,arithmetic,gsm8k_test_0598,train,retain,H2_same_template,gsmplus_numerical_substitution
pairs_arith_v2.csv,5358,arithmetic,gsm8k_test_0598,train,remove,C1_transformed,gsmplus_problem_understanding
pairs_arith_v2.csv,5359,arithmetic,gsm8k_test_0598,train,retain,H2_same_template,gsmplus_critical_thinking
pairs_arith_v2.csv,5360,arithmetic,gsm8k_test_0598,train,retain,H1_same_topic,svamp
pairs_arith_v2.csv,5361,arithmetic,gsm8k_test_0598,train,retain,H3_predating,asdiv
pairs_arith_v2.csv,5362,arithmetic,gsm8k_test_0598,train,retain,R_random,truthfulqa
pairs_arith_v2.csv,5363,arithmetic,gsm8k_test_0599,train,remove,C0_exact,gsm8k_copy
pairs_arith_v2.csv,5364,arithmetic,gsm8k_test_0599,train,remove,C1_transformed,lmsys_rephrase
pairs_arith_v2.csv,5365,arithmetic,gsm8k_test_0599,train,remove,C2_answer_bearing,gsm8k_solution_frag
pairs_arith_v2.csv,5366,arithmetic,gsm8k_test_0599,train,retain,H2_same_template,gsmplus_numerical_substitution
pairs_arith_v2.csv,5367,arithmetic,gsm8k_test_0599,train,remove,C1_transformed,gsmplus_problem_understanding
pairs_arith_v2.csv,5368,arithmetic,gsm8k_test_0599,train,retain,H2_same_template,gsmplus_critical_thinking
pairs_arith_v2.csv,5369,arithmetic,gsm8k_test_0599,train,retain,H1_same_topic,svamp
pairs_arith_v2.csv,5370,arithmetic,gsm8k_test_0599,train,retain,H3_predating,asdiv
pairs_arith_v2.csv,5371,arithmetic,gsm8k_test_0599,train,retain,R_random,truthfulqa
pairs_arith_v2.csv,5390,arithmetic,gsm8k_test_0602,train,remove,C0_exact,gsm8k_copy
pairs_arith_v2.csv,5391,arithmetic,gsm8k_test_0602,train,remove,C1_transformed,lmsys_rephrase
pairs_arith_v2.csv,5392,arithmetic,gsm8k_test_0602,train,remove,C2_answer_bearing,gsm8k_solution_frag
pairs_arith_v2.csv,5393,arithmetic,gsm8k_test_0602,train,remove,C1_transformed,gsmplus_problem_understanding
pairs_arith_v2.csv,5394,arithmetic,gsm8k_test_0602,train,retain,H2_same_template,gsmplus_critical_thinking
pairs_arith_v2.csv,5395,arithmetic,gsm8k_test_0602,train,retain,H1_same_topic,svamp
pairs_arith_v2.csv,5396,arithmetic,gsm8k_test_0602,train,retain,H3_predating,asdiv
pairs_arith_v2.csv,5397,arithmetic,gsm8k_test_0602,train,retain,R_random,truthfulqa
pairs_arith_v2.csv,5398,arithmetic,gsm8k_test_0603,train,remove,C0_exact,gsm8k_copy
pairs_arith_v2.csv,5399,arithmetic,gsm8k_test_0603,train,remove,C1_transformed,lmsys_rephrase
pairs_arith_v2.csv,5400,arithmetic,gsm8k_test_0603,train,remove,C2_answer_bearing,gsm8k_solution_frag
pairs_arith_v2.csv,5401,arithmetic,gsm8k_test_0603,train,retain,H2_same_template,gsmplus_numerical_substitution
pairs_arith_v2.csv,5402,arithmetic,gsm8k_test_0603,train,remove,C1_transformed,gsmplus_problem_understanding
pairs_arith_v2.csv,5403,arithmetic,gsm8k_test_0603,train,retain,H2_same_template,gsmplus_critical_thinking
pairs_arith_v2.csv,5404,arithmetic,gsm8k_test_0603,train,retain,H1_same_topic,svamp
pairs_arith_v2.csv,5405,arithmetic,gsm8k_test_0603,train,retain,H3_predating,asdiv
pairs_arith_v2.csv,5406,arithmetic,gsm8k_test_0603,train,retain,R_random,truthfulqa
pairs_arith_v2.csv,5416,arithmetic,gsm8k_test_0605,train,remove,C0_exact,gsm8k_copy
pairs_arith_v2.csv,5417,arithmetic,gsm8k_test_0605,train,remove,C1_transformed,lmsys_rephrase
pairs_arith_v2.csv,5418,arithmetic,gsm8k_test_0605,train,remove,C2_answer_bearing,gsm8k_solution_frag
pairs_arith_v2.csv,5419,arithmetic,gsm8k_test_0605,train,retain,H2_same_template,gsmplus_numerical_substitution
pairs_arith_v2.csv,5420,arithmetic,gsm8k_test_0605,train,remove,C1_transformed,gsmplus_problem_understanding
pairs_arith_v2.csv,5421,arithmetic,gsm8k_test_0605,train,retain,H2_same_template,gsmplus_critical_thinking
pairs_arith_v2.csv,5422,arithmetic,gsm8k_test_0605,train,retain,H1_same_topic,svamp
pairs_arith_v2.csv,5423,arithmetic,gsm8k_test_0605,train,retain,H3_predating,asdiv
pairs_arith_v2.csv,5424,arithmetic,gsm8k_test_0605,train,retain,R_random,truthfulqa
pairs_arith_v2.csv,5425,arithmetic,gsm8k_test_0606,train,remove,C0_exact,gsm8k_copy
pairs_arith_v2.csv,5426,arithmetic,gsm8k_test_0606,train,remove,C1_transformed,lmsys_rephrase
pairs_arith_v2.csv,5427,arithmetic,gsm8k_test_0606,train,remove,C2_answer_bearing,gsm8k_solution_frag
pairs_arith_v2.csv,5428,arithmetic,gsm8k_test_0606,train,retain,H2_same_template,gsmplus_numerical_substitution
pairs_arith_v2.csv,5429,arithmetic,gsm8k_test_0606,train,remove,C1_transformed,gsmplus_problem_understanding
pairs_arith_v2.csv,5430,arithmetic,gsm8k_test_0606,train,retain,H2_same_template,gsmplus_critical_thinking
pairs_arith_v2.csv,5431,arithmetic,gsm8k_test_0606,train,retain,H1_same_topic,svamp
pairs_arith_v2.csv,5432,arithmetic,gsm8k_test_0606,train,retain,H3_predating,asdiv
pairs_arith_v2.csv,5433,arithmetic,gsm8k_test_0606,train,retain,R_random,truthfulqa
pairs_arith_v2.csv,5443,arithmetic,gsm8k_test_0608,train,remove,C0_exact,gsm8k_copy
pairs_arith_v2.csv,5444,arithmetic,gsm8k_test_0608,train,remove,C1_transformed,lmsys_rephrase
pairs_arith_v2.csv,5445,arithmetic,gsm8k_test_0608,train,remove,C2_answer_bearing,gsm8k_solution_frag
pairs_arith_v2.csv,5446,arithmetic,gsm8k_test_0608,train,retain,H2_same_template,gsmplus_numerical_substitution
pairs_arith_v2.csv,5447,arithmetic,gsm8k_test_0608,train,remove,C1_transformed,gsmplus_problem_understanding
pairs_arith_v2.csv,5448,arithmetic,gsm8k_test_0608,train,retain,H2_same_template,gsmplus_critical_thinking
pairs_arith_v2.csv,5449,arithmetic,gsm8k_test_0608,train,retain,H1_same_topic,svamp
pairs_arith_v2.csv,5450,arithmetic,gsm8k_test_0608,train,retain,H3_predating,asdiv
pairs_arith_v2.csv,5451,arithmetic,gsm8k_test_0608,train,retain,R_random,truthfulqa
pairs_arith_v2.csv,5470,arithmetic,gsm8k_test_0611,train,remove,C0_exact,gsm8k_copy
pairs_arith_v2.csv,5471,arithmetic,gsm8k_test_0611,train,remove,C1_transformed,lmsys_rephrase
pairs_arith_v2.csv,5472,arithmetic,gsm8k_test_0611,train,remove,C2_answer_bearing,gsm8k_solution_frag
pairs_arith_v2.csv,5473,arithmetic,gsm8k_test_0611,train,retain,H2_same_template,gsmplus_numerical_substitution
pairs_arith_v2.csv,5474,arithmetic,gsm8k_test_0611,train,remove,C1_transformed,gsmplus_problem_understanding
pairs_arith_v2.csv,5475,arithmetic,gsm8k_test_0611,train,retain,H2_same_template,gsmplus_critical_thinking
pairs_arith_v2.csv,5476,arithmetic,gsm8k_test_0611,train,retain,H1_same_topic,svamp
pairs_arith_v2.csv,5477,arithmetic,gsm8k_test_0611,train,retain,H3_predating,asdiv
pairs_arith_v2.csv,5478,arithmetic,gsm8k_test_0611,train,retain,R_random,truthfulqa
pairs_arith_v2.csv,5488,arithmetic,gsm8k_test_0613,train,remove,C0_exact,gsm8k_copy
pairs_arith_v2.csv,5489,arithmetic,gsm8k_test_0613,train,remove,C1_transformed,lmsys_rephrase
pairs_arith_v2.csv,5490,arithmetic,gsm8k_test_0613,train,remove,C2_answer_bearing,gsm8k_solution_frag
pairs_arith_v2.csv,5491,arithmetic,gsm8k_test_0613,train,retain,H2_same_template,gsmplus_numerical_substitution
pairs_arith_v2.csv,5492,arithmetic,gsm8k_test_0613,train,remove,C1_transformed,gsmplus_problem_understanding
pairs_arith_v2.csv,5493,arithmetic,gsm8k_test_0613,train,retain,H2_same_template,gsmplus_critical_thinking
pairs_arith_v2.csv,5494,arithmetic,gsm8k_test_0613,train,retain,H1_same_topic,svamp
pairs_arith_v2.csv,5495,arithmetic,gsm8k_test_0613,train,retain,H3_predating,asdiv
pairs_arith_v2.csv,5496,arithmetic,gsm8k_test_0613,train,retain,R_random,truthfulqa
pairs_arith_v2.csv,5506,arithmetic,gsm8k_test_0615,train,remove,C0_exact,gsm8k_copy
pairs_arith_v2.csv,5507,arithmetic,gsm8k_test_0615,train,remove,C1_transformed,lmsys_rephrase
pairs_arith_v2.csv,5508,arithmetic,gsm8k_test_0615,train,remove,C2_answer_bearing,gsm8k_solution_frag
pairs_arith_v2.csv,5509,arithmetic,gsm8k_test_0615,train,retain,H2_same_template,gsmplus_numerical_substitution
pairs_arith_v2.csv,5510,arithmetic,gsm8k_test_0615,train,remove,C1_transformed,gsmplus_problem_understanding
pairs_arith_v2.csv,5511,arithmetic,gsm8k_test_0615,train,retain,H2_same_template,gsmplus_critical_thinking
pairs_arith_v2.csv,5512,arithmetic,gsm8k_test_0615,train,retain,H1_same_topic,svamp
pairs_arith_v2.csv,5513,arithmetic,gsm8k_test_0615,train,retain,H3_predating,asdiv
pairs_arith_v2.csv,5514,arithmetic,gsm8k_test_0615,train,retain,R_random,truthfulqa
pairs_arith_v2.csv,5515,arithmetic,gsm8k_test_0616,train,remove,C0_exact,gsm8k_copy
pairs_arith_v2.csv,5516,arithmetic,gsm8k_test_0616,train,remove,C1_transformed,lmsys_rephrase
pairs_arith_v2.csv,5517,arithmetic,gsm8k_test_0616,train,remove,C2_answer_bearing,gsm8k_solution_frag
pairs_arith_v2.csv,5518,arithmetic,gsm8k_test_0616,train,retain,H2_same_template,gsmplus_numerical_substitution
pairs_arith_v2.csv,5519,arithmetic,gsm8k_test_0616,train,remove,C1_transformed,gsmplus_problem_understanding
pairs_arith_v2.csv,5520,arithmetic,gsm8k_test_0616,train,retain,H2_same_template,gsmplus_critical_thinking
pairs_arith_v2.csv,5521,arithmetic,gsm8k_test_0616,train,retain,H1_same_topic,svamp
pairs_arith_v2.csv,5522,arithmetic,gsm8k_test_0616,train,retain,H3_predating,asdiv
pairs_arith_v2.csv,5523,arithmetic,gsm8k_test_0616,train,retain,R_random,truthfulqa
pairs_arith_v2.csv,5524,arithmetic,gsm8k_test_0617,train,remove,C0_exact,gsm8k_copy
pairs_arith_v2.csv,5525,arithmetic,gsm8k_test_0617,train,remove,C1_transformed,lmsys_rephrase
pairs_arith_v2.csv,5526,arithmetic,gsm8k_test_0617,train,remove,C2_answer_bearing,gsm8k_solution_frag
pairs_arith_v2.csv,5527,arithmetic,gsm8k_test_0617,train,remove,C1_transformed,gsmplus_problem_understanding
pairs_arith_v2.csv,5528,arithmetic,gsm8k_test_0617,train,retain,H2_same_template,gsmplus_critical_thinking
pairs_arith_v2.csv,5529,arithmetic,gsm8k_test_0617,train,retain,H1_same_topic,svamp
pairs_arith_v2.csv,5530,arithmetic,gsm8k_test_0617,train,retain,H3_predating,asdiv
pairs_arith_v2.csv,5531,arithmetic,gsm8k_test_0617,train,retain,R_random,truthfulqa
pairs_arith_v2.csv,5532,arithmetic,gsm8k_test_0618,train,remove,C0_exact,gsm8k_copy
pairs_arith_v2.csv,5533,arithmetic,gsm8k_test_0618,train,remove,C1_transformed,lmsys_rephrase
pairs_arith_v2.csv,5534,arithmetic,gsm8k_test_0618,train,remove,C2_answer_bearing,gsm8k_solution_frag
pairs_arith_v2.csv,5535,arithmetic,gsm8k_test_0618,train,retain,H2_same_template,gsmplus_numerical_substitution
pairs_arith_v2.csv,5536,arithmetic,gsm8k_test_0618,train,remove,C1_transformed,gsmplus_problem_understanding
pairs_arith_v2.csv,5537,arithmetic,gsm8k_test_0618,train,retain,H2_same_template,gsmplus_critical_thinking
pairs_arith_v2.csv,5538,arithmetic,gsm8k_test_0618,train,retain,H1_same_topic,svamp
pairs_arith_v2.csv,5539,arithmetic,gsm8k_test_0618,train,retain,H3_predating,asdiv
pairs_arith_v2.csv,5540,arithmetic,gsm8k_test_0618,train,retain,R_random,truthfulqa
pairs_arith_v2.csv,5541,arithmetic,gsm8k_test_0619,train,remove,C0_exact,gsm8k_copy
pairs_arith_v2.csv,5542,arithmetic,gsm8k_test_0619,train,remove,C1_transformed,lmsys_rephrase
pairs_arith_v2.csv,5543,arithmetic,gsm8k_test_0619,train,remove,C2_answer_bearing,gsm8k_solution_frag
pairs_arith_v2.csv,5544,arithmetic,gsm8k_test_0619,train,retain,H2_same_template,gsmplus_numerical_substitution
pairs_arith_v2.csv,5545,arithmetic,gsm8k_test_0619,train,remove,C1_transformed,gsmplus_problem_understanding
pairs_arith_v2.csv,5546,arithmetic,gsm8k_test_0619,train,retain,H2_same_template,gsmplus_critical_thinking
pairs_arith_v2.csv,5547,arithmetic,gsm8k_test_0619,train,retain,H1_same_topic,svamp
pairs_arith_v2.csv,5548,arithmetic,gsm8k_test_0619,train,retain,H3_predating,asdiv
pairs_arith_v2.csv,5549,arithmetic,gsm8k_test_0619,train,retain,R_random,truthfulqa
pairs_arith_v2.csv,5550,arithmetic,gsm8k_test_0620,train,remove,C0_exact,gsm8k_copy
pairs_arith_v2.csv,5551,arithmetic,gsm8k_test_0620,train,remove,C1_transformed,lmsys_rephrase
pairs_arith_v2.csv,5552,arithmetic,gsm8k_test_0620,train,remove,C2_answer_bearing,gsm8k_solution_frag
pairs_arith_v2.csv,5553,arithmetic,gsm8k_test_0620,train,retain,H2_same_template,gsmplus_numerical_substitution
pairs_arith_v2.csv,5554,arithmetic,gsm8k_test_0620,train,remove,C1_transformed,gsmplus_problem_understanding
pairs_arith_v2.csv,5555,arithmetic,gsm8k_test_0620,train,retain,H2_same_template,gsmplus_critical_thinking
pairs_arith_v2.csv,5556,arithmetic,gsm8k_test_0620,train,retain,H1_same_topic,svamp
pairs_arith_v2.csv,5557,arithmetic,gsm8k_test_0620,train,retain,H3_predating,asdiv
pairs_arith_v2.csv,5558,arithmetic,gsm8k_test_0620,train,retain,R_random,truthfulqa
pairs_arith_v2.csv,5559,arithmetic,gsm8k_test_0621,train,remove,C0_exact,gsm8k_copy
pairs_arith_v2.csv,5560,arithmetic,gsm8k_test_0621,train,remove,C1_transformed,lmsys_rephrase
pairs_arith_v2.csv,5561,arithmetic,gsm8k_test_0621,train,remove,C2_answer_bearing,gsm8k_solution_frag
pairs_arith_v2.csv,5562,arithmetic,gsm8k_test_0621,train,retain,H2_same_template,gsmplus_numerical_substitution
pairs_arith_v2.csv,5563,arithmetic,gsm8k_test_0621,train,remove,C1_transformed,gsmplus_problem_understanding
pairs_arith_v2.csv,5564,arithmetic,gsm8k_test_0621,train,retain,H2_same_template,gsmplus_critical_thinking
pairs_arith_v2.csv,5565,arithmetic,gsm8k_test_0621,train,retain,H1_same_topic,svamp
pairs_arith_v2.csv,5566,arithmetic,gsm8k_test_0621,train,retain,H3_predating,asdiv
pairs_arith_v2.csv,5567,arithmetic,gsm8k_test_0621,train,retain,R_random,truthfulqa
pairs_arith_v2.csv,5568,arithmetic,gsm8k_test_0622,train,remove,C0_exact,gsm8k_copy
pairs_arith_v2.csv,5569,arithmetic,gsm8k_test_0622,train,remove,C1_transformed,lmsys_rephrase
pairs_arith_v2.csv,5570,arithmetic,gsm8k_test_0622,train,remove,C2_answer_bearing,gsm8k_solution_frag
pairs_arith_v2.csv,5571,arithmetic,gsm8k_test_0622,train,retain,H2_same_template,gsmplus_numerical_substitution
pairs_arith_v2.csv,5572,arithmetic,gsm8k_test_0622,train,remove,C1_transformed,gsmplus_problem_understanding
pairs_arith_v2.csv,5573,arithmetic,gsm8k_test_0622,train,retain,H2_same_template,gsmplus_critical_thinking
pairs_arith_v2.csv,5574,arithmetic,gsm8k_test_0622,train,retain,H1_same_topic,svamp
pairs_arith_v2.csv,5575,arithmetic,gsm8k_test_0622,train,retain,H3_predating,asdiv
pairs_arith_v2.csv,5576,arithmetic,gsm8k_test_0622,train,retain,R_random,truthfulqa
pairs_arith_v2.csv,5577,arithmetic,gsm8k_test_0623,train,remove,C0_exact,gsm8k_copy
pairs_arith_v2.csv,5578,arithmetic,gsm8k_test_0623,train,remove,C1_transformed,lmsys_rephrase
pairs_arith_v2.csv,5579,arithmetic,gsm8k_test_0623,train,remove,C2_answer_bearing,gsm8k_solution_frag
pairs_arith_v2.csv,5580,arithmetic,gsm8k_test_0623,train,retain,H2_same_template,gsmplus_numerical_substitution
pairs_arith_v2.csv,5581,arithmetic,gsm8k_test_0623,train,remove,C1_transformed,gsmplus_problem_understanding
pairs_arith_v2.csv,5582,arithmetic,gsm8k_test_0623,train,retain,H2_same_template,gsmplus_critical_thinking
pairs_arith_v2.csv,5583,arithmetic,gsm8k_test_0623,train,retain,H1_same_topic,svamp
pairs_arith_v2.csv,5584,arithmetic,gsm8k_test_0623,train,retain,H3_predating,asdiv
pairs_arith_v2.csv,5585,arithmetic,gsm8k_test_0623,train,retain,R_random,truthfulqa
pairs_arith_v2.csv,5604,arithmetic,gsm8k_test_0626,train,remove,C0_exact,gsm8k_copy
pairs_arith_v2.csv,5605,arithmetic,gsm8k_test_0626,train,remove,C1_transformed,lmsys_rephrase
pairs_arith_v2.csv,5606,arithmetic,gsm8k_test_0626,train,remove,C2_answer_bearing,gsm8k_solution_frag
pairs_arith_v2.csv,5607,arithmetic,gsm8k_test_0626,train,retain,H2_same_template,gsmplus_numerical_substitution
pairs_arith_v2.csv,5608,arithmetic,gsm8k_test_0626,train,remove,C1_transformed,gsmplus_problem_understanding
pairs_arith_v2.csv,5609,arithmetic,gsm8k_test_0626,train,retain,H2_same_template,gsmplus_critical_thinking
pairs_arith_v2.csv,5610,arithmetic,gsm8k_test_0626,train,retain,H1_same_topic,svamp
pairs_arith_v2.csv,5611,arithmetic,gsm8k_test_0626,train,retain,H3_predating,asdiv
pairs_arith_v2.csv,5612,arithmetic,gsm8k_test_0626,train,retain,R_random,truthfulqa
pairs_arith_v2.csv,5649,arithmetic,gsm8k_test_0631,train,remove,C0_exact,gsm8k_copy
pairs_arith_v2.csv,5650,arithmetic,gsm8k_test_0631,train,remove,C1_transformed,lmsys_rephrase
pairs_arith_v2.csv,5651,arithmetic,gsm8k_test_0631,train,remove,C2_answer_bearing,gsm8k_solution_frag
pairs_arith_v2.csv,5652,arithmetic,gsm8k_test_0631,train,retain,H2_same_template,gsmplus_numerical_substitution
pairs_arith_v2.csv,5653,arithmetic,gsm8k_test_0631,train,remove,C1_transformed,gsmplus_problem_understanding
pairs_arith_v2.csv,5654,arithmetic,gsm8k_test_0631,train,retain,H2_same_template,gsmplus_critical_thinking
pairs_arith_v2.csv,5655,arithmetic,gsm8k_test_0631,train,retain,H1_same_topic,svamp
pairs_arith_v2.csv,5656,arithmetic,gsm8k_test_0631,train,retain,H3_predating,asdiv
pairs_arith_v2.csv,5657,arithmetic,gsm8k_test_0631,train,retain,R_random,truthfulqa
pairs_arith_v2.csv,5685,arithmetic,gsm8k_test_0635,train,remove,C0_exact,gsm8k_copy
pairs_arith_v2.csv,5686,arithmetic,gsm8k_test_0635,train,remove,C1_transformed,lmsys_rephrase
pairs_arith_v2.csv,5687,arithmetic,gsm8k_test_0635,train,remove,C2_answer_bearing,gsm8k_solution_frag
pairs_arith_v2.csv,5688,arithmetic,gsm8k_test_0635,train,retain,H2_same_template,gsmplus_numerical_substitution
pairs_arith_v2.csv,5689,arithmetic,gsm8k_test_0635,train,remove,C1_transformed,gsmplus_problem_understanding
pairs_arith_v2.csv,5690,arithmetic,gsm8k_test_0635,train,retain,H2_same_template,gsmplus_critical_thinking
pairs_arith_v2.csv,5691,arithmetic,gsm8k_test_0635,train,retain,H1_same_topic,svamp
pairs_arith_v2.csv,5692,arithmetic,gsm8k_test_0635,train,retain,H3_predating,asdiv
pairs_arith_v2.csv,5693,arithmetic,gsm8k_test_0635,train,retain,R_random,truthfulqa
pairs_arith_v2.csv,5694,arithmetic,gsm8k_test_0636,train,remove,C0_exact,gsm8k_copy
pairs_arith_v2.csv,5695,arithmetic,gsm8k_test_0636,train,remove,C1_transformed,lmsys_rephrase
pairs_arith_v2.csv,5696,arithmetic,gsm8k_test_0636,train,remove,C2_answer_bearing,gsm8k_solution_frag
pairs_arith_v2.csv,5697,arithmetic,gsm8k_test_0636,train,retain,H2_same_template,gsmplus_numerical_substitution
pairs_arith_v2.csv,5698,arithmetic,gsm8k_test_0636,train,remove,C1_transformed,gsmplus_problem_understanding
pairs_arith_v2.csv,5699,arithmetic,gsm8k_test_0636,train,retain,H2_same_template,gsmplus_critical_thinking
pairs_arith_v2.csv,5700,arithmetic,gsm8k_test_0636,train,retain,H1_same_topic,svamp
pairs_arith_v2.csv,5701,arithmetic,gsm8k_test_0636,train,retain,H3_predating,asdiv
pairs_arith_v2.csv,5702,arithmetic,gsm8k_test_0636,train,retain,R_random,truthfulqa
pairs_arith_v2.csv,5721,arithmetic,gsm8k_test_0639,train,remove,C0_exact,gsm8k_copy
pairs_arith_v2.csv,5722,arithmetic,gsm8k_test_0639,train,remove,C1_transformed,lmsys_rephrase
pairs_arith_v2.csv,5723,arithmetic,gsm8k_test_0639,train,remove,C2_answer_bearing,gsm8k_solution_frag
pairs_arith_v2.csv,5724,arithmetic,gsm8k_test_0639,train,retain,H2_same_template,gsmplus_numerical_substitution
pairs_arith_v2.csv,5725,arithmetic,gsm8k_test_0639,train,remove,C1_transformed,gsmplus_problem_understanding
pairs_arith_v2.csv,5726,arithmetic,gsm8k_test_0639,train,retain,H2_same_template,gsmplus_critical_thinking
pairs_arith_v2.csv,5727,arithmetic,gsm8k_test_0639,train,retain,H1_same_topic,svamp
pairs_arith_v2.csv,5728,arithmetic,gsm8k_test_0639,train,retain,H3_predating,asdiv
pairs_arith_v2.csv,5729,arithmetic,gsm8k_test_0639,train,retain,R_random,truthfulqa
pairs_arith_v2.csv,5730,arithmetic,gsm8k_test_0640,train,remove,C0_exact,gsm8k_copy
pairs_arith_v2.csv,5731,arithmetic,gsm8k_test_0640,train,remove,C1_transformed,lmsys_rephrase
pairs_arith_v2.csv,5732,arithmetic,gsm8k_test_0640,train,remove,C2_answer_bearing,gsm8k_solution_frag
pairs_arith_v2.csv,5733,arithmetic,gsm8k_test_0640,train,retain,H2_same_template,gsmplus_numerical_substitution
pairs_arith_v2.csv,5734,arithmetic,gsm8k_test_0640,train,remove,C1_transformed,gsmplus_problem_understanding
pairs_arith_v2.csv,5735,arithmetic,gsm8k_test_0640,train,retain,H2_same_template,gsmplus_critical_thinking
pairs_arith_v2.csv,5736,arithmetic,gsm8k_test_0640,train,retain,H1_same_topic,svamp
pairs_arith_v2.csv,5737,arithmetic,gsm8k_test_0640,train,retain,H3_predating,asdiv
pairs_arith_v2.csv,5738,arithmetic,gsm8k_test_0640,train,retain,R_random,truthfulqa
pairs_arith_v2.csv,5739,arithmetic,gsm8k_test_0641,train,remove,C0_exact,gsm8k_copy
pairs_arith_v2.csv,5740,arithmetic,gsm8k_test_0641,train,remove,C1_transformed,lmsys_rephrase
pairs_arith_v2.csv,5741,arithmetic,gsm8k_test_0641,train,remove,C2_answer_bearing,gsm8k_solution_frag
pairs_arith_v2.csv,5742,arithmetic,gsm8k_test_0641,train,retain,H2_same_template,gsmplus_numerical_substitution
pairs_arith_v2.csv,5743,arithmetic,gsm8k_test_0641,train,remove,C1_transformed,gsmplus_problem_understanding
pairs_arith_v2.csv,5744,arithmetic,gsm8k_test_0641,train,retain,H2_same_template,gsmplus_critical_thinking
pairs_arith_v2.csv,5745,arithmetic,gsm8k_test_0641,train,retain,H1_same_topic,svamp
pairs_arith_v2.csv,5746,arithmetic,gsm8k_test_0641,train,retain,H3_predating,asdiv
pairs_arith_v2.csv,5747,arithmetic,gsm8k_test_0641,train,retain,R_random,truthfulqa
pairs_arith_v2.csv,5748,arithmetic,gsm8k_test_0642,train,remove,C0_exact,gsm8k_copy
pairs_arith_v2.csv,5749,arithmetic,gsm8k_test_0642,train,remove,C1_transformed,lmsys_rephrase
pairs_arith_v2.csv,5750,arithmetic,gsm8k_test_0642,train,remove,C2_answer_bearing,gsm8k_solution_frag
pairs_arith_v2.csv,5751,arithmetic,gsm8k_test_0642,train,retain,H2_same_template,gsmplus_numerical_substitution
pairs_arith_v2.csv,5752,arithmetic,gsm8k_test_0642,train,remove,C1_transformed,gsmplus_problem_understanding
pairs_arith_v2.csv,5753,arithmetic,gsm8k_test_0642,train,retain,H2_same_template,gsmplus_critical_thinking
pairs_arith_v2.csv,5754,arithmetic,gsm8k_test_0642,train,retain,H1_same_topic,svamp
pairs_arith_v2.csv,5755,arithmetic,gsm8k_test_0642,train,retain,H3_predating,asdiv
pairs_arith_v2.csv,5756,arithmetic,gsm8k_test_0642,train,retain,R_random,truthfulqa
pairs_arith_v2.csv,5784,arithmetic,gsm8k_test_0646,train,remove,C0_exact,gsm8k_copy
pairs_arith_v2.csv,5785,arithmetic,gsm8k_test_0646,train,remove,C1_transformed,lmsys_rephrase
pairs_arith_v2.csv,5786,arithmetic,gsm8k_test_0646,train,remove,C2_answer_bearing,gsm8k_solution_frag
pairs_arith_v2.csv,5787,arithmetic,gsm8k_test_0646,train,retain,H2_same_template,gsmplus_numerical_substitution
pairs_arith_v2.csv,5788,arithmetic,gsm8k_test_0646,train,remove,C1_transformed,gsmplus_problem_understanding
pairs_arith_v2.csv,5789,arithmetic,gsm8k_test_0646,train,retain,H2_same_template,gsmplus_critical_thinking
pairs_arith_v2.csv,5790,arithmetic,gsm8k_test_0646,train,retain,H1_same_topic,svamp
pairs_arith_v2.csv,5791,arithmetic,gsm8k_test_0646,train,retain,H3_predating,asdiv
pairs_arith_v2.csv,5792,arithmetic,gsm8k_test_0646,train,retain,R_random,truthfulqa
pairs_arith_v2.csv,5802,arithmetic,gsm8k_test_0648,train,remove,C0_exact,gsm8k_copy
pairs_arith_v2.csv,5803,arithmetic,gsm8k_test_0648,train,remove,C1_transformed,lmsys_rephrase
pairs_arith_v2.csv,5804,arithmetic,gsm8k_test_0648,train,remove,C2_answer_bearing,gsm8k_solution_frag
pairs_arith_v2.csv,5805,arithmetic,gsm8k_test_0648,train,retain,H2_same_template,gsmplus_numerical_substitution
pairs_arith_v2.csv,5806,arithmetic,gsm8k_test_0648,train,remove,C1_transformed,gsmplus_problem_understanding
pairs_arith_v2.csv,5807,arithmetic,gsm8k_test_0648,train,retain,H2_same_template,gsmplus_critical_thinking
pairs_arith_v2.csv,5808,arithmetic,gsm8k_test_0648,train,retain,H1_same_topic,svamp
pairs_arith_v2.csv,5809,arithmetic,gsm8k_test_0648,train,retain,H3_predating,asdiv
pairs_arith_v2.csv,5810,arithmetic,gsm8k_test_0648,train,retain,R_random,truthfulqa
pairs_arith_v2.csv,5811,arithmetic,gsm8k_test_0649,train,remove,C0_exact,gsm8k_copy
pairs_arith_v2.csv,5812,arithmetic,gsm8k_test_0649,train,remove,C1_transformed,lmsys_rephrase
pairs_arith_v2.csv,5813,arithmetic,gsm8k_test_0649,train,remove,C2_answer_bearing,gsm8k_solution_frag
pairs_arith_v2.csv,5814,arithmetic,gsm8k_test_0649,train,retain,H2_same_template,gsmplus_numerical_substitution
pairs_arith_v2.csv,5815,arithmetic,gsm8k_test_0649,train,remove,C1_transformed,gsmplus_problem_understanding
pairs_arith_v2.csv,5816,arithmetic,gsm8k_test_0649,train,retain,H2_same_template,gsmplus_critical_thinking
pairs_arith_v2.csv,5817,arithmetic,gsm8k_test_0649,train,retain,H1_same_topic,svamp
pairs_arith_v2.csv,5818,arithmetic,gsm8k_test_0649,train,retain,H3_predating,asdiv
pairs_arith_v2.csv,5819,arithmetic,gsm8k_test_0649,train,retain,R_random,truthfulqa
pairs_arith_v2.csv,5847,arithmetic,gsm8k_test_0653,train,remove,C0_exact,gsm8k_copy
pairs_arith_v2.csv,5848,arithmetic,gsm8k_test_0653,train,remove,C1_transformed,lmsys_rephrase
pairs_arith_v2.csv,5849,arithmetic,gsm8k_test_0653,train,remove,C2_answer_bearing,gsm8k_solution_frag
pairs_arith_v2.csv,5850,arithmetic,gsm8k_test_0653,train,retain,H2_same_template,gsmplus_numerical_substitution
pairs_arith_v2.csv,5851,arithmetic,gsm8k_test_0653,train,remove,C1_transformed,gsmplus_problem_understanding
pairs_arith_v2.csv,5852,arithmetic,gsm8k_test_0653,train,retain,H2_same_template,gsmplus_critical_thinking
pairs_arith_v2.csv,5853,arithmetic,gsm8k_test_0653,train,retain,H1_same_topic,svamp
pairs_arith_v2.csv,5854,arithmetic,gsm8k_test_0653,train,retain,H3_predating,asdiv
pairs_arith_v2.csv,5855,arithmetic,gsm8k_test_0653,train,retain,R_random,truthfulqa
pairs_arith_v2.csv,5856,arithmetic,gsm8k_test_0654,train,remove,C0_exact,gsm8k_copy
pairs_arith_v2.csv,5857,arithmetic,gsm8k_test_0654,train,remove,C1_transformed,lmsys_rephrase
pairs_arith_v2.csv,5858,arithmetic,gsm8k_test_0654,train,remove,C2_answer_bearing,gsm8k_solution_frag
pairs_arith_v2.csv,5859,arithmetic,gsm8k_test_0654,train,retain,H2_same_template,gsmplus_numerical_substitution
pairs_arith_v2.csv,5860,arithmetic,gsm8k_test_0654,train,remove,C1_transformed,gsmplus_problem_understanding
pairs_arith_v2.csv,5861,arithmetic,gsm8k_test_0654,train,retain,H2_same_template,gsmplus_critical_thinking
pairs_arith_v2.csv,5862,arithmetic,gsm8k_test_0654,train,retain,H1_same_topic,svamp
pairs_arith_v2.csv,5863,arithmetic,gsm8k_test_0654,train,retain,H3_predating,asdiv
pairs_arith_v2.csv,5864,arithmetic,gsm8k_test_0654,train,retain,R_random,truthfulqa
pairs_arith_v2.csv,5865,arithmetic,gsm8k_test_0655,train,remove,C0_exact,gsm8k_copy
pairs_arith_v2.csv,5866,arithmetic,gsm8k_test_0655,train,remove,C1_transformed,lmsys_rephrase
pairs_arith_v2.csv,5867,arithmetic,gsm8k_test_0655,train,remove,C2_answer_bearing,gsm8k_solution_frag
pairs_arith_v2.csv,5868,arithmetic,gsm8k_test_0655,train,retain,H2_same_template,gsmplus_numerical_substitution
pairs_arith_v2.csv,5869,arithmetic,gsm8k_test_0655,train,remove,C1_transformed,gsmplus_problem_understanding
pairs_arith_v2.csv,5870,arithmetic,gsm8k_test_0655,train,retain,H2_same_template,gsmplus_critical_thinking
pairs_arith_v2.csv,5871,arithmetic,gsm8k_test_0655,train,retain,H1_same_topic,svamp
pairs_arith_v2.csv,5872,arithmetic,gsm8k_test_0655,train,retain,H3_predating,asdiv
pairs_arith_v2.csv,5873,arithmetic,gsm8k_test_0655,train,retain,R_random,truthfulqa
pairs_arith_v2.csv,5883,arithmetic,gsm8k_test_0657,train,remove,C0_exact,gsm8k_copy
pairs_arith_v2.csv,5884,arithmetic,gsm8k_test_0657,train,remove,C1_transformed,lmsys_rephrase
pairs_arith_v2.csv,5885,arithmetic,gsm8k_test_0657,train,remove,C2_answer_bearing,gsm8k_solution_frag
pairs_arith_v2.csv,5886,arithmetic,gsm8k_test_0657,train,retain,H2_same_template,gsmplus_numerical_substitution
pairs_arith_v2.csv,5887,arithmetic,gsm8k_test_0657,train,remove,C1_transformed,gsmplus_problem_understanding
pairs_arith_v2.csv,5888,arithmetic,gsm8k_test_0657,train,retain,H2_same_template,gsmplus_critical_thinking
pairs_arith_v2.csv,5889,arithmetic,gsm8k_test_0657,train,retain,H1_same_topic,svamp
pairs_arith_v2.csv,5890,arithmetic,gsm8k_test_0657,train,retain,H3_predating,asdiv
pairs_arith_v2.csv,5891,arithmetic,gsm8k_test_0657,train,retain,R_random,truthfulqa
pairs_arith_v2.csv,5936,arithmetic,gsm8k_test_0663,train,remove,C0_exact,gsm8k_copy
pairs_arith_v2.csv,5937,arithmetic,gsm8k_test_0663,train,remove,C1_transformed,lmsys_rephrase
pairs_arith_v2.csv,5938,arithmetic,gsm8k_test_0663,train,remove,C2_answer_bearing,gsm8k_solution_frag
pairs_arith_v2.csv,5939,arithmetic,gsm8k_test_0663,train,remove,C1_transformed,gsmplus_problem_understanding
pairs_arith_v2.csv,5940,arithmetic,gsm8k_test_0663,train,retain,H2_same_template,gsmplus_critical_thinking
pairs_arith_v2.csv,5941,arithmetic,gsm8k_test_0663,train,retain,H1_same_topic,svamp
pairs_arith_v2.csv,5942,arithmetic,gsm8k_test_0663,train,retain,H3_predating,asdiv
pairs_arith_v2.csv,5943,arithmetic,gsm8k_test_0663,train,retain,R_random,truthfulqa
pairs_arith_v2.csv,5944,arithmetic,gsm8k_test_0664,train,remove,C0_exact,gsm8k_copy
pairs_arith_v2.csv,5945,arithmetic,gsm8k_test_0664,train,remove,C1_transformed,lmsys_rephrase
pairs_arith_v2.csv,5946,arithmetic,gsm8k_test_0664,train,remove,C2_answer_bearing,gsm8k_solution_frag
pairs_arith_v2.csv,5947,arithmetic,gsm8k_test_0664,train,remove,C1_transformed,gsmplus_problem_understanding
pairs_arith_v2.csv,5948,arithmetic,gsm8k_test_0664,train,retain,H2_same_template,gsmplus_critical_thinking
pairs_arith_v2.csv,5949,arithmetic,gsm8k_test_0664,train,retain,H1_same_topic,svamp
pairs_arith_v2.csv,5950,arithmetic,gsm8k_test_0664,train,retain,H3_predating,asdiv
pairs_arith_v2.csv,5951,arithmetic,gsm8k_test_0664,train,retain,R_random,truthfulqa
pairs_arith_v2.csv,5961,arithmetic,gsm8k_test_0666,train,remove,C0_exact,gsm8k_copy
pairs_arith_v2.csv,5962,arithmetic,gsm8k_test_0666,train,remove,C1_transformed,lmsys_rephrase
pairs_arith_v2.csv,5963,arithmetic,gsm8k_test_0666,train,remove,C2_answer_bearing,gsm8k_solution_frag
pairs_arith_v2.csv,5964,arithmetic,gsm8k_test_0666,train,retain,H2_same_template,gsmplus_numerical_substitution
pairs_arith_v2.csv,5965,arithmetic,gsm8k_test_0666,train,remove,C1_transformed,gsmplus_problem_understanding
pairs_arith_v2.csv,5966,arithmetic,gsm8k_test_0666,train,retain,H2_same_template,gsmplus_critical_thinking
pairs_arith_v2.csv,5967,arithmetic,gsm8k_test_0666,train,retain,H1_same_topic,svamp
pairs_arith_v2.csv,5968,arithmetic,gsm8k_test_0666,train,retain,H3_predating,asdiv
pairs_arith_v2.csv,5969,arithmetic,gsm8k_test_0666,train,retain,R_random,truthfulqa
pairs_arith_v2.csv,5979,arithmetic,gsm8k_test_0668,train,remove,C0_exact,gsm8k_copy
pairs_arith_v2.csv,5980,arithmetic,gsm8k_test_0668,train,remove,C1_transformed,lmsys_rephrase
pairs_arith_v2.csv,5981,arithmetic,gsm8k_test_0668,train,remove,C2_answer_bearing,gsm8k_solution_frag
pairs_arith_v2.csv,5982,arithmetic,gsm8k_test_0668,train,retain,H2_same_template,gsmplus_numerical_substitution
pairs_arith_v2.csv,5983,arithmetic,gsm8k_test_0668,train,remove,C1_transformed,gsmplus_problem_understanding
pairs_arith_v2.csv,5984,arithmetic,gsm8k_test_0668,train,retain,H2_same_template,gsmplus_critical_thinking
pairs_arith_v2.csv,5985,arithmetic,gsm8k_test_0668,train,retain,H1_same_topic,svamp
pairs_arith_v2.csv,5986,arithmetic,gsm8k_test_0668,train,retain,H3_predating,asdiv
pairs_arith_v2.csv,5987,arithmetic,gsm8k_test_0668,train,retain,R_random,truthfulqa
pairs_arith_v2.csv,5997,arithmetic,gsm8k_test_0670,train,remove,C0_exact,gsm8k_copy
pairs_arith_v2.csv,5998,arithmetic,gsm8k_test_0670,train,remove,C1_transformed,lmsys_rephrase
pairs_arith_v2.csv,5999,arithmetic,gsm8k_test_0670,train,remove,C2_answer_bearing,gsm8k_solution_frag
pairs_arith_v2.csv,6000,arithmetic,gsm8k_test_0670,train,retain,H2_same_template,gsmplus_numerical_substitution
pairs_arith_v2.csv,6001,arithmetic,gsm8k_test_0670,train,remove,C1_transformed,gsmplus_problem_understanding
pairs_arith_v2.csv,6002,arithmetic,gsm8k_test_0670,train,retain,H2_same_template,gsmplus_critical_thinking
pairs_arith_v2.csv,6003,arithmetic,gsm8k_test_0670,train,retain,H1_same_topic,svamp
pairs_arith_v2.csv,6004,arithmetic,gsm8k_test_0670,train,retain,H3_predating,asdiv
pairs_arith_v2.csv,6005,arithmetic,gsm8k_test_0670,train,retain,R_random,truthfulqa
pairs_arith_v2.csv,6015,arithmetic,gsm8k_test_0672,train,remove,C0_exact,gsm8k_copy
pairs_arith_v2.csv,6016,arithmetic,gsm8k_test_0672,train,remove,C1_transformed,lmsys_rephrase
pairs_arith_v2.csv,6017,arithmetic,gsm8k_test_0672,train,remove,C2_answer_bearing,gsm8k_solution_frag
pairs_arith_v2.csv,6018,arithmetic,gsm8k_test_0672,train,retain,H2_same_template,gsmplus_numerical_substitution
pairs_arith_v2.csv,6019,arithmetic,gsm8k_test_0672,train,remove,C1_transformed,gsmplus_problem_understanding
pairs_arith_v2.csv,6020,arithmetic,gsm8k_test_0672,train,retain,H2_same_template,gsmplus_critical_thinking
pairs_arith_v2.csv,6021,arithmetic,gsm8k_test_0672,train,retain,H1_same_topic,svamp
pairs_arith_v2.csv,6022,arithmetic,gsm8k_test_0672,train,retain,H3_predating,asdiv
pairs_arith_v2.csv,6023,arithmetic,gsm8k_test_0672,train,retain,R_random,truthfulqa
pairs_arith_v2.csv,6024,arithmetic,gsm8k_test_0673,train,remove,C0_exact,gsm8k_copy
pairs_arith_v2.csv,6025,arithmetic,gsm8k_test_0673,train,remove,C1_transformed,lmsys_rephrase
pairs_arith_v2.csv,6026,arithmetic,gsm8k_test_0673,train,remove,C2_answer_bearing,gsm8k_solution_frag
pairs_arith_v2.csv,6027,arithmetic,gsm8k_test_0673,train,retain,H2_same_template,gsmplus_numerical_substitution
pairs_arith_v2.csv,6028,arithmetic,gsm8k_test_0673,train,remove,C1_transformed,gsmplus_problem_understanding
pairs_arith_v2.csv,6029,arithmetic,gsm8k_test_0673,train,retain,H2_same_template,gsmplus_critical_thinking
pairs_arith_v2.csv,6030,arithmetic,gsm8k_test_0673,train,retain,H1_same_topic,svamp
pairs_arith_v2.csv,6031,arithmetic,gsm8k_test_0673,train,retain,H3_predating,asdiv
pairs_arith_v2.csv,6032,arithmetic,gsm8k_test_0673,train,retain,R_random,truthfulqa
pairs_arith_v2.csv,6033,arithmetic,gsm8k_test_0674,train,remove,C0_exact,gsm8k_copy
pairs_arith_v2.csv,6034,arithmetic,gsm8k_test_0674,train,remove,C1_transformed,lmsys_rephrase
pairs_arith_v2.csv,6035,arithmetic,gsm8k_test_0674,train,remove,C2_answer_bearing,gsm8k_solution_frag
pairs_arith_v2.csv,6036,arithmetic,gsm8k_test_0674,train,retain,H2_same_template,gsmplus_numerical_substitution
pairs_arith_v2.csv,6037,arithmetic,gsm8k_test_0674,train,remove,C1_transformed,gsmplus_problem_understanding
pairs_arith_v2.csv,6038,arithmetic,gsm8k_test_0674,train,retain,H2_same_template,gsmplus_critical_thinking
pairs_arith_v2.csv,6039,arithmetic,gsm8k_test_0674,train,retain,H1_same_topic,svamp
pairs_arith_v2.csv,6040,arithmetic,gsm8k_test_0674,train,retain,H3_predating,asdiv
pairs_arith_v2.csv,6041,arithmetic,gsm8k_test_0674,train,retain,R_random,truthfulqa
pairs_arith_v2.csv,6060,arithmetic,gsm8k_test_0677,train,remove,C0_exact,gsm8k_copy
pairs_arith_v2.csv,6061,arithmetic,gsm8k_test_0677,train,remove,C1_transformed,lmsys_rephrase
pairs_arith_v2.csv,6062,arithmetic,gsm8k_test_0677,train,remove,C2_answer_bearing,gsm8k_solution_frag
pairs_arith_v2.csv,6063,arithmetic,gsm8k_test_0677,train,retain,H2_same_template,gsmplus_numerical_substitution
pairs_arith_v2.csv,6064,arithmetic,gsm8k_test_0677,train,remove,C1_transformed,gsmplus_problem_understanding
pairs_arith_v2.csv,6065,arithmetic,gsm8k_test_0677,train,retain,H2_same_template,gsmplus_critical_thinking
pairs_arith_v2.csv,6066,arithmetic,gsm8k_test_0677,train,retain,H1_same_topic,svamp
pairs_arith_v2.csv,6067,arithmetic,gsm8k_test_0677,train,retain,H3_predating,asdiv
pairs_arith_v2.csv,6068,arithmetic,gsm8k_test_0677,train,retain,R_random,truthfulqa
pairs_arith_v2.csv,6087,arithmetic,gsm8k_test_0680,train,remove,C0_exact,gsm8k_copy
pairs_arith_v2.csv,6088,arithmetic,gsm8k_test_0680,train,remove,C1_transformed,lmsys_rephrase
pairs_arith_v2.csv,6089,arithmetic,gsm8k_test_0680,train,remove,C2_answer_bearing,gsm8k_solution_frag
pairs_arith_v2.csv,6090,arithmetic,gsm8k_test_0680,train,retain,H2_same_template,gsmplus_numerical_substitution
pairs_arith_v2.csv,6091,arithmetic,gsm8k_test_0680,train,remove,C1_transformed,gsmplus_problem_understanding
pairs_arith_v2.csv,6092,arithmetic,gsm8k_test_0680,train,retain,H2_same_template,gsmplus_critical_thinking
pairs_arith_v2.csv,6093,arithmetic,gsm8k_test_0680,train,retain,H1_same_topic,svamp
pairs_arith_v2.csv,6094,arithmetic,gsm8k_test_0680,train,retain,H3_predating,asdiv
pairs_arith_v2.csv,6095,arithmetic,gsm8k_test_0680,train,retain,R_random,truthfulqa
pairs_arith_v2.csv,6096,arithmetic,gsm8k_test_0681,train,remove,C0_exact,gsm8k_copy
pairs_arith_v2.csv,6097,arithmetic,gsm8k_test_0681,train,remove,C1_transformed,lmsys_rephrase
pairs_arith_v2.csv,6098,arithmetic,gsm8k_test_0681,train,remove,C2_answer_bearing,gsm8k_solution_frag
pairs_arith_v2.csv,6099,arithmetic,gsm8k_test_0681,train,retain,H2_same_template,gsmplus_numerical_substitution
pairs_arith_v2.csv,6100,arithmetic,gsm8k_test_0681,train,remove,C1_transformed,gsmplus_problem_understanding
pairs_arith_v2.csv,6101,arithmetic,gsm8k_test_0681,train,retain,H2_same_template,gsmplus_critical_thinking
pairs_arith_v2.csv,6102,arithmetic,gsm8k_test_0681,train,retain,H1_same_topic,svamp
pairs_arith_v2.csv,6103,arithmetic,gsm8k_test_0681,train,retain,H3_predating,asdiv
pairs_arith_v2.csv,6104,arithmetic,gsm8k_test_0681,train,retain,R_random,truthfulqa
pairs_arith_v2.csv,6105,arithmetic,gsm8k_test_0682,train,remove,C0_exact,gsm8k_copy
pairs_arith_v2.csv,6106,arithmetic,gsm8k_test_0682,train,remove,C1_transformed,lmsys_rephrase
pairs_arith_v2.csv,6107,arithmetic,gsm8k_test_0682,train,remove,C2_answer_bearing,gsm8k_solution_frag
pairs_arith_v2.csv,6108,arithmetic,gsm8k_test_0682,train,retain,H2_same_template,gsmplus_numerical_substitution
pairs_arith_v2.csv,6109,arithmetic,gsm8k_test_0682,train,remove,C1_transformed,gsmplus_problem_understanding
pairs_arith_v2.csv,6110,arithmetic,gsm8k_test_0682,train,retain,H2_same_template,gsmplus_critical_thinking
pairs_arith_v2.csv,6111,arithmetic,gsm8k_test_0682,train,retain,H1_same_topic,svamp
pairs_arith_v2.csv,6112,arithmetic,gsm8k_test_0682,train,retain,H3_predating,asdiv
pairs_arith_v2.csv,6113,arithmetic,gsm8k_test_0682,train,retain,R_random,truthfulqa
pairs_arith_v2.csv,6114,arithmetic,gsm8k_test_0683,train,remove,C0_exact,gsm8k_copy
pairs_arith_v2.csv,6115,arithmetic,gsm8k_test_0683,train,remove,C1_transformed,lmsys_rephrase
pairs_arith_v2.csv,6116,arithmetic,gsm8k_test_0683,train,remove,C2_answer_bearing,gsm8k_solution_frag
pairs_arith_v2.csv,6117,arithmetic,gsm8k_test_0683,train,retain,H2_same_template,gsmplus_numerical_substitution
pairs_arith_v2.csv,6118,arithmetic,gsm8k_test_0683,train,remove,C1_transformed,gsmplus_problem_understanding
pairs_arith_v2.csv,6119,arithmetic,gsm8k_test_0683,train,retain,H2_same_template,gsmplus_critical_thinking
pairs_arith_v2.csv,6120,arithmetic,gsm8k_test_0683,train,retain,H1_same_topic,svamp
pairs_arith_v2.csv,6121,arithmetic,gsm8k_test_0683,train,retain,H3_predating,asdiv
pairs_arith_v2.csv,6122,arithmetic,gsm8k_test_0683,train,retain,R_random,truthfulqa
pairs_arith_v2.csv,6123,arithmetic,gsm8k_test_0684,train,remove,C0_exact,gsm8k_copy
pairs_arith_v2.csv,6124,arithmetic,gsm8k_test_0684,train,remove,C1_transformed,lmsys_rephrase
pairs_arith_v2.csv,6125,arithmetic,gsm8k_test_0684,train,remove,C2_answer_bearing,gsm8k_solution_frag
pairs_arith_v2.csv,6126,arithmetic,gsm8k_test_0684,train,retain,H2_same_template,gsmplus_numerical_substitution
pairs_arith_v2.csv,6127,arithmetic,gsm8k_test_0684,train,remove,C1_transformed,gsmplus_problem_understanding
pairs_arith_v2.csv,6128,arithmetic,gsm8k_test_0684,train,retain,H2_same_template,gsmplus_critical_thinking
pairs_arith_v2.csv,6129,arithmetic,gsm8k_test_0684,train,retain,H1_same_topic,svamp
pairs_arith_v2.csv,6130,arithmetic,gsm8k_test_0684,train,retain,H3_predating,asdiv
pairs_arith_v2.csv,6131,arithmetic,gsm8k_test_0684,train,retain,R_random,truthfulqa
pairs_arith_v2.csv,6141,arithmetic,gsm8k_test_0686,train,remove,C0_exact,gsm8k_copy
pairs_arith_v2.csv,6142,arithmetic,gsm8k_test_0686,train,remove,C1_transformed,lmsys_rephrase
pairs_arith_v2.csv,6143,arithmetic,gsm8k_test_0686,train,remove,C2_answer_bearing,gsm8k_solution_frag
pairs_arith_v2.csv,6144,arithmetic,gsm8k_test_0686,train,retain,H2_same_template,gsmplus_numerical_substitution
pairs_arith_v2.csv,6145,arithmetic,gsm8k_test_0686,train,remove,C1_transformed,gsmplus_problem_understanding
pairs_arith_v2.csv,6146,arithmetic,gsm8k_test_0686,train,retain,H2_same_template,gsmplus_critical_thinking
pairs_arith_v2.csv,6147,arithmetic,gsm8k_test_0686,train,retain,H1_same_topic,svamp
pairs_arith_v2.csv,6148,arithmetic,gsm8k_test_0686,train,retain,H3_predating,asdiv
pairs_arith_v2.csv,6149,arithmetic,gsm8k_test_0686,train,retain,R_random,truthfulqa
pairs_arith_v2.csv,6177,arithmetic,gsm8k_test_0690,train,remove,C0_exact,gsm8k_copy
pairs_arith_v2.csv,6178,arithmetic,gsm8k_test_0690,train,remove,C1_transformed,lmsys_rephrase
pairs_arith_v2.csv,6179,arithmetic,gsm8k_test_0690,train,remove,C2_answer_bearing,gsm8k_solution_frag
pairs_arith_v2.csv,6180,arithmetic,gsm8k_test_0690,train,retain,H2_same_template,gsmplus_numerical_substitution
pairs_arith_v2.csv,6181,arithmetic,gsm8k_test_0690,train,remove,C1_transformed,gsmplus_problem_understanding
pairs_arith_v2.csv,6182,arithmetic,gsm8k_test_0690,train,retain,H2_same_template,gsmplus_critical_thinking
pairs_arith_v2.csv,6183,arithmetic,gsm8k_test_0690,train,retain,H1_same_topic,svamp
pairs_arith_v2.csv,6184,arithmetic,gsm8k_test_0690,train,retain,H3_predating,asdiv
pairs_arith_v2.csv,6185,arithmetic,gsm8k_test_0690,train,retain,R_random,truthfulqa
pairs_arith_v2.csv,6195,arithmetic,gsm8k_test_0692,train,remove,C0_exact,gsm8k_copy
pairs_arith_v2.csv,6196,arithmetic,gsm8k_test_0692,train,remove,C1_transformed,lmsys_rephrase
pairs_arith_v2.csv,6197,arithmetic,gsm8k_test_0692,train,remove,C2_answer_bearing,gsm8k_solution_frag
pairs_arith_v2.csv,6198,arithmetic,gsm8k_test_0692,train,retain,H2_same_template,gsmplus_numerical_substitution
pairs_arith_v2.csv,6199,arithmetic,gsm8k_test_0692,train,remove,C1_transformed,gsmplus_problem_understanding
pairs_arith_v2.csv,6200,arithmetic,gsm8k_test_0692,train,retain,H2_same_template,gsmplus_critical_thinking
pairs_arith_v2.csv,6201,arithmetic,gsm8k_test_0692,train,retain,H1_same_topic,svamp
pairs_arith_v2.csv,6202,arithmetic,gsm8k_test_0692,train,retain,H3_predating,asdiv
pairs_arith_v2.csv,6203,arithmetic,gsm8k_test_0692,train,retain,R_random,truthfulqa
pairs_arith_v2.csv,6204,arithmetic,gsm8k_test_0693,train,remove,C0_exact,gsm8k_copy
pairs_arith_v2.csv,6205,arithmetic,gsm8k_test_0693,train,remove,C1_transformed,lmsys_rephrase
pairs_arith_v2.csv,6206,arithmetic,gsm8k_test_0693,train,remove,C2_answer_bearing,gsm8k_solution_frag
pairs_arith_v2.csv,6207,arithmetic,gsm8k_test_0693,train,retain,H2_same_template,gsmplus_numerical_substitution
pairs_arith_v2.csv,6208,arithmetic,gsm8k_test_0693,train,remove,C1_transformed,gsmplus_problem_understanding
pairs_arith_v2.csv,6209,arithmetic,gsm8k_test_0693,train,retain,H2_same_template,gsmplus_critical_thinking
pairs_arith_v2.csv,6210,arithmetic,gsm8k_test_0693,train,retain,H1_same_topic,svamp
pairs_arith_v2.csv,6211,arithmetic,gsm8k_test_0693,train,retain,H3_predating,asdiv
pairs_arith_v2.csv,6212,arithmetic,gsm8k_test_0693,train,retain,R_random,truthfulqa
pairs_arith_v2.csv,6231,arithmetic,gsm8k_test_0696,train,remove,C0_exact,gsm8k_copy
pairs_arith_v2.csv,6232,arithmetic,gsm8k_test_0696,train,remove,C1_transformed,lmsys_rephrase
pairs_arith_v2.csv,6233,arithmetic,gsm8k_test_0696,train,remove,C2_answer_bearing,gsm8k_solution_frag
pairs_arith_v2.csv,6234,arithmetic,gsm8k_test_0696,train,retain,H2_same_template,gsmplus_numerical_substitution
pairs_arith_v2.csv,6235,arithmetic,gsm8k_test_0696,train,remove,C1_transformed,gsmplus_problem_understanding
pairs_arith_v2.csv,6236,arithmetic,gsm8k_test_0696,train,retain,H2_same_template,gsmplus_critical_thinking
pairs_arith_v2.csv,6237,arithmetic,gsm8k_test_0696,train,retain,H1_same_topic,svamp
pairs_arith_v2.csv,6238,arithmetic,gsm8k_test_0696,train,retain,H3_predating,asdiv
pairs_arith_v2.csv,6239,arithmetic,gsm8k_test_0696,train,retain,R_random,truthfulqa
pairs_arith_v2.csv,6249,arithmetic,gsm8k_test_0698,train,remove,C0_exact,gsm8k_copy
pairs_arith_v2.csv,6250,arithmetic,gsm8k_test_0698,train,remove,C1_transformed,lmsys_rephrase
pairs_arith_v2.csv,6251,arithmetic,gsm8k_test_0698,train,remove,C2_answer_bearing,gsm8k_solution_frag
pairs_arith_v2.csv,6252,arithmetic,gsm8k_test_0698,train,retain,H2_same_template,gsmplus_numerical_substitution
pairs_arith_v2.csv,6253,arithmetic,gsm8k_test_0698,train,remove,C1_transformed,gsmplus_problem_understanding
pairs_arith_v2.csv,6254,arithmetic,gsm8k_test_0698,train,retain,H2_same_template,gsmplus_critical_thinking
pairs_arith_v2.csv,6255,arithmetic,gsm8k_test_0698,train,retain,H1_same_topic,svamp
pairs_arith_v2.csv,6256,arithmetic,gsm8k_test_0698,train,retain,H3_predating,asdiv
pairs_arith_v2.csv,6257,arithmetic,gsm8k_test_0698,train,retain,R_random,truthfulqa
pairs_arith_v2.csv,6267,arithmetic,gsm8k_test_0700,train,remove,C0_exact,gsm8k_copy
pairs_arith_v2.csv,6268,arithmetic,gsm8k_test_0700,train,remove,C1_transformed,lmsys_rephrase
pairs_arith_v2.csv,6269,arithmetic,gsm8k_test_0700,train,remove,C2_answer_bearing,gsm8k_solution_frag
pairs_arith_v2.csv,6270,arithmetic,gsm8k_test_0700,train,retain,H2_same_template,gsmplus_numerical_substitution
pairs_arith_v2.csv,6271,arithmetic,gsm8k_test_0700,train,remove,C1_transformed,gsmplus_problem_understanding
pairs_arith_v2.csv,6272,arithmetic,gsm8k_test_0700,train,retain,H2_same_template,gsmplus_critical_thinking
pairs_arith_v2.csv,6273,arithmetic,gsm8k_test_0700,train,retain,H1_same_topic,svamp
pairs_arith_v2.csv,6274,arithmetic,gsm8k_test_0700,train,retain,H3_predating,asdiv
pairs_arith_v2.csv,6275,arithmetic,gsm8k_test_0700,train,retain,R_random,truthfulqa
pairs_arith_v2.csv,6285,arithmetic,gsm8k_test_0702,train,remove,C0_exact,gsm8k_copy
pairs_arith_v2.csv,6286,arithmetic,gsm8k_test_0702,train,remove,C1_transformed,lmsys_rephrase
pairs_arith_v2.csv,6287,arithmetic,gsm8k_test_0702,train,remove,C2_answer_bearing,gsm8k_solution_frag
pairs_arith_v2.csv,6288,arithmetic,gsm8k_test_0702,train,retain,H2_same_template,gsmplus_numerical_substitution
pairs_arith_v2.csv,6289,arithmetic,gsm8k_test_0702,train,remove,C1_transformed,gsmplus_problem_understanding
pairs_arith_v2.csv,6290,arithmetic,gsm8k_test_0702,train,retain,H2_same_template,gsmplus_critical_thinking
pairs_arith_v2.csv,6291,arithmetic,gsm8k_test_0702,train,retain,H1_same_topic,svamp
pairs_arith_v2.csv,6292,arithmetic,gsm8k_test_0702,train,retain,H3_predating,asdiv
pairs_arith_v2.csv,6293,arithmetic,gsm8k_test_0702,train,retain,R_random,truthfulqa
pairs_arith_v2.csv,6303,arithmetic,gsm8k_test_0704,train,remove,C0_exact,gsm8k_copy
pairs_arith_v2.csv,6304,arithmetic,gsm8k_test_0704,train,remove,C1_transformed,lmsys_rephrase
pairs_arith_v2.csv,6305,arithmetic,gsm8k_test_0704,train,remove,C2_answer_bearing,gsm8k_solution_frag
pairs_arith_v2.csv,6306,arithmetic,gsm8k_test_0704,train,retain,H2_same_template,gsmplus_numerical_substitution
pairs_arith_v2.csv,6307,arithmetic,gsm8k_test_0704,train,remove,C1_transformed,gsmplus_problem_understanding
pairs_arith_v2.csv,6308,arithmetic,gsm8k_test_0704,train,retain,H2_same_template,gsmplus_critical_thinking
pairs_arith_v2.csv,6309,arithmetic,gsm8k_test_0704,train,retain,H1_same_topic,svamp
pairs_arith_v2.csv,6310,arithmetic,gsm8k_test_0704,train,retain,H3_predating,asdiv
pairs_arith_v2.csv,6311,arithmetic,gsm8k_test_0704,train,retain,R_random,truthfulqa
pairs_arith_v2.csv,6348,arithmetic,gsm8k_test_0709,train,remove,C0_exact,gsm8k_copy
pairs_arith_v2.csv,6349,arithmetic,gsm8k_test_0709,train,remove,C1_transformed,lmsys_rephrase
pairs_arith_v2.csv,6350,arithmetic,gsm8k_test_0709,train,remove,C2_answer_bearing,gsm8k_solution_frag
pairs_arith_v2.csv,6351,arithmetic,gsm8k_test_0709,train,retain,H2_same_template,gsmplus_numerical_substitution
pairs_arith_v2.csv,6352,arithmetic,gsm8k_test_0709,train,remove,C1_transformed,gsmplus_problem_understanding
pairs_arith_v2.csv,6353,arithmetic,gsm8k_test_0709,train,retain,H2_same_template,gsmplus_critical_thinking
pairs_arith_v2.csv,6354,arithmetic,gsm8k_test_0709,train,retain,H1_same_topic,svamp
pairs_arith_v2.csv,6355,arithmetic,gsm8k_test_0709,train,retain,H3_predating,asdiv
pairs_arith_v2.csv,6356,arithmetic,gsm8k_test_0709,train,retain,R_random,truthfulqa
pairs_arith_v2.csv,6375,arithmetic,gsm8k_test_0712,train,remove,C0_exact,gsm8k_copy
pairs_arith_v2.csv,6376,arithmetic,gsm8k_test_0712,train,remove,C1_transformed,lmsys_rephrase
pairs_arith_v2.csv,6377,arithmetic,gsm8k_test_0712,train,remove,C2_answer_bearing,gsm8k_solution_frag
pairs_arith_v2.csv,6378,arithmetic,gsm8k_test_0712,train,retain,H2_same_template,gsmplus_numerical_substitution
pairs_arith_v2.csv,6379,arithmetic,gsm8k_test_0712,train,remove,C1_transformed,gsmplus_problem_understanding
pairs_arith_v2.csv,6380,arithmetic,gsm8k_test_0712,train,retain,H2_same_template,gsmplus_critical_thinking
pairs_arith_v2.csv,6381,arithmetic,gsm8k_test_0712,train,retain,H1_same_topic,svamp
pairs_arith_v2.csv,6382,arithmetic,gsm8k_test_0712,train,retain,H3_predating,asdiv
pairs_arith_v2.csv,6383,arithmetic,gsm8k_test_0712,train,retain,R_random,truthfulqa
pairs_arith_v2.csv,6384,arithmetic,gsm8k_test_0713,train,remove,C0_exact,gsm8k_copy
pairs_arith_v2.csv,6385,arithmetic,gsm8k_test_0713,train,remove,C1_transformed,lmsys_rephrase
pairs_arith_v2.csv,6386,arithmetic,gsm8k_test_0713,train,remove,C2_answer_bearing,gsm8k_solution_frag
pairs_arith_v2.csv,6387,arithmetic,gsm8k_test_0713,train,retain,H2_same_template,gsmplus_numerical_substitution
pairs_arith_v2.csv,6388,arithmetic,gsm8k_test_0713,train,remove,C1_transformed,gsmplus_problem_understanding
pairs_arith_v2.csv,6389,arithmetic,gsm8k_test_0713,train,retain,H2_same_template,gsmplus_critical_thinking
pairs_arith_v2.csv,6390,arithmetic,gsm8k_test_0713,train,retain,H1_same_topic,svamp
pairs_arith_v2.csv,6391,arithmetic,gsm8k_test_0713,train,retain,H3_predating,asdiv
pairs_arith_v2.csv,6392,arithmetic,gsm8k_test_0713,train,retain,R_random,truthfulqa
pairs_arith_v2.csv,6393,arithmetic,gsm8k_test_0714,train,remove,C0_exact,gsm8k_copy
pairs_arith_v2.csv,6394,arithmetic,gsm8k_test_0714,train,remove,C1_transformed,lmsys_rephrase
pairs_arith_v2.csv,6395,arithmetic,gsm8k_test_0714,train,remove,C2_answer_bearing,gsm8k_solution_frag
pairs_arith_v2.csv,6396,arithmetic,gsm8k_test_0714,train,retain,H2_same_template,gsmplus_numerical_substitution
pairs_arith_v2.csv,6397,arithmetic,gsm8k_test_0714,train,remove,C1_transformed,gsmplus_problem_understanding
pairs_arith_v2.csv,6398,arithmetic,gsm8k_test_0714,train,retain,H2_same_template,gsmplus_critical_thinking
pairs_arith_v2.csv,6399,arithmetic,gsm8k_test_0714,train,retain,H1_same_topic,svamp
pairs_arith_v2.csv,6400,arithmetic,gsm8k_test_0714,train,retain,H3_predating,asdiv
pairs_arith_v2.csv,6401,arithmetic,gsm8k_test_0714,train,retain,R_random,truthfulqa
pairs_arith_v2.csv,6402,arithmetic,gsm8k_test_0715,train,remove,C0_exact,gsm8k_copy
pairs_arith_v2.csv,6403,arithmetic,gsm8k_test_0715,train,remove,C1_transformed,lmsys_rephrase
pairs_arith_v2.csv,6404,arithmetic,gsm8k_test_0715,train,remove,C2_answer_bearing,gsm8k_solution_frag
pairs_arith_v2.csv,6405,arithmetic,gsm8k_test_0715,train,retain,H2_same_template,gsmplus_numerical_substitution
pairs_arith_v2.csv,6406,arithmetic,gsm8k_test_0715,train,remove,C1_transformed,gsmplus_problem_understanding
pairs_arith_v2.csv,6407,arithmetic,gsm8k_test_0715,train,retain,H2_same_template,gsmplus_critical_thinking
pairs_arith_v2.csv,6408,arithmetic,gsm8k_test_0715,train,retain,H1_same_topic,svamp
pairs_arith_v2.csv,6409,arithmetic,gsm8k_test_0715,train,retain,H3_predating,asdiv
pairs_arith_v2.csv,6410,arithmetic,gsm8k_test_0715,train,retain,R_random,truthfulqa
pairs_arith_v2.csv,6429,arithmetic,gsm8k_test_0718,train,remove,C0_exact,gsm8k_copy
pairs_arith_v2.csv,6430,arithmetic,gsm8k_test_0718,train,remove,C1_transformed,lmsys_rephrase
pairs_arith_v2.csv,6431,arithmetic,gsm8k_test_0718,train,remove,C2_answer_bearing,gsm8k_solution_frag
pairs_arith_v2.csv,6432,arithmetic,gsm8k_test_0718,train,retain,H2_same_template,gsmplus_numerical_substitution
pairs_arith_v2.csv,6433,arithmetic,gsm8k_test_0718,train,remove,C1_transformed,gsmplus_problem_understanding
pairs_arith_v2.csv,6434,arithmetic,gsm8k_test_0718,train,retain,H2_same_template,gsmplus_critical_thinking
pairs_arith_v2.csv,6435,arithmetic,gsm8k_test_0718,train,retain,H1_same_topic,svamp
pairs_arith_v2.csv,6436,arithmetic,gsm8k_test_0718,train,retain,H3_predating,asdiv
pairs_arith_v2.csv,6437,arithmetic,gsm8k_test_0718,train,retain,R_random,truthfulqa
pairs_arith_v2.csv,6465,arithmetic,gsm8k_test_0722,train,remove,C0_exact,gsm8k_copy
pairs_arith_v2.csv,6466,arithmetic,gsm8k_test_0722,train,remove,C1_transformed,lmsys_rephrase
pairs_arith_v2.csv,6467,arithmetic,gsm8k_test_0722,train,remove,C2_answer_bearing,gsm8k_solution_frag
pairs_arith_v2.csv,6468,arithmetic,gsm8k_test_0722,train,retain,H2_same_template,gsmplus_numerical_substitution
pairs_arith_v2.csv,6469,arithmetic,gsm8k_test_0722,train,remove,C1_transformed,gsmplus_problem_understanding
pairs_arith_v2.csv,6470,arithmetic,gsm8k_test_0722,train,retain,H2_same_template,gsmplus_critical_thinking
pairs_arith_v2.csv,6471,arithmetic,gsm8k_test_0722,train,retain,H1_same_topic,svamp
pairs_arith_v2.csv,6472,arithmetic,gsm8k_test_0722,train,retain,H3_predating,asdiv
pairs_arith_v2.csv,6473,arithmetic,gsm8k_test_0722,train,retain,R_random,truthfulqa
pairs_arith_v2.csv,6501,arithmetic,gsm8k_test_0726,train,remove,C0_exact,gsm8k_copy
pairs_arith_v2.csv,6502,arithmetic,gsm8k_test_0726,train,remove,C1_transformed,lmsys_rephrase
pairs_arith_v2.csv,6503,arithmetic,gsm8k_test_0726,train,remove,C2_answer_bearing,gsm8k_solution_frag
pairs_arith_v2.csv,6504,arithmetic,gsm8k_test_0726,train,retain,H2_same_template,gsmplus_numerical_substitution
pairs_arith_v2.csv,6505,arithmetic,gsm8k_test_0726,train,remove,C1_transformed,gsmplus_problem_understanding
pairs_arith_v2.csv,6506,arithmetic,gsm8k_test_0726,train,retain,H2_same_template,gsmplus_critical_thinking
pairs_arith_v2.csv,6507,arithmetic,gsm8k_test_0726,train,retain,H1_same_topic,svamp
pairs_arith_v2.csv,6508,arithmetic,gsm8k_test_0726,train,retain,H3_predating,asdiv
pairs_arith_v2.csv,6509,arithmetic,gsm8k_test_0726,train,retain,R_random,truthfulqa
pairs_arith_v2.csv,6510,arithmetic,gsm8k_test_0727,train,remove,C0_exact,gsm8k_copy
pairs_arith_v2.csv,6512,arithmetic,gsm8k_test_0727,train,remove,C2_answer_bearing,gsm8k_solution_frag
pairs_arith_v2.csv,6513,arithmetic,gsm8k_test_0727,train,retain,H2_same_template,gsmplus_numerical_substitution
pairs_arith_v2.csv,6514,arithmetic,gsm8k_test_0727,train,remove,C1_transformed,gsmplus_problem_understanding
pairs_arith_v2.csv,6515,arithmetic,gsm8k_test_0727,train,retain,H2_same_template,gsmplus_critical_thinking
pairs_arith_v2.csv,6516,arithmetic,gsm8k_test_0727,train,retain,H1_same_topic,svamp
pairs_arith_v2.csv,6517,arithmetic,gsm8k_test_0727,train,retain,H3_predating,asdiv
pairs_arith_v2.csv,6518,arithmetic,gsm8k_test_0727,train,retain,R_random,truthfulqa
pairs_arith_v2.csv,6546,arithmetic,gsm8k_test_0731,train,remove,C0_exact,gsm8k_copy
pairs_arith_v2.csv,6547,arithmetic,gsm8k_test_0731,train,remove,C1_transformed,lmsys_rephrase
pairs_arith_v2.csv,6548,arithmetic,gsm8k_test_0731,train,remove,C2_answer_bearing,gsm8k_solution_frag
pairs_arith_v2.csv,6549,arithmetic,gsm8k_test_0731,train,retain,H2_same_template,gsmplus_numerical_substitution
pairs_arith_v2.csv,6550,arithmetic,gsm8k_test_0731,train,remove,C1_transformed,gsmplus_problem_understanding
pairs_arith_v2.csv,6551,arithmetic,gsm8k_test_0731,train,retain,H2_same_template,gsmplus_critical_thinking
pairs_arith_v2.csv,6552,arithmetic,gsm8k_test_0731,train,retain,H1_same_topic,svamp
pairs_arith_v2.csv,6553,arithmetic,gsm8k_test_0731,train,retain,H3_predating,asdiv
pairs_arith_v2.csv,6554,arithmetic,gsm8k_test_0731,train,retain,R_random,truthfulqa
pairs_arith_v2.csv,6555,arithmetic,gsm8k_test_0732,train,remove,C0_exact,gsm8k_copy
pairs_arith_v2.csv,6556,arithmetic,gsm8k_test_0732,train,remove,C1_transformed,lmsys_rephrase
pairs_arith_v2.csv,6557,arithmetic,gsm8k_test_0732,train,remove,C2_answer_bearing,gsm8k_solution_frag
pairs_arith_v2.csv,6558,arithmetic,gsm8k_test_0732,train,retain,H2_same_template,gsmplus_numerical_substitution
pairs_arith_v2.csv,6559,arithmetic,gsm8k_test_0732,train,remove,C1_transformed,gsmplus_problem_understanding
pairs_arith_v2.csv,6560,arithmetic,gsm8k_test_0732,train,retain,H2_same_template,gsmplus_critical_thinking
pairs_arith_v2.csv,6561,arithmetic,gsm8k_test_0732,train,retain,H1_same_topic,svamp
pairs_arith_v2.csv,6562,arithmetic,gsm8k_test_0732,train,retain,H3_predating,asdiv
pairs_arith_v2.csv,6563,arithmetic,gsm8k_test_0732,train,retain,R_random,truthfulqa
pairs_arith_v2.csv,6564,arithmetic,gsm8k_test_0733,train,remove,C0_exact,gsm8k_copy
pairs_arith_v2.csv,6565,arithmetic,gsm8k_test_0733,train,remove,C1_transformed,lmsys_rephrase
pairs_arith_v2.csv,6566,arithmetic,gsm8k_test_0733,train,remove,C2_answer_bearing,gsm8k_solution_frag
pairs_arith_v2.csv,6567,arithmetic,gsm8k_test_0733,train,remove,C1_transformed,gsmplus_problem_understanding
pairs_arith_v2.csv,6568,arithmetic,gsm8k_test_0733,train,retain,H2_same_template,gsmplus_critical_thinking
pairs_arith_v2.csv,6569,arithmetic,gsm8k_test_0733,train,retain,H1_same_topic,svamp
pairs_arith_v2.csv,6570,arithmetic,gsm8k_test_0733,train,retain,H3_predating,asdiv
pairs_arith_v2.csv,6571,arithmetic,gsm8k_test_0733,train,retain,R_random,truthfulqa
pairs_arith_v2.csv,6572,arithmetic,gsm8k_test_0734,train,remove,C0_exact,gsm8k_copy
pairs_arith_v2.csv,6573,arithmetic,gsm8k_test_0734,train,remove,C1_transformed,lmsys_rephrase
pairs_arith_v2.csv,6574,arithmetic,gsm8k_test_0734,train,remove,C2_answer_bearing,gsm8k_solution_frag
pairs_arith_v2.csv,6575,arithmetic,gsm8k_test_0734,train,retain,H2_same_template,gsmplus_numerical_substitution
pairs_arith_v2.csv,6576,arithmetic,gsm8k_test_0734,train,remove,C1_transformed,gsmplus_problem_understanding
pairs_arith_v2.csv,6577,arithmetic,gsm8k_test_0734,train,retain,H2_same_template,gsmplus_critical_thinking
pairs_arith_v2.csv,6578,arithmetic,gsm8k_test_0734,train,retain,H1_same_topic,svamp
pairs_arith_v2.csv,6579,arithmetic,gsm8k_test_0734,train,retain,H3_predating,asdiv
pairs_arith_v2.csv,6580,arithmetic,gsm8k_test_0734,train,retain,R_random,truthfulqa
pairs_arith_v2.csv,6589,arithmetic,gsm8k_test_0736,train,remove,C0_exact,gsm8k_copy
pairs_arith_v2.csv,6590,arithmetic,gsm8k_test_0736,train,remove,C1_transformed,lmsys_rephrase
pairs_arith_v2.csv,6591,arithmetic,gsm8k_test_0736,train,remove,C2_answer_bearing,gsm8k_solution_frag
pairs_arith_v2.csv,6592,arithmetic,gsm8k_test_0736,train,retain,H2_same_template,gsmplus_numerical_substitution
pairs_arith_v2.csv,6593,arithmetic,gsm8k_test_0736,train,remove,C1_transformed,gsmplus_problem_understanding
pairs_arith_v2.csv,6594,arithmetic,gsm8k_test_0736,train,retain,H2_same_template,gsmplus_critical_thinking
pairs_arith_v2.csv,6595,arithmetic,gsm8k_test_0736,train,retain,H1_same_topic,svamp
pairs_arith_v2.csv,6596,arithmetic,gsm8k_test_0736,train,retain,H3_predating,asdiv
pairs_arith_v2.csv,6597,arithmetic,gsm8k_test_0736,train,retain,R_random,truthfulqa
pairs_arith_v2.csv,6616,arithmetic,gsm8k_test_0739,train,remove,C0_exact,gsm8k_copy
pairs_arith_v2.csv,6617,arithmetic,gsm8k_test_0739,train,remove,C1_transformed,lmsys_rephrase
pairs_arith_v2.csv,6618,arithmetic,gsm8k_test_0739,train,remove,C2_answer_bearing,gsm8k_solution_frag
pairs_arith_v2.csv,6619,arithmetic,gsm8k_test_0739,train,retain,H2_same_template,gsmplus_numerical_substitution
pairs_arith_v2.csv,6620,arithmetic,gsm8k_test_0739,train,remove,C1_transformed,gsmplus_problem_understanding
pairs_arith_v2.csv,6621,arithmetic,gsm8k_test_0739,train,retain,H2_same_template,gsmplus_critical_thinking
pairs_arith_v2.csv,6622,arithmetic,gsm8k_test_0739,train,retain,H1_same_topic,svamp
pairs_arith_v2.csv,6623,arithmetic,gsm8k_test_0739,train,retain,H3_predating,asdiv
pairs_arith_v2.csv,6624,arithmetic,gsm8k_test_0739,train,retain,R_random,truthfulqa
pairs_arith_v2.csv,6643,arithmetic,gsm8k_test_0742,train,remove,C0_exact,gsm8k_copy
pairs_arith_v2.csv,6644,arithmetic,gsm8k_test_0742,train,remove,C1_transformed,lmsys_rephrase
pairs_arith_v2.csv,6645,arithmetic,gsm8k_test_0742,train,remove,C2_answer_bearing,gsm8k_solution_frag
pairs_arith_v2.csv,6646,arithmetic,gsm8k_test_0742,train,retain,H2_same_template,gsmplus_numerical_substitution
pairs_arith_v2.csv,6647,arithmetic,gsm8k_test_0742,train,remove,C1_transformed,gsmplus_problem_understanding
pairs_arith_v2.csv,6648,arithmetic,gsm8k_test_0742,train,retain,H2_same_template,gsmplus_critical_thinking
pairs_arith_v2.csv,6649,arithmetic,gsm8k_test_0742,train,retain,H1_same_topic,svamp
pairs_arith_v2.csv,6650,arithmetic,gsm8k_test_0742,train,retain,H3_predating,asdiv
pairs_arith_v2.csv,6651,arithmetic,gsm8k_test_0742,train,retain,R_random,truthfulqa
pairs_arith_v2.csv,6652,arithmetic,gsm8k_test_0743,train,remove,C0_exact,gsm8k_copy
pairs_arith_v2.csv,6653,arithmetic,gsm8k_test_0743,train,remove,C1_transformed,lmsys_rephrase
pairs_arith_v2.csv,6654,arithmetic,gsm8k_test_0743,train,remove,C2_answer_bearing,gsm8k_solution_frag
pairs_arith_v2.csv,6655,arithmetic,gsm8k_test_0743,train,retain,H2_same_template,gsmplus_numerical_substitution
pairs_arith_v2.csv,6656,arithmetic,gsm8k_test_0743,train,remove,C1_transformed,gsmplus_problem_understanding
pairs_arith_v2.csv,6657,arithmetic,gsm8k_test_0743,train,retain,H2_same_template,gsmplus_critical_thinking
pairs_arith_v2.csv,6658,arithmetic,gsm8k_test_0743,train,retain,H1_same_topic,svamp
pairs_arith_v2.csv,6659,arithmetic,gsm8k_test_0743,train,retain,H3_predating,asdiv
pairs_arith_v2.csv,6660,arithmetic,gsm8k_test_0743,train,retain,R_random,truthfulqa
pairs_arith_v2.csv,6706,arithmetic,gsm8k_test_0749,train,remove,C0_exact,gsm8k_copy
pairs_arith_v2.csv,6707,arithmetic,gsm8k_test_0749,train,remove,C1_transformed,lmsys_rephrase
pairs_arith_v2.csv,6708,arithmetic,gsm8k_test_0749,train,remove,C2_answer_bearing,gsm8k_solution_frag
pairs_arith_v2.csv,6709,arithmetic,gsm8k_test_0749,train,retain,H2_same_template,gsmplus_numerical_substitution
pairs_arith_v2.csv,6710,arithmetic,gsm8k_test_0749,train,remove,C1_transformed,gsmplus_problem_understanding
pairs_arith_v2.csv,6711,arithmetic,gsm8k_test_0749,train,retain,H2_same_template,gsmplus_critical_thinking
pairs_arith_v2.csv,6712,arithmetic,gsm8k_test_0749,train,retain,H1_same_topic,svamp
pairs_arith_v2.csv,6713,arithmetic,gsm8k_test_0749,train,retain,H3_predating,asdiv
pairs_arith_v2.csv,6714,arithmetic,gsm8k_test_0749,train,retain,R_random,truthfulqa
pairs_arith_v2.csv,6742,arithmetic,gsm8k_test_0753,train,remove,C0_exact,gsm8k_copy
pairs_arith_v2.csv,6743,arithmetic,gsm8k_test_0753,train,remove,C1_transformed,lmsys_rephrase
pairs_arith_v2.csv,6744,arithmetic,gsm8k_test_0753,train,remove,C2_answer_bearing,gsm8k_solution_frag
pairs_arith_v2.csv,6745,arithmetic,gsm8k_test_0753,train,retain,H2_same_template,gsmplus_numerical_substitution
pairs_arith_v2.csv,6746,arithmetic,gsm8k_test_0753,train,remove,C1_transformed,gsmplus_problem_understanding
pairs_arith_v2.csv,6747,arithmetic,gsm8k_test_0753,train,retain,H2_same_template,gsmplus_critical_thinking
pairs_arith_v2.csv,6748,arithmetic,gsm8k_test_0753,train,retain,H1_same_topic,svamp
pairs_arith_v2.csv,6749,arithmetic,gsm8k_test_0753,train,retain,H3_predating,asdiv
pairs_arith_v2.csv,6750,arithmetic,gsm8k_test_0753,train,retain,R_random,truthfulqa
pairs_arith_v2.csv,6769,arithmetic,gsm8k_test_0756,train,remove,C0_exact,gsm8k_copy
pairs_arith_v2.csv,6770,arithmetic,gsm8k_test_0756,train,remove,C1_transformed,lmsys_rephrase
pairs_arith_v2.csv,6771,arithmetic,gsm8k_test_0756,train,remove,C2_answer_bearing,gsm8k_solution_frag
pairs_arith_v2.csv,6772,arithmetic,gsm8k_test_0756,train,retain,H2_same_template,gsmplus_numerical_substitution
pairs_arith_v2.csv,6773,arithmetic,gsm8k_test_0756,train,remove,C1_transformed,gsmplus_problem_understanding
pairs_arith_v2.csv,6774,arithmetic,gsm8k_test_0756,train,retain,H2_same_template,gsmplus_critical_thinking
pairs_arith_v2.csv,6775,arithmetic,gsm8k_test_0756,train,retain,H1_same_topic,svamp
pairs_arith_v2.csv,6776,arithmetic,gsm8k_test_0756,train,retain,H3_predating,asdiv
pairs_arith_v2.csv,6777,arithmetic,gsm8k_test_0756,train,retain,R_random,truthfulqa
pairs_arith_v2.csv,6778,arithmetic,gsm8k_test_0757,train,remove,C0_exact,gsm8k_copy
pairs_arith_v2.csv,6779,arithmetic,gsm8k_test_0757,train,remove,C1_transformed,lmsys_rephrase
pairs_arith_v2.csv,6780,arithmetic,gsm8k_test_0757,train,remove,C2_answer_bearing,gsm8k_solution_frag
pairs_arith_v2.csv,6781,arithmetic,gsm8k_test_0757,train,retain,H2_same_template,gsmplus_numerical_substitution
pairs_arith_v2.csv,6782,arithmetic,gsm8k_test_0757,train,remove,C1_transformed,gsmplus_problem_understanding
pairs_arith_v2.csv,6783,arithmetic,gsm8k_test_0757,train,retain,H2_same_template,gsmplus_critical_thinking
pairs_arith_v2.csv,6784,arithmetic,gsm8k_test_0757,train,retain,H1_same_topic,svamp
pairs_arith_v2.csv,6785,arithmetic,gsm8k_test_0757,train,retain,H3_predating,asdiv
pairs_arith_v2.csv,6786,arithmetic,gsm8k_test_0757,train,retain,R_random,truthfulqa
pairs_arith_v2.csv,6787,arithmetic,gsm8k_test_0758,train,remove,C0_exact,gsm8k_copy
pairs_arith_v2.csv,6788,arithmetic,gsm8k_test_0758,train,remove,C1_transformed,lmsys_rephrase
pairs_arith_v2.csv,6789,arithmetic,gsm8k_test_0758,train,remove,C2_answer_bearing,gsm8k_solution_frag
pairs_arith_v2.csv,6790,arithmetic,gsm8k_test_0758,train,retain,H2_same_template,gsmplus_numerical_substitution
pairs_arith_v2.csv,6791,arithmetic,gsm8k_test_0758,train,remove,C1_transformed,gsmplus_problem_understanding
pairs_arith_v2.csv,6792,arithmetic,gsm8k_test_0758,train,retain,H2_same_template,gsmplus_critical_thinking
pairs_arith_v2.csv,6793,arithmetic,gsm8k_test_0758,train,retain,H1_same_topic,svamp
pairs_arith_v2.csv,6794,arithmetic,gsm8k_test_0758,train,retain,H3_predating,asdiv
pairs_arith_v2.csv,6795,arithmetic,gsm8k_test_0758,train,retain,R_random,truthfulqa
pairs_arith_v2.csv,6796,arithmetic,gsm8k_test_0759,train,remove,C0_exact,gsm8k_copy
pairs_arith_v2.csv,6797,arithmetic,gsm8k_test_0759,train,remove,C1_transformed,lmsys_rephrase
pairs_arith_v2.csv,6798,arithmetic,gsm8k_test_0759,train,remove,C2_answer_bearing,gsm8k_solution_frag
pairs_arith_v2.csv,6799,arithmetic,gsm8k_test_0759,train,retain,H2_same_template,gsmplus_numerical_substitution
pairs_arith_v2.csv,6800,arithmetic,gsm8k_test_0759,train,remove,C1_transformed,gsmplus_problem_understanding
pairs_arith_v2.csv,6801,arithmetic,gsm8k_test_0759,train,retain,H2_same_template,gsmplus_critical_thinking
pairs_arith_v2.csv,6802,arithmetic,gsm8k_test_0759,train,retain,H1_same_topic,svamp
pairs_arith_v2.csv,6803,arithmetic,gsm8k_test_0759,train,retain,H3_predating,asdiv
pairs_arith_v2.csv,6804,arithmetic,gsm8k_test_0759,train,retain,R_random,truthfulqa
pairs_arith_v2.csv,6859,arithmetic,gsm8k_test_0766,train,remove,C0_exact,gsm8k_copy
pairs_arith_v2.csv,6860,arithmetic,gsm8k_test_0766,train,remove,C1_transformed,lmsys_rephrase
pairs_arith_v2.csv,6861,arithmetic,gsm8k_test_0766,train,remove,C2_answer_bearing,gsm8k_solution_frag
pairs_arith_v2.csv,6862,arithmetic,gsm8k_test_0766,train,retain,H2_same_template,gsmplus_numerical_substitution
pairs_arith_v2.csv,6863,arithmetic,gsm8k_test_0766,train,remove,C1_transformed,gsmplus_problem_understanding
pairs_arith_v2.csv,6864,arithmetic,gsm8k_test_0766,train,retain,H2_same_template,gsmplus_critical_thinking
pairs_arith_v2.csv,6865,arithmetic,gsm8k_test_0766,train,retain,H1_same_topic,svamp
pairs_arith_v2.csv,6866,arithmetic,gsm8k_test_0766,train,retain,H3_predating,asdiv
pairs_arith_v2.csv,6867,arithmetic,gsm8k_test_0766,train,retain,R_random,truthfulqa
pairs_arith_v2.csv,6868,arithmetic,gsm8k_test_0767,train,remove,C0_exact,gsm8k_copy
pairs_arith_v2.csv,6869,arithmetic,gsm8k_test_0767,train,remove,C1_transformed,lmsys_rephrase
pairs_arith_v2.csv,6870,arithmetic,gsm8k_test_0767,train,remove,C2_answer_bearing,gsm8k_solution_frag
pairs_arith_v2.csv,6871,arithmetic,gsm8k_test_0767,train,retain,H2_same_template,gsmplus_numerical_substitution
pairs_arith_v2.csv,6872,arithmetic,gsm8k_test_0767,train,remove,C1_transformed,gsmplus_problem_understanding
pairs_arith_v2.csv,6873,arithmetic,gsm8k_test_0767,train,retain,H2_same_template,gsmplus_critical_thinking
pairs_arith_v2.csv,6874,arithmetic,gsm8k_test_0767,train,retain,H1_same_topic,svamp
pairs_arith_v2.csv,6875,arithmetic,gsm8k_test_0767,train,retain,H3_predating,asdiv
pairs_arith_v2.csv,6876,arithmetic,gsm8k_test_0767,train,retain,R_random,truthfulqa
pairs_arith_v2.csv,6877,arithmetic,gsm8k_test_0768,train,remove,C0_exact,gsm8k_copy
pairs_arith_v2.csv,6878,arithmetic,gsm8k_test_0768,train,remove,C1_transformed,lmsys_rephrase
pairs_arith_v2.csv,6879,arithmetic,gsm8k_test_0768,train,remove,C2_answer_bearing,gsm8k_solution_frag
pairs_arith_v2.csv,6880,arithmetic,gsm8k_test_0768,train,retain,H2_same_template,gsmplus_numerical_substitution
pairs_arith_v2.csv,6881,arithmetic,gsm8k_test_0768,train,remove,C1_transformed,gsmplus_problem_understanding
pairs_arith_v2.csv,6882,arithmetic,gsm8k_test_0768,train,retain,H2_same_template,gsmplus_critical_thinking
pairs_arith_v2.csv,6883,arithmetic,gsm8k_test_0768,train,retain,H1_same_topic,svamp
pairs_arith_v2.csv,6884,arithmetic,gsm8k_test_0768,train,retain,H3_predating,asdiv
pairs_arith_v2.csv,6885,arithmetic,gsm8k_test_0768,train,retain,R_random,truthfulqa
pairs_arith_v2.csv,6886,arithmetic,gsm8k_test_0769,train,remove,C0_exact,gsm8k_copy
pairs_arith_v2.csv,6887,arithmetic,gsm8k_test_0769,train,remove,C1_transformed,lmsys_rephrase
pairs_arith_v2.csv,6888,arithmetic,gsm8k_test_0769,train,remove,C2_answer_bearing,gsm8k_solution_frag
pairs_arith_v2.csv,6889,arithmetic,gsm8k_test_0769,train,retain,H2_same_template,gsmplus_numerical_substitution
pairs_arith_v2.csv,6890,arithmetic,gsm8k_test_0769,train,remove,C1_transformed,gsmplus_problem_understanding
pairs_arith_v2.csv,6891,arithmetic,gsm8k_test_0769,train,retain,H2_same_template,gsmplus_critical_thinking
pairs_arith_v2.csv,6892,arithmetic,gsm8k_test_0769,train,retain,H1_same_topic,svamp
pairs_arith_v2.csv,6893,arithmetic,gsm8k_test_0769,train,retain,H3_predating,asdiv
pairs_arith_v2.csv,6894,arithmetic,gsm8k_test_0769,train,retain,R_random,truthfulqa
pairs_arith_v2.csv,6895,arithmetic,gsm8k_test_0770,train,remove,C0_exact,gsm8k_copy
pairs_arith_v2.csv,6896,arithmetic,gsm8k_test_0770,train,remove,C1_transformed,lmsys_rephrase
pairs_arith_v2.csv,6897,arithmetic,gsm8k_test_0770,train,remove,C2_answer_bearing,gsm8k_solution_frag
pairs_arith_v2.csv,6898,arithmetic,gsm8k_test_0770,train,retain,H2_same_template,gsmplus_numerical_substitution
pairs_arith_v2.csv,6899,arithmetic,gsm8k_test_0770,train,remove,C1_transformed,gsmplus_problem_understanding
pairs_arith_v2.csv,6900,arithmetic,gsm8k_test_0770,train,retain,H2_same_template,gsmplus_critical_thinking
pairs_arith_v2.csv,6901,arithmetic,gsm8k_test_0770,train,retain,H1_same_topic,svamp
pairs_arith_v2.csv,6902,arithmetic,gsm8k_test_0770,train,retain,H3_predating,asdiv
pairs_arith_v2.csv,6903,arithmetic,gsm8k_test_0770,train,retain,R_random,truthfulqa
pairs_arith_v2.csv,6931,arithmetic,gsm8k_test_0774,train,remove,C0_exact,gsm8k_copy
pairs_arith_v2.csv,6932,arithmetic,gsm8k_test_0774,train,remove,C1_transformed,lmsys_rephrase
pairs_arith_v2.csv,6933,arithmetic,gsm8k_test_0774,train,remove,C2_answer_bearing,gsm8k_solution_frag
pairs_arith_v2.csv,6934,arithmetic,gsm8k_test_0774,train,remove,C1_transformed,gsmplus_problem_understanding
pairs_arith_v2.csv,6935,arithmetic,gsm8k_test_0774,train,retain,H2_same_template,gsmplus_critical_thinking
pairs_arith_v2.csv,6936,arithmetic,gsm8k_test_0774,train,retain,H1_same_topic,svamp
pairs_arith_v2.csv,6937,arithmetic,gsm8k_test_0774,train,retain,H3_predating,asdiv
pairs_arith_v2.csv,6938,arithmetic,gsm8k_test_0774,train,retain,R_random,truthfulqa
pairs_arith_v2.csv,6939,arithmetic,gsm8k_test_0775,train,remove,C0_exact,gsm8k_copy
pairs_arith_v2.csv,6940,arithmetic,gsm8k_test_0775,train,remove,C1_transformed,lmsys_rephrase
pairs_arith_v2.csv,6941,arithmetic,gsm8k_test_0775,train,remove,C2_answer_bearing,gsm8k_solution_frag
pairs_arith_v2.csv,6942,arithmetic,gsm8k_test_0775,train,retain,H2_same_template,gsmplus_numerical_substitution
pairs_arith_v2.csv,6943,arithmetic,gsm8k_test_0775,train,remove,C1_transformed,gsmplus_problem_understanding
pairs_arith_v2.csv,6944,arithmetic,gsm8k_test_0775,train,retain,H2_same_template,gsmplus_critical_thinking
pairs_arith_v2.csv,6945,arithmetic,gsm8k_test_0775,train,retain,H1_same_topic,svamp
pairs_arith_v2.csv,6946,arithmetic,gsm8k_test_0775,train,retain,H3_predating,asdiv
pairs_arith_v2.csv,6947,arithmetic,gsm8k_test_0775,train,retain,R_random,truthfulqa
pairs_arith_v2.csv,6948,arithmetic,gsm8k_test_0776,train,remove,C0_exact,gsm8k_copy
pairs_arith_v2.csv,6949,arithmetic,gsm8k_test_0776,train,remove,C1_transformed,lmsys_rephrase
pairs_arith_v2.csv,6950,arithmetic,gsm8k_test_0776,train,remove,C2_answer_bearing,gsm8k_solution_frag
pairs_arith_v2.csv,6951,arithmetic,gsm8k_test_0776,train,retain,H2_same_template,gsmplus_numerical_substitution
pairs_arith_v2.csv,6952,arithmetic,gsm8k_test_0776,train,remove,C1_transformed,gsmplus_problem_understanding
pairs_arith_v2.csv,6953,arithmetic,gsm8k_test_0776,train,retain,H2_same_template,gsmplus_critical_thinking
pairs_arith_v2.csv,6954,arithmetic,gsm8k_test_0776,train,retain,H1_same_topic,svamp
pairs_arith_v2.csv,6955,arithmetic,gsm8k_test_0776,train,retain,H3_predating,asdiv
pairs_arith_v2.csv,6956,arithmetic,gsm8k_test_0776,train,retain,R_random,truthfulqa
pairs_arith_v2.csv,6975,arithmetic,gsm8k_test_0779,train,remove,C0_exact,gsm8k_copy
pairs_arith_v2.csv,6976,arithmetic,gsm8k_test_0779,train,remove,C1_transformed,lmsys_rephrase
pairs_arith_v2.csv,6977,arithmetic,gsm8k_test_0779,train,remove,C2_answer_bearing,gsm8k_solution_frag
pairs_arith_v2.csv,6978,arithmetic,gsm8k_test_0779,train,retain,H2_same_template,gsmplus_numerical_substitution
pairs_arith_v2.csv,6979,arithmetic,gsm8k_test_0779,train,remove,C1_transformed,gsmplus_problem_understanding
pairs_arith_v2.csv,6980,arithmetic,gsm8k_test_0779,train,retain,H2_same_template,gsmplus_critical_thinking
pairs_arith_v2.csv,6981,arithmetic,gsm8k_test_0779,train,retain,H1_same_topic,svamp
pairs_arith_v2.csv,6982,arithmetic,gsm8k_test_0779,train,retain,H3_predating,asdiv
pairs_arith_v2.csv,6983,arithmetic,gsm8k_test_0779,train,retain,R_random,truthfulqa
pairs_arith_v2.csv,6993,arithmetic,gsm8k_test_0781,train,remove,C0_exact,gsm8k_copy
pairs_arith_v2.csv,6994,arithmetic,gsm8k_test_0781,train,remove,C1_transformed,lmsys_rephrase
pairs_arith_v2.csv,6995,arithmetic,gsm8k_test_0781,train,remove,C2_answer_bearing,gsm8k_solution_frag
pairs_arith_v2.csv,6996,arithmetic,gsm8k_test_0781,train,retain,H2_same_template,gsmplus_numerical_substitution
pairs_arith_v2.csv,6997,arithmetic,gsm8k_test_0781,train,remove,C1_transformed,gsmplus_problem_understanding
pairs_arith_v2.csv,6998,arithmetic,gsm8k_test_0781,train,retain,H2_same_template,gsmplus_critical_thinking
pairs_arith_v2.csv,6999,arithmetic,gsm8k_test_0781,train,retain,H1_same_topic,svamp
pairs_arith_v2.csv,7000,arithmetic,gsm8k_test_0781,train,retain,H3_predating,asdiv
pairs_arith_v2.csv,7001,arithmetic,gsm8k_test_0781,train,retain,R_random,truthfulqa
pairs_arith_v2.csv,7002,arithmetic,gsm8k_test_0782,train,remove,C0_exact,gsm8k_copy
pairs_arith_v2.csv,7003,arithmetic,gsm8k_test_0782,train,remove,C1_transformed,lmsys_rephrase
pairs_arith_v2.csv,7004,arithmetic,gsm8k_test_0782,train,remove,C2_answer_bearing,gsm8k_solution_frag
pairs_arith_v2.csv,7005,arithmetic,gsm8k_test_0782,train,retain,H2_same_template,gsmplus_numerical_substitution
pairs_arith_v2.csv,7006,arithmetic,gsm8k_test_0782,train,remove,C1_transformed,gsmplus_problem_understanding
pairs_arith_v2.csv,7007,arithmetic,gsm8k_test_0782,train,retain,H2_same_template,gsmplus_critical_thinking
pairs_arith_v2.csv,7008,arithmetic,gsm8k_test_0782,train,retain,H1_same_topic,svamp
pairs_arith_v2.csv,7009,arithmetic,gsm8k_test_0782,train,retain,H3_predating,asdiv
pairs_arith_v2.csv,7010,arithmetic,gsm8k_test_0782,train,retain,R_random,truthfulqa
pairs_arith_v2.csv,7011,arithmetic,gsm8k_test_0783,train,remove,C0_exact,gsm8k_copy
pairs_arith_v2.csv,7012,arithmetic,gsm8k_test_0783,train,remove,C1_transformed,lmsys_rephrase
pairs_arith_v2.csv,7013,arithmetic,gsm8k_test_0783,train,remove,C2_answer_bearing,gsm8k_solution_frag
pairs_arith_v2.csv,7014,arithmetic,gsm8k_test_0783,train,retain,H2_same_template,gsmplus_numerical_substitution
pairs_arith_v2.csv,7015,arithmetic,gsm8k_test_0783,train,remove,C1_transformed,gsmplus_problem_understanding
pairs_arith_v2.csv,7016,arithmetic,gsm8k_test_0783,train,retain,H2_same_template,gsmplus_critical_thinking
pairs_arith_v2.csv,7017,arithmetic,gsm8k_test_0783,train,retain,H1_same_topic,svamp
pairs_arith_v2.csv,7018,arithmetic,gsm8k_test_0783,train,retain,H3_predating,asdiv
pairs_arith_v2.csv,7019,arithmetic,gsm8k_test_0783,train,retain,R_random,truthfulqa
pairs_arith_v2.csv,7020,arithmetic,gsm8k_test_0784,train,remove,C0_exact,gsm8k_copy
pairs_arith_v2.csv,7021,arithmetic,gsm8k_test_0784,train,remove,C1_transformed,lmsys_rephrase
pairs_arith_v2.csv,7022,arithmetic,gsm8k_test_0784,train,remove,C2_answer_bearing,gsm8k_solution_frag
pairs_arith_v2.csv,7023,arithmetic,gsm8k_test_0784,train,retain,H2_same_template,gsmplus_numerical_substitution
pairs_arith_v2.csv,7024,arithmetic,gsm8k_test_0784,train,remove,C1_transformed,gsmplus_problem_understanding
pairs_arith_v2.csv,7025,arithmetic,gsm8k_test_0784,train,retain,H2_same_template,gsmplus_critical_thinking
pairs_arith_v2.csv,7026,arithmetic,gsm8k_test_0784,train,retain,H1_same_topic,svamp
pairs_arith_v2.csv,7027,arithmetic,gsm8k_test_0784,train,retain,H3_predating,asdiv
pairs_arith_v2.csv,7028,arithmetic,gsm8k_test_0784,train,retain,R_random,truthfulqa
pairs_arith_v2.csv,7038,arithmetic,gsm8k_test_0786,train,remove,C0_exact,gsm8k_copy
pairs_arith_v2.csv,7039,arithmetic,gsm8k_test_0786,train,remove,C1_transformed,lmsys_rephrase
pairs_arith_v2.csv,7040,arithmetic,gsm8k_test_0786,train,remove,C2_answer_bearing,gsm8k_solution_frag
pairs_arith_v2.csv,7041,arithmetic,gsm8k_test_0786,train,retain,H2_same_template,gsmplus_numerical_substitution
pairs_arith_v2.csv,7042,arithmetic,gsm8k_test_0786,train,remove,C1_transformed,gsmplus_problem_understanding
pairs_arith_v2.csv,7043,arithmetic,gsm8k_test_0786,train,retain,H2_same_template,gsmplus_critical_thinking
pairs_arith_v2.csv,7044,arithmetic,gsm8k_test_0786,train,retain,H1_same_topic,svamp
pairs_arith_v2.csv,7045,arithmetic,gsm8k_test_0786,train,retain,H3_predating,asdiv
pairs_arith_v2.csv,7046,arithmetic,gsm8k_test_0786,train,retain,R_random,truthfulqa
pairs_arith_v2.csv,7074,arithmetic,gsm8k_test_0790,train,remove,C0_exact,gsm8k_copy
pairs_arith_v2.csv,7075,arithmetic,gsm8k_test_0790,train,remove,C1_transformed,lmsys_rephrase
pairs_arith_v2.csv,7076,arithmetic,gsm8k_test_0790,train,remove,C2_answer_bearing,gsm8k_solution_frag
pairs_arith_v2.csv,7077,arithmetic,gsm8k_test_0790,train,retain,H2_same_template,gsmplus_numerical_substitution
pairs_arith_v2.csv,7078,arithmetic,gsm8k_test_0790,train,remove,C1_transformed,gsmplus_problem_understanding
pairs_arith_v2.csv,7079,arithmetic,gsm8k_test_0790,train,retain,H2_same_template,gsmplus_critical_thinking
pairs_arith_v2.csv,7080,arithmetic,gsm8k_test_0790,train,retain,H1_same_topic,svamp
pairs_arith_v2.csv,7081,arithmetic,gsm8k_test_0790,train,retain,H3_predating,asdiv
pairs_arith_v2.csv,7082,arithmetic,gsm8k_test_0790,train,retain,R_random,truthfulqa
pairs_arith_v2.csv,7083,arithmetic,gsm8k_test_0791,train,remove,C0_exact,gsm8k_copy
pairs_arith_v2.csv,7084,arithmetic,gsm8k_test_0791,train,remove,C1_transformed,lmsys_rephrase
pairs_arith_v2.csv,7085,arithmetic,gsm8k_test_0791,train,remove,C2_answer_bearing,gsm8k_solution_frag
pairs_arith_v2.csv,7086,arithmetic,gsm8k_test_0791,train,retain,H2_same_template,gsmplus_numerical_substitution
pairs_arith_v2.csv,7087,arithmetic,gsm8k_test_0791,train,remove,C1_transformed,gsmplus_problem_understanding
pairs_arith_v2.csv,7088,arithmetic,gsm8k_test_0791,train,retain,H2_same_template,gsmplus_critical_thinking
pairs_arith_v2.csv,7089,arithmetic,gsm8k_test_0791,train,retain,H1_same_topic,svamp
pairs_arith_v2.csv,7090,arithmetic,gsm8k_test_0791,train,retain,H3_predating,asdiv
pairs_arith_v2.csv,7091,arithmetic,gsm8k_test_0791,train,retain,R_random,truthfulqa
pairs_arith_v2.csv,7092,arithmetic,gsm8k_test_0792,train,remove,C0_exact,gsm8k_copy
pairs_arith_v2.csv,7093,arithmetic,gsm8k_test_0792,train,remove,C1_transformed,lmsys_rephrase
pairs_arith_v2.csv,7094,arithmetic,gsm8k_test_0792,train,remove,C2_answer_bearing,gsm8k_solution_frag
pairs_arith_v2.csv,7095,arithmetic,gsm8k_test_0792,train,retain,H2_same_template,gsmplus_numerical_substitution
pairs_arith_v2.csv,7096,arithmetic,gsm8k_test_0792,train,remove,C1_transformed,gsmplus_problem_understanding
pairs_arith_v2.csv,7097,arithmetic,gsm8k_test_0792,train,retain,H2_same_template,gsmplus_critical_thinking
pairs_arith_v2.csv,7098,arithmetic,gsm8k_test_0792,train,retain,H1_same_topic,svamp
pairs_arith_v2.csv,7099,arithmetic,gsm8k_test_0792,train,retain,H3_predating,asdiv
pairs_arith_v2.csv,7100,arithmetic,gsm8k_test_0792,train,retain,R_random,truthfulqa
pairs_arith_v2.csv,7101,arithmetic,gsm8k_test_0793,train,remove,C0_exact,gsm8k_copy
pairs_arith_v2.csv,7102,arithmetic,gsm8k_test_0793,train,remove,C1_transformed,lmsys_rephrase
pairs_arith_v2.csv,7103,arithmetic,gsm8k_test_0793,train,remove,C2_answer_bearing,gsm8k_solution_frag
pairs_arith_v2.csv,7104,arithmetic,gsm8k_test_0793,train,retain,H2_same_template,gsmplus_numerical_substitution
pairs_arith_v2.csv,7105,arithmetic,gsm8k_test_0793,train,remove,C1_transformed,gsmplus_problem_understanding
pairs_arith_v2.csv,7106,arithmetic,gsm8k_test_0793,train,retain,H2_same_template,gsmplus_critical_thinking
pairs_arith_v2.csv,7107,arithmetic,gsm8k_test_0793,train,retain,H1_same_topic,svamp
pairs_arith_v2.csv,7108,arithmetic,gsm8k_test_0793,train,retain,H3_predating,asdiv
pairs_arith_v2.csv,7109,arithmetic,gsm8k_test_0793,train,retain,R_random,truthfulqa
pairs_arith_v2.csv,7110,arithmetic,gsm8k_test_0794,train,remove,C0_exact,gsm8k_copy
pairs_arith_v2.csv,7111,arithmetic,gsm8k_test_0794,train,remove,C1_transformed,lmsys_rephrase
pairs_arith_v2.csv,7112,arithmetic,gsm8k_test_0794,train,remove,C2_answer_bearing,gsm8k_solution_frag
pairs_arith_v2.csv,7113,arithmetic,gsm8k_test_0794,train,retain,H2_same_template,gsmplus_numerical_substitution
pairs_arith_v2.csv,7114,arithmetic,gsm8k_test_0794,train,remove,C1_transformed,gsmplus_problem_understanding
pairs_arith_v2.csv,7115,arithmetic,gsm8k_test_0794,train,retain,H2_same_template,gsmplus_critical_thinking
pairs_arith_v2.csv,7116,arithmetic,gsm8k_test_0794,train,retain,H1_same_topic,svamp
pairs_arith_v2.csv,7117,arithmetic,gsm8k_test_0794,train,retain,H3_predating,asdiv
pairs_arith_v2.csv,7118,arithmetic,gsm8k_test_0794,train,retain,R_random,truthfulqa
pairs_arith_v2.csv,7128,arithmetic,gsm8k_test_0796,train,remove,C0_exact,gsm8k_copy
pairs_arith_v2.csv,7129,arithmetic,gsm8k_test_0796,train,remove,C1_transformed,lmsys_rephrase
pairs_arith_v2.csv,7130,arithmetic,gsm8k_test_0796,train,remove,C2_answer_bearing,gsm8k_solution_frag
pairs_arith_v2.csv,7131,arithmetic,gsm8k_test_0796,train,retain,H2_same_template,gsmplus_numerical_substitution
pairs_arith_v2.csv,7132,arithmetic,gsm8k_test_0796,train,remove,C1_transformed,gsmplus_problem_understanding
pairs_arith_v2.csv,7133,arithmetic,gsm8k_test_0796,train,retain,H2_same_template,gsmplus_critical_thinking
pairs_arith_v2.csv,7134,arithmetic,gsm8k_test_0796,train,retain,H1_same_topic,svamp
pairs_arith_v2.csv,7135,arithmetic,gsm8k_test_0796,train,retain,H3_predating,asdiv
pairs_arith_v2.csv,7136,arithmetic,gsm8k_test_0796,train,retain,R_random,truthfulqa
pairs_arith_v2.csv,7155,arithmetic,gsm8k_test_0799,train,remove,C0_exact,gsm8k_copy
pairs_arith_v2.csv,7156,arithmetic,gsm8k_test_0799,train,remove,C1_transformed,lmsys_rephrase
pairs_arith_v2.csv,7157,arithmetic,gsm8k_test_0799,train,remove,C2_answer_bearing,gsm8k_solution_frag
pairs_arith_v2.csv,7158,arithmetic,gsm8k_test_0799,train,retain,H2_same_template,gsmplus_numerical_substitution
pairs_arith_v2.csv,7159,arithmetic,gsm8k_test_0799,train,remove,C1_transformed,gsmplus_problem_understanding
pairs_arith_v2.csv,7160,arithmetic,gsm8k_test_0799,train,retain,H2_same_template,gsmplus_critical_thinking
pairs_arith_v2.csv,7161,arithmetic,gsm8k_test_0799,train,retain,H1_same_topic,svamp
pairs_arith_v2.csv,7162,arithmetic,gsm8k_test_0799,train,retain,H3_predating,asdiv
pairs_arith_v2.csv,7163,arithmetic,gsm8k_test_0799,train,retain,R_random,truthfulqa
pairs_arith_v2.csv,7164,arithmetic,gsm8k_test_0800,train,remove,C0_exact,gsm8k_copy
pairs_arith_v2.csv,7165,arithmetic,gsm8k_test_0800,train,remove,C1_transformed,lmsys_rephrase
pairs_arith_v2.csv,7166,arithmetic,gsm8k_test_0800,train,remove,C2_answer_bearing,gsm8k_solution_frag
pairs_arith_v2.csv,7167,arithmetic,gsm8k_test_0800,train,retain,H2_same_template,gsmplus_numerical_substitution
pairs_arith_v2.csv,7168,arithmetic,gsm8k_test_0800,train,remove,C1_transformed,gsmplus_problem_understanding
pairs_arith_v2.csv,7169,arithmetic,gsm8k_test_0800,train,retain,H2_same_template,gsmplus_critical_thinking
pairs_arith_v2.csv,7170,arithmetic,gsm8k_test_0800,train,retain,H1_same_topic,svamp
pairs_arith_v2.csv,7171,arithmetic,gsm8k_test_0800,train,retain,H3_predating,asdiv
pairs_arith_v2.csv,7172,arithmetic,gsm8k_test_0800,train,retain,R_random,truthfulqa
pairs_arith_v2.csv,7173,arithmetic,gsm8k_test_0801,train,remove,C0_exact,gsm8k_copy
pairs_arith_v2.csv,7174,arithmetic,gsm8k_test_0801,train,remove,C1_transformed,lmsys_rephrase
pairs_arith_v2.csv,7175,arithmetic,gsm8k_test_0801,train,remove,C2_answer_bearing,gsm8k_solution_frag
pairs_arith_v2.csv,7176,arithmetic,gsm8k_test_0801,train,retain,H2_same_template,gsmplus_numerical_substitution
pairs_arith_v2.csv,7177,arithmetic,gsm8k_test_0801,train,remove,C1_transformed,gsmplus_problem_understanding
pairs_arith_v2.csv,7178,arithmetic,gsm8k_test_0801,train,retain,H2_same_template,gsmplus_critical_thinking
pairs_arith_v2.csv,7179,arithmetic,gsm8k_test_0801,train,retain,H1_same_topic,svamp
pairs_arith_v2.csv,7180,arithmetic,gsm8k_test_0801,train,retain,H3_predating,asdiv
pairs_arith_v2.csv,7181,arithmetic,gsm8k_test_0801,train,retain,R_random,truthfulqa
pairs_arith_v2.csv,7191,arithmetic,gsm8k_test_0803,train,remove,C0_exact,gsm8k_copy
pairs_arith_v2.csv,7192,arithmetic,gsm8k_test_0803,train,remove,C1_transformed,lmsys_rephrase
pairs_arith_v2.csv,7193,arithmetic,gsm8k_test_0803,train,remove,C2_answer_bearing,gsm8k_solution_frag
pairs_arith_v2.csv,7194,arithmetic,gsm8k_test_0803,train,retain,H2_same_template,gsmplus_numerical_substitution
pairs_arith_v2.csv,7195,arithmetic,gsm8k_test_0803,train,remove,C1_transformed,gsmplus_problem_understanding
pairs_arith_v2.csv,7196,arithmetic,gsm8k_test_0803,train,retain,H2_same_template,gsmplus_critical_thinking
pairs_arith_v2.csv,7197,arithmetic,gsm8k_test_0803,train,retain,H1_same_topic,svamp
pairs_arith_v2.csv,7198,arithmetic,gsm8k_test_0803,train,retain,H3_predating,asdiv
pairs_arith_v2.csv,7199,arithmetic,gsm8k_test_0803,train,retain,R_random,truthfulqa
pairs_arith_v2.csv,7209,arithmetic,gsm8k_test_0805,train,remove,C0_exact,gsm8k_copy
pairs_arith_v2.csv,7210,arithmetic,gsm8k_test_0805,train,remove,C1_transformed,lmsys_rephrase
pairs_arith_v2.csv,7211,arithmetic,gsm8k_test_0805,train,remove,C2_answer_bearing,gsm8k_solution_frag
pairs_arith_v2.csv,7212,arithmetic,gsm8k_test_0805,train,retain,H2_same_template,gsmplus_numerical_substitution
pairs_arith_v2.csv,7213,arithmetic,gsm8k_test_0805,train,remove,C1_transformed,gsmplus_problem_understanding
pairs_arith_v2.csv,7214,arithmetic,gsm8k_test_0805,train,retain,H2_same_template,gsmplus_critical_thinking
pairs_arith_v2.csv,7215,arithmetic,gsm8k_test_0805,train,retain,H1_same_topic,svamp
pairs_arith_v2.csv,7216,arithmetic,gsm8k_test_0805,train,retain,H3_predating,asdiv
pairs_arith_v2.csv,7217,arithmetic,gsm8k_test_0805,train,retain,R_random,truthfulqa
pairs_arith_v2.csv,7245,arithmetic,gsm8k_test_0809,train,remove,C0_exact,gsm8k_copy
pairs_arith_v2.csv,7246,arithmetic,gsm8k_test_0809,train,remove,C1_transformed,lmsys_rephrase
pairs_arith_v2.csv,7247,arithmetic,gsm8k_test_0809,train,remove,C2_answer_bearing,gsm8k_solution_frag
pairs_arith_v2.csv,7248,arithmetic,gsm8k_test_0809,train,retain,H2_same_template,gsmplus_numerical_substitution
pairs_arith_v2.csv,7249,arithmetic,gsm8k_test_0809,train,remove,C1_transformed,gsmplus_problem_understanding
pairs_arith_v2.csv,7250,arithmetic,gsm8k_test_0809,train,retain,H2_same_template,gsmplus_critical_thinking
pairs_arith_v2.csv,7251,arithmetic,gsm8k_test_0809,train,retain,H1_same_topic,svamp
pairs_arith_v2.csv,7252,arithmetic,gsm8k_test_0809,train,retain,H3_predating,asdiv
pairs_arith_v2.csv,7253,arithmetic,gsm8k_test_0809,train,retain,R_random,truthfulqa
pairs_arith_v2.csv,7263,arithmetic,gsm8k_test_0811,train,remove,C0_exact,gsm8k_copy
pairs_arith_v2.csv,7264,arithmetic,gsm8k_test_0811,train,remove,C1_transformed,lmsys_rephrase
pairs_arith_v2.csv,7265,arithmetic,gsm8k_test_0811,train,remove,C2_answer_bearing,gsm8k_solution_frag
pairs_arith_v2.csv,7266,arithmetic,gsm8k_test_0811,train,remove,C1_transformed,gsmplus_problem_understanding
pairs_arith_v2.csv,7267,arithmetic,gsm8k_test_0811,train,retain,H2_same_template,gsmplus_critical_thinking
pairs_arith_v2.csv,7268,arithmetic,gsm8k_test_0811,train,retain,H1_same_topic,svamp
pairs_arith_v2.csv,7269,arithmetic,gsm8k_test_0811,train,retain,H3_predating,asdiv
pairs_arith_v2.csv,7270,arithmetic,gsm8k_test_0811,train,retain,R_random,truthfulqa
pairs_arith_v2.csv,7316,arithmetic,gsm8k_test_0817,train,remove,C0_exact,gsm8k_copy
pairs_arith_v2.csv,7317,arithmetic,gsm8k_test_0817,train,remove,C1_transformed,lmsys_rephrase
pairs_arith_v2.csv,7318,arithmetic,gsm8k_test_0817,train,remove,C2_answer_bearing,gsm8k_solution_frag
pairs_arith_v2.csv,7319,arithmetic,gsm8k_test_0817,train,retain,H2_same_template,gsmplus_numerical_substitution
pairs_arith_v2.csv,7320,arithmetic,gsm8k_test_0817,train,remove,C1_transformed,gsmplus_problem_understanding
pairs_arith_v2.csv,7321,arithmetic,gsm8k_test_0817,train,retain,H2_same_template,gsmplus_critical_thinking
pairs_arith_v2.csv,7322,arithmetic,gsm8k_test_0817,train,retain,H1_same_topic,svamp
pairs_arith_v2.csv,7323,arithmetic,gsm8k_test_0817,train,retain,H3_predating,asdiv
pairs_arith_v2.csv,7324,arithmetic,gsm8k_test_0817,train,retain,R_random,truthfulqa
pairs_arith_v2.csv,7334,arithmetic,gsm8k_test_0819,train,remove,C0_exact,gsm8k_copy
pairs_arith_v2.csv,7335,arithmetic,gsm8k_test_0819,train,remove,C1_transformed,lmsys_rephrase
pairs_arith_v2.csv,7336,arithmetic,gsm8k_test_0819,train,remove,C2_answer_bearing,gsm8k_solution_frag
pairs_arith_v2.csv,7337,arithmetic,gsm8k_test_0819,train,retain,H2_same_template,gsmplus_numerical_substitution
pairs_arith_v2.csv,7338,arithmetic,gsm8k_test_0819,train,remove,C1_transformed,gsmplus_problem_understanding
pairs_arith_v2.csv,7339,arithmetic,gsm8k_test_0819,train,retain,H2_same_template,gsmplus_critical_thinking
pairs_arith_v2.csv,7340,arithmetic,gsm8k_test_0819,train,retain,H1_same_topic,svamp
pairs_arith_v2.csv,7341,arithmetic,gsm8k_test_0819,train,retain,H3_predating,asdiv
pairs_arith_v2.csv,7342,arithmetic,gsm8k_test_0819,train,retain,R_random,truthfulqa
pairs_arith_v2.csv,7343,arithmetic,gsm8k_test_0820,train,remove,C0_exact,gsm8k_copy
pairs_arith_v2.csv,7344,arithmetic,gsm8k_test_0820,train,remove,C1_transformed,lmsys_rephrase
pairs_arith_v2.csv,7345,arithmetic,gsm8k_test_0820,train,remove,C2_answer_bearing,gsm8k_solution_frag
pairs_arith_v2.csv,7346,arithmetic,gsm8k_test_0820,train,retain,H2_same_template,gsmplus_numerical_substitution
pairs_arith_v2.csv,7347,arithmetic,gsm8k_test_0820,train,remove,C1_transformed,gsmplus_problem_understanding
pairs_arith_v2.csv,7348,arithmetic,gsm8k_test_0820,train,retain,H2_same_template,gsmplus_critical_thinking
pairs_arith_v2.csv,7349,arithmetic,gsm8k_test_0820,train,retain,H1_same_topic,svamp
pairs_arith_v2.csv,7350,arithmetic,gsm8k_test_0820,train,retain,H3_predating,asdiv
pairs_arith_v2.csv,7351,arithmetic,gsm8k_test_0820,train,retain,R_random,truthfulqa
pairs_arith_v2.csv,7379,arithmetic,gsm8k_test_0824,train,remove,C0_exact,gsm8k_copy
pairs_arith_v2.csv,7380,arithmetic,gsm8k_test_0824,train,remove,C1_transformed,lmsys_rephrase
pairs_arith_v2.csv,7381,arithmetic,gsm8k_test_0824,train,remove,C2_answer_bearing,gsm8k_solution_frag
pairs_arith_v2.csv,7382,arithmetic,gsm8k_test_0824,train,retain,H2_same_template,gsmplus_numerical_substitution
pairs_arith_v2.csv,7383,arithmetic,gsm8k_test_0824,train,remove,C1_transformed,gsmplus_problem_understanding
pairs_arith_v2.csv,7384,arithmetic,gsm8k_test_0824,train,retain,H2_same_template,gsmplus_critical_thinking
pairs_arith_v2.csv,7385,arithmetic,gsm8k_test_0824,train,retain,H1_same_topic,svamp
pairs_arith_v2.csv,7386,arithmetic,gsm8k_test_0824,train,retain,H3_predating,asdiv
pairs_arith_v2.csv,7387,arithmetic,gsm8k_test_0824,train,retain,R_random,truthfulqa
pairs_arith_v2.csv,7388,arithmetic,gsm8k_test_0825,train,remove,C0_exact,gsm8k_copy
pairs_arith_v2.csv,7389,arithmetic,gsm8k_test_0825,train,remove,C1_transformed,lmsys_rephrase
pairs_arith_v2.csv,7390,arithmetic,gsm8k_test_0825,train,remove,C2_answer_bearing,gsm8k_solution_frag
pairs_arith_v2.csv,7391,arithmetic,gsm8k_test_0825,train,retain,H2_same_template,gsmplus_numerical_substitution
pairs_arith_v2.csv,7392,arithmetic,gsm8k_test_0825,train,remove,C1_transformed,gsmplus_problem_understanding
pairs_arith_v2.csv,7393,arithmetic,gsm8k_test_0825,train,retain,H2_same_template,gsmplus_critical_thinking
pairs_arith_v2.csv,7394,arithmetic,gsm8k_test_0825,train,retain,H1_same_topic,svamp
pairs_arith_v2.csv,7395,arithmetic,gsm8k_test_0825,train,retain,H3_predating,asdiv
pairs_arith_v2.csv,7396,arithmetic,gsm8k_test_0825,train,retain,R_random,truthfulqa
pairs_arith_v2.csv,7424,arithmetic,gsm8k_test_0829,train,remove,C0_exact,gsm8k_copy
pairs_arith_v2.csv,7425,arithmetic,gsm8k_test_0829,train,remove,C1_transformed,lmsys_rephrase
pairs_arith_v2.csv,7426,arithmetic,gsm8k_test_0829,train,remove,C2_answer_bearing,gsm8k_solution_frag
pairs_arith_v2.csv,7427,arithmetic,gsm8k_test_0829,train,retain,H2_same_template,gsmplus_numerical_substitution
pairs_arith_v2.csv,7428,arithmetic,gsm8k_test_0829,train,remove,C1_transformed,gsmplus_problem_understanding
pairs_arith_v2.csv,7429,arithmetic,gsm8k_test_0829,train,retain,H2_same_template,gsmplus_critical_thinking
pairs_arith_v2.csv,7430,arithmetic,gsm8k_test_0829,train,retain,H1_same_topic,svamp
pairs_arith_v2.csv,7431,arithmetic,gsm8k_test_0829,train,retain,H3_predating,asdiv
pairs_arith_v2.csv,7432,arithmetic,gsm8k_test_0829,train,retain,R_random,truthfulqa
pairs_arith_v2.csv,7442,arithmetic,gsm8k_test_0831,train,remove,C0_exact,gsm8k_copy
pairs_arith_v2.csv,7443,arithmetic,gsm8k_test_0831,train,remove,C1_transformed,lmsys_rephrase
pairs_arith_v2.csv,7444,arithmetic,gsm8k_test_0831,train,remove,C2_answer_bearing,gsm8k_solution_frag
pairs_arith_v2.csv,7445,arithmetic,gsm8k_test_0831,train,retain,H2_same_template,gsmplus_numerical_substitution
pairs_arith_v2.csv,7446,arithmetic,gsm8k_test_0831,train,remove,C1_transformed,gsmplus_problem_understanding
pairs_arith_v2.csv,7447,arithmetic,gsm8k_test_0831,train,retain,H2_same_template,gsmplus_critical_thinking
pairs_arith_v2.csv,7448,arithmetic,gsm8k_test_0831,train,retain,H1_same_topic,svamp
pairs_arith_v2.csv,7449,arithmetic,gsm8k_test_0831,train,retain,H3_predating,asdiv
pairs_arith_v2.csv,7450,arithmetic,gsm8k_test_0831,train,retain,R_random,truthfulqa
pairs_arith_v2.csv,7496,arithmetic,gsm8k_test_0837,train,remove,C0_exact,gsm8k_copy
pairs_arith_v2.csv,7497,arithmetic,gsm8k_test_0837,train,remove,C1_transformed,lmsys_rephrase
pairs_arith_v2.csv,7498,arithmetic,gsm8k_test_0837,train,remove,C2_answer_bearing,gsm8k_solution_frag
pairs_arith_v2.csv,7499,arithmetic,gsm8k_test_0837,train,retain,H2_same_template,gsmplus_numerical_substitution
pairs_arith_v2.csv,7500,arithmetic,gsm8k_test_0837,train,remove,C1_transformed,gsmplus_problem_understanding
pairs_arith_v2.csv,7501,arithmetic,gsm8k_test_0837,train,retain,H2_same_template,gsmplus_critical_thinking
pairs_arith_v2.csv,7502,arithmetic,gsm8k_test_0837,train,retain,H1_same_topic,svamp
pairs_arith_v2.csv,7503,arithmetic,gsm8k_test_0837,train,retain,H3_predating,asdiv
pairs_arith_v2.csv,7504,arithmetic,gsm8k_test_0837,train,retain,R_random,truthfulqa
pairs_arith_v2.csv,7505,arithmetic,gsm8k_test_0838,train,remove,C0_exact,gsm8k_copy
pairs_arith_v2.csv,7506,arithmetic,gsm8k_test_0838,train,remove,C1_transformed,lmsys_rephrase
pairs_arith_v2.csv,7507,arithmetic,gsm8k_test_0838,train,remove,C2_answer_bearing,gsm8k_solution_frag
pairs_arith_v2.csv,7508,arithmetic,gsm8k_test_0838,train,retain,H2_same_template,gsmplus_numerical_substitution
pairs_arith_v2.csv,7509,arithmetic,gsm8k_test_0838,train,remove,C1_transformed,gsmplus_problem_understanding
pairs_arith_v2.csv,7510,arithmetic,gsm8k_test_0838,train,retain,H2_same_template,gsmplus_critical_thinking
pairs_arith_v2.csv,7511,arithmetic,gsm8k_test_0838,train,retain,H1_same_topic,svamp
pairs_arith_v2.csv,7512,arithmetic,gsm8k_test_0838,train,retain,H3_predating,asdiv
pairs_arith_v2.csv,7513,arithmetic,gsm8k_test_0838,train,retain,R_random,truthfulqa
pairs_arith_v2.csv,7523,arithmetic,gsm8k_test_0840,train,remove,C0_exact,gsm8k_copy
pairs_arith_v2.csv,7524,arithmetic,gsm8k_test_0840,train,remove,C1_transformed,lmsys_rephrase
pairs_arith_v2.csv,7525,arithmetic,gsm8k_test_0840,train,remove,C2_answer_bearing,gsm8k_solution_frag
pairs_arith_v2.csv,7526,arithmetic,gsm8k_test_0840,train,retain,H2_same_template,gsmplus_numerical_substitution
pairs_arith_v2.csv,7527,arithmetic,gsm8k_test_0840,train,remove,C1_transformed,gsmplus_problem_understanding
pairs_arith_v2.csv,7528,arithmetic,gsm8k_test_0840,train,retain,H2_same_template,gsmplus_critical_thinking
pairs_arith_v2.csv,7529,arithmetic,gsm8k_test_0840,train,retain,H1_same_topic,svamp
pairs_arith_v2.csv,7530,arithmetic,gsm8k_test_0840,train,retain,H3_predating,asdiv
pairs_arith_v2.csv,7531,arithmetic,gsm8k_test_0840,train,retain,R_random,truthfulqa
pairs_arith_v2.csv,7541,arithmetic,gsm8k_test_0842,train,remove,C0_exact,gsm8k_copy
pairs_arith_v2.csv,7542,arithmetic,gsm8k_test_0842,train,remove,C1_transformed,lmsys_rephrase
pairs_arith_v2.csv,7543,arithmetic,gsm8k_test_0842,train,remove,C2_answer_bearing,gsm8k_solution_frag
pairs_arith_v2.csv,7544,arithmetic,gsm8k_test_0842,train,remove,C1_transformed,gsmplus_problem_understanding
pairs_arith_v2.csv,7545,arithmetic,gsm8k_test_0842,train,retain,H2_same_template,gsmplus_critical_thinking
pairs_arith_v2.csv,7546,arithmetic,gsm8k_test_0842,train,retain,H1_same_topic,svamp
pairs_arith_v2.csv,7547,arithmetic,gsm8k_test_0842,train,retain,H3_predating,asdiv
pairs_arith_v2.csv,7548,arithmetic,gsm8k_test_0842,train,retain,R_random,truthfulqa
pairs_arith_v2.csv,7549,arithmetic,gsm8k_test_0843,train,remove,C0_exact,gsm8k_copy
pairs_arith_v2.csv,7550,arithmetic,gsm8k_test_0843,train,remove,C1_transformed,lmsys_rephrase
pairs_arith_v2.csv,7551,arithmetic,gsm8k_test_0843,train,remove,C2_answer_bearing,gsm8k_solution_frag
pairs_arith_v2.csv,7552,arithmetic,gsm8k_test_0843,train,retain,H2_same_template,gsmplus_numerical_substitution
pairs_arith_v2.csv,7553,arithmetic,gsm8k_test_0843,train,remove,C1_transformed,gsmplus_problem_understanding
pairs_arith_v2.csv,7554,arithmetic,gsm8k_test_0843,train,retain,H2_same_template,gsmplus_critical_thinking
pairs_arith_v2.csv,7555,arithmetic,gsm8k_test_0843,train,retain,H1_same_topic,svamp
pairs_arith_v2.csv,7556,arithmetic,gsm8k_test_0843,train,retain,H3_predating,asdiv
pairs_arith_v2.csv,7557,arithmetic,gsm8k_test_0843,train,retain,R_random,truthfulqa
pairs_arith_v2.csv,7567,arithmetic,gsm8k_test_0845,train,remove,C0_exact,gsm8k_copy
pairs_arith_v2.csv,7568,arithmetic,gsm8k_test_0845,train,remove,C1_transformed,lmsys_rephrase
pairs_arith_v2.csv,7569,arithmetic,gsm8k_test_0845,train,remove,C2_answer_bearing,gsm8k_solution_frag
pairs_arith_v2.csv,7570,arithmetic,gsm8k_test_0845,train,retain,H2_same_template,gsmplus_numerical_substitution
pairs_arith_v2.csv,7571,arithmetic,gsm8k_test_0845,train,remove,C1_transformed,gsmplus_problem_understanding
pairs_arith_v2.csv,7572,arithmetic,gsm8k_test_0845,train,retain,H2_same_template,gsmplus_critical_thinking
pairs_arith_v2.csv,7573,arithmetic,gsm8k_test_0845,train,retain,H1_same_topic,svamp
pairs_arith_v2.csv,7574,arithmetic,gsm8k_test_0845,train,retain,H3_predating,asdiv
pairs_arith_v2.csv,7575,arithmetic,gsm8k_test_0845,train,retain,R_random,truthfulqa
pairs_arith_v2.csv,7576,arithmetic,gsm8k_test_0846,train,remove,C0_exact,gsm8k_copy
pairs_arith_v2.csv,7577,arithmetic,gsm8k_test_0846,train,remove,C1_transformed,lmsys_rephrase
pairs_arith_v2.csv,7578,arithmetic,gsm8k_test_0846,train,remove,C2_answer_bearing,gsm8k_solution_frag
pairs_arith_v2.csv,7579,arithmetic,gsm8k_test_0846,train,retain,H2_same_template,gsmplus_numerical_substitution
pairs_arith_v2.csv,7580,arithmetic,gsm8k_test_0846,train,remove,C1_transformed,gsmplus_problem_understanding
pairs_arith_v2.csv,7581,arithmetic,gsm8k_test_0846,train,retain,H2_same_template,gsmplus_critical_thinking
pairs_arith_v2.csv,7582,arithmetic,gsm8k_test_0846,train,retain,H1_same_topic,svamp
pairs_arith_v2.csv,7583,arithmetic,gsm8k_test_0846,train,retain,H3_predating,asdiv
pairs_arith_v2.csv,7584,arithmetic,gsm8k_test_0846,train,retain,R_random,truthfulqa
pairs_arith_v2.csv,7585,arithmetic,gsm8k_test_0847,train,remove,C0_exact,gsm8k_copy
pairs_arith_v2.csv,7586,arithmetic,gsm8k_test_0847,train,remove,C1_transformed,lmsys_rephrase
pairs_arith_v2.csv,7587,arithmetic,gsm8k_test_0847,train,remove,C2_answer_bearing,gsm8k_solution_frag
pairs_arith_v2.csv,7588,arithmetic,gsm8k_test_0847,train,retain,H2_same_template,gsmplus_numerical_substitution
pairs_arith_v2.csv,7589,arithmetic,gsm8k_test_0847,train,remove,C1_transformed,gsmplus_problem_understanding
pairs_arith_v2.csv,7590,arithmetic,gsm8k_test_0847,train,retain,H2_same_template,gsmplus_critical_thinking
pairs_arith_v2.csv,7591,arithmetic,gsm8k_test_0847,train,retain,H1_same_topic,svamp
pairs_arith_v2.csv,7592,arithmetic,gsm8k_test_0847,train,retain,H3_predating,asdiv
pairs_arith_v2.csv,7593,arithmetic,gsm8k_test_0847,train,retain,R_random,truthfulqa
pairs_arith_v2.csv,7673,arithmetic,gsm8k_test_0857,train,remove,C0_exact,gsm8k_copy
pairs_arith_v2.csv,7674,arithmetic,gsm8k_test_0857,train,remove,C1_transformed,lmsys_rephrase
pairs_arith_v2.csv,7675,arithmetic,gsm8k_test_0857,train,remove,C2_answer_bearing,gsm8k_solution_frag
pairs_arith_v2.csv,7676,arithmetic,gsm8k_test_0857,train,retain,H2_same_template,gsmplus_numerical_substitution
pairs_arith_v2.csv,7677,arithmetic,gsm8k_test_0857,train,remove,C1_transformed,gsmplus_problem_understanding
pairs_arith_v2.csv,7678,arithmetic,gsm8k_test_0857,train,retain,H2_same_template,gsmplus_critical_thinking
pairs_arith_v2.csv,7679,arithmetic,gsm8k_test_0857,train,retain,H1_same_topic,svamp
pairs_arith_v2.csv,7680,arithmetic,gsm8k_test_0857,train,retain,H3_predating,asdiv
pairs_arith_v2.csv,7681,arithmetic,gsm8k_test_0857,train,retain,R_random,truthfulqa
pairs_arith_v2.csv,7690,arithmetic,gsm8k_test_0859,train,remove,C0_exact,gsm8k_copy
pairs_arith_v2.csv,7691,arithmetic,gsm8k_test_0859,train,remove,C1_transformed,lmsys_rephrase
pairs_arith_v2.csv,7692,arithmetic,gsm8k_test_0859,train,remove,C2_answer_bearing,gsm8k_solution_frag
pairs_arith_v2.csv,7693,arithmetic,gsm8k_test_0859,train,retain,H2_same_template,gsmplus_numerical_substitution
pairs_arith_v2.csv,7694,arithmetic,gsm8k_test_0859,train,remove,C1_transformed,gsmplus_problem_understanding
pairs_arith_v2.csv,7695,arithmetic,gsm8k_test_0859,train,retain,H2_same_template,gsmplus_critical_thinking
pairs_arith_v2.csv,7696,arithmetic,gsm8k_test_0859,train,retain,H1_same_topic,svamp
pairs_arith_v2.csv,7697,arithmetic,gsm8k_test_0859,train,retain,H3_predating,asdiv
pairs_arith_v2.csv,7698,arithmetic,gsm8k_test_0859,train,retain,R_random,truthfulqa
pairs_arith_v2.csv,7717,arithmetic,gsm8k_test_0862,train,remove,C0_exact,gsm8k_copy
pairs_arith_v2.csv,7718,arithmetic,gsm8k_test_0862,train,remove,C1_transformed,lmsys_rephrase
pairs_arith_v2.csv,7719,arithmetic,gsm8k_test_0862,train,remove,C2_answer_bearing,gsm8k_solution_frag
pairs_arith_v2.csv,7720,arithmetic,gsm8k_test_0862,train,retain,H2_same_template,gsmplus_numerical_substitution
pairs_arith_v2.csv,7721,arithmetic,gsm8k_test_0862,train,remove,C1_transformed,gsmplus_problem_understanding
pairs_arith_v2.csv,7722,arithmetic,gsm8k_test_0862,train,retain,H2_same_template,gsmplus_critical_thinking
pairs_arith_v2.csv,7723,arithmetic,gsm8k_test_0862,train,retain,H1_same_topic,svamp
pairs_arith_v2.csv,7724,arithmetic,gsm8k_test_0862,train,retain,H3_predating,asdiv
pairs_arith_v2.csv,7725,arithmetic,gsm8k_test_0862,train,retain,R_random,truthfulqa
pairs_arith_v2.csv,7771,arithmetic,gsm8k_test_0868,train,remove,C0_exact,gsm8k_copy
pairs_arith_v2.csv,7772,arithmetic,gsm8k_test_0868,train,remove,C1_transformed,lmsys_rephrase
pairs_arith_v2.csv,7773,arithmetic,gsm8k_test_0868,train,remove,C2_answer_bearing,gsm8k_solution_frag
pairs_arith_v2.csv,7774,arithmetic,gsm8k_test_0868,train,remove,C1_transformed,gsmplus_problem_understanding
pairs_arith_v2.csv,7775,arithmetic,gsm8k_test_0868,train,retain,H2_same_template,gsmplus_critical_thinking
pairs_arith_v2.csv,7776,arithmetic,gsm8k_test_0868,train,retain,H1_same_topic,svamp
pairs_arith_v2.csv,7777,arithmetic,gsm8k_test_0868,train,retain,H3_predating,asdiv
pairs_arith_v2.csv,7778,arithmetic,gsm8k_test_0868,train,retain,R_random,truthfulqa
pairs_arith_v2.csv,7779,arithmetic,gsm8k_test_0869,train,remove,C0_exact,gsm8k_copy
pairs_arith_v2.csv,7780,arithmetic,gsm8k_test_0869,train,remove,C1_transformed,lmsys_rephrase
pairs_arith_v2.csv,7781,arithmetic,gsm8k_test_0869,train,remove,C2_answer_bearing,gsm8k_solution_frag
pairs_arith_v2.csv,7782,arithmetic,gsm8k_test_0869,train,remove,C1_transformed,gsmplus_problem_understanding
pairs_arith_v2.csv,7783,arithmetic,gsm8k_test_0869,train,retain,H2_same_template,gsmplus_critical_thinking
pairs_arith_v2.csv,7784,arithmetic,gsm8k_test_0869,train,retain,H1_same_topic,svamp
pairs_arith_v2.csv,7785,arithmetic,gsm8k_test_0869,train,retain,H3_predating,asdiv
pairs_arith_v2.csv,7786,arithmetic,gsm8k_test_0869,train,retain,R_random,truthfulqa
pairs_arith_v2.csv,7868,arithmetic,gsm8k_test_0879,train,remove,C0_exact,gsm8k_copy
pairs_arith_v2.csv,7869,arithmetic,gsm8k_test_0879,train,remove,C1_transformed,lmsys_rephrase
pairs_arith_v2.csv,7870,arithmetic,gsm8k_test_0879,train,remove,C2_answer_bearing,gsm8k_solution_frag
pairs_arith_v2.csv,7871,arithmetic,gsm8k_test_0879,train,retain,H2_same_template,gsmplus_numerical_substitution
pairs_arith_v2.csv,7872,arithmetic,gsm8k_test_0879,train,remove,C1_transformed,gsmplus_problem_understanding
pairs_arith_v2.csv,7873,arithmetic,gsm8k_test_0879,train,retain,H2_same_template,gsmplus_critical_thinking
pairs_arith_v2.csv,7874,arithmetic,gsm8k_test_0879,train,retain,H1_same_topic,svamp
pairs_arith_v2.csv,7875,arithmetic,gsm8k_test_0879,train,retain,H3_predating,asdiv
pairs_arith_v2.csv,7876,arithmetic,gsm8k_test_0879,train,retain,R_random,truthfulqa
pairs_arith_v2.csv,7904,arithmetic,gsm8k_test_0883,train,remove,C0_exact,gsm8k_copy
pairs_arith_v2.csv,7905,arithmetic,gsm8k_test_0883,train,remove,C1_transformed,lmsys_rephrase
pairs_arith_v2.csv,7906,arithmetic,gsm8k_test_0883,train,remove,C2_answer_bearing,gsm8k_solution_frag
pairs_arith_v2.csv,7907,arithmetic,gsm8k_test_0883,train,retain,H2_same_template,gsmplus_numerical_substitution
pairs_arith_v2.csv,7908,arithmetic,gsm8k_test_0883,train,remove,C1_transformed,gsmplus_problem_understanding
pairs_arith_v2.csv,7909,arithmetic,gsm8k_test_0883,train,retain,H2_same_template,gsmplus_critical_thinking
pairs_arith_v2.csv,7910,arithmetic,gsm8k_test_0883,train,retain,H1_same_topic,svamp
pairs_arith_v2.csv,7911,arithmetic,gsm8k_test_0883,train,retain,H3_predating,asdiv
pairs_arith_v2.csv,7912,arithmetic,gsm8k_test_0883,train,retain,R_random,truthfulqa
pairs_arith_v2.csv,7922,arithmetic,gsm8k_test_0885,train,remove,C0_exact,gsm8k_copy
pairs_arith_v2.csv,7923,arithmetic,gsm8k_test_0885,train,remove,C1_transformed,lmsys_rephrase
pairs_arith_v2.csv,7924,arithmetic,gsm8k_test_0885,train,remove,C2_answer_bearing,gsm8k_solution_frag
pairs_arith_v2.csv,7925,arithmetic,gsm8k_test_0885,train,retain,H2_same_template,gsmplus_numerical_substitution
pairs_arith_v2.csv,7926,arithmetic,gsm8k_test_0885,train,remove,C1_transformed,gsmplus_problem_understanding
pairs_arith_v2.csv,7927,arithmetic,gsm8k_test_0885,train,retain,H2_same_template,gsmplus_critical_thinking
pairs_arith_v2.csv,7928,arithmetic,gsm8k_test_0885,train,retain,H1_same_topic,svamp
pairs_arith_v2.csv,7929,arithmetic,gsm8k_test_0885,train,retain,H3_predating,asdiv
pairs_arith_v2.csv,7930,arithmetic,gsm8k_test_0885,train,retain,R_random,truthfulqa
pairs_arith_v2.csv,7931,arithmetic,gsm8k_test_0886,train,remove,C0_exact,gsm8k_copy
pairs_arith_v2.csv,7932,arithmetic,gsm8k_test_0886,train,remove,C1_transformed,lmsys_rephrase
pairs_arith_v2.csv,7933,arithmetic,gsm8k_test_0886,train,remove,C2_answer_bearing,gsm8k_solution_frag
pairs_arith_v2.csv,7934,arithmetic,gsm8k_test_0886,train,retain,H2_same_template,gsmplus_numerical_substitution
pairs_arith_v2.csv,7935,arithmetic,gsm8k_test_0886,train,remove,C1_transformed,gsmplus_problem_understanding
pairs_arith_v2.csv,7936,arithmetic,gsm8k_test_0886,train,retain,H2_same_template,gsmplus_critical_thinking
pairs_arith_v2.csv,7937,arithmetic,gsm8k_test_0886,train,retain,H1_same_topic,svamp
pairs_arith_v2.csv,7938,arithmetic,gsm8k_test_0886,train,retain,H3_predating,asdiv
pairs_arith_v2.csv,7939,arithmetic,gsm8k_test_0886,train,retain,R_random,truthfulqa
pairs_arith_v2.csv,7940,arithmetic,gsm8k_test_0887,train,remove,C0_exact,gsm8k_copy
pairs_arith_v2.csv,7941,arithmetic,gsm8k_test_0887,train,remove,C1_transformed,lmsys_rephrase
pairs_arith_v2.csv,7942,arithmetic,gsm8k_test_0887,train,remove,C2_answer_bearing,gsm8k_solution_frag
pairs_arith_v2.csv,7943,arithmetic,gsm8k_test_0887,train,retain,H2_same_template,gsmplus_numerical_substitution
pairs_arith_v2.csv,7944,arithmetic,gsm8k_test_0887,train,remove,C1_transformed,gsmplus_problem_understanding
pairs_arith_v2.csv,7945,arithmetic,gsm8k_test_0887,train,retain,H2_same_template,gsmplus_critical_thinking
pairs_arith_v2.csv,7946,arithmetic,gsm8k_test_0887,train,retain,H1_same_topic,svamp
pairs_arith_v2.csv,7947,arithmetic,gsm8k_test_0887,train,retain,H3_predating,asdiv
pairs_arith_v2.csv,7948,arithmetic,gsm8k_test_0887,train,retain,R_random,truthfulqa
pairs_arith_v2.csv,7993,arithmetic,gsm8k_test_0893,train,remove,C0_exact,gsm8k_copy
pairs_arith_v2.csv,7994,arithmetic,gsm8k_test_0893,train,remove,C1_transformed,lmsys_rephrase
pairs_arith_v2.csv,7995,arithmetic,gsm8k_test_0893,train,remove,C2_answer_bearing,gsm8k_solution_frag
pairs_arith_v2.csv,7996,arithmetic,gsm8k_test_0893,train,retain,H2_same_template,gsmplus_numerical_substitution
pairs_arith_v2.csv,7997,arithmetic,gsm8k_test_0893,train,remove,C1_transformed,gsmplus_problem_understanding
pairs_arith_v2.csv,7998,arithmetic,gsm8k_test_0893,train,retain,H2_same_template,gsmplus_critical_thinking
pairs_arith_v2.csv,7999,arithmetic,gsm8k_test_0893,train,retain,H1_same_topic,svamp
pairs_arith_v2.csv,8000,arithmetic,gsm8k_test_0893,train,retain,H3_predating,asdiv
pairs_arith_v2.csv,8001,arithmetic,gsm8k_test_0893,train,retain,R_random,truthfulqa
pairs_arith_v2.csv,8046,arithmetic,gsm8k_test_0899,train,remove,C0_exact,gsm8k_copy
pairs_arith_v2.csv,8047,arithmetic,gsm8k_test_0899,train,remove,C1_transformed,lmsys_rephrase
pairs_arith_v2.csv,8048,arithmetic,gsm8k_test_0899,train,remove,C2_answer_bearing,gsm8k_solution_frag
pairs_arith_v2.csv,8049,arithmetic,gsm8k_test_0899,train,retain,H2_same_template,gsmplus_numerical_substitution
pairs_arith_v2.csv,8050,arithmetic,gsm8k_test_0899,train,remove,C1_transformed,gsmplus_problem_understanding
pairs_arith_v2.csv,8051,arithmetic,gsm8k_test_0899,train,retain,H2_same_template,gsmplus_critical_thinking
pairs_arith_v2.csv,8052,arithmetic,gsm8k_test_0899,train,retain,H1_same_topic,svamp
pairs_arith_v2.csv,8053,arithmetic,gsm8k_test_0899,train,retain,H3_predating,asdiv
pairs_arith_v2.csv,8054,arithmetic,gsm8k_test_0899,train,retain,R_random,truthfulqa
pairs_arith_v2.csv,8055,arithmetic,gsm8k_test_0900,train,remove,C0_exact,gsm8k_copy
pairs_arith_v2.csv,8056,arithmetic,gsm8k_test_0900,train,remove,C1_transformed,lmsys_rephrase
pairs_arith_v2.csv,8057,arithmetic,gsm8k_test_0900,train,remove,C2_answer_bearing,gsm8k_solution_frag
pairs_arith_v2.csv,8058,arithmetic,gsm8k_test_0900,train,retain,H2_same_template,gsmplus_numerical_substitution
pairs_arith_v2.csv,8059,arithmetic,gsm8k_test_0900,train,remove,C1_transformed,gsmplus_problem_understanding
pairs_arith_v2.csv,8060,arithmetic,gsm8k_test_0900,train,retain,H2_same_template,gsmplus_critical_thinking
pairs_arith_v2.csv,8061,arithmetic,gsm8k_test_0900,train,retain,H1_same_topic,svamp
pairs_arith_v2.csv,8062,arithmetic,gsm8k_test_0900,train,retain,H3_predating,asdiv
pairs_arith_v2.csv,8063,arithmetic,gsm8k_test_0900,train,retain,R_random,truthfulqa
pairs_arith_v2.csv,8108,arithmetic,gsm8k_test_0906,train,remove,C0_exact,gsm8k_copy
pairs_arith_v2.csv,8109,arithmetic,gsm8k_test_0906,train,remove,C1_transformed,lmsys_rephrase
pairs_arith_v2.csv,8110,arithmetic,gsm8k_test_0906,train,remove,C2_answer_bearing,gsm8k_solution_frag
pairs_arith_v2.csv,8111,arithmetic,gsm8k_test_0906,train,remove,C1_transformed,gsmplus_problem_understanding
pairs_arith_v2.csv,8112,arithmetic,gsm8k_test_0906,train,retain,H2_same_template,gsmplus_critical_thinking
pairs_arith_v2.csv,8113,arithmetic,gsm8k_test_0906,train,retain,H1_same_topic,svamp
pairs_arith_v2.csv,8114,arithmetic,gsm8k_test_0906,train,retain,H3_predating,asdiv
pairs_arith_v2.csv,8115,arithmetic,gsm8k_test_0906,train,retain,R_random,truthfulqa
pairs_arith_v2.csv,8116,arithmetic,gsm8k_test_0907,train,remove,C0_exact,gsm8k_copy
pairs_arith_v2.csv,8117,arithmetic,gsm8k_test_0907,train,remove,C1_transformed,lmsys_rephrase
pairs_arith_v2.csv,8118,arithmetic,gsm8k_test_0907,train,remove,C2_answer_bearing,gsm8k_solution_frag
pairs_arith_v2.csv,8119,arithmetic,gsm8k_test_0907,train,retain,H2_same_template,gsmplus_numerical_substitution
pairs_arith_v2.csv,8120,arithmetic,gsm8k_test_0907,train,remove,C1_transformed,gsmplus_problem_understanding
pairs_arith_v2.csv,8121,arithmetic,gsm8k_test_0907,train,retain,H2_same_template,gsmplus_critical_thinking
pairs_arith_v2.csv,8122,arithmetic,gsm8k_test_0907,train,retain,H1_same_topic,svamp
pairs_arith_v2.csv,8123,arithmetic,gsm8k_test_0907,train,retain,H3_predating,asdiv
pairs_arith_v2.csv,8124,arithmetic,gsm8k_test_0907,train,retain,R_random,truthfulqa
pairs_arith_v2.csv,8197,arithmetic,gsm8k_test_0916,train,remove,C0_exact,gsm8k_copy
pairs_arith_v2.csv,8198,arithmetic,gsm8k_test_0916,train,remove,C1_transformed,lmsys_rephrase
pairs_arith_v2.csv,8199,arithmetic,gsm8k_test_0916,train,remove,C2_answer_bearing,gsm8k_solution_frag
pairs_arith_v2.csv,8200,arithmetic,gsm8k_test_0916,train,retain,H2_same_template,gsmplus_numerical_substitution
pairs_arith_v2.csv,8201,arithmetic,gsm8k_test_0916,train,remove,C1_transformed,gsmplus_problem_understanding
pairs_arith_v2.csv,8202,arithmetic,gsm8k_test_0916,train,retain,H2_same_template,gsmplus_critical_thinking
pairs_arith_v2.csv,8203,arithmetic,gsm8k_test_0916,train,retain,H1_same_topic,svamp
pairs_arith_v2.csv,8204,arithmetic,gsm8k_test_0916,train,retain,H3_predating,asdiv
pairs_arith_v2.csv,8205,arithmetic,gsm8k_test_0916,train,retain,R_random,truthfulqa
pairs_arith_v2.csv,8233,arithmetic,gsm8k_test_0920,train,remove,C0_exact,gsm8k_copy
pairs_arith_v2.csv,8234,arithmetic,gsm8k_test_0920,train,remove,C1_transformed,lmsys_rephrase
pairs_arith_v2.csv,8235,arithmetic,gsm8k_test_0920,train,remove,C2_answer_bearing,gsm8k_solution_frag
pairs_arith_v2.csv,8236,arithmetic,gsm8k_test_0920,train,retain,H2_same_template,gsmplus_numerical_substitution
pairs_arith_v2.csv,8237,arithmetic,gsm8k_test_0920,train,remove,C1_transformed,gsmplus_problem_understanding
pairs_arith_v2.csv,8238,arithmetic,gsm8k_test_0920,train,retain,H2_same_template,gsmplus_critical_thinking
pairs_arith_v2.csv,8239,arithmetic,gsm8k_test_0920,train,retain,H1_same_topic,svamp
pairs_arith_v2.csv,8240,arithmetic,gsm8k_test_0920,train,retain,H3_predating,asdiv
pairs_arith_v2.csv,8241,arithmetic,gsm8k_test_0920,train,retain,R_random,truthfulqa
pairs_arith_v2.csv,8242,arithmetic,gsm8k_test_0921,train,remove,C0_exact,gsm8k_copy
pairs_arith_v2.csv,8243,arithmetic,gsm8k_test_0921,train,remove,C1_transformed,lmsys_rephrase
pairs_arith_v2.csv,8244,arithmetic,gsm8k_test_0921,train,remove,C2_answer_bearing,gsm8k_solution_frag
pairs_arith_v2.csv,8245,arithmetic,gsm8k_test_0921,train,remove,C1_transformed,gsmplus_problem_understanding
pairs_arith_v2.csv,8246,arithmetic,gsm8k_test_0921,train,retain,H2_same_template,gsmplus_critical_thinking
pairs_arith_v2.csv,8247,arithmetic,gsm8k_test_0921,train,retain,H1_same_topic,svamp
pairs_arith_v2.csv,8248,arithmetic,gsm8k_test_0921,train,retain,H3_predating,asdiv
pairs_arith_v2.csv,8249,arithmetic,gsm8k_test_0921,train,retain,R_random,truthfulqa
pairs_arith_v2.csv,8285,arithmetic,gsm8k_test_0926,train,remove,C0_exact,gsm8k_copy
pairs_arith_v2.csv,8286,arithmetic,gsm8k_test_0926,train,remove,C1_transformed,lmsys_rephrase
pairs_arith_v2.csv,8287,arithmetic,gsm8k_test_0926,train,remove,C2_answer_bearing,gsm8k_solution_frag
pairs_arith_v2.csv,8288,arithmetic,gsm8k_test_0926,train,retain,H2_same_template,gsmplus_numerical_substitution
pairs_arith_v2.csv,8289,arithmetic,gsm8k_test_0926,train,remove,C1_transformed,gsmplus_problem_understanding
pairs_arith_v2.csv,8290,arithmetic,gsm8k_test_0926,train,retain,H2_same_template,gsmplus_critical_thinking
pairs_arith_v2.csv,8291,arithmetic,gsm8k_test_0926,train,retain,H1_same_topic,svamp
pairs_arith_v2.csv,8292,arithmetic,gsm8k_test_0926,train,retain,H3_predating,asdiv
pairs_arith_v2.csv,8293,arithmetic,gsm8k_test_0926,train,retain,R_random,truthfulqa
pairs_arith_v2.csv,8294,arithmetic,gsm8k_test_0927,train,remove,C0_exact,gsm8k_copy
pairs_arith_v2.csv,8295,arithmetic,gsm8k_test_0927,train,remove,C1_transformed,lmsys_rephrase
pairs_arith_v2.csv,8296,arithmetic,gsm8k_test_0927,train,remove,C2_answer_bearing,gsm8k_solution_frag
pairs_arith_v2.csv,8297,arithmetic,gsm8k_test_0927,train,retain,H2_same_template,gsmplus_numerical_substitution
pairs_arith_v2.csv,8298,arithmetic,gsm8k_test_0927,train,remove,C1_transformed,gsmplus_problem_understanding
pairs_arith_v2.csv,8299,arithmetic,gsm8k_test_0927,train,retain,H2_same_template,gsmplus_critical_thinking
pairs_arith_v2.csv,8300,arithmetic,gsm8k_test_0927,train,retain,H1_same_topic,svamp
pairs_arith_v2.csv,8301,arithmetic,gsm8k_test_0927,train,retain,H3_predating,asdiv
pairs_arith_v2.csv,8302,arithmetic,gsm8k_test_0927,train,retain,R_random,truthfulqa
pairs_arith_v2.csv,8312,arithmetic,gsm8k_test_0929,train,remove,C0_exact,gsm8k_copy
pairs_arith_v2.csv,8313,arithmetic,gsm8k_test_0929,train,remove,C1_transformed,lmsys_rephrase
pairs_arith_v2.csv,8314,arithmetic,gsm8k_test_0929,train,remove,C2_answer_bearing,gsm8k_solution_frag
pairs_arith_v2.csv,8315,arithmetic,gsm8k_test_0929,train,retain,H2_same_template,gsmplus_numerical_substitution
pairs_arith_v2.csv,8316,arithmetic,gsm8k_test_0929,train,remove,C1_transformed,gsmplus_problem_understanding
pairs_arith_v2.csv,8317,arithmetic,gsm8k_test_0929,train,retain,H2_same_template,gsmplus_critical_thinking
pairs_arith_v2.csv,8318,arithmetic,gsm8k_test_0929,train,retain,H1_same_topic,svamp
pairs_arith_v2.csv,8319,arithmetic,gsm8k_test_0929,train,retain,H3_predating,asdiv
pairs_arith_v2.csv,8320,arithmetic,gsm8k_test_0929,train,retain,R_random,truthfulqa
pairs_arith_v2.csv,8366,arithmetic,gsm8k_test_0935,train,remove,C0_exact,gsm8k_copy
pairs_arith_v2.csv,8367,arithmetic,gsm8k_test_0935,train,remove,C1_transformed,lmsys_rephrase
pairs_arith_v2.csv,8368,arithmetic,gsm8k_test_0935,train,remove,C2_answer_bearing,gsm8k_solution_frag
pairs_arith_v2.csv,8369,arithmetic,gsm8k_test_0935,train,retain,H2_same_template,gsmplus_numerical_substitution
pairs_arith_v2.csv,8370,arithmetic,gsm8k_test_0935,train,remove,C1_transformed,gsmplus_problem_understanding
pairs_arith_v2.csv,8371,arithmetic,gsm8k_test_0935,train,retain,H2_same_template,gsmplus_critical_thinking
pairs_arith_v2.csv,8372,arithmetic,gsm8k_test_0935,train,retain,H1_same_topic,svamp
pairs_arith_v2.csv,8373,arithmetic,gsm8k_test_0935,train,retain,H3_predating,asdiv
pairs_arith_v2.csv,8374,arithmetic,gsm8k_test_0935,train,retain,R_random,truthfulqa
pairs_arith_v2.csv,8375,arithmetic,gsm8k_test_0936,train,remove,C0_exact,gsm8k_copy
pairs_arith_v2.csv,8376,arithmetic,gsm8k_test_0936,train,remove,C1_transformed,lmsys_rephrase
pairs_arith_v2.csv,8377,arithmetic,gsm8k_test_0936,train,remove,C2_answer_bearing,gsm8k_solution_frag
pairs_arith_v2.csv,8378,arithmetic,gsm8k_test_0936,train,retain,H2_same_template,gsmplus_numerical_substitution
pairs_arith_v2.csv,8379,arithmetic,gsm8k_test_0936,train,remove,C1_transformed,gsmplus_problem_understanding
pairs_arith_v2.csv,8380,arithmetic,gsm8k_test_0936,train,retain,H2_same_template,gsmplus_critical_thinking
pairs_arith_v2.csv,8381,arithmetic,gsm8k_test_0936,train,retain,H1_same_topic,svamp
pairs_arith_v2.csv,8382,arithmetic,gsm8k_test_0936,train,retain,H3_predating,asdiv
pairs_arith_v2.csv,8383,arithmetic,gsm8k_test_0936,train,retain,R_random,truthfulqa
pairs_arith_v2.csv,8393,arithmetic,gsm8k_test_0938,train,remove,C0_exact,gsm8k_copy
pairs_arith_v2.csv,8394,arithmetic,gsm8k_test_0938,train,remove,C1_transformed,lmsys_rephrase
pairs_arith_v2.csv,8395,arithmetic,gsm8k_test_0938,train,remove,C2_answer_bearing,gsm8k_solution_frag
pairs_arith_v2.csv,8396,arithmetic,gsm8k_test_0938,train,retain,H2_same_template,gsmplus_numerical_substitution
pairs_arith_v2.csv,8397,arithmetic,gsm8k_test_0938,train,remove,C1_transformed,gsmplus_problem_understanding
pairs_arith_v2.csv,8398,arithmetic,gsm8k_test_0938,train,retain,H2_same_template,gsmplus_critical_thinking
pairs_arith_v2.csv,8399,arithmetic,gsm8k_test_0938,train,retain,H1_same_topic,svamp
pairs_arith_v2.csv,8400,arithmetic,gsm8k_test_0938,train,retain,H3_predating,asdiv
pairs_arith_v2.csv,8401,arithmetic,gsm8k_test_0938,train,retain,R_random,truthfulqa
pairs_arith_v2.csv,8411,arithmetic,gsm8k_test_0940,train,remove,C0_exact,gsm8k_copy
pairs_arith_v2.csv,8412,arithmetic,gsm8k_test_0940,train,remove,C1_transformed,lmsys_rephrase
pairs_arith_v2.csv,8413,arithmetic,gsm8k_test_0940,train,remove,C2_answer_bearing,gsm8k_solution_frag
pairs_arith_v2.csv,8414,arithmetic,gsm8k_test_0940,train,retain,H2_same_template,gsmplus_numerical_substitution
pairs_arith_v2.csv,8415,arithmetic,gsm8k_test_0940,train,remove,C1_transformed,gsmplus_problem_understanding
pairs_arith_v2.csv,8416,arithmetic,gsm8k_test_0940,train,retain,H2_same_template,gsmplus_critical_thinking
pairs_arith_v2.csv,8417,arithmetic,gsm8k_test_0940,train,retain,H1_same_topic,svamp
pairs_arith_v2.csv,8418,arithmetic,gsm8k_test_0940,train,retain,H3_predating,asdiv
pairs_arith_v2.csv,8419,arithmetic,gsm8k_test_0940,train,retain,R_random,truthfulqa
pairs_arith_v2.csv,8420,arithmetic,gsm8k_test_0941,train,remove,C0_exact,gsm8k_copy
pairs_arith_v2.csv,8421,arithmetic,gsm8k_test_0941,train,remove,C1_transformed,lmsys_rephrase
pairs_arith_v2.csv,8422,arithmetic,gsm8k_test_0941,train,remove,C2_answer_bearing,gsm8k_solution_frag
pairs_arith_v2.csv,8423,arithmetic,gsm8k_test_0941,train,retain,H2_same_template,gsmplus_numerical_substitution
pairs_arith_v2.csv,8424,arithmetic,gsm8k_test_0941,train,remove,C1_transformed,gsmplus_problem_understanding
pairs_arith_v2.csv,8425,arithmetic,gsm8k_test_0941,train,retain,H2_same_template,gsmplus_critical_thinking
pairs_arith_v2.csv,8426,arithmetic,gsm8k_test_0941,train,retain,H1_same_topic,svamp
pairs_arith_v2.csv,8427,arithmetic,gsm8k_test_0941,train,retain,H3_predating,asdiv
pairs_arith_v2.csv,8428,arithmetic,gsm8k_test_0941,train,retain,R_random,truthfulqa
pairs_arith_v2.csv,8482,arithmetic,gsm8k_test_0948,train,remove,C0_exact,gsm8k_copy
pairs_arith_v2.csv,8484,arithmetic,gsm8k_test_0948,train,remove,C2_answer_bearing,gsm8k_solution_frag
pairs_arith_v2.csv,8485,arithmetic,gsm8k_test_0948,train,retain,H2_same_template,gsmplus_numerical_substitution
pairs_arith_v2.csv,8486,arithmetic,gsm8k_test_0948,train,remove,C1_transformed,gsmplus_problem_understanding
pairs_arith_v2.csv,8487,arithmetic,gsm8k_test_0948,train,retain,H2_same_template,gsmplus_critical_thinking
pairs_arith_v2.csv,8488,arithmetic,gsm8k_test_0948,train,retain,H1_same_topic,svamp
pairs_arith_v2.csv,8489,arithmetic,gsm8k_test_0948,train,retain,H3_predating,asdiv
pairs_arith_v2.csv,8490,arithmetic,gsm8k_test_0948,train,retain,R_random,truthfulqa
pairs_arith_v2.csv,8491,arithmetic,gsm8k_test_0949,train,remove,C0_exact,gsm8k_copy
pairs_arith_v2.csv,8492,arithmetic,gsm8k_test_0949,train,remove,C1_transformed,lmsys_rephrase
pairs_arith_v2.csv,8493,arithmetic,gsm8k_test_0949,train,remove,C2_answer_bearing,gsm8k_solution_frag
pairs_arith_v2.csv,8494,arithmetic,gsm8k_test_0949,train,retain,H2_same_template,gsmplus_numerical_substitution
pairs_arith_v2.csv,8495,arithmetic,gsm8k_test_0949,train,remove,C1_transformed,gsmplus_problem_understanding
pairs_arith_v2.csv,8496,arithmetic,gsm8k_test_0949,train,retain,H2_same_template,gsmplus_critical_thinking
pairs_arith_v2.csv,8497,arithmetic,gsm8k_test_0949,train,retain,H1_same_topic,svamp
pairs_arith_v2.csv,8498,arithmetic,gsm8k_test_0949,train,retain,H3_predating,asdiv
pairs_arith_v2.csv,8499,arithmetic,gsm8k_test_0949,train,retain,R_random,truthfulqa
pairs_arith_v2.csv,8509,arithmetic,gsm8k_test_0951,train,remove,C0_exact,gsm8k_copy
pairs_arith_v2.csv,8510,arithmetic,gsm8k_test_0951,train,remove,C1_transformed,lmsys_rephrase
pairs_arith_v2.csv,8511,arithmetic,gsm8k_test_0951,train,remove,C2_answer_bearing,gsm8k_solution_frag
pairs_arith_v2.csv,8512,arithmetic,gsm8k_test_0951,train,retain,H2_same_template,gsmplus_numerical_substitution
pairs_arith_v2.csv,8513,arithmetic,gsm8k_test_0951,train,remove,C1_transformed,gsmplus_problem_understanding
pairs_arith_v2.csv,8514,arithmetic,gsm8k_test_0951,train,retain,H2_same_template,gsmplus_critical_thinking
pairs_arith_v2.csv,8515,arithmetic,gsm8k_test_0951,train,retain,H1_same_topic,svamp
pairs_arith_v2.csv,8516,arithmetic,gsm8k_test_0951,train,retain,H3_predating,asdiv
pairs_arith_v2.csv,8517,arithmetic,gsm8k_test_0951,train,retain,R_random,truthfulqa
pairs_arith_v2.csv,8518,arithmetic,gsm8k_test_0952,train,remove,C0_exact,gsm8k_copy
pairs_arith_v2.csv,8519,arithmetic,gsm8k_test_0952,train,remove,C1_transformed,lmsys_rephrase
pairs_arith_v2.csv,8520,arithmetic,gsm8k_test_0952,train,remove,C2_answer_bearing,gsm8k_solution_frag
pairs_arith_v2.csv,8521,arithmetic,gsm8k_test_0952,train,retain,H2_same_template,gsmplus_numerical_substitution
pairs_arith_v2.csv,8522,arithmetic,gsm8k_test_0952,train,remove,C1_transformed,gsmplus_problem_understanding
pairs_arith_v2.csv,8523,arithmetic,gsm8k_test_0952,train,retain,H2_same_template,gsmplus_critical_thinking
pairs_arith_v2.csv,8524,arithmetic,gsm8k_test_0952,train,retain,H1_same_topic,svamp
pairs_arith_v2.csv,8525,arithmetic,gsm8k_test_0952,train,retain,H3_predating,asdiv
pairs_arith_v2.csv,8526,arithmetic,gsm8k_test_0952,train,retain,R_random,truthfulqa
pairs_arith_v2.csv,8527,arithmetic,gsm8k_test_0953,train,remove,C0_exact,gsm8k_copy
pairs_arith_v2.csv,8528,arithmetic,gsm8k_test_0953,train,remove,C1_transformed,lmsys_rephrase
pairs_arith_v2.csv,8529,arithmetic,gsm8k_test_0953,train,remove,C2_answer_bearing,gsm8k_solution_frag
pairs_arith_v2.csv,8530,arithmetic,gsm8k_test_0953,train,retain,H2_same_template,gsmplus_numerical_substitution
pairs_arith_v2.csv,8531,arithmetic,gsm8k_test_0953,train,remove,C1_transformed,gsmplus_problem_understanding
pairs_arith_v2.csv,8532,arithmetic,gsm8k_test_0953,train,retain,H2_same_template,gsmplus_critical_thinking
pairs_arith_v2.csv,8533,arithmetic,gsm8k_test_0953,train,retain,H1_same_topic,svamp
pairs_arith_v2.csv,8534,arithmetic,gsm8k_test_0953,train,retain,H3_predating,asdiv
pairs_arith_v2.csv,8535,arithmetic,gsm8k_test_0953,train,retain,R_random,truthfulqa
pairs_arith_v2.csv,8554,arithmetic,gsm8k_test_0956,train,remove,C0_exact,gsm8k_copy
pairs_arith_v2.csv,8555,arithmetic,gsm8k_test_0956,train,remove,C1_transformed,lmsys_rephrase
pairs_arith_v2.csv,8556,arithmetic,gsm8k_test_0956,train,remove,C2_answer_bearing,gsm8k_solution_frag
pairs_arith_v2.csv,8557,arithmetic,gsm8k_test_0956,train,retain,H2_same_template,gsmplus_numerical_substitution
pairs_arith_v2.csv,8558,arithmetic,gsm8k_test_0956,train,remove,C1_transformed,gsmplus_problem_understanding
pairs_arith_v2.csv,8559,arithmetic,gsm8k_test_0956,train,retain,H2_same_template,gsmplus_critical_thinking
pairs_arith_v2.csv,8560,arithmetic,gsm8k_test_0956,train,retain,H1_same_topic,svamp
pairs_arith_v2.csv,8561,arithmetic,gsm8k_test_0956,train,retain,H3_predating,asdiv
pairs_arith_v2.csv,8562,arithmetic,gsm8k_test_0956,train,retain,R_random,truthfulqa
pairs_arith_v2.csv,8563,arithmetic,gsm8k_test_0957,train,remove,C0_exact,gsm8k_copy
pairs_arith_v2.csv,8564,arithmetic,gsm8k_test_0957,train,remove,C1_transformed,lmsys_rephrase
pairs_arith_v2.csv,8565,arithmetic,gsm8k_test_0957,train,remove,C2_answer_bearing,gsm8k_solution_frag
pairs_arith_v2.csv,8566,arithmetic,gsm8k_test_0957,train,retain,H2_same_template,gsmplus_numerical_substitution
pairs_arith_v2.csv,8567,arithmetic,gsm8k_test_0957,train,remove,C1_transformed,gsmplus_problem_understanding
pairs_arith_v2.csv,8568,arithmetic,gsm8k_test_0957,train,retain,H2_same_template,gsmplus_critical_thinking
pairs_arith_v2.csv,8569,arithmetic,gsm8k_test_0957,train,retain,H1_same_topic,svamp
pairs_arith_v2.csv,8570,arithmetic,gsm8k_test_0957,train,retain,H3_predating,asdiv
pairs_arith_v2.csv,8571,arithmetic,gsm8k_test_0957,train,retain,R_random,truthfulqa
pairs_arith_v2.csv,8581,arithmetic,gsm8k_test_0959,train,remove,C0_exact,gsm8k_copy
pairs_arith_v2.csv,8582,arithmetic,gsm8k_test_0959,train,remove,C1_transformed,lmsys_rephrase
pairs_arith_v2.csv,8583,arithmetic,gsm8k_test_0959,train,remove,C2_answer_bearing,gsm8k_solution_frag
pairs_arith_v2.csv,8584,arithmetic,gsm8k_test_0959,train,retain,H2_same_template,gsmplus_numerical_substitution
pairs_arith_v2.csv,8585,arithmetic,gsm8k_test_0959,train,remove,C1_transformed,gsmplus_problem_understanding
pairs_arith_v2.csv,8586,arithmetic,gsm8k_test_0959,train,retain,H2_same_template,gsmplus_critical_thinking
pairs_arith_v2.csv,8587,arithmetic,gsm8k_test_0959,train,retain,H1_same_topic,svamp
pairs_arith_v2.csv,8588,arithmetic,gsm8k_test_0959,train,retain,H3_predating,asdiv
pairs_arith_v2.csv,8589,arithmetic,gsm8k_test_0959,train,retain,R_random,truthfulqa
pairs_arith_v2.csv,8590,arithmetic,gsm8k_test_0960,train,remove,C0_exact,gsm8k_copy
pairs_arith_v2.csv,8591,arithmetic,gsm8k_test_0960,train,remove,C1_transformed,lmsys_rephrase
pairs_arith_v2.csv,8592,arithmetic,gsm8k_test_0960,train,remove,C2_answer_bearing,gsm8k_solution_frag
pairs_arith_v2.csv,8593,arithmetic,gsm8k_test_0960,train,retain,H2_same_template,gsmplus_numerical_substitution
pairs_arith_v2.csv,8594,arithmetic,gsm8k_test_0960,train,remove,C1_transformed,gsmplus_problem_understanding
pairs_arith_v2.csv,8595,arithmetic,gsm8k_test_0960,train,retain,H2_same_template,gsmplus_critical_thinking
pairs_arith_v2.csv,8596,arithmetic,gsm8k_test_0960,train,retain,H1_same_topic,svamp
pairs_arith_v2.csv,8597,arithmetic,gsm8k_test_0960,train,retain,H3_predating,asdiv
pairs_arith_v2.csv,8598,arithmetic,gsm8k_test_0960,train,retain,R_random,truthfulqa
pairs_arith_v2.csv,8599,arithmetic,gsm8k_test_0961,train,remove,C0_exact,gsm8k_copy
pairs_arith_v2.csv,8600,arithmetic,gsm8k_test_0961,train,remove,C1_transformed,lmsys_rephrase
pairs_arith_v2.csv,8601,arithmetic,gsm8k_test_0961,train,remove,C2_answer_bearing,gsm8k_solution_frag
pairs_arith_v2.csv,8602,arithmetic,gsm8k_test_0961,train,retain,H2_same_template,gsmplus_numerical_substitution
pairs_arith_v2.csv,8603,arithmetic,gsm8k_test_0961,train,remove,C1_transformed,gsmplus_problem_understanding
pairs_arith_v2.csv,8604,arithmetic,gsm8k_test_0961,train,retain,H2_same_template,gsmplus_critical_thinking
pairs_arith_v2.csv,8605,arithmetic,gsm8k_test_0961,train,retain,H1_same_topic,svamp
pairs_arith_v2.csv,8606,arithmetic,gsm8k_test_0961,train,retain,H3_predating,asdiv
pairs_arith_v2.csv,8607,arithmetic,gsm8k_test_0961,train,retain,R_random,truthfulqa
pairs_arith_v2.csv,8608,arithmetic,gsm8k_test_0962,train,remove,C0_exact,gsm8k_copy
pairs_arith_v2.csv,8609,arithmetic,gsm8k_test_0962,train,remove,C1_transformed,lmsys_rephrase
pairs_arith_v2.csv,8610,arithmetic,gsm8k_test_0962,train,remove,C2_answer_bearing,gsm8k_solution_frag
pairs_arith_v2.csv,8611,arithmetic,gsm8k_test_0962,train,retain,H2_same_template,gsmplus_numerical_substitution
pairs_arith_v2.csv,8612,arithmetic,gsm8k_test_0962,train,remove,C1_transformed,gsmplus_problem_understanding
pairs_arith_v2.csv,8613,arithmetic,gsm8k_test_0962,train,retain,H2_same_template,gsmplus_critical_thinking
pairs_arith_v2.csv,8614,arithmetic,gsm8k_test_0962,train,retain,H1_same_topic,svamp
pairs_arith_v2.csv,8615,arithmetic,gsm8k_test_0962,train,retain,H3_predating,asdiv
pairs_arith_v2.csv,8616,arithmetic,gsm8k_test_0962,train,retain,R_random,truthfulqa
pairs_arith_v2.csv,8617,arithmetic,gsm8k_test_0963,train,remove,C0_exact,gsm8k_copy
pairs_arith_v2.csv,8618,arithmetic,gsm8k_test_0963,train,remove,C1_transformed,lmsys_rephrase
pairs_arith_v2.csv,8619,arithmetic,gsm8k_test_0963,train,remove,C2_answer_bearing,gsm8k_solution_frag
pairs_arith_v2.csv,8620,arithmetic,gsm8k_test_0963,train,retain,H2_same_template,gsmplus_numerical_substitution
pairs_arith_v2.csv,8621,arithmetic,gsm8k_test_0963,train,remove,C1_transformed,gsmplus_problem_understanding
pairs_arith_v2.csv,8622,arithmetic,gsm8k_test_0963,train,retain,H2_same_template,gsmplus_critical_thinking
pairs_arith_v2.csv,8623,arithmetic,gsm8k_test_0963,train,retain,H1_same_topic,svamp
pairs_arith_v2.csv,8624,arithmetic,gsm8k_test_0963,train,retain,H3_predating,asdiv
pairs_arith_v2.csv,8625,arithmetic,gsm8k_test_0963,train,retain,R_random,truthfulqa
pairs_arith_v2.csv,8626,arithmetic,gsm8k_test_0964,train,remove,C0_exact,gsm8k_copy
pairs_arith_v2.csv,8627,arithmetic,gsm8k_test_0964,train,remove,C1_transformed,lmsys_rephrase
pairs_arith_v2.csv,8628,arithmetic,gsm8k_test_0964,train,remove,C2_answer_bearing,gsm8k_solution_frag
pairs_arith_v2.csv,8629,arithmetic,gsm8k_test_0964,train,retain,H2_same_template,gsmplus_numerical_substitution
pairs_arith_v2.csv,8630,arithmetic,gsm8k_test_0964,train,remove,C1_transformed,gsmplus_problem_understanding
pairs_arith_v2.csv,8631,arithmetic,gsm8k_test_0964,train,retain,H2_same_template,gsmplus_critical_thinking
pairs_arith_v2.csv,8632,arithmetic,gsm8k_test_0964,train,retain,H1_same_topic,svamp
pairs_arith_v2.csv,8633,arithmetic,gsm8k_test_0964,train,retain,H3_predating,asdiv
pairs_arith_v2.csv,8634,arithmetic,gsm8k_test_0964,train,retain,R_random,truthfulqa
pairs_arith_v2.csv,8644,arithmetic,gsm8k_test_0966,train,remove,C0_exact,gsm8k_copy
pairs_arith_v2.csv,8645,arithmetic,gsm8k_test_0966,train,remove,C1_transformed,lmsys_rephrase
pairs_arith_v2.csv,8646,arithmetic,gsm8k_test_0966,train,remove,C2_answer_bearing,gsm8k_solution_frag
pairs_arith_v2.csv,8647,arithmetic,gsm8k_test_0966,train,retain,H2_same_template,gsmplus_numerical_substitution
pairs_arith_v2.csv,8648,arithmetic,gsm8k_test_0966,train,remove,C1_transformed,gsmplus_problem_understanding
pairs_arith_v2.csv,8649,arithmetic,gsm8k_test_0966,train,retain,H2_same_template,gsmplus_critical_thinking
pairs_arith_v2.csv,8650,arithmetic,gsm8k_test_0966,train,retain,H1_same_topic,svamp
pairs_arith_v2.csv,8651,arithmetic,gsm8k_test_0966,train,retain,H3_predating,asdiv
pairs_arith_v2.csv,8652,arithmetic,gsm8k_test_0966,train,retain,R_random,truthfulqa
pairs_arith_v2.csv,8671,arithmetic,gsm8k_test_0969,train,remove,C0_exact,gsm8k_copy
pairs_arith_v2.csv,8672,arithmetic,gsm8k_test_0969,train,remove,C1_transformed,lmsys_rephrase
pairs_arith_v2.csv,8673,arithmetic,gsm8k_test_0969,train,remove,C2_answer_bearing,gsm8k_solution_frag
pairs_arith_v2.csv,8674,arithmetic,gsm8k_test_0969,train,retain,H2_same_template,gsmplus_numerical_substitution
pairs_arith_v2.csv,8675,arithmetic,gsm8k_test_0969,train,remove,C1_transformed,gsmplus_problem_understanding
pairs_arith_v2.csv,8676,arithmetic,gsm8k_test_0969,train,retain,H2_same_template,gsmplus_critical_thinking
pairs_arith_v2.csv,8677,arithmetic,gsm8k_test_0969,train,retain,H1_same_topic,svamp
pairs_arith_v2.csv,8678,arithmetic,gsm8k_test_0969,train,retain,H3_predating,asdiv
pairs_arith_v2.csv,8679,arithmetic,gsm8k_test_0969,train,retain,R_random,truthfulqa
pairs_arith_v2.csv,8716,arithmetic,gsm8k_test_0974,train,remove,C0_exact,gsm8k_copy
pairs_arith_v2.csv,8717,arithmetic,gsm8k_test_0974,train,remove,C1_transformed,lmsys_rephrase
pairs_arith_v2.csv,8718,arithmetic,gsm8k_test_0974,train,remove,C2_answer_bearing,gsm8k_solution_frag
pairs_arith_v2.csv,8719,arithmetic,gsm8k_test_0974,train,remove,C1_transformed,gsmplus_problem_understanding
pairs_arith_v2.csv,8720,arithmetic,gsm8k_test_0974,train,retain,H2_same_template,gsmplus_critical_thinking
pairs_arith_v2.csv,8721,arithmetic,gsm8k_test_0974,train,retain,H1_same_topic,svamp
pairs_arith_v2.csv,8722,arithmetic,gsm8k_test_0974,train,retain,H3_predating,asdiv
pairs_arith_v2.csv,8723,arithmetic,gsm8k_test_0974,train,retain,R_random,truthfulqa
pairs_arith_v2.csv,8732,arithmetic,gsm8k_test_0976,train,remove,C0_exact,gsm8k_copy
pairs_arith_v2.csv,8733,arithmetic,gsm8k_test_0976,train,remove,C1_transformed,lmsys_rephrase
pairs_arith_v2.csv,8734,arithmetic,gsm8k_test_0976,train,remove,C2_answer_bearing,gsm8k_solution_frag
pairs_arith_v2.csv,8735,arithmetic,gsm8k_test_0976,train,retain,H2_same_template,gsmplus_numerical_substitution
pairs_arith_v2.csv,8736,arithmetic,gsm8k_test_0976,train,remove,C1_transformed,gsmplus_problem_understanding
pairs_arith_v2.csv,8737,arithmetic,gsm8k_test_0976,train,retain,H2_same_template,gsmplus_critical_thinking
pairs_arith_v2.csv,8738,arithmetic,gsm8k_test_0976,train,retain,H1_same_topic,svamp
pairs_arith_v2.csv,8739,arithmetic,gsm8k_test_0976,train,retain,H3_predating,asdiv
pairs_arith_v2.csv,8740,arithmetic,gsm8k_test_0976,train,retain,R_random,truthfulqa
pairs_arith_v2.csv,8741,arithmetic,gsm8k_test_0977,train,remove,C0_exact,gsm8k_copy
pairs_arith_v2.csv,8742,arithmetic,gsm8k_test_0977,train,remove,C1_transformed,lmsys_rephrase
pairs_arith_v2.csv,8743,arithmetic,gsm8k_test_0977,train,remove,C2_answer_bearing,gsm8k_solution_frag
pairs_arith_v2.csv,8744,arithmetic,gsm8k_test_0977,train,retain,H2_same_template,gsmplus_numerical_substitution
pairs_arith_v2.csv,8745,arithmetic,gsm8k_test_0977,train,remove,C1_transformed,gsmplus_problem_understanding
pairs_arith_v2.csv,8746,arithmetic,gsm8k_test_0977,train,retain,H2_same_template,gsmplus_critical_thinking
pairs_arith_v2.csv,8747,arithmetic,gsm8k_test_0977,train,retain,H1_same_topic,svamp
pairs_arith_v2.csv,8748,arithmetic,gsm8k_test_0977,train,retain,H3_predating,asdiv
pairs_arith_v2.csv,8749,arithmetic,gsm8k_test_0977,train,retain,R_random,truthfulqa
pairs_arith_v2.csv,8750,arithmetic,gsm8k_test_0978,train,remove,C0_exact,gsm8k_copy
pairs_arith_v2.csv,8751,arithmetic,gsm8k_test_0978,train,remove,C1_transformed,lmsys_rephrase
pairs_arith_v2.csv,8752,arithmetic,gsm8k_test_0978,train,remove,C2_answer_bearing,gsm8k_solution_frag
pairs_arith_v2.csv,8753,arithmetic,gsm8k_test_0978,train,retain,H2_same_template,gsmplus_numerical_substitution
pairs_arith_v2.csv,8754,arithmetic,gsm8k_test_0978,train,remove,C1_transformed,gsmplus_problem_understanding
pairs_arith_v2.csv,8755,arithmetic,gsm8k_test_0978,train,retain,H2_same_template,gsmplus_critical_thinking
pairs_arith_v2.csv,8756,arithmetic,gsm8k_test_0978,train,retain,H1_same_topic,svamp
pairs_arith_v2.csv,8757,arithmetic,gsm8k_test_0978,train,retain,H3_predating,asdiv
pairs_arith_v2.csv,8758,arithmetic,gsm8k_test_0978,train,retain,R_random,truthfulqa
pairs_arith_v2.csv,8812,arithmetic,gsm8k_test_0985,train,remove,C0_exact,gsm8k_copy
pairs_arith_v2.csv,8813,arithmetic,gsm8k_test_0985,train,remove,C1_transformed,lmsys_rephrase
pairs_arith_v2.csv,8814,arithmetic,gsm8k_test_0985,train,remove,C2_answer_bearing,gsm8k_solution_frag
pairs_arith_v2.csv,8815,arithmetic,gsm8k_test_0985,train,retain,H2_same_template,gsmplus_numerical_substitution
pairs_arith_v2.csv,8816,arithmetic,gsm8k_test_0985,train,remove,C1_transformed,gsmplus_problem_understanding
pairs_arith_v2.csv,8817,arithmetic,gsm8k_test_0985,train,retain,H2_same_template,gsmplus_critical_thinking
pairs_arith_v2.csv,8818,arithmetic,gsm8k_test_0985,train,retain,H1_same_topic,svamp
pairs_arith_v2.csv,8819,arithmetic,gsm8k_test_0985,train,retain,H3_predating,asdiv
pairs_arith_v2.csv,8820,arithmetic,gsm8k_test_0985,train,retain,R_random,truthfulqa
pairs_arith_v2.csv,8839,arithmetic,gsm8k_test_0988,train,remove,C0_exact,gsm8k_copy
pairs_arith_v2.csv,8840,arithmetic,gsm8k_test_0988,train,remove,C1_transformed,lmsys_rephrase
pairs_arith_v2.csv,8841,arithmetic,gsm8k_test_0988,train,remove,C2_answer_bearing,gsm8k_solution_frag
pairs_arith_v2.csv,8842,arithmetic,gsm8k_test_0988,train,retain,H2_same_template,gsmplus_numerical_substitution
pairs_arith_v2.csv,8843,arithmetic,gsm8k_test_0988,train,remove,C1_transformed,gsmplus_problem_understanding
pairs_arith_v2.csv,8844,arithmetic,gsm8k_test_0988,train,retain,H2_same_template,gsmplus_critical_thinking
pairs_arith_v2.csv,8845,arithmetic,gsm8k_test_0988,train,retain,H1_same_topic,svamp
pairs_arith_v2.csv,8846,arithmetic,gsm8k_test_0988,train,retain,H3_predating,asdiv
pairs_arith_v2.csv,8847,arithmetic,gsm8k_test_0988,train,retain,R_random,truthfulqa
pairs_arith_v2.csv,8848,arithmetic,gsm8k_test_0989,train,remove,C0_exact,gsm8k_copy
pairs_arith_v2.csv,8849,arithmetic,gsm8k_test_0989,train,remove,C1_transformed,lmsys_rephrase
pairs_arith_v2.csv,8850,arithmetic,gsm8k_test_0989,train,remove,C2_answer_bearing,gsm8k_solution_frag
pairs_arith_v2.csv,8851,arithmetic,gsm8k_test_0989,train,retain,H2_same_template,gsmplus_numerical_substitution
pairs_arith_v2.csv,8852,arithmetic,gsm8k_test_0989,train,remove,C1_transformed,gsmplus_problem_understanding
pairs_arith_v2.csv,8853,arithmetic,gsm8k_test_0989,train,retain,H2_same_template,gsmplus_critical_thinking
pairs_arith_v2.csv,8854,arithmetic,gsm8k_test_0989,train,retain,H1_same_topic,svamp
pairs_arith_v2.csv,8855,arithmetic,gsm8k_test_0989,train,retain,H3_predating,asdiv
pairs_arith_v2.csv,8856,arithmetic,gsm8k_test_0989,train,retain,R_random,truthfulqa
pairs_arith_v2.csv,8857,arithmetic,gsm8k_test_0990,train,remove,C0_exact,gsm8k_copy
pairs_arith_v2.csv,8858,arithmetic,gsm8k_test_0990,train,remove,C1_transformed,lmsys_rephrase
pairs_arith_v2.csv,8859,arithmetic,gsm8k_test_0990,train,remove,C2_answer_bearing,gsm8k_solution_frag
pairs_arith_v2.csv,8860,arithmetic,gsm8k_test_0990,train,retain,H2_same_template,gsmplus_numerical_substitution
pairs_arith_v2.csv,8861,arithmetic,gsm8k_test_0990,train,remove,C1_transformed,gsmplus_problem_understanding
pairs_arith_v2.csv,8862,arithmetic,gsm8k_test_0990,train,retain,H2_same_template,gsmplus_critical_thinking
pairs_arith_v2.csv,8863,arithmetic,gsm8k_test_0990,train,retain,H1_same_topic,svamp
pairs_arith_v2.csv,8864,arithmetic,gsm8k_test_0990,train,retain,H3_predating,asdiv
pairs_arith_v2.csv,8865,arithmetic,gsm8k_test_0990,train,retain,R_random,truthfulqa
pairs_arith_v2.csv,8866,arithmetic,gsm8k_test_0991,train,remove,C0_exact,gsm8k_copy
pairs_arith_v2.csv,8867,arithmetic,gsm8k_test_0991,train,remove,C1_transformed,lmsys_rephrase
pairs_arith_v2.csv,8868,arithmetic,gsm8k_test_0991,train,remove,C2_answer_bearing,gsm8k_solution_frag
pairs_arith_v2.csv,8869,arithmetic,gsm8k_test_0991,train,retain,H2_same_template,gsmplus_numerical_substitution
pairs_arith_v2.csv,8870,arithmetic,gsm8k_test_0991,train,remove,C1_transformed,gsmplus_problem_understanding
pairs_arith_v2.csv,8871,arithmetic,gsm8k_test_0991,train,retain,H2_same_template,gsmplus_critical_thinking
pairs_arith_v2.csv,8872,arithmetic,gsm8k_test_0991,train,retain,H1_same_topic,svamp
pairs_arith_v2.csv,8873,arithmetic,gsm8k_test_0991,train,retain,H3_predating,asdiv
pairs_arith_v2.csv,8874,arithmetic,gsm8k_test_0991,train,retain,R_random,truthfulqa
pairs_arith_v2.csv,8884,arithmetic,gsm8k_test_0993,train,remove,C0_exact,gsm8k_copy
pairs_arith_v2.csv,8885,arithmetic,gsm8k_test_0993,train,remove,C1_transformed,lmsys_rephrase
pairs_arith_v2.csv,8886,arithmetic,gsm8k_test_0993,train,remove,C2_answer_bearing,gsm8k_solution_frag
pairs_arith_v2.csv,8887,arithmetic,gsm8k_test_0993,train,retain,H2_same_template,gsmplus_numerical_substitution
pairs_arith_v2.csv,8888,arithmetic,gsm8k_test_0993,train,remove,C1_transformed,gsmplus_problem_understanding
pairs_arith_v2.csv,8889,arithmetic,gsm8k_test_0993,train,retain,H2_same_template,gsmplus_critical_thinking
pairs_arith_v2.csv,8890,arithmetic,gsm8k_test_0993,train,retain,H1_same_topic,svamp
pairs_arith_v2.csv,8891,arithmetic,gsm8k_test_0993,train,retain,H3_predating,asdiv
pairs_arith_v2.csv,8892,arithmetic,gsm8k_test_0993,train,retain,R_random,truthfulqa
pairs_arith_v2.csv,8902,arithmetic,gsm8k_test_0995,train,remove,C0_exact,gsm8k_copy
pairs_arith_v2.csv,8903,arithmetic,gsm8k_test_0995,train,remove,C1_transformed,lmsys_rephrase
pairs_arith_v2.csv,8904,arithmetic,gsm8k_test_0995,train,remove,C2_answer_bearing,gsm8k_solution_frag
pairs_arith_v2.csv,8905,arithmetic,gsm8k_test_0995,train,retain,H2_same_template,gsmplus_numerical_substitution
pairs_arith_v2.csv,8906,arithmetic,gsm8k_test_0995,train,remove,C1_transformed,gsmplus_problem_understanding
pairs_arith_v2.csv,8907,arithmetic,gsm8k_test_0995,train,retain,H2_same_template,gsmplus_critical_thinking
pairs_arith_v2.csv,8908,arithmetic,gsm8k_test_0995,train,retain,H1_same_topic,svamp
pairs_arith_v2.csv,8909,arithmetic,gsm8k_test_0995,train,retain,H3_predating,asdiv
pairs_arith_v2.csv,8910,arithmetic,gsm8k_test_0995,train,retain,R_random,truthfulqa
pairs_arith_v2.csv,8919,arithmetic,gsm8k_test_0997,train,remove,C0_exact,gsm8k_copy
pairs_arith_v2.csv,8920,arithmetic,gsm8k_test_0997,train,remove,C1_transformed,lmsys_rephrase
pairs_arith_v2.csv,8921,arithmetic,gsm8k_test_0997,train,remove,C2_answer_bearing,gsm8k_solution_frag
pairs_arith_v2.csv,8922,arithmetic,gsm8k_test_0997,train,retain,H2_same_template,gsmplus_numerical_substitution
pairs_arith_v2.csv,8923,arithmetic,gsm8k_test_0997,train,remove,C1_transformed,gsmplus_problem_understanding
pairs_arith_v2.csv,8924,arithmetic,gsm8k_test_0997,train,retain,H2_same_template,gsmplus_critical_thinking
pairs_arith_v2.csv,8925,arithmetic,gsm8k_test_0997,train,retain,H1_same_topic,svamp
pairs_arith_v2.csv,8926,arithmetic,gsm8k_test_0997,train,retain,H3_predating,asdiv
pairs_arith_v2.csv,8927,arithmetic,gsm8k_test_0997,train,retain,R_random,truthfulqa
pairs_arith_v2.csv,8955,arithmetic,gsm8k_test_1001,train,remove,C0_exact,gsm8k_copy
pairs_arith_v2.csv,8956,arithmetic,gsm8k_test_1001,train,remove,C1_transformed,lmsys_rephrase
pairs_arith_v2.csv,8957,arithmetic,gsm8k_test_1001,train,remove,C2_answer_bearing,gsm8k_solution_frag
pairs_arith_v2.csv,8958,arithmetic,gsm8k_test_1001,train,retain,H2_same_template,gsmplus_numerical_substitution
pairs_arith_v2.csv,8959,arithmetic,gsm8k_test_1001,train,remove,C1_transformed,gsmplus_problem_understanding
pairs_arith_v2.csv,8960,arithmetic,gsm8k_test_1001,train,retain,H2_same_template,gsmplus_critical_thinking
pairs_arith_v2.csv,8961,arithmetic,gsm8k_test_1001,train,retain,H1_same_topic,svamp
pairs_arith_v2.csv,8962,arithmetic,gsm8k_test_1001,train,retain,H3_predating,asdiv
pairs_arith_v2.csv,8963,arithmetic,gsm8k_test_1001,train,retain,R_random,truthfulqa
pairs_arith_v2.csv,8999,arithmetic,gsm8k_test_1006,train,remove,C0_exact,gsm8k_copy
pairs_arith_v2.csv,9000,arithmetic,gsm8k_test_1006,train,remove,C1_transformed,lmsys_rephrase
pairs_arith_v2.csv,9001,arithmetic,gsm8k_test_1006,train,remove,C2_answer_bearing,gsm8k_solution_frag
pairs_arith_v2.csv,9002,arithmetic,gsm8k_test_1006,train,retain,H2_same_template,gsmplus_numerical_substitution
pairs_arith_v2.csv,9003,arithmetic,gsm8k_test_1006,train,remove,C1_transformed,gsmplus_problem_understanding
pairs_arith_v2.csv,9004,arithmetic,gsm8k_test_1006,train,retain,H2_same_template,gsmplus_critical_thinking
pairs_arith_v2.csv,9005,arithmetic,gsm8k_test_1006,train,retain,H1_same_topic,svamp
pairs_arith_v2.csv,9006,arithmetic,gsm8k_test_1006,train,retain,H3_predating,asdiv
pairs_arith_v2.csv,9007,arithmetic,gsm8k_test_1006,train,retain,R_random,truthfulqa
pairs_arith_v2.csv,9062,arithmetic,gsm8k_test_1013,train,remove,C0_exact,gsm8k_copy
pairs_arith_v2.csv,9063,arithmetic,gsm8k_test_1013,train,remove,C1_transformed,lmsys_rephrase
pairs_arith_v2.csv,9064,arithmetic,gsm8k_test_1013,train,remove,C2_answer_bearing,gsm8k_solution_frag
pairs_arith_v2.csv,9065,arithmetic,gsm8k_test_1013,train,retain,H2_same_template,gsmplus_numerical_substitution
pairs_arith_v2.csv,9066,arithmetic,gsm8k_test_1013,train,remove,C1_transformed,gsmplus_problem_understanding
pairs_arith_v2.csv,9067,arithmetic,gsm8k_test_1013,train,retain,H2_same_template,gsmplus_critical_thinking
pairs_arith_v2.csv,9068,arithmetic,gsm8k_test_1013,train,retain,H1_same_topic,svamp
pairs_arith_v2.csv,9069,arithmetic,gsm8k_test_1013,train,retain,H3_predating,asdiv
pairs_arith_v2.csv,9070,arithmetic,gsm8k_test_1013,train,retain,R_random,truthfulqa
pairs_arith_v2.csv,9116,arithmetic,gsm8k_test_1019,train,remove,C0_exact,gsm8k_copy
pairs_arith_v2.csv,9117,arithmetic,gsm8k_test_1019,train,remove,C1_transformed,lmsys_rephrase
pairs_arith_v2.csv,9118,arithmetic,gsm8k_test_1019,train,remove,C2_answer_bearing,gsm8k_solution_frag
pairs_arith_v2.csv,9119,arithmetic,gsm8k_test_1019,train,retain,H2_same_template,gsmplus_numerical_substitution
pairs_arith_v2.csv,9120,arithmetic,gsm8k_test_1019,train,remove,C1_transformed,gsmplus_problem_understanding
pairs_arith_v2.csv,9121,arithmetic,gsm8k_test_1019,train,retain,H2_same_template,gsmplus_critical_thinking
pairs_arith_v2.csv,9122,arithmetic,gsm8k_test_1019,train,retain,H1_same_topic,svamp
pairs_arith_v2.csv,9123,arithmetic,gsm8k_test_1019,train,retain,H3_predating,asdiv
pairs_arith_v2.csv,9124,arithmetic,gsm8k_test_1019,train,retain,R_random,truthfulqa
pairs_arith_v2.csv,9161,arithmetic,gsm8k_test_1024,train,remove,C0_exact,gsm8k_copy
pairs_arith_v2.csv,9162,arithmetic,gsm8k_test_1024,train,remove,C1_transformed,lmsys_rephrase
pairs_arith_v2.csv,9163,arithmetic,gsm8k_test_1024,train,remove,C2_answer_bearing,gsm8k_solution_frag
pairs_arith_v2.csv,9164,arithmetic,gsm8k_test_1024,train,retain,H2_same_template,gsmplus_numerical_substitution
pairs_arith_v2.csv,9165,arithmetic,gsm8k_test_1024,train,remove,C1_transformed,gsmplus_problem_understanding
pairs_arith_v2.csv,9166,arithmetic,gsm8k_test_1024,train,retain,H2_same_template,gsmplus_critical_thinking
pairs_arith_v2.csv,9167,arithmetic,gsm8k_test_1024,train,retain,H1_same_topic,svamp
pairs_arith_v2.csv,9168,arithmetic,gsm8k_test_1024,train,retain,H3_predating,asdiv
pairs_arith_v2.csv,9169,arithmetic,gsm8k_test_1024,train,retain,R_random,truthfulqa
pairs_arith_v2.csv,9179,arithmetic,gsm8k_test_1026,train,remove,C0_exact,gsm8k_copy
pairs_arith_v2.csv,9180,arithmetic,gsm8k_test_1026,train,remove,C1_transformed,lmsys_rephrase
pairs_arith_v2.csv,9181,arithmetic,gsm8k_test_1026,train,remove,C2_answer_bearing,gsm8k_solution_frag
pairs_arith_v2.csv,9182,arithmetic,gsm8k_test_1026,train,retain,H2_same_template,gsmplus_numerical_substitution
pairs_arith_v2.csv,9183,arithmetic,gsm8k_test_1026,train,remove,C1_transformed,gsmplus_problem_understanding
pairs_arith_v2.csv,9184,arithmetic,gsm8k_test_1026,train,retain,H2_same_template,gsmplus_critical_thinking
pairs_arith_v2.csv,9185,arithmetic,gsm8k_test_1026,train,retain,H1_same_topic,svamp
pairs_arith_v2.csv,9186,arithmetic,gsm8k_test_1026,train,retain,H3_predating,asdiv
pairs_arith_v2.csv,9187,arithmetic,gsm8k_test_1026,train,retain,R_random,truthfulqa
pairs_arith_v2.csv,9206,arithmetic,gsm8k_test_1029,train,remove,C0_exact,gsm8k_copy
pairs_arith_v2.csv,9207,arithmetic,gsm8k_test_1029,train,remove,C1_transformed,lmsys_rephrase
pairs_arith_v2.csv,9208,arithmetic,gsm8k_test_1029,train,remove,C2_answer_bearing,gsm8k_solution_frag
pairs_arith_v2.csv,9209,arithmetic,gsm8k_test_1029,train,retain,H2_same_template,gsmplus_numerical_substitution
pairs_arith_v2.csv,9210,arithmetic,gsm8k_test_1029,train,remove,C1_transformed,gsmplus_problem_understanding
pairs_arith_v2.csv,9211,arithmetic,gsm8k_test_1029,train,retain,H2_same_template,gsmplus_critical_thinking
pairs_arith_v2.csv,9212,arithmetic,gsm8k_test_1029,train,retain,H1_same_topic,svamp
pairs_arith_v2.csv,9213,arithmetic,gsm8k_test_1029,train,retain,H3_predating,asdiv
pairs_arith_v2.csv,9214,arithmetic,gsm8k_test_1029,train,retain,R_random,truthfulqa
pairs_arith_v2.csv,9215,arithmetic,gsm8k_test_1030,train,remove,C0_exact,gsm8k_copy
pairs_arith_v2.csv,9216,arithmetic,gsm8k_test_1030,train,remove,C1_transformed,lmsys_rephrase
pairs_arith_v2.csv,9217,arithmetic,gsm8k_test_1030,train,remove,C2_answer_bearing,gsm8k_solution_frag
pairs_arith_v2.csv,9218,arithmetic,gsm8k_test_1030,train,retain,H2_same_template,gsmplus_numerical_substitution
pairs_arith_v2.csv,9219,arithmetic,gsm8k_test_1030,train,remove,C1_transformed,gsmplus_problem_understanding
pairs_arith_v2.csv,9220,arithmetic,gsm8k_test_1030,train,retain,H2_same_template,gsmplus_critical_thinking
pairs_arith_v2.csv,9221,arithmetic,gsm8k_test_1030,train,retain,H1_same_topic,svamp
pairs_arith_v2.csv,9222,arithmetic,gsm8k_test_1030,train,retain,H3_predating,asdiv
pairs_arith_v2.csv,9223,arithmetic,gsm8k_test_1030,train,retain,R_random,truthfulqa
pairs_arith_v2.csv,9224,arithmetic,gsm8k_test_1031,train,remove,C0_exact,gsm8k_copy
pairs_arith_v2.csv,9225,arithmetic,gsm8k_test_1031,train,remove,C1_transformed,lmsys_rephrase
pairs_arith_v2.csv,9226,arithmetic,gsm8k_test_1031,train,remove,C2_answer_bearing,gsm8k_solution_frag
pairs_arith_v2.csv,9227,arithmetic,gsm8k_test_1031,train,retain,H2_same_template,gsmplus_numerical_substitution
pairs_arith_v2.csv,9228,arithmetic,gsm8k_test_1031,train,remove,C1_transformed,gsmplus_problem_understanding
pairs_arith_v2.csv,9229,arithmetic,gsm8k_test_1031,train,retain,H2_same_template,gsmplus_critical_thinking
pairs_arith_v2.csv,9230,arithmetic,gsm8k_test_1031,train,retain,H1_same_topic,svamp
pairs_arith_v2.csv,9231,arithmetic,gsm8k_test_1031,train,retain,H3_predating,asdiv
pairs_arith_v2.csv,9232,arithmetic,gsm8k_test_1031,train,retain,R_random,truthfulqa
pairs_arith_v2.csv,9260,arithmetic,gsm8k_test_1035,train,remove,C0_exact,gsm8k_copy
pairs_arith_v2.csv,9261,arithmetic,gsm8k_test_1035,train,remove,C1_transformed,lmsys_rephrase
pairs_arith_v2.csv,9262,arithmetic,gsm8k_test_1035,train,remove,C2_answer_bearing,gsm8k_solution_frag
pairs_arith_v2.csv,9263,arithmetic,gsm8k_test_1035,train,retain,H2_same_template,gsmplus_numerical_substitution
pairs_arith_v2.csv,9264,arithmetic,gsm8k_test_1035,train,remove,C1_transformed,gsmplus_problem_understanding
pairs_arith_v2.csv,9265,arithmetic,gsm8k_test_1035,train,retain,H2_same_template,gsmplus_critical_thinking
pairs_arith_v2.csv,9266,arithmetic,gsm8k_test_1035,train,retain,H1_same_topic,svamp
pairs_arith_v2.csv,9267,arithmetic,gsm8k_test_1035,train,retain,H3_predating,asdiv
pairs_arith_v2.csv,9268,arithmetic,gsm8k_test_1035,train,retain,R_random,truthfulqa
pairs_arith_v2.csv,9269,arithmetic,gsm8k_test_1036,train,remove,C0_exact,gsm8k_copy
pairs_arith_v2.csv,9270,arithmetic,gsm8k_test_1036,train,remove,C1_transformed,lmsys_rephrase
pairs_arith_v2.csv,9271,arithmetic,gsm8k_test_1036,train,remove,C2_answer_bearing,gsm8k_solution_frag
pairs_arith_v2.csv,9272,arithmetic,gsm8k_test_1036,train,retain,H2_same_template,gsmplus_numerical_substitution
pairs_arith_v2.csv,9273,arithmetic,gsm8k_test_1036,train,remove,C1_transformed,gsmplus_problem_understanding
pairs_arith_v2.csv,9274,arithmetic,gsm8k_test_1036,train,retain,H2_same_template,gsmplus_critical_thinking
pairs_arith_v2.csv,9275,arithmetic,gsm8k_test_1036,train,retain,H1_same_topic,svamp
pairs_arith_v2.csv,9276,arithmetic,gsm8k_test_1036,train,retain,H3_predating,asdiv
pairs_arith_v2.csv,9277,arithmetic,gsm8k_test_1036,train,retain,R_random,truthfulqa
pairs_arith_v2.csv,9296,arithmetic,gsm8k_test_1039,train,remove,C0_exact,gsm8k_copy
pairs_arith_v2.csv,9297,arithmetic,gsm8k_test_1039,train,remove,C1_transformed,lmsys_rephrase
pairs_arith_v2.csv,9298,arithmetic,gsm8k_test_1039,train,remove,C2_answer_bearing,gsm8k_solution_frag
pairs_arith_v2.csv,9299,arithmetic,gsm8k_test_1039,train,retain,H2_same_template,gsmplus_numerical_substitution
pairs_arith_v2.csv,9300,arithmetic,gsm8k_test_1039,train,remove,C1_transformed,gsmplus_problem_understanding
pairs_arith_v2.csv,9301,arithmetic,gsm8k_test_1039,train,retain,H2_same_template,gsmplus_critical_thinking
pairs_arith_v2.csv,9302,arithmetic,gsm8k_test_1039,train,retain,H1_same_topic,svamp
pairs_arith_v2.csv,9303,arithmetic,gsm8k_test_1039,train,retain,H3_predating,asdiv
pairs_arith_v2.csv,9304,arithmetic,gsm8k_test_1039,train,retain,R_random,truthfulqa
pairs_arith_v2.csv,9341,arithmetic,gsm8k_test_1044,train,remove,C0_exact,gsm8k_copy
pairs_arith_v2.csv,9342,arithmetic,gsm8k_test_1044,train,remove,C1_transformed,lmsys_rephrase
pairs_arith_v2.csv,9343,arithmetic,gsm8k_test_1044,train,remove,C2_answer_bearing,gsm8k_solution_frag
pairs_arith_v2.csv,9344,arithmetic,gsm8k_test_1044,train,remove,C1_transformed,gsmplus_problem_understanding
pairs_arith_v2.csv,9345,arithmetic,gsm8k_test_1044,train,retain,H2_same_template,gsmplus_critical_thinking
pairs_arith_v2.csv,9346,arithmetic,gsm8k_test_1044,train,retain,H1_same_topic,svamp
pairs_arith_v2.csv,9347,arithmetic,gsm8k_test_1044,train,retain,H3_predating,asdiv
pairs_arith_v2.csv,9348,arithmetic,gsm8k_test_1044,train,retain,R_random,truthfulqa
pairs_arith_v2.csv,9367,arithmetic,gsm8k_test_1047,train,remove,C0_exact,gsm8k_copy
pairs_arith_v2.csv,9368,arithmetic,gsm8k_test_1047,train,remove,C1_transformed,lmsys_rephrase
pairs_arith_v2.csv,9369,arithmetic,gsm8k_test_1047,train,remove,C2_answer_bearing,gsm8k_solution_frag
pairs_arith_v2.csv,9370,arithmetic,gsm8k_test_1047,train,retain,H2_same_template,gsmplus_numerical_substitution
pairs_arith_v2.csv,9371,arithmetic,gsm8k_test_1047,train,remove,C1_transformed,gsmplus_problem_understanding
pairs_arith_v2.csv,9372,arithmetic,gsm8k_test_1047,train,retain,H2_same_template,gsmplus_critical_thinking
pairs_arith_v2.csv,9373,arithmetic,gsm8k_test_1047,train,retain,H1_same_topic,svamp
pairs_arith_v2.csv,9374,arithmetic,gsm8k_test_1047,train,retain,H3_predating,asdiv
pairs_arith_v2.csv,9375,arithmetic,gsm8k_test_1047,train,retain,R_random,truthfulqa
pairs_arith_v2.csv,9385,arithmetic,gsm8k_test_1049,train,remove,C0_exact,gsm8k_copy
pairs_arith_v2.csv,9386,arithmetic,gsm8k_test_1049,train,remove,C1_transformed,lmsys_rephrase
pairs_arith_v2.csv,9387,arithmetic,gsm8k_test_1049,train,remove,C2_answer_bearing,gsm8k_solution_frag
pairs_arith_v2.csv,9388,arithmetic,gsm8k_test_1049,train,retain,H2_same_template,gsmplus_numerical_substitution
pairs_arith_v2.csv,9389,arithmetic,gsm8k_test_1049,train,remove,C1_transformed,gsmplus_problem_understanding
pairs_arith_v2.csv,9390,arithmetic,gsm8k_test_1049,train,retain,H2_same_template,gsmplus_critical_thinking
pairs_arith_v2.csv,9391,arithmetic,gsm8k_test_1049,train,retain,H1_same_topic,svamp
pairs_arith_v2.csv,9392,arithmetic,gsm8k_test_1049,train,retain,H3_predating,asdiv
pairs_arith_v2.csv,9393,arithmetic,gsm8k_test_1049,train,retain,R_random,truthfulqa
pairs_arith_v2.csv,9403,arithmetic,gsm8k_test_1051,train,remove,C0_exact,gsm8k_copy
pairs_arith_v2.csv,9404,arithmetic,gsm8k_test_1051,train,remove,C1_transformed,lmsys_rephrase
pairs_arith_v2.csv,9405,arithmetic,gsm8k_test_1051,train,remove,C2_answer_bearing,gsm8k_solution_frag
pairs_arith_v2.csv,9406,arithmetic,gsm8k_test_1051,train,retain,H2_same_template,gsmplus_numerical_substitution
pairs_arith_v2.csv,9407,arithmetic,gsm8k_test_1051,train,remove,C1_transformed,gsmplus_problem_understanding
pairs_arith_v2.csv,9408,arithmetic,gsm8k_test_1051,train,retain,H2_same_template,gsmplus_critical_thinking
pairs_arith_v2.csv,9409,arithmetic,gsm8k_test_1051,train,retain,H1_same_topic,svamp
pairs_arith_v2.csv,9410,arithmetic,gsm8k_test_1051,train,retain,H3_predating,asdiv
pairs_arith_v2.csv,9411,arithmetic,gsm8k_test_1051,train,retain,R_random,truthfulqa
pairs_arith_v2.csv,9421,arithmetic,gsm8k_test_1053,train,remove,C0_exact,gsm8k_copy
pairs_arith_v2.csv,9422,arithmetic,gsm8k_test_1053,train,remove,C1_transformed,lmsys_rephrase
pairs_arith_v2.csv,9423,arithmetic,gsm8k_test_1053,train,remove,C2_answer_bearing,gsm8k_solution_frag
pairs_arith_v2.csv,9424,arithmetic,gsm8k_test_1053,train,retain,H2_same_template,gsmplus_numerical_substitution
pairs_arith_v2.csv,9425,arithmetic,gsm8k_test_1053,train,remove,C1_transformed,gsmplus_problem_understanding
pairs_arith_v2.csv,9426,arithmetic,gsm8k_test_1053,train,retain,H2_same_template,gsmplus_critical_thinking
pairs_arith_v2.csv,9427,arithmetic,gsm8k_test_1053,train,retain,H1_same_topic,svamp
pairs_arith_v2.csv,9428,arithmetic,gsm8k_test_1053,train,retain,H3_predating,asdiv
pairs_arith_v2.csv,9429,arithmetic,gsm8k_test_1053,train,retain,R_random,truthfulqa
pairs_arith_v2.csv,9430,arithmetic,gsm8k_test_1054,train,remove,C0_exact,gsm8k_copy
pairs_arith_v2.csv,9431,arithmetic,gsm8k_test_1054,train,remove,C1_transformed,lmsys_rephrase
pairs_arith_v2.csv,9432,arithmetic,gsm8k_test_1054,train,remove,C2_answer_bearing,gsm8k_solution_frag
pairs_arith_v2.csv,9433,arithmetic,gsm8k_test_1054,train,retain,H2_same_template,gsmplus_numerical_substitution
pairs_arith_v2.csv,9434,arithmetic,gsm8k_test_1054,train,remove,C1_transformed,gsmplus_problem_understanding
pairs_arith_v2.csv,9435,arithmetic,gsm8k_test_1054,train,retain,H2_same_template,gsmplus_critical_thinking
pairs_arith_v2.csv,9436,arithmetic,gsm8k_test_1054,train,retain,H1_same_topic,svamp
pairs_arith_v2.csv,9437,arithmetic,gsm8k_test_1054,train,retain,H3_predating,asdiv
pairs_arith_v2.csv,9438,arithmetic,gsm8k_test_1054,train,retain,R_random,truthfulqa
pairs_arith_v2.csv,9439,arithmetic,gsm8k_test_1055,train,remove,C0_exact,gsm8k_copy
pairs_arith_v2.csv,9440,arithmetic,gsm8k_test_1055,train,remove,C1_transformed,lmsys_rephrase
pairs_arith_v2.csv,9441,arithmetic,gsm8k_test_1055,train,remove,C2_answer_bearing,gsm8k_solution_frag
pairs_arith_v2.csv,9442,arithmetic,gsm8k_test_1055,train,retain,H2_same_template,gsmplus_numerical_substitution
pairs_arith_v2.csv,9443,arithmetic,gsm8k_test_1055,train,remove,C1_transformed,gsmplus_problem_understanding
pairs_arith_v2.csv,9444,arithmetic,gsm8k_test_1055,train,retain,H2_same_template,gsmplus_critical_thinking
pairs_arith_v2.csv,9445,arithmetic,gsm8k_test_1055,train,retain,H1_same_topic,svamp
pairs_arith_v2.csv,9446,arithmetic,gsm8k_test_1055,train,retain,H3_predating,asdiv
pairs_arith_v2.csv,9447,arithmetic,gsm8k_test_1055,train,retain,R_random,truthfulqa
pairs_arith_v2.csv,9448,arithmetic,gsm8k_test_1056,train,remove,C0_exact,gsm8k_copy
pairs_arith_v2.csv,9449,arithmetic,gsm8k_test_1056,train,remove,C1_transformed,lmsys_rephrase
pairs_arith_v2.csv,9450,arithmetic,gsm8k_test_1056,train,remove,C2_answer_bearing,gsm8k_solution_frag
pairs_arith_v2.csv,9451,arithmetic,gsm8k_test_1056,train,remove,C1_transformed,gsmplus_problem_understanding
pairs_arith_v2.csv,9452,arithmetic,gsm8k_test_1056,train,retain,H2_same_template,gsmplus_critical_thinking
pairs_arith_v2.csv,9453,arithmetic,gsm8k_test_1056,train,retain,H1_same_topic,svamp
pairs_arith_v2.csv,9454,arithmetic,gsm8k_test_1056,train,retain,H3_predating,asdiv
pairs_arith_v2.csv,9455,arithmetic,gsm8k_test_1056,train,retain,R_random,truthfulqa
pairs_arith_v2.csv,9491,arithmetic,gsm8k_test_1061,train,remove,C0_exact,gsm8k_copy
pairs_arith_v2.csv,9492,arithmetic,gsm8k_test_1061,train,remove,C1_transformed,lmsys_rephrase
pairs_arith_v2.csv,9493,arithmetic,gsm8k_test_1061,train,remove,C2_answer_bearing,gsm8k_solution_frag
pairs_arith_v2.csv,9494,arithmetic,gsm8k_test_1061,train,retain,H2_same_template,gsmplus_numerical_substitution
pairs_arith_v2.csv,9495,arithmetic,gsm8k_test_1061,train,remove,C1_transformed,gsmplus_problem_understanding
pairs_arith_v2.csv,9496,arithmetic,gsm8k_test_1061,train,retain,H2_same_template,gsmplus_critical_thinking
pairs_arith_v2.csv,9497,arithmetic,gsm8k_test_1061,train,retain,H1_same_topic,svamp
pairs_arith_v2.csv,9498,arithmetic,gsm8k_test_1061,train,retain,H3_predating,asdiv
pairs_arith_v2.csv,9499,arithmetic,gsm8k_test_1061,train,retain,R_random,truthfulqa
pairs_arith_v2.csv,9509,arithmetic,gsm8k_test_1063,train,remove,C0_exact,gsm8k_copy
pairs_arith_v2.csv,9510,arithmetic,gsm8k_test_1063,train,remove,C1_transformed,lmsys_rephrase
pairs_arith_v2.csv,9511,arithmetic,gsm8k_test_1063,train,remove,C2_answer_bearing,gsm8k_solution_frag
pairs_arith_v2.csv,9512,arithmetic,gsm8k_test_1063,train,retain,H2_same_template,gsmplus_numerical_substitution
pairs_arith_v2.csv,9513,arithmetic,gsm8k_test_1063,train,remove,C1_transformed,gsmplus_problem_understanding
pairs_arith_v2.csv,9514,arithmetic,gsm8k_test_1063,train,retain,H2_same_template,gsmplus_critical_thinking
pairs_arith_v2.csv,9515,arithmetic,gsm8k_test_1063,train,retain,H1_same_topic,svamp
pairs_arith_v2.csv,9516,arithmetic,gsm8k_test_1063,train,retain,H3_predating,asdiv
pairs_arith_v2.csv,9517,arithmetic,gsm8k_test_1063,train,retain,R_random,truthfulqa
pairs_arith_v2.csv,9563,arithmetic,gsm8k_test_1069,train,remove,C0_exact,gsm8k_copy
pairs_arith_v2.csv,9564,arithmetic,gsm8k_test_1069,train,remove,C1_transformed,lmsys_rephrase
pairs_arith_v2.csv,9565,arithmetic,gsm8k_test_1069,train,remove,C2_answer_bearing,gsm8k_solution_frag
pairs_arith_v2.csv,9566,arithmetic,gsm8k_test_1069,train,remove,C1_transformed,gsmplus_problem_understanding
pairs_arith_v2.csv,9567,arithmetic,gsm8k_test_1069,train,retain,H2_same_template,gsmplus_critical_thinking
pairs_arith_v2.csv,9568,arithmetic,gsm8k_test_1069,train,retain,H1_same_topic,svamp
pairs_arith_v2.csv,9569,arithmetic,gsm8k_test_1069,train,retain,H3_predating,asdiv
pairs_arith_v2.csv,9570,arithmetic,gsm8k_test_1069,train,retain,R_random,truthfulqa
pairs_arith_v2.csv,9571,arithmetic,gsm8k_test_1070,train,remove,C0_exact,gsm8k_copy
pairs_arith_v2.csv,9572,arithmetic,gsm8k_test_1070,train,remove,C1_transformed,lmsys_rephrase
pairs_arith_v2.csv,9573,arithmetic,gsm8k_test_1070,train,remove,C2_answer_bearing,gsm8k_solution_frag
pairs_arith_v2.csv,9574,arithmetic,gsm8k_test_1070,train,retain,H2_same_template,gsmplus_numerical_substitution
pairs_arith_v2.csv,9575,arithmetic,gsm8k_test_1070,train,remove,C1_transformed,gsmplus_problem_understanding
pairs_arith_v2.csv,9576,arithmetic,gsm8k_test_1070,train,retain,H2_same_template,gsmplus_critical_thinking
pairs_arith_v2.csv,9577,arithmetic,gsm8k_test_1070,train,retain,H1_same_topic,svamp
pairs_arith_v2.csv,9578,arithmetic,gsm8k_test_1070,train,retain,H3_predating,asdiv
pairs_arith_v2.csv,9579,arithmetic,gsm8k_test_1070,train,retain,R_random,truthfulqa
pairs_arith_v2.csv,9580,arithmetic,gsm8k_test_1071,train,remove,C0_exact,gsm8k_copy
pairs_arith_v2.csv,9581,arithmetic,gsm8k_test_1071,train,remove,C1_transformed,lmsys_rephrase
pairs_arith_v2.csv,9582,arithmetic,gsm8k_test_1071,train,remove,C2_answer_bearing,gsm8k_solution_frag
pairs_arith_v2.csv,9583,arithmetic,gsm8k_test_1071,train,retain,H2_same_template,gsmplus_numerical_substitution
pairs_arith_v2.csv,9584,arithmetic,gsm8k_test_1071,train,remove,C1_transformed,gsmplus_problem_understanding
pairs_arith_v2.csv,9585,arithmetic,gsm8k_test_1071,train,retain,H2_same_template,gsmplus_critical_thinking
pairs_arith_v2.csv,9586,arithmetic,gsm8k_test_1071,train,retain,H1_same_topic,svamp
pairs_arith_v2.csv,9587,arithmetic,gsm8k_test_1071,train,retain,H3_predating,asdiv
pairs_arith_v2.csv,9588,arithmetic,gsm8k_test_1071,train,retain,R_random,truthfulqa
pairs_arith_v2.csv,9625,arithmetic,gsm8k_test_1076,train,remove,C0_exact,gsm8k_copy
pairs_arith_v2.csv,9626,arithmetic,gsm8k_test_1076,train,remove,C1_transformed,lmsys_rephrase
pairs_arith_v2.csv,9627,arithmetic,gsm8k_test_1076,train,remove,C2_answer_bearing,gsm8k_solution_frag
pairs_arith_v2.csv,9628,arithmetic,gsm8k_test_1076,train,retain,H2_same_template,gsmplus_numerical_substitution
pairs_arith_v2.csv,9629,arithmetic,gsm8k_test_1076,train,remove,C1_transformed,gsmplus_problem_understanding
pairs_arith_v2.csv,9630,arithmetic,gsm8k_test_1076,train,retain,H2_same_template,gsmplus_critical_thinking
pairs_arith_v2.csv,9631,arithmetic,gsm8k_test_1076,train,retain,H1_same_topic,svamp
pairs_arith_v2.csv,9632,arithmetic,gsm8k_test_1076,train,retain,H3_predating,asdiv
pairs_arith_v2.csv,9633,arithmetic,gsm8k_test_1076,train,retain,R_random,truthfulqa
pairs_arith_v2.csv,9634,arithmetic,gsm8k_test_1077,train,remove,C0_exact,gsm8k_copy
pairs_arith_v2.csv,9635,arithmetic,gsm8k_test_1077,train,remove,C1_transformed,lmsys_rephrase
pairs_arith_v2.csv,9636,arithmetic,gsm8k_test_1077,train,remove,C2_answer_bearing,gsm8k_solution_frag
pairs_arith_v2.csv,9637,arithmetic,gsm8k_test_1077,train,retain,H2_same_template,gsmplus_numerical_substitution
pairs_arith_v2.csv,9638,arithmetic,gsm8k_test_1077,train,remove,C1_transformed,gsmplus_problem_understanding
pairs_arith_v2.csv,9639,arithmetic,gsm8k_test_1077,train,retain,H2_same_template,gsmplus_critical_thinking
pairs_arith_v2.csv,9640,arithmetic,gsm8k_test_1077,train,retain,H1_same_topic,svamp
pairs_arith_v2.csv,9641,arithmetic,gsm8k_test_1077,train,retain,H3_predating,asdiv
pairs_arith_v2.csv,9642,arithmetic,gsm8k_test_1077,train,retain,R_random,truthfulqa
pairs_arith_v2.csv,9688,arithmetic,gsm8k_test_1083,train,remove,C0_exact,gsm8k_copy
pairs_arith_v2.csv,9689,arithmetic,gsm8k_test_1083,train,remove,C1_transformed,lmsys_rephrase
pairs_arith_v2.csv,9690,arithmetic,gsm8k_test_1083,train,remove,C2_answer_bearing,gsm8k_solution_frag
pairs_arith_v2.csv,9691,arithmetic,gsm8k_test_1083,train,retain,H2_same_template,gsmplus_numerical_substitution
pairs_arith_v2.csv,9692,arithmetic,gsm8k_test_1083,train,remove,C1_transformed,gsmplus_problem_understanding
pairs_arith_v2.csv,9693,arithmetic,gsm8k_test_1083,train,retain,H2_same_template,gsmplus_critical_thinking
pairs_arith_v2.csv,9694,arithmetic,gsm8k_test_1083,train,retain,H1_same_topic,svamp
pairs_arith_v2.csv,9695,arithmetic,gsm8k_test_1083,train,retain,H3_predating,asdiv
pairs_arith_v2.csv,9696,arithmetic,gsm8k_test_1083,train,retain,R_random,truthfulqa
pairs_arith_v2.csv,9706,arithmetic,gsm8k_test_1085,train,remove,C0_exact,gsm8k_copy
pairs_arith_v2.csv,9707,arithmetic,gsm8k_test_1085,train,remove,C1_transformed,lmsys_rephrase
pairs_arith_v2.csv,9708,arithmetic,gsm8k_test_1085,train,remove,C2_answer_bearing,gsm8k_solution_frag
pairs_arith_v2.csv,9709,arithmetic,gsm8k_test_1085,train,retain,H2_same_template,gsmplus_numerical_substitution
pairs_arith_v2.csv,9710,arithmetic,gsm8k_test_1085,train,remove,C1_transformed,gsmplus_problem_understanding
pairs_arith_v2.csv,9711,arithmetic,gsm8k_test_1085,train,retain,H2_same_template,gsmplus_critical_thinking
pairs_arith_v2.csv,9712,arithmetic,gsm8k_test_1085,train,retain,H1_same_topic,svamp
pairs_arith_v2.csv,9713,arithmetic,gsm8k_test_1085,train,retain,H3_predating,asdiv
pairs_arith_v2.csv,9714,arithmetic,gsm8k_test_1085,train,retain,R_random,truthfulqa
pairs_arith_v2.csv,9733,arithmetic,gsm8k_test_1088,train,remove,C0_exact,gsm8k_copy
pairs_arith_v2.csv,9734,arithmetic,gsm8k_test_1088,train,remove,C1_transformed,lmsys_rephrase
pairs_arith_v2.csv,9735,arithmetic,gsm8k_test_1088,train,remove,C2_answer_bearing,gsm8k_solution_frag
pairs_arith_v2.csv,9736,arithmetic,gsm8k_test_1088,train,retain,H2_same_template,gsmplus_numerical_substitution
pairs_arith_v2.csv,9737,arithmetic,gsm8k_test_1088,train,remove,C1_transformed,gsmplus_problem_understanding
pairs_arith_v2.csv,9738,arithmetic,gsm8k_test_1088,train,retain,H2_same_template,gsmplus_critical_thinking
pairs_arith_v2.csv,9739,arithmetic,gsm8k_test_1088,train,retain,H1_same_topic,svamp
pairs_arith_v2.csv,9740,arithmetic,gsm8k_test_1088,train,retain,H3_predating,asdiv
pairs_arith_v2.csv,9741,arithmetic,gsm8k_test_1088,train,retain,R_random,truthfulqa
pairs_arith_v2.csv,9742,arithmetic,gsm8k_test_1089,train,remove,C0_exact,gsm8k_copy
pairs_arith_v2.csv,9743,arithmetic,gsm8k_test_1089,train,remove,C1_transformed,lmsys_rephrase
pairs_arith_v2.csv,9744,arithmetic,gsm8k_test_1089,train,remove,C2_answer_bearing,gsm8k_solution_frag
pairs_arith_v2.csv,9745,arithmetic,gsm8k_test_1089,train,retain,H2_same_template,gsmplus_numerical_substitution
pairs_arith_v2.csv,9746,arithmetic,gsm8k_test_1089,train,remove,C1_transformed,gsmplus_problem_understanding
pairs_arith_v2.csv,9747,arithmetic,gsm8k_test_1089,train,retain,H2_same_template,gsmplus_critical_thinking
pairs_arith_v2.csv,9748,arithmetic,gsm8k_test_1089,train,retain,H1_same_topic,svamp
pairs_arith_v2.csv,9749,arithmetic,gsm8k_test_1089,train,retain,H3_predating,asdiv
pairs_arith_v2.csv,9750,arithmetic,gsm8k_test_1089,train,retain,R_random,truthfulqa
pairs_arith_v2.csv,9751,arithmetic,gsm8k_test_1090,train,remove,C0_exact,gsm8k_copy
pairs_arith_v2.csv,9752,arithmetic,gsm8k_test_1090,train,remove,C1_transformed,lmsys_rephrase
pairs_arith_v2.csv,9753,arithmetic,gsm8k_test_1090,train,remove,C2_answer_bearing,gsm8k_solution_frag
pairs_arith_v2.csv,9754,arithmetic,gsm8k_test_1090,train,retain,H2_same_template,gsmplus_numerical_substitution
pairs_arith_v2.csv,9755,arithmetic,gsm8k_test_1090,train,remove,C1_transformed,gsmplus_problem_understanding
pairs_arith_v2.csv,9756,arithmetic,gsm8k_test_1090,train,retain,H2_same_template,gsmplus_critical_thinking
pairs_arith_v2.csv,9757,arithmetic,gsm8k_test_1090,train,retain,H1_same_topic,svamp
pairs_arith_v2.csv,9758,arithmetic,gsm8k_test_1090,train,retain,H3_predating,asdiv
pairs_arith_v2.csv,9759,arithmetic,gsm8k_test_1090,train,retain,R_random,truthfulqa
pairs_arith_v2.csv,9832,arithmetic,gsm8k_test_1099,train,remove,C0_exact,gsm8k_copy
pairs_arith_v2.csv,9833,arithmetic,gsm8k_test_1099,train,remove,C1_transformed,lmsys_rephrase
pairs_arith_v2.csv,9834,arithmetic,gsm8k_test_1099,train,remove,C2_answer_bearing,gsm8k_solution_frag
pairs_arith_v2.csv,9835,arithmetic,gsm8k_test_1099,train,retain,H2_same_template,gsmplus_numerical_substitution
pairs_arith_v2.csv,9836,arithmetic,gsm8k_test_1099,train,remove,C1_transformed,gsmplus_problem_understanding
pairs_arith_v2.csv,9837,arithmetic,gsm8k_test_1099,train,retain,H2_same_template,gsmplus_critical_thinking
pairs_arith_v2.csv,9838,arithmetic,gsm8k_test_1099,train,retain,H1_same_topic,svamp
pairs_arith_v2.csv,9839,arithmetic,gsm8k_test_1099,train,retain,H3_predating,asdiv
pairs_arith_v2.csv,9840,arithmetic,gsm8k_test_1099,train,retain,R_random,truthfulqa
pairs_arith_v2.csv,9859,arithmetic,gsm8k_test_1102,train,remove,C0_exact,gsm8k_copy
pairs_arith_v2.csv,9860,arithmetic,gsm8k_test_1102,train,remove,C1_transformed,lmsys_rephrase
pairs_arith_v2.csv,9861,arithmetic,gsm8k_test_1102,train,remove,C2_answer_bearing,gsm8k_solution_frag
pairs_arith_v2.csv,9862,arithmetic,gsm8k_test_1102,train,retain,H2_same_template,gsmplus_numerical_substitution
pairs_arith_v2.csv,9863,arithmetic,gsm8k_test_1102,train,remove,C1_transformed,gsmplus_problem_understanding
pairs_arith_v2.csv,9864,arithmetic,gsm8k_test_1102,train,retain,H2_same_template,gsmplus_critical_thinking
pairs_arith_v2.csv,9865,arithmetic,gsm8k_test_1102,train,retain,H1_same_topic,svamp
pairs_arith_v2.csv,9866,arithmetic,gsm8k_test_1102,train,retain,H3_predating,asdiv
pairs_arith_v2.csv,9867,arithmetic,gsm8k_test_1102,train,retain,R_random,truthfulqa
pairs_arith_v2.csv,9895,arithmetic,gsm8k_test_1106,train,remove,C0_exact,gsm8k_copy
pairs_arith_v2.csv,9896,arithmetic,gsm8k_test_1106,train,remove,C1_transformed,lmsys_rephrase
pairs_arith_v2.csv,9897,arithmetic,gsm8k_test_1106,train,remove,C2_answer_bearing,gsm8k_solution_frag
pairs_arith_v2.csv,9898,arithmetic,gsm8k_test_1106,train,retain,H2_same_template,gsmplus_numerical_substitution
pairs_arith_v2.csv,9899,arithmetic,gsm8k_test_1106,train,remove,C1_transformed,gsmplus_problem_understanding
pairs_arith_v2.csv,9900,arithmetic,gsm8k_test_1106,train,retain,H2_same_template,gsmplus_critical_thinking
pairs_arith_v2.csv,9901,arithmetic,gsm8k_test_1106,train,retain,H1_same_topic,svamp
pairs_arith_v2.csv,9902,arithmetic,gsm8k_test_1106,train,retain,H3_predating,asdiv
pairs_arith_v2.csv,9903,arithmetic,gsm8k_test_1106,train,retain,R_random,truthfulqa
pairs_arith_v2.csv,9913,arithmetic,gsm8k_test_1108,train,remove,C0_exact,gsm8k_copy
pairs_arith_v2.csv,9914,arithmetic,gsm8k_test_1108,train,remove,C1_transformed,lmsys_rephrase
pairs_arith_v2.csv,9915,arithmetic,gsm8k_test_1108,train,remove,C2_answer_bearing,gsm8k_solution_frag
pairs_arith_v2.csv,9916,arithmetic,gsm8k_test_1108,train,remove,C1_transformed,gsmplus_problem_understanding
pairs_arith_v2.csv,9917,arithmetic,gsm8k_test_1108,train,retain,H2_same_template,gsmplus_critical_thinking
pairs_arith_v2.csv,9918,arithmetic,gsm8k_test_1108,train,retain,H1_same_topic,svamp
pairs_arith_v2.csv,9919,arithmetic,gsm8k_test_1108,train,retain,H3_predating,asdiv
pairs_arith_v2.csv,9920,arithmetic,gsm8k_test_1108,train,retain,R_random,truthfulqa
pairs_arith_v2.csv,9921,arithmetic,gsm8k_test_1109,train,remove,C0_exact,gsm8k_copy
pairs_arith_v2.csv,9922,arithmetic,gsm8k_test_1109,train,remove,C1_transformed,lmsys_rephrase
pairs_arith_v2.csv,9923,arithmetic,gsm8k_test_1109,train,remove,C2_answer_bearing,gsm8k_solution_frag
pairs_arith_v2.csv,9924,arithmetic,gsm8k_test_1109,train,retain,H2_same_template,gsmplus_numerical_substitution
pairs_arith_v2.csv,9925,arithmetic,gsm8k_test_1109,train,remove,C1_transformed,gsmplus_problem_understanding
pairs_arith_v2.csv,9926,arithmetic,gsm8k_test_1109,train,retain,H2_same_template,gsmplus_critical_thinking
pairs_arith_v2.csv,9927,arithmetic,gsm8k_test_1109,train,retain,H1_same_topic,svamp
pairs_arith_v2.csv,9928,arithmetic,gsm8k_test_1109,train,retain,H3_predating,asdiv
pairs_arith_v2.csv,9929,arithmetic,gsm8k_test_1109,train,retain,R_random,truthfulqa
pairs_arith_v2.csv,9948,arithmetic,gsm8k_test_1112,train,remove,C0_exact,gsm8k_copy
pairs_arith_v2.csv,9949,arithmetic,gsm8k_test_1112,train,remove,C1_transformed,lmsys_rephrase
pairs_arith_v2.csv,9950,arithmetic,gsm8k_test_1112,train,remove,C2_answer_bearing,gsm8k_solution_frag
pairs_arith_v2.csv,9951,arithmetic,gsm8k_test_1112,train,retain,H2_same_template,gsmplus_numerical_substitution
pairs_arith_v2.csv,9952,arithmetic,gsm8k_test_1112,train,remove,C1_transformed,gsmplus_problem_understanding
pairs_arith_v2.csv,9953,arithmetic,gsm8k_test_1112,train,retain,H2_same_template,gsmplus_critical_thinking
pairs_arith_v2.csv,9954,arithmetic,gsm8k_test_1112,train,retain,H1_same_topic,svamp
pairs_arith_v2.csv,9955,arithmetic,gsm8k_test_1112,train,retain,H3_predating,asdiv
pairs_arith_v2.csv,9956,arithmetic,gsm8k_test_1112,train,retain,R_random,truthfulqa
pairs_arith_v2.csv,9966,arithmetic,gsm8k_test_1114,train,remove,C0_exact,gsm8k_copy
pairs_arith_v2.csv,9967,arithmetic,gsm8k_test_1114,train,remove,C1_transformed,lmsys_rephrase
pairs_arith_v2.csv,9968,arithmetic,gsm8k_test_1114,train,remove,C2_answer_bearing,gsm8k_solution_frag
pairs_arith_v2.csv,9969,arithmetic,gsm8k_test_1114,train,retain,H2_same_template,gsmplus_numerical_substitution
pairs_arith_v2.csv,9970,arithmetic,gsm8k_test_1114,train,remove,C1_transformed,gsmplus_problem_understanding
pairs_arith_v2.csv,9971,arithmetic,gsm8k_test_1114,train,retain,H2_same_template,gsmplus_critical_thinking
pairs_arith_v2.csv,9972,arithmetic,gsm8k_test_1114,train,retain,H1_same_topic,svamp
pairs_arith_v2.csv,9973,arithmetic,gsm8k_test_1114,train,retain,H3_predating,asdiv
pairs_arith_v2.csv,9974,arithmetic,gsm8k_test_1114,train,retain,R_random,truthfulqa
pairs_arith_v2.csv,9984,arithmetic,gsm8k_test_1116,train,remove,C0_exact,gsm8k_copy
pairs_arith_v2.csv,9985,arithmetic,gsm8k_test_1116,train,remove,C1_transformed,lmsys_rephrase
pairs_arith_v2.csv,9986,arithmetic,gsm8k_test_1116,train,remove,C2_answer_bearing,gsm8k_solution_frag
pairs_arith_v2.csv,9987,arithmetic,gsm8k_test_1116,train,retain,H2_same_template,gsmplus_numerical_substitution
pairs_arith_v2.csv,9988,arithmetic,gsm8k_test_1116,train,remove,C1_transformed,gsmplus_problem_understanding
pairs_arith_v2.csv,9989,arithmetic,gsm8k_test_1116,train,retain,H2_same_template,gsmplus_critical_thinking
pairs_arith_v2.csv,9990,arithmetic,gsm8k_test_1116,train,retain,H1_same_topic,svamp
pairs_arith_v2.csv,9991,arithmetic,gsm8k_test_1116,train,retain,H3_predating,asdiv
pairs_arith_v2.csv,9992,arithmetic,gsm8k_test_1116,train,retain,R_random,truthfulqa
pairs_arith_v2.csv,10010,arithmetic,gsm8k_test_1119,train,remove,C0_exact,gsm8k_copy
pairs_arith_v2.csv,10011,arithmetic,gsm8k_test_1119,train,remove,C1_transformed,lmsys_rephrase
pairs_arith_v2.csv,10012,arithmetic,gsm8k_test_1119,train,remove,C2_answer_bearing,gsm8k_solution_frag
pairs_arith_v2.csv,10013,arithmetic,gsm8k_test_1119,train,retain,H2_same_template,gsmplus_numerical_substitution
pairs_arith_v2.csv,10014,arithmetic,gsm8k_test_1119,train,remove,C1_transformed,gsmplus_problem_understanding
pairs_arith_v2.csv,10015,arithmetic,gsm8k_test_1119,train,retain,H2_same_template,gsmplus_critical_thinking
pairs_arith_v2.csv,10016,arithmetic,gsm8k_test_1119,train,retain,H1_same_topic,svamp
pairs_arith_v2.csv,10017,arithmetic,gsm8k_test_1119,train,retain,H3_predating,asdiv
pairs_arith_v2.csv,10018,arithmetic,gsm8k_test_1119,train,retain,R_random,truthfulqa
pairs_arith_v2.csv,10019,arithmetic,gsm8k_test_1120,train,remove,C0_exact,gsm8k_copy
pairs_arith_v2.csv,10020,arithmetic,gsm8k_test_1120,train,remove,C1_transformed,lmsys_rephrase
pairs_arith_v2.csv,10021,arithmetic,gsm8k_test_1120,train,remove,C2_answer_bearing,gsm8k_solution_frag
pairs_arith_v2.csv,10022,arithmetic,gsm8k_test_1120,train,retain,H2_same_template,gsmplus_numerical_substitution
pairs_arith_v2.csv,10023,arithmetic,gsm8k_test_1120,train,remove,C1_transformed,gsmplus_problem_understanding
pairs_arith_v2.csv,10024,arithmetic,gsm8k_test_1120,train,retain,H2_same_template,gsmplus_critical_thinking
pairs_arith_v2.csv,10025,arithmetic,gsm8k_test_1120,train,retain,H1_same_topic,svamp
pairs_arith_v2.csv,10026,arithmetic,gsm8k_test_1120,train,retain,H3_predating,asdiv
pairs_arith_v2.csv,10027,arithmetic,gsm8k_test_1120,train,retain,R_random,truthfulqa
pairs_arith_v2.csv,10028,arithmetic,gsm8k_test_1121,train,remove,C0_exact,gsm8k_copy
pairs_arith_v2.csv,10029,arithmetic,gsm8k_test_1121,train,remove,C1_transformed,lmsys_rephrase
pairs_arith_v2.csv,10030,arithmetic,gsm8k_test_1121,train,remove,C2_answer_bearing,gsm8k_solution_frag
pairs_arith_v2.csv,10031,arithmetic,gsm8k_test_1121,train,retain,H2_same_template,gsmplus_numerical_substitution
pairs_arith_v2.csv,10032,arithmetic,gsm8k_test_1121,train,remove,C1_transformed,gsmplus_problem_understanding
pairs_arith_v2.csv,10033,arithmetic,gsm8k_test_1121,train,retain,H2_same_template,gsmplus_critical_thinking
pairs_arith_v2.csv,10034,arithmetic,gsm8k_test_1121,train,retain,H1_same_topic,svamp
pairs_arith_v2.csv,10035,arithmetic,gsm8k_test_1121,train,retain,H3_predating,asdiv
pairs_arith_v2.csv,10036,arithmetic,gsm8k_test_1121,train,retain,R_random,truthfulqa
pairs_arith_v2.csv,10046,arithmetic,gsm8k_test_1123,train,remove,C0_exact,gsm8k_copy
pairs_arith_v2.csv,10047,arithmetic,gsm8k_test_1123,train,remove,C1_transformed,lmsys_rephrase
pairs_arith_v2.csv,10048,arithmetic,gsm8k_test_1123,train,remove,C2_answer_bearing,gsm8k_solution_frag
pairs_arith_v2.csv,10049,arithmetic,gsm8k_test_1123,train,retain,H2_same_template,gsmplus_numerical_substitution
pairs_arith_v2.csv,10050,arithmetic,gsm8k_test_1123,train,remove,C1_transformed,gsmplus_problem_understanding
pairs_arith_v2.csv,10051,arithmetic,gsm8k_test_1123,train,retain,H2_same_template,gsmplus_critical_thinking
pairs_arith_v2.csv,10052,arithmetic,gsm8k_test_1123,train,retain,H1_same_topic,svamp
pairs_arith_v2.csv,10053,arithmetic,gsm8k_test_1123,train,retain,H3_predating,asdiv
pairs_arith_v2.csv,10054,arithmetic,gsm8k_test_1123,train,retain,R_random,truthfulqa
pairs_arith_v2.csv,10081,arithmetic,gsm8k_test_1127,train,remove,C0_exact,gsm8k_copy
pairs_arith_v2.csv,10082,arithmetic,gsm8k_test_1127,train,remove,C1_transformed,lmsys_rephrase
pairs_arith_v2.csv,10083,arithmetic,gsm8k_test_1127,train,remove,C2_answer_bearing,gsm8k_solution_frag
pairs_arith_v2.csv,10084,arithmetic,gsm8k_test_1127,train,retain,H2_same_template,gsmplus_numerical_substitution
pairs_arith_v2.csv,10085,arithmetic,gsm8k_test_1127,train,remove,C1_transformed,gsmplus_problem_understanding
pairs_arith_v2.csv,10086,arithmetic,gsm8k_test_1127,train,retain,H2_same_template,gsmplus_critical_thinking
pairs_arith_v2.csv,10087,arithmetic,gsm8k_test_1127,train,retain,H1_same_topic,svamp
pairs_arith_v2.csv,10088,arithmetic,gsm8k_test_1127,train,retain,H3_predating,asdiv
pairs_arith_v2.csv,10089,arithmetic,gsm8k_test_1127,train,retain,R_random,truthfulqa
pairs_arith_v2.csv,10090,arithmetic,gsm8k_test_1128,train,remove,C0_exact,gsm8k_copy
pairs_arith_v2.csv,10091,arithmetic,gsm8k_test_1128,train,remove,C1_transformed,lmsys_rephrase
pairs_arith_v2.csv,10092,arithmetic,gsm8k_test_1128,train,remove,C2_answer_bearing,gsm8k_solution_frag
pairs_arith_v2.csv,10093,arithmetic,gsm8k_test_1128,train,retain,H2_same_template,gsmplus_numerical_substitution
pairs_arith_v2.csv,10094,arithmetic,gsm8k_test_1128,train,remove,C1_transformed,gsmplus_problem_understanding
pairs_arith_v2.csv,10095,arithmetic,gsm8k_test_1128,train,retain,H2_same_template,gsmplus_critical_thinking
pairs_arith_v2.csv,10096,arithmetic,gsm8k_test_1128,train,retain,H1_same_topic,svamp
pairs_arith_v2.csv,10097,arithmetic,gsm8k_test_1128,train,retain,H3_predating,asdiv
pairs_arith_v2.csv,10098,arithmetic,gsm8k_test_1128,train,retain,R_random,truthfulqa
pairs_arith_v2.csv,10099,arithmetic,gsm8k_test_1129,train,remove,C0_exact,gsm8k_copy
pairs_arith_v2.csv,10100,arithmetic,gsm8k_test_1129,train,remove,C1_transformed,lmsys_rephrase
pairs_arith_v2.csv,10101,arithmetic,gsm8k_test_1129,train,remove,C2_answer_bearing,gsm8k_solution_frag
pairs_arith_v2.csv,10102,arithmetic,gsm8k_test_1129,train,retain,H2_same_template,gsmplus_numerical_substitution
pairs_arith_v2.csv,10103,arithmetic,gsm8k_test_1129,train,remove,C1_transformed,gsmplus_problem_understanding
pairs_arith_v2.csv,10104,arithmetic,gsm8k_test_1129,train,retain,H2_same_template,gsmplus_critical_thinking
pairs_arith_v2.csv,10105,arithmetic,gsm8k_test_1129,train,retain,H1_same_topic,svamp
pairs_arith_v2.csv,10106,arithmetic,gsm8k_test_1129,train,retain,H3_predating,asdiv
pairs_arith_v2.csv,10107,arithmetic,gsm8k_test_1129,train,retain,R_random,truthfulqa
pairs_arith_v2.csv,10108,arithmetic,gsm8k_test_1130,train,remove,C0_exact,gsm8k_copy
pairs_arith_v2.csv,10109,arithmetic,gsm8k_test_1130,train,remove,C1_transformed,lmsys_rephrase
pairs_arith_v2.csv,10110,arithmetic,gsm8k_test_1130,train,remove,C2_answer_bearing,gsm8k_solution_frag
pairs_arith_v2.csv,10111,arithmetic,gsm8k_test_1130,train,retain,H2_same_template,gsmplus_numerical_substitution
pairs_arith_v2.csv,10112,arithmetic,gsm8k_test_1130,train,remove,C1_transformed,gsmplus_problem_understanding
pairs_arith_v2.csv,10113,arithmetic,gsm8k_test_1130,train,retain,H2_same_template,gsmplus_critical_thinking
pairs_arith_v2.csv,10114,arithmetic,gsm8k_test_1130,train,retain,H1_same_topic,svamp
pairs_arith_v2.csv,10115,arithmetic,gsm8k_test_1130,train,retain,H3_predating,asdiv
pairs_arith_v2.csv,10116,arithmetic,gsm8k_test_1130,train,retain,R_random,truthfulqa
pairs_arith_v2.csv,10126,arithmetic,gsm8k_test_1132,train,remove,C0_exact,gsm8k_copy
pairs_arith_v2.csv,10127,arithmetic,gsm8k_test_1132,train,remove,C1_transformed,lmsys_rephrase
pairs_arith_v2.csv,10128,arithmetic,gsm8k_test_1132,train,remove,C2_answer_bearing,gsm8k_solution_frag
pairs_arith_v2.csv,10129,arithmetic,gsm8k_test_1132,train,retain,H2_same_template,gsmplus_numerical_substitution
pairs_arith_v2.csv,10130,arithmetic,gsm8k_test_1132,train,remove,C1_transformed,gsmplus_problem_understanding
pairs_arith_v2.csv,10131,arithmetic,gsm8k_test_1132,train,retain,H2_same_template,gsmplus_critical_thinking
pairs_arith_v2.csv,10132,arithmetic,gsm8k_test_1132,train,retain,H1_same_topic,svamp
pairs_arith_v2.csv,10133,arithmetic,gsm8k_test_1132,train,retain,H3_predating,asdiv
pairs_arith_v2.csv,10134,arithmetic,gsm8k_test_1132,train,retain,R_random,truthfulqa
pairs_arith_v2.csv,10135,arithmetic,gsm8k_test_1133,train,remove,C0_exact,gsm8k_copy
pairs_arith_v2.csv,10136,arithmetic,gsm8k_test_1133,train,remove,C1_transformed,lmsys_rephrase
pairs_arith_v2.csv,10137,arithmetic,gsm8k_test_1133,train,remove,C2_answer_bearing,gsm8k_solution_frag
pairs_arith_v2.csv,10138,arithmetic,gsm8k_test_1133,train,retain,H2_same_template,gsmplus_numerical_substitution
pairs_arith_v2.csv,10139,arithmetic,gsm8k_test_1133,train,remove,C1_transformed,gsmplus_problem_understanding
pairs_arith_v2.csv,10140,arithmetic,gsm8k_test_1133,train,retain,H2_same_template,gsmplus_critical_thinking
pairs_arith_v2.csv,10141,arithmetic,gsm8k_test_1133,train,retain,H1_same_topic,svamp
pairs_arith_v2.csv,10142,arithmetic,gsm8k_test_1133,train,retain,H3_predating,asdiv
pairs_arith_v2.csv,10143,arithmetic,gsm8k_test_1133,train,retain,R_random,truthfulqa
pairs_arith_v2.csv,10189,arithmetic,gsm8k_test_1139,train,remove,C0_exact,gsm8k_copy
pairs_arith_v2.csv,10190,arithmetic,gsm8k_test_1139,train,remove,C1_transformed,lmsys_rephrase
pairs_arith_v2.csv,10191,arithmetic,gsm8k_test_1139,train,remove,C2_answer_bearing,gsm8k_solution_frag
pairs_arith_v2.csv,10192,arithmetic,gsm8k_test_1139,train,retain,H2_same_template,gsmplus_numerical_substitution
pairs_arith_v2.csv,10193,arithmetic,gsm8k_test_1139,train,remove,C1_transformed,gsmplus_problem_understanding
pairs_arith_v2.csv,10194,arithmetic,gsm8k_test_1139,train,retain,H2_same_template,gsmplus_critical_thinking
pairs_arith_v2.csv,10195,arithmetic,gsm8k_test_1139,train,retain,H1_same_topic,svamp
pairs_arith_v2.csv,10196,arithmetic,gsm8k_test_1139,train,retain,H3_predating,asdiv
pairs_arith_v2.csv,10197,arithmetic,gsm8k_test_1139,train,retain,R_random,truthfulqa
pairs_arith_v2.csv,10198,arithmetic,gsm8k_test_1140,train,remove,C0_exact,gsm8k_copy
pairs_arith_v2.csv,10199,arithmetic,gsm8k_test_1140,train,remove,C1_transformed,lmsys_rephrase
pairs_arith_v2.csv,10200,arithmetic,gsm8k_test_1140,train,remove,C2_answer_bearing,gsm8k_solution_frag
pairs_arith_v2.csv,10201,arithmetic,gsm8k_test_1140,train,retain,H2_same_template,gsmplus_numerical_substitution
pairs_arith_v2.csv,10202,arithmetic,gsm8k_test_1140,train,remove,C1_transformed,gsmplus_problem_understanding
pairs_arith_v2.csv,10203,arithmetic,gsm8k_test_1140,train,retain,H2_same_template,gsmplus_critical_thinking
pairs_arith_v2.csv,10204,arithmetic,gsm8k_test_1140,train,retain,H1_same_topic,svamp
pairs_arith_v2.csv,10205,arithmetic,gsm8k_test_1140,train,retain,H3_predating,asdiv
pairs_arith_v2.csv,10206,arithmetic,gsm8k_test_1140,train,retain,R_random,truthfulqa
pairs_arith_v2.csv,10234,arithmetic,gsm8k_test_1144,train,remove,C0_exact,gsm8k_copy
pairs_arith_v2.csv,10235,arithmetic,gsm8k_test_1144,train,remove,C1_transformed,lmsys_rephrase
pairs_arith_v2.csv,10236,arithmetic,gsm8k_test_1144,train,remove,C2_answer_bearing,gsm8k_solution_frag
pairs_arith_v2.csv,10237,arithmetic,gsm8k_test_1144,train,retain,H2_same_template,gsmplus_numerical_substitution
pairs_arith_v2.csv,10238,arithmetic,gsm8k_test_1144,train,remove,C1_transformed,gsmplus_problem_understanding
pairs_arith_v2.csv,10239,arithmetic,gsm8k_test_1144,train,retain,H2_same_template,gsmplus_critical_thinking
pairs_arith_v2.csv,10240,arithmetic,gsm8k_test_1144,train,retain,H1_same_topic,svamp
pairs_arith_v2.csv,10241,arithmetic,gsm8k_test_1144,train,retain,H3_predating,asdiv
pairs_arith_v2.csv,10242,arithmetic,gsm8k_test_1144,train,retain,R_random,truthfulqa
pairs_arith_v2.csv,10243,arithmetic,gsm8k_test_1145,train,remove,C0_exact,gsm8k_copy
pairs_arith_v2.csv,10244,arithmetic,gsm8k_test_1145,train,remove,C1_transformed,lmsys_rephrase
pairs_arith_v2.csv,10245,arithmetic,gsm8k_test_1145,train,remove,C2_answer_bearing,gsm8k_solution_frag
pairs_arith_v2.csv,10246,arithmetic,gsm8k_test_1145,train,retain,H2_same_template,gsmplus_numerical_substitution
pairs_arith_v2.csv,10247,arithmetic,gsm8k_test_1145,train,remove,C1_transformed,gsmplus_problem_understanding
pairs_arith_v2.csv,10248,arithmetic,gsm8k_test_1145,train,retain,H2_same_template,gsmplus_critical_thinking
pairs_arith_v2.csv,10249,arithmetic,gsm8k_test_1145,train,retain,H1_same_topic,svamp
pairs_arith_v2.csv,10250,arithmetic,gsm8k_test_1145,train,retain,H3_predating,asdiv
pairs_arith_v2.csv,10251,arithmetic,gsm8k_test_1145,train,retain,R_random,truthfulqa
pairs_arith_v2.csv,10261,arithmetic,gsm8k_test_1147,train,remove,C0_exact,gsm8k_copy
pairs_arith_v2.csv,10262,arithmetic,gsm8k_test_1147,train,remove,C1_transformed,lmsys_rephrase
pairs_arith_v2.csv,10263,arithmetic,gsm8k_test_1147,train,remove,C2_answer_bearing,gsm8k_solution_frag
pairs_arith_v2.csv,10264,arithmetic,gsm8k_test_1147,train,remove,C1_transformed,gsmplus_problem_understanding
pairs_arith_v2.csv,10265,arithmetic,gsm8k_test_1147,train,retain,H2_same_template,gsmplus_critical_thinking
pairs_arith_v2.csv,10266,arithmetic,gsm8k_test_1147,train,retain,H1_same_topic,svamp
pairs_arith_v2.csv,10267,arithmetic,gsm8k_test_1147,train,retain,H3_predating,asdiv
pairs_arith_v2.csv,10268,arithmetic,gsm8k_test_1147,train,retain,R_random,truthfulqa
pairs_arith_v2.csv,10269,arithmetic,gsm8k_test_1148,train,remove,C0_exact,gsm8k_copy
pairs_arith_v2.csv,10270,arithmetic,gsm8k_test_1148,train,remove,C1_transformed,lmsys_rephrase
pairs_arith_v2.csv,10271,arithmetic,gsm8k_test_1148,train,remove,C2_answer_bearing,gsm8k_solution_frag
pairs_arith_v2.csv,10272,arithmetic,gsm8k_test_1148,train,retain,H2_same_template,gsmplus_numerical_substitution
pairs_arith_v2.csv,10273,arithmetic,gsm8k_test_1148,train,remove,C1_transformed,gsmplus_problem_understanding
pairs_arith_v2.csv,10274,arithmetic,gsm8k_test_1148,train,retain,H2_same_template,gsmplus_critical_thinking
pairs_arith_v2.csv,10275,arithmetic,gsm8k_test_1148,train,retain,H1_same_topic,svamp
pairs_arith_v2.csv,10276,arithmetic,gsm8k_test_1148,train,retain,H3_predating,asdiv
pairs_arith_v2.csv,10277,arithmetic,gsm8k_test_1148,train,retain,R_random,truthfulqa
pairs_arith_v2.csv,10296,arithmetic,gsm8k_test_1151,train,remove,C0_exact,gsm8k_copy
pairs_arith_v2.csv,10297,arithmetic,gsm8k_test_1151,train,remove,C1_transformed,lmsys_rephrase
pairs_arith_v2.csv,10298,arithmetic,gsm8k_test_1151,train,remove,C2_answer_bearing,gsm8k_solution_frag
pairs_arith_v2.csv,10299,arithmetic,gsm8k_test_1151,train,remove,C1_transformed,gsmplus_problem_understanding
pairs_arith_v2.csv,10300,arithmetic,gsm8k_test_1151,train,retain,H2_same_template,gsmplus_critical_thinking
pairs_arith_v2.csv,10301,arithmetic,gsm8k_test_1151,train,retain,H1_same_topic,svamp
pairs_arith_v2.csv,10302,arithmetic,gsm8k_test_1151,train,retain,H3_predating,asdiv
pairs_arith_v2.csv,10303,arithmetic,gsm8k_test_1151,train,retain,R_random,truthfulqa
pairs_arith_v2.csv,10322,arithmetic,gsm8k_test_1154,train,remove,C0_exact,gsm8k_copy
pairs_arith_v2.csv,10323,arithmetic,gsm8k_test_1154,train,remove,C1_transformed,lmsys_rephrase
pairs_arith_v2.csv,10324,arithmetic,gsm8k_test_1154,train,remove,C2_answer_bearing,gsm8k_solution_frag
pairs_arith_v2.csv,10325,arithmetic,gsm8k_test_1154,train,retain,H2_same_template,gsmplus_numerical_substitution
pairs_arith_v2.csv,10326,arithmetic,gsm8k_test_1154,train,remove,C1_transformed,gsmplus_problem_understanding
pairs_arith_v2.csv,10327,arithmetic,gsm8k_test_1154,train,retain,H2_same_template,gsmplus_critical_thinking
pairs_arith_v2.csv,10328,arithmetic,gsm8k_test_1154,train,retain,H1_same_topic,svamp
pairs_arith_v2.csv,10329,arithmetic,gsm8k_test_1154,train,retain,H3_predating,asdiv
pairs_arith_v2.csv,10330,arithmetic,gsm8k_test_1154,train,retain,R_random,truthfulqa
pairs_arith_v2.csv,10331,arithmetic,gsm8k_test_1155,train,remove,C0_exact,gsm8k_copy
pairs_arith_v2.csv,10332,arithmetic,gsm8k_test_1155,train,remove,C1_transformed,lmsys_rephrase
pairs_arith_v2.csv,10333,arithmetic,gsm8k_test_1155,train,remove,C2_answer_bearing,gsm8k_solution_frag
pairs_arith_v2.csv,10334,arithmetic,gsm8k_test_1155,train,retain,H2_same_template,gsmplus_numerical_substitution
pairs_arith_v2.csv,10335,arithmetic,gsm8k_test_1155,train,remove,C1_transformed,gsmplus_problem_understanding
pairs_arith_v2.csv,10336,arithmetic,gsm8k_test_1155,train,retain,H2_same_template,gsmplus_critical_thinking
pairs_arith_v2.csv,10337,arithmetic,gsm8k_test_1155,train,retain,H1_same_topic,svamp
pairs_arith_v2.csv,10338,arithmetic,gsm8k_test_1155,train,retain,H3_predating,asdiv
pairs_arith_v2.csv,10339,arithmetic,gsm8k_test_1155,train,retain,R_random,truthfulqa
pairs_arith_v2.csv,10358,arithmetic,gsm8k_test_1158,train,remove,C0_exact,gsm8k_copy
pairs_arith_v2.csv,10359,arithmetic,gsm8k_test_1158,train,remove,C1_transformed,lmsys_rephrase
pairs_arith_v2.csv,10360,arithmetic,gsm8k_test_1158,train,remove,C2_answer_bearing,gsm8k_solution_frag
pairs_arith_v2.csv,10361,arithmetic,gsm8k_test_1158,train,retain,H2_same_template,gsmplus_numerical_substitution
pairs_arith_v2.csv,10362,arithmetic,gsm8k_test_1158,train,remove,C1_transformed,gsmplus_problem_understanding
pairs_arith_v2.csv,10363,arithmetic,gsm8k_test_1158,train,retain,H2_same_template,gsmplus_critical_thinking
pairs_arith_v2.csv,10364,arithmetic,gsm8k_test_1158,train,retain,H1_same_topic,svamp
pairs_arith_v2.csv,10365,arithmetic,gsm8k_test_1158,train,retain,H3_predating,asdiv
pairs_arith_v2.csv,10366,arithmetic,gsm8k_test_1158,train,retain,R_random,truthfulqa
pairs_arith_v2.csv,10367,arithmetic,gsm8k_test_1159,train,remove,C0_exact,gsm8k_copy
pairs_arith_v2.csv,10368,arithmetic,gsm8k_test_1159,train,remove,C1_transformed,lmsys_rephrase
pairs_arith_v2.csv,10369,arithmetic,gsm8k_test_1159,train,remove,C2_answer_bearing,gsm8k_solution_frag
pairs_arith_v2.csv,10370,arithmetic,gsm8k_test_1159,train,remove,C1_transformed,gsmplus_problem_understanding
pairs_arith_v2.csv,10371,arithmetic,gsm8k_test_1159,train,retain,H2_same_template,gsmplus_critical_thinking
pairs_arith_v2.csv,10372,arithmetic,gsm8k_test_1159,train,retain,H1_same_topic,svamp
pairs_arith_v2.csv,10373,arithmetic,gsm8k_test_1159,train,retain,H3_predating,asdiv
pairs_arith_v2.csv,10374,arithmetic,gsm8k_test_1159,train,retain,R_random,truthfulqa
pairs_arith_v2.csv,10375,arithmetic,gsm8k_test_1160,train,remove,C0_exact,gsm8k_copy
pairs_arith_v2.csv,10376,arithmetic,gsm8k_test_1160,train,remove,C1_transformed,lmsys_rephrase
pairs_arith_v2.csv,10377,arithmetic,gsm8k_test_1160,train,remove,C2_answer_bearing,gsm8k_solution_frag
pairs_arith_v2.csv,10378,arithmetic,gsm8k_test_1160,train,retain,H2_same_template,gsmplus_numerical_substitution
pairs_arith_v2.csv,10379,arithmetic,gsm8k_test_1160,train,remove,C1_transformed,gsmplus_problem_understanding
pairs_arith_v2.csv,10380,arithmetic,gsm8k_test_1160,train,retain,H2_same_template,gsmplus_critical_thinking
pairs_arith_v2.csv,10381,arithmetic,gsm8k_test_1160,train,retain,H1_same_topic,svamp
pairs_arith_v2.csv,10382,arithmetic,gsm8k_test_1160,train,retain,H3_predating,asdiv
pairs_arith_v2.csv,10383,arithmetic,gsm8k_test_1160,train,retain,R_random,truthfulqa
pairs_arith_v2.csv,10411,arithmetic,gsm8k_test_1164,train,remove,C0_exact,gsm8k_copy
pairs_arith_v2.csv,10412,arithmetic,gsm8k_test_1164,train,remove,C1_transformed,lmsys_rephrase
pairs_arith_v2.csv,10413,arithmetic,gsm8k_test_1164,train,remove,C2_answer_bearing,gsm8k_solution_frag
pairs_arith_v2.csv,10414,arithmetic,gsm8k_test_1164,train,retain,H2_same_template,gsmplus_numerical_substitution
pairs_arith_v2.csv,10415,arithmetic,gsm8k_test_1164,train,remove,C1_transformed,gsmplus_problem_understanding
pairs_arith_v2.csv,10416,arithmetic,gsm8k_test_1164,train,retain,H2_same_template,gsmplus_critical_thinking
pairs_arith_v2.csv,10417,arithmetic,gsm8k_test_1164,train,retain,H1_same_topic,svamp
pairs_arith_v2.csv,10418,arithmetic,gsm8k_test_1164,train,retain,H3_predating,asdiv
pairs_arith_v2.csv,10419,arithmetic,gsm8k_test_1164,train,retain,R_random,truthfulqa
pairs_arith_v2.csv,10429,arithmetic,gsm8k_test_1166,train,remove,C0_exact,gsm8k_copy
pairs_arith_v2.csv,10430,arithmetic,gsm8k_test_1166,train,remove,C1_transformed,lmsys_rephrase
pairs_arith_v2.csv,10431,arithmetic,gsm8k_test_1166,train,remove,C2_answer_bearing,gsm8k_solution_frag
pairs_arith_v2.csv,10432,arithmetic,gsm8k_test_1166,train,retain,H2_same_template,gsmplus_numerical_substitution
pairs_arith_v2.csv,10433,arithmetic,gsm8k_test_1166,train,remove,C1_transformed,gsmplus_problem_understanding
pairs_arith_v2.csv,10434,arithmetic,gsm8k_test_1166,train,retain,H2_same_template,gsmplus_critical_thinking
pairs_arith_v2.csv,10435,arithmetic,gsm8k_test_1166,train,retain,H1_same_topic,svamp
pairs_arith_v2.csv,10436,arithmetic,gsm8k_test_1166,train,retain,H3_predating,asdiv
pairs_arith_v2.csv,10437,arithmetic,gsm8k_test_1166,train,retain,R_random,truthfulqa
pairs_arith_v2.csv,10438,arithmetic,gsm8k_test_1167,train,remove,C0_exact,gsm8k_copy
pairs_arith_v2.csv,10439,arithmetic,gsm8k_test_1167,train,remove,C1_transformed,lmsys_rephrase
pairs_arith_v2.csv,10440,arithmetic,gsm8k_test_1167,train,remove,C2_answer_bearing,gsm8k_solution_frag
pairs_arith_v2.csv,10441,arithmetic,gsm8k_test_1167,train,retain,H2_same_template,gsmplus_numerical_substitution
pairs_arith_v2.csv,10442,arithmetic,gsm8k_test_1167,train,remove,C1_transformed,gsmplus_problem_understanding
pairs_arith_v2.csv,10443,arithmetic,gsm8k_test_1167,train,retain,H2_same_template,gsmplus_critical_thinking
pairs_arith_v2.csv,10444,arithmetic,gsm8k_test_1167,train,retain,H1_same_topic,svamp
pairs_arith_v2.csv,10445,arithmetic,gsm8k_test_1167,train,retain,H3_predating,asdiv
pairs_arith_v2.csv,10446,arithmetic,gsm8k_test_1167,train,retain,R_random,truthfulqa
pairs_arith_v2.csv,10465,arithmetic,gsm8k_test_1170,train,remove,C0_exact,gsm8k_copy
pairs_arith_v2.csv,10466,arithmetic,gsm8k_test_1170,train,remove,C1_transformed,lmsys_rephrase
pairs_arith_v2.csv,10467,arithmetic,gsm8k_test_1170,train,remove,C2_answer_bearing,gsm8k_solution_frag
pairs_arith_v2.csv,10468,arithmetic,gsm8k_test_1170,train,retain,H2_same_template,gsmplus_numerical_substitution
pairs_arith_v2.csv,10469,arithmetic,gsm8k_test_1170,train,remove,C1_transformed,gsmplus_problem_understanding
pairs_arith_v2.csv,10470,arithmetic,gsm8k_test_1170,train,retain,H2_same_template,gsmplus_critical_thinking
pairs_arith_v2.csv,10471,arithmetic,gsm8k_test_1170,train,retain,H1_same_topic,svamp
pairs_arith_v2.csv,10472,arithmetic,gsm8k_test_1170,train,retain,H3_predating,asdiv
pairs_arith_v2.csv,10473,arithmetic,gsm8k_test_1170,train,retain,R_random,truthfulqa
pairs_arith_v2.csv,10553,arithmetic,gsm8k_test_1180,train,remove,C0_exact,gsm8k_copy
pairs_arith_v2.csv,10554,arithmetic,gsm8k_test_1180,train,remove,C1_transformed,lmsys_rephrase
pairs_arith_v2.csv,10555,arithmetic,gsm8k_test_1180,train,remove,C2_answer_bearing,gsm8k_solution_frag
pairs_arith_v2.csv,10556,arithmetic,gsm8k_test_1180,train,retain,H2_same_template,gsmplus_numerical_substitution
pairs_arith_v2.csv,10557,arithmetic,gsm8k_test_1180,train,remove,C1_transformed,gsmplus_problem_understanding
pairs_arith_v2.csv,10558,arithmetic,gsm8k_test_1180,train,retain,H2_same_template,gsmplus_critical_thinking
pairs_arith_v2.csv,10559,arithmetic,gsm8k_test_1180,train,retain,H1_same_topic,svamp
pairs_arith_v2.csv,10560,arithmetic,gsm8k_test_1180,train,retain,H3_predating,asdiv
pairs_arith_v2.csv,10561,arithmetic,gsm8k_test_1180,train,retain,R_random,truthfulqa
pairs_arith_v2.csv,10571,arithmetic,gsm8k_test_1182,train,remove,C0_exact,gsm8k_copy
pairs_arith_v2.csv,10572,arithmetic,gsm8k_test_1182,train,remove,C1_transformed,lmsys_rephrase
pairs_arith_v2.csv,10573,arithmetic,gsm8k_test_1182,train,remove,C2_answer_bearing,gsm8k_solution_frag
pairs_arith_v2.csv,10574,arithmetic,gsm8k_test_1182,train,remove,C1_transformed,gsmplus_problem_understanding
pairs_arith_v2.csv,10575,arithmetic,gsm8k_test_1182,train,retain,H2_same_template,gsmplus_critical_thinking
pairs_arith_v2.csv,10576,arithmetic,gsm8k_test_1182,train,retain,H1_same_topic,svamp
pairs_arith_v2.csv,10577,arithmetic,gsm8k_test_1182,train,retain,H3_predating,asdiv
pairs_arith_v2.csv,10578,arithmetic,gsm8k_test_1182,train,retain,R_random,truthfulqa
pairs_arith_v2.csv,10588,arithmetic,gsm8k_test_1184,train,remove,C0_exact,gsm8k_copy
pairs_arith_v2.csv,10589,arithmetic,gsm8k_test_1184,train,remove,C1_transformed,lmsys_rephrase
pairs_arith_v2.csv,10590,arithmetic,gsm8k_test_1184,train,remove,C2_answer_bearing,gsm8k_solution_frag
pairs_arith_v2.csv,10591,arithmetic,gsm8k_test_1184,train,retain,H2_same_template,gsmplus_numerical_substitution
pairs_arith_v2.csv,10592,arithmetic,gsm8k_test_1184,train,remove,C1_transformed,gsmplus_problem_understanding
pairs_arith_v2.csv,10593,arithmetic,gsm8k_test_1184,train,retain,H2_same_template,gsmplus_critical_thinking
pairs_arith_v2.csv,10594,arithmetic,gsm8k_test_1184,train,retain,H1_same_topic,svamp
pairs_arith_v2.csv,10595,arithmetic,gsm8k_test_1184,train,retain,H3_predating,asdiv
pairs_arith_v2.csv,10596,arithmetic,gsm8k_test_1184,train,retain,R_random,truthfulqa
pairs_arith_v2.csv,10597,arithmetic,gsm8k_test_1185,train,remove,C0_exact,gsm8k_copy
pairs_arith_v2.csv,10598,arithmetic,gsm8k_test_1185,train,remove,C1_transformed,lmsys_rephrase
pairs_arith_v2.csv,10599,arithmetic,gsm8k_test_1185,train,remove,C2_answer_bearing,gsm8k_solution_frag
pairs_arith_v2.csv,10600,arithmetic,gsm8k_test_1185,train,retain,H2_same_template,gsmplus_numerical_substitution
pairs_arith_v2.csv,10601,arithmetic,gsm8k_test_1185,train,remove,C1_transformed,gsmplus_problem_understanding
pairs_arith_v2.csv,10602,arithmetic,gsm8k_test_1185,train,retain,H2_same_template,gsmplus_critical_thinking
pairs_arith_v2.csv,10603,arithmetic,gsm8k_test_1185,train,retain,H1_same_topic,svamp
pairs_arith_v2.csv,10604,arithmetic,gsm8k_test_1185,train,retain,H3_predating,asdiv
pairs_arith_v2.csv,10605,arithmetic,gsm8k_test_1185,train,retain,R_random,truthfulqa
pairs_arith_v2.csv,10641,arithmetic,gsm8k_test_1190,train,remove,C0_exact,gsm8k_copy
pairs_arith_v2.csv,10642,arithmetic,gsm8k_test_1190,train,remove,C1_transformed,lmsys_rephrase
pairs_arith_v2.csv,10643,arithmetic,gsm8k_test_1190,train,remove,C2_answer_bearing,gsm8k_solution_frag
pairs_arith_v2.csv,10644,arithmetic,gsm8k_test_1190,train,retain,H2_same_template,gsmplus_numerical_substitution
pairs_arith_v2.csv,10645,arithmetic,gsm8k_test_1190,train,remove,C1_transformed,gsmplus_problem_understanding
pairs_arith_v2.csv,10646,arithmetic,gsm8k_test_1190,train,retain,H2_same_template,gsmplus_critical_thinking
pairs_arith_v2.csv,10647,arithmetic,gsm8k_test_1190,train,retain,H1_same_topic,svamp
pairs_arith_v2.csv,10648,arithmetic,gsm8k_test_1190,train,retain,H3_predating,asdiv
pairs_arith_v2.csv,10649,arithmetic,gsm8k_test_1190,train,retain,R_random,truthfulqa
pairs_arith_v2.csv,10713,arithmetic,gsm8k_test_1198,train,remove,C0_exact,gsm8k_copy
pairs_arith_v2.csv,10714,arithmetic,gsm8k_test_1198,train,remove,C1_transformed,lmsys_rephrase
pairs_arith_v2.csv,10715,arithmetic,gsm8k_test_1198,train,remove,C2_answer_bearing,gsm8k_solution_frag
pairs_arith_v2.csv,10716,arithmetic,gsm8k_test_1198,train,retain,H2_same_template,gsmplus_numerical_substitution
pairs_arith_v2.csv,10717,arithmetic,gsm8k_test_1198,train,remove,C1_transformed,gsmplus_problem_understanding
pairs_arith_v2.csv,10718,arithmetic,gsm8k_test_1198,train,retain,H2_same_template,gsmplus_critical_thinking
pairs_arith_v2.csv,10719,arithmetic,gsm8k_test_1198,train,retain,H1_same_topic,svamp
pairs_arith_v2.csv,10720,arithmetic,gsm8k_test_1198,train,retain,H3_predating,asdiv
pairs_arith_v2.csv,10721,arithmetic,gsm8k_test_1198,train,retain,R_random,truthfulqa
pairs_arith_v2.csv,10722,arithmetic,gsm8k_test_1199,train,remove,C0_exact,gsm8k_copy
pairs_arith_v2.csv,10723,arithmetic,gsm8k_test_1199,train,remove,C1_transformed,lmsys_rephrase
pairs_arith_v2.csv,10724,arithmetic,gsm8k_test_1199,train,remove,C2_answer_bearing,gsm8k_solution_frag
pairs_arith_v2.csv,10725,arithmetic,gsm8k_test_1199,train,retain,H2_same_template,gsmplus_numerical_substitution
pairs_arith_v2.csv,10726,arithmetic,gsm8k_test_1199,train,remove,C1_transformed,gsmplus_problem_understanding
pairs_arith_v2.csv,10727,arithmetic,gsm8k_test_1199,train,retain,H2_same_template,gsmplus_critical_thinking
pairs_arith_v2.csv,10728,arithmetic,gsm8k_test_1199,train,retain,H1_same_topic,svamp
pairs_arith_v2.csv,10729,arithmetic,gsm8k_test_1199,train,retain,H3_predating,asdiv
pairs_arith_v2.csv,10730,arithmetic,gsm8k_test_1199,train,retain,R_random,truthfulqa
pairs_arith_v2.csv,10748,arithmetic,gsm8k_test_1202,train,remove,C0_exact,gsm8k_copy
pairs_arith_v2.csv,10749,arithmetic,gsm8k_test_1202,train,remove,C1_transformed,lmsys_rephrase
pairs_arith_v2.csv,10750,arithmetic,gsm8k_test_1202,train,remove,C2_answer_bearing,gsm8k_solution_frag
pairs_arith_v2.csv,10751,arithmetic,gsm8k_test_1202,train,remove,C1_transformed,gsmplus_problem_understanding
pairs_arith_v2.csv,10752,arithmetic,gsm8k_test_1202,train,retain,H2_same_template,gsmplus_critical_thinking
pairs_arith_v2.csv,10753,arithmetic,gsm8k_test_1202,train,retain,H1_same_topic,svamp
pairs_arith_v2.csv,10754,arithmetic,gsm8k_test_1202,train,retain,H3_predating,asdiv
pairs_arith_v2.csv,10755,arithmetic,gsm8k_test_1202,train,retain,R_random,truthfulqa
pairs_arith_v2.csv,10792,arithmetic,gsm8k_test_1207,train,remove,C0_exact,gsm8k_copy
pairs_arith_v2.csv,10793,arithmetic,gsm8k_test_1207,train,remove,C1_transformed,lmsys_rephrase
pairs_arith_v2.csv,10794,arithmetic,gsm8k_test_1207,train,remove,C2_answer_bearing,gsm8k_solution_frag
pairs_arith_v2.csv,10795,arithmetic,gsm8k_test_1207,train,retain,H2_same_template,gsmplus_numerical_substitution
pairs_arith_v2.csv,10796,arithmetic,gsm8k_test_1207,train,remove,C1_transformed,gsmplus_problem_understanding
pairs_arith_v2.csv,10797,arithmetic,gsm8k_test_1207,train,retain,H2_same_template,gsmplus_critical_thinking
pairs_arith_v2.csv,10798,arithmetic,gsm8k_test_1207,train,retain,H1_same_topic,svamp
pairs_arith_v2.csv,10799,arithmetic,gsm8k_test_1207,train,retain,H3_predating,asdiv
pairs_arith_v2.csv,10800,arithmetic,gsm8k_test_1207,train,retain,R_random,truthfulqa
pairs_arith_v2.csv,10837,arithmetic,gsm8k_test_1212,train,remove,C0_exact,gsm8k_copy
pairs_arith_v2.csv,10838,arithmetic,gsm8k_test_1212,train,remove,C1_transformed,lmsys_rephrase
pairs_arith_v2.csv,10839,arithmetic,gsm8k_test_1212,train,remove,C2_answer_bearing,gsm8k_solution_frag
pairs_arith_v2.csv,10840,arithmetic,gsm8k_test_1212,train,retain,H2_same_template,gsmplus_numerical_substitution
pairs_arith_v2.csv,10841,arithmetic,gsm8k_test_1212,train,remove,C1_transformed,gsmplus_problem_understanding
pairs_arith_v2.csv,10842,arithmetic,gsm8k_test_1212,train,retain,H2_same_template,gsmplus_critical_thinking
pairs_arith_v2.csv,10843,arithmetic,gsm8k_test_1212,train,retain,H1_same_topic,svamp
pairs_arith_v2.csv,10844,arithmetic,gsm8k_test_1212,train,retain,H3_predating,asdiv
pairs_arith_v2.csv,10845,arithmetic,gsm8k_test_1212,train,retain,R_random,truthfulqa
pairs_arith_v2.csv,10855,arithmetic,gsm8k_test_1214,train,remove,C0_exact,gsm8k_copy
pairs_arith_v2.csv,10856,arithmetic,gsm8k_test_1214,train,remove,C1_transformed,lmsys_rephrase
pairs_arith_v2.csv,10857,arithmetic,gsm8k_test_1214,train,remove,C2_answer_bearing,gsm8k_solution_frag
pairs_arith_v2.csv,10858,arithmetic,gsm8k_test_1214,train,retain,H2_same_template,gsmplus_numerical_substitution
pairs_arith_v2.csv,10859,arithmetic,gsm8k_test_1214,train,remove,C1_transformed,gsmplus_problem_understanding
pairs_arith_v2.csv,10860,arithmetic,gsm8k_test_1214,train,retain,H2_same_template,gsmplus_critical_thinking
pairs_arith_v2.csv,10861,arithmetic,gsm8k_test_1214,train,retain,H1_same_topic,svamp
pairs_arith_v2.csv,10862,arithmetic,gsm8k_test_1214,train,retain,H3_predating,asdiv
pairs_arith_v2.csv,10863,arithmetic,gsm8k_test_1214,train,retain,R_random,truthfulqa
pairs_arith_v2.csv,10873,arithmetic,gsm8k_test_1216,train,remove,C0_exact,gsm8k_copy
pairs_arith_v2.csv,10874,arithmetic,gsm8k_test_1216,train,remove,C1_transformed,lmsys_rephrase
pairs_arith_v2.csv,10875,arithmetic,gsm8k_test_1216,train,remove,C2_answer_bearing,gsm8k_solution_frag
pairs_arith_v2.csv,10876,arithmetic,gsm8k_test_1216,train,retain,H2_same_template,gsmplus_numerical_substitution
pairs_arith_v2.csv,10877,arithmetic,gsm8k_test_1216,train,remove,C1_transformed,gsmplus_problem_understanding
pairs_arith_v2.csv,10878,arithmetic,gsm8k_test_1216,train,retain,H2_same_template,gsmplus_critical_thinking
pairs_arith_v2.csv,10879,arithmetic,gsm8k_test_1216,train,retain,H1_same_topic,svamp
pairs_arith_v2.csv,10880,arithmetic,gsm8k_test_1216,train,retain,H3_predating,asdiv
pairs_arith_v2.csv,10881,arithmetic,gsm8k_test_1216,train,retain,R_random,truthfulqa
pairs_arith_v2.csv,10882,arithmetic,gsm8k_test_1217,train,remove,C0_exact,gsm8k_copy
pairs_arith_v2.csv,10883,arithmetic,gsm8k_test_1217,train,remove,C1_transformed,lmsys_rephrase
pairs_arith_v2.csv,10884,arithmetic,gsm8k_test_1217,train,remove,C2_answer_bearing,gsm8k_solution_frag
pairs_arith_v2.csv,10885,arithmetic,gsm8k_test_1217,train,retain,H2_same_template,gsmplus_numerical_substitution
pairs_arith_v2.csv,10886,arithmetic,gsm8k_test_1217,train,remove,C1_transformed,gsmplus_problem_understanding
pairs_arith_v2.csv,10887,arithmetic,gsm8k_test_1217,train,retain,H2_same_template,gsmplus_critical_thinking
pairs_arith_v2.csv,10888,arithmetic,gsm8k_test_1217,train,retain,H1_same_topic,svamp
pairs_arith_v2.csv,10889,arithmetic,gsm8k_test_1217,train,retain,H3_predating,asdiv
pairs_arith_v2.csv,10890,arithmetic,gsm8k_test_1217,train,retain,R_random,truthfulqa
pairs_arith_v2.csv,10945,arithmetic,gsm8k_test_1224,train,remove,C0_exact,gsm8k_copy
pairs_arith_v2.csv,10946,arithmetic,gsm8k_test_1224,train,remove,C1_transformed,lmsys_rephrase
pairs_arith_v2.csv,10947,arithmetic,gsm8k_test_1224,train,remove,C2_answer_bearing,gsm8k_solution_frag
pairs_arith_v2.csv,10948,arithmetic,gsm8k_test_1224,train,retain,H2_same_template,gsmplus_numerical_substitution
pairs_arith_v2.csv,10949,arithmetic,gsm8k_test_1224,train,remove,C1_transformed,gsmplus_problem_understanding
pairs_arith_v2.csv,10950,arithmetic,gsm8k_test_1224,train,retain,H2_same_template,gsmplus_critical_thinking
pairs_arith_v2.csv,10951,arithmetic,gsm8k_test_1224,train,retain,H1_same_topic,svamp
pairs_arith_v2.csv,10952,arithmetic,gsm8k_test_1224,train,retain,H3_predating,asdiv
pairs_arith_v2.csv,10953,arithmetic,gsm8k_test_1224,train,retain,R_random,truthfulqa
pairs_arith_v2.csv,10954,arithmetic,gsm8k_test_1225,train,remove,C0_exact,gsm8k_copy
pairs_arith_v2.csv,10955,arithmetic,gsm8k_test_1225,train,remove,C1_transformed,lmsys_rephrase
pairs_arith_v2.csv,10956,arithmetic,gsm8k_test_1225,train,remove,C2_answer_bearing,gsm8k_solution_frag
pairs_arith_v2.csv,10957,arithmetic,gsm8k_test_1225,train,retain,H2_same_template,gsmplus_numerical_substitution
pairs_arith_v2.csv,10958,arithmetic,gsm8k_test_1225,train,remove,C1_transformed,gsmplus_problem_understanding
pairs_arith_v2.csv,10959,arithmetic,gsm8k_test_1225,train,retain,H2_same_template,gsmplus_critical_thinking
pairs_arith_v2.csv,10960,arithmetic,gsm8k_test_1225,train,retain,H1_same_topic,svamp
pairs_arith_v2.csv,10961,arithmetic,gsm8k_test_1225,train,retain,H3_predating,asdiv
pairs_arith_v2.csv,10962,arithmetic,gsm8k_test_1225,train,retain,R_random,truthfulqa
pairs_arith_v2.csv,10972,arithmetic,gsm8k_test_1227,train,remove,C0_exact,gsm8k_copy
pairs_arith_v2.csv,10973,arithmetic,gsm8k_test_1227,train,remove,C1_transformed,lmsys_rephrase
pairs_arith_v2.csv,10974,arithmetic,gsm8k_test_1227,train,remove,C2_answer_bearing,gsm8k_solution_frag
pairs_arith_v2.csv,10975,arithmetic,gsm8k_test_1227,train,retain,H2_same_template,gsmplus_numerical_substitution
pairs_arith_v2.csv,10976,arithmetic,gsm8k_test_1227,train,remove,C1_transformed,gsmplus_problem_understanding
pairs_arith_v2.csv,10977,arithmetic,gsm8k_test_1227,train,retain,H2_same_template,gsmplus_critical_thinking
pairs_arith_v2.csv,10978,arithmetic,gsm8k_test_1227,train,retain,H1_same_topic,svamp
pairs_arith_v2.csv,10979,arithmetic,gsm8k_test_1227,train,retain,H3_predating,asdiv
pairs_arith_v2.csv,10980,arithmetic,gsm8k_test_1227,train,retain,R_random,truthfulqa
pairs_arith_v2.csv,10999,arithmetic,gsm8k_test_1230,train,remove,C0_exact,gsm8k_copy
pairs_arith_v2.csv,11000,arithmetic,gsm8k_test_1230,train,remove,C1_transformed,lmsys_rephrase
pairs_arith_v2.csv,11001,arithmetic,gsm8k_test_1230,train,remove,C2_answer_bearing,gsm8k_solution_frag
pairs_arith_v2.csv,11002,arithmetic,gsm8k_test_1230,train,retain,H2_same_template,gsmplus_numerical_substitution
pairs_arith_v2.csv,11003,arithmetic,gsm8k_test_1230,train,remove,C1_transformed,gsmplus_problem_understanding
pairs_arith_v2.csv,11004,arithmetic,gsm8k_test_1230,train,retain,H2_same_template,gsmplus_critical_thinking
pairs_arith_v2.csv,11005,arithmetic,gsm8k_test_1230,train,retain,H1_same_topic,svamp
pairs_arith_v2.csv,11006,arithmetic,gsm8k_test_1230,train,retain,H3_predating,asdiv
pairs_arith_v2.csv,11007,arithmetic,gsm8k_test_1230,train,retain,R_random,truthfulqa
pairs_arith_v2.csv,11017,arithmetic,gsm8k_test_1232,train,remove,C0_exact,gsm8k_copy
pairs_arith_v2.csv,11018,arithmetic,gsm8k_test_1232,train,remove,C1_transformed,lmsys_rephrase
pairs_arith_v2.csv,11019,arithmetic,gsm8k_test_1232,train,remove,C2_answer_bearing,gsm8k_solution_frag
pairs_arith_v2.csv,11020,arithmetic,gsm8k_test_1232,train,retain,H2_same_template,gsmplus_numerical_substitution
pairs_arith_v2.csv,11021,arithmetic,gsm8k_test_1232,train,remove,C1_transformed,gsmplus_problem_understanding
pairs_arith_v2.csv,11022,arithmetic,gsm8k_test_1232,train,retain,H2_same_template,gsmplus_critical_thinking
pairs_arith_v2.csv,11023,arithmetic,gsm8k_test_1232,train,retain,H1_same_topic,svamp
pairs_arith_v2.csv,11024,arithmetic,gsm8k_test_1232,train,retain,H3_predating,asdiv
pairs_arith_v2.csv,11025,arithmetic,gsm8k_test_1232,train,retain,R_random,truthfulqa
pairs_arith_v2.csv,11026,arithmetic,gsm8k_test_1233,train,remove,C0_exact,gsm8k_copy
pairs_arith_v2.csv,11027,arithmetic,gsm8k_test_1233,train,remove,C1_transformed,lmsys_rephrase
pairs_arith_v2.csv,11028,arithmetic,gsm8k_test_1233,train,remove,C2_answer_bearing,gsm8k_solution_frag
pairs_arith_v2.csv,11029,arithmetic,gsm8k_test_1233,train,retain,H2_same_template,gsmplus_numerical_substitution
pairs_arith_v2.csv,11030,arithmetic,gsm8k_test_1233,train,remove,C1_transformed,gsmplus_problem_understanding
pairs_arith_v2.csv,11031,arithmetic,gsm8k_test_1233,train,retain,H2_same_template,gsmplus_critical_thinking
pairs_arith_v2.csv,11032,arithmetic,gsm8k_test_1233,train,retain,H1_same_topic,svamp
pairs_arith_v2.csv,11033,arithmetic,gsm8k_test_1233,train,retain,H3_predating,asdiv
pairs_arith_v2.csv,11034,arithmetic,gsm8k_test_1233,train,retain,R_random,truthfulqa
pairs_arith_v2.csv,11098,arithmetic,gsm8k_test_1241,train,remove,C0_exact,gsm8k_copy
pairs_arith_v2.csv,11099,arithmetic,gsm8k_test_1241,train,remove,C1_transformed,lmsys_rephrase
pairs_arith_v2.csv,11100,arithmetic,gsm8k_test_1241,train,remove,C2_answer_bearing,gsm8k_solution_frag
pairs_arith_v2.csv,11101,arithmetic,gsm8k_test_1241,train,retain,H2_same_template,gsmplus_numerical_substitution
pairs_arith_v2.csv,11102,arithmetic,gsm8k_test_1241,train,remove,C1_transformed,gsmplus_problem_understanding
pairs_arith_v2.csv,11103,arithmetic,gsm8k_test_1241,train,retain,H2_same_template,gsmplus_critical_thinking
pairs_arith_v2.csv,11104,arithmetic,gsm8k_test_1241,train,retain,H1_same_topic,svamp
pairs_arith_v2.csv,11105,arithmetic,gsm8k_test_1241,train,retain,H3_predating,asdiv
pairs_arith_v2.csv,11106,arithmetic,gsm8k_test_1241,train,retain,R_random,truthfulqa
pairs_arith_v2.csv,11107,arithmetic,gsm8k_test_1242,train,remove,C0_exact,gsm8k_copy
pairs_arith_v2.csv,11108,arithmetic,gsm8k_test_1242,train,remove,C1_transformed,lmsys_rephrase
pairs_arith_v2.csv,11109,arithmetic,gsm8k_test_1242,train,remove,C2_answer_bearing,gsm8k_solution_frag
pairs_arith_v2.csv,11110,arithmetic,gsm8k_test_1242,train,retain,H2_same_template,gsmplus_numerical_substitution
pairs_arith_v2.csv,11111,arithmetic,gsm8k_test_1242,train,remove,C1_transformed,gsmplus_problem_understanding
pairs_arith_v2.csv,11112,arithmetic,gsm8k_test_1242,train,retain,H2_same_template,gsmplus_critical_thinking
pairs_arith_v2.csv,11113,arithmetic,gsm8k_test_1242,train,retain,H1_same_topic,svamp
pairs_arith_v2.csv,11114,arithmetic,gsm8k_test_1242,train,retain,H3_predating,asdiv
pairs_arith_v2.csv,11115,arithmetic,gsm8k_test_1242,train,retain,R_random,truthfulqa
pairs_arith_v2.csv,11116,arithmetic,gsm8k_test_1243,train,remove,C0_exact,gsm8k_copy
pairs_arith_v2.csv,11117,arithmetic,gsm8k_test_1243,train,remove,C1_transformed,lmsys_rephrase
pairs_arith_v2.csv,11118,arithmetic,gsm8k_test_1243,train,remove,C2_answer_bearing,gsm8k_solution_frag
pairs_arith_v2.csv,11119,arithmetic,gsm8k_test_1243,train,retain,H2_same_template,gsmplus_numerical_substitution
pairs_arith_v2.csv,11120,arithmetic,gsm8k_test_1243,train,remove,C1_transformed,gsmplus_problem_understanding
pairs_arith_v2.csv,11121,arithmetic,gsm8k_test_1243,train,retain,H2_same_template,gsmplus_critical_thinking
pairs_arith_v2.csv,11122,arithmetic,gsm8k_test_1243,train,retain,H1_same_topic,svamp
pairs_arith_v2.csv,11123,arithmetic,gsm8k_test_1243,train,retain,H3_predating,asdiv
pairs_arith_v2.csv,11124,arithmetic,gsm8k_test_1243,train,retain,R_random,truthfulqa
pairs_arith_v2.csv,11143,arithmetic,gsm8k_test_1246,train,remove,C0_exact,gsm8k_copy
pairs_arith_v2.csv,11144,arithmetic,gsm8k_test_1246,train,remove,C1_transformed,lmsys_rephrase
pairs_arith_v2.csv,11145,arithmetic,gsm8k_test_1246,train,remove,C2_answer_bearing,gsm8k_solution_frag
pairs_arith_v2.csv,11146,arithmetic,gsm8k_test_1246,train,retain,H2_same_template,gsmplus_numerical_substitution
pairs_arith_v2.csv,11147,arithmetic,gsm8k_test_1246,train,remove,C1_transformed,gsmplus_problem_understanding
pairs_arith_v2.csv,11148,arithmetic,gsm8k_test_1246,train,retain,H2_same_template,gsmplus_critical_thinking
pairs_arith_v2.csv,11149,arithmetic,gsm8k_test_1246,train,retain,H1_same_topic,svamp
pairs_arith_v2.csv,11150,arithmetic,gsm8k_test_1246,train,retain,H3_predating,asdiv
pairs_arith_v2.csv,11151,arithmetic,gsm8k_test_1246,train,retain,R_random,truthfulqa
pairs_arith_v2.csv,11161,arithmetic,gsm8k_test_1248,train,remove,C0_exact,gsm8k_copy
pairs_arith_v2.csv,11162,arithmetic,gsm8k_test_1248,train,remove,C1_transformed,lmsys_rephrase
pairs_arith_v2.csv,11163,arithmetic,gsm8k_test_1248,train,remove,C2_answer_bearing,gsm8k_solution_frag
pairs_arith_v2.csv,11164,arithmetic,gsm8k_test_1248,train,retain,H2_same_template,gsmplus_numerical_substitution
pairs_arith_v2.csv,11165,arithmetic,gsm8k_test_1248,train,remove,C1_transformed,gsmplus_problem_understanding
pairs_arith_v2.csv,11166,arithmetic,gsm8k_test_1248,train,retain,H2_same_template,gsmplus_critical_thinking
pairs_arith_v2.csv,11167,arithmetic,gsm8k_test_1248,train,retain,H1_same_topic,svamp
pairs_arith_v2.csv,11168,arithmetic,gsm8k_test_1248,train,retain,H3_predating,asdiv
pairs_arith_v2.csv,11169,arithmetic,gsm8k_test_1248,train,retain,R_random,truthfulqa
pairs_arith_v2.csv,11170,arithmetic,gsm8k_test_1249,train,remove,C0_exact,gsm8k_copy
pairs_arith_v2.csv,11171,arithmetic,gsm8k_test_1249,train,remove,C1_transformed,lmsys_rephrase
pairs_arith_v2.csv,11172,arithmetic,gsm8k_test_1249,train,remove,C2_answer_bearing,gsm8k_solution_frag
pairs_arith_v2.csv,11173,arithmetic,gsm8k_test_1249,train,retain,H2_same_template,gsmplus_numerical_substitution
pairs_arith_v2.csv,11174,arithmetic,gsm8k_test_1249,train,remove,C1_transformed,gsmplus_problem_understanding
pairs_arith_v2.csv,11175,arithmetic,gsm8k_test_1249,train,retain,H2_same_template,gsmplus_critical_thinking
pairs_arith_v2.csv,11176,arithmetic,gsm8k_test_1249,train,retain,H1_same_topic,svamp
pairs_arith_v2.csv,11177,arithmetic,gsm8k_test_1249,train,retain,H3_predating,asdiv
pairs_arith_v2.csv,11178,arithmetic,gsm8k_test_1249,train,retain,R_random,truthfulqa
pairs_arith_v2.csv,11179,arithmetic,gsm8k_test_1250,train,remove,C0_exact,gsm8k_copy
pairs_arith_v2.csv,11180,arithmetic,gsm8k_test_1250,train,remove,C1_transformed,lmsys_rephrase
pairs_arith_v2.csv,11181,arithmetic,gsm8k_test_1250,train,remove,C2_answer_bearing,gsm8k_solution_frag
pairs_arith_v2.csv,11182,arithmetic,gsm8k_test_1250,train,retain,H2_same_template,gsmplus_numerical_substitution
pairs_arith_v2.csv,11183,arithmetic,gsm8k_test_1250,train,remove,C1_transformed,gsmplus_problem_understanding
pairs_arith_v2.csv,11184,arithmetic,gsm8k_test_1250,train,retain,H2_same_template,gsmplus_critical_thinking
pairs_arith_v2.csv,11185,arithmetic,gsm8k_test_1250,train,retain,H1_same_topic,svamp
pairs_arith_v2.csv,11186,arithmetic,gsm8k_test_1250,train,retain,H3_predating,asdiv
pairs_arith_v2.csv,11187,arithmetic,gsm8k_test_1250,train,retain,R_random,truthfulqa
pairs_arith_v2.csv,11215,arithmetic,gsm8k_test_1254,train,remove,C0_exact,gsm8k_copy
pairs_arith_v2.csv,11216,arithmetic,gsm8k_test_1254,train,remove,C1_transformed,lmsys_rephrase
pairs_arith_v2.csv,11217,arithmetic,gsm8k_test_1254,train,remove,C2_answer_bearing,gsm8k_solution_frag
pairs_arith_v2.csv,11218,arithmetic,gsm8k_test_1254,train,retain,H2_same_template,gsmplus_numerical_substitution
pairs_arith_v2.csv,11219,arithmetic,gsm8k_test_1254,train,remove,C1_transformed,gsmplus_problem_understanding
pairs_arith_v2.csv,11220,arithmetic,gsm8k_test_1254,train,retain,H2_same_template,gsmplus_critical_thinking
pairs_arith_v2.csv,11221,arithmetic,gsm8k_test_1254,train,retain,H1_same_topic,svamp
pairs_arith_v2.csv,11222,arithmetic,gsm8k_test_1254,train,retain,H3_predating,asdiv
pairs_arith_v2.csv,11223,arithmetic,gsm8k_test_1254,train,retain,R_random,truthfulqa
pairs_arith_v2.csv,11224,arithmetic,gsm8k_test_1255,train,remove,C0_exact,gsm8k_copy
pairs_arith_v2.csv,11225,arithmetic,gsm8k_test_1255,train,remove,C1_transformed,lmsys_rephrase
pairs_arith_v2.csv,11226,arithmetic,gsm8k_test_1255,train,remove,C2_answer_bearing,gsm8k_solution_frag
pairs_arith_v2.csv,11227,arithmetic,gsm8k_test_1255,train,retain,H2_same_template,gsmplus_numerical_substitution
pairs_arith_v2.csv,11228,arithmetic,gsm8k_test_1255,train,remove,C1_transformed,gsmplus_problem_understanding
pairs_arith_v2.csv,11229,arithmetic,gsm8k_test_1255,train,retain,H2_same_template,gsmplus_critical_thinking
pairs_arith_v2.csv,11230,arithmetic,gsm8k_test_1255,train,retain,H1_same_topic,svamp
pairs_arith_v2.csv,11231,arithmetic,gsm8k_test_1255,train,retain,H3_predating,asdiv
pairs_arith_v2.csv,11232,arithmetic,gsm8k_test_1255,train,retain,R_random,truthfulqa
pairs_arith_v2.csv,11268,arithmetic,gsm8k_test_1260,train,remove,C0_exact,gsm8k_copy
pairs_arith_v2.csv,11269,arithmetic,gsm8k_test_1260,train,remove,C1_transformed,lmsys_rephrase
pairs_arith_v2.csv,11270,arithmetic,gsm8k_test_1260,train,remove,C2_answer_bearing,gsm8k_solution_frag
pairs_arith_v2.csv,11271,arithmetic,gsm8k_test_1260,train,retain,H2_same_template,gsmplus_numerical_substitution
pairs_arith_v2.csv,11272,arithmetic,gsm8k_test_1260,train,remove,C1_transformed,gsmplus_problem_understanding
pairs_arith_v2.csv,11273,arithmetic,gsm8k_test_1260,train,retain,H2_same_template,gsmplus_critical_thinking
pairs_arith_v2.csv,11274,arithmetic,gsm8k_test_1260,train,retain,H1_same_topic,svamp
pairs_arith_v2.csv,11275,arithmetic,gsm8k_test_1260,train,retain,H3_predating,asdiv
pairs_arith_v2.csv,11276,arithmetic,gsm8k_test_1260,train,retain,R_random,truthfulqa
pairs_arith_v2.csv,11295,arithmetic,gsm8k_test_1263,train,remove,C0_exact,gsm8k_copy
pairs_arith_v2.csv,11296,arithmetic,gsm8k_test_1263,train,remove,C1_transformed,lmsys_rephrase
pairs_arith_v2.csv,11297,arithmetic,gsm8k_test_1263,train,remove,C2_answer_bearing,gsm8k_solution_frag
pairs_arith_v2.csv,11298,arithmetic,gsm8k_test_1263,train,retain,H2_same_template,gsmplus_numerical_substitution
pairs_arith_v2.csv,11299,arithmetic,gsm8k_test_1263,train,remove,C1_transformed,gsmplus_problem_understanding
pairs_arith_v2.csv,11300,arithmetic,gsm8k_test_1263,train,retain,H2_same_template,gsmplus_critical_thinking
pairs_arith_v2.csv,11301,arithmetic,gsm8k_test_1263,train,retain,H1_same_topic,svamp
pairs_arith_v2.csv,11302,arithmetic,gsm8k_test_1263,train,retain,H3_predating,asdiv
pairs_arith_v2.csv,11303,arithmetic,gsm8k_test_1263,train,retain,R_random,truthfulqa
pairs_arith_v2.csv,11304,arithmetic,gsm8k_test_1264,train,remove,C0_exact,gsm8k_copy
pairs_arith_v2.csv,11305,arithmetic,gsm8k_test_1264,train,remove,C1_transformed,lmsys_rephrase
pairs_arith_v2.csv,11306,arithmetic,gsm8k_test_1264,train,remove,C2_answer_bearing,gsm8k_solution_frag
pairs_arith_v2.csv,11307,arithmetic,gsm8k_test_1264,train,retain,H2_same_template,gsmplus_numerical_substitution
pairs_arith_v2.csv,11308,arithmetic,gsm8k_test_1264,train,remove,C1_transformed,gsmplus_problem_understanding
pairs_arith_v2.csv,11309,arithmetic,gsm8k_test_1264,train,retain,H2_same_template,gsmplus_critical_thinking
pairs_arith_v2.csv,11310,arithmetic,gsm8k_test_1264,train,retain,H1_same_topic,svamp
pairs_arith_v2.csv,11311,arithmetic,gsm8k_test_1264,train,retain,H3_predating,asdiv
pairs_arith_v2.csv,11312,arithmetic,gsm8k_test_1264,train,retain,R_random,truthfulqa
pairs_arith_v2.csv,11313,arithmetic,gsm8k_test_1265,train,remove,C0_exact,gsm8k_copy
pairs_arith_v2.csv,11314,arithmetic,gsm8k_test_1265,train,remove,C1_transformed,lmsys_rephrase
pairs_arith_v2.csv,11315,arithmetic,gsm8k_test_1265,train,remove,C2_answer_bearing,gsm8k_solution_frag
pairs_arith_v2.csv,11316,arithmetic,gsm8k_test_1265,train,retain,H2_same_template,gsmplus_numerical_substitution
pairs_arith_v2.csv,11317,arithmetic,gsm8k_test_1265,train,remove,C1_transformed,gsmplus_problem_understanding
pairs_arith_v2.csv,11318,arithmetic,gsm8k_test_1265,train,retain,H2_same_template,gsmplus_critical_thinking
pairs_arith_v2.csv,11319,arithmetic,gsm8k_test_1265,train,retain,H1_same_topic,svamp
pairs_arith_v2.csv,11320,arithmetic,gsm8k_test_1265,train,retain,H3_predating,asdiv
pairs_arith_v2.csv,11321,arithmetic,gsm8k_test_1265,train,retain,R_random,truthfulqa
pairs_arith_v2.csv,11331,arithmetic,gsm8k_test_1267,train,remove,C0_exact,gsm8k_copy
pairs_arith_v2.csv,11332,arithmetic,gsm8k_test_1267,train,remove,C1_transformed,lmsys_rephrase
pairs_arith_v2.csv,11333,arithmetic,gsm8k_test_1267,train,remove,C2_answer_bearing,gsm8k_solution_frag
pairs_arith_v2.csv,11334,arithmetic,gsm8k_test_1267,train,retain,H2_same_template,gsmplus_numerical_substitution
pairs_arith_v2.csv,11335,arithmetic,gsm8k_test_1267,train,remove,C1_transformed,gsmplus_problem_understanding
pairs_arith_v2.csv,11336,arithmetic,gsm8k_test_1267,train,retain,H2_same_template,gsmplus_critical_thinking
pairs_arith_v2.csv,11337,arithmetic,gsm8k_test_1267,train,retain,H1_same_topic,svamp
pairs_arith_v2.csv,11338,arithmetic,gsm8k_test_1267,train,retain,H3_predating,asdiv
pairs_arith_v2.csv,11339,arithmetic,gsm8k_test_1267,train,retain,R_random,truthfulqa
pairs_arith_v2.csv,11403,arithmetic,gsm8k_test_1275,train,remove,C0_exact,gsm8k_copy
pairs_arith_v2.csv,11404,arithmetic,gsm8k_test_1275,train,remove,C1_transformed,lmsys_rephrase
pairs_arith_v2.csv,11405,arithmetic,gsm8k_test_1275,train,remove,C2_answer_bearing,gsm8k_solution_frag
pairs_arith_v2.csv,11406,arithmetic,gsm8k_test_1275,train,retain,H2_same_template,gsmplus_numerical_substitution
pairs_arith_v2.csv,11407,arithmetic,gsm8k_test_1275,train,remove,C1_transformed,gsmplus_problem_understanding
pairs_arith_v2.csv,11408,arithmetic,gsm8k_test_1275,train,retain,H2_same_template,gsmplus_critical_thinking
pairs_arith_v2.csv,11409,arithmetic,gsm8k_test_1275,train,retain,H1_same_topic,svamp
pairs_arith_v2.csv,11410,arithmetic,gsm8k_test_1275,train,retain,H3_predating,asdiv
pairs_arith_v2.csv,11411,arithmetic,gsm8k_test_1275,train,retain,R_random,truthfulqa
pairs_arith_v2.csv,11430,arithmetic,gsm8k_test_1278,train,remove,C0_exact,gsm8k_copy
pairs_arith_v2.csv,11431,arithmetic,gsm8k_test_1278,train,remove,C1_transformed,lmsys_rephrase
pairs_arith_v2.csv,11432,arithmetic,gsm8k_test_1278,train,remove,C2_answer_bearing,gsm8k_solution_frag
pairs_arith_v2.csv,11433,arithmetic,gsm8k_test_1278,train,retain,H2_same_template,gsmplus_numerical_substitution
pairs_arith_v2.csv,11434,arithmetic,gsm8k_test_1278,train,remove,C1_transformed,gsmplus_problem_understanding
pairs_arith_v2.csv,11435,arithmetic,gsm8k_test_1278,train,retain,H2_same_template,gsmplus_critical_thinking
pairs_arith_v2.csv,11436,arithmetic,gsm8k_test_1278,train,retain,H1_same_topic,svamp
pairs_arith_v2.csv,11437,arithmetic,gsm8k_test_1278,train,retain,H3_predating,asdiv
pairs_arith_v2.csv,11438,arithmetic,gsm8k_test_1278,train,retain,R_random,truthfulqa
pairs_arith_v2.csv,11439,arithmetic,gsm8k_test_1279,train,remove,C0_exact,gsm8k_copy
pairs_arith_v2.csv,11440,arithmetic,gsm8k_test_1279,train,remove,C1_transformed,lmsys_rephrase
pairs_arith_v2.csv,11441,arithmetic,gsm8k_test_1279,train,remove,C2_answer_bearing,gsm8k_solution_frag
pairs_arith_v2.csv,11442,arithmetic,gsm8k_test_1279,train,retain,H2_same_template,gsmplus_numerical_substitution
pairs_arith_v2.csv,11443,arithmetic,gsm8k_test_1279,train,remove,C1_transformed,gsmplus_problem_understanding
pairs_arith_v2.csv,11444,arithmetic,gsm8k_test_1279,train,retain,H2_same_template,gsmplus_critical_thinking
pairs_arith_v2.csv,11445,arithmetic,gsm8k_test_1279,train,retain,H1_same_topic,svamp
pairs_arith_v2.csv,11446,arithmetic,gsm8k_test_1279,train,retain,H3_predating,asdiv
pairs_arith_v2.csv,11447,arithmetic,gsm8k_test_1279,train,retain,R_random,truthfulqa
pairs_arith_v2.csv,11466,arithmetic,gsm8k_test_1282,train,remove,C0_exact,gsm8k_copy
pairs_arith_v2.csv,11467,arithmetic,gsm8k_test_1282,train,remove,C1_transformed,lmsys_rephrase
pairs_arith_v2.csv,11468,arithmetic,gsm8k_test_1282,train,remove,C2_answer_bearing,gsm8k_solution_frag
pairs_arith_v2.csv,11469,arithmetic,gsm8k_test_1282,train,retain,H2_same_template,gsmplus_numerical_substitution
pairs_arith_v2.csv,11470,arithmetic,gsm8k_test_1282,train,remove,C1_transformed,gsmplus_problem_understanding
pairs_arith_v2.csv,11471,arithmetic,gsm8k_test_1282,train,retain,H2_same_template,gsmplus_critical_thinking
pairs_arith_v2.csv,11472,arithmetic,gsm8k_test_1282,train,retain,H1_same_topic,svamp
pairs_arith_v2.csv,11473,arithmetic,gsm8k_test_1282,train,retain,H3_predating,asdiv
pairs_arith_v2.csv,11474,arithmetic,gsm8k_test_1282,train,retain,R_random,truthfulqa
pairs_arith_v2.csv,11475,arithmetic,gsm8k_test_1283,train,remove,C0_exact,gsm8k_copy
pairs_arith_v2.csv,11476,arithmetic,gsm8k_test_1283,train,remove,C1_transformed,lmsys_rephrase
pairs_arith_v2.csv,11477,arithmetic,gsm8k_test_1283,train,remove,C2_answer_bearing,gsm8k_solution_frag
pairs_arith_v2.csv,11478,arithmetic,gsm8k_test_1283,train,retain,H2_same_template,gsmplus_numerical_substitution
pairs_arith_v2.csv,11479,arithmetic,gsm8k_test_1283,train,remove,C1_transformed,gsmplus_problem_understanding
pairs_arith_v2.csv,11480,arithmetic,gsm8k_test_1283,train,retain,H2_same_template,gsmplus_critical_thinking
pairs_arith_v2.csv,11481,arithmetic,gsm8k_test_1283,train,retain,H1_same_topic,svamp
pairs_arith_v2.csv,11482,arithmetic,gsm8k_test_1283,train,retain,H3_predating,asdiv
pairs_arith_v2.csv,11483,arithmetic,gsm8k_test_1283,train,retain,R_random,truthfulqa
pairs_arith_v2.csv,11484,arithmetic,gsm8k_test_1284,train,remove,C0_exact,gsm8k_copy
pairs_arith_v2.csv,11485,arithmetic,gsm8k_test_1284,train,remove,C1_transformed,lmsys_rephrase
pairs_arith_v2.csv,11486,arithmetic,gsm8k_test_1284,train,remove,C2_answer_bearing,gsm8k_solution_frag
pairs_arith_v2.csv,11487,arithmetic,gsm8k_test_1284,train,retain,H2_same_template,gsmplus_numerical_substitution
pairs_arith_v2.csv,11488,arithmetic,gsm8k_test_1284,train,remove,C1_transformed,gsmplus_problem_understanding
pairs_arith_v2.csv,11489,arithmetic,gsm8k_test_1284,train,retain,H2_same_template,gsmplus_critical_thinking
pairs_arith_v2.csv,11490,arithmetic,gsm8k_test_1284,train,retain,H1_same_topic,svamp
pairs_arith_v2.csv,11491,arithmetic,gsm8k_test_1284,train,retain,H3_predating,asdiv
pairs_arith_v2.csv,11492,arithmetic,gsm8k_test_1284,train,retain,R_random,truthfulqa
pairs_arith_v2.csv,11511,arithmetic,gsm8k_test_1287,train,remove,C0_exact,gsm8k_copy
pairs_arith_v2.csv,11512,arithmetic,gsm8k_test_1287,train,remove,C1_transformed,lmsys_rephrase
pairs_arith_v2.csv,11513,arithmetic,gsm8k_test_1287,train,remove,C2_answer_bearing,gsm8k_solution_frag
pairs_arith_v2.csv,11514,arithmetic,gsm8k_test_1287,train,retain,H2_same_template,gsmplus_numerical_substitution
pairs_arith_v2.csv,11515,arithmetic,gsm8k_test_1287,train,remove,C1_transformed,gsmplus_problem_understanding
pairs_arith_v2.csv,11516,arithmetic,gsm8k_test_1287,train,retain,H2_same_template,gsmplus_critical_thinking
pairs_arith_v2.csv,11517,arithmetic,gsm8k_test_1287,train,retain,H1_same_topic,svamp
pairs_arith_v2.csv,11518,arithmetic,gsm8k_test_1287,train,retain,H3_predating,asdiv
pairs_arith_v2.csv,11519,arithmetic,gsm8k_test_1287,train,retain,R_random,truthfulqa
pairs_arith_v2.csv,11520,arithmetic,gsm8k_test_1288,train,remove,C0_exact,gsm8k_copy
pairs_arith_v2.csv,11521,arithmetic,gsm8k_test_1288,train,remove,C1_transformed,lmsys_rephrase
pairs_arith_v2.csv,11522,arithmetic,gsm8k_test_1288,train,remove,C2_answer_bearing,gsm8k_solution_frag
pairs_arith_v2.csv,11523,arithmetic,gsm8k_test_1288,train,retain,H2_same_template,gsmplus_numerical_substitution
pairs_arith_v2.csv,11524,arithmetic,gsm8k_test_1288,train,remove,C1_transformed,gsmplus_problem_understanding
pairs_arith_v2.csv,11525,arithmetic,gsm8k_test_1288,train,retain,H2_same_template,gsmplus_critical_thinking
pairs_arith_v2.csv,11526,arithmetic,gsm8k_test_1288,train,retain,H1_same_topic,svamp
pairs_arith_v2.csv,11527,arithmetic,gsm8k_test_1288,train,retain,H3_predating,asdiv
pairs_arith_v2.csv,11528,arithmetic,gsm8k_test_1288,train,retain,R_random,truthfulqa
pairs_arith_v2.csv,11529,arithmetic,gsm8k_test_1289,train,remove,C0_exact,gsm8k_copy
pairs_arith_v2.csv,11530,arithmetic,gsm8k_test_1289,train,remove,C1_transformed,lmsys_rephrase
pairs_arith_v2.csv,11531,arithmetic,gsm8k_test_1289,train,remove,C2_answer_bearing,gsm8k_solution_frag
pairs_arith_v2.csv,11532,arithmetic,gsm8k_test_1289,train,retain,H2_same_template,gsmplus_numerical_substitution
pairs_arith_v2.csv,11533,arithmetic,gsm8k_test_1289,train,remove,C1_transformed,gsmplus_problem_understanding
pairs_arith_v2.csv,11534,arithmetic,gsm8k_test_1289,train,retain,H2_same_template,gsmplus_critical_thinking
pairs_arith_v2.csv,11535,arithmetic,gsm8k_test_1289,train,retain,H1_same_topic,svamp
pairs_arith_v2.csv,11536,arithmetic,gsm8k_test_1289,train,retain,H3_predating,asdiv
pairs_arith_v2.csv,11537,arithmetic,gsm8k_test_1289,train,retain,R_random,truthfulqa
pairs_arith_v2.csv,11547,arithmetic,gsm8k_test_1291,train,remove,C0_exact,gsm8k_copy
pairs_arith_v2.csv,11548,arithmetic,gsm8k_test_1291,train,remove,C1_transformed,lmsys_rephrase
pairs_arith_v2.csv,11549,arithmetic,gsm8k_test_1291,train,remove,C2_answer_bearing,gsm8k_solution_frag
pairs_arith_v2.csv,11550,arithmetic,gsm8k_test_1291,train,retain,H2_same_template,gsmplus_numerical_substitution
pairs_arith_v2.csv,11551,arithmetic,gsm8k_test_1291,train,remove,C1_transformed,gsmplus_problem_understanding
pairs_arith_v2.csv,11552,arithmetic,gsm8k_test_1291,train,retain,H2_same_template,gsmplus_critical_thinking
pairs_arith_v2.csv,11553,arithmetic,gsm8k_test_1291,train,retain,H1_same_topic,svamp
pairs_arith_v2.csv,11554,arithmetic,gsm8k_test_1291,train,retain,H3_predating,asdiv
pairs_arith_v2.csv,11555,arithmetic,gsm8k_test_1291,train,retain,R_random,truthfulqa
pairs_arith_v2.csv,11574,arithmetic,gsm8k_test_1294,train,remove,C0_exact,gsm8k_copy
pairs_arith_v2.csv,11575,arithmetic,gsm8k_test_1294,train,remove,C1_transformed,lmsys_rephrase
pairs_arith_v2.csv,11576,arithmetic,gsm8k_test_1294,train,remove,C2_answer_bearing,gsm8k_solution_frag
pairs_arith_v2.csv,11577,arithmetic,gsm8k_test_1294,train,retain,H2_same_template,gsmplus_numerical_substitution
pairs_arith_v2.csv,11578,arithmetic,gsm8k_test_1294,train,remove,C1_transformed,gsmplus_problem_understanding
pairs_arith_v2.csv,11579,arithmetic,gsm8k_test_1294,train,retain,H2_same_template,gsmplus_critical_thinking
pairs_arith_v2.csv,11580,arithmetic,gsm8k_test_1294,train,retain,H1_same_topic,svamp
pairs_arith_v2.csv,11581,arithmetic,gsm8k_test_1294,train,retain,H3_predating,asdiv
pairs_arith_v2.csv,11582,arithmetic,gsm8k_test_1294,train,retain,R_random,truthfulqa
pairs_arith_v2.csv,11628,arithmetic,gsm8k_test_1300,train,remove,C0_exact,gsm8k_copy
pairs_arith_v2.csv,11629,arithmetic,gsm8k_test_1300,train,remove,C1_transformed,lmsys_rephrase
pairs_arith_v2.csv,11630,arithmetic,gsm8k_test_1300,train,remove,C2_answer_bearing,gsm8k_solution_frag
pairs_arith_v2.csv,11631,arithmetic,gsm8k_test_1300,train,retain,H2_same_template,gsmplus_numerical_substitution
pairs_arith_v2.csv,11632,arithmetic,gsm8k_test_1300,train,remove,C1_transformed,gsmplus_problem_understanding
pairs_arith_v2.csv,11633,arithmetic,gsm8k_test_1300,train,retain,H2_same_template,gsmplus_critical_thinking
pairs_arith_v2.csv,11634,arithmetic,gsm8k_test_1300,train,retain,H1_same_topic,svamp
pairs_arith_v2.csv,11635,arithmetic,gsm8k_test_1300,train,retain,H3_predating,asdiv
pairs_arith_v2.csv,11636,arithmetic,gsm8k_test_1300,train,retain,R_random,truthfulqa
pairs_arith_v2.csv,11637,arithmetic,gsm8k_test_1301,train,remove,C0_exact,gsm8k_copy
pairs_arith_v2.csv,11638,arithmetic,gsm8k_test_1301,train,remove,C1_transformed,lmsys_rephrase
pairs_arith_v2.csv,11639,arithmetic,gsm8k_test_1301,train,remove,C2_answer_bearing,gsm8k_solution_frag
pairs_arith_v2.csv,11640,arithmetic,gsm8k_test_1301,train,retain,H2_same_template,gsmplus_numerical_substitution
pairs_arith_v2.csv,11641,arithmetic,gsm8k_test_1301,train,remove,C1_transformed,gsmplus_problem_understanding
pairs_arith_v2.csv,11642,arithmetic,gsm8k_test_1301,train,retain,H2_same_template,gsmplus_critical_thinking
pairs_arith_v2.csv,11643,arithmetic,gsm8k_test_1301,train,retain,H1_same_topic,svamp
pairs_arith_v2.csv,11644,arithmetic,gsm8k_test_1301,train,retain,H3_predating,asdiv
pairs_arith_v2.csv,11645,arithmetic,gsm8k_test_1301,train,retain,R_random,truthfulqa
pairs_arith_v2.csv,11673,arithmetic,gsm8k_test_1305,train,remove,C0_exact,gsm8k_copy
pairs_arith_v2.csv,11674,arithmetic,gsm8k_test_1305,train,remove,C1_transformed,lmsys_rephrase
pairs_arith_v2.csv,11675,arithmetic,gsm8k_test_1305,train,remove,C2_answer_bearing,gsm8k_solution_frag
pairs_arith_v2.csv,11676,arithmetic,gsm8k_test_1305,train,retain,H2_same_template,gsmplus_numerical_substitution
pairs_arith_v2.csv,11677,arithmetic,gsm8k_test_1305,train,remove,C1_transformed,gsmplus_problem_understanding
pairs_arith_v2.csv,11678,arithmetic,gsm8k_test_1305,train,retain,H2_same_template,gsmplus_critical_thinking
pairs_arith_v2.csv,11679,arithmetic,gsm8k_test_1305,train,retain,H1_same_topic,svamp
pairs_arith_v2.csv,11680,arithmetic,gsm8k_test_1305,train,retain,H3_predating,asdiv
pairs_arith_v2.csv,11681,arithmetic,gsm8k_test_1305,train,retain,R_random,truthfulqa
pairs_arith_v2.csv,11700,arithmetic,gsm8k_test_1308,train,remove,C0_exact,gsm8k_copy
pairs_arith_v2.csv,11701,arithmetic,gsm8k_test_1308,train,remove,C1_transformed,lmsys_rephrase
pairs_arith_v2.csv,11702,arithmetic,gsm8k_test_1308,train,remove,C2_answer_bearing,gsm8k_solution_frag
pairs_arith_v2.csv,11703,arithmetic,gsm8k_test_1308,train,retain,H2_same_template,gsmplus_numerical_substitution
pairs_arith_v2.csv,11704,arithmetic,gsm8k_test_1308,train,remove,C1_transformed,gsmplus_problem_understanding
pairs_arith_v2.csv,11705,arithmetic,gsm8k_test_1308,train,retain,H2_same_template,gsmplus_critical_thinking
pairs_arith_v2.csv,11706,arithmetic,gsm8k_test_1308,train,retain,H1_same_topic,svamp
pairs_arith_v2.csv,11707,arithmetic,gsm8k_test_1308,train,retain,H3_predating,asdiv
pairs_arith_v2.csv,11708,arithmetic,gsm8k_test_1308,train,retain,R_random,truthfulqa
pairs_arith_v2.csv,11709,arithmetic,gsm8k_test_1309,train,remove,C0_exact,gsm8k_copy
pairs_arith_v2.csv,11710,arithmetic,gsm8k_test_1309,train,remove,C1_transformed,lmsys_rephrase
pairs_arith_v2.csv,11711,arithmetic,gsm8k_test_1309,train,remove,C2_answer_bearing,gsm8k_solution_frag
pairs_arith_v2.csv,11712,arithmetic,gsm8k_test_1309,train,retain,H2_same_template,gsmplus_numerical_substitution
pairs_arith_v2.csv,11713,arithmetic,gsm8k_test_1309,train,remove,C1_transformed,gsmplus_problem_understanding
pairs_arith_v2.csv,11714,arithmetic,gsm8k_test_1309,train,retain,H2_same_template,gsmplus_critical_thinking
pairs_arith_v2.csv,11715,arithmetic,gsm8k_test_1309,train,retain,H1_same_topic,svamp
pairs_arith_v2.csv,11716,arithmetic,gsm8k_test_1309,train,retain,H3_predating,asdiv
pairs_arith_v2.csv,11717,arithmetic,gsm8k_test_1309,train,retain,R_random,truthfulqa
pairs_arith_v2.csv,11718,arithmetic,gsm8k_test_1310,train,remove,C0_exact,gsm8k_copy
pairs_arith_v2.csv,11719,arithmetic,gsm8k_test_1310,train,remove,C1_transformed,lmsys_rephrase
pairs_arith_v2.csv,11720,arithmetic,gsm8k_test_1310,train,remove,C2_answer_bearing,gsm8k_solution_frag
pairs_arith_v2.csv,11721,arithmetic,gsm8k_test_1310,train,retain,H2_same_template,gsmplus_numerical_substitution
pairs_arith_v2.csv,11722,arithmetic,gsm8k_test_1310,train,remove,C1_transformed,gsmplus_problem_understanding
pairs_arith_v2.csv,11723,arithmetic,gsm8k_test_1310,train,retain,H2_same_template,gsmplus_critical_thinking
pairs_arith_v2.csv,11724,arithmetic,gsm8k_test_1310,train,retain,H1_same_topic,svamp
pairs_arith_v2.csv,11725,arithmetic,gsm8k_test_1310,train,retain,H3_predating,asdiv
pairs_arith_v2.csv,11726,arithmetic,gsm8k_test_1310,train,retain,R_random,truthfulqa
pairs_arith_v2.csv,11727,arithmetic,gsm8k_test_1311,train,remove,C0_exact,gsm8k_copy
pairs_arith_v2.csv,11728,arithmetic,gsm8k_test_1311,train,remove,C1_transformed,lmsys_rephrase
pairs_arith_v2.csv,11729,arithmetic,gsm8k_test_1311,train,remove,C2_answer_bearing,gsm8k_solution_frag
pairs_arith_v2.csv,11730,arithmetic,gsm8k_test_1311,train,retain,H2_same_template,gsmplus_numerical_substitution
pairs_arith_v2.csv,11731,arithmetic,gsm8k_test_1311,train,remove,C1_transformed,gsmplus_problem_understanding
pairs_arith_v2.csv,11732,arithmetic,gsm8k_test_1311,train,retain,H2_same_template,gsmplus_critical_thinking
pairs_arith_v2.csv,11733,arithmetic,gsm8k_test_1311,train,retain,H1_same_topic,svamp
pairs_arith_v2.csv,11734,arithmetic,gsm8k_test_1311,train,retain,H3_predating,asdiv
pairs_arith_v2.csv,11735,arithmetic,gsm8k_test_1311,train,retain,R_random,truthfulqa
pairs_arith_v2.csv,11736,arithmetic,gsm8k_test_1312,train,remove,C0_exact,gsm8k_copy
pairs_arith_v2.csv,11737,arithmetic,gsm8k_test_1312,train,remove,C1_transformed,lmsys_rephrase
pairs_arith_v2.csv,11738,arithmetic,gsm8k_test_1312,train,remove,C2_answer_bearing,gsm8k_solution_frag
pairs_arith_v2.csv,11739,arithmetic,gsm8k_test_1312,train,retain,H2_same_template,gsmplus_numerical_substitution
pairs_arith_v2.csv,11740,arithmetic,gsm8k_test_1312,train,remove,C1_transformed,gsmplus_problem_understanding
pairs_arith_v2.csv,11741,arithmetic,gsm8k_test_1312,train,retain,H2_same_template,gsmplus_critical_thinking
pairs_arith_v2.csv,11742,arithmetic,gsm8k_test_1312,train,retain,H1_same_topic,svamp
pairs_arith_v2.csv,11743,arithmetic,gsm8k_test_1312,train,retain,H3_predating,asdiv
pairs_arith_v2.csv,11744,arithmetic,gsm8k_test_1312,train,retain,R_random,truthfulqa
pairs_arith_v2.csv,11790,arithmetic,gsm8k_test_1318,train,remove,C0_exact,gsm8k_copy
pairs_arith_v2.csv,11791,arithmetic,gsm8k_test_1318,train,remove,C1_transformed,lmsys_rephrase
pairs_arith_v2.csv,11792,arithmetic,gsm8k_test_1318,train,remove,C2_answer_bearing,gsm8k_solution_frag
pairs_arith_v2.csv,11793,arithmetic,gsm8k_test_1318,train,retain,H2_same_template,gsmplus_numerical_substitution
pairs_arith_v2.csv,11794,arithmetic,gsm8k_test_1318,train,remove,C1_transformed,gsmplus_problem_understanding
pairs_arith_v2.csv,11795,arithmetic,gsm8k_test_1318,train,retain,H2_same_template,gsmplus_critical_thinking
pairs_arith_v2.csv,11796,arithmetic,gsm8k_test_1318,train,retain,H1_same_topic,svamp
pairs_arith_v2.csv,11797,arithmetic,gsm8k_test_1318,train,retain,H3_predating,asdiv
pairs_arith_v2.csv,11798,arithmetic,gsm8k_test_1318,train,retain,R_random,truthfulqa
pairs_arith_v2.csv,11803,arithmetic,gsm8k_test_0103,train,retain,H2_gsm_symbolic,gsm_symbolic
pairs_arith_v2.csv,11804,arithmetic,gsm8k_test_0103,train,retain,H2_gsm_symbolic,gsm_symbolic
pairs_arith_v2.csv,11805,arithmetic,gsm8k_test_0103,train,retain,H2_gsm_symbolic_p1,gsm_symbolic_p1
pairs_arith_v2.csv,11806,arithmetic,gsm8k_test_0103,train,retain,H2_gsm_symbolic_p2,gsm_symbolic_p2
pairs_arith_v2.csv,11815,arithmetic,gsm8k_test_1264,train,retain,H2_gsm_symbolic,gsm_symbolic
pairs_arith_v2.csv,11816,arithmetic,gsm8k_test_1264,train,retain,H2_gsm_symbolic,gsm_symbolic
pairs_arith_v2.csv,11817,arithmetic,gsm8k_test_1264,train,retain,H2_gsm_symbolic_p1,gsm_symbolic_p1
pairs_arith_v2.csv,11818,arithmetic,gsm8k_test_1264,train,retain,H2_gsm_symbolic_p2,gsm_symbolic_p2
pairs_arith_v2.csv,11827,arithmetic,gsm8k_test_0459,train,retain,H2_gsm_symbolic,gsm_symbolic
pairs_arith_v2.csv,11828,arithmetic,gsm8k_test_0459,train,retain,H2_gsm_symbolic,gsm_symbolic
pairs_arith_v2.csv,11829,arithmetic,gsm8k_test_0459,train,retain,H2_gsm_symbolic_p1,gsm_symbolic_p1
pairs_arith_v2.csv,11830,arithmetic,gsm8k_test_0459,train,retain,H2_gsm_symbolic_p2,gsm_symbolic_p2
pairs_arith_v2.csv,11855,arithmetic,gsm8k_test_0684,train,retain,H2_gsm_symbolic,gsm_symbolic
pairs_arith_v2.csv,11856,arithmetic,gsm8k_test_0684,train,retain,H2_gsm_symbolic,gsm_symbolic
pairs_arith_v2.csv,11857,arithmetic,gsm8k_test_0684,train,retain,H2_gsm_symbolic_p1,gsm_symbolic_p1
pairs_arith_v2.csv,11858,arithmetic,gsm8k_test_0684,train,retain,H2_gsm_symbolic_p2,gsm_symbolic_p2
pairs_arith_v2.csv,11863,arithmetic,gsm8k_test_0976,train,retain,H2_gsm_symbolic,gsm_symbolic
pairs_arith_v2.csv,11864,arithmetic,gsm8k_test_0976,train,retain,H2_gsm_symbolic,gsm_symbolic
pairs_arith_v2.csv,11865,arithmetic,gsm8k_test_0976,train,retain,H2_gsm_symbolic_p1,gsm_symbolic_p1
pairs_arith_v2.csv,11866,arithmetic,gsm8k_test_0976,train,retain,H2_gsm_symbolic_p2,gsm_symbolic_p2
pairs_arith_v2.csv,11867,arithmetic,gsm8k_test_1133,train,retain,H2_gsm_symbolic,gsm_symbolic
pairs_arith_v2.csv,11868,arithmetic,gsm8k_test_1133,train,retain,H2_gsm_symbolic,gsm_symbolic
pairs_arith_v2.csv,11869,arithmetic,gsm8k_test_1133,train,retain,H2_gsm_symbolic_p1,gsm_symbolic_p1
pairs_arith_v2.csv,11870,arithmetic,gsm8k_test_1133,train,retain,H2_gsm_symbolic_p2,gsm_symbolic_p2
pairs_arith_v2.csv,11871,arithmetic,gsm8k_test_0158,train,retain,H2_gsm_symbolic,gsm_symbolic
pairs_arith_v2.csv,11872,arithmetic,gsm8k_test_0158,train,retain,H2_gsm_symbolic,gsm_symbolic
pairs_arith_v2.csv,11873,arithmetic,gsm8k_test_0158,train,retain,H2_gsm_symbolic_p1,gsm_symbolic_p1
pairs_arith_v2.csv,11874,arithmetic,gsm8k_test_0158,train,retain,H2_gsm_symbolic_p2,gsm_symbolic_p2
pairs_arith_v2.csv,11887,arithmetic,gsm8k_test_0125,train,retain,H2_gsm_symbolic,gsm_symbolic
pairs_arith_v2.csv,11888,arithmetic,gsm8k_test_0125,train,retain,H2_gsm_symbolic,gsm_symbolic
pairs_arith_v2.csv,11889,arithmetic,gsm8k_test_0125,train,retain,H2_gsm_symbolic_p1,gsm_symbolic_p1
pairs_arith_v2.csv,11890,arithmetic,gsm8k_test_0125,train,retain,H2_gsm_symbolic_p2,gsm_symbolic_p2
pairs_arith_v2.csv,11907,arithmetic,gsm8k_test_1063,train,retain,H2_gsm_symbolic,gsm_symbolic
pairs_arith_v2.csv,11908,arithmetic,gsm8k_test_1063,train,retain,H2_gsm_symbolic,gsm_symbolic
pairs_arith_v2.csv,11909,arithmetic,gsm8k_test_1063,train,retain,H2_gsm_symbolic_p1,gsm_symbolic_p1
pairs_arith_v2.csv,11910,arithmetic,gsm8k_test_1063,train,retain,H2_gsm_symbolic_p2,gsm_symbolic_p2
pairs_arith_v2.csv,11931,arithmetic,gsm8k_test_0677,train,retain,H2_gsm_symbolic,gsm_symbolic
pairs_arith_v2.csv,11932,arithmetic,gsm8k_test_0677,train,retain,H2_gsm_symbolic,gsm_symbolic
pairs_arith_v2.csv,11933,arithmetic,gsm8k_test_0677,train,retain,H2_gsm_symbolic_p1,gsm_symbolic_p1
pairs_arith_v2.csv,11934,arithmetic,gsm8k_test_0677,train,retain,H2_gsm_symbolic_p2,gsm_symbolic_p2
pairs_arith_v2.csv,11935,arithmetic,gsm8k_test_0266,train,retain,H2_gsm_symbolic,gsm_symbolic
pairs_arith_v2.csv,11936,arithmetic,gsm8k_test_0266,train,retain,H2_gsm_symbolic,gsm_symbolic
pairs_arith_v2.csv,11937,arithmetic,gsm8k_test_0266,train,retain,H2_gsm_symbolic_p1,gsm_symbolic_p1
pairs_arith_v2.csv,11938,arithmetic,gsm8k_test_0266,train,retain,H2_gsm_symbolic_p2,gsm_symbolic_p2
pairs_arith_v2.csv,11947,arithmetic,gsm8k_test_0921,train,retain,H2_gsm_symbolic,gsm_symbolic
pairs_arith_v2.csv,11948,arithmetic,gsm8k_test_0921,train,retain,H2_gsm_symbolic,gsm_symbolic
pairs_arith_v2.csv,11949,arithmetic,gsm8k_test_0921,train,retain,H2_gsm_symbolic_p1,gsm_symbolic_p1
pairs_arith_v2.csv,11950,arithmetic,gsm8k_test_0921,train,retain,H2_gsm_symbolic_p2,gsm_symbolic_p2
pairs_arith_v2.csv,11951,arithmetic,gsm8k_test_0799,train,retain,H2_gsm_symbolic,gsm_symbolic
pairs_arith_v2.csv,11952,arithmetic,gsm8k_test_0799,train,retain,H2_gsm_symbolic,gsm_symbolic
pairs_arith_v2.csv,11953,arithmetic,gsm8k_test_0799,train,retain,H2_gsm_symbolic_p1,gsm_symbolic_p1
pairs_arith_v2.csv,11954,arithmetic,gsm8k_test_0799,train,retain,H2_gsm_symbolic_p2,gsm_symbolic_p2
pairs_arith_v2.csv,11975,arithmetic,gsm8k_test_0365,train,retain,H2_gsm_symbolic,gsm_symbolic
pairs_arith_v2.csv,11976,arithmetic,gsm8k_test_0365,train,retain,H2_gsm_symbolic,gsm_symbolic
pairs_arith_v2.csv,11977,arithmetic,gsm8k_test_0365,train,retain,H2_gsm_symbolic_p1,gsm_symbolic_p1
pairs_arith_v2.csv,11978,arithmetic,gsm8k_test_0365,train,retain,H2_gsm_symbolic_p2,gsm_symbolic_p2
pairs_arith_v2.csv,11983,arithmetic,gsm8k_test_1031,train,retain,H2_gsm_symbolic,gsm_symbolic
pairs_arith_v2.csv,11984,arithmetic,gsm8k_test_1031,train,retain,H2_gsm_symbolic,gsm_symbolic
pairs_arith_v2.csv,11985,arithmetic,gsm8k_test_1031,train,retain,H2_gsm_symbolic_p1,gsm_symbolic_p1
pairs_arith_v2.csv,11986,arithmetic,gsm8k_test_1031,train,retain,H2_gsm_symbolic_p2,gsm_symbolic_p2
pairs_arith_v2.csv,11987,arithmetic,gsm8k_test_1164,train,retain,H2_gsm_symbolic,gsm_symbolic
pairs_arith_v2.csv,11988,arithmetic,gsm8k_test_1164,train,retain,H2_gsm_symbolic,gsm_symbolic
pairs_arith_v2.csv,11989,arithmetic,gsm8k_test_1164,train,retain,H2_gsm_symbolic_p1,gsm_symbolic_p1
pairs_arith_v2.csv,11990,arithmetic,gsm8k_test_1164,train,retain,H2_gsm_symbolic_p2,gsm_symbolic_p2
pairs_arith_v2.csv,11991,arithmetic,gsm8k_test_0989,train,retain,H2_gsm_symbolic,gsm_symbolic
pairs_arith_v2.csv,11992,arithmetic,gsm8k_test_0989,train,retain,H2_gsm_symbolic,gsm_symbolic
pairs_arith_v2.csv,11993,arithmetic,gsm8k_test_0989,train,retain,H2_gsm_symbolic_p1,gsm_symbolic_p1
pairs_arith_v2.csv,11994,arithmetic,gsm8k_test_0989,train,retain,H2_gsm_symbolic_p2,gsm_symbolic_p2
pairs_arith_v2.csv,12005,arithmetic,gsm8k_test_0843,train,retain,H2_gsm_symbolic,gsm_symbolic
pairs_arith_v2.csv,12006,arithmetic,gsm8k_test_0843,train,retain,H2_gsm_symbolic,gsm_symbolic
pairs_arith_v2.csv,12007,arithmetic,gsm8k_test_0843,train,retain,H2_gsm_symbolic_p1,gsm_symbolic_p1
pairs_arith_v2.csv,12008,arithmetic,gsm8k_test_0800,train,retain,H2_gsm_symbolic,gsm_symbolic
pairs_arith_v2.csv,12009,arithmetic,gsm8k_test_0800,train,retain,H2_gsm_symbolic,gsm_symbolic
pairs_arith_v2.csv,12010,arithmetic,gsm8k_test_0800,train,retain,H2_gsm_symbolic_p1,gsm_symbolic_p1
pairs_arith_v2.csv,12020,arithmetic,gsm8k_test_0480,train,retain,H2_gsm_symbolic,gsm_symbolic
pairs_arith_v2.csv,12021,arithmetic,gsm8k_test_0480,train,retain,H2_gsm_symbolic,gsm_symbolic
pairs_arith_v2.csv,12022,arithmetic,gsm8k_test_0480,train,retain,H2_gsm_symbolic_p1,gsm_symbolic_p1
pairs_arith_v2.csv,12023,arithmetic,gsm8k_test_1026,train,retain,H2_gsm_symbolic,gsm_symbolic
pairs_arith_v2.csv,12024,arithmetic,gsm8k_test_1026,train,retain,H2_gsm_symbolic,gsm_symbolic
pairs_arith_v2.csv,12025,arithmetic,gsm8k_test_1026,train,retain,H2_gsm_symbolic_p1,gsm_symbolic_p1
pairs_arith_v2.csv,12029,arithmetic,gsm8k_test_0304,train,retain,H2_gsm_symbolic,gsm_symbolic
pairs_arith_v2.csv,12030,arithmetic,gsm8k_test_0304,train,retain,H2_gsm_symbolic,gsm_symbolic
pairs_arith_v2.csv,12031,arithmetic,gsm8k_test_0304,train,retain,H2_gsm_symbolic_p1,gsm_symbolic_p1
pairs_arith_v2.csv,12038,arithmetic,gsm8k_test_0579,train,retain,H2_gsm_symbolic,gsm_symbolic
pairs_arith_v2.csv,12039,arithmetic,gsm8k_test_0579,train,retain,H2_gsm_symbolic,gsm_symbolic
pairs_arith_v2.csv,12040,arithmetic,gsm8k_test_0579,train,retain,H2_gsm_symbolic_p1,gsm_symbolic_p1
pairs_arith_v2.csv,12041,arithmetic,gsm8k_test_0469,train,retain,H2_gsm_symbolic,gsm_symbolic
pairs_arith_v2.csv,12042,arithmetic,gsm8k_test_0469,train,retain,H2_gsm_symbolic,gsm_symbolic
pairs_arith_v2.csv,12043,arithmetic,gsm8k_test_0469,train,retain,H2_gsm_symbolic_p1,gsm_symbolic_p1
pairs_arith_v2.csv,12044,arithmetic,gsm8k_test_0164,train,retain,H2_gsm_symbolic,gsm_symbolic
pairs_arith_v2.csv,12045,arithmetic,gsm8k_test_0164,train,retain,H2_gsm_symbolic,gsm_symbolic
pairs_arith_v2.csv,12046,arithmetic,gsm8k_test_0164,train,retain,H2_gsm_symbolic_p1,gsm_symbolic_p1
pairs_arith_v2.csv,12050,arithmetic,gsm8k_test_1275,train,retain,H2_gsm_symbolic,gsm_symbolic
pairs_arith_v2.csv,12051,arithmetic,gsm8k_test_1275,train,retain,H2_gsm_symbolic,gsm_symbolic
pairs_arith_v2.csv,12052,arithmetic,gsm8k_test_1275,train,retain,H2_gsm_symbolic_p1,gsm_symbolic_p1
pairs_arith_v2.csv,12065,arithmetic,gsm8k_test_0242,train,retain,H2_gsm_symbolic,gsm_symbolic
pairs_arith_v2.csv,12066,arithmetic,gsm8k_test_0242,train,retain,H2_gsm_symbolic,gsm_symbolic
pairs_arith_v2.csv,12067,arithmetic,gsm8k_test_0242,train,retain,H2_gsm_symbolic_p1,gsm_symbolic_p1
pairs_arith_v2.csv,12068,arithmetic,gsm8k_test_0991,train,retain,H2_gsm_symbolic,gsm_symbolic
pairs_arith_v2.csv,12069,arithmetic,gsm8k_test_0991,train,retain,H2_gsm_symbolic,gsm_symbolic
pairs_arith_v2.csv,12070,arithmetic,gsm8k_test_0991,train,retain,H2_gsm_symbolic_p1,gsm_symbolic_p1
pairs_arith_v2.csv,12071,arithmetic,gsm8k_test_0364,train,retain,H2_gsm_symbolic,gsm_symbolic
pairs_arith_v2.csv,12072,arithmetic,gsm8k_test_0364,train,retain,H2_gsm_symbolic,gsm_symbolic
pairs_arith_v2.csv,12073,arithmetic,gsm8k_test_0364,train,retain,H2_gsm_symbolic_p1,gsm_symbolic_p1
pairs_arith_v2.csv,12077,arithmetic,gsm8k_test_1207,train,retain,H2_gsm_symbolic,gsm_symbolic
pairs_arith_v2.csv,12078,arithmetic,gsm8k_test_1207,train,retain,H2_gsm_symbolic,gsm_symbolic
pairs_arith_v2.csv,12079,arithmetic,gsm8k_test_1207,train,retain,H2_gsm_symbolic_p1,gsm_symbolic_p1
pairs_arith_v2.csv,12080,arithmetic,gsm8k_test_0655,train,retain,H2_gsm_symbolic,gsm_symbolic
pairs_arith_v2.csv,12081,arithmetic,gsm8k_test_0655,train,retain,H2_gsm_symbolic,gsm_symbolic
pairs_arith_v2.csv,12082,arithmetic,gsm8k_test_0655,train,retain,H2_gsm_symbolic_p1,gsm_symbolic_p1
pairs_arith_v2.csv,12083,arithmetic,gsm8k_test_1088,train,retain,H2_gsm_symbolic,gsm_symbolic
pairs_arith_v2.csv,12084,arithmetic,gsm8k_test_1088,train,retain,H2_gsm_symbolic,gsm_symbolic
pairs_arith_v2.csv,12085,arithmetic,gsm8k_test_1088,train,retain,H2_gsm_symbolic_p1,gsm_symbolic_p1
pairs_arith_v2.csv,12089,arithmetic,gsm8k_test_0434,train,retain,H2_gsm_symbolic,gsm_symbolic
pairs_arith_v2.csv,12090,arithmetic,gsm8k_test_0434,train,retain,H2_gsm_symbolic,gsm_symbolic
pairs_arith_v2.csv,12091,arithmetic,gsm8k_test_0434,train,retain,H2_gsm_symbolic_p1,gsm_symbolic_p1
pairs_arith_v2.csv,12098,arithmetic,gsm8k_test_1305,train,retain,H2_gsm_symbolic,gsm_symbolic
pairs_arith_v2.csv,12099,arithmetic,gsm8k_test_1305,train,retain,H2_gsm_symbolic,gsm_symbolic
pairs_arith_v2.csv,12100,arithmetic,gsm8k_test_1305,train,retain,H2_gsm_symbolic_p1,gsm_symbolic_p1
pairs_arith_v2.csv,12107,arithmetic,gsm8k_test_1053,train,retain,H2_gsm_symbolic,gsm_symbolic
pairs_arith_v2.csv,12108,arithmetic,gsm8k_test_1053,train,retain,H2_gsm_symbolic,gsm_symbolic
pairs_arith_v2.csv,12109,arithmetic,gsm8k_test_1053,train,retain,H2_gsm_symbolic_p1,gsm_symbolic_p1
pairs_arith_v2.csv,12110,arithmetic,gsm8k_test_1099,train,retain,H2_gsm_symbolic,gsm_symbolic
pairs_arith_v2.csv,12111,arithmetic,gsm8k_test_1099,train,retain,H2_gsm_symbolic,gsm_symbolic
pairs_arith_v2.csv,12112,arithmetic,gsm8k_test_1099,train,retain,H2_gsm_symbolic_p1,gsm_symbolic_p1
pairs_arith_v2.csv,12113,arithmetic,gsm8k_test_0039,train,retain,H2_gsm_symbolic,gsm_symbolic
pairs_arith_v2.csv,12114,arithmetic,gsm8k_test_0039,train,retain,H2_gsm_symbolic,gsm_symbolic
pairs_arith_v2.csv,12115,arithmetic,gsm8k_test_0039,train,retain,H2_gsm_symbolic_p1,gsm_symbolic_p1
pairs_arith_v2.csv,12119,arithmetic,gsm8k_test_0149,train,retain,H2_gsm_symbolic,gsm_symbolic
pairs_arith_v2.csv,12120,arithmetic,gsm8k_test_0149,train,retain,H2_gsm_symbolic,gsm_symbolic
pairs_arith_v2.csv,12121,arithmetic,gsm8k_test_0149,train,retain,H2_gsm_symbolic_p1,gsm_symbolic_p1
pairs_arith_v2.csv,12128,arithmetic,gsm8k_test_0554,train,retain,H2_gsm_symbolic,gsm_symbolic
pairs_arith_v2.csv,12129,arithmetic,gsm8k_test_0554,train,retain,H2_gsm_symbolic,gsm_symbolic
pairs_arith_v2.csv,12130,arithmetic,gsm8k_test_0554,train,retain,H2_gsm_symbolic_p1,gsm_symbolic_p1
pairs_arith_v2.csv,12131,arithmetic,gsm8k_test_0718,train,retain,H2_gsm_symbolic,gsm_symbolic
pairs_arith_v2.csv,12132,arithmetic,gsm8k_test_0718,train,retain,H2_gsm_symbolic,gsm_symbolic
pairs_arith_v2.csv,12133,arithmetic,gsm8k_test_0718,train,retain,H2_gsm_symbolic_p1,gsm_symbolic_p1
pairs_arith_v2.csv,12140,arithmetic,gsm8k_test_0636,train,retain,H2_gsm_symbolic,gsm_symbolic
pairs_arith_v2.csv,12141,arithmetic,gsm8k_test_0636,train,retain,H2_gsm_symbolic,gsm_symbolic
pairs_arith_v2.csv,12142,arithmetic,gsm8k_test_0636,train,retain,H2_gsm_symbolic_p1,gsm_symbolic_p1
pairs_mcq_v2.csv,5,mcq,mmlu_abstract_algebra_0001,train,remove,C0_exact,mmlu_copy
pairs_mcq_v2.csv,6,mcq,mmlu_abstract_algebra_0001,train,remove,C1_transformed,lmsys_rephrase
pairs_mcq_v2.csv,7,mcq,mmlu_abstract_algebra_0001,train,remove,C2_answer_bearing,mmlu_answer_frag
pairs_mcq_v2.csv,8,mcq,mmlu_abstract_algebra_0001,train,retain,H1_same_topic,mmlu_same_subject_other_item
pairs_mcq_v2.csv,9,mcq,mmlu_abstract_algebra_0001,train,retain,H3_predating,logiqa
pairs_mcq_v2.csv,10,mcq,mmlu_abstract_algebra_0001,train,retain,R_random,svamp
pairs_mcq_v2.csv,11,mcq,mmlu_abstract_algebra_0002,train,remove,C0_exact,mmlu_copy
pairs_mcq_v2.csv,12,mcq,mmlu_abstract_algebra_0002,train,remove,C1_transformed,lmsys_rephrase
pairs_mcq_v2.csv,13,mcq,mmlu_abstract_algebra_0002,train,remove,C2_answer_bearing,mmlu_answer_frag
pairs_mcq_v2.csv,14,mcq,mmlu_abstract_algebra_0002,train,retain,H1_same_topic,mmlu_same_subject_other_item
pairs_mcq_v2.csv,15,mcq,mmlu_abstract_algebra_0002,train,retain,H3_predating,logiqa
pairs_mcq_v2.csv,16,mcq,mmlu_abstract_algebra_0002,train,retain,R_random,svamp
pairs_mcq_v2.csv,17,mcq,mmlu_abstract_algebra_0003,train,remove,C0_exact,mmlu_copy
pairs_mcq_v2.csv,18,mcq,mmlu_abstract_algebra_0003,train,remove,C1_transformed,lmsys_rephrase
pairs_mcq_v2.csv,19,mcq,mmlu_abstract_algebra_0003,train,remove,C2_answer_bearing,mmlu_answer_frag
pairs_mcq_v2.csv,20,mcq,mmlu_abstract_algebra_0003,train,retain,H1_same_topic,mmlu_same_subject_other_item
pairs_mcq_v2.csv,21,mcq,mmlu_abstract_algebra_0003,train,retain,H3_predating,logiqa
pairs_mcq_v2.csv,22,mcq,mmlu_abstract_algebra_0003,train,retain,R_random,svamp
pairs_mcq_v2.csv,29,mcq,mmlu_abstract_algebra_0005,train,remove,C0_exact,mmlu_copy
pairs_mcq_v2.csv,30,mcq,mmlu_abstract_algebra_0005,train,remove,C1_transformed,lmsys_rephrase
pairs_mcq_v2.csv,31,mcq,mmlu_abstract_algebra_0005,train,remove,C2_answer_bearing,mmlu_answer_frag
pairs_mcq_v2.csv,32,mcq,mmlu_abstract_algebra_0005,train,retain,H1_same_topic,mmlu_same_subject_other_item
pairs_mcq_v2.csv,33,mcq,mmlu_abstract_algebra_0005,train,retain,H3_predating,logiqa
pairs_mcq_v2.csv,34,mcq,mmlu_abstract_algebra_0005,train,retain,R_random,svamp
pairs_mcq_v2.csv,53,mcq,mmlu_abstract_algebra_0009,train,remove,C0_exact,mmlu_copy
pairs_mcq_v2.csv,54,mcq,mmlu_abstract_algebra_0009,train,remove,C1_transformed,lmsys_rephrase
pairs_mcq_v2.csv,55,mcq,mmlu_abstract_algebra_0009,train,remove,C2_answer_bearing,mmlu_answer_frag
pairs_mcq_v2.csv,56,mcq,mmlu_abstract_algebra_0009,train,retain,H1_same_topic,mmlu_same_subject_other_item
pairs_mcq_v2.csv,57,mcq,mmlu_abstract_algebra_0009,train,retain,H3_predating,logiqa
pairs_mcq_v2.csv,58,mcq,mmlu_abstract_algebra_0009,train,retain,R_random,svamp
pairs_mcq_v2.csv,71,mcq,mmlu_abstract_algebra_0012,train,remove,C0_exact,mmlu_copy
pairs_mcq_v2.csv,72,mcq,mmlu_abstract_algebra_0012,train,remove,C1_transformed,lmsys_rephrase
pairs_mcq_v2.csv,73,mcq,mmlu_abstract_algebra_0012,train,remove,C2_answer_bearing,mmlu_answer_frag
pairs_mcq_v2.csv,74,mcq,mmlu_abstract_algebra_0012,train,retain,H1_same_topic,mmlu_same_subject_other_item
pairs_mcq_v2.csv,75,mcq,mmlu_abstract_algebra_0012,train,retain,H3_predating,logiqa
pairs_mcq_v2.csv,76,mcq,mmlu_abstract_algebra_0012,train,retain,R_random,svamp
pairs_mcq_v2.csv,89,mcq,mmlu_abstract_algebra_0015,train,remove,C0_exact,mmlu_copy
pairs_mcq_v2.csv,90,mcq,mmlu_abstract_algebra_0015,train,remove,C1_transformed,lmsys_rephrase
pairs_mcq_v2.csv,91,mcq,mmlu_abstract_algebra_0015,train,remove,C2_answer_bearing,mmlu_answer_frag
pairs_mcq_v2.csv,92,mcq,mmlu_abstract_algebra_0015,train,retain,H1_same_topic,mmlu_same_subject_other_item
pairs_mcq_v2.csv,93,mcq,mmlu_abstract_algebra_0015,train,retain,H3_predating,logiqa
pairs_mcq_v2.csv,94,mcq,mmlu_abstract_algebra_0015,train,retain,R_random,svamp
pairs_mcq_v2.csv,107,mcq,mmlu_abstract_algebra_0018,train,remove,C0_exact,mmlu_copy
pairs_mcq_v2.csv,108,mcq,mmlu_abstract_algebra_0018,train,remove,C1_transformed,lmsys_rephrase
pairs_mcq_v2.csv,109,mcq,mmlu_abstract_algebra_0018,train,remove,C2_answer_bearing,mmlu_answer_frag
pairs_mcq_v2.csv,110,mcq,mmlu_abstract_algebra_0018,train,retain,H1_same_topic,mmlu_same_subject_other_item
pairs_mcq_v2.csv,111,mcq,mmlu_abstract_algebra_0018,train,retain,H3_predating,logiqa
pairs_mcq_v2.csv,112,mcq,mmlu_abstract_algebra_0018,train,retain,R_random,svamp
pairs_mcq_v2.csv,125,mcq,mmlu_abstract_algebra_0021,train,remove,C0_exact,mmlu_copy
pairs_mcq_v2.csv,126,mcq,mmlu_abstract_algebra_0021,train,remove,C1_transformed,lmsys_rephrase
pairs_mcq_v2.csv,127,mcq,mmlu_abstract_algebra_0021,train,remove,C2_answer_bearing,mmlu_answer_frag
pairs_mcq_v2.csv,128,mcq,mmlu_abstract_algebra_0021,train,retain,H1_same_topic,mmlu_same_subject_other_item
pairs_mcq_v2.csv,129,mcq,mmlu_abstract_algebra_0021,train,retain,H3_predating,logiqa
pairs_mcq_v2.csv,130,mcq,mmlu_abstract_algebra_0021,train,retain,R_random,svamp
pairs_mcq_v2.csv,149,mcq,mmlu_abstract_algebra_0025,train,remove,C0_exact,mmlu_copy
pairs_mcq_v2.csv,150,mcq,mmlu_abstract_algebra_0025,train,remove,C1_transformed,lmsys_rephrase
pairs_mcq_v2.csv,151,mcq,mmlu_abstract_algebra_0025,train,remove,C2_answer_bearing,mmlu_answer_frag
pairs_mcq_v2.csv,152,mcq,mmlu_abstract_algebra_0025,train,retain,H1_same_topic,mmlu_same_subject_other_item
pairs_mcq_v2.csv,153,mcq,mmlu_abstract_algebra_0025,train,retain,H3_predating,logiqa
pairs_mcq_v2.csv,154,mcq,mmlu_abstract_algebra_0025,train,retain,R_random,svamp
pairs_mcq_v2.csv,155,mcq,mmlu_abstract_algebra_0026,train,remove,C0_exact,mmlu_copy
pairs_mcq_v2.csv,156,mcq,mmlu_abstract_algebra_0026,train,remove,C1_transformed,lmsys_rephrase
pairs_mcq_v2.csv,157,mcq,mmlu_abstract_algebra_0026,train,remove,C2_answer_bearing,mmlu_answer_frag
pairs_mcq_v2.csv,158,mcq,mmlu_abstract_algebra_0026,train,retain,H1_same_topic,mmlu_same_subject_other_item
pairs_mcq_v2.csv,159,mcq,mmlu_abstract_algebra_0026,train,retain,H3_predating,logiqa
pairs_mcq_v2.csv,160,mcq,mmlu_abstract_algebra_0026,train,retain,R_random,svamp
pairs_mcq_v2.csv,167,mcq,mmlu_abstract_algebra_0028,train,remove,C0_exact,mmlu_copy
pairs_mcq_v2.csv,168,mcq,mmlu_abstract_algebra_0028,train,remove,C1_transformed,lmsys_rephrase
pairs_mcq_v2.csv,169,mcq,mmlu_abstract_algebra_0028,train,remove,C2_answer_bearing,mmlu_answer_frag
pairs_mcq_v2.csv,170,mcq,mmlu_abstract_algebra_0028,train,retain,H1_same_topic,mmlu_same_subject_other_item
pairs_mcq_v2.csv,171,mcq,mmlu_abstract_algebra_0028,train,retain,H3_predating,logiqa
pairs_mcq_v2.csv,172,mcq,mmlu_abstract_algebra_0028,train,retain,R_random,svamp
pairs_mcq_v2.csv,173,mcq,mmlu_abstract_algebra_0029,train,remove,C0_exact,mmlu_copy
pairs_mcq_v2.csv,174,mcq,mmlu_abstract_algebra_0029,train,remove,C1_transformed,lmsys_rephrase
pairs_mcq_v2.csv,175,mcq,mmlu_abstract_algebra_0029,train,remove,C2_answer_bearing,mmlu_answer_frag
pairs_mcq_v2.csv,176,mcq,mmlu_abstract_algebra_0029,train,retain,H1_same_topic,mmlu_same_subject_other_item
pairs_mcq_v2.csv,177,mcq,mmlu_abstract_algebra_0029,train,retain,H3_predating,logiqa
pairs_mcq_v2.csv,178,mcq,mmlu_abstract_algebra_0029,train,retain,R_random,svamp
pairs_mcq_v2.csv,185,mcq,mmlu_abstract_algebra_0031,train,remove,C0_exact,mmlu_copy
pairs_mcq_v2.csv,186,mcq,mmlu_abstract_algebra_0031,train,remove,C1_transformed,lmsys_rephrase
pairs_mcq_v2.csv,187,mcq,mmlu_abstract_algebra_0031,train,remove,C2_answer_bearing,mmlu_answer_frag
pairs_mcq_v2.csv,188,mcq,mmlu_abstract_algebra_0031,train,retain,H1_same_topic,mmlu_same_subject_other_item
pairs_mcq_v2.csv,189,mcq,mmlu_abstract_algebra_0031,train,retain,H3_predating,logiqa
pairs_mcq_v2.csv,190,mcq,mmlu_abstract_algebra_0031,train,retain,R_random,svamp
pairs_mcq_v2.csv,191,mcq,mmlu_abstract_algebra_0032,train,remove,C0_exact,mmlu_copy
pairs_mcq_v2.csv,192,mcq,mmlu_abstract_algebra_0032,train,remove,C2_answer_bearing,mmlu_answer_frag
pairs_mcq_v2.csv,193,mcq,mmlu_abstract_algebra_0032,train,retain,H1_same_topic,mmlu_same_subject_other_item
pairs_mcq_v2.csv,194,mcq,mmlu_abstract_algebra_0032,train,retain,H3_predating,logiqa
pairs_mcq_v2.csv,195,mcq,mmlu_abstract_algebra_0032,train,retain,R_random,svamp
pairs_mcq_v2.csv,214,mcq,mmlu_abstract_algebra_0036,train,remove,C0_exact,mmlu_copy
pairs_mcq_v2.csv,215,mcq,mmlu_abstract_algebra_0036,train,remove,C1_transformed,lmsys_rephrase
pairs_mcq_v2.csv,216,mcq,mmlu_abstract_algebra_0036,train,remove,C2_answer_bearing,mmlu_answer_frag
pairs_mcq_v2.csv,217,mcq,mmlu_abstract_algebra_0036,train,retain,H1_same_topic,mmlu_same_subject_other_item
pairs_mcq_v2.csv,218,mcq,mmlu_abstract_algebra_0036,train,retain,H3_predating,logiqa
pairs_mcq_v2.csv,219,mcq,mmlu_abstract_algebra_0036,train,retain,R_random,svamp
pairs_mcq_v2.csv,220,mcq,mmlu_abstract_algebra_0037,train,remove,C0_exact,mmlu_copy
pairs_mcq_v2.csv,221,mcq,mmlu_abstract_algebra_0037,train,remove,C2_answer_bearing,mmlu_answer_frag
pairs_mcq_v2.csv,222,mcq,mmlu_abstract_algebra_0037,train,retain,H1_same_topic,mmlu_same_subject_other_item
pairs_mcq_v2.csv,223,mcq,mmlu_abstract_algebra_0037,train,retain,H3_predating,logiqa
pairs_mcq_v2.csv,224,mcq,mmlu_abstract_algebra_0037,train,retain,R_random,svamp
pairs_mcq_v2.csv,231,mcq,mmlu_abstract_algebra_0039,train,remove,C0_exact,mmlu_copy
pairs_mcq_v2.csv,232,mcq,mmlu_abstract_algebra_0039,train,remove,C1_transformed,lmsys_rephrase
pairs_mcq_v2.csv,233,mcq,mmlu_abstract_algebra_0039,train,remove,C2_answer_bearing,mmlu_answer_frag
pairs_mcq_v2.csv,234,mcq,mmlu_abstract_algebra_0039,train,retain,H1_same_topic,mmlu_same_subject_other_item
pairs_mcq_v2.csv,235,mcq,mmlu_abstract_algebra_0039,train,retain,H3_predating,logiqa
pairs_mcq_v2.csv,236,mcq,mmlu_abstract_algebra_0039,train,retain,R_random,svamp
pairs_mcq_v2.csv,266,mcq,mmlu_abstract_algebra_0045,train,remove,C0_exact,mmlu_copy
pairs_mcq_v2.csv,267,mcq,mmlu_abstract_algebra_0045,train,remove,C1_transformed,lmsys_rephrase
pairs_mcq_v2.csv,268,mcq,mmlu_abstract_algebra_0045,train,remove,C2_answer_bearing,mmlu_answer_frag
pairs_mcq_v2.csv,269,mcq,mmlu_abstract_algebra_0045,train,retain,H1_same_topic,mmlu_same_subject_other_item
pairs_mcq_v2.csv,270,mcq,mmlu_abstract_algebra_0045,train,retain,H3_predating,logiqa
pairs_mcq_v2.csv,271,mcq,mmlu_abstract_algebra_0045,train,retain,R_random,svamp
pairs_mcq_v2.csv,272,mcq,mmlu_abstract_algebra_0046,train,remove,C0_exact,mmlu_copy
pairs_mcq_v2.csv,273,mcq,mmlu_abstract_algebra_0046,train,remove,C1_transformed,lmsys_rephrase
pairs_mcq_v2.csv,274,mcq,mmlu_abstract_algebra_0046,train,remove,C2_answer_bearing,mmlu_answer_frag
pairs_mcq_v2.csv,275,mcq,mmlu_abstract_algebra_0046,train,retain,H1_same_topic,mmlu_same_subject_other_item
pairs_mcq_v2.csv,276,mcq,mmlu_abstract_algebra_0046,train,retain,H3_predating,logiqa
pairs_mcq_v2.csv,277,mcq,mmlu_abstract_algebra_0046,train,retain,R_random,svamp
pairs_mcq_v2.csv,284,mcq,mmlu_abstract_algebra_0048,train,remove,C0_exact,mmlu_copy
pairs_mcq_v2.csv,285,mcq,mmlu_abstract_algebra_0048,train,remove,C1_transformed,lmsys_rephrase
pairs_mcq_v2.csv,286,mcq,mmlu_abstract_algebra_0048,train,remove,C2_answer_bearing,mmlu_answer_frag
pairs_mcq_v2.csv,287,mcq,mmlu_abstract_algebra_0048,train,retain,H1_same_topic,mmlu_same_subject_other_item
pairs_mcq_v2.csv,288,mcq,mmlu_abstract_algebra_0048,train,retain,H3_predating,logiqa
pairs_mcq_v2.csv,289,mcq,mmlu_abstract_algebra_0048,train,retain,R_random,svamp
pairs_mcq_v2.csv,290,mcq,mmlu_abstract_algebra_0049,train,remove,C0_exact,mmlu_copy
pairs_mcq_v2.csv,291,mcq,mmlu_abstract_algebra_0049,train,remove,C1_transformed,lmsys_rephrase
pairs_mcq_v2.csv,292,mcq,mmlu_abstract_algebra_0049,train,remove,C2_answer_bearing,mmlu_answer_frag
pairs_mcq_v2.csv,293,mcq,mmlu_abstract_algebra_0049,train,retain,H1_same_topic,mmlu_same_subject_other_item
pairs_mcq_v2.csv,294,mcq,mmlu_abstract_algebra_0049,train,retain,H3_predating,logiqa
pairs_mcq_v2.csv,295,mcq,mmlu_abstract_algebra_0049,train,retain,R_random,svamp
pairs_mcq_v2.csv,314,mcq,mmlu_abstract_algebra_0053,train,remove,C0_exact,mmlu_copy
pairs_mcq_v2.csv,315,mcq,mmlu_abstract_algebra_0053,train,remove,C1_transformed,lmsys_rephrase
pairs_mcq_v2.csv,316,mcq,mmlu_abstract_algebra_0053,train,remove,C2_answer_bearing,mmlu_answer_frag
pairs_mcq_v2.csv,317,mcq,mmlu_abstract_algebra_0053,train,retain,H1_same_topic,mmlu_same_subject_other_item
pairs_mcq_v2.csv,318,mcq,mmlu_abstract_algebra_0053,train,retain,H3_predating,logiqa
pairs_mcq_v2.csv,319,mcq,mmlu_abstract_algebra_0053,train,retain,R_random,svamp
pairs_mcq_v2.csv,326,mcq,mmlu_abstract_algebra_0055,train,remove,C0_exact,mmlu_copy
pairs_mcq_v2.csv,327,mcq,mmlu_abstract_algebra_0055,train,remove,C1_transformed,lmsys_rephrase
pairs_mcq_v2.csv,328,mcq,mmlu_abstract_algebra_0055,train,remove,C2_answer_bearing,mmlu_answer_frag
pairs_mcq_v2.csv,329,mcq,mmlu_abstract_algebra_0055,train,retain,H1_same_topic,mmlu_same_subject_other_item
pairs_mcq_v2.csv,330,mcq,mmlu_abstract_algebra_0055,train,retain,H3_predating,logiqa
pairs_mcq_v2.csv,331,mcq,mmlu_abstract_algebra_0055,train,retain,R_random,svamp
pairs_mcq_v2.csv,332,mcq,mmlu_abstract_algebra_0056,train,remove,C0_exact,mmlu_copy
pairs_mcq_v2.csv,333,mcq,mmlu_abstract_algebra_0056,train,remove,C1_transformed,lmsys_rephrase
pairs_mcq_v2.csv,334,mcq,mmlu_abstract_algebra_0056,train,remove,C2_answer_bearing,mmlu_answer_frag
pairs_mcq_v2.csv,335,mcq,mmlu_abstract_algebra_0056,train,retain,H1_same_topic,mmlu_same_subject_other_item
pairs_mcq_v2.csv,336,mcq,mmlu_abstract_algebra_0056,train,retain,H3_predating,logiqa
pairs_mcq_v2.csv,337,mcq,mmlu_abstract_algebra_0056,train,retain,R_random,svamp
pairs_mcq_v2.csv,350,mcq,mmlu_abstract_algebra_0059,train,remove,C0_exact,mmlu_copy
pairs_mcq_v2.csv,351,mcq,mmlu_abstract_algebra_0059,train,remove,C1_transformed,lmsys_rephrase
pairs_mcq_v2.csv,352,mcq,mmlu_abstract_algebra_0059,train,remove,C2_answer_bearing,mmlu_answer_frag
pairs_mcq_v2.csv,353,mcq,mmlu_abstract_algebra_0059,train,retain,H1_same_topic,mmlu_same_subject_other_item
pairs_mcq_v2.csv,354,mcq,mmlu_abstract_algebra_0059,train,retain,H3_predating,logiqa
pairs_mcq_v2.csv,355,mcq,mmlu_abstract_algebra_0059,train,retain,R_random,svamp
pairs_mcq_v2.csv,362,mcq,mmlu_abstract_algebra_0061,train,remove,C0_exact,mmlu_copy
pairs_mcq_v2.csv,363,mcq,mmlu_abstract_algebra_0061,train,remove,C1_transformed,lmsys_rephrase
pairs_mcq_v2.csv,364,mcq,mmlu_abstract_algebra_0061,train,remove,C2_answer_bearing,mmlu_answer_frag
pairs_mcq_v2.csv,365,mcq,mmlu_abstract_algebra_0061,train,retain,H1_same_topic,mmlu_same_subject_other_item
pairs_mcq_v2.csv,366,mcq,mmlu_abstract_algebra_0061,train,retain,H3_predating,logiqa
pairs_mcq_v2.csv,367,mcq,mmlu_abstract_algebra_0061,train,retain,R_random,svamp
pairs_mcq_v2.csv,374,mcq,mmlu_abstract_algebra_0063,train,remove,C0_exact,mmlu_copy
pairs_mcq_v2.csv,375,mcq,mmlu_abstract_algebra_0063,train,remove,C1_transformed,lmsys_rephrase
pairs_mcq_v2.csv,376,mcq,mmlu_abstract_algebra_0063,train,remove,C2_answer_bearing,mmlu_answer_frag
pairs_mcq_v2.csv,377,mcq,mmlu_abstract_algebra_0063,train,retain,H1_same_topic,mmlu_same_subject_other_item
pairs_mcq_v2.csv,378,mcq,mmlu_abstract_algebra_0063,train,retain,H3_predating,logiqa
pairs_mcq_v2.csv,379,mcq,mmlu_abstract_algebra_0063,train,retain,R_random,svamp
pairs_mcq_v2.csv,380,mcq,mmlu_abstract_algebra_0064,train,remove,C0_exact,mmlu_copy
pairs_mcq_v2.csv,381,mcq,mmlu_abstract_algebra_0064,train,remove,C1_transformed,lmsys_rephrase
pairs_mcq_v2.csv,382,mcq,mmlu_abstract_algebra_0064,train,remove,C2_answer_bearing,mmlu_answer_frag
pairs_mcq_v2.csv,383,mcq,mmlu_abstract_algebra_0064,train,retain,H1_same_topic,mmlu_same_subject_other_item
pairs_mcq_v2.csv,384,mcq,mmlu_abstract_algebra_0064,train,retain,H3_predating,logiqa
pairs_mcq_v2.csv,385,mcq,mmlu_abstract_algebra_0064,train,retain,R_random,svamp
pairs_mcq_v2.csv,398,mcq,mmlu_abstract_algebra_0067,train,remove,C0_exact,mmlu_copy
pairs_mcq_v2.csv,399,mcq,mmlu_abstract_algebra_0067,train,remove,C1_transformed,lmsys_rephrase
pairs_mcq_v2.csv,400,mcq,mmlu_abstract_algebra_0067,train,remove,C2_answer_bearing,mmlu_answer_frag
pairs_mcq_v2.csv,401,mcq,mmlu_abstract_algebra_0067,train,retain,H1_same_topic,mmlu_same_subject_other_item
pairs_mcq_v2.csv,402,mcq,mmlu_abstract_algebra_0067,train,retain,H3_predating,logiqa
pairs_mcq_v2.csv,403,mcq,mmlu_abstract_algebra_0067,train,retain,R_random,svamp
pairs_mcq_v2.csv,410,mcq,mmlu_abstract_algebra_0069,train,remove,C0_exact,mmlu_copy
pairs_mcq_v2.csv,411,mcq,mmlu_abstract_algebra_0069,train,remove,C1_transformed,lmsys_rephrase
pairs_mcq_v2.csv,412,mcq,mmlu_abstract_algebra_0069,train,remove,C2_answer_bearing,mmlu_answer_frag
pairs_mcq_v2.csv,413,mcq,mmlu_abstract_algebra_0069,train,retain,H1_same_topic,mmlu_same_subject_other_item
pairs_mcq_v2.csv,414,mcq,mmlu_abstract_algebra_0069,train,retain,H3_predating,logiqa
pairs_mcq_v2.csv,415,mcq,mmlu_abstract_algebra_0069,train,retain,R_random,svamp
pairs_mcq_v2.csv,434,mcq,mmlu_abstract_algebra_0073,train,remove,C0_exact,mmlu_copy
pairs_mcq_v2.csv,435,mcq,mmlu_abstract_algebra_0073,train,remove,C1_transformed,lmsys_rephrase
pairs_mcq_v2.csv,436,mcq,mmlu_abstract_algebra_0073,train,remove,C2_answer_bearing,mmlu_answer_frag
pairs_mcq_v2.csv,437,mcq,mmlu_abstract_algebra_0073,train,retain,H1_same_topic,mmlu_same_subject_other_item
pairs_mcq_v2.csv,438,mcq,mmlu_abstract_algebra_0073,train,retain,H3_predating,logiqa
pairs_mcq_v2.csv,439,mcq,mmlu_abstract_algebra_0073,train,retain,R_random,svamp
pairs_mcq_v2.csv,440,mcq,mmlu_abstract_algebra_0074,train,remove,C0_exact,mmlu_copy
pairs_mcq_v2.csv,441,mcq,mmlu_abstract_algebra_0074,train,remove,C1_transformed,lmsys_rephrase
pairs_mcq_v2.csv,442,mcq,mmlu_abstract_algebra_0074,train,remove,C2_answer_bearing,mmlu_answer_frag
pairs_mcq_v2.csv,443,mcq,mmlu_abstract_algebra_0074,train,retain,H1_same_topic,mmlu_same_subject_other_item
pairs_mcq_v2.csv,444,mcq,mmlu_abstract_algebra_0074,train,retain,H3_predating,logiqa
pairs_mcq_v2.csv,445,mcq,mmlu_abstract_algebra_0074,train,retain,R_random,svamp
pairs_mcq_v2.csv,446,mcq,mmlu_abstract_algebra_0075,train,remove,C0_exact,mmlu_copy
pairs_mcq_v2.csv,447,mcq,mmlu_abstract_algebra_0075,train,remove,C1_transformed,lmsys_rephrase
pairs_mcq_v2.csv,448,mcq,mmlu_abstract_algebra_0075,train,remove,C2_answer_bearing,mmlu_answer_frag
pairs_mcq_v2.csv,449,mcq,mmlu_abstract_algebra_0075,train,retain,H1_same_topic,mmlu_same_subject_other_item
pairs_mcq_v2.csv,450,mcq,mmlu_abstract_algebra_0075,train,retain,H3_predating,logiqa
pairs_mcq_v2.csv,451,mcq,mmlu_abstract_algebra_0075,train,retain,R_random,svamp
pairs_mcq_v2.csv,458,mcq,mmlu_abstract_algebra_0077,train,remove,C0_exact,mmlu_copy
pairs_mcq_v2.csv,459,mcq,mmlu_abstract_algebra_0077,train,remove,C1_transformed,lmsys_rephrase
pairs_mcq_v2.csv,460,mcq,mmlu_abstract_algebra_0077,train,remove,C2_answer_bearing,mmlu_answer_frag
pairs_mcq_v2.csv,461,mcq,mmlu_abstract_algebra_0077,train,retain,H1_same_topic,mmlu_same_subject_other_item
pairs_mcq_v2.csv,462,mcq,mmlu_abstract_algebra_0077,train,retain,H3_predating,logiqa
pairs_mcq_v2.csv,463,mcq,mmlu_abstract_algebra_0077,train,retain,R_random,svamp
pairs_mcq_v2.csv,464,mcq,mmlu_abstract_algebra_0078,train,remove,C0_exact,mmlu_copy
pairs_mcq_v2.csv,465,mcq,mmlu_abstract_algebra_0078,train,remove,C1_transformed,lmsys_rephrase
pairs_mcq_v2.csv,466,mcq,mmlu_abstract_algebra_0078,train,remove,C2_answer_bearing,mmlu_answer_frag
pairs_mcq_v2.csv,467,mcq,mmlu_abstract_algebra_0078,train,retain,H1_same_topic,mmlu_same_subject_other_item
pairs_mcq_v2.csv,468,mcq,mmlu_abstract_algebra_0078,train,retain,H3_predating,logiqa
pairs_mcq_v2.csv,469,mcq,mmlu_abstract_algebra_0078,train,retain,R_random,svamp
pairs_mcq_v2.csv,476,mcq,mmlu_abstract_algebra_0080,train,remove,C0_exact,mmlu_copy
pairs_mcq_v2.csv,477,mcq,mmlu_abstract_algebra_0080,train,remove,C1_transformed,lmsys_rephrase
pairs_mcq_v2.csv,478,mcq,mmlu_abstract_algebra_0080,train,remove,C2_answer_bearing,mmlu_answer_frag
pairs_mcq_v2.csv,479,mcq,mmlu_abstract_algebra_0080,train,retain,H1_same_topic,mmlu_same_subject_other_item
pairs_mcq_v2.csv,480,mcq,mmlu_abstract_algebra_0080,train,retain,H3_predating,logiqa
pairs_mcq_v2.csv,481,mcq,mmlu_abstract_algebra_0080,train,retain,R_random,svamp
pairs_mcq_v2.csv,488,mcq,mmlu_abstract_algebra_0082,train,remove,C0_exact,mmlu_copy
pairs_mcq_v2.csv,489,mcq,mmlu_abstract_algebra_0082,train,remove,C1_transformed,lmsys_rephrase
pairs_mcq_v2.csv,490,mcq,mmlu_abstract_algebra_0082,train,remove,C2_answer_bearing,mmlu_answer_frag
pairs_mcq_v2.csv,491,mcq,mmlu_abstract_algebra_0082,train,retain,H1_same_topic,mmlu_same_subject_other_item
pairs_mcq_v2.csv,492,mcq,mmlu_abstract_algebra_0082,train,retain,H3_predating,logiqa
pairs_mcq_v2.csv,493,mcq,mmlu_abstract_algebra_0082,train,retain,R_random,svamp
pairs_mcq_v2.csv,494,mcq,mmlu_abstract_algebra_0083,train,remove,C0_exact,mmlu_copy
pairs_mcq_v2.csv,495,mcq,mmlu_abstract_algebra_0083,train,remove,C1_transformed,lmsys_rephrase
pairs_mcq_v2.csv,496,mcq,mmlu_abstract_algebra_0083,train,remove,C2_answer_bearing,mmlu_answer_frag
pairs_mcq_v2.csv,497,mcq,mmlu_abstract_algebra_0083,train,retain,H1_same_topic,mmlu_same_subject_other_item
pairs_mcq_v2.csv,498,mcq,mmlu_abstract_algebra_0083,train,retain,H3_predating,logiqa
pairs_mcq_v2.csv,499,mcq,mmlu_abstract_algebra_0083,train,retain,R_random,svamp
pairs_mcq_v2.csv,500,mcq,mmlu_abstract_algebra_0084,train,remove,C0_exact,mmlu_copy
pairs_mcq_v2.csv,501,mcq,mmlu_abstract_algebra_0084,train,remove,C1_transformed,lmsys_rephrase
pairs_mcq_v2.csv,502,mcq,mmlu_abstract_algebra_0084,train,remove,C2_answer_bearing,mmlu_answer_frag
pairs_mcq_v2.csv,503,mcq,mmlu_abstract_algebra_0084,train,retain,H1_same_topic,mmlu_same_subject_other_item
pairs_mcq_v2.csv,504,mcq,mmlu_abstract_algebra_0084,train,retain,H3_predating,logiqa
pairs_mcq_v2.csv,505,mcq,mmlu_abstract_algebra_0084,train,retain,R_random,svamp
pairs_mcq_v2.csv,506,mcq,mmlu_abstract_algebra_0085,train,remove,C0_exact,mmlu_copy
pairs_mcq_v2.csv,507,mcq,mmlu_abstract_algebra_0085,train,remove,C1_transformed,lmsys_rephrase
pairs_mcq_v2.csv,508,mcq,mmlu_abstract_algebra_0085,train,remove,C2_answer_bearing,mmlu_answer_frag
pairs_mcq_v2.csv,509,mcq,mmlu_abstract_algebra_0085,train,retain,H1_same_topic,mmlu_same_subject_other_item
pairs_mcq_v2.csv,510,mcq,mmlu_abstract_algebra_0085,train,retain,H3_predating,logiqa
pairs_mcq_v2.csv,511,mcq,mmlu_abstract_algebra_0085,train,retain,R_random,svamp
pairs_mcq_v2.csv,536,mcq,mmlu_abstract_algebra_0090,train,remove,C0_exact,mmlu_copy
pairs_mcq_v2.csv,537,mcq,mmlu_abstract_algebra_0090,train,remove,C1_transformed,lmsys_rephrase
pairs_mcq_v2.csv,538,mcq,mmlu_abstract_algebra_0090,train,remove,C2_answer_bearing,mmlu_answer_frag
pairs_mcq_v2.csv,539,mcq,mmlu_abstract_algebra_0090,train,retain,H1_same_topic,mmlu_same_subject_other_item
pairs_mcq_v2.csv,540,mcq,mmlu_abstract_algebra_0090,train,retain,H3_predating,logiqa
pairs_mcq_v2.csv,541,mcq,mmlu_abstract_algebra_0090,train,retain,R_random,svamp
pairs_mcq_v2.csv,542,mcq,mmlu_abstract_algebra_0091,train,remove,C0_exact,mmlu_copy
pairs_mcq_v2.csv,543,mcq,mmlu_abstract_algebra_0091,train,remove,C1_transformed,lmsys_rephrase
pairs_mcq_v2.csv,544,mcq,mmlu_abstract_algebra_0091,train,remove,C2_answer_bearing,mmlu_answer_frag
pairs_mcq_v2.csv,545,mcq,mmlu_abstract_algebra_0091,train,retain,H1_same_topic,mmlu_same_subject_other_item
pairs_mcq_v2.csv,546,mcq,mmlu_abstract_algebra_0091,train,retain,H3_predating,logiqa
pairs_mcq_v2.csv,547,mcq,mmlu_abstract_algebra_0091,train,retain,R_random,svamp
pairs_mcq_v2.csv,560,mcq,mmlu_abstract_algebra_0094,train,remove,C0_exact,mmlu_copy
pairs_mcq_v2.csv,561,mcq,mmlu_abstract_algebra_0094,train,remove,C1_transformed,lmsys_rephrase
pairs_mcq_v2.csv,562,mcq,mmlu_abstract_algebra_0094,train,remove,C2_answer_bearing,mmlu_answer_frag
pairs_mcq_v2.csv,563,mcq,mmlu_abstract_algebra_0094,train,retain,H1_same_topic,mmlu_same_subject_other_item
pairs_mcq_v2.csv,564,mcq,mmlu_abstract_algebra_0094,train,retain,H3_predating,logiqa
pairs_mcq_v2.csv,565,mcq,mmlu_abstract_algebra_0094,train,retain,R_random,svamp
pairs_mcq_v2.csv,566,mcq,mmlu_abstract_algebra_0095,train,remove,C0_exact,mmlu_copy
pairs_mcq_v2.csv,567,mcq,mmlu_abstract_algebra_0095,train,remove,C1_transformed,lmsys_rephrase
pairs_mcq_v2.csv,568,mcq,mmlu_abstract_algebra_0095,train,remove,C2_answer_bearing,mmlu_answer_frag
pairs_mcq_v2.csv,569,mcq,mmlu_abstract_algebra_0095,train,retain,H1_same_topic,mmlu_same_subject_other_item
pairs_mcq_v2.csv,570,mcq,mmlu_abstract_algebra_0095,train,retain,H3_predating,logiqa
pairs_mcq_v2.csv,571,mcq,mmlu_abstract_algebra_0095,train,retain,R_random,svamp
pairs_mcq_v2.csv,572,mcq,mmlu_abstract_algebra_0096,train,remove,C0_exact,mmlu_copy
pairs_mcq_v2.csv,573,mcq,mmlu_abstract_algebra_0096,train,remove,C1_transformed,lmsys_rephrase
pairs_mcq_v2.csv,574,mcq,mmlu_abstract_algebra_0096,train,remove,C2_answer_bearing,mmlu_answer_frag
pairs_mcq_v2.csv,575,mcq,mmlu_abstract_algebra_0096,train,retain,H1_same_topic,mmlu_same_subject_other_item
pairs_mcq_v2.csv,576,mcq,mmlu_abstract_algebra_0096,train,retain,H3_predating,logiqa
pairs_mcq_v2.csv,577,mcq,mmlu_abstract_algebra_0096,train,retain,R_random,svamp
pairs_mcq_v2.csv,578,mcq,mmlu_abstract_algebra_0097,train,remove,C0_exact,mmlu_copy
pairs_mcq_v2.csv,579,mcq,mmlu_abstract_algebra_0097,train,remove,C1_transformed,lmsys_rephrase
pairs_mcq_v2.csv,580,mcq,mmlu_abstract_algebra_0097,train,remove,C2_answer_bearing,mmlu_answer_frag
pairs_mcq_v2.csv,581,mcq,mmlu_abstract_algebra_0097,train,retain,H1_same_topic,mmlu_same_subject_other_item
pairs_mcq_v2.csv,582,mcq,mmlu_abstract_algebra_0097,train,retain,H3_predating,logiqa
pairs_mcq_v2.csv,583,mcq,mmlu_abstract_algebra_0097,train,retain,R_random,svamp
pairs_mcq_v2.csv,584,mcq,mmlu_abstract_algebra_0098,train,remove,C0_exact,mmlu_copy
pairs_mcq_v2.csv,585,mcq,mmlu_abstract_algebra_0098,train,remove,C1_transformed,lmsys_rephrase
pairs_mcq_v2.csv,586,mcq,mmlu_abstract_algebra_0098,train,remove,C2_answer_bearing,mmlu_answer_frag
pairs_mcq_v2.csv,587,mcq,mmlu_abstract_algebra_0098,train,retain,H1_same_topic,mmlu_same_subject_other_item
pairs_mcq_v2.csv,588,mcq,mmlu_abstract_algebra_0098,train,retain,H3_predating,logiqa
pairs_mcq_v2.csv,589,mcq,mmlu_abstract_algebra_0098,train,retain,R_random,svamp
pairs_mcq_v2.csv,590,mcq,mmlu_abstract_algebra_0099,train,remove,C0_exact,mmlu_copy
pairs_mcq_v2.csv,591,mcq,mmlu_abstract_algebra_0099,train,remove,C1_transformed,lmsys_rephrase
pairs_mcq_v2.csv,592,mcq,mmlu_abstract_algebra_0099,train,remove,C2_answer_bearing,mmlu_answer_frag
pairs_mcq_v2.csv,593,mcq,mmlu_abstract_algebra_0099,train,retain,H1_same_topic,mmlu_same_subject_other_item
pairs_mcq_v2.csv,594,mcq,mmlu_abstract_algebra_0099,train,retain,H3_predating,logiqa
pairs_mcq_v2.csv,595,mcq,mmlu_abstract_algebra_0099,train,retain,R_random,svamp
pairs_mcq_v2.csv,602,mcq,mmlu_high_school_us_history_0001,train,remove,C0_exact,mmlu_copy
pairs_mcq_v2.csv,603,mcq,mmlu_high_school_us_history_0001,train,remove,C2_answer_bearing,mmlu_answer_frag
pairs_mcq_v2.csv,604,mcq,mmlu_high_school_us_history_0001,train,retain,H1_same_topic,mmlu_same_subject_other_item
pairs_mcq_v2.csv,605,mcq,mmlu_high_school_us_history_0001,train,retain,H3_predating,logiqa
pairs_mcq_v2.csv,606,mcq,mmlu_high_school_us_history_0001,train,retain,R_random,svamp
pairs_mcq_v2.csv,613,mcq,mmlu_high_school_us_history_0003,train,remove,C0_exact,mmlu_copy
pairs_mcq_v2.csv,614,mcq,mmlu_high_school_us_history_0003,train,remove,C1_transformed,lmsys_rephrase
pairs_mcq_v2.csv,615,mcq,mmlu_high_school_us_history_0003,train,remove,C2_answer_bearing,mmlu_answer_frag
pairs_mcq_v2.csv,616,mcq,mmlu_high_school_us_history_0003,train,retain,H1_same_topic,mmlu_same_subject_other_item
pairs_mcq_v2.csv,617,mcq,mmlu_high_school_us_history_0003,train,retain,H3_predating,logiqa
pairs_mcq_v2.csv,618,mcq,mmlu_high_school_us_history_0003,train,retain,R_random,svamp
pairs_mcq_v2.csv,619,mcq,mmlu_high_school_us_history_0004,train,remove,C0_exact,mmlu_copy
pairs_mcq_v2.csv,620,mcq,mmlu_high_school_us_history_0004,train,remove,C1_transformed,lmsys_rephrase
pairs_mcq_v2.csv,621,mcq,mmlu_high_school_us_history_0004,train,remove,C2_answer_bearing,mmlu_answer_frag
pairs_mcq_v2.csv,622,mcq,mmlu_high_school_us_history_0004,train,retain,H1_same_topic,mmlu_same_subject_other_item
pairs_mcq_v2.csv,623,mcq,mmlu_high_school_us_history_0004,train,retain,H3_predating,logiqa
pairs_mcq_v2.csv,624,mcq,mmlu_high_school_us_history_0004,train,retain,R_random,svamp
pairs_mcq_v2.csv,643,mcq,mmlu_high_school_us_history_0008,train,remove,C0_exact,mmlu_copy
pairs_mcq_v2.csv,644,mcq,mmlu_high_school_us_history_0008,train,remove,C1_transformed,lmsys_rephrase
pairs_mcq_v2.csv,645,mcq,mmlu_high_school_us_history_0008,train,remove,C2_answer_bearing,mmlu_answer_frag
pairs_mcq_v2.csv,646,mcq,mmlu_high_school_us_history_0008,train,retain,H1_same_topic,mmlu_same_subject_other_item
pairs_mcq_v2.csv,647,mcq,mmlu_high_school_us_history_0008,train,retain,H3_predating,logiqa
pairs_mcq_v2.csv,648,mcq,mmlu_high_school_us_history_0008,train,retain,R_random,svamp
pairs_mcq_v2.csv,649,mcq,mmlu_high_school_us_history_0009,train,remove,C0_exact,mmlu_copy
pairs_mcq_v2.csv,650,mcq,mmlu_high_school_us_history_0009,train,remove,C1_transformed,lmsys_rephrase
pairs_mcq_v2.csv,651,mcq,mmlu_high_school_us_history_0009,train,remove,C2_answer_bearing,mmlu_answer_frag
pairs_mcq_v2.csv,652,mcq,mmlu_high_school_us_history_0009,train,retain,H1_same_topic,mmlu_same_subject_other_item
pairs_mcq_v2.csv,653,mcq,mmlu_high_school_us_history_0009,train,retain,H3_predating,logiqa
pairs_mcq_v2.csv,654,mcq,mmlu_high_school_us_history_0009,train,retain,R_random,svamp
pairs_mcq_v2.csv,661,mcq,mmlu_high_school_us_history_0011,train,remove,C0_exact,mmlu_copy
pairs_mcq_v2.csv,662,mcq,mmlu_high_school_us_history_0011,train,remove,C1_transformed,lmsys_rephrase
pairs_mcq_v2.csv,663,mcq,mmlu_high_school_us_history_0011,train,remove,C2_answer_bearing,mmlu_answer_frag
pairs_mcq_v2.csv,664,mcq,mmlu_high_school_us_history_0011,train,retain,H1_same_topic,mmlu_same_subject_other_item
pairs_mcq_v2.csv,665,mcq,mmlu_high_school_us_history_0011,train,retain,H3_predating,logiqa
pairs_mcq_v2.csv,666,mcq,mmlu_high_school_us_history_0011,train,retain,R_random,svamp
pairs_mcq_v2.csv,679,mcq,mmlu_high_school_us_history_0014,train,remove,C0_exact,mmlu_copy
pairs_mcq_v2.csv,680,mcq,mmlu_high_school_us_history_0014,train,remove,C1_transformed,lmsys_rephrase
pairs_mcq_v2.csv,681,mcq,mmlu_high_school_us_history_0014,train,remove,C2_answer_bearing,mmlu_answer_frag
pairs_mcq_v2.csv,682,mcq,mmlu_high_school_us_history_0014,train,retain,H1_same_topic,mmlu_same_subject_other_item
pairs_mcq_v2.csv,683,mcq,mmlu_high_school_us_history_0014,train,retain,H3_predating,logiqa
pairs_mcq_v2.csv,684,mcq,mmlu_high_school_us_history_0014,train,retain,R_random,svamp
pairs_mcq_v2.csv,697,mcq,mmlu_high_school_us_history_0017,train,remove,C0_exact,mmlu_copy
pairs_mcq_v2.csv,698,mcq,mmlu_high_school_us_history_0017,train,remove,C1_transformed,lmsys_rephrase
pairs_mcq_v2.csv,699,mcq,mmlu_high_school_us_history_0017,train,remove,C2_answer_bearing,mmlu_answer_frag
pairs_mcq_v2.csv,700,mcq,mmlu_high_school_us_history_0017,train,retain,H1_same_topic,mmlu_same_subject_other_item
pairs_mcq_v2.csv,701,mcq,mmlu_high_school_us_history_0017,train,retain,H3_predating,logiqa
pairs_mcq_v2.csv,702,mcq,mmlu_high_school_us_history_0017,train,retain,R_random,svamp
pairs_mcq_v2.csv,708,mcq,mmlu_high_school_us_history_0019,train,remove,C0_exact,mmlu_copy
pairs_mcq_v2.csv,709,mcq,mmlu_high_school_us_history_0019,train,remove,C1_transformed,lmsys_rephrase
pairs_mcq_v2.csv,710,mcq,mmlu_high_school_us_history_0019,train,remove,C2_answer_bearing,mmlu_answer_frag
pairs_mcq_v2.csv,711,mcq,mmlu_high_school_us_history_0019,train,retain,H1_same_topic,mmlu_same_subject_other_item
pairs_mcq_v2.csv,712,mcq,mmlu_high_school_us_history_0019,train,retain,H3_predating,logiqa
pairs_mcq_v2.csv,713,mcq,mmlu_high_school_us_history_0019,train,retain,R_random,svamp
pairs_mcq_v2.csv,720,mcq,mmlu_high_school_us_history_0021,train,remove,C0_exact,mmlu_copy
pairs_mcq_v2.csv,721,mcq,mmlu_high_school_us_history_0021,train,remove,C1_transformed,lmsys_rephrase
pairs_mcq_v2.csv,722,mcq,mmlu_high_school_us_history_0021,train,remove,C2_answer_bearing,mmlu_answer_frag
pairs_mcq_v2.csv,723,mcq,mmlu_high_school_us_history_0021,train,retain,H1_same_topic,mmlu_same_subject_other_item
pairs_mcq_v2.csv,724,mcq,mmlu_high_school_us_history_0021,train,retain,H3_predating,logiqa
pairs_mcq_v2.csv,725,mcq,mmlu_high_school_us_history_0021,train,retain,R_random,svamp
pairs_mcq_v2.csv,738,mcq,mmlu_high_school_us_history_0024,train,remove,C0_exact,mmlu_copy
pairs_mcq_v2.csv,739,mcq,mmlu_high_school_us_history_0024,train,remove,C1_transformed,lmsys_rephrase
pairs_mcq_v2.csv,740,mcq,mmlu_high_school_us_history_0024,train,remove,C2_answer_bearing,mmlu_answer_frag
pairs_mcq_v2.csv,741,mcq,mmlu_high_school_us_history_0024,train,retain,H1_same_topic,mmlu_same_subject_other_item
pairs_mcq_v2.csv,742,mcq,mmlu_high_school_us_history_0024,train,retain,H3_predating,logiqa
pairs_mcq_v2.csv,743,mcq,mmlu_high_school_us_history_0024,train,retain,R_random,svamp
pairs_mcq_v2.csv,744,mcq,mmlu_high_school_us_history_0025,train,remove,C0_exact,mmlu_copy
pairs_mcq_v2.csv,745,mcq,mmlu_high_school_us_history_0025,train,remove,C1_transformed,lmsys_rephrase
pairs_mcq_v2.csv,746,mcq,mmlu_high_school_us_history_0025,train,remove,C2_answer_bearing,mmlu_answer_frag
pairs_mcq_v2.csv,747,mcq,mmlu_high_school_us_history_0025,train,retain,H1_same_topic,mmlu_same_subject_other_item
pairs_mcq_v2.csv,748,mcq,mmlu_high_school_us_history_0025,train,retain,H3_predating,logiqa
pairs_mcq_v2.csv,749,mcq,mmlu_high_school_us_history_0025,train,retain,R_random,svamp
pairs_mcq_v2.csv,756,mcq,mmlu_high_school_us_history_0027,train,remove,C0_exact,mmlu_copy
pairs_mcq_v2.csv,757,mcq,mmlu_high_school_us_history_0027,train,remove,C1_transformed,lmsys_rephrase
pairs_mcq_v2.csv,758,mcq,mmlu_high_school_us_history_0027,train,remove,C2_answer_bearing,mmlu_answer_frag
pairs_mcq_v2.csv,759,mcq,mmlu_high_school_us_history_0027,train,retain,H1_same_topic,mmlu_same_subject_other_item
pairs_mcq_v2.csv,760,mcq,mmlu_high_school_us_history_0027,train,retain,H3_predating,logiqa
pairs_mcq_v2.csv,761,mcq,mmlu_high_school_us_history_0027,train,retain,R_random,svamp
pairs_mcq_v2.csv,762,mcq,mmlu_high_school_us_history_0028,train,remove,C0_exact,mmlu_copy
pairs_mcq_v2.csv,763,mcq,mmlu_high_school_us_history_0028,train,remove,C1_transformed,lmsys_rephrase
pairs_mcq_v2.csv,764,mcq,mmlu_high_school_us_history_0028,train,remove,C2_answer_bearing,mmlu_answer_frag
pairs_mcq_v2.csv,765,mcq,mmlu_high_school_us_history_0028,train,retain,H1_same_topic,mmlu_same_subject_other_item
pairs_mcq_v2.csv,766,mcq,mmlu_high_school_us_history_0028,train,retain,H3_predating,logiqa
pairs_mcq_v2.csv,767,mcq,mmlu_high_school_us_history_0028,train,retain,R_random,svamp
pairs_mcq_v2.csv,768,mcq,mmlu_high_school_us_history_0029,train,remove,C0_exact,mmlu_copy
pairs_mcq_v2.csv,769,mcq,mmlu_high_school_us_history_0029,train,remove,C1_transformed,lmsys_rephrase
pairs_mcq_v2.csv,770,mcq,mmlu_high_school_us_history_0029,train,remove,C2_answer_bearing,mmlu_answer_frag
pairs_mcq_v2.csv,771,mcq,mmlu_high_school_us_history_0029,train,retain,H1_same_topic,mmlu_same_subject_other_item
pairs_mcq_v2.csv,772,mcq,mmlu_high_school_us_history_0029,train,retain,H3_predating,logiqa
pairs_mcq_v2.csv,773,mcq,mmlu_high_school_us_history_0029,train,retain,R_random,svamp
pairs_mcq_v2.csv,797,mcq,mmlu_high_school_us_history_0034,train,remove,C0_exact,mmlu_copy
pairs_mcq_v2.csv,798,mcq,mmlu_high_school_us_history_0034,train,remove,C1_transformed,lmsys_rephrase
pairs_mcq_v2.csv,799,mcq,mmlu_high_school_us_history_0034,train,remove,C2_answer_bearing,mmlu_answer_frag
pairs_mcq_v2.csv,800,mcq,mmlu_high_school_us_history_0034,train,retain,H1_same_topic,mmlu_same_subject_other_item
pairs_mcq_v2.csv,801,mcq,mmlu_high_school_us_history_0034,train,retain,H3_predating,logiqa
pairs_mcq_v2.csv,802,mcq,mmlu_high_school_us_history_0034,train,retain,R_random,svamp
pairs_mcq_v2.csv,803,mcq,mmlu_high_school_us_history_0035,train,remove,C0_exact,mmlu_copy
pairs_mcq_v2.csv,804,mcq,mmlu_high_school_us_history_0035,train,remove,C1_transformed,lmsys_rephrase
pairs_mcq_v2.csv,805,mcq,mmlu_high_school_us_history_0035,train,remove,C2_answer_bearing,mmlu_answer_frag
pairs_mcq_v2.csv,806,mcq,mmlu_high_school_us_history_0035,train,retain,H1_same_topic,mmlu_same_subject_other_item
pairs_mcq_v2.csv,807,mcq,mmlu_high_school_us_history_0035,train,retain,H3_predating,logiqa
pairs_mcq_v2.csv,808,mcq,mmlu_high_school_us_history_0035,train,retain,R_random,svamp
pairs_mcq_v2.csv,809,mcq,mmlu_high_school_us_history_0036,train,remove,C0_exact,mmlu_copy
pairs_mcq_v2.csv,810,mcq,mmlu_high_school_us_history_0036,train,remove,C1_transformed,lmsys_rephrase
pairs_mcq_v2.csv,811,mcq,mmlu_high_school_us_history_0036,train,remove,C2_answer_bearing,mmlu_answer_frag
pairs_mcq_v2.csv,812,mcq,mmlu_high_school_us_history_0036,train,retain,H1_same_topic,mmlu_same_subject_other_item
pairs_mcq_v2.csv,813,mcq,mmlu_high_school_us_history_0036,train,retain,H3_predating,logiqa
pairs_mcq_v2.csv,814,mcq,mmlu_high_school_us_history_0036,train,retain,R_random,svamp
pairs_mcq_v2.csv,833,mcq,mmlu_high_school_us_history_0040,train,remove,C0_exact,mmlu_copy
pairs_mcq_v2.csv,834,mcq,mmlu_high_school_us_history_0040,train,remove,C1_transformed,lmsys_rephrase
pairs_mcq_v2.csv,835,mcq,mmlu_high_school_us_history_0040,train,remove,C2_answer_bearing,mmlu_answer_frag
pairs_mcq_v2.csv,836,mcq,mmlu_high_school_us_history_0040,train,retain,H1_same_topic,mmlu_same_subject_other_item
pairs_mcq_v2.csv,837,mcq,mmlu_high_school_us_history_0040,train,retain,H3_predating,logiqa
pairs_mcq_v2.csv,838,mcq,mmlu_high_school_us_history_0040,train,retain,R_random,svamp
pairs_mcq_v2.csv,839,mcq,mmlu_high_school_us_history_0041,train,remove,C0_exact,mmlu_copy
pairs_mcq_v2.csv,840,mcq,mmlu_high_school_us_history_0041,train,remove,C1_transformed,lmsys_rephrase
pairs_mcq_v2.csv,841,mcq,mmlu_high_school_us_history_0041,train,remove,C2_answer_bearing,mmlu_answer_frag
pairs_mcq_v2.csv,842,mcq,mmlu_high_school_us_history_0041,train,retain,H1_same_topic,mmlu_same_subject_other_item
pairs_mcq_v2.csv,843,mcq,mmlu_high_school_us_history_0041,train,retain,H3_predating,logiqa
pairs_mcq_v2.csv,844,mcq,mmlu_high_school_us_history_0041,train,retain,R_random,svamp
pairs_mcq_v2.csv,845,mcq,mmlu_high_school_us_history_0042,train,remove,C0_exact,mmlu_copy
pairs_mcq_v2.csv,846,mcq,mmlu_high_school_us_history_0042,train,remove,C1_transformed,lmsys_rephrase
pairs_mcq_v2.csv,847,mcq,mmlu_high_school_us_history_0042,train,remove,C2_answer_bearing,mmlu_answer_frag
pairs_mcq_v2.csv,848,mcq,mmlu_high_school_us_history_0042,train,retain,H1_same_topic,mmlu_same_subject_other_item
pairs_mcq_v2.csv,849,mcq,mmlu_high_school_us_history_0042,train,retain,H3_predating,logiqa
pairs_mcq_v2.csv,850,mcq,mmlu_high_school_us_history_0042,train,retain,R_random,svamp
pairs_mcq_v2.csv,863,mcq,mmlu_high_school_us_history_0045,train,remove,C0_exact,mmlu_copy
pairs_mcq_v2.csv,864,mcq,mmlu_high_school_us_history_0045,train,remove,C2_answer_bearing,mmlu_answer_frag
pairs_mcq_v2.csv,865,mcq,mmlu_high_school_us_history_0045,train,retain,H1_same_topic,mmlu_same_subject_other_item
pairs_mcq_v2.csv,866,mcq,mmlu_high_school_us_history_0045,train,retain,H3_predating,logiqa
pairs_mcq_v2.csv,867,mcq,mmlu_high_school_us_history_0045,train,retain,R_random,svamp
pairs_mcq_v2.csv,874,mcq,mmlu_high_school_us_history_0047,train,remove,C0_exact,mmlu_copy
pairs_mcq_v2.csv,875,mcq,mmlu_high_school_us_history_0047,train,remove,C1_transformed,lmsys_rephrase
pairs_mcq_v2.csv,876,mcq,mmlu_high_school_us_history_0047,train,remove,C2_answer_bearing,mmlu_answer_frag
pairs_mcq_v2.csv,877,mcq,mmlu_high_school_us_history_0047,train,retain,H1_same_topic,mmlu_same_subject_other_item
pairs_mcq_v2.csv,878,mcq,mmlu_high_school_us_history_0047,train,retain,H3_predating,logiqa
pairs_mcq_v2.csv,879,mcq,mmlu_high_school_us_history_0047,train,retain,R_random,svamp
pairs_mcq_v2.csv,880,mcq,mmlu_high_school_us_history_0048,train,remove,C0_exact,mmlu_copy
pairs_mcq_v2.csv,881,mcq,mmlu_high_school_us_history_0048,train,remove,C1_transformed,lmsys_rephrase
pairs_mcq_v2.csv,882,mcq,mmlu_high_school_us_history_0048,train,remove,C2_answer_bearing,mmlu_answer_frag
pairs_mcq_v2.csv,883,mcq,mmlu_high_school_us_history_0048,train,retain,H1_same_topic,mmlu_same_subject_other_item
pairs_mcq_v2.csv,884,mcq,mmlu_high_school_us_history_0048,train,retain,H3_predating,logiqa
pairs_mcq_v2.csv,885,mcq,mmlu_high_school_us_history_0048,train,retain,R_random,svamp
pairs_mcq_v2.csv,892,mcq,mmlu_high_school_us_history_0050,train,remove,C0_exact,mmlu_copy
pairs_mcq_v2.csv,893,mcq,mmlu_high_school_us_history_0050,train,remove,C1_transformed,lmsys_rephrase
pairs_mcq_v2.csv,894,mcq,mmlu_high_school_us_history_0050,train,remove,C2_answer_bearing,mmlu_answer_frag
pairs_mcq_v2.csv,895,mcq,mmlu_high_school_us_history_0050,train,retain,H1_same_topic,mmlu_same_subject_other_item
pairs_mcq_v2.csv,896,mcq,mmlu_high_school_us_history_0050,train,retain,H3_predating,logiqa
pairs_mcq_v2.csv,897,mcq,mmlu_high_school_us_history_0050,train,retain,R_random,svamp
pairs_mcq_v2.csv,904,mcq,mmlu_high_school_us_history_0052,train,remove,C0_exact,mmlu_copy
pairs_mcq_v2.csv,905,mcq,mmlu_high_school_us_history_0052,train,remove,C1_transformed,lmsys_rephrase
pairs_mcq_v2.csv,906,mcq,mmlu_high_school_us_history_0052,train,remove,C2_answer_bearing,mmlu_answer_frag
pairs_mcq_v2.csv,907,mcq,mmlu_high_school_us_history_0052,train,retain,H1_same_topic,mmlu_same_subject_other_item
pairs_mcq_v2.csv,908,mcq,mmlu_high_school_us_history_0052,train,retain,H3_predating,logiqa
pairs_mcq_v2.csv,909,mcq,mmlu_high_school_us_history_0052,train,retain,R_random,svamp
pairs_mcq_v2.csv,910,mcq,mmlu_high_school_us_history_0053,train,remove,C0_exact,mmlu_copy
pairs_mcq_v2.csv,911,mcq,mmlu_high_school_us_history_0053,train,remove,C1_transformed,lmsys_rephrase
pairs_mcq_v2.csv,912,mcq,mmlu_high_school_us_history_0053,train,remove,C2_answer_bearing,mmlu_answer_frag
pairs_mcq_v2.csv,913,mcq,mmlu_high_school_us_history_0053,train,retain,H1_same_topic,mmlu_same_subject_other_item
pairs_mcq_v2.csv,914,mcq,mmlu_high_school_us_history_0053,train,retain,H3_predating,logiqa
pairs_mcq_v2.csv,915,mcq,mmlu_high_school_us_history_0053,train,retain,R_random,svamp
pairs_mcq_v2.csv,916,mcq,mmlu_high_school_us_history_0054,train,remove,C0_exact,mmlu_copy
pairs_mcq_v2.csv,917,mcq,mmlu_high_school_us_history_0054,train,remove,C1_transformed,lmsys_rephrase
pairs_mcq_v2.csv,918,mcq,mmlu_high_school_us_history_0054,train,remove,C2_answer_bearing,mmlu_answer_frag
pairs_mcq_v2.csv,919,mcq,mmlu_high_school_us_history_0054,train,retain,H1_same_topic,mmlu_same_subject_other_item
pairs_mcq_v2.csv,920,mcq,mmlu_high_school_us_history_0054,train,retain,H3_predating,logiqa
pairs_mcq_v2.csv,921,mcq,mmlu_high_school_us_history_0054,train,retain,R_random,svamp
pairs_mcq_v2.csv,922,mcq,mmlu_high_school_us_history_0055,train,remove,C0_exact,mmlu_copy
pairs_mcq_v2.csv,923,mcq,mmlu_high_school_us_history_0055,train,remove,C1_transformed,lmsys_rephrase
pairs_mcq_v2.csv,924,mcq,mmlu_high_school_us_history_0055,train,remove,C2_answer_bearing,mmlu_answer_frag
pairs_mcq_v2.csv,925,mcq,mmlu_high_school_us_history_0055,train,retain,H1_same_topic,mmlu_same_subject_other_item
pairs_mcq_v2.csv,926,mcq,mmlu_high_school_us_history_0055,train,retain,H3_predating,logiqa
pairs_mcq_v2.csv,927,mcq,mmlu_high_school_us_history_0055,train,retain,R_random,svamp
pairs_mcq_v2.csv,928,mcq,mmlu_high_school_us_history_0056,train,remove,C0_exact,mmlu_copy
pairs_mcq_v2.csv,929,mcq,mmlu_high_school_us_history_0056,train,remove,C1_transformed,lmsys_rephrase
pairs_mcq_v2.csv,930,mcq,mmlu_high_school_us_history_0056,train,remove,C2_answer_bearing,mmlu_answer_frag
pairs_mcq_v2.csv,931,mcq,mmlu_high_school_us_history_0056,train,retain,H1_same_topic,mmlu_same_subject_other_item
pairs_mcq_v2.csv,932,mcq,mmlu_high_school_us_history_0056,train,retain,H3_predating,logiqa
pairs_mcq_v2.csv,933,mcq,mmlu_high_school_us_history_0056,train,retain,R_random,svamp
pairs_mcq_v2.csv,940,mcq,mmlu_high_school_us_history_0058,train,remove,C0_exact,mmlu_copy
pairs_mcq_v2.csv,941,mcq,mmlu_high_school_us_history_0058,train,remove,C1_transformed,lmsys_rephrase
pairs_mcq_v2.csv,942,mcq,mmlu_high_school_us_history_0058,train,remove,C2_answer_bearing,mmlu_answer_frag
pairs_mcq_v2.csv,943,mcq,mmlu_high_school_us_history_0058,train,retain,H1_same_topic,mmlu_same_subject_other_item
pairs_mcq_v2.csv,944,mcq,mmlu_high_school_us_history_0058,train,retain,H3_predating,logiqa
pairs_mcq_v2.csv,945,mcq,mmlu_high_school_us_history_0058,train,retain,R_random,svamp
pairs_mcq_v2.csv,958,mcq,mmlu_high_school_us_history_0061,train,remove,C0_exact,mmlu_copy
pairs_mcq_v2.csv,959,mcq,mmlu_high_school_us_history_0061,train,remove,C1_transformed,lmsys_rephrase
pairs_mcq_v2.csv,960,mcq,mmlu_high_school_us_history_0061,train,remove,C2_answer_bearing,mmlu_answer_frag
pairs_mcq_v2.csv,961,mcq,mmlu_high_school_us_history_0061,train,retain,H1_same_topic,mmlu_same_subject_other_item
pairs_mcq_v2.csv,962,mcq,mmlu_high_school_us_history_0061,train,retain,H3_predating,logiqa
pairs_mcq_v2.csv,963,mcq,mmlu_high_school_us_history_0061,train,retain,R_random,svamp
pairs_mcq_v2.csv,970,mcq,mmlu_high_school_us_history_0063,train,remove,C0_exact,mmlu_copy
pairs_mcq_v2.csv,971,mcq,mmlu_high_school_us_history_0063,train,remove,C1_transformed,lmsys_rephrase
pairs_mcq_v2.csv,972,mcq,mmlu_high_school_us_history_0063,train,remove,C2_answer_bearing,mmlu_answer_frag
pairs_mcq_v2.csv,973,mcq,mmlu_high_school_us_history_0063,train,retain,H1_same_topic,mmlu_same_subject_other_item
pairs_mcq_v2.csv,974,mcq,mmlu_high_school_us_history_0063,train,retain,H3_predating,logiqa
pairs_mcq_v2.csv,975,mcq,mmlu_high_school_us_history_0063,train,retain,R_random,svamp
pairs_mcq_v2.csv,982,mcq,mmlu_high_school_us_history_0065,train,remove,C0_exact,mmlu_copy
pairs_mcq_v2.csv,983,mcq,mmlu_high_school_us_history_0065,train,remove,C1_transformed,lmsys_rephrase
pairs_mcq_v2.csv,984,mcq,mmlu_high_school_us_history_0065,train,remove,C2_answer_bearing,mmlu_answer_frag
pairs_mcq_v2.csv,985,mcq,mmlu_high_school_us_history_0065,train,retain,H1_same_topic,mmlu_same_subject_other_item
pairs_mcq_v2.csv,986,mcq,mmlu_high_school_us_history_0065,train,retain,H3_predating,logiqa
pairs_mcq_v2.csv,987,mcq,mmlu_high_school_us_history_0065,train,retain,R_random,svamp
pairs_mcq_v2.csv,988,mcq,mmlu_high_school_us_history_0066,train,remove,C0_exact,mmlu_copy
pairs_mcq_v2.csv,989,mcq,mmlu_high_school_us_history_0066,train,remove,C1_transformed,lmsys_rephrase
pairs_mcq_v2.csv,990,mcq,mmlu_high_school_us_history_0066,train,remove,C2_answer_bearing,mmlu_answer_frag
pairs_mcq_v2.csv,991,mcq,mmlu_high_school_us_history_0066,train,retain,H1_same_topic,mmlu_same_subject_other_item
pairs_mcq_v2.csv,992,mcq,mmlu_high_school_us_history_0066,train,retain,H3_predating,logiqa
pairs_mcq_v2.csv,993,mcq,mmlu_high_school_us_history_0066,train,retain,R_random,svamp
pairs_mcq_v2.csv,1018,mcq,mmlu_high_school_us_history_0071,train,remove,C0_exact,mmlu_copy
pairs_mcq_v2.csv,1019,mcq,mmlu_high_school_us_history_0071,train,remove,C1_transformed,lmsys_rephrase
pairs_mcq_v2.csv,1020,mcq,mmlu_high_school_us_history_0071,train,remove,C2_answer_bearing,mmlu_answer_frag
pairs_mcq_v2.csv,1021,mcq,mmlu_high_school_us_history_0071,train,retain,H1_same_topic,mmlu_same_subject_other_item
pairs_mcq_v2.csv,1022,mcq,mmlu_high_school_us_history_0071,train,retain,H3_predating,logiqa
pairs_mcq_v2.csv,1023,mcq,mmlu_high_school_us_history_0071,train,retain,R_random,svamp
pairs_mcq_v2.csv,1030,mcq,mmlu_high_school_us_history_0073,train,remove,C0_exact,mmlu_copy
pairs_mcq_v2.csv,1031,mcq,mmlu_high_school_us_history_0073,train,remove,C1_transformed,lmsys_rephrase
pairs_mcq_v2.csv,1032,mcq,mmlu_high_school_us_history_0073,train,remove,C2_answer_bearing,mmlu_answer_frag
pairs_mcq_v2.csv,1033,mcq,mmlu_high_school_us_history_0073,train,retain,H1_same_topic,mmlu_same_subject_other_item
pairs_mcq_v2.csv,1034,mcq,mmlu_high_school_us_history_0073,train,retain,H3_predating,logiqa
pairs_mcq_v2.csv,1035,mcq,mmlu_high_school_us_history_0073,train,retain,R_random,svamp
pairs_mcq_v2.csv,1036,mcq,mmlu_high_school_us_history_0074,train,remove,C0_exact,mmlu_copy
pairs_mcq_v2.csv,1037,mcq,mmlu_high_school_us_history_0074,train,remove,C1_transformed,lmsys_rephrase
pairs_mcq_v2.csv,1038,mcq,mmlu_high_school_us_history_0074,train,remove,C2_answer_bearing,mmlu_answer_frag
pairs_mcq_v2.csv,1039,mcq,mmlu_high_school_us_history_0074,train,retain,H1_same_topic,mmlu_same_subject_other_item
pairs_mcq_v2.csv,1040,mcq,mmlu_high_school_us_history_0074,train,retain,H3_predating,logiqa
pairs_mcq_v2.csv,1041,mcq,mmlu_high_school_us_history_0074,train,retain,R_random,svamp
pairs_mcq_v2.csv,1060,mcq,mmlu_high_school_us_history_0078,train,remove,C0_exact,mmlu_copy
pairs_mcq_v2.csv,1061,mcq,mmlu_high_school_us_history_0078,train,remove,C1_transformed,lmsys_rephrase
pairs_mcq_v2.csv,1062,mcq,mmlu_high_school_us_history_0078,train,remove,C2_answer_bearing,mmlu_answer_frag
pairs_mcq_v2.csv,1063,mcq,mmlu_high_school_us_history_0078,train,retain,H1_same_topic,mmlu_same_subject_other_item
pairs_mcq_v2.csv,1064,mcq,mmlu_high_school_us_history_0078,train,retain,H3_predating,logiqa
pairs_mcq_v2.csv,1065,mcq,mmlu_high_school_us_history_0078,train,retain,R_random,svamp
pairs_mcq_v2.csv,1066,mcq,mmlu_high_school_us_history_0079,train,remove,C0_exact,mmlu_copy
pairs_mcq_v2.csv,1067,mcq,mmlu_high_school_us_history_0079,train,remove,C1_transformed,lmsys_rephrase
pairs_mcq_v2.csv,1068,mcq,mmlu_high_school_us_history_0079,train,remove,C2_answer_bearing,mmlu_answer_frag
pairs_mcq_v2.csv,1069,mcq,mmlu_high_school_us_history_0079,train,retain,H1_same_topic,mmlu_same_subject_other_item
pairs_mcq_v2.csv,1070,mcq,mmlu_high_school_us_history_0079,train,retain,H3_predating,logiqa
pairs_mcq_v2.csv,1071,mcq,mmlu_high_school_us_history_0079,train,retain,R_random,svamp
pairs_mcq_v2.csv,1072,mcq,mmlu_high_school_us_history_0080,train,remove,C0_exact,mmlu_copy
pairs_mcq_v2.csv,1073,mcq,mmlu_high_school_us_history_0080,train,remove,C1_transformed,lmsys_rephrase
pairs_mcq_v2.csv,1074,mcq,mmlu_high_school_us_history_0080,train,remove,C2_answer_bearing,mmlu_answer_frag
pairs_mcq_v2.csv,1075,mcq,mmlu_high_school_us_history_0080,train,retain,H1_same_topic,mmlu_same_subject_other_item
pairs_mcq_v2.csv,1076,mcq,mmlu_high_school_us_history_0080,train,retain,H3_predating,logiqa
pairs_mcq_v2.csv,1077,mcq,mmlu_high_school_us_history_0080,train,retain,R_random,svamp
pairs_mcq_v2.csv,1126,mcq,mmlu_high_school_us_history_0089,train,remove,C0_exact,mmlu_copy
pairs_mcq_v2.csv,1127,mcq,mmlu_high_school_us_history_0089,train,remove,C1_transformed,lmsys_rephrase
pairs_mcq_v2.csv,1128,mcq,mmlu_high_school_us_history_0089,train,remove,C2_answer_bearing,mmlu_answer_frag
pairs_mcq_v2.csv,1129,mcq,mmlu_high_school_us_history_0089,train,retain,H1_same_topic,mmlu_same_subject_other_item
pairs_mcq_v2.csv,1130,mcq,mmlu_high_school_us_history_0089,train,retain,H3_predating,logiqa
pairs_mcq_v2.csv,1131,mcq,mmlu_high_school_us_history_0089,train,retain,R_random,svamp
pairs_mcq_v2.csv,1155,mcq,mmlu_high_school_us_history_0094,train,remove,C0_exact,mmlu_copy
pairs_mcq_v2.csv,1156,mcq,mmlu_high_school_us_history_0094,train,remove,C1_transformed,lmsys_rephrase
pairs_mcq_v2.csv,1157,mcq,mmlu_high_school_us_history_0094,train,remove,C2_answer_bearing,mmlu_answer_frag
pairs_mcq_v2.csv,1158,mcq,mmlu_high_school_us_history_0094,train,retain,H1_same_topic,mmlu_same_subject_other_item
pairs_mcq_v2.csv,1159,mcq,mmlu_high_school_us_history_0094,train,retain,H3_predating,logiqa
pairs_mcq_v2.csv,1160,mcq,mmlu_high_school_us_history_0094,train,retain,R_random,svamp
pairs_mcq_v2.csv,1173,mcq,mmlu_high_school_us_history_0097,train,remove,C0_exact,mmlu_copy
pairs_mcq_v2.csv,1174,mcq,mmlu_high_school_us_history_0097,train,remove,C1_transformed,lmsys_rephrase
pairs_mcq_v2.csv,1175,mcq,mmlu_high_school_us_history_0097,train,remove,C2_answer_bearing,mmlu_answer_frag
pairs_mcq_v2.csv,1176,mcq,mmlu_high_school_us_history_0097,train,retain,H1_same_topic,mmlu_same_subject_other_item
pairs_mcq_v2.csv,1177,mcq,mmlu_high_school_us_history_0097,train,retain,H3_predating,logiqa
pairs_mcq_v2.csv,1178,mcq,mmlu_high_school_us_history_0097,train,retain,R_random,svamp
pairs_mcq_v2.csv,1185,mcq,mmlu_high_school_us_history_0099,train,remove,C0_exact,mmlu_copy
pairs_mcq_v2.csv,1186,mcq,mmlu_high_school_us_history_0099,train,remove,C1_transformed,lmsys_rephrase
pairs_mcq_v2.csv,1187,mcq,mmlu_high_school_us_history_0099,train,remove,C2_answer_bearing,mmlu_answer_frag
pairs_mcq_v2.csv,1188,mcq,mmlu_high_school_us_history_0099,train,retain,H1_same_topic,mmlu_same_subject_other_item
pairs_mcq_v2.csv,1189,mcq,mmlu_high_school_us_history_0099,train,retain,H3_predating,logiqa
pairs_mcq_v2.csv,1190,mcq,mmlu_high_school_us_history_0099,train,retain,R_random,svamp
pairs_mcq_v2.csv,1197,mcq,mmlu_high_school_us_history_0101,train,remove,C0_exact,mmlu_copy
pairs_mcq_v2.csv,1198,mcq,mmlu_high_school_us_history_0101,train,remove,C1_transformed,lmsys_rephrase
pairs_mcq_v2.csv,1199,mcq,mmlu_high_school_us_history_0101,train,remove,C2_answer_bearing,mmlu_answer_frag
pairs_mcq_v2.csv,1200,mcq,mmlu_high_school_us_history_0101,train,retain,H1_same_topic,mmlu_same_subject_other_item
pairs_mcq_v2.csv,1201,mcq,mmlu_high_school_us_history_0101,train,retain,H3_predating,logiqa
pairs_mcq_v2.csv,1202,mcq,mmlu_high_school_us_history_0101,train,retain,R_random,svamp
pairs_mcq_v2.csv,1208,mcq,mmlu_high_school_us_history_0103,train,remove,C0_exact,mmlu_copy
pairs_mcq_v2.csv,1209,mcq,mmlu_high_school_us_history_0103,train,remove,C1_transformed,lmsys_rephrase
pairs_mcq_v2.csv,1210,mcq,mmlu_high_school_us_history_0103,train,remove,C2_answer_bearing,mmlu_answer_frag
pairs_mcq_v2.csv,1211,mcq,mmlu_high_school_us_history_0103,train,retain,H1_same_topic,mmlu_same_subject_other_item
pairs_mcq_v2.csv,1212,mcq,mmlu_high_school_us_history_0103,train,retain,H3_predating,logiqa
pairs_mcq_v2.csv,1213,mcq,mmlu_high_school_us_history_0103,train,retain,R_random,svamp
pairs_mcq_v2.csv,1226,mcq,mmlu_high_school_us_history_0106,train,remove,C0_exact,mmlu_copy
pairs_mcq_v2.csv,1227,mcq,mmlu_high_school_us_history_0106,train,remove,C2_answer_bearing,mmlu_answer_frag
pairs_mcq_v2.csv,1228,mcq,mmlu_high_school_us_history_0106,train,retain,H1_same_topic,mmlu_same_subject_other_item
pairs_mcq_v2.csv,1229,mcq,mmlu_high_school_us_history_0106,train,retain,H3_predating,logiqa
pairs_mcq_v2.csv,1230,mcq,mmlu_high_school_us_history_0106,train,retain,R_random,svamp
pairs_mcq_v2.csv,1237,mcq,mmlu_high_school_us_history_0108,train,remove,C0_exact,mmlu_copy
pairs_mcq_v2.csv,1238,mcq,mmlu_high_school_us_history_0108,train,remove,C1_transformed,lmsys_rephrase
pairs_mcq_v2.csv,1239,mcq,mmlu_high_school_us_history_0108,train,remove,C2_answer_bearing,mmlu_answer_frag
pairs_mcq_v2.csv,1240,mcq,mmlu_high_school_us_history_0108,train,retain,H1_same_topic,mmlu_same_subject_other_item
pairs_mcq_v2.csv,1241,mcq,mmlu_high_school_us_history_0108,train,retain,H3_predating,logiqa
pairs_mcq_v2.csv,1242,mcq,mmlu_high_school_us_history_0108,train,retain,R_random,svamp
pairs_mcq_v2.csv,1255,mcq,mmlu_high_school_us_history_0111,train,remove,C0_exact,mmlu_copy
pairs_mcq_v2.csv,1256,mcq,mmlu_high_school_us_history_0111,train,remove,C1_transformed,lmsys_rephrase
pairs_mcq_v2.csv,1257,mcq,mmlu_high_school_us_history_0111,train,remove,C2_answer_bearing,mmlu_answer_frag
pairs_mcq_v2.csv,1258,mcq,mmlu_high_school_us_history_0111,train,retain,H1_same_topic,mmlu_same_subject_other_item
pairs_mcq_v2.csv,1259,mcq,mmlu_high_school_us_history_0111,train,retain,H3_predating,logiqa
pairs_mcq_v2.csv,1260,mcq,mmlu_high_school_us_history_0111,train,retain,R_random,svamp
pairs_mcq_v2.csv,1291,mcq,mmlu_high_school_us_history_0117,train,remove,C0_exact,mmlu_copy
pairs_mcq_v2.csv,1292,mcq,mmlu_high_school_us_history_0117,train,remove,C1_transformed,lmsys_rephrase
pairs_mcq_v2.csv,1293,mcq,mmlu_high_school_us_history_0117,train,remove,C2_answer_bearing,mmlu_answer_frag
pairs_mcq_v2.csv,1294,mcq,mmlu_high_school_us_history_0117,train,retain,H1_same_topic,mmlu_same_subject_other_item
pairs_mcq_v2.csv,1295,mcq,mmlu_high_school_us_history_0117,train,retain,H3_predating,logiqa
pairs_mcq_v2.csv,1296,mcq,mmlu_high_school_us_history_0117,train,retain,R_random,svamp
pairs_mcq_v2.csv,1302,mcq,mmlu_high_school_us_history_0119,train,remove,C0_exact,mmlu_copy
pairs_mcq_v2.csv,1303,mcq,mmlu_high_school_us_history_0119,train,remove,C1_transformed,lmsys_rephrase
pairs_mcq_v2.csv,1304,mcq,mmlu_high_school_us_history_0119,train,remove,C2_answer_bearing,mmlu_answer_frag
pairs_mcq_v2.csv,1305,mcq,mmlu_high_school_us_history_0119,train,retain,H1_same_topic,mmlu_same_subject_other_item
pairs_mcq_v2.csv,1306,mcq,mmlu_high_school_us_history_0119,train,retain,H3_predating,logiqa
pairs_mcq_v2.csv,1307,mcq,mmlu_high_school_us_history_0119,train,retain,R_random,svamp
pairs_mcq_v2.csv,1308,mcq,mmlu_high_school_us_history_0120,train,remove,C0_exact,mmlu_copy
pairs_mcq_v2.csv,1309,mcq,mmlu_high_school_us_history_0120,train,remove,C1_transformed,lmsys_rephrase
pairs_mcq_v2.csv,1310,mcq,mmlu_high_school_us_history_0120,train,remove,C2_answer_bearing,mmlu_answer_frag
pairs_mcq_v2.csv,1311,mcq,mmlu_high_school_us_history_0120,train,retain,H1_same_topic,mmlu_same_subject_other_item
pairs_mcq_v2.csv,1312,mcq,mmlu_high_school_us_history_0120,train,retain,H3_predating,logiqa
pairs_mcq_v2.csv,1313,mcq,mmlu_high_school_us_history_0120,train,retain,R_random,svamp
pairs_mcq_v2.csv,1320,mcq,mmlu_high_school_us_history_0122,train,remove,C0_exact,mmlu_copy
pairs_mcq_v2.csv,1321,mcq,mmlu_high_school_us_history_0122,train,remove,C1_transformed,lmsys_rephrase
pairs_mcq_v2.csv,1322,mcq,mmlu_high_school_us_history_0122,train,remove,C2_answer_bearing,mmlu_answer_frag
pairs_mcq_v2.csv,1323,mcq,mmlu_high_school_us_history_0122,train,retain,H1_same_topic,mmlu_same_subject_other_item
pairs_mcq_v2.csv,1324,mcq,mmlu_high_school_us_history_0122,train,retain,H3_predating,logiqa
pairs_mcq_v2.csv,1325,mcq,mmlu_high_school_us_history_0122,train,retain,R_random,svamp
pairs_mcq_v2.csv,1326,mcq,mmlu_high_school_us_history_0123,train,remove,C0_exact,mmlu_copy
pairs_mcq_v2.csv,1327,mcq,mmlu_high_school_us_history_0123,train,remove,C1_transformed,lmsys_rephrase
pairs_mcq_v2.csv,1328,mcq,mmlu_high_school_us_history_0123,train,remove,C2_answer_bearing,mmlu_answer_frag
pairs_mcq_v2.csv,1329,mcq,mmlu_high_school_us_history_0123,train,retain,H1_same_topic,mmlu_same_subject_other_item
pairs_mcq_v2.csv,1330,mcq,mmlu_high_school_us_history_0123,train,retain,H3_predating,logiqa
pairs_mcq_v2.csv,1331,mcq,mmlu_high_school_us_history_0123,train,retain,R_random,svamp
pairs_mcq_v2.csv,1350,mcq,mmlu_high_school_us_history_0127,train,remove,C0_exact,mmlu_copy
pairs_mcq_v2.csv,1351,mcq,mmlu_high_school_us_history_0127,train,remove,C1_transformed,lmsys_rephrase
pairs_mcq_v2.csv,1352,mcq,mmlu_high_school_us_history_0127,train,remove,C2_answer_bearing,mmlu_answer_frag
pairs_mcq_v2.csv,1353,mcq,mmlu_high_school_us_history_0127,train,retain,H1_same_topic,mmlu_same_subject_other_item
pairs_mcq_v2.csv,1354,mcq,mmlu_high_school_us_history_0127,train,retain,H3_predating,logiqa
pairs_mcq_v2.csv,1355,mcq,mmlu_high_school_us_history_0127,train,retain,R_random,svamp
pairs_mcq_v2.csv,1356,mcq,mmlu_high_school_us_history_0128,train,remove,C0_exact,mmlu_copy
pairs_mcq_v2.csv,1357,mcq,mmlu_high_school_us_history_0128,train,remove,C1_transformed,lmsys_rephrase
pairs_mcq_v2.csv,1358,mcq,mmlu_high_school_us_history_0128,train,remove,C2_answer_bearing,mmlu_answer_frag
pairs_mcq_v2.csv,1359,mcq,mmlu_high_school_us_history_0128,train,retain,H1_same_topic,mmlu_same_subject_other_item
pairs_mcq_v2.csv,1360,mcq,mmlu_high_school_us_history_0128,train,retain,H3_predating,logiqa
pairs_mcq_v2.csv,1361,mcq,mmlu_high_school_us_history_0128,train,retain,R_random,svamp
pairs_mcq_v2.csv,1374,mcq,mmlu_high_school_us_history_0131,train,remove,C0_exact,mmlu_copy
pairs_mcq_v2.csv,1375,mcq,mmlu_high_school_us_history_0131,train,remove,C2_answer_bearing,mmlu_answer_frag
pairs_mcq_v2.csv,1376,mcq,mmlu_high_school_us_history_0131,train,retain,H1_same_topic,mmlu_same_subject_other_item
pairs_mcq_v2.csv,1377,mcq,mmlu_high_school_us_history_0131,train,retain,H3_predating,logiqa
pairs_mcq_v2.csv,1378,mcq,mmlu_high_school_us_history_0131,train,retain,R_random,svamp
pairs_mcq_v2.csv,1397,mcq,mmlu_high_school_us_history_0135,train,remove,C0_exact,mmlu_copy
pairs_mcq_v2.csv,1398,mcq,mmlu_high_school_us_history_0135,train,remove,C1_transformed,lmsys_rephrase
pairs_mcq_v2.csv,1399,mcq,mmlu_high_school_us_history_0135,train,remove,C2_answer_bearing,mmlu_answer_frag
pairs_mcq_v2.csv,1400,mcq,mmlu_high_school_us_history_0135,train,retain,H1_same_topic,mmlu_same_subject_other_item
pairs_mcq_v2.csv,1401,mcq,mmlu_high_school_us_history_0135,train,retain,H3_predating,logiqa
pairs_mcq_v2.csv,1402,mcq,mmlu_high_school_us_history_0135,train,retain,R_random,svamp
pairs_mcq_v2.csv,1409,mcq,mmlu_high_school_us_history_0137,train,remove,C0_exact,mmlu_copy
pairs_mcq_v2.csv,1410,mcq,mmlu_high_school_us_history_0137,train,remove,C1_transformed,lmsys_rephrase
pairs_mcq_v2.csv,1411,mcq,mmlu_high_school_us_history_0137,train,remove,C2_answer_bearing,mmlu_answer_frag
pairs_mcq_v2.csv,1412,mcq,mmlu_high_school_us_history_0137,train,retain,H1_same_topic,mmlu_same_subject_other_item
pairs_mcq_v2.csv,1413,mcq,mmlu_high_school_us_history_0137,train,retain,H3_predating,logiqa
pairs_mcq_v2.csv,1414,mcq,mmlu_high_school_us_history_0137,train,retain,R_random,svamp
pairs_mcq_v2.csv,1451,mcq,mmlu_high_school_us_history_0144,train,remove,C0_exact,mmlu_copy
pairs_mcq_v2.csv,1452,mcq,mmlu_high_school_us_history_0144,train,remove,C1_transformed,lmsys_rephrase
pairs_mcq_v2.csv,1453,mcq,mmlu_high_school_us_history_0144,train,remove,C2_answer_bearing,mmlu_answer_frag
pairs_mcq_v2.csv,1454,mcq,mmlu_high_school_us_history_0144,train,retain,H1_same_topic,mmlu_same_subject_other_item
pairs_mcq_v2.csv,1455,mcq,mmlu_high_school_us_history_0144,train,retain,H3_predating,logiqa
pairs_mcq_v2.csv,1456,mcq,mmlu_high_school_us_history_0144,train,retain,R_random,svamp
pairs_mcq_v2.csv,1457,mcq,mmlu_high_school_us_history_0145,train,remove,C0_exact,mmlu_copy
pairs_mcq_v2.csv,1458,mcq,mmlu_high_school_us_history_0145,train,remove,C1_transformed,lmsys_rephrase
pairs_mcq_v2.csv,1459,mcq,mmlu_high_school_us_history_0145,train,remove,C2_answer_bearing,mmlu_answer_frag
pairs_mcq_v2.csv,1460,mcq,mmlu_high_school_us_history_0145,train,retain,H1_same_topic,mmlu_same_subject_other_item
pairs_mcq_v2.csv,1461,mcq,mmlu_high_school_us_history_0145,train,retain,H3_predating,logiqa
pairs_mcq_v2.csv,1462,mcq,mmlu_high_school_us_history_0145,train,retain,R_random,svamp
pairs_mcq_v2.csv,1481,mcq,mmlu_high_school_us_history_0149,train,remove,C0_exact,mmlu_copy
pairs_mcq_v2.csv,1482,mcq,mmlu_high_school_us_history_0149,train,remove,C1_transformed,lmsys_rephrase
pairs_mcq_v2.csv,1483,mcq,mmlu_high_school_us_history_0149,train,remove,C2_answer_bearing,mmlu_answer_frag
pairs_mcq_v2.csv,1484,mcq,mmlu_high_school_us_history_0149,train,retain,H1_same_topic,mmlu_same_subject_other_item
pairs_mcq_v2.csv,1485,mcq,mmlu_high_school_us_history_0149,train,retain,H3_predating,logiqa
pairs_mcq_v2.csv,1486,mcq,mmlu_high_school_us_history_0149,train,retain,R_random,svamp
pairs_mcq_v2.csv,1516,mcq,mmlu_high_school_us_history_0155,train,remove,C0_exact,mmlu_copy
pairs_mcq_v2.csv,1517,mcq,mmlu_high_school_us_history_0155,train,remove,C1_transformed,lmsys_rephrase
pairs_mcq_v2.csv,1518,mcq,mmlu_high_school_us_history_0155,train,remove,C2_answer_bearing,mmlu_answer_frag
pairs_mcq_v2.csv,1519,mcq,mmlu_high_school_us_history_0155,train,retain,H1_same_topic,mmlu_same_subject_other_item
pairs_mcq_v2.csv,1520,mcq,mmlu_high_school_us_history_0155,train,retain,H3_predating,logiqa
pairs_mcq_v2.csv,1521,mcq,mmlu_high_school_us_history_0155,train,retain,R_random,svamp
pairs_mcq_v2.csv,1534,mcq,mmlu_high_school_us_history_0158,train,remove,C0_exact,mmlu_copy
pairs_mcq_v2.csv,1535,mcq,mmlu_high_school_us_history_0158,train,remove,C1_transformed,lmsys_rephrase
pairs_mcq_v2.csv,1536,mcq,mmlu_high_school_us_history_0158,train,remove,C2_answer_bearing,mmlu_answer_frag
pairs_mcq_v2.csv,1537,mcq,mmlu_high_school_us_history_0158,train,retain,H1_same_topic,mmlu_same_subject_other_item
pairs_mcq_v2.csv,1538,mcq,mmlu_high_school_us_history_0158,train,retain,H3_predating,logiqa
pairs_mcq_v2.csv,1539,mcq,mmlu_high_school_us_history_0158,train,retain,R_random,svamp
pairs_mcq_v2.csv,1570,mcq,mmlu_high_school_us_history_0164,train,remove,C0_exact,mmlu_copy
pairs_mcq_v2.csv,1571,mcq,mmlu_high_school_us_history_0164,train,remove,C1_transformed,lmsys_rephrase
pairs_mcq_v2.csv,1572,mcq,mmlu_high_school_us_history_0164,train,remove,C2_answer_bearing,mmlu_answer_frag
pairs_mcq_v2.csv,1573,mcq,mmlu_high_school_us_history_0164,train,retain,H1_same_topic,mmlu_same_subject_other_item
pairs_mcq_v2.csv,1574,mcq,mmlu_high_school_us_history_0164,train,retain,H3_predating,logiqa
pairs_mcq_v2.csv,1575,mcq,mmlu_high_school_us_history_0164,train,retain,R_random,svamp
pairs_mcq_v2.csv,1582,mcq,mmlu_high_school_us_history_0166,train,remove,C0_exact,mmlu_copy
pairs_mcq_v2.csv,1583,mcq,mmlu_high_school_us_history_0166,train,remove,C1_transformed,lmsys_rephrase
pairs_mcq_v2.csv,1584,mcq,mmlu_high_school_us_history_0166,train,remove,C2_answer_bearing,mmlu_answer_frag
pairs_mcq_v2.csv,1585,mcq,mmlu_high_school_us_history_0166,train,retain,H1_same_topic,mmlu_same_subject_other_item
pairs_mcq_v2.csv,1586,mcq,mmlu_high_school_us_history_0166,train,retain,H3_predating,logiqa
pairs_mcq_v2.csv,1587,mcq,mmlu_high_school_us_history_0166,train,retain,R_random,svamp
pairs_mcq_v2.csv,1588,mcq,mmlu_high_school_us_history_0167,train,remove,C0_exact,mmlu_copy
pairs_mcq_v2.csv,1589,mcq,mmlu_high_school_us_history_0167,train,remove,C1_transformed,lmsys_rephrase
pairs_mcq_v2.csv,1590,mcq,mmlu_high_school_us_history_0167,train,remove,C2_answer_bearing,mmlu_answer_frag
pairs_mcq_v2.csv,1591,mcq,mmlu_high_school_us_history_0167,train,retain,H1_same_topic,mmlu_same_subject_other_item
pairs_mcq_v2.csv,1592,mcq,mmlu_high_school_us_history_0167,train,retain,H3_predating,logiqa
pairs_mcq_v2.csv,1593,mcq,mmlu_high_school_us_history_0167,train,retain,R_random,svamp
pairs_mcq_v2.csv,1594,mcq,mmlu_high_school_us_history_0168,train,remove,C0_exact,mmlu_copy
pairs_mcq_v2.csv,1595,mcq,mmlu_high_school_us_history_0168,train,remove,C1_transformed,lmsys_rephrase
pairs_mcq_v2.csv,1596,mcq,mmlu_high_school_us_history_0168,train,remove,C2_answer_bearing,mmlu_answer_frag
pairs_mcq_v2.csv,1597,mcq,mmlu_high_school_us_history_0168,train,retain,H1_same_topic,mmlu_same_subject_other_item
pairs_mcq_v2.csv,1598,mcq,mmlu_high_school_us_history_0168,train,retain,H3_predating,logiqa
pairs_mcq_v2.csv,1599,mcq,mmlu_high_school_us_history_0168,train,retain,R_random,svamp
pairs_mcq_v2.csv,1618,mcq,mmlu_high_school_us_history_0172,train,remove,C0_exact,mmlu_copy
pairs_mcq_v2.csv,1619,mcq,mmlu_high_school_us_history_0172,train,remove,C1_transformed,lmsys_rephrase
pairs_mcq_v2.csv,1620,mcq,mmlu_high_school_us_history_0172,train,remove,C2_answer_bearing,mmlu_answer_frag
pairs_mcq_v2.csv,1621,mcq,mmlu_high_school_us_history_0172,train,retain,H1_same_topic,mmlu_same_subject_other_item
pairs_mcq_v2.csv,1622,mcq,mmlu_high_school_us_history_0172,train,retain,H3_predating,logiqa
pairs_mcq_v2.csv,1623,mcq,mmlu_high_school_us_history_0172,train,retain,R_random,svamp
pairs_mcq_v2.csv,1624,mcq,mmlu_high_school_us_history_0173,train,remove,C0_exact,mmlu_copy
pairs_mcq_v2.csv,1625,mcq,mmlu_high_school_us_history_0173,train,remove,C1_transformed,lmsys_rephrase
pairs_mcq_v2.csv,1626,mcq,mmlu_high_school_us_history_0173,train,remove,C2_answer_bearing,mmlu_answer_frag
pairs_mcq_v2.csv,1627,mcq,mmlu_high_school_us_history_0173,train,retain,H1_same_topic,mmlu_same_subject_other_item
pairs_mcq_v2.csv,1628,mcq,mmlu_high_school_us_history_0173,train,retain,H3_predating,logiqa
pairs_mcq_v2.csv,1629,mcq,mmlu_high_school_us_history_0173,train,retain,R_random,svamp
pairs_mcq_v2.csv,1636,mcq,mmlu_high_school_us_history_0175,train,remove,C0_exact,mmlu_copy
pairs_mcq_v2.csv,1637,mcq,mmlu_high_school_us_history_0175,train,remove,C1_transformed,lmsys_rephrase
pairs_mcq_v2.csv,1638,mcq,mmlu_high_school_us_history_0175,train,remove,C2_answer_bearing,mmlu_answer_frag
pairs_mcq_v2.csv,1639,mcq,mmlu_high_school_us_history_0175,train,retain,H1_same_topic,mmlu_same_subject_other_item
pairs_mcq_v2.csv,1640,mcq,mmlu_high_school_us_history_0175,train,retain,H3_predating,logiqa
pairs_mcq_v2.csv,1641,mcq,mmlu_high_school_us_history_0175,train,retain,R_random,svamp
pairs_mcq_v2.csv,1642,mcq,mmlu_high_school_us_history_0176,train,remove,C0_exact,mmlu_copy
pairs_mcq_v2.csv,1643,mcq,mmlu_high_school_us_history_0176,train,remove,C1_transformed,lmsys_rephrase
pairs_mcq_v2.csv,1644,mcq,mmlu_high_school_us_history_0176,train,remove,C2_answer_bearing,mmlu_answer_frag
pairs_mcq_v2.csv,1645,mcq,mmlu_high_school_us_history_0176,train,retain,H1_same_topic,mmlu_same_subject_other_item
pairs_mcq_v2.csv,1646,mcq,mmlu_high_school_us_history_0176,train,retain,H3_predating,logiqa
pairs_mcq_v2.csv,1647,mcq,mmlu_high_school_us_history_0176,train,retain,R_random,svamp
pairs_mcq_v2.csv,1666,mcq,mmlu_high_school_us_history_0180,train,remove,C0_exact,mmlu_copy
pairs_mcq_v2.csv,1667,mcq,mmlu_high_school_us_history_0180,train,remove,C1_transformed,lmsys_rephrase
pairs_mcq_v2.csv,1668,mcq,mmlu_high_school_us_history_0180,train,remove,C2_answer_bearing,mmlu_answer_frag
pairs_mcq_v2.csv,1669,mcq,mmlu_high_school_us_history_0180,train,retain,H1_same_topic,mmlu_same_subject_other_item
pairs_mcq_v2.csv,1670,mcq,mmlu_high_school_us_history_0180,train,retain,H3_predating,logiqa
pairs_mcq_v2.csv,1671,mcq,mmlu_high_school_us_history_0180,train,retain,R_random,svamp
pairs_mcq_v2.csv,1678,mcq,mmlu_high_school_us_history_0182,train,remove,C0_exact,mmlu_copy
pairs_mcq_v2.csv,1679,mcq,mmlu_high_school_us_history_0182,train,remove,C1_transformed,lmsys_rephrase
pairs_mcq_v2.csv,1680,mcq,mmlu_high_school_us_history_0182,train,remove,C2_answer_bearing,mmlu_answer_frag
pairs_mcq_v2.csv,1681,mcq,mmlu_high_school_us_history_0182,train,retain,H1_same_topic,mmlu_same_subject_other_item
pairs_mcq_v2.csv,1682,mcq,mmlu_high_school_us_history_0182,train,retain,H3_predating,logiqa
pairs_mcq_v2.csv,1683,mcq,mmlu_high_school_us_history_0182,train,retain,R_random,svamp
pairs_mcq_v2.csv,1684,mcq,mmlu_high_school_us_history_0183,train,remove,C0_exact,mmlu_copy
pairs_mcq_v2.csv,1685,mcq,mmlu_high_school_us_history_0183,train,remove,C1_transformed,lmsys_rephrase
pairs_mcq_v2.csv,1686,mcq,mmlu_high_school_us_history_0183,train,remove,C2_answer_bearing,mmlu_answer_frag
pairs_mcq_v2.csv,1687,mcq,mmlu_high_school_us_history_0183,train,retain,H1_same_topic,mmlu_same_subject_other_item
pairs_mcq_v2.csv,1688,mcq,mmlu_high_school_us_history_0183,train,retain,H3_predating,logiqa
pairs_mcq_v2.csv,1689,mcq,mmlu_high_school_us_history_0183,train,retain,R_random,svamp
pairs_mcq_v2.csv,1736,mcq,mmlu_high_school_us_history_0192,train,remove,C0_exact,mmlu_copy
pairs_mcq_v2.csv,1737,mcq,mmlu_high_school_us_history_0192,train,remove,C1_transformed,lmsys_rephrase
pairs_mcq_v2.csv,1738,mcq,mmlu_high_school_us_history_0192,train,remove,C2_answer_bearing,mmlu_answer_frag
pairs_mcq_v2.csv,1739,mcq,mmlu_high_school_us_history_0192,train,retain,H1_same_topic,mmlu_same_subject_other_item
pairs_mcq_v2.csv,1740,mcq,mmlu_high_school_us_history_0192,train,retain,H3_predating,logiqa
pairs_mcq_v2.csv,1741,mcq,mmlu_high_school_us_history_0192,train,retain,R_random,svamp
pairs_mcq_v2.csv,1748,mcq,mmlu_high_school_us_history_0194,train,remove,C0_exact,mmlu_copy
pairs_mcq_v2.csv,1749,mcq,mmlu_high_school_us_history_0194,train,remove,C1_transformed,lmsys_rephrase
pairs_mcq_v2.csv,1750,mcq,mmlu_high_school_us_history_0194,train,remove,C2_answer_bearing,mmlu_answer_frag
pairs_mcq_v2.csv,1751,mcq,mmlu_high_school_us_history_0194,train,retain,H1_same_topic,mmlu_same_subject_other_item
pairs_mcq_v2.csv,1752,mcq,mmlu_high_school_us_history_0194,train,retain,H3_predating,logiqa
pairs_mcq_v2.csv,1753,mcq,mmlu_high_school_us_history_0194,train,retain,R_random,svamp
pairs_mcq_v2.csv,1754,mcq,mmlu_high_school_us_history_0195,train,remove,C0_exact,mmlu_copy
pairs_mcq_v2.csv,1755,mcq,mmlu_high_school_us_history_0195,train,remove,C1_transformed,lmsys_rephrase
pairs_mcq_v2.csv,1756,mcq,mmlu_high_school_us_history_0195,train,remove,C2_answer_bearing,mmlu_answer_frag
pairs_mcq_v2.csv,1757,mcq,mmlu_high_school_us_history_0195,train,retain,H1_same_topic,mmlu_same_subject_other_item
pairs_mcq_v2.csv,1758,mcq,mmlu_high_school_us_history_0195,train,retain,H3_predating,logiqa
pairs_mcq_v2.csv,1759,mcq,mmlu_high_school_us_history_0195,train,retain,R_random,svamp
pairs_mcq_v2.csv,1772,mcq,mmlu_high_school_us_history_0198,train,remove,C0_exact,mmlu_copy
pairs_mcq_v2.csv,1773,mcq,mmlu_high_school_us_history_0198,train,remove,C1_transformed,lmsys_rephrase
pairs_mcq_v2.csv,1774,mcq,mmlu_high_school_us_history_0198,train,remove,C2_answer_bearing,mmlu_answer_frag
pairs_mcq_v2.csv,1775,mcq,mmlu_high_school_us_history_0198,train,retain,H1_same_topic,mmlu_same_subject_other_item
pairs_mcq_v2.csv,1776,mcq,mmlu_high_school_us_history_0198,train,retain,H3_predating,logiqa
pairs_mcq_v2.csv,1777,mcq,mmlu_high_school_us_history_0198,train,retain,R_random,svamp
pairs_mcq_v2.csv,1778,mcq,mmlu_high_school_us_history_0199,train,remove,C0_exact,mmlu_copy
pairs_mcq_v2.csv,1779,mcq,mmlu_high_school_us_history_0199,train,remove,C1_transformed,lmsys_rephrase
pairs_mcq_v2.csv,1780,mcq,mmlu_high_school_us_history_0199,train,remove,C2_answer_bearing,mmlu_answer_frag
pairs_mcq_v2.csv,1781,mcq,mmlu_high_school_us_history_0199,train,retain,H1_same_topic,mmlu_same_subject_other_item
pairs_mcq_v2.csv,1782,mcq,mmlu_high_school_us_history_0199,train,retain,H3_predating,logiqa
pairs_mcq_v2.csv,1783,mcq,mmlu_high_school_us_history_0199,train,retain,R_random,svamp
pairs_mcq_v2.csv,1808,mcq,mmlu_sociology_0000,train,remove,C0_exact,mmlu_copy
pairs_mcq_v2.csv,1809,mcq,mmlu_sociology_0000,train,remove,C1_transformed,lmsys_rephrase
pairs_mcq_v2.csv,1810,mcq,mmlu_sociology_0000,train,remove,C2_answer_bearing,mmlu_answer_frag
pairs_mcq_v2.csv,1811,mcq,mmlu_sociology_0000,train,retain,H1_same_topic,mmlu_same_subject_other_item
pairs_mcq_v2.csv,1812,mcq,mmlu_sociology_0000,train,retain,H3_predating,logiqa
pairs_mcq_v2.csv,1813,mcq,mmlu_sociology_0000,train,retain,R_random,svamp
pairs_mcq_v2.csv,1814,mcq,mmlu_sociology_0001,train,remove,C0_exact,mmlu_copy
pairs_mcq_v2.csv,1815,mcq,mmlu_sociology_0001,train,remove,C1_transformed,lmsys_rephrase
pairs_mcq_v2.csv,1816,mcq,mmlu_sociology_0001,train,remove,C2_answer_bearing,mmlu_answer_frag
pairs_mcq_v2.csv,1817,mcq,mmlu_sociology_0001,train,retain,H1_same_topic,mmlu_same_subject_other_item
pairs_mcq_v2.csv,1818,mcq,mmlu_sociology_0001,train,retain,H3_predating,logiqa
pairs_mcq_v2.csv,1819,mcq,mmlu_sociology_0001,train,retain,R_random,svamp
pairs_mcq_v2.csv,1826,mcq,mmlu_sociology_0003,train,remove,C0_exact,mmlu_copy
pairs_mcq_v2.csv,1827,mcq,mmlu_sociology_0003,train,remove,C1_transformed,lmsys_rephrase
pairs_mcq_v2.csv,1828,mcq,mmlu_sociology_0003,train,remove,C2_answer_bearing,mmlu_answer_frag
pairs_mcq_v2.csv,1829,mcq,mmlu_sociology_0003,train,retain,H1_same_topic,mmlu_same_subject_other_item
pairs_mcq_v2.csv,1830,mcq,mmlu_sociology_0003,train,retain,H3_predating,logiqa
pairs_mcq_v2.csv,1831,mcq,mmlu_sociology_0003,train,retain,R_random,svamp
pairs_mcq_v2.csv,1850,mcq,mmlu_sociology_0007,train,remove,C0_exact,mmlu_copy
pairs_mcq_v2.csv,1851,mcq,mmlu_sociology_0007,train,remove,C1_transformed,lmsys_rephrase
pairs_mcq_v2.csv,1852,mcq,mmlu_sociology_0007,train,remove,C2_answer_bearing,mmlu_answer_frag
pairs_mcq_v2.csv,1853,mcq,mmlu_sociology_0007,train,retain,H1_same_topic,mmlu_same_subject_other_item
pairs_mcq_v2.csv,1854,mcq,mmlu_sociology_0007,train,retain,H3_predating,logiqa
pairs_mcq_v2.csv,1855,mcq,mmlu_sociology_0007,train,retain,R_random,svamp
pairs_mcq_v2.csv,1874,mcq,mmlu_sociology_0011,train,remove,C0_exact,mmlu_copy
pairs_mcq_v2.csv,1875,mcq,mmlu_sociology_0011,train,remove,C1_transformed,lmsys_rephrase
pairs_mcq_v2.csv,1876,mcq,mmlu_sociology_0011,train,remove,C2_answer_bearing,mmlu_answer_frag
pairs_mcq_v2.csv,1877,mcq,mmlu_sociology_0011,train,retain,H1_same_topic,mmlu_same_subject_other_item
pairs_mcq_v2.csv,1878,mcq,mmlu_sociology_0011,train,retain,H3_predating,logiqa
pairs_mcq_v2.csv,1879,mcq,mmlu_sociology_0011,train,retain,R_random,svamp
pairs_mcq_v2.csv,1927,mcq,mmlu_sociology_0020,train,remove,C0_exact,mmlu_copy
pairs_mcq_v2.csv,1928,mcq,mmlu_sociology_0020,train,remove,C1_transformed,lmsys_rephrase
pairs_mcq_v2.csv,1929,mcq,mmlu_sociology_0020,train,remove,C2_answer_bearing,mmlu_answer_frag
pairs_mcq_v2.csv,1930,mcq,mmlu_sociology_0020,train,retain,H1_same_topic,mmlu_same_subject_other_item
pairs_mcq_v2.csv,1931,mcq,mmlu_sociology_0020,train,retain,H3_predating,logiqa
pairs_mcq_v2.csv,1932,mcq,mmlu_sociology_0020,train,retain,R_random,svamp
pairs_mcq_v2.csv,1957,mcq,mmlu_sociology_0025,train,remove,C0_exact,mmlu_copy
pairs_mcq_v2.csv,1958,mcq,mmlu_sociology_0025,train,remove,C1_transformed,lmsys_rephrase
pairs_mcq_v2.csv,1959,mcq,mmlu_sociology_0025,train,remove,C2_answer_bearing,mmlu_answer_frag
pairs_mcq_v2.csv,1960,mcq,mmlu_sociology_0025,train,retain,H1_same_topic,mmlu_same_subject_other_item
pairs_mcq_v2.csv,1961,mcq,mmlu_sociology_0025,train,retain,H3_predating,logiqa
pairs_mcq_v2.csv,1962,mcq,mmlu_sociology_0025,train,retain,R_random,svamp
pairs_mcq_v2.csv,1969,mcq,mmlu_sociology_0027,train,remove,C0_exact,mmlu_copy
pairs_mcq_v2.csv,1970,mcq,mmlu_sociology_0027,train,remove,C1_transformed,lmsys_rephrase
pairs_mcq_v2.csv,1971,mcq,mmlu_sociology_0027,train,remove,C2_answer_bearing,mmlu_answer_frag
pairs_mcq_v2.csv,1972,mcq,mmlu_sociology_0027,train,retain,H1_same_topic,mmlu_same_subject_other_item
pairs_mcq_v2.csv,1973,mcq,mmlu_sociology_0027,train,retain,H3_predating,logiqa
pairs_mcq_v2.csv,1974,mcq,mmlu_sociology_0027,train,retain,R_random,svamp
pairs_mcq_v2.csv,1981,mcq,mmlu_sociology_0029,train,remove,C0_exact,mmlu_copy
pairs_mcq_v2.csv,1982,mcq,mmlu_sociology_0029,train,remove,C1_transformed,lmsys_rephrase
pairs_mcq_v2.csv,1983,mcq,mmlu_sociology_0029,train,remove,C2_answer_bearing,mmlu_answer_frag
pairs_mcq_v2.csv,1984,mcq,mmlu_sociology_0029,train,retain,H1_same_topic,mmlu_same_subject_other_item
pairs_mcq_v2.csv,1985,mcq,mmlu_sociology_0029,train,retain,H3_predating,logiqa
pairs_mcq_v2.csv,1986,mcq,mmlu_sociology_0029,train,retain,R_random,svamp
pairs_mcq_v2.csv,1987,mcq,mmlu_sociology_0030,train,remove,C0_exact,mmlu_copy
pairs_mcq_v2.csv,1988,mcq,mmlu_sociology_0030,train,remove,C1_transformed,lmsys_rephrase
pairs_mcq_v2.csv,1989,mcq,mmlu_sociology_0030,train,remove,C2_answer_bearing,mmlu_answer_frag
pairs_mcq_v2.csv,1990,mcq,mmlu_sociology_0030,train,retain,H1_same_topic,mmlu_same_subject_other_item
pairs_mcq_v2.csv,1991,mcq,mmlu_sociology_0030,train,retain,H3_predating,logiqa
pairs_mcq_v2.csv,1992,mcq,mmlu_sociology_0030,train,retain,R_random,svamp
pairs_mcq_v2.csv,1999,mcq,mmlu_sociology_0032,train,remove,C0_exact,mmlu_copy
pairs_mcq_v2.csv,2000,mcq,mmlu_sociology_0032,train,remove,C1_transformed,lmsys_rephrase
pairs_mcq_v2.csv,2001,mcq,mmlu_sociology_0032,train,remove,C2_answer_bearing,mmlu_answer_frag
pairs_mcq_v2.csv,2002,mcq,mmlu_sociology_0032,train,retain,H1_same_topic,mmlu_same_subject_other_item
pairs_mcq_v2.csv,2003,mcq,mmlu_sociology_0032,train,retain,H3_predating,logiqa
pairs_mcq_v2.csv,2004,mcq,mmlu_sociology_0032,train,retain,R_random,svamp
pairs_mcq_v2.csv,2011,mcq,mmlu_sociology_0034,train,remove,C0_exact,mmlu_copy
pairs_mcq_v2.csv,2012,mcq,mmlu_sociology_0034,train,remove,C1_transformed,lmsys_rephrase
pairs_mcq_v2.csv,2013,mcq,mmlu_sociology_0034,train,remove,C2_answer_bearing,mmlu_answer_frag
pairs_mcq_v2.csv,2014,mcq,mmlu_sociology_0034,train,retain,H1_same_topic,mmlu_same_subject_other_item
pairs_mcq_v2.csv,2015,mcq,mmlu_sociology_0034,train,retain,H3_predating,logiqa
pairs_mcq_v2.csv,2016,mcq,mmlu_sociology_0034,train,retain,R_random,svamp
pairs_mcq_v2.csv,2017,mcq,mmlu_sociology_0035,train,remove,C0_exact,mmlu_copy
pairs_mcq_v2.csv,2018,mcq,mmlu_sociology_0035,train,remove,C1_transformed,lmsys_rephrase
pairs_mcq_v2.csv,2019,mcq,mmlu_sociology_0035,train,remove,C2_answer_bearing,mmlu_answer_frag
pairs_mcq_v2.csv,2020,mcq,mmlu_sociology_0035,train,retain,H1_same_topic,mmlu_same_subject_other_item
pairs_mcq_v2.csv,2021,mcq,mmlu_sociology_0035,train,retain,H3_predating,logiqa
pairs_mcq_v2.csv,2022,mcq,mmlu_sociology_0035,train,retain,R_random,svamp
pairs_mcq_v2.csv,2106,mcq,mmlu_sociology_0050,train,remove,C0_exact,mmlu_copy
pairs_mcq_v2.csv,2107,mcq,mmlu_sociology_0050,train,remove,C1_transformed,lmsys_rephrase
pairs_mcq_v2.csv,2108,mcq,mmlu_sociology_0050,train,remove,C2_answer_bearing,mmlu_answer_frag
pairs_mcq_v2.csv,2109,mcq,mmlu_sociology_0050,train,retain,H1_same_topic,mmlu_same_subject_other_item
pairs_mcq_v2.csv,2110,mcq,mmlu_sociology_0050,train,retain,H3_predating,logiqa
pairs_mcq_v2.csv,2111,mcq,mmlu_sociology_0050,train,retain,R_random,svamp
pairs_mcq_v2.csv,2118,mcq,mmlu_sociology_0052,train,remove,C0_exact,mmlu_copy
pairs_mcq_v2.csv,2119,mcq,mmlu_sociology_0052,train,remove,C1_transformed,lmsys_rephrase
pairs_mcq_v2.csv,2120,mcq,mmlu_sociology_0052,train,remove,C2_answer_bearing,mmlu_answer_frag
pairs_mcq_v2.csv,2121,mcq,mmlu_sociology_0052,train,retain,H1_same_topic,mmlu_same_subject_other_item
pairs_mcq_v2.csv,2122,mcq,mmlu_sociology_0052,train,retain,H3_predating,logiqa
pairs_mcq_v2.csv,2123,mcq,mmlu_sociology_0052,train,retain,R_random,svamp
pairs_mcq_v2.csv,2142,mcq,mmlu_sociology_0056,train,remove,C0_exact,mmlu_copy
pairs_mcq_v2.csv,2143,mcq,mmlu_sociology_0056,train,remove,C1_transformed,lmsys_rephrase
pairs_mcq_v2.csv,2144,mcq,mmlu_sociology_0056,train,remove,C2_answer_bearing,mmlu_answer_frag
pairs_mcq_v2.csv,2145,mcq,mmlu_sociology_0056,train,retain,H1_same_topic,mmlu_same_subject_other_item
pairs_mcq_v2.csv,2146,mcq,mmlu_sociology_0056,train,retain,H3_predating,logiqa
pairs_mcq_v2.csv,2147,mcq,mmlu_sociology_0056,train,retain,R_random,svamp
pairs_mcq_v2.csv,2166,mcq,mmlu_sociology_0060,train,remove,C0_exact,mmlu_copy
pairs_mcq_v2.csv,2167,mcq,mmlu_sociology_0060,train,remove,C1_transformed,lmsys_rephrase
pairs_mcq_v2.csv,2168,mcq,mmlu_sociology_0060,train,remove,C2_answer_bearing,mmlu_answer_frag
pairs_mcq_v2.csv,2169,mcq,mmlu_sociology_0060,train,retain,H1_same_topic,mmlu_same_subject_other_item
pairs_mcq_v2.csv,2170,mcq,mmlu_sociology_0060,train,retain,H3_predating,logiqa
pairs_mcq_v2.csv,2171,mcq,mmlu_sociology_0060,train,retain,R_random,svamp
pairs_mcq_v2.csv,2172,mcq,mmlu_sociology_0061,train,remove,C0_exact,mmlu_copy
pairs_mcq_v2.csv,2173,mcq,mmlu_sociology_0061,train,remove,C1_transformed,lmsys_rephrase
pairs_mcq_v2.csv,2174,mcq,mmlu_sociology_0061,train,remove,C2_answer_bearing,mmlu_answer_frag
pairs_mcq_v2.csv,2175,mcq,mmlu_sociology_0061,train,retain,H1_same_topic,mmlu_same_subject_other_item
pairs_mcq_v2.csv,2176,mcq,mmlu_sociology_0061,train,retain,H3_predating,logiqa
pairs_mcq_v2.csv,2177,mcq,mmlu_sociology_0061,train,retain,R_random,svamp
pairs_mcq_v2.csv,2208,mcq,mmlu_sociology_0067,train,remove,C0_exact,mmlu_copy
pairs_mcq_v2.csv,2209,mcq,mmlu_sociology_0067,train,remove,C2_answer_bearing,mmlu_answer_frag
pairs_mcq_v2.csv,2210,mcq,mmlu_sociology_0067,train,retain,H1_same_topic,mmlu_same_subject_other_item
pairs_mcq_v2.csv,2211,mcq,mmlu_sociology_0067,train,retain,H3_predating,logiqa
pairs_mcq_v2.csv,2212,mcq,mmlu_sociology_0067,train,retain,R_random,svamp
pairs_mcq_v2.csv,2213,mcq,mmlu_sociology_0068,train,remove,C0_exact,mmlu_copy
pairs_mcq_v2.csv,2214,mcq,mmlu_sociology_0068,train,remove,C1_transformed,lmsys_rephrase
pairs_mcq_v2.csv,2215,mcq,mmlu_sociology_0068,train,remove,C2_answer_bearing,mmlu_answer_frag
pairs_mcq_v2.csv,2216,mcq,mmlu_sociology_0068,train,retain,H1_same_topic,mmlu_same_subject_other_item
pairs_mcq_v2.csv,2217,mcq,mmlu_sociology_0068,train,retain,H3_predating,logiqa
pairs_mcq_v2.csv,2218,mcq,mmlu_sociology_0068,train,retain,R_random,svamp
pairs_mcq_v2.csv,2219,mcq,mmlu_sociology_0069,train,remove,C0_exact,mmlu_copy
pairs_mcq_v2.csv,2220,mcq,mmlu_sociology_0069,train,remove,C1_transformed,lmsys_rephrase
pairs_mcq_v2.csv,2221,mcq,mmlu_sociology_0069,train,remove,C2_answer_bearing,mmlu_answer_frag
pairs_mcq_v2.csv,2222,mcq,mmlu_sociology_0069,train,retain,H1_same_topic,mmlu_same_subject_other_item
pairs_mcq_v2.csv,2223,mcq,mmlu_sociology_0069,train,retain,H3_predating,logiqa
pairs_mcq_v2.csv,2224,mcq,mmlu_sociology_0069,train,retain,R_random,svamp
pairs_mcq_v2.csv,2225,mcq,mmlu_sociology_0070,train,remove,C0_exact,mmlu_copy
pairs_mcq_v2.csv,2226,mcq,mmlu_sociology_0070,train,remove,C1_transformed,lmsys_rephrase
pairs_mcq_v2.csv,2227,mcq,mmlu_sociology_0070,train,remove,C2_answer_bearing,mmlu_answer_frag
pairs_mcq_v2.csv,2228,mcq,mmlu_sociology_0070,train,retain,H1_same_topic,mmlu_same_subject_other_item
pairs_mcq_v2.csv,2229,mcq,mmlu_sociology_0070,train,retain,H3_predating,logiqa
pairs_mcq_v2.csv,2230,mcq,mmlu_sociology_0070,train,retain,R_random,svamp
pairs_mcq_v2.csv,2237,mcq,mmlu_sociology_0072,train,remove,C0_exact,mmlu_copy
pairs_mcq_v2.csv,2238,mcq,mmlu_sociology_0072,train,remove,C1_transformed,lmsys_rephrase
pairs_mcq_v2.csv,2239,mcq,mmlu_sociology_0072,train,remove,C2_answer_bearing,mmlu_answer_frag
pairs_mcq_v2.csv,2240,mcq,mmlu_sociology_0072,train,retain,H1_same_topic,mmlu_same_subject_other_item
pairs_mcq_v2.csv,2241,mcq,mmlu_sociology_0072,train,retain,H3_predating,logiqa
pairs_mcq_v2.csv,2242,mcq,mmlu_sociology_0072,train,retain,R_random,svamp
pairs_mcq_v2.csv,2249,mcq,mmlu_sociology_0074,train,remove,C0_exact,mmlu_copy
pairs_mcq_v2.csv,2250,mcq,mmlu_sociology_0074,train,remove,C1_transformed,lmsys_rephrase
pairs_mcq_v2.csv,2251,mcq,mmlu_sociology_0074,train,remove,C2_answer_bearing,mmlu_answer_frag
pairs_mcq_v2.csv,2252,mcq,mmlu_sociology_0074,train,retain,H1_same_topic,mmlu_same_subject_other_item
pairs_mcq_v2.csv,2253,mcq,mmlu_sociology_0074,train,retain,H3_predating,logiqa
pairs_mcq_v2.csv,2254,mcq,mmlu_sociology_0074,train,retain,R_random,svamp
pairs_mcq_v2.csv,2261,mcq,mmlu_sociology_0076,train,remove,C0_exact,mmlu_copy
pairs_mcq_v2.csv,2262,mcq,mmlu_sociology_0076,train,remove,C1_transformed,lmsys_rephrase
pairs_mcq_v2.csv,2263,mcq,mmlu_sociology_0076,train,remove,C2_answer_bearing,mmlu_answer_frag
pairs_mcq_v2.csv,2264,mcq,mmlu_sociology_0076,train,retain,H1_same_topic,mmlu_same_subject_other_item
pairs_mcq_v2.csv,2265,mcq,mmlu_sociology_0076,train,retain,H3_predating,logiqa
pairs_mcq_v2.csv,2266,mcq,mmlu_sociology_0076,train,retain,R_random,svamp
pairs_mcq_v2.csv,2267,mcq,mmlu_sociology_0077,train,remove,C0_exact,mmlu_copy
pairs_mcq_v2.csv,2268,mcq,mmlu_sociology_0077,train,remove,C1_transformed,lmsys_rephrase
pairs_mcq_v2.csv,2269,mcq,mmlu_sociology_0077,train,remove,C2_answer_bearing,mmlu_answer_frag
pairs_mcq_v2.csv,2270,mcq,mmlu_sociology_0077,train,retain,H1_same_topic,mmlu_same_subject_other_item
pairs_mcq_v2.csv,2271,mcq,mmlu_sociology_0077,train,retain,H3_predating,logiqa
pairs_mcq_v2.csv,2272,mcq,mmlu_sociology_0077,train,retain,R_random,svamp
pairs_mcq_v2.csv,2285,mcq,mmlu_sociology_0080,train,remove,C0_exact,mmlu_copy
pairs_mcq_v2.csv,2286,mcq,mmlu_sociology_0080,train,remove,C1_transformed,lmsys_rephrase
pairs_mcq_v2.csv,2287,mcq,mmlu_sociology_0080,train,remove,C2_answer_bearing,mmlu_answer_frag
pairs_mcq_v2.csv,2288,mcq,mmlu_sociology_0080,train,retain,H1_same_topic,mmlu_same_subject_other_item
pairs_mcq_v2.csv,2289,mcq,mmlu_sociology_0080,train,retain,H3_predating,logiqa
pairs_mcq_v2.csv,2290,mcq,mmlu_sociology_0080,train,retain,R_random,svamp
pairs_mcq_v2.csv,2309,mcq,mmlu_sociology_0084,train,remove,C0_exact,mmlu_copy
pairs_mcq_v2.csv,2310,mcq,mmlu_sociology_0084,train,remove,C1_transformed,lmsys_rephrase
pairs_mcq_v2.csv,2311,mcq,mmlu_sociology_0084,train,remove,C2_answer_bearing,mmlu_answer_frag
pairs_mcq_v2.csv,2312,mcq,mmlu_sociology_0084,train,retain,H1_same_topic,mmlu_same_subject_other_item
pairs_mcq_v2.csv,2313,mcq,mmlu_sociology_0084,train,retain,H3_predating,logiqa
pairs_mcq_v2.csv,2314,mcq,mmlu_sociology_0084,train,retain,R_random,svamp
pairs_mcq_v2.csv,2315,mcq,mmlu_sociology_0085,train,remove,C0_exact,mmlu_copy
pairs_mcq_v2.csv,2316,mcq,mmlu_sociology_0085,train,remove,C1_transformed,lmsys_rephrase
pairs_mcq_v2.csv,2317,mcq,mmlu_sociology_0085,train,remove,C2_answer_bearing,mmlu_answer_frag
pairs_mcq_v2.csv,2318,mcq,mmlu_sociology_0085,train,retain,H1_same_topic,mmlu_same_subject_other_item
pairs_mcq_v2.csv,2319,mcq,mmlu_sociology_0085,train,retain,H3_predating,logiqa
pairs_mcq_v2.csv,2320,mcq,mmlu_sociology_0085,train,retain,R_random,svamp
pairs_mcq_v2.csv,2321,mcq,mmlu_sociology_0086,train,remove,C0_exact,mmlu_copy
pairs_mcq_v2.csv,2322,mcq,mmlu_sociology_0086,train,remove,C1_transformed,lmsys_rephrase
pairs_mcq_v2.csv,2323,mcq,mmlu_sociology_0086,train,remove,C2_answer_bearing,mmlu_answer_frag
pairs_mcq_v2.csv,2324,mcq,mmlu_sociology_0086,train,retain,H1_same_topic,mmlu_same_subject_other_item
pairs_mcq_v2.csv,2325,mcq,mmlu_sociology_0086,train,retain,H3_predating,logiqa
pairs_mcq_v2.csv,2326,mcq,mmlu_sociology_0086,train,retain,R_random,svamp
pairs_mcq_v2.csv,2327,mcq,mmlu_sociology_0087,train,remove,C0_exact,mmlu_copy
pairs_mcq_v2.csv,2328,mcq,mmlu_sociology_0087,train,remove,C1_transformed,lmsys_rephrase
pairs_mcq_v2.csv,2329,mcq,mmlu_sociology_0087,train,remove,C2_answer_bearing,mmlu_answer_frag
pairs_mcq_v2.csv,2330,mcq,mmlu_sociology_0087,train,retain,H1_same_topic,mmlu_same_subject_other_item
pairs_mcq_v2.csv,2331,mcq,mmlu_sociology_0087,train,retain,H3_predating,logiqa
pairs_mcq_v2.csv,2332,mcq,mmlu_sociology_0087,train,retain,R_random,svamp
pairs_mcq_v2.csv,2333,mcq,mmlu_sociology_0088,train,remove,C0_exact,mmlu_copy
pairs_mcq_v2.csv,2334,mcq,mmlu_sociology_0088,train,remove,C1_transformed,lmsys_rephrase
pairs_mcq_v2.csv,2335,mcq,mmlu_sociology_0088,train,remove,C2_answer_bearing,mmlu_answer_frag
pairs_mcq_v2.csv,2336,mcq,mmlu_sociology_0088,train,retain,H1_same_topic,mmlu_same_subject_other_item
pairs_mcq_v2.csv,2337,mcq,mmlu_sociology_0088,train,retain,H3_predating,logiqa
pairs_mcq_v2.csv,2338,mcq,mmlu_sociology_0088,train,retain,R_random,svamp
pairs_mcq_v2.csv,2339,mcq,mmlu_sociology_0089,train,remove,C0_exact,mmlu_copy
pairs_mcq_v2.csv,2340,mcq,mmlu_sociology_0089,train,remove,C1_transformed,lmsys_rephrase
pairs_mcq_v2.csv,2341,mcq,mmlu_sociology_0089,train,remove,C2_answer_bearing,mmlu_answer_frag
pairs_mcq_v2.csv,2342,mcq,mmlu_sociology_0089,train,retain,H1_same_topic,mmlu_same_subject_other_item
pairs_mcq_v2.csv,2343,mcq,mmlu_sociology_0089,train,retain,H3_predating,logiqa
pairs_mcq_v2.csv,2344,mcq,mmlu_sociology_0089,train,retain,R_random,svamp
pairs_mcq_v2.csv,2345,mcq,mmlu_sociology_0090,train,remove,C0_exact,mmlu_copy
pairs_mcq_v2.csv,2346,mcq,mmlu_sociology_0090,train,remove,C1_transformed,lmsys_rephrase
pairs_mcq_v2.csv,2347,mcq,mmlu_sociology_0090,train,remove,C2_answer_bearing,mmlu_answer_frag
pairs_mcq_v2.csv,2348,mcq,mmlu_sociology_0090,train,retain,H1_same_topic,mmlu_same_subject_other_item
pairs_mcq_v2.csv,2349,mcq,mmlu_sociology_0090,train,retain,H3_predating,logiqa
pairs_mcq_v2.csv,2350,mcq,mmlu_sociology_0090,train,retain,R_random,svamp
pairs_mcq_v2.csv,2363,mcq,mmlu_sociology_0093,train,remove,C0_exact,mmlu_copy
pairs_mcq_v2.csv,2364,mcq,mmlu_sociology_0093,train,remove,C1_transformed,lmsys_rephrase
pairs_mcq_v2.csv,2365,mcq,mmlu_sociology_0093,train,remove,C2_answer_bearing,mmlu_answer_frag
pairs_mcq_v2.csv,2366,mcq,mmlu_sociology_0093,train,retain,H1_same_topic,mmlu_same_subject_other_item
pairs_mcq_v2.csv,2367,mcq,mmlu_sociology_0093,train,retain,H3_predating,logiqa
pairs_mcq_v2.csv,2368,mcq,mmlu_sociology_0093,train,retain,R_random,svamp
pairs_mcq_v2.csv,2375,mcq,mmlu_sociology_0095,train,remove,C0_exact,mmlu_copy
pairs_mcq_v2.csv,2376,mcq,mmlu_sociology_0095,train,remove,C1_transformed,lmsys_rephrase
pairs_mcq_v2.csv,2377,mcq,mmlu_sociology_0095,train,remove,C2_answer_bearing,mmlu_answer_frag
pairs_mcq_v2.csv,2378,mcq,mmlu_sociology_0095,train,retain,H1_same_topic,mmlu_same_subject_other_item
pairs_mcq_v2.csv,2379,mcq,mmlu_sociology_0095,train,retain,H3_predating,logiqa
pairs_mcq_v2.csv,2380,mcq,mmlu_sociology_0095,train,retain,R_random,svamp
pairs_mcq_v2.csv,2381,mcq,mmlu_sociology_0096,train,remove,C0_exact,mmlu_copy
pairs_mcq_v2.csv,2382,mcq,mmlu_sociology_0096,train,remove,C1_transformed,lmsys_rephrase
pairs_mcq_v2.csv,2383,mcq,mmlu_sociology_0096,train,remove,C2_answer_bearing,mmlu_answer_frag
pairs_mcq_v2.csv,2384,mcq,mmlu_sociology_0096,train,retain,H1_same_topic,mmlu_same_subject_other_item
pairs_mcq_v2.csv,2385,mcq,mmlu_sociology_0096,train,retain,H3_predating,logiqa
pairs_mcq_v2.csv,2386,mcq,mmlu_sociology_0096,train,retain,R_random,svamp
pairs_mcq_v2.csv,2405,mcq,mmlu_sociology_0100,train,remove,C0_exact,mmlu_copy
pairs_mcq_v2.csv,2406,mcq,mmlu_sociology_0100,train,remove,C1_transformed,lmsys_rephrase
pairs_mcq_v2.csv,2407,mcq,mmlu_sociology_0100,train,remove,C2_answer_bearing,mmlu_answer_frag
pairs_mcq_v2.csv,2408,mcq,mmlu_sociology_0100,train,retain,H1_same_topic,mmlu_same_subject_other_item
pairs_mcq_v2.csv,2409,mcq,mmlu_sociology_0100,train,retain,H3_predating,logiqa
pairs_mcq_v2.csv,2410,mcq,mmlu_sociology_0100,train,retain,R_random,svamp
pairs_mcq_v2.csv,2447,mcq,mmlu_sociology_0107,train,remove,C0_exact,mmlu_copy
pairs_mcq_v2.csv,2448,mcq,mmlu_sociology_0107,train,remove,C1_transformed,lmsys_rephrase
pairs_mcq_v2.csv,2449,mcq,mmlu_sociology_0107,train,remove,C2_answer_bearing,mmlu_answer_frag
pairs_mcq_v2.csv,2450,mcq,mmlu_sociology_0107,train,retain,H1_same_topic,mmlu_same_subject_other_item
pairs_mcq_v2.csv,2451,mcq,mmlu_sociology_0107,train,retain,H3_predating,logiqa
pairs_mcq_v2.csv,2452,mcq,mmlu_sociology_0107,train,retain,R_random,svamp
pairs_mcq_v2.csv,2471,mcq,mmlu_sociology_0111,train,remove,C0_exact,mmlu_copy
pairs_mcq_v2.csv,2472,mcq,mmlu_sociology_0111,train,remove,C1_transformed,lmsys_rephrase
pairs_mcq_v2.csv,2473,mcq,mmlu_sociology_0111,train,remove,C2_answer_bearing,mmlu_answer_frag
pairs_mcq_v2.csv,2474,mcq,mmlu_sociology_0111,train,retain,H1_same_topic,mmlu_same_subject_other_item
pairs_mcq_v2.csv,2475,mcq,mmlu_sociology_0111,train,retain,H3_predating,logiqa
pairs_mcq_v2.csv,2476,mcq,mmlu_sociology_0111,train,retain,R_random,svamp
pairs_mcq_v2.csv,2477,mcq,mmlu_sociology_0112,train,remove,C0_exact,mmlu_copy
pairs_mcq_v2.csv,2478,mcq,mmlu_sociology_0112,train,remove,C1_transformed,lmsys_rephrase
pairs_mcq_v2.csv,2479,mcq,mmlu_sociology_0112,train,remove,C2_answer_bearing,mmlu_answer_frag
pairs_mcq_v2.csv,2480,mcq,mmlu_sociology_0112,train,retain,H1_same_topic,mmlu_same_subject_other_item
pairs_mcq_v2.csv,2481,mcq,mmlu_sociology_0112,train,retain,H3_predating,logiqa
pairs_mcq_v2.csv,2482,mcq,mmlu_sociology_0112,train,retain,R_random,svamp
pairs_mcq_v2.csv,2483,mcq,mmlu_sociology_0113,train,remove,C0_exact,mmlu_copy
pairs_mcq_v2.csv,2484,mcq,mmlu_sociology_0113,train,remove,C1_transformed,lmsys_rephrase
pairs_mcq_v2.csv,2485,mcq,mmlu_sociology_0113,train,remove,C2_answer_bearing,mmlu_answer_frag
pairs_mcq_v2.csv,2486,mcq,mmlu_sociology_0113,train,retain,H1_same_topic,mmlu_same_subject_other_item
pairs_mcq_v2.csv,2487,mcq,mmlu_sociology_0113,train,retain,H3_predating,logiqa
pairs_mcq_v2.csv,2488,mcq,mmlu_sociology_0113,train,retain,R_random,svamp
pairs_mcq_v2.csv,2489,mcq,mmlu_sociology_0114,train,remove,C0_exact,mmlu_copy
pairs_mcq_v2.csv,2490,mcq,mmlu_sociology_0114,train,remove,C1_transformed,lmsys_rephrase
pairs_mcq_v2.csv,2491,mcq,mmlu_sociology_0114,train,remove,C2_answer_bearing,mmlu_answer_frag
pairs_mcq_v2.csv,2492,mcq,mmlu_sociology_0114,train,retain,H1_same_topic,mmlu_same_subject_other_item
pairs_mcq_v2.csv,2493,mcq,mmlu_sociology_0114,train,retain,H3_predating,logiqa
pairs_mcq_v2.csv,2494,mcq,mmlu_sociology_0114,train,retain,R_random,svamp
pairs_mcq_v2.csv,2519,mcq,mmlu_sociology_0119,train,remove,C0_exact,mmlu_copy
pairs_mcq_v2.csv,2520,mcq,mmlu_sociology_0119,train,remove,C1_transformed,lmsys_rephrase
pairs_mcq_v2.csv,2521,mcq,mmlu_sociology_0119,train,remove,C2_answer_bearing,mmlu_answer_frag
pairs_mcq_v2.csv,2522,mcq,mmlu_sociology_0119,train,retain,H1_same_topic,mmlu_same_subject_other_item
pairs_mcq_v2.csv,2523,mcq,mmlu_sociology_0119,train,retain,H3_predating,logiqa
pairs_mcq_v2.csv,2524,mcq,mmlu_sociology_0119,train,retain,R_random,svamp
pairs_mcq_v2.csv,2531,mcq,mmlu_sociology_0121,train,remove,C0_exact,mmlu_copy
pairs_mcq_v2.csv,2532,mcq,mmlu_sociology_0121,train,remove,C1_transformed,lmsys_rephrase
pairs_mcq_v2.csv,2533,mcq,mmlu_sociology_0121,train,remove,C2_answer_bearing,mmlu_answer_frag
pairs_mcq_v2.csv,2534,mcq,mmlu_sociology_0121,train,retain,H1_same_topic,mmlu_same_subject_other_item
pairs_mcq_v2.csv,2535,mcq,mmlu_sociology_0121,train,retain,H3_predating,logiqa
pairs_mcq_v2.csv,2536,mcq,mmlu_sociology_0121,train,retain,R_random,svamp
pairs_mcq_v2.csv,2537,mcq,mmlu_sociology_0122,train,remove,C0_exact,mmlu_copy
pairs_mcq_v2.csv,2538,mcq,mmlu_sociology_0122,train,remove,C1_transformed,lmsys_rephrase
pairs_mcq_v2.csv,2539,mcq,mmlu_sociology_0122,train,remove,C2_answer_bearing,mmlu_answer_frag
pairs_mcq_v2.csv,2540,mcq,mmlu_sociology_0122,train,retain,H1_same_topic,mmlu_same_subject_other_item
pairs_mcq_v2.csv,2541,mcq,mmlu_sociology_0122,train,retain,H3_predating,logiqa
pairs_mcq_v2.csv,2542,mcq,mmlu_sociology_0122,train,retain,R_random,svamp
pairs_mcq_v2.csv,2549,mcq,mmlu_sociology_0124,train,remove,C0_exact,mmlu_copy
pairs_mcq_v2.csv,2550,mcq,mmlu_sociology_0124,train,remove,C1_transformed,lmsys_rephrase
pairs_mcq_v2.csv,2551,mcq,mmlu_sociology_0124,train,remove,C2_answer_bearing,mmlu_answer_frag
pairs_mcq_v2.csv,2552,mcq,mmlu_sociology_0124,train,retain,H1_same_topic,mmlu_same_subject_other_item
pairs_mcq_v2.csv,2553,mcq,mmlu_sociology_0124,train,retain,H3_predating,logiqa
pairs_mcq_v2.csv,2554,mcq,mmlu_sociology_0124,train,retain,R_random,svamp
pairs_mcq_v2.csv,2567,mcq,mmlu_sociology_0127,train,remove,C0_exact,mmlu_copy
pairs_mcq_v2.csv,2568,mcq,mmlu_sociology_0127,train,remove,C1_transformed,lmsys_rephrase
pairs_mcq_v2.csv,2569,mcq,mmlu_sociology_0127,train,remove,C2_answer_bearing,mmlu_answer_frag
pairs_mcq_v2.csv,2570,mcq,mmlu_sociology_0127,train,retain,H1_same_topic,mmlu_same_subject_other_item
pairs_mcq_v2.csv,2571,mcq,mmlu_sociology_0127,train,retain,H3_predating,logiqa
pairs_mcq_v2.csv,2572,mcq,mmlu_sociology_0127,train,retain,R_random,svamp
pairs_mcq_v2.csv,2585,mcq,mmlu_sociology_0130,train,remove,C0_exact,mmlu_copy
pairs_mcq_v2.csv,2586,mcq,mmlu_sociology_0130,train,remove,C1_transformed,lmsys_rephrase
pairs_mcq_v2.csv,2587,mcq,mmlu_sociology_0130,train,remove,C2_answer_bearing,mmlu_answer_frag
pairs_mcq_v2.csv,2588,mcq,mmlu_sociology_0130,train,retain,H1_same_topic,mmlu_same_subject_other_item
pairs_mcq_v2.csv,2589,mcq,mmlu_sociology_0130,train,retain,H3_predating,logiqa
pairs_mcq_v2.csv,2590,mcq,mmlu_sociology_0130,train,retain,R_random,svamp
pairs_mcq_v2.csv,2591,mcq,mmlu_sociology_0131,train,remove,C0_exact,mmlu_copy
pairs_mcq_v2.csv,2592,mcq,mmlu_sociology_0131,train,remove,C1_transformed,lmsys_rephrase
pairs_mcq_v2.csv,2593,mcq,mmlu_sociology_0131,train,remove,C2_answer_bearing,mmlu_answer_frag
pairs_mcq_v2.csv,2594,mcq,mmlu_sociology_0131,train,retain,H1_same_topic,mmlu_same_subject_other_item
pairs_mcq_v2.csv,2595,mcq,mmlu_sociology_0131,train,retain,H3_predating,logiqa
pairs_mcq_v2.csv,2596,mcq,mmlu_sociology_0131,train,retain,R_random,svamp
pairs_mcq_v2.csv,2597,mcq,mmlu_sociology_0132,train,remove,C0_exact,mmlu_copy
pairs_mcq_v2.csv,2598,mcq,mmlu_sociology_0132,train,remove,C1_transformed,lmsys_rephrase
pairs_mcq_v2.csv,2599,mcq,mmlu_sociology_0132,train,remove,C2_answer_bearing,mmlu_answer_frag
pairs_mcq_v2.csv,2600,mcq,mmlu_sociology_0132,train,retain,H1_same_topic,mmlu_same_subject_other_item
pairs_mcq_v2.csv,2601,mcq,mmlu_sociology_0132,train,retain,H3_predating,logiqa
pairs_mcq_v2.csv,2602,mcq,mmlu_sociology_0132,train,retain,R_random,svamp
pairs_mcq_v2.csv,2603,mcq,mmlu_sociology_0133,train,remove,C0_exact,mmlu_copy
pairs_mcq_v2.csv,2604,mcq,mmlu_sociology_0133,train,remove,C1_transformed,lmsys_rephrase
pairs_mcq_v2.csv,2605,mcq,mmlu_sociology_0133,train,remove,C2_answer_bearing,mmlu_answer_frag
pairs_mcq_v2.csv,2606,mcq,mmlu_sociology_0133,train,retain,H1_same_topic,mmlu_same_subject_other_item
pairs_mcq_v2.csv,2607,mcq,mmlu_sociology_0133,train,retain,H3_predating,logiqa
pairs_mcq_v2.csv,2608,mcq,mmlu_sociology_0133,train,retain,R_random,svamp
pairs_mcq_v2.csv,2639,mcq,mmlu_sociology_0139,train,remove,C0_exact,mmlu_copy
pairs_mcq_v2.csv,2640,mcq,mmlu_sociology_0139,train,remove,C1_transformed,lmsys_rephrase
pairs_mcq_v2.csv,2641,mcq,mmlu_sociology_0139,train,remove,C2_answer_bearing,mmlu_answer_frag
pairs_mcq_v2.csv,2642,mcq,mmlu_sociology_0139,train,retain,H1_same_topic,mmlu_same_subject_other_item
pairs_mcq_v2.csv,2643,mcq,mmlu_sociology_0139,train,retain,H3_predating,logiqa
pairs_mcq_v2.csv,2644,mcq,mmlu_sociology_0139,train,retain,R_random,svamp
pairs_mcq_v2.csv,2645,mcq,mmlu_sociology_0140,train,remove,C0_exact,mmlu_copy
pairs_mcq_v2.csv,2646,mcq,mmlu_sociology_0140,train,remove,C1_transformed,lmsys_rephrase
pairs_mcq_v2.csv,2647,mcq,mmlu_sociology_0140,train,remove,C2_answer_bearing,mmlu_answer_frag
pairs_mcq_v2.csv,2648,mcq,mmlu_sociology_0140,train,retain,H1_same_topic,mmlu_same_subject_other_item
pairs_mcq_v2.csv,2649,mcq,mmlu_sociology_0140,train,retain,H3_predating,logiqa
pairs_mcq_v2.csv,2650,mcq,mmlu_sociology_0140,train,retain,R_random,svamp
pairs_mcq_v2.csv,2663,mcq,mmlu_sociology_0143,train,remove,C0_exact,mmlu_copy
pairs_mcq_v2.csv,2664,mcq,mmlu_sociology_0143,train,remove,C1_transformed,lmsys_rephrase
pairs_mcq_v2.csv,2665,mcq,mmlu_sociology_0143,train,remove,C2_answer_bearing,mmlu_answer_frag
pairs_mcq_v2.csv,2666,mcq,mmlu_sociology_0143,train,retain,H1_same_topic,mmlu_same_subject_other_item
pairs_mcq_v2.csv,2667,mcq,mmlu_sociology_0143,train,retain,H3_predating,logiqa
pairs_mcq_v2.csv,2668,mcq,mmlu_sociology_0143,train,retain,R_random,svamp
pairs_mcq_v2.csv,2693,mcq,mmlu_sociology_0148,train,remove,C0_exact,mmlu_copy
pairs_mcq_v2.csv,2694,mcq,mmlu_sociology_0148,train,remove,C1_transformed,lmsys_rephrase
pairs_mcq_v2.csv,2695,mcq,mmlu_sociology_0148,train,remove,C2_answer_bearing,mmlu_answer_frag
pairs_mcq_v2.csv,2696,mcq,mmlu_sociology_0148,train,retain,H1_same_topic,mmlu_same_subject_other_item
pairs_mcq_v2.csv,2697,mcq,mmlu_sociology_0148,train,retain,H3_predating,logiqa
pairs_mcq_v2.csv,2698,mcq,mmlu_sociology_0148,train,retain,R_random,svamp
pairs_mcq_v2.csv,2705,mcq,mmlu_sociology_0150,train,remove,C0_exact,mmlu_copy
pairs_mcq_v2.csv,2706,mcq,mmlu_sociology_0150,train,remove,C1_transformed,lmsys_rephrase
pairs_mcq_v2.csv,2707,mcq,mmlu_sociology_0150,train,remove,C2_answer_bearing,mmlu_answer_frag
pairs_mcq_v2.csv,2708,mcq,mmlu_sociology_0150,train,retain,H1_same_topic,mmlu_same_subject_other_item
pairs_mcq_v2.csv,2709,mcq,mmlu_sociology_0150,train,retain,H3_predating,logiqa
pairs_mcq_v2.csv,2710,mcq,mmlu_sociology_0150,train,retain,R_random,svamp
pairs_mcq_v2.csv,2711,mcq,mmlu_sociology_0151,train,remove,C0_exact,mmlu_copy
pairs_mcq_v2.csv,2712,mcq,mmlu_sociology_0151,train,remove,C1_transformed,lmsys_rephrase
pairs_mcq_v2.csv,2713,mcq,mmlu_sociology_0151,train,remove,C2_answer_bearing,mmlu_answer_frag
pairs_mcq_v2.csv,2714,mcq,mmlu_sociology_0151,train,retain,H1_same_topic,mmlu_same_subject_other_item
pairs_mcq_v2.csv,2715,mcq,mmlu_sociology_0151,train,retain,H3_predating,logiqa
pairs_mcq_v2.csv,2716,mcq,mmlu_sociology_0151,train,retain,R_random,svamp
pairs_mcq_v2.csv,2717,mcq,mmlu_sociology_0152,train,remove,C0_exact,mmlu_copy
pairs_mcq_v2.csv,2718,mcq,mmlu_sociology_0152,train,remove,C1_transformed,lmsys_rephrase
pairs_mcq_v2.csv,2719,mcq,mmlu_sociology_0152,train,remove,C2_answer_bearing,mmlu_answer_frag
pairs_mcq_v2.csv,2720,mcq,mmlu_sociology_0152,train,retain,H1_same_topic,mmlu_same_subject_other_item
pairs_mcq_v2.csv,2721,mcq,mmlu_sociology_0152,train,retain,H3_predating,logiqa
pairs_mcq_v2.csv,2722,mcq,mmlu_sociology_0152,train,retain,R_random,svamp
pairs_mcq_v2.csv,2729,mcq,mmlu_sociology_0154,train,remove,C0_exact,mmlu_copy
pairs_mcq_v2.csv,2730,mcq,mmlu_sociology_0154,train,remove,C1_transformed,lmsys_rephrase
pairs_mcq_v2.csv,2731,mcq,mmlu_sociology_0154,train,remove,C2_answer_bearing,mmlu_answer_frag
pairs_mcq_v2.csv,2732,mcq,mmlu_sociology_0154,train,retain,H1_same_topic,mmlu_same_subject_other_item
pairs_mcq_v2.csv,2733,mcq,mmlu_sociology_0154,train,retain,H3_predating,logiqa
pairs_mcq_v2.csv,2734,mcq,mmlu_sociology_0154,train,retain,R_random,svamp
pairs_mcq_v2.csv,2753,mcq,mmlu_sociology_0158,train,remove,C0_exact,mmlu_copy
pairs_mcq_v2.csv,2754,mcq,mmlu_sociology_0158,train,remove,C1_transformed,lmsys_rephrase
pairs_mcq_v2.csv,2755,mcq,mmlu_sociology_0158,train,remove,C2_answer_bearing,mmlu_answer_frag
pairs_mcq_v2.csv,2756,mcq,mmlu_sociology_0158,train,retain,H1_same_topic,mmlu_same_subject_other_item
pairs_mcq_v2.csv,2757,mcq,mmlu_sociology_0158,train,retain,H3_predating,logiqa
pairs_mcq_v2.csv,2758,mcq,mmlu_sociology_0158,train,retain,R_random,svamp
pairs_mcq_v2.csv,2771,mcq,mmlu_sociology_0161,train,remove,C0_exact,mmlu_copy
pairs_mcq_v2.csv,2772,mcq,mmlu_sociology_0161,train,remove,C1_transformed,lmsys_rephrase
pairs_mcq_v2.csv,2773,mcq,mmlu_sociology_0161,train,remove,C2_answer_bearing,mmlu_answer_frag
pairs_mcq_v2.csv,2774,mcq,mmlu_sociology_0161,train,retain,H1_same_topic,mmlu_same_subject_other_item
pairs_mcq_v2.csv,2775,mcq,mmlu_sociology_0161,train,retain,H3_predating,logiqa
pairs_mcq_v2.csv,2776,mcq,mmlu_sociology_0161,train,retain,R_random,svamp
pairs_mcq_v2.csv,2789,mcq,mmlu_sociology_0164,train,remove,C0_exact,mmlu_copy
pairs_mcq_v2.csv,2790,mcq,mmlu_sociology_0164,train,remove,C1_transformed,lmsys_rephrase
pairs_mcq_v2.csv,2791,mcq,mmlu_sociology_0164,train,remove,C2_answer_bearing,mmlu_answer_frag
pairs_mcq_v2.csv,2792,mcq,mmlu_sociology_0164,train,retain,H1_same_topic,mmlu_same_subject_other_item
pairs_mcq_v2.csv,2793,mcq,mmlu_sociology_0164,train,retain,H3_predating,logiqa
pairs_mcq_v2.csv,2794,mcq,mmlu_sociology_0164,train,retain,R_random,svamp
pairs_mcq_v2.csv,2795,mcq,mmlu_sociology_0165,train,remove,C0_exact,mmlu_copy
pairs_mcq_v2.csv,2796,mcq,mmlu_sociology_0165,train,remove,C1_transformed,lmsys_rephrase
pairs_mcq_v2.csv,2797,mcq,mmlu_sociology_0165,train,remove,C2_answer_bearing,mmlu_answer_frag
pairs_mcq_v2.csv,2798,mcq,mmlu_sociology_0165,train,retain,H1_same_topic,mmlu_same_subject_other_item
pairs_mcq_v2.csv,2799,mcq,mmlu_sociology_0165,train,retain,H3_predating,logiqa
pairs_mcq_v2.csv,2800,mcq,mmlu_sociology_0165,train,retain,R_random,svamp
pairs_mcq_v2.csv,2819,mcq,mmlu_sociology_0169,train,remove,C0_exact,mmlu_copy
pairs_mcq_v2.csv,2820,mcq,mmlu_sociology_0169,train,remove,C1_transformed,lmsys_rephrase
pairs_mcq_v2.csv,2821,mcq,mmlu_sociology_0169,train,remove,C2_answer_bearing,mmlu_answer_frag
pairs_mcq_v2.csv,2822,mcq,mmlu_sociology_0169,train,retain,H1_same_topic,mmlu_same_subject_other_item
pairs_mcq_v2.csv,2823,mcq,mmlu_sociology_0169,train,retain,H3_predating,logiqa
pairs_mcq_v2.csv,2824,mcq,mmlu_sociology_0169,train,retain,R_random,svamp
pairs_mcq_v2.csv,2843,mcq,mmlu_sociology_0173,train,remove,C0_exact,mmlu_copy
pairs_mcq_v2.csv,2844,mcq,mmlu_sociology_0173,train,remove,C1_transformed,lmsys_rephrase
pairs_mcq_v2.csv,2845,mcq,mmlu_sociology_0173,train,remove,C2_answer_bearing,mmlu_answer_frag
pairs_mcq_v2.csv,2846,mcq,mmlu_sociology_0173,train,retain,H1_same_topic,mmlu_same_subject_other_item
pairs_mcq_v2.csv,2847,mcq,mmlu_sociology_0173,train,retain,H3_predating,logiqa
pairs_mcq_v2.csv,2848,mcq,mmlu_sociology_0173,train,retain,R_random,svamp
pairs_mcq_v2.csv,2878,mcq,mmlu_sociology_0179,train,remove,C0_exact,mmlu_copy
pairs_mcq_v2.csv,2879,mcq,mmlu_sociology_0179,train,remove,C1_transformed,lmsys_rephrase
pairs_mcq_v2.csv,2880,mcq,mmlu_sociology_0179,train,remove,C2_answer_bearing,mmlu_answer_frag
pairs_mcq_v2.csv,2881,mcq,mmlu_sociology_0179,train,retain,H1_same_topic,mmlu_same_subject_other_item
pairs_mcq_v2.csv,2882,mcq,mmlu_sociology_0179,train,retain,H3_predating,logiqa
pairs_mcq_v2.csv,2883,mcq,mmlu_sociology_0179,train,retain,R_random,svamp
pairs_mcq_v2.csv,2920,mcq,mmlu_sociology_0186,train,remove,C0_exact,mmlu_copy
pairs_mcq_v2.csv,2921,mcq,mmlu_sociology_0186,train,remove,C1_transformed,lmsys_rephrase
pairs_mcq_v2.csv,2922,mcq,mmlu_sociology_0186,train,remove,C2_answer_bearing,mmlu_answer_frag
pairs_mcq_v2.csv,2923,mcq,mmlu_sociology_0186,train,retain,H1_same_topic,mmlu_same_subject_other_item
pairs_mcq_v2.csv,2924,mcq,mmlu_sociology_0186,train,retain,H3_predating,logiqa
pairs_mcq_v2.csv,2925,mcq,mmlu_sociology_0186,train,retain,R_random,svamp
pairs_mcq_v2.csv,2968,mcq,mmlu_sociology_0194,train,remove,C0_exact,mmlu_copy
pairs_mcq_v2.csv,2969,mcq,mmlu_sociology_0194,train,remove,C1_transformed,lmsys_rephrase
pairs_mcq_v2.csv,2970,mcq,mmlu_sociology_0194,train,remove,C2_answer_bearing,mmlu_answer_frag
pairs_mcq_v2.csv,2971,mcq,mmlu_sociology_0194,train,retain,H1_same_topic,mmlu_same_subject_other_item
pairs_mcq_v2.csv,2972,mcq,mmlu_sociology_0194,train,retain,H3_predating,logiqa
pairs_mcq_v2.csv,2973,mcq,mmlu_sociology_0194,train,retain,R_random,svamp
pairs_mcq_v2.csv,2974,mcq,mmlu_sociology_0195,train,remove,C0_exact,mmlu_copy
pairs_mcq_v2.csv,2975,mcq,mmlu_sociology_0195,train,remove,C1_transformed,lmsys_rephrase
pairs_mcq_v2.csv,2976,mcq,mmlu_sociology_0195,train,remove,C2_answer_bearing,mmlu_answer_frag
pairs_mcq_v2.csv,2977,mcq,mmlu_sociology_0195,train,retain,H1_same_topic,mmlu_same_subject_other_item
pairs_mcq_v2.csv,2978,mcq,mmlu_sociology_0195,train,retain,H3_predating,logiqa
pairs_mcq_v2.csv,2979,mcq,mmlu_sociology_0195,train,retain,R_random,svamp
pairs_mcq_v2.csv,2998,mcq,mmlu_sociology_0199,train,remove,C0_exact,mmlu_copy
pairs_mcq_v2.csv,2999,mcq,mmlu_sociology_0199,train,remove,C1_transformed,lmsys_rephrase
pairs_mcq_v2.csv,3000,mcq,mmlu_sociology_0199,train,remove,C2_answer_bearing,mmlu_answer_frag
pairs_mcq_v2.csv,3001,mcq,mmlu_sociology_0199,train,retain,H1_same_topic,mmlu_same_subject_other_item
pairs_mcq_v2.csv,3002,mcq,mmlu_sociology_0199,train,retain,H3_predating,logiqa
pairs_mcq_v2.csv,3003,mcq,mmlu_sociology_0199,train,retain,R_random,svamp
pairs_mcq_v2.csv,3004,mcq,mmlu_sociology_0200,train,remove,C0_exact,mmlu_copy
pairs_mcq_v2.csv,3005,mcq,mmlu_sociology_0200,train,remove,C1_transformed,lmsys_rephrase
pairs_mcq_v2.csv,3006,mcq,mmlu_sociology_0200,train,remove,C2_answer_bearing,mmlu_answer_frag
pairs_mcq_v2.csv,3007,mcq,mmlu_sociology_0200,train,retain,H1_same_topic,mmlu_same_subject_other_item
pairs_mcq_v2.csv,3008,mcq,mmlu_sociology_0200,train,retain,H3_predating,logiqa
pairs_mcq_v2.csv,3009,mcq,mmlu_sociology_0200,train,retain,R_random,svamp
pairs_mcq_v2.csv,3011,mcq,mmlu_abstract_algebra_0001,train,remove,C1_sr,mmlu_sr_qa
pairs_mcq_v2.csv,3012,mcq,mmlu_abstract_algebra_0002,train,remove,C1_sr,mmlu_sr_qa
pairs_mcq_v2.csv,3013,mcq,mmlu_abstract_algebra_0003,train,remove,C1_sr,mmlu_sr_qa
pairs_mcq_v2.csv,3015,mcq,mmlu_abstract_algebra_0005,train,remove,C1_sr,mmlu_sr_qa
pairs_mcq_v2.csv,3019,mcq,mmlu_abstract_algebra_0009,train,remove,C1_sr,mmlu_sr_qa
pairs_mcq_v2.csv,3022,mcq,mmlu_abstract_algebra_0012,train,remove,C1_sr,mmlu_sr_qa
pairs_mcq_v2.csv,3025,mcq,mmlu_abstract_algebra_0015,train,remove,C1_sr,mmlu_sr_qa
pairs_mcq_v2.csv,3028,mcq,mmlu_abstract_algebra_0018,train,remove,C1_sr,mmlu_sr_qa
pairs_mcq_v2.csv,3031,mcq,mmlu_abstract_algebra_0021,train,remove,C1_sr,mmlu_sr_qa
pairs_mcq_v2.csv,3035,mcq,mmlu_abstract_algebra_0025,train,remove,C1_sr,mmlu_sr_qa
pairs_mcq_v2.csv,3036,mcq,mmlu_abstract_algebra_0026,train,remove,C1_sr,mmlu_sr_qa
pairs_mcq_v2.csv,3038,mcq,mmlu_abstract_algebra_0028,train,remove,C1_sr,mmlu_sr_qa
pairs_mcq_v2.csv,3039,mcq,mmlu_abstract_algebra_0029,train,remove,C1_sr,mmlu_sr_qa
pairs_mcq_v2.csv,3041,mcq,mmlu_abstract_algebra_0031,train,remove,C1_sr,mmlu_sr_qa
pairs_mcq_v2.csv,3042,mcq,mmlu_abstract_algebra_0032,train,remove,C1_sr,mmlu_sr_qa
pairs_mcq_v2.csv,3046,mcq,mmlu_abstract_algebra_0036,train,remove,C1_sr,mmlu_sr_qa
pairs_mcq_v2.csv,3047,mcq,mmlu_abstract_algebra_0037,train,remove,C1_sr,mmlu_sr_qa
pairs_mcq_v2.csv,3049,mcq,mmlu_abstract_algebra_0039,train,remove,C1_sr,mmlu_sr_qa
pairs_mcq_v2.csv,3055,mcq,mmlu_abstract_algebra_0045,train,remove,C1_sr,mmlu_sr_qa
pairs_mcq_v2.csv,3056,mcq,mmlu_abstract_algebra_0046,train,remove,C1_sr,mmlu_sr_qa
pairs_mcq_v2.csv,3058,mcq,mmlu_abstract_algebra_0048,train,remove,C1_sr,mmlu_sr_qa
pairs_mcq_v2.csv,3059,mcq,mmlu_abstract_algebra_0049,train,remove,C1_sr,mmlu_sr_qa
pairs_mcq_v2.csv,3063,mcq,mmlu_abstract_algebra_0053,train,remove,C1_sr,mmlu_sr_qa
pairs_mcq_v2.csv,3065,mcq,mmlu_abstract_algebra_0055,train,remove,C1_sr,mmlu_sr_qa
pairs_mcq_v2.csv,3066,mcq,mmlu_abstract_algebra_0056,train,remove,C1_sr,mmlu_sr_qa
pairs_mcq_v2.csv,3069,mcq,mmlu_abstract_algebra_0059,train,remove,C1_sr,mmlu_sr_qa
pairs_mcq_v2.csv,3071,mcq,mmlu_abstract_algebra_0061,train,remove,C1_sr,mmlu_sr_qa
pairs_mcq_v2.csv,3073,mcq,mmlu_abstract_algebra_0063,train,remove,C1_sr,mmlu_sr_qa
pairs_mcq_v2.csv,3074,mcq,mmlu_abstract_algebra_0064,train,remove,C1_sr,mmlu_sr_qa
pairs_mcq_v2.csv,3077,mcq,mmlu_abstract_algebra_0067,train,remove,C1_sr,mmlu_sr_qa
pairs_mcq_v2.csv,3079,mcq,mmlu_abstract_algebra_0069,train,remove,C1_sr,mmlu_sr_qa
pairs_mcq_v2.csv,3083,mcq,mmlu_abstract_algebra_0073,train,remove,C1_sr,mmlu_sr_qa
pairs_mcq_v2.csv,3084,mcq,mmlu_abstract_algebra_0074,train,remove,C1_sr,mmlu_sr_qa
pairs_mcq_v2.csv,3085,mcq,mmlu_abstract_algebra_0075,train,remove,C1_sr,mmlu_sr_qa
pairs_mcq_v2.csv,3087,mcq,mmlu_abstract_algebra_0077,train,remove,C1_sr,mmlu_sr_qa
pairs_mcq_v2.csv,3088,mcq,mmlu_abstract_algebra_0078,train,remove,C1_sr,mmlu_sr_qa
pairs_mcq_v2.csv,3090,mcq,mmlu_abstract_algebra_0080,train,remove,C1_sr,mmlu_sr_qa
pairs_mcq_v2.csv,3092,mcq,mmlu_abstract_algebra_0082,train,remove,C1_sr,mmlu_sr_qa
pairs_mcq_v2.csv,3093,mcq,mmlu_abstract_algebra_0083,train,remove,C1_sr,mmlu_sr_qa
pairs_mcq_v2.csv,3094,mcq,mmlu_abstract_algebra_0084,train,remove,C1_sr,mmlu_sr_qa
pairs_mcq_v2.csv,3095,mcq,mmlu_abstract_algebra_0085,train,remove,C1_sr,mmlu_sr_qa
pairs_mcq_v2.csv,3100,mcq,mmlu_abstract_algebra_0090,train,remove,C1_sr,mmlu_sr_qa
pairs_mcq_v2.csv,3101,mcq,mmlu_abstract_algebra_0091,train,remove,C1_sr,mmlu_sr_qa
pairs_mcq_v2.csv,3104,mcq,mmlu_abstract_algebra_0094,train,remove,C1_sr,mmlu_sr_qa
pairs_mcq_v2.csv,3105,mcq,mmlu_abstract_algebra_0095,train,remove,C1_sr,mmlu_sr_qa
pairs_mcq_v2.csv,3106,mcq,mmlu_abstract_algebra_0096,train,remove,C1_sr,mmlu_sr_qa
pairs_mcq_v2.csv,3107,mcq,mmlu_abstract_algebra_0097,train,remove,C1_sr,mmlu_sr_qa
pairs_mcq_v2.csv,3108,mcq,mmlu_abstract_algebra_0098,train,remove,C1_sr,mmlu_sr_qa
pairs_mcq_v2.csv,3109,mcq,mmlu_abstract_algebra_0099,train,remove,C1_sr,mmlu_sr_qa
pairs_mcq_v2.csv,3111,mcq,mmlu_high_school_us_history_0001,train,remove,C1_sr,mmlu_sr_qa
pairs_mcq_v2.csv,3113,mcq,mmlu_high_school_us_history_0003,train,remove,C1_sr,mmlu_sr_qa
pairs_mcq_v2.csv,3114,mcq,mmlu_high_school_us_history_0004,train,remove,C1_sr,mmlu_sr_qa
pairs_mcq_v2.csv,3118,mcq,mmlu_high_school_us_history_0008,train,remove,C1_sr,mmlu_sr_qa
pairs_mcq_v2.csv,3119,mcq,mmlu_high_school_us_history_0009,train,remove,C1_sr,mmlu_sr_qa
pairs_mcq_v2.csv,3121,mcq,mmlu_high_school_us_history_0011,train,remove,C1_sr,mmlu_sr_qa
pairs_mcq_v2.csv,3124,mcq,mmlu_high_school_us_history_0014,train,remove,C1_sr,mmlu_sr_qa
pairs_mcq_v2.csv,3127,mcq,mmlu_high_school_us_history_0017,train,remove,C1_sr,mmlu_sr_qa
pairs_mcq_v2.csv,3129,mcq,mmlu_high_school_us_history_0019,train,remove,C1_sr,mmlu_sr_qa
pairs_mcq_v2.csv,3131,mcq,mmlu_high_school_us_history_0021,train,remove,C1_sr,mmlu_sr_qa
pairs_mcq_v2.csv,3134,mcq,mmlu_high_school_us_history_0024,train,remove,C1_sr,mmlu_sr_qa
pairs_mcq_v2.csv,3135,mcq,mmlu_high_school_us_history_0025,train,remove,C1_sr,mmlu_sr_qa
pairs_mcq_v2.csv,3137,mcq,mmlu_high_school_us_history_0027,train,remove,C1_sr,mmlu_sr_qa
pairs_mcq_v2.csv,3138,mcq,mmlu_high_school_us_history_0028,train,remove,C1_sr,mmlu_sr_qa
pairs_mcq_v2.csv,3139,mcq,mmlu_high_school_us_history_0029,train,remove,C1_sr,mmlu_sr_qa
pairs_mcq_v2.csv,3144,mcq,mmlu_high_school_us_history_0034,train,remove,C1_sr,mmlu_sr_qa
pairs_mcq_v2.csv,3145,mcq,mmlu_high_school_us_history_0035,train,remove,C1_sr,mmlu_sr_qa
pairs_mcq_v2.csv,3146,mcq,mmlu_high_school_us_history_0036,train,remove,C1_sr,mmlu_sr_qa
pairs_mcq_v2.csv,3150,mcq,mmlu_high_school_us_history_0040,train,remove,C1_sr,mmlu_sr_qa
pairs_mcq_v2.csv,3151,mcq,mmlu_high_school_us_history_0041,train,remove,C1_sr,mmlu_sr_qa
pairs_mcq_v2.csv,3152,mcq,mmlu_high_school_us_history_0042,train,remove,C1_sr,mmlu_sr_qa
pairs_mcq_v2.csv,3155,mcq,mmlu_high_school_us_history_0045,train,remove,C1_sr,mmlu_sr_qa
pairs_mcq_v2.csv,3157,mcq,mmlu_high_school_us_history_0047,train,remove,C1_sr,mmlu_sr_qa
pairs_mcq_v2.csv,3158,mcq,mmlu_high_school_us_history_0048,train,remove,C1_sr,mmlu_sr_qa
pairs_mcq_v2.csv,3160,mcq,mmlu_high_school_us_history_0050,train,remove,C1_sr,mmlu_sr_qa
pairs_mcq_v2.csv,3162,mcq,mmlu_high_school_us_history_0052,train,remove,C1_sr,mmlu_sr_qa
pairs_mcq_v2.csv,3163,mcq,mmlu_high_school_us_history_0053,train,remove,C1_sr,mmlu_sr_qa
pairs_mcq_v2.csv,3164,mcq,mmlu_high_school_us_history_0054,train,remove,C1_sr,mmlu_sr_qa
pairs_mcq_v2.csv,3165,mcq,mmlu_high_school_us_history_0055,train,remove,C1_sr,mmlu_sr_qa
pairs_mcq_v2.csv,3166,mcq,mmlu_high_school_us_history_0056,train,remove,C1_sr,mmlu_sr_qa
pairs_mcq_v2.csv,3168,mcq,mmlu_high_school_us_history_0058,train,remove,C1_sr,mmlu_sr_qa
pairs_mcq_v2.csv,3171,mcq,mmlu_high_school_us_history_0061,train,remove,C1_sr,mmlu_sr_qa
pairs_mcq_v2.csv,3173,mcq,mmlu_high_school_us_history_0063,train,remove,C1_sr,mmlu_sr_qa
pairs_mcq_v2.csv,3175,mcq,mmlu_high_school_us_history_0065,train,remove,C1_sr,mmlu_sr_qa
pairs_mcq_v2.csv,3176,mcq,mmlu_high_school_us_history_0066,train,remove,C1_sr,mmlu_sr_qa
pairs_mcq_v2.csv,3181,mcq,mmlu_high_school_us_history_0071,train,remove,C1_sr,mmlu_sr_qa
pairs_mcq_v2.csv,3183,mcq,mmlu_high_school_us_history_0073,train,remove,C1_sr,mmlu_sr_qa
pairs_mcq_v2.csv,3184,mcq,mmlu_high_school_us_history_0074,train,remove,C1_sr,mmlu_sr_qa
pairs_mcq_v2.csv,3188,mcq,mmlu_high_school_us_history_0078,train,remove,C1_sr,mmlu_sr_qa
pairs_mcq_v2.csv,3189,mcq,mmlu_high_school_us_history_0079,train,remove,C1_sr,mmlu_sr_qa
pairs_mcq_v2.csv,3190,mcq,mmlu_high_school_us_history_0080,train,remove,C1_sr,mmlu_sr_qa
pairs_mcq_v2.csv,3199,mcq,mmlu_high_school_us_history_0089,train,remove,C1_sr,mmlu_sr_qa
pairs_mcq_v2.csv,3204,mcq,mmlu_high_school_us_history_0094,train,remove,C1_sr,mmlu_sr_qa
pairs_mcq_v2.csv,3207,mcq,mmlu_high_school_us_history_0097,train,remove,C1_sr,mmlu_sr_qa
pairs_mcq_v2.csv,3209,mcq,mmlu_high_school_us_history_0099,train,remove,C1_sr,mmlu_sr_qa
pairs_mcq_v2.csv,3211,mcq,mmlu_high_school_us_history_0101,train,remove,C1_sr,mmlu_sr_qa
pairs_mcq_v2.csv,3213,mcq,mmlu_high_school_us_history_0103,train,remove,C1_sr,mmlu_sr_qa
pairs_mcq_v2.csv,3216,mcq,mmlu_high_school_us_history_0106,train,remove,C1_sr,mmlu_sr_qa
pairs_mcq_v2.csv,3218,mcq,mmlu_high_school_us_history_0108,train,remove,C1_sr,mmlu_sr_qa
pairs_mcq_v2.csv,3221,mcq,mmlu_high_school_us_history_0111,train,remove,C1_sr,mmlu_sr_qa
pairs_mcq_v2.csv,3227,mcq,mmlu_high_school_us_history_0117,train,remove,C1_sr,mmlu_sr_qa
pairs_mcq_v2.csv,3229,mcq,mmlu_high_school_us_history_0119,train,remove,C1_sr,mmlu_sr_qa
pairs_mcq_v2.csv,3230,mcq,mmlu_high_school_us_history_0120,train,remove,C1_sr,mmlu_sr_qa
pairs_mcq_v2.csv,3232,mcq,mmlu_high_school_us_history_0122,train,remove,C1_sr,mmlu_sr_qa
pairs_mcq_v2.csv,3233,mcq,mmlu_high_school_us_history_0123,train,remove,C1_sr,mmlu_sr_qa
pairs_mcq_v2.csv,3237,mcq,mmlu_high_school_us_history_0127,train,remove,C1_sr,mmlu_sr_qa
pairs_mcq_v2.csv,3238,mcq,mmlu_high_school_us_history_0128,train,remove,C1_sr,mmlu_sr_qa
pairs_mcq_v2.csv,3241,mcq,mmlu_high_school_us_history_0131,train,remove,C1_sr,mmlu_sr_qa
pairs_mcq_v2.csv,3245,mcq,mmlu_high_school_us_history_0135,train,remove,C1_sr,mmlu_sr_qa
pairs_mcq_v2.csv,3247,mcq,mmlu_high_school_us_history_0137,train,remove,C1_sr,mmlu_sr_qa
pairs_mcq_v2.csv,3254,mcq,mmlu_high_school_us_history_0144,train,remove,C1_sr,mmlu_sr_qa
pairs_mcq_v2.csv,3255,mcq,mmlu_high_school_us_history_0145,train,remove,C1_sr,mmlu_sr_qa
pairs_mcq_v2.csv,3259,mcq,mmlu_high_school_us_history_0149,train,remove,C1_sr,mmlu_sr_qa
pairs_mcq_v2.csv,3265,mcq,mmlu_high_school_us_history_0155,train,remove,C1_sr,mmlu_sr_qa
pairs_mcq_v2.csv,3268,mcq,mmlu_high_school_us_history_0158,train,remove,C1_sr,mmlu_sr_qa
pairs_mcq_v2.csv,3274,mcq,mmlu_high_school_us_history_0164,train,remove,C1_sr,mmlu_sr_qa
pairs_mcq_v2.csv,3276,mcq,mmlu_high_school_us_history_0166,train,remove,C1_sr,mmlu_sr_qa
pairs_mcq_v2.csv,3277,mcq,mmlu_high_school_us_history_0167,train,remove,C1_sr,mmlu_sr_qa
pairs_mcq_v2.csv,3278,mcq,mmlu_high_school_us_history_0168,train,remove,C1_sr,mmlu_sr_qa
pairs_mcq_v2.csv,3282,mcq,mmlu_high_school_us_history_0172,train,remove,C1_sr,mmlu_sr_qa
pairs_mcq_v2.csv,3283,mcq,mmlu_high_school_us_history_0173,train,remove,C1_sr,mmlu_sr_qa
pairs_mcq_v2.csv,3285,mcq,mmlu_high_school_us_history_0175,train,remove,C1_sr,mmlu_sr_qa
pairs_mcq_v2.csv,3286,mcq,mmlu_high_school_us_history_0176,train,remove,C1_sr,mmlu_sr_qa
pairs_mcq_v2.csv,3290,mcq,mmlu_high_school_us_history_0180,train,remove,C1_sr,mmlu_sr_qa
pairs_mcq_v2.csv,3292,mcq,mmlu_high_school_us_history_0182,train,remove,C1_sr,mmlu_sr_qa
pairs_mcq_v2.csv,3293,mcq,mmlu_high_school_us_history_0183,train,remove,C1_sr,mmlu_sr_qa
pairs_mcq_v2.csv,3302,mcq,mmlu_high_school_us_history_0192,train,remove,C1_sr,mmlu_sr_qa
pairs_mcq_v2.csv,3304,mcq,mmlu_high_school_us_history_0194,train,remove,C1_sr,mmlu_sr_qa
pairs_mcq_v2.csv,3305,mcq,mmlu_high_school_us_history_0195,train,remove,C1_sr,mmlu_sr_qa
pairs_mcq_v2.csv,3308,mcq,mmlu_high_school_us_history_0198,train,remove,C1_sr,mmlu_sr_qa
pairs_mcq_v2.csv,3309,mcq,mmlu_high_school_us_history_0199,train,remove,C1_sr,mmlu_sr_qa
pairs_mcq_v2.csv,3314,mcq,mmlu_sociology_0000,train,remove,C1_sr,mmlu_sr_qa
pairs_mcq_v2.csv,3315,mcq,mmlu_sociology_0001,train,remove,C1_sr,mmlu_sr_qa
pairs_mcq_v2.csv,3317,mcq,mmlu_sociology_0003,train,remove,C1_sr,mmlu_sr_qa
pairs_mcq_v2.csv,3321,mcq,mmlu_sociology_0007,train,remove,C1_sr,mmlu_sr_qa
pairs_mcq_v2.csv,3325,mcq,mmlu_sociology_0011,train,remove,C1_sr,mmlu_sr_qa
pairs_mcq_v2.csv,3334,mcq,mmlu_sociology_0020,train,remove,C1_sr,mmlu_sr_qa
pairs_mcq_v2.csv,3339,mcq,mmlu_sociology_0025,train,remove,C1_sr,mmlu_sr_qa
pairs_mcq_v2.csv,3341,mcq,mmlu_sociology_0027,train,remove,C1_sr,mmlu_sr_qa
pairs_mcq_v2.csv,3343,mcq,mmlu_sociology_0029,train,remove,C1_sr,mmlu_sr_qa
pairs_mcq_v2.csv,3344,mcq,mmlu_sociology_0030,train,remove,C1_sr,mmlu_sr_qa
pairs_mcq_v2.csv,3346,mcq,mmlu_sociology_0032,train,remove,C1_sr,mmlu_sr_qa
pairs_mcq_v2.csv,3348,mcq,mmlu_sociology_0034,train,remove,C1_sr,mmlu_sr_qa
pairs_mcq_v2.csv,3349,mcq,mmlu_sociology_0035,train,remove,C1_sr,mmlu_sr_qa
pairs_mcq_v2.csv,3364,mcq,mmlu_sociology_0050,train,remove,C1_sr,mmlu_sr_qa
pairs_mcq_v2.csv,3366,mcq,mmlu_sociology_0052,train,remove,C1_sr,mmlu_sr_qa
pairs_mcq_v2.csv,3370,mcq,mmlu_sociology_0056,train,remove,C1_sr,mmlu_sr_qa
pairs_mcq_v2.csv,3374,mcq,mmlu_sociology_0060,train,remove,C1_sr,mmlu_sr_qa
pairs_mcq_v2.csv,3375,mcq,mmlu_sociology_0061,train,remove,C1_sr,mmlu_sr_qa
pairs_mcq_v2.csv,3381,mcq,mmlu_sociology_0067,train,remove,C1_sr,mmlu_sr_qa
pairs_mcq_v2.csv,3382,mcq,mmlu_sociology_0068,train,remove,C1_sr,mmlu_sr_qa
pairs_mcq_v2.csv,3383,mcq,mmlu_sociology_0069,train,remove,C1_sr,mmlu_sr_qa
pairs_mcq_v2.csv,3384,mcq,mmlu_sociology_0070,train,remove,C1_sr,mmlu_sr_qa
pairs_mcq_v2.csv,3386,mcq,mmlu_sociology_0072,train,remove,C1_sr,mmlu_sr_qa
pairs_mcq_v2.csv,3388,mcq,mmlu_sociology_0074,train,remove,C1_sr,mmlu_sr_qa
pairs_mcq_v2.csv,3390,mcq,mmlu_sociology_0076,train,remove,C1_sr,mmlu_sr_qa
pairs_mcq_v2.csv,3391,mcq,mmlu_sociology_0077,train,remove,C1_sr,mmlu_sr_qa
pairs_mcq_v2.csv,3394,mcq,mmlu_sociology_0080,train,remove,C1_sr,mmlu_sr_qa
pairs_mcq_v2.csv,3398,mcq,mmlu_sociology_0084,train,remove,C1_sr,mmlu_sr_qa
pairs_mcq_v2.csv,3399,mcq,mmlu_sociology_0085,train,remove,C1_sr,mmlu_sr_qa
pairs_mcq_v2.csv,3400,mcq,mmlu_sociology_0086,train,remove,C1_sr,mmlu_sr_qa
pairs_mcq_v2.csv,3401,mcq,mmlu_sociology_0087,train,remove,C1_sr,mmlu_sr_qa
pairs_mcq_v2.csv,3402,mcq,mmlu_sociology_0088,train,remove,C1_sr,mmlu_sr_qa
pairs_mcq_v2.csv,3403,mcq,mmlu_sociology_0089,train,remove,C1_sr,mmlu_sr_qa
pairs_mcq_v2.csv,3404,mcq,mmlu_sociology_0090,train,remove,C1_sr,mmlu_sr_qa
pairs_mcq_v2.csv,3407,mcq,mmlu_sociology_0093,train,remove,C1_sr,mmlu_sr_qa
pairs_mcq_v2.csv,3409,mcq,mmlu_sociology_0095,train,remove,C1_sr,mmlu_sr_qa
pairs_mcq_v2.csv,3410,mcq,mmlu_sociology_0096,train,remove,C1_sr,mmlu_sr_qa
pairs_mcq_v2.csv,3414,mcq,mmlu_sociology_0100,train,remove,C1_sr,mmlu_sr_qa
pairs_mcq_v2.csv,3421,mcq,mmlu_sociology_0107,train,remove,C1_sr,mmlu_sr_qa
pairs_mcq_v2.csv,3425,mcq,mmlu_sociology_0111,train,remove,C1_sr,mmlu_sr_qa
pairs_mcq_v2.csv,3426,mcq,mmlu_sociology_0112,train,remove,C1_sr,mmlu_sr_qa
pairs_mcq_v2.csv,3427,mcq,mmlu_sociology_0113,train,remove,C1_sr,mmlu_sr_qa
pairs_mcq_v2.csv,3428,mcq,mmlu_sociology_0114,train,remove,C1_sr,mmlu_sr_qa
pairs_mcq_v2.csv,3433,mcq,mmlu_sociology_0119,train,remove,C1_sr,mmlu_sr_qa
pairs_mcq_v2.csv,3435,mcq,mmlu_sociology_0121,train,remove,C1_sr,mmlu_sr_qa
pairs_mcq_v2.csv,3436,mcq,mmlu_sociology_0122,train,remove,C1_sr,mmlu_sr_qa
pairs_mcq_v2.csv,3438,mcq,mmlu_sociology_0124,train,remove,C1_sr,mmlu_sr_qa
pairs_mcq_v2.csv,3441,mcq,mmlu_sociology_0127,train,remove,C1_sr,mmlu_sr_qa
pairs_mcq_v2.csv,3444,mcq,mmlu_sociology_0130,train,remove,C1_sr,mmlu_sr_qa
pairs_mcq_v2.csv,3445,mcq,mmlu_sociology_0131,train,remove,C1_sr,mmlu_sr_qa
pairs_mcq_v2.csv,3446,mcq,mmlu_sociology_0132,train,remove,C1_sr,mmlu_sr_qa
pairs_mcq_v2.csv,3447,mcq,mmlu_sociology_0133,train,remove,C1_sr,mmlu_sr_qa
pairs_mcq_v2.csv,3453,mcq,mmlu_sociology_0139,train,remove,C1_sr,mmlu_sr_qa
pairs_mcq_v2.csv,3454,mcq,mmlu_sociology_0140,train,remove,C1_sr,mmlu_sr_qa
pairs_mcq_v2.csv,3457,mcq,mmlu_sociology_0143,train,remove,C1_sr,mmlu_sr_qa
pairs_mcq_v2.csv,3462,mcq,mmlu_sociology_0148,train,remove,C1_sr,mmlu_sr_qa
pairs_mcq_v2.csv,3464,mcq,mmlu_sociology_0150,train,remove,C1_sr,mmlu_sr_qa
pairs_mcq_v2.csv,3465,mcq,mmlu_sociology_0151,train,remove,C1_sr,mmlu_sr_qa
pairs_mcq_v2.csv,3466,mcq,mmlu_sociology_0152,train,remove,C1_sr,mmlu_sr_qa
pairs_mcq_v2.csv,3468,mcq,mmlu_sociology_0154,train,remove,C1_sr,mmlu_sr_qa
pairs_mcq_v2.csv,3472,mcq,mmlu_sociology_0158,train,remove,C1_sr,mmlu_sr_qa
pairs_mcq_v2.csv,3475,mcq,mmlu_sociology_0161,train,remove,C1_sr,mmlu_sr_qa
pairs_mcq_v2.csv,3478,mcq,mmlu_sociology_0164,train,remove,C1_sr,mmlu_sr_qa
pairs_mcq_v2.csv,3479,mcq,mmlu_sociology_0165,train,remove,C1_sr,mmlu_sr_qa
pairs_mcq_v2.csv,3483,mcq,mmlu_sociology_0169,train,remove,C1_sr,mmlu_sr_qa
pairs_mcq_v2.csv,3487,mcq,mmlu_sociology_0173,train,remove,C1_sr,mmlu_sr_qa
pairs_mcq_v2.csv,3493,mcq,mmlu_sociology_0179,train,remove,C1_sr,mmlu_sr_qa
pairs_mcq_v2.csv,3500,mcq,mmlu_sociology_0186,train,remove,C1_sr,mmlu_sr_qa
pairs_mcq_v2.csv,3508,mcq,mmlu_sociology_0194,train,remove,C1_sr,mmlu_sr_qa
pairs_mcq_v2.csv,3509,mcq,mmlu_sociology_0195,train,remove,C1_sr,mmlu_sr_qa
pairs_mcq_v2.csv,3513,mcq,mmlu_sociology_0199,train,remove,C1_sr,mmlu_sr_qa
pairs_mcq_v2.csv,3514,mcq,mmlu_sociology_0200,train,remove,C1_sr,mmlu_sr_qa
pairs_math_v2.csv,30,math,math_8,train,remove,C0_exact,math_copy
pairs_math_v2.csv,31,math,math_8,train,remove,C2_answer_bearing,math_solution_frag
pairs_math_v2.csv,32,math,math_8,train,retain,H2_perturb_simple,math_perturb_simple
pairs_math_v2.csv,33,math,math_8,train,retain,H2_perturb_hard,math_perturb_hard
pairs_math_v2.csv,34,math,math_8,train,retain,H1_same_topic,math_same_type
pairs_math_v2.csv,35,math,math_8,train,retain,R_random,math_random
pairs_math_v2.csv,42,math,math_10,train,remove,C0_exact,math_copy
pairs_math_v2.csv,43,math,math_10,train,remove,C2_answer_bearing,math_solution_frag
pairs_math_v2.csv,44,math,math_10,train,retain,H2_perturb_simple,math_perturb_simple
pairs_math_v2.csv,45,math,math_10,train,retain,H2_perturb_hard,math_perturb_hard
pairs_math_v2.csv,46,math,math_10,train,retain,H1_same_topic,math_same_type
pairs_math_v2.csv,47,math,math_10,train,retain,R_random,math_random
pairs_math_v2.csv,72,math,math_15,train,remove,C0_exact,math_copy
pairs_math_v2.csv,73,math,math_15,train,remove,C2_answer_bearing,math_solution_frag
pairs_math_v2.csv,74,math,math_15,train,retain,H2_perturb_simple,math_perturb_simple
pairs_math_v2.csv,75,math,math_15,train,retain,H2_perturb_hard,math_perturb_hard
pairs_math_v2.csv,76,math,math_15,train,retain,H1_same_topic,math_same_type
pairs_math_v2.csv,77,math,math_15,train,retain,R_random,math_random
pairs_math_v2.csv,78,math,math_16,train,remove,C0_exact,math_copy
pairs_math_v2.csv,79,math,math_16,train,remove,C2_answer_bearing,math_solution_frag
pairs_math_v2.csv,80,math,math_16,train,retain,H2_perturb_simple,math_perturb_simple
pairs_math_v2.csv,81,math,math_16,train,retain,H2_perturb_hard,math_perturb_hard
pairs_math_v2.csv,82,math,math_16,train,retain,H1_same_topic,math_same_type
pairs_math_v2.csv,83,math,math_16,train,retain,R_random,math_random
pairs_math_v2.csv,120,math,math_242,train,remove,C0_exact,math_copy
pairs_math_v2.csv,121,math,math_242,train,remove,C2_answer_bearing,math_solution_frag
pairs_math_v2.csv,122,math,math_242,train,retain,H2_perturb_simple,math_perturb_simple
pairs_math_v2.csv,123,math,math_242,train,retain,H2_perturb_hard,math_perturb_hard
pairs_math_v2.csv,124,math,math_242,train,retain,H1_same_topic,math_same_type
pairs_math_v2.csv,125,math,math_242,train,retain,R_random,math_random
pairs_math_v2.csv,126,math,math_243,train,remove,C0_exact,math_copy
pairs_math_v2.csv,127,math,math_243,train,remove,C2_answer_bearing,math_solution_frag
pairs_math_v2.csv,128,math,math_243,train,retain,H2_perturb_simple,math_perturb_simple
pairs_math_v2.csv,129,math,math_243,train,retain,H2_perturb_hard,math_perturb_hard
pairs_math_v2.csv,130,math,math_243,train,retain,H1_same_topic,math_same_type
pairs_math_v2.csv,131,math,math_243,train,retain,R_random,math_random
pairs_math_v2.csv,132,math,math_245,train,remove,C0_exact,math_copy
pairs_math_v2.csv,133,math,math_245,train,remove,C2_answer_bearing,math_solution_frag
pairs_math_v2.csv,134,math,math_245,train,retain,H2_perturb_simple,math_perturb_simple
pairs_math_v2.csv,135,math,math_245,train,retain,H2_perturb_hard,math_perturb_hard
pairs_math_v2.csv,136,math,math_245,train,retain,H1_same_topic,math_same_type
pairs_math_v2.csv,137,math,math_245,train,retain,R_random,math_random
pairs_math_v2.csv,138,math,math_246,train,remove,C0_exact,math_copy
pairs_math_v2.csv,139,math,math_246,train,remove,C2_answer_bearing,math_solution_frag
pairs_math_v2.csv,140,math,math_246,train,retain,H2_perturb_simple,math_perturb_simple
pairs_math_v2.csv,141,math,math_246,train,retain,H2_perturb_hard,math_perturb_hard
pairs_math_v2.csv,142,math,math_246,train,retain,H1_same_topic,math_same_type
pairs_math_v2.csv,143,math,math_246,train,retain,R_random,math_random
pairs_math_v2.csv,144,math,math_247,train,remove,C0_exact,math_copy
pairs_math_v2.csv,145,math,math_247,train,remove,C2_answer_bearing,math_solution_frag
pairs_math_v2.csv,146,math,math_247,train,retain,H2_perturb_simple,math_perturb_simple
pairs_math_v2.csv,147,math,math_247,train,retain,H2_perturb_hard,math_perturb_hard
pairs_math_v2.csv,148,math,math_247,train,retain,H1_same_topic,math_same_type
pairs_math_v2.csv,149,math,math_247,train,retain,R_random,math_random
pairs_math_v2.csv,150,math,math_249,train,remove,C0_exact,math_copy
pairs_math_v2.csv,151,math,math_249,train,remove,C2_answer_bearing,math_solution_frag
pairs_math_v2.csv,152,math,math_249,train,retain,H2_perturb_simple,math_perturb_simple
pairs_math_v2.csv,153,math,math_249,train,retain,H2_perturb_hard,math_perturb_hard
pairs_math_v2.csv,154,math,math_249,train,retain,H1_same_topic,math_same_type
pairs_math_v2.csv,155,math,math_249,train,retain,R_random,math_random
pairs_math_v2.csv,174,math,math_260,train,remove,C0_exact,math_copy
pairs_math_v2.csv,175,math,math_260,train,remove,C2_answer_bearing,math_solution_frag
pairs_math_v2.csv,176,math,math_260,train,retain,H2_perturb_simple,math_perturb_simple
pairs_math_v2.csv,177,math,math_260,train,retain,H2_perturb_hard,math_perturb_hard
pairs_math_v2.csv,178,math,math_260,train,retain,H1_same_topic,math_same_type
pairs_math_v2.csv,179,math,math_260,train,retain,R_random,math_random
pairs_math_v2.csv,198,math,math_271,train,remove,C0_exact,math_copy
pairs_math_v2.csv,199,math,math_271,train,remove,C2_answer_bearing,math_solution_frag
pairs_math_v2.csv,200,math,math_271,train,retain,H2_perturb_simple,math_perturb_simple
pairs_math_v2.csv,201,math,math_271,train,retain,H2_perturb_hard,math_perturb_hard
pairs_math_v2.csv,202,math,math_271,train,retain,H1_same_topic,math_same_type
pairs_math_v2.csv,203,math,math_271,train,retain,R_random,math_random
pairs_math_v2.csv,204,math,math_282,train,remove,C0_exact,math_copy
pairs_math_v2.csv,205,math,math_282,train,remove,C2_answer_bearing,math_solution_frag
pairs_math_v2.csv,206,math,math_282,train,retain,H2_perturb_simple,math_perturb_simple
pairs_math_v2.csv,207,math,math_282,train,retain,H2_perturb_hard,math_perturb_hard
pairs_math_v2.csv,208,math,math_282,train,retain,H1_same_topic,math_same_type
pairs_math_v2.csv,209,math,math_282,train,retain,R_random,math_random
pairs_math_v2.csv,210,math,math_283,train,remove,C0_exact,math_copy
pairs_math_v2.csv,211,math,math_283,train,remove,C2_answer_bearing,math_solution_frag
pairs_math_v2.csv,212,math,math_283,train,retain,H2_perturb_simple,math_perturb_simple
pairs_math_v2.csv,213,math,math_283,train,retain,H2_perturb_hard,math_perturb_hard
pairs_math_v2.csv,214,math,math_283,train,retain,H1_same_topic,math_same_type
pairs_math_v2.csv,215,math,math_283,train,retain,R_random,math_random
pairs_math_v2.csv,222,math,math_293,train,remove,C0_exact,math_copy
pairs_math_v2.csv,223,math,math_293,train,remove,C2_answer_bearing,math_solution_frag
pairs_math_v2.csv,224,math,math_293,train,retain,H2_perturb_simple,math_perturb_simple
pairs_math_v2.csv,225,math,math_293,train,retain,H2_perturb_hard,math_perturb_hard
pairs_math_v2.csv,226,math,math_293,train,retain,H1_same_topic,math_same_type
pairs_math_v2.csv,227,math,math_293,train,retain,R_random,math_random
pairs_math_v2.csv,240,math,math_340,train,remove,C0_exact,math_copy
pairs_math_v2.csv,241,math,math_340,train,remove,C2_answer_bearing,math_solution_frag
pairs_math_v2.csv,242,math,math_340,train,retain,H2_perturb_simple,math_perturb_simple
pairs_math_v2.csv,243,math,math_340,train,retain,H2_perturb_hard,math_perturb_hard
pairs_math_v2.csv,244,math,math_340,train,retain,H1_same_topic,math_same_type
pairs_math_v2.csv,245,math,math_340,train,retain,R_random,math_random
pairs_math_v2.csv,270,math,math_498,train,remove,C0_exact,math_copy
pairs_math_v2.csv,271,math,math_498,train,remove,C2_answer_bearing,math_solution_frag
pairs_math_v2.csv,272,math,math_498,train,retain,H2_perturb_simple,math_perturb_simple
pairs_math_v2.csv,273,math,math_498,train,retain,H2_perturb_hard,math_perturb_hard
pairs_math_v2.csv,274,math,math_498,train,retain,H1_same_topic,math_same_type
pairs_math_v2.csv,275,math,math_498,train,retain,R_random,math_random
pairs_math_v2.csv,282,math,math_509,train,remove,C0_exact,math_copy
pairs_math_v2.csv,283,math,math_509,train,remove,C2_answer_bearing,math_solution_frag
pairs_math_v2.csv,284,math,math_509,train,retain,H2_perturb_simple,math_perturb_simple
pairs_math_v2.csv,285,math,math_509,train,retain,H2_perturb_hard,math_perturb_hard
pairs_math_v2.csv,286,math,math_509,train,retain,H1_same_topic,math_same_type
pairs_math_v2.csv,287,math,math_509,train,retain,R_random,math_random
pairs_math_v2.csv,288,math,math_513,train,remove,C0_exact,math_copy
pairs_math_v2.csv,289,math,math_513,train,remove,C2_answer_bearing,math_solution_frag
pairs_math_v2.csv,290,math,math_513,train,retain,H2_perturb_simple,math_perturb_simple
pairs_math_v2.csv,291,math,math_513,train,retain,H2_perturb_hard,math_perturb_hard
pairs_math_v2.csv,292,math,math_513,train,retain,H1_same_topic,math_same_type
pairs_math_v2.csv,293,math,math_513,train,retain,R_random,math_random
pairs_math_v2.csv,294,math,math_528,train,remove,C0_exact,math_copy
pairs_math_v2.csv,295,math,math_528,train,remove,C2_answer_bearing,math_solution_frag
pairs_math_v2.csv,296,math,math_528,train,retain,H2_perturb_simple,math_perturb_simple
pairs_math_v2.csv,297,math,math_528,train,retain,H2_perturb_hard,math_perturb_hard
pairs_math_v2.csv,298,math,math_528,train,retain,H1_same_topic,math_same_type
pairs_math_v2.csv,299,math,math_528,train,retain,R_random,math_random
pairs_math_v2.csv,306,math,math_552,train,remove,C0_exact,math_copy
pairs_math_v2.csv,307,math,math_552,train,remove,C2_answer_bearing,math_solution_frag
pairs_math_v2.csv,308,math,math_552,train,retain,H2_perturb_simple,math_perturb_simple
pairs_math_v2.csv,309,math,math_552,train,retain,H2_perturb_hard,math_perturb_hard
pairs_math_v2.csv,310,math,math_552,train,retain,H1_same_topic,math_same_type
pairs_math_v2.csv,311,math,math_552,train,retain,R_random,math_random
pairs_math_v2.csv,324,math,math_569,train,remove,C0_exact,math_copy
pairs_math_v2.csv,325,math,math_569,train,remove,C2_answer_bearing,math_solution_frag
pairs_math_v2.csv,326,math,math_569,train,retain,H2_perturb_simple,math_perturb_simple
pairs_math_v2.csv,327,math,math_569,train,retain,H2_perturb_hard,math_perturb_hard
pairs_math_v2.csv,328,math,math_569,train,retain,H1_same_topic,math_same_type
pairs_math_v2.csv,329,math,math_569,train,retain,R_random,math_random
pairs_math_v2.csv,342,math,math_600,train,remove,C0_exact,math_copy
pairs_math_v2.csv,343,math,math_600,train,remove,C2_answer_bearing,math_solution_frag
pairs_math_v2.csv,344,math,math_600,train,retain,H2_perturb_simple,math_perturb_simple
pairs_math_v2.csv,345,math,math_600,train,retain,H2_perturb_hard,math_perturb_hard
pairs_math_v2.csv,346,math,math_600,train,retain,H1_same_topic,math_same_type
pairs_math_v2.csv,347,math,math_600,train,retain,R_random,math_random
pairs_math_v2.csv,360,math,math_636,train,remove,C0_exact,math_copy
pairs_math_v2.csv,361,math,math_636,train,remove,C2_answer_bearing,math_solution_frag
pairs_math_v2.csv,362,math,math_636,train,retain,H2_perturb_simple,math_perturb_simple
pairs_math_v2.csv,363,math,math_636,train,retain,H2_perturb_hard,math_perturb_hard
pairs_math_v2.csv,364,math,math_636,train,retain,H1_same_topic,math_same_type
pairs_math_v2.csv,365,math,math_636,train,retain,R_random,math_random
pairs_math_v2.csv,378,math,math_728,train,remove,C0_exact,math_copy
pairs_math_v2.csv,379,math,math_728,train,remove,C2_answer_bearing,math_solution_frag
pairs_math_v2.csv,380,math,math_728,train,retain,H2_perturb_simple,math_perturb_simple
pairs_math_v2.csv,381,math,math_728,train,retain,H2_perturb_hard,math_perturb_hard
pairs_math_v2.csv,382,math,math_728,train,retain,H1_same_topic,math_same_type
pairs_math_v2.csv,383,math,math_728,train,retain,R_random,math_random
pairs_math_v2.csv,396,math,math_733,train,remove,C0_exact,math_copy
pairs_math_v2.csv,397,math,math_733,train,remove,C2_answer_bearing,math_solution_frag
pairs_math_v2.csv,398,math,math_733,train,retain,H2_perturb_simple,math_perturb_simple
pairs_math_v2.csv,399,math,math_733,train,retain,H2_perturb_hard,math_perturb_hard
pairs_math_v2.csv,400,math,math_733,train,retain,H1_same_topic,math_same_type
pairs_math_v2.csv,401,math,math_733,train,retain,R_random,math_random
pairs_math_v2.csv,420,math,math_739,train,remove,C0_exact,math_copy
pairs_math_v2.csv,421,math,math_739,train,remove,C2_answer_bearing,math_solution_frag
pairs_math_v2.csv,422,math,math_739,train,retain,H2_perturb_simple,math_perturb_simple
pairs_math_v2.csv,423,math,math_739,train,retain,H2_perturb_hard,math_perturb_hard
pairs_math_v2.csv,424,math,math_739,train,retain,H1_same_topic,math_same_type
pairs_math_v2.csv,425,math,math_739,train,retain,R_random,math_random
pairs_math_v2.csv,438,math,math_746,train,remove,C0_exact,math_copy
pairs_math_v2.csv,439,math,math_746,train,remove,C2_answer_bearing,math_solution_frag
pairs_math_v2.csv,440,math,math_746,train,retain,H2_perturb_simple,math_perturb_simple
pairs_math_v2.csv,441,math,math_746,train,retain,H2_perturb_hard,math_perturb_hard
pairs_math_v2.csv,442,math,math_746,train,retain,H1_same_topic,math_same_type
pairs_math_v2.csv,443,math,math_746,train,retain,R_random,math_random
pairs_math_v2.csv,462,math,math_751,train,remove,C0_exact,math_copy
pairs_math_v2.csv,463,math,math_751,train,remove,C2_answer_bearing,math_solution_frag
pairs_math_v2.csv,464,math,math_751,train,retain,H2_perturb_simple,math_perturb_simple
pairs_math_v2.csv,465,math,math_751,train,retain,H2_perturb_hard,math_perturb_hard
pairs_math_v2.csv,466,math,math_751,train,retain,H1_same_topic,math_same_type
pairs_math_v2.csv,467,math,math_751,train,retain,R_random,math_random
pairs_math_v2.csv,492,math,math_847,train,remove,C0_exact,math_copy
pairs_math_v2.csv,493,math,math_847,train,remove,C2_answer_bearing,math_solution_frag
pairs_math_v2.csv,494,math,math_847,train,retain,H2_perturb_simple,math_perturb_simple
pairs_math_v2.csv,495,math,math_847,train,retain,H2_perturb_hard,math_perturb_hard
pairs_math_v2.csv,496,math,math_847,train,retain,H1_same_topic,math_same_type
pairs_math_v2.csv,497,math,math_847,train,retain,R_random,math_random
pairs_math_v2.csv,498,math,math_966,train,remove,C0_exact,math_copy
pairs_math_v2.csv,499,math,math_966,train,remove,C2_answer_bearing,math_solution_frag
pairs_math_v2.csv,500,math,math_966,train,retain,H2_perturb_simple,math_perturb_simple
pairs_math_v2.csv,501,math,math_966,train,retain,H2_perturb_hard,math_perturb_hard
pairs_math_v2.csv,502,math,math_966,train,retain,H1_same_topic,math_same_type
pairs_math_v2.csv,503,math,math_966,train,retain,R_random,math_random
pairs_math_v2.csv,504,math,math_968,train,remove,C0_exact,math_copy
pairs_math_v2.csv,505,math,math_968,train,remove,C2_answer_bearing,math_solution_frag
pairs_math_v2.csv,506,math,math_968,train,retain,H2_perturb_simple,math_perturb_simple
pairs_math_v2.csv,507,math,math_968,train,retain,H2_perturb_hard,math_perturb_hard
pairs_math_v2.csv,508,math,math_968,train,retain,H1_same_topic,math_same_type
pairs_math_v2.csv,509,math,math_968,train,retain,R_random,math_random
pairs_math_v2.csv,522,math,math_974,train,remove,C0_exact,math_copy
pairs_math_v2.csv,523,math,math_974,train,remove,C2_answer_bearing,math_solution_frag
pairs_math_v2.csv,524,math,math_974,train,retain,H2_perturb_simple,math_perturb_simple
pairs_math_v2.csv,525,math,math_974,train,retain,H2_perturb_hard,math_perturb_hard
pairs_math_v2.csv,526,math,math_974,train,retain,H1_same_topic,math_same_type
pairs_math_v2.csv,527,math,math_974,train,retain,R_random,math_random
pairs_math_v2.csv,528,math,math_975,train,remove,C0_exact,math_copy
pairs_math_v2.csv,529,math,math_975,train,remove,C2_answer_bearing,math_solution_frag
pairs_math_v2.csv,530,math,math_975,train,retain,H2_perturb_simple,math_perturb_simple
pairs_math_v2.csv,531,math,math_975,train,retain,H2_perturb_hard,math_perturb_hard
pairs_math_v2.csv,532,math,math_975,train,retain,H1_same_topic,math_same_type
pairs_math_v2.csv,533,math,math_975,train,retain,R_random,math_random
pairs_math_v2.csv,540,math,math_978,train,remove,C0_exact,math_copy
pairs_math_v2.csv,541,math,math_978,train,remove,C2_answer_bearing,math_solution_frag
pairs_math_v2.csv,542,math,math_978,train,retain,H2_perturb_simple,math_perturb_simple
pairs_math_v2.csv,543,math,math_978,train,retain,H2_perturb_hard,math_perturb_hard
pairs_math_v2.csv,544,math,math_978,train,retain,H1_same_topic,math_same_type
pairs_math_v2.csv,545,math,math_978,train,retain,R_random,math_random
pairs_math_v2.csv,546,math,math_980,train,remove,C0_exact,math_copy
pairs_math_v2.csv,547,math,math_980,train,remove,C2_answer_bearing,math_solution_frag
pairs_math_v2.csv,548,math,math_980,train,retain,H2_perturb_simple,math_perturb_simple
pairs_math_v2.csv,549,math,math_980,train,retain,H2_perturb_hard,math_perturb_hard
pairs_math_v2.csv,550,math,math_980,train,retain,H1_same_topic,math_same_type
pairs_math_v2.csv,551,math,math_980,train,retain,R_random,math_random
pairs_math_v2.csv,552,math,math_981,train,remove,C0_exact,math_copy
pairs_math_v2.csv,553,math,math_981,train,remove,C2_answer_bearing,math_solution_frag
pairs_math_v2.csv,554,math,math_981,train,retain,H2_perturb_simple,math_perturb_simple
pairs_math_v2.csv,555,math,math_981,train,retain,H2_perturb_hard,math_perturb_hard
pairs_math_v2.csv,556,math,math_981,train,retain,H1_same_topic,math_same_type
pairs_math_v2.csv,557,math,math_981,train,retain,R_random,math_random
pairs_math_v2.csv,570,math,math_985,train,remove,C0_exact,math_copy
pairs_math_v2.csv,571,math,math_985,train,remove,C2_answer_bearing,math_solution_frag
pairs_math_v2.csv,572,math,math_985,train,retain,H2_perturb_simple,math_perturb_simple
pairs_math_v2.csv,573,math,math_985,train,retain,H2_perturb_hard,math_perturb_hard
pairs_math_v2.csv,574,math,math_985,train,retain,H1_same_topic,math_same_type
pairs_math_v2.csv,575,math,math_985,train,retain,R_random,math_random
pairs_math_v2.csv,582,math,math_990,train,remove,C0_exact,math_copy
pairs_math_v2.csv,583,math,math_990,train,remove,C2_answer_bearing,math_solution_frag
pairs_math_v2.csv,584,math,math_990,train,retain,H2_perturb_simple,math_perturb_simple
pairs_math_v2.csv,585,math,math_990,train,retain,H2_perturb_hard,math_perturb_hard
pairs_math_v2.csv,586,math,math_990,train,retain,H1_same_topic,math_same_type
pairs_math_v2.csv,587,math,math_990,train,retain,R_random,math_random
pairs_math_v2.csv,612,math,math_1002,train,remove,C0_exact,math_copy
pairs_math_v2.csv,613,math,math_1002,train,remove,C2_answer_bearing,math_solution_frag
pairs_math_v2.csv,614,math,math_1002,train,retain,H2_perturb_simple,math_perturb_simple
pairs_math_v2.csv,615,math,math_1002,train,retain,H2_perturb_hard,math_perturb_hard
pairs_math_v2.csv,616,math,math_1002,train,retain,H1_same_topic,math_same_type
pairs_math_v2.csv,617,math,math_1002,train,retain,R_random,math_random
pairs_math_v2.csv,636,math,math_1207,train,remove,C0_exact,math_copy
pairs_math_v2.csv,637,math,math_1207,train,remove,C2_answer_bearing,math_solution_frag
pairs_math_v2.csv,638,math,math_1207,train,retain,H2_perturb_simple,math_perturb_simple
pairs_math_v2.csv,639,math,math_1207,train,retain,H2_perturb_hard,math_perturb_hard
pairs_math_v2.csv,640,math,math_1207,train,retain,H1_same_topic,math_same_type
pairs_math_v2.csv,641,math,math_1207,train,retain,R_random,math_random
pairs_math_v2.csv,660,math,math_1213,train,remove,C0_exact,math_copy
pairs_math_v2.csv,661,math,math_1213,train,remove,C2_answer_bearing,math_solution_frag
pairs_math_v2.csv,662,math,math_1213,train,retain,H2_perturb_simple,math_perturb_simple
pairs_math_v2.csv,663,math,math_1213,train,retain,H2_perturb_hard,math_perturb_hard
pairs_math_v2.csv,664,math,math_1213,train,retain,H1_same_topic,math_same_type
pairs_math_v2.csv,665,math,math_1213,train,retain,R_random,math_random
pairs_math_v2.csv,672,math,math_1215,train,remove,C0_exact,math_copy
pairs_math_v2.csv,673,math,math_1215,train,remove,C2_answer_bearing,math_solution_frag
pairs_math_v2.csv,674,math,math_1215,train,retain,H2_perturb_simple,math_perturb_simple
pairs_math_v2.csv,675,math,math_1215,train,retain,H2_perturb_hard,math_perturb_hard
pairs_math_v2.csv,676,math,math_1215,train,retain,H1_same_topic,math_same_type
pairs_math_v2.csv,677,math,math_1215,train,retain,R_random,math_random
pairs_math_v2.csv,678,math,math_1216,train,remove,C0_exact,math_copy
pairs_math_v2.csv,679,math,math_1216,train,remove,C2_answer_bearing,math_solution_frag
pairs_math_v2.csv,680,math,math_1216,train,retain,H2_perturb_simple,math_perturb_simple
pairs_math_v2.csv,681,math,math_1216,train,retain,H2_perturb_hard,math_perturb_hard
pairs_math_v2.csv,682,math,math_1216,train,retain,H1_same_topic,math_same_type
pairs_math_v2.csv,683,math,math_1216,train,retain,R_random,math_random
pairs_math_v2.csv,684,math,math_1217,train,remove,C0_exact,math_copy
pairs_math_v2.csv,685,math,math_1217,train,remove,C2_answer_bearing,math_solution_frag
pairs_math_v2.csv,686,math,math_1217,train,retain,H2_perturb_simple,math_perturb_simple
pairs_math_v2.csv,687,math,math_1217,train,retain,H2_perturb_hard,math_perturb_hard
pairs_math_v2.csv,688,math,math_1217,train,retain,H1_same_topic,math_same_type
pairs_math_v2.csv,689,math,math_1217,train,retain,R_random,math_random
pairs_math_v2.csv,690,math,math_1218,train,remove,C0_exact,math_copy
pairs_math_v2.csv,691,math,math_1218,train,remove,C2_answer_bearing,math_solution_frag
pairs_math_v2.csv,692,math,math_1218,train,retain,H2_perturb_simple,math_perturb_simple
pairs_math_v2.csv,693,math,math_1218,train,retain,H2_perturb_hard,math_perturb_hard
pairs_math_v2.csv,694,math,math_1218,train,retain,H1_same_topic,math_same_type
pairs_math_v2.csv,695,math,math_1218,train,retain,R_random,math_random
pairs_math_v2.csv,744,math,math_1228,train,remove,C0_exact,math_copy
pairs_math_v2.csv,745,math,math_1228,train,remove,C2_answer_bearing,math_solution_frag
pairs_math_v2.csv,746,math,math_1228,train,retain,H2_perturb_simple,math_perturb_simple
pairs_math_v2.csv,747,math,math_1228,train,retain,H2_perturb_hard,math_perturb_hard
pairs_math_v2.csv,748,math,math_1228,train,retain,H1_same_topic,math_same_type
pairs_math_v2.csv,749,math,math_1228,train,retain,R_random,math_random
pairs_math_v2.csv,750,math,math_1229,train,remove,C0_exact,math_copy
pairs_math_v2.csv,751,math,math_1229,train,remove,C2_answer_bearing,math_solution_frag
pairs_math_v2.csv,752,math,math_1229,train,retain,H2_perturb_simple,math_perturb_simple
pairs_math_v2.csv,753,math,math_1229,train,retain,H2_perturb_hard,math_perturb_hard
pairs_math_v2.csv,754,math,math_1229,train,retain,H1_same_topic,math_same_type
pairs_math_v2.csv,755,math,math_1229,train,retain,R_random,math_random
pairs_math_v2.csv,756,math,math_1230,train,remove,C0_exact,math_copy
pairs_math_v2.csv,757,math,math_1230,train,remove,C2_answer_bearing,math_solution_frag
pairs_math_v2.csv,758,math,math_1230,train,retain,H2_perturb_simple,math_perturb_simple
pairs_math_v2.csv,759,math,math_1230,train,retain,H2_perturb_hard,math_perturb_hard
pairs_math_v2.csv,760,math,math_1230,train,retain,H1_same_topic,math_same_type
pairs_math_v2.csv,761,math,math_1230,train,retain,R_random,math_random
pairs_math_v2.csv,774,math,math_1691,train,remove,C0_exact,math_copy
pairs_math_v2.csv,775,math,math_1691,train,remove,C2_answer_bearing,math_solution_frag
pairs_math_v2.csv,776,math,math_1691,train,retain,H2_perturb_simple,math_perturb_simple
pairs_math_v2.csv,777,math,math_1691,train,retain,H2_perturb_hard,math_perturb_hard
pairs_math_v2.csv,778,math,math_1691,train,retain,H1_same_topic,math_same_type
pairs_math_v2.csv,779,math,math_1691,train,retain,R_random,math_random
pairs_math_v2.csv,780,math,math_1693,train,remove,C0_exact,math_copy
pairs_math_v2.csv,781,math,math_1693,train,remove,C2_answer_bearing,math_solution_frag
pairs_math_v2.csv,782,math,math_1693,train,retain,H2_perturb_simple,math_perturb_simple
pairs_math_v2.csv,783,math,math_1693,train,retain,H2_perturb_hard,math_perturb_hard
pairs_math_v2.csv,784,math,math_1693,train,retain,H1_same_topic,math_same_type
pairs_math_v2.csv,785,math,math_1693,train,retain,R_random,math_random
pairs_math_v2.csv,786,math,math_1694,train,remove,C0_exact,math_copy
pairs_math_v2.csv,787,math,math_1694,train,remove,C2_answer_bearing,math_solution_frag
pairs_math_v2.csv,788,math,math_1694,train,retain,H2_perturb_simple,math_perturb_simple
pairs_math_v2.csv,789,math,math_1694,train,retain,H2_perturb_hard,math_perturb_hard
pairs_math_v2.csv,790,math,math_1694,train,retain,H1_same_topic,math_same_type
pairs_math_v2.csv,791,math,math_1694,train,retain,R_random,math_random
pairs_math_v2.csv,792,math,math_1695,train,remove,C0_exact,math_copy
pairs_math_v2.csv,793,math,math_1695,train,remove,C2_answer_bearing,math_solution_frag
pairs_math_v2.csv,794,math,math_1695,train,retain,H2_perturb_simple,math_perturb_simple
pairs_math_v2.csv,795,math,math_1695,train,retain,H2_perturb_hard,math_perturb_hard
pairs_math_v2.csv,796,math,math_1695,train,retain,H1_same_topic,math_same_type
pairs_math_v2.csv,797,math,math_1695,train,retain,R_random,math_random
pairs_math_v2.csv,798,math,math_1697,train,remove,C0_exact,math_copy
pairs_math_v2.csv,799,math,math_1697,train,remove,C2_answer_bearing,math_solution_frag
pairs_math_v2.csv,800,math,math_1697,train,retain,H2_perturb_simple,math_perturb_simple
pairs_math_v2.csv,801,math,math_1697,train,retain,H2_perturb_hard,math_perturb_hard
pairs_math_v2.csv,802,math,math_1697,train,retain,H1_same_topic,math_same_type
pairs_math_v2.csv,803,math,math_1697,train,retain,R_random,math_random
pairs_math_v2.csv,852,math,math_1722,train,remove,C0_exact,math_copy
pairs_math_v2.csv,853,math,math_1722,train,remove,C2_answer_bearing,math_solution_frag
pairs_math_v2.csv,854,math,math_1722,train,retain,H2_perturb_simple,math_perturb_simple
pairs_math_v2.csv,855,math,math_1722,train,retain,H2_perturb_hard,math_perturb_hard
pairs_math_v2.csv,856,math,math_1722,train,retain,H1_same_topic,math_same_type
pairs_math_v2.csv,857,math,math_1722,train,retain,R_random,math_random
pairs_math_v2.csv,864,math,math_1727,train,remove,C0_exact,math_copy
pairs_math_v2.csv,865,math,math_1727,train,remove,C2_answer_bearing,math_solution_frag
pairs_math_v2.csv,866,math,math_1727,train,retain,H2_perturb_simple,math_perturb_simple
pairs_math_v2.csv,867,math,math_1727,train,retain,H2_perturb_hard,math_perturb_hard
pairs_math_v2.csv,868,math,math_1727,train,retain,H1_same_topic,math_same_type
pairs_math_v2.csv,869,math,math_1727,train,retain,R_random,math_random
pairs_math_v2.csv,876,math,math_1748,train,remove,C0_exact,math_copy
pairs_math_v2.csv,877,math,math_1748,train,remove,C2_answer_bearing,math_solution_frag
pairs_math_v2.csv,878,math,math_1748,train,retain,H2_perturb_simple,math_perturb_simple
pairs_math_v2.csv,879,math,math_1748,train,retain,H2_perturb_hard,math_perturb_hard
pairs_math_v2.csv,880,math,math_1748,train,retain,H1_same_topic,math_same_type
pairs_math_v2.csv,881,math,math_1748,train,retain,R_random,math_random
pairs_math_v2.csv,882,math,math_1939,train,remove,C0_exact,math_copy
pairs_math_v2.csv,883,math,math_1939,train,remove,C2_answer_bearing,math_solution_frag
pairs_math_v2.csv,884,math,math_1939,train,retain,H2_perturb_simple,math_perturb_simple
pairs_math_v2.csv,885,math,math_1939,train,retain,H2_perturb_hard,math_perturb_hard
pairs_math_v2.csv,886,math,math_1939,train,retain,H1_same_topic,math_same_type
pairs_math_v2.csv,887,math,math_1939,train,retain,R_random,math_random
pairs_math_v2.csv,888,math,math_1940,train,remove,C0_exact,math_copy
pairs_math_v2.csv,889,math,math_1940,train,remove,C2_answer_bearing,math_solution_frag
pairs_math_v2.csv,890,math,math_1940,train,retain,H2_perturb_simple,math_perturb_simple
pairs_math_v2.csv,891,math,math_1940,train,retain,H2_perturb_hard,math_perturb_hard
pairs_math_v2.csv,892,math,math_1940,train,retain,H1_same_topic,math_same_type
pairs_math_v2.csv,893,math,math_1940,train,retain,R_random,math_random
pairs_math_v2.csv,894,math,math_1958,train,remove,C0_exact,math_copy
pairs_math_v2.csv,895,math,math_1958,train,remove,C2_answer_bearing,math_solution_frag
pairs_math_v2.csv,896,math,math_1958,train,retain,H2_perturb_simple,math_perturb_simple
pairs_math_v2.csv,897,math,math_1958,train,retain,H2_perturb_hard,math_perturb_hard
pairs_math_v2.csv,898,math,math_1958,train,retain,H1_same_topic,math_same_type
pairs_math_v2.csv,899,math,math_1958,train,retain,R_random,math_random
pairs_math_v2.csv,906,math,math_1961,train,remove,C0_exact,math_copy
pairs_math_v2.csv,907,math,math_1961,train,remove,C2_answer_bearing,math_solution_frag
pairs_math_v2.csv,908,math,math_1961,train,retain,H2_perturb_simple,math_perturb_simple
pairs_math_v2.csv,909,math,math_1961,train,retain,H2_perturb_hard,math_perturb_hard
pairs_math_v2.csv,910,math,math_1961,train,retain,H1_same_topic,math_same_type
pairs_math_v2.csv,911,math,math_1961,train,retain,R_random,math_random
pairs_math_v2.csv,954,math,math_2032,train,remove,C0_exact,math_copy
pairs_math_v2.csv,955,math,math_2032,train,remove,C2_answer_bearing,math_solution_frag
pairs_math_v2.csv,956,math,math_2032,train,retain,H2_perturb_simple,math_perturb_simple
pairs_math_v2.csv,957,math,math_2032,train,retain,H2_perturb_hard,math_perturb_hard
pairs_math_v2.csv,958,math,math_2032,train,retain,H1_same_topic,math_same_type
pairs_math_v2.csv,959,math,math_2032,train,retain,R_random,math_random
pairs_math_v2.csv,978,math,math_2072,train,remove,C0_exact,math_copy
pairs_math_v2.csv,979,math,math_2072,train,remove,C2_answer_bearing,math_solution_frag
pairs_math_v2.csv,980,math,math_2072,train,retain,H2_perturb_simple,math_perturb_simple
pairs_math_v2.csv,981,math,math_2072,train,retain,H2_perturb_hard,math_perturb_hard
pairs_math_v2.csv,982,math,math_2072,train,retain,H1_same_topic,math_same_type
pairs_math_v2.csv,983,math,math_2072,train,retain,R_random,math_random
pairs_math_v2.csv,990,math,math_2100,train,remove,C0_exact,math_copy
pairs_math_v2.csv,991,math,math_2100,train,remove,C2_answer_bearing,math_solution_frag
pairs_math_v2.csv,992,math,math_2100,train,retain,H2_perturb_simple,math_perturb_simple
pairs_math_v2.csv,993,math,math_2100,train,retain,H2_perturb_hard,math_perturb_hard
pairs_math_v2.csv,994,math,math_2100,train,retain,H1_same_topic,math_same_type
pairs_math_v2.csv,995,math,math_2100,train,retain,R_random,math_random
pairs_math_v2.csv,1002,math,math_2120,train,remove,C0_exact,math_copy
pairs_math_v2.csv,1003,math,math_2120,train,remove,C2_answer_bearing,math_solution_frag
pairs_math_v2.csv,1004,math,math_2120,train,retain,H2_perturb_simple,math_perturb_simple
pairs_math_v2.csv,1005,math,math_2120,train,retain,H2_perturb_hard,math_perturb_hard
pairs_math_v2.csv,1006,math,math_2120,train,retain,H1_same_topic,math_same_type
pairs_math_v2.csv,1007,math,math_2120,train,retain,R_random,math_random
pairs_math_v2.csv,1008,math,math_2170,train,remove,C0_exact,math_copy
pairs_math_v2.csv,1009,math,math_2170,train,remove,C2_answer_bearing,math_solution_frag
pairs_math_v2.csv,1010,math,math_2170,train,retain,H2_perturb_simple,math_perturb_simple
pairs_math_v2.csv,1011,math,math_2170,train,retain,H2_perturb_hard,math_perturb_hard
pairs_math_v2.csv,1012,math,math_2170,train,retain,H1_same_topic,math_same_type
pairs_math_v2.csv,1013,math,math_2170,train,retain,R_random,math_random
pairs_math_v2.csv,1014,math,math_2172,train,remove,C0_exact,math_copy
pairs_math_v2.csv,1015,math,math_2172,train,remove,C2_answer_bearing,math_solution_frag
pairs_math_v2.csv,1016,math,math_2172,train,retain,H2_perturb_simple,math_perturb_simple
pairs_math_v2.csv,1017,math,math_2172,train,retain,H2_perturb_hard,math_perturb_hard
pairs_math_v2.csv,1018,math,math_2172,train,retain,H1_same_topic,math_same_type
pairs_math_v2.csv,1019,math,math_2172,train,retain,R_random,math_random
pairs_math_v2.csv,1032,math,math_2175,train,remove,C0_exact,math_copy
pairs_math_v2.csv,1033,math,math_2175,train,remove,C2_answer_bearing,math_solution_frag
pairs_math_v2.csv,1034,math,math_2175,train,retain,H2_perturb_simple,math_perturb_simple
pairs_math_v2.csv,1035,math,math_2175,train,retain,H2_perturb_hard,math_perturb_hard
pairs_math_v2.csv,1036,math,math_2175,train,retain,H1_same_topic,math_same_type
pairs_math_v2.csv,1037,math,math_2175,train,retain,R_random,math_random
pairs_math_v2.csv,1038,math,math_2176,train,remove,C0_exact,math_copy
pairs_math_v2.csv,1039,math,math_2176,train,remove,C2_answer_bearing,math_solution_frag
pairs_math_v2.csv,1040,math,math_2176,train,retain,H2_perturb_simple,math_perturb_simple
pairs_math_v2.csv,1041,math,math_2176,train,retain,H2_perturb_hard,math_perturb_hard
pairs_math_v2.csv,1042,math,math_2176,train,retain,H1_same_topic,math_same_type
pairs_math_v2.csv,1043,math,math_2176,train,retain,R_random,math_random
pairs_math_v2.csv,1050,math,math_2179,train,remove,C0_exact,math_copy
pairs_math_v2.csv,1051,math,math_2179,train,remove,C2_answer_bearing,math_solution_frag
pairs_math_v2.csv,1052,math,math_2179,train,retain,H2_perturb_simple,math_perturb_simple
pairs_math_v2.csv,1053,math,math_2179,train,retain,H2_perturb_hard,math_perturb_hard
pairs_math_v2.csv,1054,math,math_2179,train,retain,H1_same_topic,math_same_type
pairs_math_v2.csv,1055,math,math_2179,train,retain,R_random,math_random
pairs_math_v2.csv,1056,math,math_2180,train,remove,C0_exact,math_copy
pairs_math_v2.csv,1057,math,math_2180,train,remove,C2_answer_bearing,math_solution_frag
pairs_math_v2.csv,1058,math,math_2180,train,retain,H2_perturb_simple,math_perturb_simple
pairs_math_v2.csv,1059,math,math_2180,train,retain,H2_perturb_hard,math_perturb_hard
pairs_math_v2.csv,1060,math,math_2180,train,retain,H1_same_topic,math_same_type
pairs_math_v2.csv,1061,math,math_2180,train,retain,R_random,math_random
pairs_math_v2.csv,1086,math,math_2185,train,remove,C0_exact,math_copy
pairs_math_v2.csv,1087,math,math_2185,train,remove,C2_answer_bearing,math_solution_frag
pairs_math_v2.csv,1088,math,math_2185,train,retain,H2_perturb_simple,math_perturb_simple
pairs_math_v2.csv,1089,math,math_2185,train,retain,H2_perturb_hard,math_perturb_hard
pairs_math_v2.csv,1090,math,math_2185,train,retain,H1_same_topic,math_same_type
pairs_math_v2.csv,1091,math,math_2185,train,retain,R_random,math_random
pairs_math_v2.csv,1104,math,math_2188,train,remove,C0_exact,math_copy
pairs_math_v2.csv,1105,math,math_2188,train,remove,C2_answer_bearing,math_solution_frag
pairs_math_v2.csv,1106,math,math_2188,train,retain,H2_perturb_simple,math_perturb_simple
pairs_math_v2.csv,1107,math,math_2188,train,retain,H2_perturb_hard,math_perturb_hard
pairs_math_v2.csv,1108,math,math_2188,train,retain,H1_same_topic,math_same_type
pairs_math_v2.csv,1109,math,math_2188,train,retain,R_random,math_random
pairs_math_v2.csv,1110,math,math_2190,train,remove,C0_exact,math_copy
pairs_math_v2.csv,1111,math,math_2190,train,remove,C2_answer_bearing,math_solution_frag
pairs_math_v2.csv,1112,math,math_2190,train,retain,H2_perturb_simple,math_perturb_simple
pairs_math_v2.csv,1113,math,math_2190,train,retain,H2_perturb_hard,math_perturb_hard
pairs_math_v2.csv,1114,math,math_2190,train,retain,H1_same_topic,math_same_type
pairs_math_v2.csv,1115,math,math_2190,train,retain,R_random,math_random
pairs_math_v2.csv,1122,math,math_2194,train,remove,C0_exact,math_copy
pairs_math_v2.csv,1123,math,math_2194,train,remove,C2_answer_bearing,math_solution_frag
pairs_math_v2.csv,1124,math,math_2194,train,retain,H2_perturb_simple,math_perturb_simple
pairs_math_v2.csv,1125,math,math_2194,train,retain,H2_perturb_hard,math_perturb_hard
pairs_math_v2.csv,1126,math,math_2194,train,retain,H1_same_topic,math_same_type
pairs_math_v2.csv,1127,math,math_2194,train,retain,R_random,math_random
pairs_math_v2.csv,1128,math,math_2195,train,remove,C0_exact,math_copy
pairs_math_v2.csv,1129,math,math_2195,train,remove,C2_answer_bearing,math_solution_frag
pairs_math_v2.csv,1130,math,math_2195,train,retain,H2_perturb_simple,math_perturb_simple
pairs_math_v2.csv,1131,math,math_2195,train,retain,H2_perturb_hard,math_perturb_hard
pairs_math_v2.csv,1132,math,math_2195,train,retain,H1_same_topic,math_same_type
pairs_math_v2.csv,1133,math,math_2195,train,retain,R_random,math_random
pairs_math_v2.csv,1152,math,math_2413,train,remove,C0_exact,math_copy
pairs_math_v2.csv,1153,math,math_2413,train,remove,C2_answer_bearing,math_solution_frag
pairs_math_v2.csv,1154,math,math_2413,train,retain,H2_perturb_simple,math_perturb_simple
pairs_math_v2.csv,1155,math,math_2413,train,retain,H2_perturb_hard,math_perturb_hard
pairs_math_v2.csv,1156,math,math_2413,train,retain,H1_same_topic,math_same_type
pairs_math_v2.csv,1157,math,math_2413,train,retain,R_random,math_random
pairs_math_v2.csv,1176,math,math_2419,train,remove,C0_exact,math_copy
pairs_math_v2.csv,1177,math,math_2419,train,remove,C2_answer_bearing,math_solution_frag
pairs_math_v2.csv,1178,math,math_2419,train,retain,H2_perturb_simple,math_perturb_simple
pairs_math_v2.csv,1179,math,math_2419,train,retain,H2_perturb_hard,math_perturb_hard
pairs_math_v2.csv,1180,math,math_2419,train,retain,H1_same_topic,math_same_type
pairs_math_v2.csv,1181,math,math_2419,train,retain,R_random,math_random
pairs_math_v2.csv,1182,math,math_2422,train,remove,C0_exact,math_copy
pairs_math_v2.csv,1183,math,math_2422,train,remove,C2_answer_bearing,math_solution_frag
pairs_math_v2.csv,1184,math,math_2422,train,retain,H2_perturb_simple,math_perturb_simple
pairs_math_v2.csv,1185,math,math_2422,train,retain,H2_perturb_hard,math_perturb_hard
pairs_math_v2.csv,1186,math,math_2422,train,retain,H1_same_topic,math_same_type
pairs_math_v2.csv,1187,math,math_2422,train,retain,R_random,math_random
pairs_math_v2.csv,1230,math,math_2431,train,remove,C0_exact,math_copy
pairs_math_v2.csv,1231,math,math_2431,train,remove,C2_answer_bearing,math_solution_frag
pairs_math_v2.csv,1232,math,math_2431,train,retain,H2_perturb_simple,math_perturb_simple
pairs_math_v2.csv,1233,math,math_2431,train,retain,H2_perturb_hard,math_perturb_hard
pairs_math_v2.csv,1234,math,math_2431,train,retain,H1_same_topic,math_same_type
pairs_math_v2.csv,1235,math,math_2431,train,retain,R_random,math_random
pairs_math_v2.csv,1242,math,math_2433,train,remove,C0_exact,math_copy
pairs_math_v2.csv,1243,math,math_2433,train,remove,C2_answer_bearing,math_solution_frag
pairs_math_v2.csv,1244,math,math_2433,train,retain,H2_perturb_simple,math_perturb_simple
pairs_math_v2.csv,1245,math,math_2433,train,retain,H2_perturb_hard,math_perturb_hard
pairs_math_v2.csv,1246,math,math_2433,train,retain,H1_same_topic,math_same_type
pairs_math_v2.csv,1247,math,math_2433,train,retain,R_random,math_random
pairs_math_v2.csv,1260,math,math_2436,train,remove,C0_exact,math_copy
pairs_math_v2.csv,1261,math,math_2436,train,remove,C2_answer_bearing,math_solution_frag
pairs_math_v2.csv,1262,math,math_2436,train,retain,H2_perturb_simple,math_perturb_simple
pairs_math_v2.csv,1263,math,math_2436,train,retain,H2_perturb_hard,math_perturb_hard
pairs_math_v2.csv,1264,math,math_2436,train,retain,H1_same_topic,math_same_type
pairs_math_v2.csv,1265,math,math_2436,train,retain,R_random,math_random
pairs_math_v2.csv,1266,math,math_2437,train,remove,C0_exact,math_copy
pairs_math_v2.csv,1267,math,math_2437,train,remove,C2_answer_bearing,math_solution_frag
pairs_math_v2.csv,1268,math,math_2437,train,retain,H2_perturb_simple,math_perturb_simple
pairs_math_v2.csv,1269,math,math_2437,train,retain,H2_perturb_hard,math_perturb_hard
pairs_math_v2.csv,1270,math,math_2437,train,retain,H1_same_topic,math_same_type
pairs_math_v2.csv,1271,math,math_2437,train,retain,R_random,math_random
pairs_math_v2.csv,1278,math,math_2439,train,remove,C0_exact,math_copy
pairs_math_v2.csv,1279,math,math_2439,train,remove,C2_answer_bearing,math_solution_frag
pairs_math_v2.csv,1280,math,math_2439,train,retain,H2_perturb_simple,math_perturb_simple
pairs_math_v2.csv,1281,math,math_2439,train,retain,H2_perturb_hard,math_perturb_hard
pairs_math_v2.csv,1282,math,math_2439,train,retain,H1_same_topic,math_same_type
pairs_math_v2.csv,1283,math,math_2439,train,retain,R_random,math_random
pairs_math_v2.csv,1296,math,math_2660,train,remove,C0_exact,math_copy
pairs_math_v2.csv,1297,math,math_2660,train,remove,C2_answer_bearing,math_solution_frag
pairs_math_v2.csv,1298,math,math_2660,train,retain,H2_perturb_simple,math_perturb_simple
pairs_math_v2.csv,1299,math,math_2660,train,retain,H2_perturb_hard,math_perturb_hard
pairs_math_v2.csv,1300,math,math_2660,train,retain,H1_same_topic,math_same_type
pairs_math_v2.csv,1301,math,math_2660,train,retain,R_random,math_random
pairs_math_v2.csv,1302,math,math_2661,train,remove,C0_exact,math_copy
pairs_math_v2.csv,1303,math,math_2661,train,remove,C2_answer_bearing,math_solution_frag
pairs_math_v2.csv,1304,math,math_2661,train,retain,H2_perturb_simple,math_perturb_simple
pairs_math_v2.csv,1305,math,math_2661,train,retain,H2_perturb_hard,math_perturb_hard
pairs_math_v2.csv,1306,math,math_2661,train,retain,H1_same_topic,math_same_type
pairs_math_v2.csv,1307,math,math_2661,train,retain,R_random,math_random
pairs_math_v2.csv,1338,math,math_2675,train,remove,C0_exact,math_copy
pairs_math_v2.csv,1339,math,math_2675,train,remove,C2_answer_bearing,math_solution_frag
pairs_math_v2.csv,1340,math,math_2675,train,retain,H2_perturb_simple,math_perturb_simple
pairs_math_v2.csv,1341,math,math_2675,train,retain,H2_perturb_hard,math_perturb_hard
pairs_math_v2.csv,1342,math,math_2675,train,retain,H1_same_topic,math_same_type
pairs_math_v2.csv,1343,math,math_2675,train,retain,R_random,math_random
pairs_math_v2.csv,1350,math,math_2679,train,remove,C0_exact,math_copy
pairs_math_v2.csv,1351,math,math_2679,train,remove,C2_answer_bearing,math_solution_frag
pairs_math_v2.csv,1352,math,math_2679,train,retain,H2_perturb_simple,math_perturb_simple
pairs_math_v2.csv,1353,math,math_2679,train,retain,H2_perturb_hard,math_perturb_hard
pairs_math_v2.csv,1354,math,math_2679,train,retain,H1_same_topic,math_same_type
pairs_math_v2.csv,1355,math,math_2679,train,retain,R_random,math_random
pairs_math_v2.csv,1356,math,math_2680,train,remove,C0_exact,math_copy
pairs_math_v2.csv,1357,math,math_2680,train,remove,C2_answer_bearing,math_solution_frag
pairs_math_v2.csv,1358,math,math_2680,train,retain,H2_perturb_simple,math_perturb_simple
pairs_math_v2.csv,1359,math,math_2680,train,retain,H2_perturb_hard,math_perturb_hard
pairs_math_v2.csv,1360,math,math_2680,train,retain,H1_same_topic,math_same_type
pairs_math_v2.csv,1361,math,math_2680,train,retain,R_random,math_random
pairs_math_v2.csv,1368,math,math_2683,train,remove,C0_exact,math_copy
pairs_math_v2.csv,1369,math,math_2683,train,remove,C2_answer_bearing,math_solution_frag
pairs_math_v2.csv,1370,math,math_2683,train,retain,H2_perturb_simple,math_perturb_simple
pairs_math_v2.csv,1371,math,math_2683,train,retain,H2_perturb_hard,math_perturb_hard
pairs_math_v2.csv,1372,math,math_2683,train,retain,H1_same_topic,math_same_type
pairs_math_v2.csv,1373,math,math_2683,train,retain,R_random,math_random
pairs_math_v2.csv,1380,math,math_2685,train,remove,C0_exact,math_copy
pairs_math_v2.csv,1381,math,math_2685,train,remove,C2_answer_bearing,math_solution_frag
pairs_math_v2.csv,1382,math,math_2685,train,retain,H2_perturb_simple,math_perturb_simple
pairs_math_v2.csv,1383,math,math_2685,train,retain,H2_perturb_hard,math_perturb_hard
pairs_math_v2.csv,1384,math,math_2685,train,retain,H1_same_topic,math_same_type
pairs_math_v2.csv,1385,math,math_2685,train,retain,R_random,math_random
pairs_math_v2.csv,1386,math,math_3134,train,remove,C0_exact,math_copy
pairs_math_v2.csv,1387,math,math_3134,train,remove,C2_answer_bearing,math_solution_frag
pairs_math_v2.csv,1388,math,math_3134,train,retain,H2_perturb_simple,math_perturb_simple
pairs_math_v2.csv,1389,math,math_3134,train,retain,H2_perturb_hard,math_perturb_hard
pairs_math_v2.csv,1390,math,math_3134,train,retain,H1_same_topic,math_same_type
pairs_math_v2.csv,1391,math,math_3134,train,retain,R_random,math_random
pairs_math_v2.csv,1404,math,math_3140,train,remove,C0_exact,math_copy
pairs_math_v2.csv,1405,math,math_3140,train,remove,C2_answer_bearing,math_solution_frag
pairs_math_v2.csv,1406,math,math_3140,train,retain,H2_perturb_simple,math_perturb_simple
pairs_math_v2.csv,1407,math,math_3140,train,retain,H2_perturb_hard,math_perturb_hard
pairs_math_v2.csv,1408,math,math_3140,train,retain,H1_same_topic,math_same_type
pairs_math_v2.csv,1409,math,math_3140,train,retain,R_random,math_random
pairs_math_v2.csv,1410,math,math_3142,train,remove,C0_exact,math_copy
pairs_math_v2.csv,1411,math,math_3142,train,remove,C2_answer_bearing,math_solution_frag
pairs_math_v2.csv,1412,math,math_3142,train,retain,H2_perturb_simple,math_perturb_simple
pairs_math_v2.csv,1413,math,math_3142,train,retain,H2_perturb_hard,math_perturb_hard
pairs_math_v2.csv,1414,math,math_3142,train,retain,H1_same_topic,math_same_type
pairs_math_v2.csv,1415,math,math_3142,train,retain,R_random,math_random
pairs_math_v2.csv,1416,math,math_3145,train,remove,C0_exact,math_copy
pairs_math_v2.csv,1417,math,math_3145,train,remove,C2_answer_bearing,math_solution_frag
pairs_math_v2.csv,1418,math,math_3145,train,retain,H2_perturb_simple,math_perturb_simple
pairs_math_v2.csv,1419,math,math_3145,train,retain,H2_perturb_hard,math_perturb_hard
pairs_math_v2.csv,1420,math,math_3145,train,retain,H1_same_topic,math_same_type
pairs_math_v2.csv,1421,math,math_3145,train,retain,R_random,math_random
pairs_math_v2.csv,1422,math,math_3146,train,remove,C0_exact,math_copy
pairs_math_v2.csv,1423,math,math_3146,train,remove,C2_answer_bearing,math_solution_frag
pairs_math_v2.csv,1424,math,math_3146,train,retain,H2_perturb_simple,math_perturb_simple
pairs_math_v2.csv,1425,math,math_3146,train,retain,H2_perturb_hard,math_perturb_hard
pairs_math_v2.csv,1426,math,math_3146,train,retain,H1_same_topic,math_same_type
pairs_math_v2.csv,1427,math,math_3146,train,retain,R_random,math_random
pairs_math_v2.csv,1452,math,math_3156,train,remove,C0_exact,math_copy
pairs_math_v2.csv,1453,math,math_3156,train,remove,C2_answer_bearing,math_solution_frag
pairs_math_v2.csv,1454,math,math_3156,train,retain,H2_perturb_simple,math_perturb_simple
pairs_math_v2.csv,1455,math,math_3156,train,retain,H2_perturb_hard,math_perturb_hard
pairs_math_v2.csv,1456,math,math_3156,train,retain,H1_same_topic,math_same_type
pairs_math_v2.csv,1457,math,math_3156,train,retain,R_random,math_random
pairs_math_v2.csv,1458,math,math_3157,train,remove,C0_exact,math_copy
pairs_math_v2.csv,1459,math,math_3157,train,remove,C2_answer_bearing,math_solution_frag
pairs_math_v2.csv,1460,math,math_3157,train,retain,H2_perturb_simple,math_perturb_simple
pairs_math_v2.csv,1461,math,math_3157,train,retain,H2_perturb_hard,math_perturb_hard
pairs_math_v2.csv,1462,math,math_3157,train,retain,H1_same_topic,math_same_type
pairs_math_v2.csv,1463,math,math_3157,train,retain,R_random,math_random
pairs_math_v2.csv,1464,math,math_3158,train,remove,C0_exact,math_copy
pairs_math_v2.csv,1465,math,math_3158,train,remove,C2_answer_bearing,math_solution_frag
pairs_math_v2.csv,1466,math,math_3158,train,retain,H2_perturb_simple,math_perturb_simple
pairs_math_v2.csv,1467,math,math_3158,train,retain,H2_perturb_hard,math_perturb_hard
pairs_math_v2.csv,1468,math,math_3158,train,retain,H1_same_topic,math_same_type
pairs_math_v2.csv,1469,math,math_3158,train,retain,R_random,math_random
pairs_math_v2.csv,1482,math,math_3175,train,remove,C0_exact,math_copy
pairs_math_v2.csv,1483,math,math_3175,train,remove,C2_answer_bearing,math_solution_frag
pairs_math_v2.csv,1484,math,math_3175,train,retain,H2_perturb_simple,math_perturb_simple
pairs_math_v2.csv,1485,math,math_3175,train,retain,H2_perturb_hard,math_perturb_hard
pairs_math_v2.csv,1486,math,math_3175,train,retain,H1_same_topic,math_same_type
pairs_math_v2.csv,1487,math,math_3175,train,retain,R_random,math_random
pairs_math_v2.csv,1494,math,math_3188,train,remove,C0_exact,math_copy
pairs_math_v2.csv,1495,math,math_3188,train,remove,C2_answer_bearing,math_solution_frag
pairs_math_v2.csv,1496,math,math_3188,train,retain,H2_perturb_simple,math_perturb_simple
pairs_math_v2.csv,1497,math,math_3188,train,retain,H2_perturb_hard,math_perturb_hard
pairs_math_v2.csv,1498,math,math_3188,train,retain,H1_same_topic,math_same_type
pairs_math_v2.csv,1499,math,math_3188,train,retain,R_random,math_random
